victim_id,incident_id,incident_date,agency,ori,offense_code,race_group,race,ethnicity,sex,age,resident_status,partner,relationship,location,premise,weapon,injury,attempt_complete
164230020,148870968,2022-01-01,Plano,TX0430600,13B,W,W,N,M,26,,N,ST,Bar/Nightclub,Bar & Nightclub,Personal Weapons,,C
164230080,148871020,2022-01-01,Plano,TX0430600,13B,H,W,H,F,45,R,Y,BG,Residence/Home,Home,Personal Weapons,Minor Injury,C
164230325,148871243,2022-01-01,Plano,TX0430600,13B,B,B,N,F,30,R,Y,BG,Highway/Road/Alley/Street/Sidewalk,Street & Sidewalk,Personal Weapons,Minor Injury,C
166288501,150676657,2022-01-01,Plano,TX0430600,13B,P,P,N,F,37,N,Y,SE,Residence/Home,Home,Personal Weapons,Minor Injury,C
166288581,150676729,2022-01-01,Plano,TX0430600,13B,W,W,N,F,53,R,Y,SE,Residence/Home,Home,Personal Weapons,Minor Injury,C
166288582,150676729,2022-01-01,Plano,TX0430600,13B,W,W,N,F,48,R,N,AQ,Residence/Home,Home,Personal Weapons,Minor Injury,C
166288632,150676763,2022-01-01,Plano,TX0430600,13B,B,B,N,F,34,R,Y,SE,Residence/Home,Home,Personal Weapons,Minor Injury,C
166288671,150676797,2022-01-01,Plano,TX0430600,13B,A,A,N,F,43,R,Y,SE,Residence/Home,Home,Personal Weapons,Minor Injury,C
170372107,154256210,2022-01-01,Plano,TX0430600,13B,H,W,H,F,25,R,N,AQ,Residence/Home,Home,Personal Weapons,,C
187881968,169542952,2022-01-01,Plano,TX0430600,13B,A,A,N,M,44,N,N,ST,Parking/Drop Lot/Garage,Parking Lot,Personal Weapons,,C
164230148,148871085,2022-01-02,Plano,TX0430600,13B,W,W,N,M,30,N,N,ST,Hotel/Motel/Etc.,Hotel & Motel,Personal Weapons,Minor Injury,C
164231434,148872257,2022-01-02,Plano,TX0430600,13B,W,W,N,F,23,R,Y,BG,Highway/Road/Alley/Street/Sidewalk,Street & Sidewalk,Personal Weapons,Minor Injury,C
185944738,167858887,2022-01-04,Plano,TX0430600,13B,H,W,H,F,19,R,N,ST,Highway/Road/Alley/Street/Sidewalk,Street & Sidewalk,Personal Weapons,Minor Injury,C
164230713,148871603,2022-01-07,Plano,TX0430600,13B,B,B,N,M,24,U,N,ST,Bar/Nightclub,Bar & Nightclub,Personal Weapons,,C
164230950,148871794,2022-01-07,Plano,TX0430600,13B,B,B,N,M,41,N,N,OK;VO,Commercial/Office Building,Office Building,Personal Weapons,Minor Injury,C
164230951,148871794,2022-01-07,Plano,TX0430600,13B,B,B,N,F,46,N,N,OK;VO,Commercial/Office Building,Office Building,Personal Weapons,Minor Injury,C
166288794,150676910,2022-01-07,Plano,TX0430600,13B,W,W,N,M,32,N,N,EE,Commercial/Office Building,Office Building,Personal Weapons,Minor Injury,C
164230756,148871631,2022-01-08,Plano,TX0430600,13B,H,W,H,F,21,R,Y,XR,Parking/Drop Lot/Garage,Parking Lot,Personal Weapons,Minor Injury,C
166288880,150676988,2022-01-08,Plano,TX0430600,13B,W,W,N,M,15,R,N,SS,Residence/Home,Home,Personal Weapons,Minor Injury,C
166288881,150676988,2022-01-08,Plano,TX0430600,13B,W,W,N,F,17,R,N,SB,Residence/Home,Home,Personal Weapons,Minor Injury,C
166288889,150676997,2022-01-08,Plano,TX0430600,13B,B,B,N,M,49,R,N,OF,Hotel/Motel/Etc.,Hotel & Motel,Personal Weapons,Minor Injury,C
164230920,148871772,2022-01-09,Plano,TX0430600,13B,H,W,H,F,24,N,Y,XR,Parking/Drop Lot/Garage,Parking Lot,Personal Weapons,,C
164231019,148871866,2022-01-09,Plano,TX0430600,13B,W,W,N,F,21,R,Y,BG,Highway/Road/Alley/Street/Sidewalk,Street & Sidewalk,Personal Weapons,Minor Injury,C
164230866,148871724,2022-01-10,Plano,TX0430600,13B,H,W,H,F,37,N,Y,BG,Specialty Store,Specialty Store,Personal Weapons,Minor Injury,C
166288995,150677093,2022-01-10,Plano,TX0430600,13B,B,B,N,M,10,R,N,AQ,School-Elementary/Secondary,K-12 School,Personal Weapons,Minor Injury,C
167681287,151901953,2022-01-10,Plano,TX0430600,13B,H,W,H,F,42,N,N,AQ,Restaurant,Restaurant,Personal Weapons,,C
164238021,148878286,2022-01-11,Plano,TX0430600,13B,B,B,N,F,49,R,Y,BG,Residence/Home,Home,Personal Weapons,,C
166288946,150677052,2022-01-11,Plano,TX0430600,13B,B,B,N,M,10,R,N,AQ,School-Elementary/Secondary,K-12 School,Personal Weapons,Minor Injury,C
167681120,151901827,2022-01-11,Plano,TX0430600,13B,W,W,N,F,29,N,N,ST,Other/Unknown,Other & Unknown,Personal Weapons,,C
164231115,148871960,2022-01-12,Plano,TX0430600,13B,W,W,N,F,42,R,Y,BG,Residence/Home,Home,Personal Weapons,Minor Injury,C
164231237,148872078,2022-01-12,Plano,TX0430600,13B,B,B,N,F,36,R,N,PA,Residence/Home,Home,Personal Weapons,,C
164231611,148872425,2022-01-12,Plano,TX0430600,13B,A,A,N,F,26,R,Y,SE,Residence/Home,Home,Personal Weapons,Minor Injury,C
164231162,148872007,2022-01-13,Plano,TX0430600,13B,W,W,N,M,71,R,N,OK;VO,Residence/Home,Home,Personal Weapons,,C
164231164,148872007,2022-01-13,Plano,TX0430600,13B,H,W,H,M,20,N,N,OK;VO,Residence/Home,Home,Personal Weapons,,C
164231269,148872111,2022-01-13,Plano,TX0430600,13B,W,W,N,M,33,R,Y,BG,Residence/Home,Home,Personal Weapons,Minor Injury,C
164231360,148872196,2022-01-13,Plano,TX0430600,13B,W,W,N,F,11,R,N,AQ,School-Elementary/Secondary,K-12 School,Personal Weapons,,C
166288846,150676961,2022-01-13,Plano,TX0430600,13B,W,W,N,M,58,R,N,ST,Highway/Road/Alley/Street/Sidewalk,Street & Sidewalk,Personal Weapons,Minor Injury,C
166288901,150677009,2022-01-13,Plano,TX0430600,13B,B,B,N,M,47,R,Y,BG,Parking/Drop Lot/Garage,Parking Lot,Personal Weapons,Minor Injury,C
169211509,153238239,2022-01-13,Plano,TX0430600,13B,H,W,H,F,21,R,N,ST,Highway/Road/Alley/Street/Sidewalk,Street & Sidewalk,Personal Weapons,,C
164231357,148872193,2022-01-14,Plano,TX0430600,13B,A,A,U,F,40,R,Y,SE,Residence/Home,Home,Personal Weapons,Minor Injury,C
164231444,148872266,2022-01-15,Plano,TX0430600,13B,B,B,N,M,29,R,Y,BG,Highway/Road/Alley/Street/Sidewalk,Street & Sidewalk,Personal Weapons,Minor Injury,C
166288797,150676912,2022-01-15,Plano,TX0430600,13B,H,W,H,F,49,R,Y,BG,Residence/Home,Home,Personal Weapons,Minor Injury,C
166288932,150677035,2022-01-15,Plano,TX0430600,13B,W,W,N,F,59,R,Y,SE,Parking/Drop Lot/Garage,Parking Lot,Personal Weapons,Minor Injury,C
164231623,148872431,2022-01-16,Plano,TX0430600,13B,W,W,N,F,24,R,Y,BG,Parking/Drop Lot/Garage,Parking Lot,Personal Weapons,Minor Injury,C
166288966,150677068,2022-01-16,Plano,TX0430600,13B,B,B,N,F,33,R,Y,BG,Parking/Drop Lot/Garage,Parking Lot,Personal Weapons,Minor Injury,C
167681386,151902047,2022-01-16,Plano,TX0430600,13B,W,W,N,F,27,R,Y,SE,Residence/Home,Home,Personal Weapons,Minor Injury,C
167682228,151902791,2022-01-16,Plano,TX0430600,13B,H,W,H,F,34,N,N,ST,Restaurant,Restaurant,Personal Weapons,,C
164231526,148872342,2022-01-17,Plano,TX0430600,13B,H,W,H,F,32,R,Y,XR,Residence/Home,Home,Personal Weapons,Minor Injury,C
164231548,148872365,2022-01-17,Plano,TX0430600,13B,W,W,N,F,23,R,Y,BG,Residence/Home,Home,Personal Weapons,Minor Injury,C
164231639,148872446,2022-01-17,Plano,TX0430600,13B,B,B,N,F,21,U,N,ST,Specialty Store,Specialty Store,Personal Weapons,,C
164231650,148872456,2022-01-17,Plano,TX0430600,13B,W,W,N,M,70,R,Y,SE,Residence/Home,Home,Personal Weapons,Minor Injury,C
164231657,148872462,2022-01-17,Plano,TX0430600,13B,W,W,N,M,29,R,N,SP,Residence/Home,Home,Personal Weapons,Minor Injury,C
166288977,150677077,2022-01-17,Plano,TX0430600,13B,W,W,N,M,40,R,Y,SE,Residence/Home,Home,Personal Weapons,Minor Injury,C
164231696,148872498,2022-01-18,Plano,TX0430600,13B,B,B,N,F,30,R,Y,BG,Residence/Home,Home,Personal Weapons,Minor Injury,C
167681934,151902531,2022-01-18,Plano,TX0430600,13B,W,W,N,M,51,N,N,AQ,School-Elementary/Secondary,K-12 School,Personal Weapons,Minor Injury,C
169211793,153238472,2022-01-18,Plano,TX0430600,13B,W,W,N,M,36,N,N,AQ,School-Elementary/Secondary,K-12 School,Personal Weapons,Minor Injury,C
164231895,148872681,2022-01-19,Plano,TX0430600,13B,W,W,N,M,52,N,N,ST,Hotel/Motel/Etc.,Hotel & Motel,Personal Weapons,Minor Injury,C
164231903,148872690,2022-01-19,Plano,TX0430600,13B,B,B,N,F,50,N,N,OK,Residence/Home,Home,Personal Weapons,Minor Injury,C
166288912,150677019,2022-01-19,Plano,TX0430600,13B,B,B,N,F,38,U,Y,BG,Highway/Road/Alley/Street/Sidewalk,Street & Sidewalk,Personal Weapons,Minor Injury,C
167681462,151902117,2022-01-19,Plano,TX0430600,13B,W,W,N,M,36,N,N,AQ,School-Elementary/Secondary,K-12 School,Personal Weapons,,C
167681463,151902117,2022-01-19,Plano,TX0430600,13B,H,W,H,M,,N,N,AQ,School-Elementary/Secondary,K-12 School,Personal Weapons,,C
169211557,153238271,2022-01-19,Plano,TX0430600,13B,B,B,N,M,15,R,N,ST,Amusement Park,Amusement Park,Personal Weapons,Minor Injury,C
164232196,148872941,2022-01-20,Plano,TX0430600,13B,W,W,N,F,56,R,N,PA,Residence/Home,Home,Personal Weapons,,C
166289003,150677099,2022-01-20,Plano,TX0430600,13B,W,W,N,F,29,N,N,FR;OK;VO,Parking/Drop Lot/Garage,Parking Lot,Personal Weapons,Minor Injury,C
166289004,150677099,2022-01-20,Plano,TX0430600,13B,W,W,N,M,52,N,N,AQ;FR;OK;VO,Parking/Drop Lot/Garage,Parking Lot,Personal Weapons,Minor Injury,C
166289044,150677136,2022-01-20,Plano,TX0430600,13B,B,B,N,F,38,N,N,ST,Residence/Home,Home,Personal Weapons,Minor Injury,C
166289072,150677159,2022-01-20,Plano,TX0430600,13B,B,B,N,F,15,R,N,ST,School-Elementary/Secondary,K-12 School,Personal Weapons,Minor Injury,C
167681489,151902141,2022-01-20,Plano,TX0430600,13B,W,W,N,M,42,R,N,ST,Other/Unknown,Other & Unknown,Personal Weapons,,C
169211642,153238340,2022-01-20,Plano,TX0430600,13B,B,B,N,M,21,R,N,OK,Residence/Home,Home,Personal Weapons,Minor Injury,C
170369807,154254188,2022-01-20,Plano,TX0430600,13B,W,W,N,M,27,N,N,ST,Bar/Nightclub,Bar & Nightclub,Personal Weapons,Minor Injury,C
185937994,167852931,2022-01-20,Plano,TX0430600,13B,W,W,N,F,13,R,N,OK,Residence/Home,Home,Personal Weapons,,C
164232035,148872805,2022-01-21,Plano,TX0430600,13B,W,W,N,F,42,R,Y,BG,Residence/Home,Home,Personal Weapons,,C
164232336,148873068,2022-01-21,Plano,TX0430600,13B,B,B,N,F,50,N,N,ST,Residence/Home,Home,Personal Weapons,,C
166289101,150677188,2022-01-21,Plano,TX0430600,13B,B,B,N,F,20,R,Y,XR,Residence/Home,Home,Personal Weapons,Minor Injury,C
180084306,162733931,2022-01-21,Plano,TX0430600,13B,B,B,N,F,27,R,Y,BG,Parking/Drop Lot/Garage,Parking Lot,Personal Weapons,Minor Injury,C
164232421,148873141,2022-01-22,Plano,TX0430600,13B,W,W,N,M,69,R,N,PA;VO,Residence/Home,Home,Personal Weapons,,C
164232422,148873141,2022-01-22,Plano,TX0430600,13B,W,W,N,M,35,R,N,CH;VO,Residence/Home,Home,Personal Weapons,,C
166289040,150677128,2022-01-22,Plano,TX0430600,13B,H,W,H,F,23,N,Y,BG,Residence/Home,Home,Personal Weapons,,C
166289110,150677196,2022-01-22,Plano,TX0430600,13B,H,W,H,M,36,R,N,ST,Highway/Road/Alley/Street/Sidewalk,Street & Sidewalk,Personal Weapons,,C
167681530,151902179,2022-01-22,Plano,TX0430600,13B,H,W,H,F,29,R,N,SB,Residence/Home,Home,Personal Weapons,Minor Injury,C
167681541,151902188,2022-01-22,Plano,TX0430600,13B,B,B,N,F,43,R,N,PA,Residence/Home,Home,Personal Weapons,Minor Injury,C
164232343,148873074,2022-01-23,Plano,TX0430600,13B,H,W,H,M,44,R,N,CH,Residence/Home,Home,Personal Weapons,Minor Injury,C
164232413,148873134,2022-01-23,Plano,TX0430600,13B,W,W,N,F,20,N,N,ST,Highway/Road/Alley/Street/Sidewalk,Street & Sidewalk,Personal Weapons,,C
164232414,148873134,2022-01-23,Plano,TX0430600,13B,W,W,N,M,20,N,N,ST,Highway/Road/Alley/Street/Sidewalk,Street & Sidewalk,Personal Weapons,,C
164232600,148873305,2022-01-24,Plano,TX0430600,13B,H,W,H,F,20,R,Y,BG,Residence/Home,Home,Personal Weapons,Minor Injury,C
164232734,148873425,2022-01-24,Plano,TX0430600,13B,W,W,N,F,28,N,N,OK,Specialty Store,Specialty Store,Personal Weapons,,C
166289086,150677175,2022-01-24,Plano,TX0430600,13B,B,B,N,F,25,R,Y,BG,Residence/Home,Home,Personal Weapons,Minor Injury,C
166289261,150677328,2022-01-24,Plano,TX0430600,13B,W,W,N,M,49,R,N,NE,Residence/Home,Home,Personal Weapons,Minor Injury,C
167681658,151902292,2022-01-24,Plano,TX0430600,13B,H,W,H,F,24,N,N,CH,Parking/Drop Lot/Garage,Parking Lot,Personal Weapons,Minor Injury,C
178574730,161416780,2022-01-24,Plano,TX0430600,13B,B,B,N,F,13,R,N,OK;VO,School-Elementary/Secondary,K-12 School,Personal Weapons,,C
178574731,161416780,2022-01-24,Plano,TX0430600,13B,B,B,N,F,13,N,N,OK;VO,School-Elementary/Secondary,K-12 School,Personal Weapons,,C
167681773,151902395,2022-01-25,Plano,TX0430600,13B,B,B,N,M,15,,N,AQ;VO,School-Elementary/Secondary,K-12 School,Personal Weapons,,C
167681774,151902395,2022-01-25,Plano,TX0430600,13B,H,W,H,M,15,,N,AQ;VO,School-Elementary/Secondary,K-12 School,Personal Weapons,,C
167681611,151902250,2022-01-26,Plano,TX0430600,13B,B,B,N,F,22,R,Y,BG,Residence/Home,Home,Personal Weapons,Minor Injury,C
164233087,148873757,2022-01-27,Plano,TX0430600,13B,B,B,N,F,25,R,Y,BG,Residence/Home,Home,Personal Weapons,Minor Injury,C
167682030,151902612,2022-01-27,Plano,TX0430600,13B,B,B,N,F,68,R,N,PA,Residence/Home,Home,Personal Weapons,Minor Injury,C
167682010,151902594,2022-01-28,Plano,TX0430600,13B,B,B,N,F,36,R,Y,BG,Hotel/Motel/Etc.,Hotel & Motel,Personal Weapons,Minor Injury,C
164233253,148873918,2022-01-29,Plano,TX0430600,13B,B,B,N,F,35,R,N,FR,Residence/Home,Home,Personal Weapons,,C
166289325,150677390,2022-01-29,Plano,TX0430600,13B,A,A,N,M,55,N,N,ST;VO,Other/Unknown,Other & Unknown,Personal Weapons,Minor Injury,C
166289326,150677390,2022-01-29,Plano,TX0430600,13B,A,A,N,M,28,N,N,AQ;ST,Other/Unknown,Other & Unknown,Personal Weapons,Minor Injury,C
166289328,150677390,2022-01-29,Plano,TX0430600,13B,A,A,U,M,52,N,N,AQ;ST,Other/Unknown,Other & Unknown,Personal Weapons,Minor Injury,C
169211786,153238468,2022-01-29,Plano,TX0430600,13B,B,B,N,F,33,R,Y,BG,Residence/Home,Home,Personal Weapons,Minor Injury,C
169211787,153238468,2022-01-29,Plano,TX0430600,13B,B,B,N,M,35,R,N,AQ,Residence/Home,Home,Personal Weapons,Minor Injury,C
172114632,155772146,2022-01-29,Plano,TX0430600,13B,B,B,N,M,17,R,N,SC,Residence/Home,Home,Personal Weapons,Minor Injury,C
173857010,157298790,2022-01-29,Plano,TX0430600,13B,W,W,N,F,37,R,Y,BG,Residence/Home,Home,Personal Weapons,Minor Injury,C
164233251,148873917,2022-01-30,Plano,TX0430600,13B,W,W,N,M,39,R,Y,BG,Residence/Home,Home,Personal Weapons,,C
166289483,150677537,2022-01-30,Plano,TX0430600,13B,H,W,H,M,31,R,Y,BG,Residence/Home,Home,Personal Weapons,Minor Injury,C
166289528,150677573,2022-01-30,Plano,TX0430600,13B,W,W,N,F,32,R,Y,XR,Residence/Home,Home,Personal Weapons,,C
166289614,150677655,2022-01-30,Plano,TX0430600,13B,H,W,H,F,43,R,N,PA,Residence/Home,Home,Personal Weapons,Minor Injury,C
167681695,151902322,2022-01-30,Plano,TX0430600,13B,A,A,N,F,73,R,N,PA,Residence/Home,Home,Personal Weapons,Minor Injury,C
167681797,151902417,2022-01-30,Plano,TX0430600,13B,W,W,N,F,31,R,Y,BG,Residence/Home,Home,Personal Weapons,Minor Injury,C
166289573,150677619,2022-01-31,Plano,TX0430600,13B,B,B,N,F,25,N,Y,BG,Highway/Road/Alley/Street/Sidewalk,Street & Sidewalk,Personal Weapons,Minor Injury,C
167682059,151902641,2022-01-31,Plano,TX0430600,13B,B,B,N,M,17,,N,AQ;FR;VO,School-Elementary/Secondary,K-12 School,Personal Weapons,,C
167682060,151902641,2022-01-31,Plano,TX0430600,13B,B,B,N,F,16,R,N,AQ;FR,School-Elementary/Secondary,K-12 School,Personal Weapons,Minor Injury,C
167682061,151902641,2022-01-31,Plano,TX0430600,13B,B,B,N,M,16,,N,AQ;FR;VO,School-Elementary/Secondary,K-12 School,Personal Weapons,,C
167682062,151902641,2022-01-31,Plano,TX0430600,13B,B,B,N,M,17,,N,AQ;FR;VO,School-Elementary/Secondary,K-12 School,Personal Weapons,,C
167682064,151902641,2022-01-31,Plano,TX0430600,13B,B,B,N,M,16,,N,AQ;FR;VO,School-Elementary/Secondary,K-12 School,Personal Weapons,Minor Injury,C
166289789,150677820,2022-02-01,Plano,TX0430600,13B,W,W,N,M,39,R,N,ST,Parking/Drop Lot/Garage,Parking Lot,Personal Weapons,Minor Injury,C
167682193,151902761,2022-02-01,Plano,TX0430600,13B,H,W,H,F,40,R,Y,SE,Residence/Home,Home,Personal Weapons,Minor Injury,C
169211609,153238312,2022-02-01,Plano,TX0430600,13B,B,B,N,M,50,R,Y,SE,Residence/Home,Home,Personal Weapons,Minor Injury,C
166289679,150677719,2022-02-02,Plano,TX0430600,13B,H,W,H,M,36,N,N,OK,Hotel/Motel/Etc.,Hotel & Motel,Personal Weapons,Minor Injury,C
166289759,150677791,2022-02-02,Plano,TX0430600,13B,B,B,N,F,27,N,Y,SE,Hotel/Motel/Etc.,Hotel & Motel,Personal Weapons,,C
166289842,150677869,2022-02-02,Plano,TX0430600,13B,H,W,H,M,49,N,N,AQ,Residence/Home,Home,Personal Weapons,Minor Injury,C
167681826,151902442,2022-02-02,Plano,TX0430600,13B,U,U,U,F,14,N,N,OK,Church/Synagogue/Temple/Mosque,Religious Building,Personal Weapons,,C
167682015,151902598,2022-02-02,Plano,TX0430600,13B,B,B,N,F,46,N,N,AQ,School-Elementary/Secondary,K-12 School,Personal Weapons,Minor Injury,C
167682254,151902816,2022-02-02,Plano,TX0430600,13B,A,A,N,F,17,,N,ST;VO,School-Elementary/Secondary,K-12 School,Personal Weapons,,C
167682255,151902816,2022-02-02,Plano,TX0430600,13B,W,W,N,F,16,,N,ST;VO,School-Elementary/Secondary,K-12 School,Personal Weapons,Minor Injury,C
166289899,150677924,2022-02-03,Plano,TX0430600,13B,H,W,H,F,26,R,N,FR,Residence/Home,Home,Personal Weapons,Minor Injury,C
169211700,153238389,2022-02-03,Plano,TX0430600,13B,W,W,N,M,40,R,Y,BG,Residence/Home,Home,Personal Weapons,Minor Injury,C
169211920,153238588,2022-02-03,Plano,TX0430600,13B,A,A,N,F,33,R,Y,SE,Residence/Home,Home,Personal Weapons,Minor Injury,C
169211921,153238588,2022-02-03,Plano,TX0430600,13B,A,A,N,F,55,N,N,OF,Residence/Home,Home,Personal Weapons,Minor Injury,C
166289923,150677944,2022-02-04,Plano,TX0430600,13B,A,A,N,M,63,N,N,ST,Convenience Store,Convenience Store,Personal Weapons,,C
169211755,153238440,2022-02-04,Plano,TX0430600,13B,W,W,N,F,23,R,Y,BG,Residence/Home,Home,Personal Weapons,Minor Injury,C
170370020,154254358,2022-02-04,Plano,TX0430600,13B,B,B,N,M,35,N,N,ST,Shelter-Mission/Homeless,Shelter,Personal Weapons,Minor Injury,C
172109373,155767509,2022-02-04,Plano,TX0430600,13B,B,B,N,F,20,R,Y,BG,Residence/Home,Home,Personal Weapons,Minor Injury,C
166289960,150677979,2022-02-05,Plano,TX0430600,13B,B,B,N,F,40,N,N,AQ,Residence/Home,Home,Personal Weapons,Minor Injury,C
173857020,157298795,2022-02-05,Plano,TX0430600,13B,H,W,H,F,20,N,Y,BG,Residence/Home,Home,Personal Weapons,Minor Injury,C
166290043,150678053,2022-02-06,Plano,TX0430600,13B,H,W,H,F,32,R,Y,SE,Residence/Home,Home,Personal Weapons,,C
169211668,153238362,2022-02-06,Plano,TX0430600,13B,B,B,N,F,20,N,N,SC,Hotel/Motel/Etc.,Hotel & Motel,Personal Weapons,Minor Injury,C
169211682,153238375,2022-02-06,Plano,TX0430600,13B,H,W,H,F,23,R,Y,SE,Residence/Home,Home,Personal Weapons,Minor Injury,C
184330301,166439331,2022-02-06,Plano,TX0430600,13B,B,B,N,F,4,,N,CH,Department/Discount Store,Department Store,Personal Weapons,,C
166290097,150678097,2022-02-07,Plano,TX0430600,13B,W,W,N,M,41,R,N,SB;VO,Residence/Home,Home,Personal Weapons,Minor Injury,C
166290164,150678158,2022-02-07,Plano,TX0430600,13B,W,W,N,M,59,R,N,PA,Residence/Home,Home,Personal Weapons,,C
166290210,150678203,2022-02-07,Plano,TX0430600,13B,H,W,H,F,29,N,Y,SE,Hotel/Motel/Etc.,Hotel & Motel,Personal Weapons,Minor Injury,C
166290373,150678345,2022-02-07,Plano,TX0430600,13B,W,W,N,M,34,N,N,ST,Parking/Drop Lot/Garage,Parking Lot,Personal Weapons,,C
166290259,150678242,2022-02-08,Plano,TX0430600,13B,H,W,H,F,25,R,Y,BG,Residence/Home,Home,Personal Weapons,,C
166290390,150678361,2022-02-08,Plano,TX0430600,13B,H,B,H,F,1,N,N,CH,Residence/Home,Home,Personal Weapons,,C
166290392,150678361,2022-02-08,Plano,TX0430600,13B,H,W,H,F,34,N,Y,XR,Residence/Home,Home,Personal Weapons,Minor Injury,C
166290397,150678361,2022-02-08,Plano,TX0430600,13B,H,B,H,F,0,N,N,CH,Residence/Home,Home,Personal Weapons,Minor Injury,C
166297304,150684647,2022-02-08,Plano,TX0430600,13B,B,B,N,F,35,N,N,ST,Drug Store/Doctor's Office/Hospital,Hospital & Clinic,Personal Weapons,,C
169211758,153238442,2022-02-08,Plano,TX0430600,13B,B,B,N,M,15,,N,AQ;VO,School-Elementary/Secondary,K-12 School,Personal Weapons,,C
169211759,153238442,2022-02-08,Plano,TX0430600,13B,B,B,N,M,15,,N,AQ;VO,School-Elementary/Secondary,K-12 School,Personal Weapons,,C
169211841,153238517,2022-02-08,Plano,TX0430600,13B,B,B,N,F,18,N,Y,BG,Parking/Drop Lot/Garage,Parking Lot,Personal Weapons,Minor Injury,C
166290524,150678472,2022-02-09,Plano,TX0430600,13B,W,W,N,M,73,N,N,ST,Parking/Drop Lot/Garage,Parking Lot,Personal Weapons,Minor Injury,C
166290545,150678499,2022-02-09,Plano,TX0430600,13B,H,W,H,M,21,R,N,OK,Residence/Home,Home,Personal Weapons,Minor Injury,C
167682080,151902654,2022-02-09,Plano,TX0430600,13B,B,B,N,F,17,,N,AQ;VO,School-Elementary/Secondary,K-12 School,Personal Weapons,,C
173856839,157298634,2022-02-09,Plano,TX0430600,13B,W,W,N,M,13,R,N,AQ,School-Elementary/Secondary,K-12 School,Personal Weapons,Minor Injury,C
166290700,150678632,2022-02-10,Plano,TX0430600,13B,W,W,N,F,48,N,N,SB,Residence/Home,Home,Personal Weapons,Minor Injury,C
166290701,150678632,2022-02-10,Plano,TX0430600,13B,W,W,N,F,77,R,N,PA,Residence/Home,Home,Personal Weapons,Minor Injury,C
167682919,151903419,2022-02-10,Plano,TX0430600,13B,H,W,H,F,19,R,Y,XR,Highway/Road/Alley/Street/Sidewalk,Street & Sidewalk,Personal Weapons,Minor Injury,C
169211862,153238536,2022-02-10,Plano,TX0430600,13B,H,W,H,F,34,U,N,ST,Department/Discount Store,Department Store,Personal Weapons,,C
169211906,153238575,2022-02-10,Plano,TX0430600,13B,B,B,N,M,20,N,Y,BG,Highway/Road/Alley/Street/Sidewalk,Street & Sidewalk,Personal Weapons,Minor Injury,C
167682120,151902692,2022-02-11,Plano,TX0430600,13B,W,W,N,M,41,R,Y,BG,Highway/Road/Alley/Street/Sidewalk,Street & Sidewalk,Personal Weapons,Minor Injury,C
167688432,151908300,2022-02-11,Plano,TX0430600,13B,H,W,H,M,12,R,N,AQ,School-Elementary/Secondary,K-12 School,Personal Weapons,,C
169211954,153238618,2022-02-11,Plano,TX0430600,13B,B,B,N,F,43,R,Y,BG,Hotel/Motel/Etc.,Hotel & Motel,Personal Weapons,,C
166290786,150678704,2022-02-12,Plano,TX0430600,13B,H,W,H,M,0,R,N,CH,Residence/Home,Home,Personal Weapons,,C
166290884,150678780,2022-02-12,Plano,TX0430600,13B,W,W,U,M,59,R,N,ST,Parking/Drop Lot/Garage,Parking Lot,Personal Weapons,,C
166290953,150678845,2022-02-12,Plano,TX0430600,13B,H,W,H,F,57,N,N,PA,Residence/Home,Home,Personal Weapons,Minor Injury,C
167682394,151902944,2022-02-12,Plano,TX0430600,13B,B,B,N,F,40,R,Y,BG,Parking/Drop Lot/Garage,Parking Lot,Personal Weapons,Minor Injury,C
166290906,150678800,2022-02-13,Plano,TX0430600,13B,B,B,N,F,28,R,Y,SE,Residence/Home,Home,Personal Weapons,,C
178574686,161416746,2022-02-13,Plano,TX0430600,13B,H,W,H,F,24,R,N,SB,Residence/Home,Home,Personal Weapons,Minor Injury,C
167686018,151906188,2022-02-14,Plano,TX0430600,13B,W,W,N,M,34,R,N,AQ,Residence/Home,Home,Personal Weapons,,C
167686019,151906188,2022-02-14,Plano,TX0430600,13B,U,U,U,F,,R,N,ST,Residence/Home,Home,Personal Weapons,,C
185938118,167853047,2022-02-15,Plano,TX0430600,13B,B,B,N,F,10,R,N,CH,Residence/Home,Home,Personal Weapons,Minor Injury,C
167683667,151904101,2022-02-16,Plano,TX0430600,13B,W,W,N,F,30,R,Y,XR,Residence/Home,Home,Personal Weapons,Minor Injury,C
169212069,153238725,2022-02-16,Plano,TX0430600,13B,W,W,N,F,30,R,Y,BG,Residence/Home,Home,Personal Weapons,Minor Injury,C
170369914,154254275,2022-02-16,Plano,TX0430600,13B,W,W,N,F,22,R,Y,BG,Residence/Home,Home,Personal Weapons,Minor Injury,C
166291345,150679202,2022-02-17,Plano,TX0430600,13B,W,W,N,M,90,,N,AQ;VO,Residence/Home,Home,Personal Weapons,,C
166291346,150679202,2022-02-17,Plano,TX0430600,13B,W,W,N,M,85,,N,AQ;VO,Residence/Home,Home,Personal Weapons,,C
166291370,150679226,2022-02-17,Plano,TX0430600,13B,B,B,N,F,25,R,Y,BG,Parking/Drop Lot/Garage,Parking Lot,Personal Weapons,Minor Injury,C
166291508,150679357,2022-02-17,Plano,TX0430600,13B,W,W,N,F,14,N,N,AQ,School-Elementary/Secondary,K-12 School,Personal Weapons,Minor Injury,C
166291509,150679357,2022-02-17,Plano,TX0430600,13B,H,W,H,M,14,R,N,AQ,School-Elementary/Secondary,K-12 School,Personal Weapons,Minor Injury,C
166291551,150679399,2022-02-17,Plano,TX0430600,13B,W,W,N,M,68,R,Y,VO;XR,Parking/Drop Lot/Garage,Parking Lot,Personal Weapons,,C
166291552,150679399,2022-02-17,Plano,TX0430600,13B,W,W,N,F,49,R,Y,VO;XR,Parking/Drop Lot/Garage,Parking Lot,Personal Weapons,,C
167682626,151903152,2022-02-17,Plano,TX0430600,13B,W,W,N,F,31,R,Y,BG,Residence/Home,Home,Personal Weapons,Minor Injury,C
170369925,154254282,2022-02-17,Plano,TX0430600,13B,W,W,N,F,45,R,Y,SE,Residence/Home,Home,Personal Weapons,Minor Injury,C
166291732,150679567,2022-02-18,Plano,TX0430600,13B,W,W,N,F,16,R,N,ST,School-Elementary/Secondary,K-12 School,Personal Weapons,,C
166292175,150679955,2022-02-18,Plano,TX0430600,13B,B,B,N,F,17,R,N,AQ,School-Elementary/Secondary,K-12 School,Personal Weapons,,C
167682789,151903300,2022-02-18,Plano,TX0430600,13B,B,B,N,F,16,R,N,AQ,School-Elementary/Secondary,K-12 School,Personal Weapons,Minor Injury,C
170369989,154254334,2022-02-18,Plano,TX0430600,13B,W,W,N,F,29,R,Y,SE,Residence/Home,Home,Personal Weapons,Minor Injury,C
170370115,154254452,2022-02-18,Plano,TX0430600,13B,H,W,H,F,46,R,Y,SE,Residence/Home,Home,Personal Weapons,Minor Injury,C
172109236,155767383,2022-02-18,Plano,TX0430600,13B,W,W,N,F,34,R,Y,BG,Residence/Home,Home,Personal Weapons,,C
166291715,150679549,2022-02-19,Plano,TX0430600,13B,B,B,N,M,31,N,N,AQ,Specialty Store,Specialty Store,Personal Weapons,,C
169212100,153238748,2022-02-19,Plano,TX0430600,13B,W,W,N,M,22,N,Y,BG,Parking/Drop Lot/Garage,Parking Lot,Personal Weapons,Minor Injury,C
170370176,154254507,2022-02-19,Plano,TX0430600,13B,B,B,N,M,32,,Y,VO;XR,Parking/Drop Lot/Garage,Parking Lot,Personal Weapons,Minor Injury,C
170370177,154254507,2022-02-19,Plano,TX0430600,13B,W,W,N,F,32,R,Y,VO;XR,Parking/Drop Lot/Garage,Parking Lot,Personal Weapons,Minor Injury,C
170370208,154254534,2022-02-20,Plano,TX0430600,13B,H,W,H,M,32,R,Y,SE,Residence/Home,Home,Personal Weapons,Minor Injury,C
172110112,155768146,2022-02-20,Plano,TX0430600,13B,W,W,N,F,31,N,Y,SE,Parking/Drop Lot/Garage,Parking Lot,Personal Weapons,,C
169212375,153238997,2022-02-21,Plano,TX0430600,13B,W,W,N,M,11,N,N,ST,Community Center,Community Center,Personal Weapons,,C
166292025,150679827,2022-02-22,Plano,TX0430600,13B,B,B,N,M,58,R,N,PA,Residence/Home,Home,Personal Weapons,,C
167682416,151902964,2022-02-22,Plano,TX0430600,13B,W,W,N,M,28,N,N,ST,Amusement Park,Amusement Park,Personal Weapons,Minor Injury,C
169212205,153238849,2022-02-22,Plano,TX0430600,13B,B,B,N,F,23,N,N,AQ,Bar/Nightclub,Bar & Nightclub,Personal Weapons,Minor Injury,C
170370012,154254356,2022-02-22,Plano,TX0430600,13B,W,W,N,M,34,R,Y,BG,Residence/Home,Home,Personal Weapons,Minor Injury,C
166292220,150679997,2022-02-23,Plano,TX0430600,13B,B,B,N,F,13,R,N,AQ,School-Elementary/Secondary,K-12 School,Personal Weapons,Minor Injury,C
167682457,151903004,2022-02-23,Plano,TX0430600,13B,H,W,H,M,15,R,N,ST,Residence/Home,Home,Personal Weapons,Minor Injury,C
170370146,154254479,2022-02-23,Plano,TX0430600,13B,W,W,N,M,59,R,N,ST,Specialty Store,Specialty Store,Personal Weapons,Minor Injury,C
170370147,154254479,2022-02-23,Plano,TX0430600,13B,W,W,N,M,40,R,N,ST,Specialty Store,Specialty Store,Personal Weapons,,C
166292205,150679981,2022-02-24,Plano,TX0430600,13B,H,W,H,F,37,R,Y,SE,Residence/Home,Home,Personal Weapons,,C
170370093,154254431,2022-02-24,Plano,TX0430600,13B,W,W,N,M,38,R,Y,XR,Residence/Home,Home,Personal Weapons,Minor Injury,C
166292315,150680085,2022-02-25,Plano,TX0430600,13B,H,W,H,F,16,R,N,CH,Highway/Road/Alley/Street/Sidewalk,Street & Sidewalk,Personal Weapons,Minor Injury,C
167682540,151903083,2022-02-25,Plano,TX0430600,13B,H,W,H,F,41,R,Y,SE,Residence/Home,Home,Personal Weapons,Minor Injury,C
167682704,151903220,2022-02-25,Plano,TX0430600,13B,B,B,N,M,9,,N,CH,Residence/Home,Home,Personal Weapons,Minor Injury,C
167682744,151903256,2022-02-25,Plano,TX0430600,13B,W,W,N,F,16,R,N,AQ,School-Elementary/Secondary,K-12 School,Personal Weapons,,C
175196502,158465645,2022-02-25,Plano,TX0430600,13B,A,A,N,F,36,R,Y,BG,Residence/Home,Home,Personal Weapons,Minor Injury,C
166292308,150680081,2022-02-27,Plano,TX0430600,13B,W,W,N,M,41,R,Y,SE;VO,Residence/Home,Home,Personal Weapons,Minor Injury,C
166292312,150680081,2022-02-27,Plano,TX0430600,13B,W,W,N,F,41,R,Y,SE;VO,Residence/Home,Home,Personal Weapons,Minor Injury,C
167682670,151903193,2022-02-27,Plano,TX0430600,13B,W,W,N,F,25,N,Y,FR;XR,Residence/Home,Home,Personal Weapons,Minor Injury,C
166292342,150680113,2022-02-28,Plano,TX0430600,13B,B,B,N,F,63,N,N,OK,Drug Store/Doctor's Office/Hospital,Hospital & Clinic,Personal Weapons,Minor Injury,C
166292372,150680139,2022-02-28,Plano,TX0430600,13B,W,W,N,M,44,R,Y,BG,Parking/Drop Lot/Garage,Parking Lot,Personal Weapons,,C
166292505,150680259,2022-02-28,Plano,TX0430600,13B,H,W,H,M,10,R,N,ST,Parking/Drop Lot/Garage,Parking Lot,Personal Weapons,Minor Injury,C
175184996,158455476,2022-02-28,Plano,TX0430600,13B,H,W,H,M,35,R,N,AQ,Residence/Home,Home,Personal Weapons,Minor Injury,C
167682743,151903258,2022-03-01,Plano,TX0430600,13B,B,B,N,F,27,N,N,FR,Parking/Drop Lot/Garage,Parking Lot,Personal Weapons,Minor Injury,C
167683431,151903886,2022-03-01,Plano,TX0430600,13B,W,W,N,F,61,R,Y,SE,Residence/Home,Home,Personal Weapons,Minor Injury,C
175189966,158459821,2022-03-01,Plano,TX0430600,13B,A,A,N,F,47,R,Y,SE,Residence/Home,Home,Personal Weapons,,C
167682783,151903294,2022-03-02,Plano,TX0430600,13B,W,W,N,F,,U,N,AQ,School-Elementary/Secondary,K-12 School,Personal Weapons,Minor Injury,C
175184735,158455230,2022-03-02,Plano,TX0430600,13B,B,B,N,F,23,R,Y,BG,Residence/Home,Home,Personal Weapons,Minor Injury,C
167683071,151903559,2022-03-03,Plano,TX0430600,13B,W,W,N,F,26,N,N,ST,Bar/Nightclub,Bar & Nightclub,Personal Weapons,Minor Injury,C
167683115,151903600,2022-03-03,Plano,TX0430600,13B,W,W,N,F,33,R,Y,BG,Parking/Drop Lot/Garage,Parking Lot,Personal Weapons,Minor Injury,C
170370196,154254524,2022-03-03,Plano,TX0430600,13B,B,B,N,M,22,R,Y,BG,Residence/Home,Home,Personal Weapons,Minor Injury,C
170370309,154254621,2022-03-03,Plano,TX0430600,13B,A,A,N,M,20,R,N,CH,Residence/Home,Home,Personal Weapons,Minor Injury,C
172109381,155767518,2022-03-03,Plano,TX0430600,13B,B,B,U,M,29,N,N,AQ,Parking/Drop Lot/Garage,Parking Lot,Personal Weapons,Minor Injury,C
180084342,162733964,2022-03-03,Plano,TX0430600,13B,B,B,N,M,67,N,N,AQ,Specialty Store,Specialty Store,Personal Weapons,Minor Injury,C
187883009,169543893,2022-03-04,Plano,TX0430600,13B,W,W,N,M,74,R,N,AQ,School-Elementary/Secondary,K-12 School,Personal Weapons,Minor Injury,C
187883011,169543893,2022-03-04,Plano,TX0430600,13B,B,B,N,F,16,,N,AQ;VO,School-Elementary/Secondary,K-12 School,Personal Weapons,Minor Injury,C
187883012,169543893,2022-03-04,Plano,TX0430600,13B,B,B,N,F,17,N,N,AQ;VO,School-Elementary/Secondary,K-12 School,Personal Weapons,Minor Injury,C
167683058,151903547,2022-03-05,Plano,TX0430600,13B,W,W,N,M,70,R,Y,SE,Residence/Home,Home,Personal Weapons,Minor Injury,C
170370312,154254623,2022-03-05,Plano,TX0430600,13B,W,W,N,F,53,R,Y,SE,Residence/Home,Home,Personal Weapons,Minor Injury,C
170370747,154255008,2022-03-05,Plano,TX0430600,13B,H,W,H,F,23,N,Y,BG,Parking/Drop Lot/Garage,Parking Lot,Personal Weapons,,C
167683223,151903694,2022-03-06,Plano,TX0430600,13B,W,W,N,F,63,,N,OK,Drug Store/Doctor's Office/Hospital,Hospital & Clinic,Personal Weapons,Minor Injury,C
167683229,151903700,2022-03-06,Plano,TX0430600,13B,W,W,N,M,30,N,N,ST;VO,Parking/Drop Lot/Garage,Parking Lot,Personal Weapons,Minor Injury,C
167683230,151903700,2022-03-06,Plano,TX0430600,13B,W,W,N,M,53,R,N,ST;VO,Parking/Drop Lot/Garage,Parking Lot,Personal Weapons,,C
167683285,151903752,2022-03-06,Plano,TX0430600,13B,W,W,N,M,62,N,N,ST,Drug Store/Doctor's Office/Hospital,Hospital & Clinic,Personal Weapons,,C
170370388,154254693,2022-03-06,Plano,TX0430600,13B,W,W,N,F,58,N,N,PA,Residence/Home,Home,Personal Weapons,Minor Injury,C
170370440,154254737,2022-03-06,Plano,TX0430600,13B,B,B,N,M,62,R,Y,SE,Residence/Home,Home,Personal Weapons,Minor Injury,C
167683282,151903749,2022-03-07,Plano,TX0430600,13B,B,B,N,F,42,N,Y,XR,Residence/Home,Home,Personal Weapons,Minor Injury,C
167683323,151903786,2022-03-07,Plano,TX0430600,13B,W,W,N,F,56,R,N,AQ,Hotel/Motel/Etc.,Hotel & Motel,Personal Weapons,Minor Injury,C
167683404,151903861,2022-03-07,Plano,TX0430600,13B,A,A,N,M,65,R,N,ST,Parking/Drop Lot/Garage,Parking Lot,Personal Weapons,Minor Injury,C
167683446,151903901,2022-03-07,Plano,TX0430600,13B,H,W,H,F,42,R,Y,BG,Parking/Drop Lot/Garage,Parking Lot,Personal Weapons,,C
167689320,151909088,2022-03-07,Plano,TX0430600,13B,B,B,N,M,25,N,Y,XR,Parking/Drop Lot/Garage,Parking Lot,Personal Weapons,,C
170370379,154254685,2022-03-08,Plano,TX0430600,13B,A,A,N,F,23,R,Y,BG,Residence/Home,Home,Personal Weapons,Minor Injury,C
167683634,151904068,2022-03-09,Plano,TX0430600,13B,W,W,N,M,50,R,Y,XR,Residence/Home,Home,Personal Weapons,Minor Injury,C
167689549,151909291,2022-03-09,Plano,TX0430600,13B,W,W,N,F,27,R,Y,BG,Residence/Home,Home,Personal Weapons,Minor Injury,C
170370600,154254871,2022-03-09,Plano,TX0430600,13B,P,P,N,M,36,R,Y,SE,Residence/Home,Home,Personal Weapons,Minor Injury,C
169212525,153239133,2022-03-10,Plano,TX0430600,13B,H,B,H,F,16,R,N,AQ,Highway/Road/Alley/Street/Sidewalk,Street & Sidewalk,Personal Weapons,Minor Injury,C
169212526,153239133,2022-03-10,Plano,TX0430600,13B,H,B,H,M,11,R,N,AQ,Highway/Road/Alley/Street/Sidewalk,Street & Sidewalk,Personal Weapons,Minor Injury,C
169212527,153239133,2022-03-10,Plano,TX0430600,13B,H,B,H,F,13,R,N,AQ,Highway/Road/Alley/Street/Sidewalk,Street & Sidewalk,Personal Weapons,Minor Injury,C
169212528,153239133,2022-03-10,Plano,TX0430600,13B,B,B,N,F,8,R,N,AQ,Highway/Road/Alley/Street/Sidewalk,Street & Sidewalk,Personal Weapons,Minor Injury,C
170370430,154254727,2022-03-10,Plano,TX0430600,13B,H,W,H,F,20,R,N,SC,Residence/Home,Home,Personal Weapons,Minor Injury,C
177161141,160178412,2022-03-10,Plano,TX0430600,13B,H,W,H,M,14,R,N,ST,Residence/Home,Home,Personal Weapons,Minor Injury,C
167683766,151904190,2022-03-11,Plano,TX0430600,13B,W,W,N,F,37,R,Y,BG,Residence/Home,Home,Personal Weapons,Minor Injury,C
167684048,151904438,2022-03-11,Plano,TX0430600,13B,W,W,N,F,53,R,N,AQ,Highway/Road/Alley/Street/Sidewalk,Street & Sidewalk,Personal Weapons,Minor Injury,C
169212550,153239150,2022-03-11,Plano,TX0430600,13B,B,B,N,F,28,N,N,ST,Highway/Road/Alley/Street/Sidewalk,Street & Sidewalk,Personal Weapons,,C
170370426,154254725,2022-03-11,Plano,TX0430600,13B,W,W,N,F,45,N,Y,BG,Residence/Home,Home,Personal Weapons,Minor Injury,C
167683904,151904308,2022-03-12,Plano,TX0430600,13B,W,W,N,M,30,R,N,ST,Bar/Nightclub,Bar & Nightclub,Personal Weapons,,C
167684001,151904398,2022-03-12,Plano,TX0430600,13B,W,W,N,M,41,R,Y,BG;VO,Residence/Home,Home,Personal Weapons,Minor Injury,C
167684002,151904398,2022-03-12,Plano,TX0430600,13B,H,W,H,F,43,R,Y,BG;VO,Residence/Home,Home,Personal Weapons,Minor Injury,C
170370488,154254785,2022-03-12,Plano,TX0430600,13B,W,W,N,M,37,R,Y,SE,Residence/Home,Home,Personal Weapons,Minor Injury,C
170370562,154254844,2022-03-12,Plano,TX0430600,13B,W,W,N,M,42,R,Y,XR,Residence/Home,Home,Personal Weapons,Minor Injury,C
167683972,151904370,2022-03-13,Plano,TX0430600,13B,B,B,N,F,60,R,N,OF,Residence/Home,Home,Personal Weapons,,C
167684037,151904427,2022-03-13,Plano,TX0430600,13B,B,B,N,M,42,N,N,ST,Bar/Nightclub,Bar & Nightclub,Personal Weapons,,C
167684174,151904555,2022-03-13,Plano,TX0430600,13B,W,W,N,F,42,R,Y,BG;VO,Parking/Drop Lot/Garage,Parking Lot,Personal Weapons,Minor Injury,C
167684449,151904802,2022-03-13,Plano,TX0430600,13B,P,P,N,F,47,R,Y,SE,Residence/Home,Home,Personal Weapons,Minor Injury,C
167684051,151904440,2022-03-14,Plano,TX0430600,13B,W,W,N,M,64,R,N,OK,Drug Store/Doctor's Office/Hospital,Hospital & Clinic,Personal Weapons,,C
167684151,151904533,2022-03-14,Plano,TX0430600,13B,H,W,H,F,14,N,N,AQ,School-Elementary/Secondary,K-12 School,Personal Weapons,Minor Injury,C
169212576,153239175,2022-03-14,Plano,TX0430600,13B,A,A,N,M,45,R,N,ST,Service/Gas Station,Gas Station,Personal Weapons,Minor Injury,C
169212578,153239175,2022-03-14,Plano,TX0430600,13B,A,A,N,M,22,N,N,ST,Service/Gas Station,Gas Station,Personal Weapons,,C
170370593,154254870,2022-03-14,Plano,TX0430600,13B,A,A,N,F,31,R,Y,SE,Residence/Home,Home,Personal Weapons,Minor Injury,C
172109336,155767466,2022-03-14,Plano,TX0430600,13B,W,W,N,F,24,N,N,OK,Parking/Drop Lot/Garage,Parking Lot,Personal Weapons,Minor Injury,C
173857040,157298814,2022-03-14,Plano,TX0430600,13B,H,W,H,F,81,R,N,PA,Residence/Home,Home,Personal Weapons,Minor Injury,C
167684252,151904627,2022-03-15,Plano,TX0430600,13B,H,W,H,F,13,,N,AQ;VO,Highway/Road/Alley/Street/Sidewalk,Street & Sidewalk,Personal Weapons,,C
167684253,151904627,2022-03-15,Plano,TX0430600,13B,B,B,N,F,12,,N,AQ;VO,Highway/Road/Alley/Street/Sidewalk,Street & Sidewalk,Personal Weapons,,C
167684442,151904799,2022-03-16,Plano,TX0430600,13B,W,W,N,F,16,R,N,ST,Parking/Drop Lot/Garage,Parking Lot,Personal Weapons,Minor Injury,C
167684443,151904799,2022-03-16,Plano,TX0430600,13B,W,W,N,M,17,N,N,ST,Parking/Drop Lot/Garage,Parking Lot,Personal Weapons,Minor Injury,C
167684461,151904812,2022-03-16,Plano,TX0430600,13B,W,W,N,F,26,R,Y,BG,Hotel/Motel/Etc.,Hotel & Motel,Personal Weapons,Minor Injury,C
170370650,154254915,2022-03-16,Plano,TX0430600,13B,B,B,N,F,24,R,Y,BG,Residence/Home,Home,Personal Weapons,Minor Injury,C
167684483,151904834,2022-03-17,Plano,TX0430600,13B,H,W,H,F,51,R,Y,XR,Residence/Home,Home,Personal Weapons,Minor Injury,C
169212847,153239406,2022-03-17,Plano,TX0430600,13B,H,W,H,F,26,N,Y,BG,Parking/Drop Lot/Garage,Parking Lot,Personal Weapons,Minor Injury,C
170370694,154254957,2022-03-17,Plano,TX0430600,13B,W,W,N,F,26,R,Y,XS,Residence/Home,Home,Personal Weapons,Minor Injury,C
170370721,154254986,2022-03-17,Plano,TX0430600,13B,B,B,N,M,28,U,Y,BG,Hotel/Motel/Etc.,Hotel & Motel,Personal Weapons,Minor Injury,C
167684563,151904906,2022-03-18,Plano,TX0430600,13B,W,W,N,F,38,R,N,OK,Drug Store/Doctor's Office/Hospital,Hospital & Clinic,Personal Weapons,,C
167684564,151904906,2022-03-18,Plano,TX0430600,13B,H,W,H,F,39,N,N,OK,Drug Store/Doctor's Office/Hospital,Hospital & Clinic,Personal Weapons,,C
167684597,151904938,2022-03-18,Plano,TX0430600,13B,B,B,N,F,36,N,N,AQ,Residence/Home,Home,Personal Weapons,Minor Injury,C
167684744,151905056,2022-03-18,Plano,TX0430600,13B,W,W,N,F,22,R,N,SB;VO,Residence/Home,Home,Personal Weapons,Minor Injury,C
167684745,151905056,2022-03-18,Plano,TX0430600,13B,W,W,N,M,23,R,N,SB;VO,Residence/Home,Home,Personal Weapons,Minor Injury,C
167684657,151904981,2022-03-19,Plano,TX0430600,13B,W,W,N,F,35,R,N,OK;VO,Residence/Home,Home,Personal Weapons,Minor Injury,C
167684658,151904981,2022-03-19,Plano,TX0430600,13B,W,W,N,F,45,R,N,OK;VO,Residence/Home,Home,Personal Weapons,Minor Injury,C
169212866,153239423,2022-03-19,Plano,TX0430600,13B,H,W,H,F,51,N,N,ST;VO,Parking/Drop Lot/Garage,Parking Lot,Personal Weapons,Minor Injury,C
169212867,153239423,2022-03-19,Plano,TX0430600,13B,B,B,N,F,42,U,N,ST;VO,Parking/Drop Lot/Garage,Parking Lot,Personal Weapons,Minor Injury,C
172109418,155767547,2022-03-19,Plano,TX0430600,13B,H,W,H,M,21,R,N,SB,Residence/Home,Home,Personal Weapons,Minor Injury,C
167684812,151905119,2022-03-20,Plano,TX0430600,13B,H,W,H,F,23,R,Y,SE,Residence/Home,Home,Personal Weapons,Minor Injury,C
170370707,154254970,2022-03-20,Plano,TX0430600,13B,W,W,N,M,58,R,Y,XR,Residence/Home,Home,Personal Weapons,Minor Injury,C
170370819,154255071,2022-03-20,Plano,TX0430600,13B,A,A,N,M,17,R,N,CH,Residence/Home,Home,Unknown,Minor Injury,C
170370873,154255120,2022-03-20,Plano,TX0430600,13B,H,W,H,F,19,R,Y,BG,Parking/Drop Lot/Garage,Parking Lot,Personal Weapons,Minor Injury,C
167684912,151905208,2022-03-21,Plano,TX0430600,13B,W,W,N,M,29,R,N,CH,Residence/Home,Home,Personal Weapons,Minor Injury,C
167685037,151905324,2022-03-22,Plano,TX0430600,13B,H,W,H,F,23,N,N,ST,Restaurant,Restaurant,Personal Weapons,,C
169214162,153240562,2022-03-22,Plano,TX0430600,13B,U,U,N,M,11,N,N,CH,Highway/Road/Alley/Street/Sidewalk,Street & Sidewalk,Personal Weapons,Minor Injury,C
169222213,153247817,2022-03-22,Plano,TX0430600,13B,A,A,U,F,14,,N,ST,School-Elementary/Secondary,K-12 School,Personal Weapons,,C
173857119,157298888,2022-03-22,Plano,TX0430600,13B,W,W,U,F,17,R,Y,BG,School-Elementary/Secondary,K-12 School,Personal Weapons,Minor Injury,C
173857331,157299079,2022-03-22,Plano,TX0430600,13B,H,W,H,M,16,N,N,AQ,School-Elementary/Secondary,K-12 School,Personal Weapons,Minor Injury,C
167690551,151910195,2022-03-23,Plano,TX0430600,13B,H,W,H,F,38,R,Y,SE;VO,Residence/Home,Home,Personal Weapons,Minor Injury,C
167690552,151910195,2022-03-23,Plano,TX0430600,13B,H,W,H,M,39,R,Y,SE;VO,Residence/Home,Home,Personal Weapons,Minor Injury,C
169213165,153239679,2022-03-23,Plano,TX0430600,13B,B,B,N,M,25,N,Y,BG,Hotel/Motel/Etc.,Hotel & Motel,Personal Weapons,,C
169213319,153239818,2022-03-24,Plano,TX0430600,13B,B,B,N,F,10,R,N,OK,School-Elementary/Secondary,K-12 School,Personal Weapons,,C
169213320,153239818,2022-03-24,Plano,TX0430600,13B,B,B,N,F,9,N,N,OK,School-Elementary/Secondary,K-12 School,Personal Weapons,,C
187882041,169543018,2022-03-24,Plano,TX0430600,13B,B,B,N,M,14,R,N,AQ,School-Elementary/Secondary,K-12 School,Personal Weapons,Minor Injury,C
167685534,151905765,2022-03-25,Plano,TX0430600,13B,W,W,N,F,11,R,N,OK,Highway/Road/Alley/Street/Sidewalk,Street & Sidewalk,Personal Weapons,Minor Injury,C
172109341,155767478,2022-03-25,Plano,TX0430600,13B,W,W,N,F,66,R,N,PA,Residence/Home,Home,Personal Weapons,Minor Injury,C
172109409,155767540,2022-03-25,Plano,TX0430600,13B,W,W,N,F,35,R,Y,SE,Residence/Home,Home,Personal Weapons,Minor Injury,C
167685746,151905935,2022-03-26,Plano,TX0430600,13B,W,W,N,M,29,R,N,SB,Residence/Home,Home,Personal Weapons,,C
178574752,161416797,2022-03-26,Plano,TX0430600,13B,B,B,N,M,71,R,Y,SE,Residence/Home,Home,Personal Weapons,,C
181923709,164343319,2022-03-26,Plano,TX0430600,13B,B,B,N,F,42,N,N,AQ,Department/Discount Store,Department Store,Personal Weapons,Minor Injury,C
169213269,153239774,2022-03-27,Plano,TX0430600,13B,W,W,N,M,62,R,Y,SE,Residence/Home,Home,Personal Weapons,Minor Injury,C
169213336,153239834,2022-03-27,Plano,TX0430600,13B,W,W,N,F,21,R,N,ST,Amusement Park,Amusement Park,Personal Weapons,Minor Injury,C
169213337,153239834,2022-03-27,Plano,TX0430600,13B,W,W,N,F,13,R,N,ST,Amusement Park,Amusement Park,Personal Weapons,Minor Injury,C
172109337,155767474,2022-03-27,Plano,TX0430600,13B,B,B,N,F,37,R,N,OK,Residence/Home,Home,Personal Weapons,Minor Injury,C
167686134,151906292,2022-03-28,Plano,TX0430600,13B,W,W,N,F,46,R,N,PA,Residence/Home,Home,Personal Weapons,,C
169213192,153239707,2022-03-28,Plano,TX0430600,13B,B,B,N,F,22,R,Y,BG,Residence/Home,Home,Personal Weapons,Minor Injury,C
169213263,153239769,2022-03-28,Plano,TX0430600,13B,W,W,N,F,28,R,N,SB,Residence/Home,Home,Personal Weapons,Minor Injury,C
169213311,153239810,2022-03-28,Plano,TX0430600,13B,H,W,H,F,23,N,N,ST,Residence/Home,Home,Personal Weapons,,C
172109386,155767522,2022-03-28,Plano,TX0430600,13B,W,W,N,F,38,N,Y,BG,Residence/Home,Home,Personal Weapons,Minor Injury,C
167686150,151906308,2022-03-29,Plano,TX0430600,13B,W,W,N,F,29,R,Y,SE,Highway/Road/Alley/Street/Sidewalk,Street & Sidewalk,Personal Weapons,,C
169213257,153239764,2022-03-29,Plano,TX0430600,13B,B,B,N,M,58,N,N,OF,Residence/Home,Home,Personal Weapons,Minor Injury,C
169213300,153239801,2022-03-29,Plano,TX0430600,13B,B,B,N,M,15,R,N,AQ,Residence/Home,Home,Personal Weapons,,C
169213301,153239801,2022-03-29,Plano,TX0430600,13B,B,B,N,M,15,R,N,AQ,Residence/Home,Home,Personal Weapons,Minor Injury,C
169213306,153239806,2022-03-29,Plano,TX0430600,13B,B,B,N,F,22,R,Y,BG,Hotel/Motel/Etc.,Hotel & Motel,Personal Weapons,Minor Injury,C
169213383,153239871,2022-03-29,Plano,TX0430600,13B,B,B,N,F,12,,N,AQ;VO,Highway/Road/Alley/Street/Sidewalk,Street & Sidewalk,Personal Weapons,,C
169213384,153239871,2022-03-29,Plano,TX0430600,13B,H,W,H,F,15,,N,AQ;VO,Highway/Road/Alley/Street/Sidewalk,Street & Sidewalk,Personal Weapons,,C
172109345,155767483,2022-03-29,Plano,TX0430600,13B,W,W,N,M,44,R,Y,XR,Residence/Home,Home,Personal Weapons,Minor Injury,C
172109359,155767496,2022-03-29,Plano,TX0430600,13B,H,W,H,F,36,R,Y,XR,Parking/Drop Lot/Garage,Parking Lot,Personal Weapons,Minor Injury,C
173857405,157299146,2022-03-29,Plano,TX0430600,13B,B,B,N,F,46,R,Y,SE,Residence/Home,Home,Personal Weapons,Minor Injury,C
173857406,157299146,2022-03-29,Plano,TX0430600,13B,B,B,N,M,16,R,N,CH,Residence/Home,Home,Personal Weapons,Minor Injury,C
170370931,154255174,2022-03-30,Plano,TX0430600,13B,W,W,N,M,42,N,Y,XR,Residence/Home,Home,Personal Weapons,Minor Injury,C
169213338,153239835,2022-03-31,Plano,TX0430600,13B,W,W,N,M,67,R,N,OF,Residence/Home,Home,Personal Weapons,,C
169213560,153240019,2022-03-31,Plano,TX0430600,13B,B,B,N,F,16,,N,AQ;VO,School-Elementary/Secondary,K-12 School,Personal Weapons,,C
169213561,153240019,2022-03-31,Plano,TX0430600,13B,B,B,N,F,18,,N,AQ;FR;VO,School-Elementary/Secondary,K-12 School,Personal Weapons,,C
169213562,153240019,2022-03-31,Plano,TX0430600,13B,B,B,N,F,17,,N,AQ;FR;VO,School-Elementary/Secondary,K-12 School,Personal Weapons,,C
169213688,153240131,2022-03-31,Plano,TX0430600,13B,W,W,N,F,23,R,Y,XR,Parking/Drop Lot/Garage,Parking Lot,Personal Weapons,Minor Injury,C
169217580,153243654,2022-03-31,Plano,TX0430600,13B,H,W,H,M,46,R,Y,SE,Residence/Home,Home,Personal Weapons,Minor Injury,C
175186938,158457157,2022-03-31,Plano,TX0430600,13B,B,B,N,M,10,R,N,ST,Residence/Home,Home,Personal Weapons,,C
169213410,153239897,2022-04-01,Plano,TX0430600,13B,W,W,N,F,38,R,Y,BG,Residence/Home,Home,Personal Weapons,,C
169213587,153240043,2022-04-01,Plano,TX0430600,13B,B,B,N,F,43,R,Y,SE,Residence/Home,Home,Personal Weapons,Minor Injury,C
169213728,153240167,2022-04-01,Plano,TX0430600,13B,B,B,N,M,54,N,Y,SE,Parking/Drop Lot/Garage,Parking Lot,Personal Weapons,,C
173857187,157298947,2022-04-01,Plano,TX0430600,13B,W,W,N,M,18,N,N,ST,School-Elementary/Secondary,K-12 School,Personal Weapons,Minor Injury,C
173857250,157299003,2022-04-01,Plano,TX0430600,13B,H,W,H,F,17,N,Y,BG,Residence/Home,Home,Personal Weapons,Minor Injury,C
177161144,160178415,2022-04-01,Plano,TX0430600,13B,W,W,N,F,20,N,N,ST,Community Center,Community Center,Personal Weapons,Minor Injury,C
177161145,160178415,2022-04-01,Plano,TX0430600,13B,W,W,N,M,46,N,N,ST,Community Center,Community Center,Personal Weapons,Minor Injury,C
169213631,153240082,2022-04-02,Plano,TX0430600,13B,B,B,N,M,18,R,N,AQ,Residence/Home,Home,Personal Weapons,Minor Injury,C
169213791,153240228,2022-04-02,Plano,TX0430600,13B,B,B,N,F,33,N,Y,BG,Hotel/Motel/Etc.,Hotel & Motel,Personal Weapons,Minor Injury,C
169213818,153240251,2022-04-02,Plano,TX0430600,13B,A,A,N,F,34,R,Y,SE,Residence/Home,Home,Personal Weapons,,C
169213888,153240313,2022-04-02,Plano,TX0430600,13B,H,W,H,F,58,N,N,AQ,Church/Synagogue/Temple/Mosque,Religious Building,Personal Weapons,Minor Injury,C
178574783,161416825,2022-04-03,Plano,TX0430600,13B,W,W,N,M,29,N,N,AQ,Residence/Home,Home,Personal Weapons,Minor Injury,C
172109525,155767637,2022-04-04,Plano,TX0430600,13B,B,B,N,F,14,R,N,AQ,School-Elementary/Secondary,K-12 School,Personal Weapons,,C
172109561,155767670,2022-04-05,Plano,TX0430600,13B,B,B,N,F,29,R,Y,BG,Parking/Drop Lot/Garage,Parking Lot,Personal Weapons,Minor Injury,C
173857304,157299055,2022-04-05,Plano,TX0430600,13B,W,W,N,F,51,N,N,AQ,Parking/Drop Lot/Garage,Parking Lot,Personal Weapons,Minor Injury,C
177161155,160178425,2022-04-05,Plano,TX0430600,13B,B,B,N,F,29,N,N,OF,Hotel/Motel/Etc.,Hotel & Motel,Personal Weapons,Minor Injury,C
181922840,164342550,2022-04-05,Plano,TX0430600,13B,W,W,N,M,39,R,N,AQ,Residence/Home,Home,Personal Weapons,Minor Injury,C
169214193,153240583,2022-04-06,Plano,TX0430600,13B,H,W,H,M,32,N,N,ST;VO,Parking/Drop Lot/Garage,Parking Lot,Personal Weapons,Minor Injury,C
169214194,153240583,2022-04-06,Plano,TX0430600,13B,H,W,H,M,35,N,N,ST;VO,Parking/Drop Lot/Garage,Parking Lot,Personal Weapons,Minor Injury,C
172109468,155767592,2022-04-06,Plano,TX0430600,13B,W,W,N,M,35,U,Y,XR,Residence/Home,Home,Personal Weapons,,C
169214462,153240832,2022-04-07,Plano,TX0430600,13B,H,W,H,F,39,R,N,PA,Parking/Drop Lot/Garage,Parking Lot,Personal Weapons,Minor Injury,C
169222985,153248517,2022-04-07,Plano,TX0430600,13B,B,B,N,F,34,R,Y,BG,Residence/Home,Home,Personal Weapons,Minor Injury,C
170371521,154255688,2022-04-07,Plano,TX0430600,13B,W,W,N,M,13,R,N,OF,Residence/Home,Home,Personal Weapons,Minor Injury,C
172109615,155767722,2022-04-07,Plano,TX0430600,13B,W,W,N,M,23,N,N,FR,Parking/Drop Lot/Garage,Parking Lot,Personal Weapons,Minor Injury,C
169214476,153240843,2022-04-09,Plano,TX0430600,13B,H,W,H,M,31,N,Y,XR,Residence/Home,Home,Personal Weapons,Minor Injury,C
169214580,153240939,2022-04-09,Plano,TX0430600,13B,A,A,N,F,29,R,Y,SE,Residence/Home,Home,Personal Weapons,Minor Injury,C
169214666,153241018,2022-04-09,Plano,TX0430600,13B,W,W,N,F,61,R,N,PA,Hotel/Motel/Etc.,Hotel & Motel,Personal Weapons,Minor Injury,C
169214731,153241078,2022-04-09,Plano,TX0430600,13B,W,W,N,F,66,R,N,PA,Residence/Home,Home,Personal Weapons,,C
170371284,154255474,2022-04-09,Plano,TX0430600,13B,H,W,H,M,15,N,N,EE,Amusement Park,Amusement Park,Personal Weapons,,C
173857174,157298934,2022-04-09,Plano,TX0430600,13B,H,W,H,M,49,R,Y,SE,Residence/Home,Home,Personal Weapons,Minor Injury,C
169214617,153240973,2022-04-10,Plano,TX0430600,13B,H,W,H,F,34,R,Y,BG,Residence/Home,Home,Personal Weapons,,C
169215036,153241334,2022-04-11,Plano,TX0430600,13B,H,W,H,M,9,R,N,CH,Residence/Home,Home,Personal Weapons,Minor Injury,C
172109620,155767727,2022-04-11,Plano,TX0430600,13B,W,W,N,F,25,N,Y,XR,Hotel/Motel/Etc.,Hotel & Motel,Personal Weapons,Minor Injury,C
172115472,155772923,2022-04-11,Plano,TX0430600,13B,H,W,H,F,12,R,N,AQ,School-Elementary/Secondary,K-12 School,Personal Weapons,,C
177161178,160178440,2022-04-11,Plano,TX0430600,13B,B,B,N,F,53,N,N,FR,Park/Playground,Park & Playground,Personal Weapons,Minor Injury,C
184330329,166439357,2022-04-11,Plano,TX0430600,13B,A,A,N,F,30,N,Y,XR,Parking/Drop Lot/Garage,Parking Lot,Personal Weapons,Minor Injury,C
184330330,166439357,2022-04-11,Plano,TX0430600,13B,W,W,N,M,30,R,N,OF,Parking/Drop Lot/Garage,Parking Lot,Personal Weapons,Minor Injury,C
169215103,153241392,2022-04-12,Plano,TX0430600,13B,A,A,N,M,27,R,N,OF,Residence/Home,Home,Personal Weapons,,C
169215281,153241557,2022-04-12,Plano,TX0430600,13B,H,W,H,F,25,R,N,ST,Restaurant,Restaurant,Personal Weapons,,C
169215299,153241573,2022-04-12,Plano,TX0430600,13B,B,B,N,F,13,R,N,CH;SC,Residence/Home,Home,Personal Weapons,,C
169215300,153241573,2022-04-12,Plano,TX0430600,13B,B,B,N,M,3,,N,CH,Residence/Home,Home,Personal Weapons,,C
169223327,153248818,2022-04-12,Plano,TX0430600,13B,B,B,N,M,13,R,N,AQ,Residence/Home,Home,Personal Weapons,Minor Injury,C
170371371,154255555,2022-04-12,Plano,TX0430600,13B,W,W,N,M,,,N,AQ,Drug Store/Doctor's Office/Hospital,Hospital & Clinic,Personal Weapons,,C
173857197,157298956,2022-04-12,Plano,TX0430600,13B,W,W,N,F,16,R,N,FR,School-Elementary/Secondary,K-12 School,Personal Weapons,Minor Injury,C
169215416,153241677,2022-04-13,Plano,TX0430600,13B,B,B,N,F,37,N,N,ST,Convenience Store,Convenience Store,Personal Weapons,,C
169223459,153248941,2022-04-13,Plano,TX0430600,13B,W,W,N,M,55,R,N,ST,Highway/Road/Alley/Street/Sidewalk,Street & Sidewalk,Personal Weapons,Minor Injury,C
169215609,153241851,2022-04-14,Plano,TX0430600,13B,B,B,N,F,22,R,Y,XR,Residence/Home,Home,Personal Weapons,Minor Injury,C
169215676,153241910,2022-04-14,Plano,TX0430600,13B,B,B,N,M,28,R,Y,XR,Parking/Drop Lot/Garage,Parking Lot,Personal Weapons,Minor Injury,C
170371394,154255576,2022-04-14,Plano,TX0430600,13B,W,W,N,F,,R,N,AQ,School-Elementary/Secondary,K-12 School,Personal Weapons,Minor Injury,C
169215853,153242076,2022-04-15,Plano,TX0430600,13B,B,B,N,F,31,N,N,AQ,Highway/Road/Alley/Street/Sidewalk,Street & Sidewalk,Personal Weapons,Minor Injury,C
169215885,153242109,2022-04-15,Plano,TX0430600,13B,W,W,N,M,21,R,N,OK,Residence/Home,Home,Personal Weapons,Minor Injury,C
170371491,154255660,2022-04-15,Plano,TX0430600,13B,H,W,H,M,43,N,N,SB,Residence/Home,Home,Personal Weapons,Minor Injury,C
173857371,157299117,2022-04-15,Plano,TX0430600,13B,B,B,N,F,28,R,Y,BG,Residence/Home,Home,Personal Weapons,Minor Injury,C
169215901,153242116,2022-04-16,Plano,TX0430600,13B,B,B,N,F,34,R,Y,XR,Residence/Home,Home,Personal Weapons,Minor Injury,C
169216056,153242267,2022-04-16,Plano,TX0430600,13B,W,W,N,M,73,R,N,OK,Residence/Home,Home,Personal Weapons,Minor Injury,C
172109742,155767837,2022-04-16,Plano,TX0430600,13B,W,W,N,M,41,N,Y,SE,Highway/Road/Alley/Street/Sidewalk,Street & Sidewalk,Personal Weapons,Minor Injury,C
178574773,161416816,2022-04-16,Plano,TX0430600,13B,H,W,H,F,42,R,N,FR,Residence/Home,Home,Personal Weapons,Minor Injury,C
178574774,161416816,2022-04-16,Plano,TX0430600,13B,W,W,U,M,50,,N,ST,Residence/Home,Home,Personal Weapons,,C
169216120,153242331,2022-04-17,Plano,TX0430600,13B,B,B,N,M,47,R,N,OF,Residence/Home,Home,Personal Weapons,Minor Injury,C
169216240,153242439,2022-04-17,Plano,TX0430600,13B,B,B,N,F,25,R,Y,XR,Parking/Drop Lot/Garage,Parking Lot,Personal Weapons,,C
170372024,154256135,2022-04-17,Plano,TX0430600,13B,H,W,H,F,12,R,N,ST,Residence/Home,Home,Personal Weapons,,C
175187289,158457461,2022-04-17,Plano,TX0430600,13B,W,W,N,F,31,R,Y,SE,Residence/Home,Home,Personal Weapons,Minor Injury,C
169216078,153242289,2022-04-18,Plano,TX0430600,13B,B,B,N,F,44,R,N,AQ,Residence/Home,Home,Personal Weapons,Minor Injury,C
169216173,153242380,2022-04-18,Plano,TX0430600,13B,W,W,N,F,37,R,N,PA,Residence/Home,Home,Personal Weapons,Minor Injury,C
169216243,153242442,2022-04-18,Plano,TX0430600,13B,W,W,N,M,59,N,N,ST,Parking/Drop Lot/Garage,Parking Lot,Personal Weapons,,C
172110975,155768878,2022-04-18,Plano,TX0430600,13B,U,U,U,F,50,R,Y,BG,Residence/Home,Home,Personal Weapons,,C
181922889,164342594,2022-04-18,Plano,TX0430600,13B,B,B,N,F,17,N,Y,XR,School-Elementary/Secondary,K-12 School,Personal Weapons,,C
173857524,157299257,2022-04-19,Plano,TX0430600,13B,B,B,N,F,18,,N,AQ;VO,School-Elementary/Secondary,K-12 School,Personal Weapons,,C
173857527,157299257,2022-04-19,Plano,TX0430600,13B,B,B,N,F,18,,N,AQ;VO,School-Elementary/Secondary,K-12 School,Personal Weapons,,C
185938555,167853415,2022-04-19,Plano,TX0430600,13B,B,B,N,F,23,R,Y,BG,Residence/Home,Home,Personal Weapons,Minor Injury,C
169216676,153242838,2022-04-20,Plano,TX0430600,13B,B,B,N,M,31,N,N,OK,Residence/Home,Home,Personal Weapons,Minor Injury,C
170374973,154258815,2022-04-20,Plano,TX0430600,13B,B,B,N,F,13,,N,AQ;VO,School-Elementary/Secondary,K-12 School,Personal Weapons,,C
170374974,154258815,2022-04-20,Plano,TX0430600,13B,W,W,N,F,12,,N,AQ;VO,School-Elementary/Secondary,K-12 School,Personal Weapons,,C
172109641,155767749,2022-04-20,Plano,TX0430600,13B,W,W,N,F,28,N,N,AQ,Residence/Home,Home,Personal Weapons,Minor Injury,C
172109695,155767792,2022-04-20,Plano,TX0430600,13B,H,W,H,M,30,R,N,OF,Residence/Home,Home,Personal Weapons,Minor Injury,C
172115366,155772822,2022-04-20,Plano,TX0430600,13B,H,W,H,F,26,N,N,ST,Restaurant,Restaurant,Personal Weapons,,C
169224315,153249740,2022-04-21,Plano,TX0430600,13B,B,B,N,M,34,R,N,SB,Residence/Home,Home,Personal Weapons,,C
172109666,155767768,2022-04-21,Plano,TX0430600,13B,H,W,H,F,16,R,Y,BG,Parking/Drop Lot/Garage,Parking Lot,Personal Weapons,Minor Injury,C
172109702,155767799,2022-04-21,Plano,TX0430600,13B,B,B,N,F,26,N,Y,SE,Highway/Road/Alley/Street/Sidewalk,Street & Sidewalk,Personal Weapons,Minor Injury,C
169217360,153243452,2022-04-22,Plano,TX0430600,13B,H,W,H,M,31,N,Y,BG,Parking/Drop Lot/Garage,Parking Lot,Personal Weapons,Minor Injury,C
169217356,153243448,2022-04-24,Plano,TX0430600,13B,A,A,N,M,50,R,N,ST,Parking/Drop Lot/Garage,Parking Lot,Personal Weapons,,C
170371857,154255981,2022-04-24,Plano,TX0430600,13B,W,W,N,M,28,R,N,CH;OF;VO,Residence/Home,Home,Personal Weapons,Minor Injury,C
173857367,157299113,2022-04-24,Plano,TX0430600,13B,H,W,H,F,54,R,N,PA,Residence/Home,Home,Personal Weapons,Minor Injury,C
169217718,153243781,2022-04-25,Plano,TX0430600,13B,B,B,N,F,32,R,Y,BG,Parking/Drop Lot/Garage,Parking Lot,Personal Weapons,Minor Injury,C
170371805,154255937,2022-04-25,Plano,TX0430600,13B,W,W,N,F,61,R,N,ST,Amusement Park,Amusement Park,Personal Weapons,,C
170371816,154255937,2022-04-25,Plano,TX0430600,13B,W,W,N,F,76,N,N,ST,Amusement Park,Amusement Park,Personal Weapons,,C
170371872,154255994,2022-04-25,Plano,TX0430600,13B,B,B,N,F,20,N,Y,BG,Hotel/Motel/Etc.,Hotel & Motel,Personal Weapons,Minor Injury,C
170372282,154256366,2022-04-26,Plano,TX0430600,13B,W,W,N,F,26,R,Y,BG,Residence/Home,Home,Personal Weapons,Minor Injury,C
172109974,155768031,2022-04-26,Plano,TX0430600,13B,A,A,N,F,11,R,N,FR,School-Elementary/Secondary,K-12 School,Personal Weapons,,C
173857439,157299179,2022-04-26,Plano,TX0430600,13B,W,W,N,F,26,N,N,AQ,School-Elementary/Secondary,K-12 School,Personal Weapons,Minor Injury,C
170372105,154256209,2022-04-27,Plano,TX0430600,13B,W,W,N,M,39,N,N,OK;VO,Residence/Home,Home,Personal Weapons,,C
170372106,154256209,2022-04-27,Plano,TX0430600,13B,W,W,N,M,26,N,N,OK;VO,Residence/Home,Home,Personal Weapons,,C
170372215,154256305,2022-04-27,Plano,TX0430600,13B,H,W,H,M,11,R,N,AQ,School-Elementary/Secondary,K-12 School,Personal Weapons,Minor Injury,C
173857568,157299297,2022-04-27,Plano,TX0430600,13B,W,W,N,F,39,N,Y,BG,Hotel/Motel/Etc.,Hotel & Motel,Personal Weapons,Minor Injury,C
169218492,153244460,2022-04-28,Plano,TX0430600,13B,W,W,N,F,39,U,Y,SE,Residence/Home,Home,Personal Weapons,Minor Injury,C
170372049,154256157,2022-04-28,Plano,TX0430600,13B,A,A,N,M,11,R,N,ST,Park/Playground,Park & Playground,Personal Weapons,Minor Injury,C
170372227,154256318,2022-04-28,Plano,TX0430600,13B,W,W,N,M,61,R,N,ST,Highway/Road/Alley/Street/Sidewalk,Street & Sidewalk,Personal Weapons,,C
173857530,157299262,2022-04-28,Plano,TX0430600,13B,A,A,N,M,39,R,Y,SE,Residence/Home,Home,Personal Weapons,Minor Injury,C
177161242,160178495,2022-04-28,Plano,TX0430600,13B,B,B,N,F,12,R,N,AQ,School-Elementary/Secondary,K-12 School,Personal Weapons,Minor Injury,C
169218785,153244737,2022-04-29,Plano,TX0430600,13B,W,W,N,F,20,N,Y,CS,Hotel/Motel/Etc.,Hotel & Motel,Personal Weapons,,C
170372200,154256293,2022-04-29,Plano,TX0430600,13B,H,W,H,F,42,R,Y,SE,Residence/Home,Home,Personal Weapons,,C
170372623,154256666,2022-04-29,Plano,TX0430600,13B,B,B,N,F,17,N,N,AQ,School-Elementary/Secondary,K-12 School,Personal Weapons,,C
172109885,155767956,2022-04-29,Plano,TX0430600,13B,H,W,H,F,34,N,Y,AQ;XR,Residence/Home,Home,Personal Weapons,Minor Injury,C
173857588,157299314,2022-04-29,Plano,TX0430600,13B,A,A,N,F,30,,Y,SE;VO,Residence/Home,Home,Personal Weapons,,C
173857589,157299314,2022-04-29,Plano,TX0430600,13B,A,A,N,M,35,,Y,SE;VO,Residence/Home,Home,Personal Weapons,Minor Injury,C
180085184,162734718,2022-04-29,Plano,TX0430600,13B,W,W,N,F,35,N,Y,BG,Hotel/Motel/Etc.,Hotel & Motel,Personal Weapons,Minor Injury,C
170372302,154256385,2022-04-30,Plano,TX0430600,13B,H,W,H,F,31,R,Y,SE,Residence/Home,Home,Personal Weapons,Minor Injury,C
173857555,157299287,2022-04-30,Plano,TX0430600,13B,W,W,N,M,47,N,N,ST;VO,Residence/Home,Home,Personal Weapons,,C
173857556,157299287,2022-04-30,Plano,TX0430600,13B,A,A,N,M,25,N,N,ST;VO,Residence/Home,Home,Personal Weapons,Minor Injury,C
170372418,154256487,2022-05-01,Plano,TX0430600,13B,H,W,H,M,27,U,Y,OK;SE;VO,Hotel/Motel/Etc.,Hotel & Motel,Personal Weapons,,C
170372419,154256487,2022-05-01,Plano,TX0430600,13B,H,W,H,F,30,R,N,OF;OK;VO,Hotel/Motel/Etc.,Hotel & Motel,Personal Weapons,,C
170372421,154256487,2022-05-01,Plano,TX0430600,13B,H,W,H,F,27,N,Y,OF;SE;VO,Hotel/Motel/Etc.,Hotel & Motel,Personal Weapons,,C
170380922,154264194,2022-05-01,Plano,TX0430600,13B,W,W,N,F,34,R,N,PA,Residence/Home,Home,Personal Weapons,Minor Injury,C
170381013,154264284,2022-05-01,Plano,TX0430600,13B,W,W,N,F,32,N,Y,BG,Hotel/Motel/Etc.,Hotel & Motel,Personal Weapons,Minor Injury,C
172109792,155767876,2022-05-01,Plano,TX0430600,13B,A,A,N,M,33,R,N,AQ,Residence/Home,Home,Personal Weapons,Minor Injury,C
173857592,157299318,2022-05-01,Plano,TX0430600,13B,H,W,H,F,19,N,Y,BG,Highway/Road/Alley/Street/Sidewalk,Street & Sidewalk,Personal Weapons,Minor Injury,C
170372694,154256731,2022-05-02,Plano,TX0430600,13B,H,W,H,M,28,N,N,IL,Residence/Home,Home,Personal Weapons,,C
170372711,154256748,2022-05-02,Plano,TX0430600,13B,B,B,N,F,43,R,Y,XR,Residence/Home,Home,Personal Weapons,,C
177161198,160178455,2022-05-02,Plano,TX0430600,13B,W,W,U,M,76,R,N,SP,Residence/Home,Home,Personal Weapons,,C
173857599,157299324,2022-05-03,Plano,TX0430600,13B,W,W,N,M,29,N,Y,BG,Hotel/Motel/Etc.,Hotel & Motel,Personal Weapons,Minor Injury,C
173857657,157299374,2022-05-03,Plano,TX0430600,13B,A,A,N,F,46,R,N,PA,Residence/Home,Home,Personal Weapons,Minor Injury,C
173857658,157299374,2022-05-03,Plano,TX0430600,13B,A,A,N,M,49,R,N,PA,Residence/Home,Home,Personal Weapons,Minor Injury,C
170372649,154256691,2022-05-04,Plano,TX0430600,13B,H,W,H,F,12,R,N,OF,Residence/Home,Home,Personal Weapons,,C
170372992,154257007,2022-05-04,Plano,TX0430600,13B,H,W,H,F,17,N,N,ST,School-Elementary/Secondary,K-12 School,Personal Weapons,Minor Injury,C
170373046,154257057,2022-05-04,Plano,TX0430600,13B,W,W,N,M,63,R,Y,SE;VO,Residence/Home,Home,Personal Weapons,Minor Injury,C
170373047,154257057,2022-05-04,Plano,TX0430600,13B,W,W,N,M,61,R,Y,SE;VO,Residence/Home,Home,Personal Weapons,Minor Injury,C
173857475,157299213,2022-05-04,Plano,TX0430600,13B,A,A,N,F,39,R,Y,SE,Residence/Home,Home,Personal Weapons,Minor Injury,C
175184997,158455475,2022-05-04,Plano,TX0430600,13B,A,A,N,M,25,R,Y,BG,Residence/Home,Home,Personal Weapons,Minor Injury,C
180084496,162734102,2022-05-04,Plano,TX0430600,13B,A,A,N,F,50,N,N,AQ,Residence/Home,Home,Personal Weapons,Minor Injury,C
170373193,154257196,2022-05-05,Plano,TX0430600,13B,H,W,H,F,28,N,N,AQ,Parking/Drop Lot/Garage,Parking Lot,Personal Weapons,,C
170373248,154257248,2022-05-06,Plano,TX0430600,13B,B,B,N,M,57,R,N,AQ,Residence/Home,Home,Personal Weapons,,C
170373301,154257296,2022-05-06,Plano,TX0430600,13B,W,W,N,M,15,R,N,AQ,School-Elementary/Secondary,K-12 School,Personal Weapons,,C
173857585,157299311,2022-05-06,Plano,TX0430600,13B,B,B,N,F,18,N,Y,BG,Hotel/Motel/Etc.,Hotel & Motel,Personal Weapons,Minor Injury,C
181922948,164342648,2022-05-06,Plano,TX0430600,13B,W,W,N,M,29,R,N,NE,Hotel/Motel/Etc.,Hotel & Motel,Personal Weapons,Minor Injury,C
173857507,157299245,2022-05-07,Plano,TX0430600,13B,W,W,N,M,55,R,N,PA,Residence/Home,Home,Personal Weapons,Minor Injury,C
175185018,158455492,2022-05-07,Plano,TX0430600,13B,W,W,N,F,32,R,Y,BG,Residence/Home,Home,Personal Weapons,Minor Injury,C
175185064,158455533,2022-05-07,Plano,TX0430600,13B,B,B,N,F,24,R,Y,BG,Residence/Home,Home,Personal Weapons,Minor Injury,C
170373454,154257431,2022-05-08,Plano,TX0430600,13B,B,B,N,F,26,R,Y,BG,Residence/Home,Home,Personal Weapons,,C
170381442,154264668,2022-05-08,Plano,TX0430600,13B,H,W,H,F,22,N,Y,BG,Residence/Home,Home,Personal Weapons,,C
170373761,154257704,2022-05-09,Plano,TX0430600,13B,W,W,N,F,62,,N,ST,Restaurant,Restaurant,Personal Weapons,,C
170373829,154257771,2022-05-09,Plano,TX0430600,13B,W,W,N,F,15,R,N,FR,School-Elementary/Secondary,K-12 School,Personal Weapons,Minor Injury,C
170374011,154257937,2022-05-09,Plano,TX0430600,13B,W,W,N,F,37,R,Y,XR,Parking/Drop Lot/Garage,Parking Lot,Personal Weapons,Minor Injury,C
170374413,154258300,2022-05-09,Plano,TX0430600,13B,H,W,H,M,9,R,N,AQ,School-Elementary/Secondary,K-12 School,Personal Weapons,,C
172109890,155767960,2022-05-09,Plano,TX0430600,13B,B,B,N,M,13,R,N,ST,School-Elementary/Secondary,K-12 School,Personal Weapons,,C
173857580,157299306,2022-05-09,Plano,TX0430600,13B,W,W,N,F,33,R,Y,BG,Parking/Drop Lot/Garage,Parking Lot,Personal Weapons,Minor Injury,C
170373914,154257848,2022-05-10,Plano,TX0430600,13B,B,B,N,F,69,R,N,NE,Parking/Drop Lot/Garage,Parking Lot,Personal Weapons,,C
170374091,154258012,2022-05-10,Plano,TX0430600,13B,B,B,N,M,13,N,N,FR,School-Elementary/Secondary,K-12 School,Personal Weapons,,C
170374128,154258046,2022-05-10,Plano,TX0430600,13B,B,B,N,M,9,,N,SB,Parking/Drop Lot/Garage,Parking Lot,Personal Weapons,Minor Injury,C
170374129,154258046,2022-05-10,Plano,TX0430600,13B,B,B,N,F,18,R,N,SB,Parking/Drop Lot/Garage,Parking Lot,Personal Weapons,Minor Injury,C
173857586,157299313,2022-05-10,Plano,TX0430600,13B,H,W,H,F,25,R,N,ST,Liquor Store,Liquor Store,Personal Weapons,,C
173857856,157299564,2022-05-10,Plano,TX0430600,13B,W,W,N,F,49,R,N,PA,Residence/Home,Home,Personal Weapons,Minor Injury,C
173858037,157299730,2022-05-10,Plano,TX0430600,13B,H,W,H,F,15,R,N,AQ,School-Elementary/Secondary,K-12 School,Personal Weapons,,C
175185187,158455634,2022-05-10,Plano,TX0430600,13B,W,W,N,F,29,R,Y,BG,Residence/Home,Home,Personal Weapons,Minor Injury,C
175185191,158455637,2022-05-10,Plano,TX0430600,13B,W,W,N,F,24,R,Y,BG,Parking/Drop Lot/Garage,Parking Lot,Personal Weapons,Minor Injury,C
170374015,154257935,2022-05-11,Plano,TX0430600,13B,W,W,N,F,16,R,N,AQ,School-Elementary/Secondary,K-12 School,Personal Weapons,Minor Injury,C
170374062,154257985,2022-05-11,Plano,TX0430600,13B,W,W,N,F,41,R,N,OK,Residence/Home,Home,Personal Weapons,,C
170374434,154258320,2022-05-11,Plano,TX0430600,13B,W,W,N,F,20,R,Y,BG,Parking/Drop Lot/Garage,Parking Lot,Personal Weapons,,C
172109913,155767978,2022-05-11,Plano,TX0430600,13B,W,W,N,F,79,R,N,PA,Residence/Home,Home,Personal Weapons,,C
173857625,157299349,2022-05-11,Plano,TX0430600,13B,W,W,N,M,41,R,N,ST,Bar/Nightclub,Bar & Nightclub,Personal Weapons,Minor Injury,C
173857643,157299364,2022-05-11,Plano,TX0430600,13B,A,A,N,F,16,R,N,FR,School-Elementary/Secondary,K-12 School,Personal Weapons,,C
173857683,157299400,2022-05-11,Plano,TX0430600,13B,B,B,N,F,23,R,Y,BG,Parking/Drop Lot/Garage,Parking Lot,Personal Weapons,Minor Injury,C
184330343,166439368,2022-05-11,Plano,TX0430600,13B,B,B,N,M,40,R,N,ST,Parking/Drop Lot/Garage,Parking Lot,Personal Weapons,Minor Injury,C
184330344,166439368,2022-05-11,Plano,TX0430600,13B,W,W,N,M,41,N,N,ST,Parking/Drop Lot/Garage,Parking Lot,Personal Weapons,Minor Injury,C
170374319,154258216,2022-05-12,Plano,TX0430600,13B,B,B,N,F,27,R,Y,SE;VO,Residence/Home,Home,Personal Weapons,,C
170374320,154258216,2022-05-12,Plano,TX0430600,13B,B,B,N,M,27,R,Y,SE;VO,Residence/Home,Home,Personal Weapons,Minor Injury,C
170374497,154258376,2022-05-12,Plano,TX0430600,13B,W,W,N,M,17,R,N,CH,Residence/Home,Home,Personal Weapons,Minor Injury,C
170374551,154258428,2022-05-12,Plano,TX0430600,13B,H,W,H,F,23,N,Y,SE,Parking/Drop Lot/Garage,Parking Lot,Personal Weapons,Minor Injury,C
170374475,154258358,2022-05-13,Plano,TX0430600,13B,A,A,N,M,57,R,N,ST,Highway/Road/Alley/Street/Sidewalk,Street & Sidewalk,Personal Weapons,,C
170374608,154258482,2022-05-13,Plano,TX0430600,13B,W,W,N,M,72,R,N,GP,Residence/Home,Home,Personal Weapons,Minor Injury,C
170374609,154258482,2022-05-13,Plano,TX0430600,13B,W,W,N,F,65,R,N,GP,Residence/Home,Home,Personal Weapons,Minor Injury,C
172110117,155768151,2022-05-13,Plano,TX0430600,13B,H,W,H,M,12,N,N,ST;VO,Amusement Park,Amusement Park,Personal Weapons,Minor Injury,C
172110118,155768151,2022-05-13,Plano,TX0430600,13B,H,W,H,M,,U,N,FR;ST;VO,Amusement Park,Amusement Park,Personal Weapons,,C
172110228,155768250,2022-05-13,Plano,TX0430600,13B,H,W,H,F,16,N,N,ST,Hotel/Motel/Etc.,Hotel & Motel,Personal Weapons,Minor Injury,C
173857791,157299500,2022-05-13,Plano,TX0430600,13B,B,B,N,M,52,N,N,ST,Parking/Drop Lot/Garage,Parking Lot,Personal Weapons,Minor Injury,C
173858127,157299814,2022-05-13,Plano,TX0430600,13B,H,W,H,M,24,N,N,ST,Parking/Drop Lot/Garage,Parking Lot,Personal Weapons,Minor Injury,C
173857809,157299518,2022-05-14,Plano,TX0430600,13B,A,A,N,F,46,R,N,PA,Residence/Home,Home,Personal Weapons,Minor Injury,C
170374792,154258646,2022-05-15,Plano,TX0430600,13B,B,B,N,F,26,R,Y,CS,Residence/Home,Home,Personal Weapons,Minor Injury,C
170375005,154258843,2022-05-15,Plano,TX0430600,13B,H,W,H,M,16,N,N,FR,Residence/Home,Home,Personal Weapons,Minor Injury,C
172109973,155768030,2022-05-15,Plano,TX0430600,13B,W,W,N,F,60,N,Y,SE,Parking/Drop Lot/Garage,Parking Lot,Personal Weapons,Minor Injury,C
173857841,157299549,2022-05-15,Plano,TX0430600,13B,B,B,N,M,35,R,Y,SE,Residence/Home,Home,Personal Weapons,Minor Injury,C
173857893,157299598,2022-05-15,Plano,TX0430600,13B,B,B,N,M,31,R,Y,SE,Residence/Home,Home,Personal Weapons,Minor Injury,C
170374929,154258776,2022-05-16,Plano,TX0430600,13B,B,B,N,F,44,R,Y,SE,Residence/Home,Home,Personal Weapons,,C
170375087,154258918,2022-05-16,Plano,TX0430600,13B,H,W,H,F,25,R,Y,SE,Residence/Home,Home,Personal Weapons,,C
170375126,154258956,2022-05-16,Plano,TX0430600,13B,B,B,N,F,36,R,Y,BG,Residence/Home,Home,Personal Weapons,Minor Injury,C
173857786,157299495,2022-05-16,Plano,TX0430600,13B,H,W,H,M,59,N,N,ST,Park/Playground,Park & Playground,Personal Weapons,Minor Injury,C
177161224,160178477,2022-05-16,Plano,TX0430600,13B,B,B,N,F,17,R,N,AQ,School-Elementary/Secondary,K-12 School,Personal Weapons,Minor Injury,C
177161272,160178518,2022-05-16,Plano,TX0430600,13B,H,W,H,F,35,R,N,PA,Residence/Home,Home,Personal Weapons,Minor Injury,C
170375234,154259056,2022-05-17,Plano,TX0430600,13B,W,W,N,F,12,R,N,AQ,School-Elementary/Secondary,K-12 School,Personal Weapons,Minor Injury,C
170383578,154266584,2022-05-17,Plano,TX0430600,13B,W,W,N,M,23,R,N,SB,Residence/Home,Home,Personal Weapons,,C
170375084,154258916,2022-05-18,Plano,TX0430600,13B,W,W,N,F,53,R,N,AQ,School-Elementary/Secondary,K-12 School,Personal Weapons,Minor Injury,C
173857972,157299670,2022-05-18,Plano,TX0430600,13B,B,B,N,F,22,R,Y,SE,Residence/Home,Home,Personal Weapons,Minor Injury,C
172110069,155768112,2022-05-19,Plano,TX0430600,13B,H,W,H,F,5,R,N,CH,Residence/Home,Home,Personal Weapons,,C
173857845,157299553,2022-05-19,Plano,TX0430600,13B,W,W,N,F,43,R,N,PA,Residence/Home,Home,Personal Weapons,Minor Injury,C
175185112,158455572,2022-05-19,Plano,TX0430600,13B,H,W,H,M,36,N,N,ST,Parking/Drop Lot/Garage,Parking Lot,Personal Weapons,Minor Injury,C
170375296,154259113,2022-05-20,Plano,TX0430600,13B,A,A,N,F,33,R,Y,SE,Residence/Home,Home,Personal Weapons,Minor Injury,C
170375401,154259205,2022-05-20,Plano,TX0430600,13B,W,W,N,F,70,U,N,PA,Hotel/Motel/Etc.,Hotel & Motel,Personal Weapons,Minor Injury,C
170375544,154259338,2022-05-20,Plano,TX0430600,13B,A,A,N,M,20,R,N,OK;ST,Convenience Store,Convenience Store,Personal Weapons,,C
172110189,155768216,2022-05-20,Plano,TX0430600,13B,W,W,N,F,52,R,Y,CS,Residence/Home,Home,Personal Weapons,Minor Injury,C
175185216,158455659,2022-05-20,Plano,TX0430600,13B,W,W,N,M,55,R,Y,SE,Residence/Home,Home,Personal Weapons,Minor Injury,C
172110024,155768075,2022-05-21,Plano,TX0430600,13B,W,W,N,F,52,R,Y,BG,Residence/Home,Home,Personal Weapons,Minor Injury,C
172110127,155768159,2022-05-21,Plano,TX0430600,13B,B,B,N,M,22,R,N,OF;ST,Restaurant,Restaurant,Personal Weapons,Minor Injury,C
173857963,157299662,2022-05-21,Plano,TX0430600,13B,W,W,N,M,28,N,N,ST,Restaurant,Restaurant,Personal Weapons,Minor Injury,C
173858099,157299791,2022-05-21,Plano,TX0430600,13B,B,B,N,F,28,R,Y,BG,Hotel/Motel/Etc.,Hotel & Motel,Personal Weapons,Minor Injury,C
173858201,157299874,2022-05-21,Plano,TX0430600,13B,B,B,N,M,52,R,Y,BG,Residence/Home,Home,Personal Weapons,Minor Injury,C
175185136,158455590,2022-05-21,Plano,TX0430600,13B,W,W,N,F,30,R,Y,BG,Residence/Home,Home,Personal Weapons,Minor Injury,C
172110032,155768078,2022-05-22,Plano,TX0430600,13B,H,W,H,F,40,R,N,IL,Parking/Drop Lot/Garage,Parking Lot,Personal Weapons,Minor Injury,C
173857898,157299599,2022-05-22,Plano,TX0430600,13B,W,W,N,F,39,R,N,PA,Residence/Home,Home,Personal Weapons,Minor Injury,C
170375865,154259620,2022-05-23,Plano,TX0430600,13B,B,B,N,M,40,N,Y,SE,Parking/Drop Lot/Garage,Parking Lot,Personal Weapons,,C
170375856,154259611,2022-05-24,Plano,TX0430600,13B,B,B,N,F,30,R,Y,XR,Parking/Drop Lot/Garage,Parking Lot,Personal Weapons,,C
170375951,154259699,2022-05-24,Plano,TX0430600,13B,W,W,N,M,82,R,N,GP,Residence/Home,Home,Personal Weapons,Minor Injury,C
170375952,154259699,2022-05-24,Plano,TX0430600,13B,W,W,N,F,67,R,N,GP,Residence/Home,Home,Personal Weapons,Minor Injury,C
170376041,154259780,2022-05-24,Plano,TX0430600,13B,U,U,U,M,9,U,N,CH,Parking/Drop Lot/Garage,Parking Lot,Personal Weapons,,C
172116433,155773812,2022-05-24,Plano,TX0430600,13B,W,W,N,M,34,R,N,NE,Residence/Home,Home,Personal Weapons,Minor Injury,C
173858028,157299722,2022-05-24,Plano,TX0430600,13B,A,A,N,F,23,R,N,SB,Residence/Home,Home,Personal Weapons,Minor Injury,C
173858134,157299818,2022-05-24,Plano,TX0430600,13B,B,B,N,F,33,N,Y,BG,Parking/Drop Lot/Garage,Parking Lot,Personal Weapons,Minor Injury,C
170376082,154259815,2022-05-25,Plano,TX0430600,13B,W,W,N,M,15,R,N,SB,Residence/Home,Home,Personal Weapons,,C
172110211,155768235,2022-05-26,Plano,TX0430600,13B,W,W,N,F,50,R,Y,XR,Parking/Drop Lot/Garage,Parking Lot,Personal Weapons,,C
173858178,157299861,2022-05-26,Plano,TX0430600,13B,W,W,N,M,8,R,N,CH,Field/Woods,Field & Woods,Personal Weapons,,C
170376376,154260076,2022-05-27,Plano,TX0430600,13B,W,W,N,M,13,R,N,SC,Residence/Home,Home,Personal Weapons,,C
170376377,154260076,2022-05-27,Plano,TX0430600,13B,W,W,N,F,39,R,Y,SE,Residence/Home,Home,Personal Weapons,Minor Injury,C
170376423,154260113,2022-05-27,Plano,TX0430600,13B,B,B,N,M,31,N,Y,XS,Residence/Home,Home,Personal Weapons,Minor Injury,C
172110094,155768133,2022-05-27,Plano,TX0430600,13B,W,W,N,F,14,N,N,AQ,Park/Playground,Park & Playground,Personal Weapons,,C
172110096,155768133,2022-05-27,Plano,TX0430600,13B,W,W,N,F,14,N,N,AQ,Park/Playground,Park & Playground,Personal Weapons,,C
172110154,155768185,2022-05-27,Plano,TX0430600,13B,W,W,N,M,28,R,Y,AQ;XR,Highway/Road/Alley/Street/Sidewalk,Street & Sidewalk,Personal Weapons,Minor Injury,C
173858109,157299799,2022-05-27,Plano,TX0430600,13B,A,A,N,F,26,N,Y,BG,Hotel/Motel/Etc.,Hotel & Motel,Personal Weapons,Minor Injury,C
175185427,158455842,2022-05-27,Plano,TX0430600,13B,W,W,N,F,46,N,Y,BG,Hotel/Motel/Etc.,Hotel & Motel,Personal Weapons,Minor Injury,C
177161362,160178579,2022-05-27,Plano,TX0430600,13B,W,W,N,M,54,R,N,OK,Residence/Home,Home,Personal Weapons,Minor Injury,C
181922947,164342647,2022-05-27,Plano,TX0430600,13B,H,W,H,F,38,N,N,ST,Hotel/Motel/Etc.,Hotel & Motel,Personal Weapons,,C
170376401,154260096,2022-05-28,Plano,TX0430600,13B,W,W,N,F,29,N,Y,XR,Hotel/Motel/Etc.,Hotel & Motel,Personal Weapons,Minor Injury,C
170376513,154260200,2022-05-28,Plano,TX0430600,13B,W,W,N,M,45,R,Y,XR,Residence/Home,Home,Personal Weapons,Minor Injury,C
173858308,157299972,2022-05-28,Plano,TX0430600,13B,W,W,N,F,37,R,Y,SE,Residence/Home,Home,Personal Weapons,Minor Injury,C
173859830,157301237,2022-05-28,Plano,TX0430600,13B,W,W,N,F,27,R,Y,SE,Residence/Home,Home,Personal Weapons,Minor Injury,C
170376638,154260313,2022-05-29,Plano,TX0430600,13B,U,U,U,F,,U,N,ST,Air/Bus/Train Terminal,Transit Station,Personal Weapons,Minor Injury,C
172110361,155768361,2022-05-29,Plano,TX0430600,13B,W,W,N,F,28,R,Y,XR,Residence/Home,Home,Personal Weapons,Minor Injury,C
170376795,154260459,2022-05-30,Plano,TX0430600,13B,W,W,N,F,31,R,N,ST,Park/Playground,Park & Playground,Personal Weapons,,C
170376996,154260640,2022-05-30,Plano,TX0430600,13B,H,W,H,F,36,R,N,AQ,Specialty Store,Specialty Store,Personal Weapons,Minor Injury,C
172110306,155768317,2022-05-30,Plano,TX0430600,13B,W,W,N,F,19,R,N,FR,Park/Playground,Park & Playground,Personal Weapons,Minor Injury,C
172110504,155768486,2022-05-30,Plano,TX0430600,13B,B,B,N,M,79,R,N,PA,Residence/Home,Home,Personal Weapons,Minor Injury,C
178574867,161416887,2022-05-30,Plano,TX0430600,13B,W,W,N,M,,,N,AQ,Park/Playground,Park & Playground,Personal Weapons,,C
178574868,161416887,2022-05-30,Plano,TX0430600,13B,A,A,N,M,15,R,N,AQ,Park/Playground,Park & Playground,Personal Weapons,,C
172110173,155768201,2022-05-31,Plano,TX0430600,13B,W,W,N,F,26,R,Y,ST;XR,Residence/Home,Home,Personal Weapons,Minor Injury,C
172110386,155768384,2022-05-31,Plano,TX0430600,13B,H,W,H,F,44,R,Y,XR,Residence/Home,Home,Personal Weapons,Minor Injury,C
173858338,157299996,2022-05-31,Plano,TX0430600,13B,W,W,N,F,47,R,Y,BG,Residence/Home,Home,Personal Weapons,Minor Injury,C
175189440,158459353,2022-06-01,Plano,TX0430600,13B,B,B,N,F,7,N,N,SC,Residence/Home,Home,Personal Weapons,Minor Injury,C
175193305,158462771,2022-06-01,Plano,TX0430600,13B,W,W,N,M,77,R,N,PA,Residence/Home,Home,Personal Weapons,Minor Injury,C
181928106,164347281,2022-06-01,Plano,TX0430600,13B,W,W,N,F,22,R,Y,BG,Highway/Road/Alley/Street/Sidewalk,Street & Sidewalk,Personal Weapons,Minor Injury,C
181930189,164349112,2022-06-01,Plano,TX0430600,13B,B,B,N,F,49,N,N,ER,Residence/Home,Home,Personal Weapons,Minor Injury,C
172110609,155768551,2022-06-02,Plano,TX0430600,13B,A,A,N,F,24,R,Y,SE,Residence/Home,Home,Personal Weapons,Minor Injury,C
175185503,158455913,2022-06-02,Plano,TX0430600,13B,W,W,N,M,16,R,N,SB,Residence/Home,Home,Personal Weapons,Minor Injury,C
184330359,166439383,2022-06-02,Plano,TX0430600,13B,W,W,N,M,41,R,N,ST,Parking/Drop Lot/Garage,Parking Lot,Personal Weapons,Minor Injury,C
172110426,155768417,2022-06-03,Plano,TX0430600,13B,W,W,N,M,35,R,Y,XS,Daycare Facility,Daycare Facility,Personal Weapons,,C
172110427,155768417,2022-06-03,Plano,TX0430600,13B,W,W,N,F,1,R,N,CH,Daycare Facility,Daycare Facility,Personal Weapons,,C
172110598,155768539,2022-06-03,Plano,TX0430600,13B,W,W,N,F,44,R,Y,XR,Residence/Home,Home,Personal Weapons,Minor Injury,C
172110656,155768591,2022-06-03,Plano,TX0430600,13B,W,W,N,F,65,R,N,PA,Residence/Home,Home,Personal Weapons,,C
175185595,158455966,2022-06-03,Plano,TX0430600,13B,A,A,N,M,15,R,N,CH,Residence/Home,Home,Personal Weapons,Minor Injury,C
172110463,155768451,2022-06-04,Plano,TX0430600,13B,W,W,N,F,59,R,N,PA,Residence/Home,Home,Personal Weapons,Minor Injury,C
172110632,155768568,2022-06-04,Plano,TX0430600,13B,H,W,H,M,25,,N,OK;VO,Parking/Drop Lot/Garage,Parking Lot,Personal Weapons,Minor Injury,C
172110633,155768568,2022-06-04,Plano,TX0430600,13B,B,B,N,M,25,,N,OK;VO,Parking/Drop Lot/Garage,Parking Lot,Personal Weapons,Minor Injury,C
172110720,155768653,2022-06-04,Plano,TX0430600,13B,B,B,N,F,64,N,N,ST,Restaurant,Restaurant,Personal Weapons,Minor Injury,C
175196018,158465200,2022-06-04,Plano,TX0430600,13B,B,B,N,F,29,R,Y,BG,Residence/Home,Home,Personal Weapons,Minor Injury,C
181923001,164342697,2022-06-04,Plano,TX0430600,13B,W,W,N,M,69,N,N,ST,Specialty Store,Specialty Store,Personal Weapons,Minor Injury,C
172110702,155768638,2022-06-05,Plano,TX0430600,13B,W,W,N,F,49,N,Y,BG,Residence/Home,Home,Personal Weapons,,C
175185846,158456203,2022-06-05,Plano,TX0430600,13B,B,B,N,F,28,R,Y,BG,Residence/Home,Home,Personal Weapons,Minor Injury,C
175185526,158455933,2022-06-06,Plano,TX0430600,13B,A,A,N,F,28,R,Y,SE,Residence/Home,Home,Personal Weapons,Minor Injury,C
172110686,155768621,2022-06-07,Plano,TX0430600,13B,B,B,N,M,70,R,N,PA,Residence/Home,Home,Personal Weapons,,C
172110814,155768733,2022-06-07,Plano,TX0430600,13B,H,W,H,F,,U,N,ST,Convenience Store,Convenience Store,Personal Weapons,,C
172111033,155768928,2022-06-09,Plano,TX0430600,13B,W,W,N,M,59,R,N,OK,Church/Synagogue/Temple/Mosque,Religious Building,Personal Weapons,,C
172110877,155768789,2022-06-10,Plano,TX0430600,13B,B,B,N,M,44,R,Y,XR,Parking/Drop Lot/Garage,Parking Lot,Personal Weapons,Minor Injury,C
172111032,155768927,2022-06-10,Plano,TX0430600,13B,W,W,N,M,22,R,N,AQ,Parking/Drop Lot/Garage,Parking Lot,Personal Weapons,Minor Injury,C
172111108,155768999,2022-06-10,Plano,TX0430600,13B,B,B,N,M,20,N,N,ST,Restaurant,Restaurant,Personal Weapons,,C
172111109,155768999,2022-06-10,Plano,TX0430600,13B,W,W,N,F,,U,N,ST,Restaurant,Restaurant,Personal Weapons,Minor Injury,C
177161439,160178648,2022-06-10,Plano,TX0430600,13B,H,W,H,M,31,R,N,ST,Parking/Drop Lot/Garage,Parking Lot,Personal Weapons,Minor Injury,C
177161440,160178648,2022-06-10,Plano,TX0430600,13B,H,W,H,M,34,R,N,ST,Parking/Drop Lot/Garage,Parking Lot,Personal Weapons,Minor Injury,C
172111122,155769010,2022-06-11,Plano,TX0430600,13B,W,W,N,M,44,R,N,AQ,Parking/Drop Lot/Garage,Parking Lot,Personal Weapons,,C
177161321,160178551,2022-06-11,Plano,TX0430600,13B,B,B,N,M,29,R,Y,BG,Parking/Drop Lot/Garage,Parking Lot,Personal Weapons,Minor Injury,C
181923094,164342774,2022-06-11,Plano,TX0430600,13B,H,W,H,M,24,R,N,ST,Parking/Drop Lot/Garage,Parking Lot,Personal Weapons,Minor Injury,C
185938403,167853293,2022-06-11,Plano,TX0430600,13B,B,B,N,F,28,R,N,FR,Residence/Home,Home,Personal Weapons,Minor Injury,C
172111110,155768998,2022-06-12,Plano,TX0430600,13B,I,I,N,F,23,R,Y,BG,Residence/Home,Home,Personal Weapons,Minor Injury,C
172111315,155769184,2022-06-12,Plano,TX0430600,13B,B,B,N,F,26,R,Y,XR,Residence/Home,Home,Personal Weapons,Minor Injury,C
175185706,158456073,2022-06-12,Plano,TX0430600,13B,H,W,H,F,44,R,Y,SE,Residence/Home,Home,Personal Weapons,Minor Injury,C
177161373,160178591,2022-06-12,Plano,TX0430600,13B,H,W,H,M,32,R,Y,BG,Residence/Home,Home,Personal Weapons,Minor Injury,C
172111444,155769294,2022-06-13,Plano,TX0430600,13B,H,W,H,F,25,R,Y,BG,Residence/Home,Home,Personal Weapons,Minor Injury,C
175185654,158456023,2022-06-13,Plano,TX0430600,13B,W,W,N,M,48,R,Y,SE,Residence/Home,Home,Personal Weapons,Minor Injury,C
175185816,158456177,2022-06-13,Plano,TX0430600,13B,H,W,H,F,37,N,Y,XR,Hotel/Motel/Etc.,Hotel & Motel,Personal Weapons,Minor Injury,C
172111255,155769133,2022-06-14,Plano,TX0430600,13B,H,W,H,F,42,N,Y,BG,Hotel/Motel/Etc.,Hotel & Motel,Personal Weapons,Minor Injury,C
172111431,155769283,2022-06-14,Plano,TX0430600,13B,H,W,H,M,63,N,N,ST,Parking/Drop Lot/Garage,Parking Lot,Personal Weapons,,C
173858744,157300349,2022-06-14,Plano,TX0430600,13B,W,W,N,M,65,R,N,ST,Specialty Store,Specialty Store,Personal Weapons,Minor Injury,C
175185770,158456130,2022-06-14,Plano,TX0430600,13B,W,W,N,M,60,R,Y,SE,Residence/Home,Home,Personal Weapons,Minor Injury,C
177161364,160178581,2022-06-14,Plano,TX0430600,13B,W,W,N,M,33,R,N,OF;OK,Residence/Home,Home,Personal Weapons,Minor Injury,C
172111771,155769590,2022-06-15,Plano,TX0430600,13B,B,B,N,M,22,R,N,OK,Residence/Home,Home,Personal Weapons,Minor Injury,C
172111773,155769590,2022-06-15,Plano,TX0430600,13B,B,B,N,F,23,N,N,ST,Residence/Home,Home,Personal Weapons,Minor Injury,C
172111631,155769467,2022-06-16,Plano,TX0430600,13B,W,W,N,F,57,R,Y,XR,Residence/Home,Home,Personal Weapons,Minor Injury,C
175186017,158456347,2022-06-16,Plano,TX0430600,13B,H,W,H,F,24,R,Y,XR,Parking/Drop Lot/Garage,Parking Lot,Personal Weapons,Minor Injury,C
173859116,157300676,2022-06-17,Plano,TX0430600,13B,H,W,H,M,33,R,N,ST,Residence/Home,Home,Personal Weapons,Minor Injury,C
177161419,160178635,2022-06-17,Plano,TX0430600,13B,H,W,H,F,28,R,Y,BG,Residence/Home,Home,Personal Weapons,Minor Injury,C
172111638,155769472,2022-06-18,Plano,TX0430600,13B,W,W,N,F,56,R,N,PA,Residence/Home,Home,Personal Weapons,,C
172111832,155769639,2022-06-18,Plano,TX0430600,13B,H,W,H,F,27,N,N,ST,Restaurant,Restaurant,Personal Weapons,,C
172111858,155769662,2022-06-18,Plano,TX0430600,13B,W,W,N,M,,N,N,ST,Restaurant,Restaurant,Personal Weapons,,C
173859032,157300608,2022-06-18,Plano,TX0430600,13B,W,W,N,M,26,R,Y,XR,Residence/Home,Home,Personal Weapons,Minor Injury,C
173867255,157307933,2022-06-18,Plano,TX0430600,13B,H,W,H,F,24,N,Y,XR,Hotel/Motel/Etc.,Hotel & Motel,Personal Weapons,Minor Injury,C
175185837,158456194,2022-06-18,Plano,TX0430600,13B,W,W,N,M,65,R,N,PA,Residence/Home,Home,Personal Weapons,Minor Injury,C
175185894,158456249,2022-06-18,Plano,TX0430600,13B,B,B,N,F,36,N,Y,SE,Parking/Drop Lot/Garage,Parking Lot,Personal Weapons,Minor Injury,C
172111743,155769562,2022-06-19,Plano,TX0430600,13B,H,W,H,M,38,N,N,ST,Restaurant,Restaurant,Personal Weapons,,C
175186045,158456375,2022-06-19,Plano,TX0430600,13B,W,W,N,F,35,N,Y,SE,Parking/Drop Lot/Garage,Parking Lot,Personal Weapons,,C
177161522,160178723,2022-06-19,Plano,TX0430600,13B,W,W,N,F,32,N,Y,SE,Hotel/Motel/Etc.,Hotel & Motel,Personal Weapons,Minor Injury,C
172111780,155769595,2022-06-20,Plano,TX0430600,13B,A,A,N,F,33,R,N,AQ,Specialty Store,Specialty Store,Personal Weapons,Minor Injury,C
172111875,155769676,2022-06-20,Plano,TX0430600,13B,P,P,N,F,40,R,Y,SE,Residence/Home,Home,Personal Weapons,Minor Injury,C
173867511,157308169,2022-06-20,Plano,TX0430600,13B,A,A,N,F,60,N,N,OK,Residence/Home,Home,Personal Weapons,Minor Injury,C
177161776,160178937,2022-06-20,Plano,TX0430600,13B,B,B,N,F,56,R,N,AQ,Residence/Home,Home,Personal Weapons,,C
173859240,157300786,2022-06-21,Plano,TX0430600,13B,W,W,N,M,68,R,N,ST,Convenience Store,Convenience Store,Personal Weapons,Minor Injury,C
177161480,160178684,2022-06-21,Plano,TX0430600,13B,B,B,N,F,26,R,Y,XR,Parking/Drop Lot/Garage,Parking Lot,Personal Weapons,,C
177161555,160178747,2022-06-21,Plano,TX0430600,13B,W,W,N,F,34,R,Y,SE,Residence/Home,Home,Personal Weapons,Minor Injury,C
177161626,160178813,2022-06-21,Plano,TX0430600,13B,W,W,N,M,15,N,N,ST,Amusement Park,Amusement Park,Personal Weapons,Minor Injury,C
173859506,157300978,2022-06-22,Plano,TX0430600,13B,B,B,N,M,56,N,N,AQ;EE,Construction Site,Construction Site,Personal Weapons,,C
177161473,160178680,2022-06-22,Plano,TX0430600,13B,B,B,N,F,20,R,Y,BG,Residence/Home,Home,Personal Weapons,Minor Injury,C
177161506,160178708,2022-06-22,Plano,TX0430600,13B,A,A,N,F,41,R,Y,SE,Residence/Home,Home,Personal Weapons,Minor Injury,C
177161578,160178771,2022-06-22,Plano,TX0430600,13B,A,A,N,F,51,R,N,PA,Residence/Home,Home,Personal Weapons,Minor Injury,C
177167419,160183940,2022-06-22,Plano,TX0430600,13B,B,B,N,F,37,N,Y,BG,Parking/Drop Lot/Garage,Parking Lot,Personal Weapons,Minor Injury,C
180090292,162739317,2022-06-22,Plano,TX0430600,13B,B,B,N,F,15,R,N,AQ,Amusement Park,Amusement Park,Personal Weapons,Minor Injury,C
172112174,155769932,2022-06-23,Plano,TX0430600,13B,B,B,N,M,27,N,Y,XR,Parking/Drop Lot/Garage,Parking Lot,Personal Weapons,,C
173859341,157300836,2022-06-23,Plano,TX0430600,13B,H,W,H,F,38,R,Y,SE,Residence/Home,Home,Personal Weapons,Minor Injury,C
177161501,160178704,2022-06-23,Plano,TX0430600,13B,B,B,N,F,26,R,Y,XR,Residence/Home,Home,Personal Weapons,Minor Injury,C
177161502,160178704,2022-06-23,Plano,TX0430600,13B,B,B,N,M,26,N,N,AQ,Residence/Home,Home,Personal Weapons,Minor Injury,C
177161636,160178822,2022-06-23,Plano,TX0430600,13B,B,B,N,F,20,R,Y,BG,Residence/Home,Home,Personal Weapons,Minor Injury,C
173859463,157300951,2022-06-24,Plano,TX0430600,13B,H,W,H,F,17,R,N,OK,Restaurant,Restaurant,Personal Weapons,,C
178574974,161416976,2022-06-24,Plano,TX0430600,13B,W,W,N,F,22,U,N,ST,Restaurant,Restaurant,Personal Weapons,,C
172112492,155770192,2022-06-25,Plano,TX0430600,13B,W,W,N,M,32,N,N,SC,Residence/Home,Home,Personal Weapons,Minor Injury,C
172112522,155770216,2022-06-25,Plano,TX0430600,13B,B,B,N,M,26,U,N,ST,Highway/Road/Alley/Street/Sidewalk,Street & Sidewalk,Personal Weapons,,C
173859562,157301023,2022-06-25,Plano,TX0430600,13B,H,W,H,M,35,R,Y,VO;XR,Residence/Home,Home,Personal Weapons,Minor Injury,C
173859566,157301023,2022-06-25,Plano,TX0430600,13B,W,W,N,F,31,N,Y,VO;XR,Residence/Home,Home,Personal Weapons,Minor Injury,C
173859620,157301071,2022-06-25,Plano,TX0430600,13B,B,B,N,M,30,N,N,ST,Bar/Nightclub,Bar & Nightclub,Personal Weapons,,C
185938881,167853706,2022-06-25,Plano,TX0430600,13B,H,W,H,F,34,R,Y,SE,Residence/Home,Home,Personal Weapons,Minor Injury,C
172112375,155770099,2022-06-26,Plano,TX0430600,13B,W,W,N,F,26,N,N,SB,Residence/Home,Home,Personal Weapons,Minor Injury,C
173859582,157301039,2022-06-26,Plano,TX0430600,13B,W,W,N,M,23,N,Y,BG,Highway/Road/Alley/Street/Sidewalk,Street & Sidewalk,Personal Weapons,,C
173859824,157301231,2022-06-26,Plano,TX0430600,13B,W,W,N,F,47,R,N,PA,Residence/Home,Home,Personal Weapons,,C
173859825,157301231,2022-06-26,Plano,TX0430600,13B,W,W,N,M,28,R,N,SB,Residence/Home,Home,Personal Weapons,Minor Injury,C
173859918,157301316,2022-06-26,Plano,TX0430600,13B,H,W,H,F,32,N,Y,BG,Highway/Road/Alley/Street/Sidewalk,Street & Sidewalk,Personal Weapons,Minor Injury,C
173867420,157308085,2022-06-26,Plano,TX0430600,13B,H,W,H,M,63,R,N,ST,Parking/Drop Lot/Garage,Parking Lot,Personal Weapons,,C
175186001,158456335,2022-06-27,Plano,TX0430600,13B,H,W,H,F,24,R,Y,BG,Residence/Home,Home,Personal Weapons,Minor Injury,C
177161551,160178745,2022-06-27,Plano,TX0430600,13B,B,B,N,F,42,R,Y,SE,Residence/Home,Home,Personal Weapons,Minor Injury,C
177161552,160178745,2022-06-27,Plano,TX0430600,13B,B,B,N,M,16,R,N,SC,Residence/Home,Home,Personal Weapons,,C
177161553,160178745,2022-06-27,Plano,TX0430600,13B,B,B,N,M,12,R,N,CH,Residence/Home,Home,Personal Weapons,Minor Injury,C
187883087,169543959,2022-06-27,Plano,TX0430600,13B,W,W,N,M,33,U,Y,BG,Commercial/Office Building,Office Building,Personal Weapons,Minor Injury,C
173859828,157301235,2022-06-28,Plano,TX0430600,13B,B,B,N,M,57,N,N,PA,Residence/Home,Home,Personal Weapons,Minor Injury,C
173859847,157301252,2022-06-28,Plano,TX0430600,13B,W,W,N,F,51,N,Y,XR,Highway/Road/Alley/Street/Sidewalk,Street & Sidewalk,Personal Weapons,Minor Injury,C
173859856,157301259,2022-06-28,Plano,TX0430600,13B,B,B,N,F,21,N,N,FR;VO,Residence/Home,Home,Personal Weapons,Minor Injury,C
173859857,157301259,2022-06-28,Plano,TX0430600,13B,B,B,N,M,47,R,N,FR;VO,Residence/Home,Home,Personal Weapons,,C
175186171,158456483,2022-06-28,Plano,TX0430600,13B,B,B,N,M,24,N,N,OK,Residence/Home,Home,Personal Weapons,Minor Injury,C
177161430,160178641,2022-06-28,Plano,TX0430600,13B,A,A,N,M,20,R,Y,BG,Highway/Road/Alley/Street/Sidewalk,Street & Sidewalk,Personal Weapons,Minor Injury,C
177167446,160183965,2022-06-28,Plano,TX0430600,13B,W,W,N,M,59,R,N,PA,Residence/Home,Home,Personal Weapons,Minor Injury,C
172112803,155770468,2022-06-29,Plano,TX0430600,13B,W,W,N,M,16,N,N,SB,Residence/Home,Home,Personal Weapons,Minor Injury,C
173867370,157308036,2022-06-29,Plano,TX0430600,13B,H,W,H,F,21,N,Y,BG,Residence/Home,Home,Personal Weapons,Minor Injury,C
175186195,158456500,2022-06-29,Plano,TX0430600,13B,B,B,N,F,29,N,Y,BG,Residence/Home,Home,Personal Weapons,Minor Injury,C
175186210,158456515,2022-06-30,Plano,TX0430600,13B,W,W,N,F,18,R,Y,BG,Residence/Home,Home,Personal Weapons,Minor Injury,C
177161450,160178657,2022-06-30,Plano,TX0430600,13B,B,B,N,F,37,R,Y,BG,Residence/Home,Home,Personal Weapons,Minor Injury,C
173859898,157301298,2022-07-01,Plano,TX0430600,13B,W,W,N,F,28,R,Y,SE,Residence/Home,Home,Personal Weapons,,C
180084646,162734236,2022-07-01,Plano,TX0430600,13B,W,W,N,M,52,N,N,ST,Other/Unknown,Other & Unknown,Personal Weapons,Minor Injury,C
180084647,162734236,2022-07-01,Plano,TX0430600,13B,U,U,U,F,47,,N,ST,Other/Unknown,Other & Unknown,Personal Weapons,Minor Injury,C
173860177,157301523,2022-07-02,Plano,TX0430600,13B,H,W,H,F,30,R,N,ST,Residence/Home,Home,Personal Weapons,,C
175186146,158456455,2022-07-02,Plano,TX0430600,13B,W,W,N,F,75,N,N,AQ,Residence/Home,Home,Personal Weapons,,C
177161475,160178678,2022-07-02,Plano,TX0430600,13B,H,W,H,M,27,R,Y,SE,Residence/Home,Home,Personal Weapons,Minor Injury,C
177161536,160178731,2022-07-02,Plano,TX0430600,13B,B,B,N,F,40,R,Y,BG,Residence/Home,Home,Personal Weapons,Minor Injury,C
173860039,157301417,2022-07-03,Plano,TX0430600,13B,W,W,N,F,19,R,Y,XR,Highway/Road/Alley/Street/Sidewalk,Street & Sidewalk,Personal Weapons,Minor Injury,C
177161550,160178748,2022-07-03,Plano,TX0430600,13B,H,W,H,F,49,R,N,AQ,Residence/Home,Home,Personal Weapons,Minor Injury,C
181923051,164342738,2022-07-03,Plano,TX0430600,13B,A,A,N,M,40,R,Y,SE,Residence/Home,Home,Personal Weapons,Minor Injury,C
181923083,164342766,2022-07-03,Plano,TX0430600,13B,W,W,N,F,33,R,Y,BG,Residence/Home,Home,Personal Weapons,Minor Injury,C
173860200,157301543,2022-07-04,Plano,TX0430600,13B,W,W,N,M,20,N,Y,XR,Highway/Road/Alley/Street/Sidewalk,Street & Sidewalk,Personal Weapons,Minor Injury,C
173860194,157301537,2022-07-05,Plano,TX0430600,13B,W,W,N,F,25,N,Y,XR,Residence/Home,Home,Personal Weapons,,C
173860321,157301656,2022-07-05,Plano,TX0430600,13B,H,W,H,M,46,R,N,PA,Residence/Home,Home,Personal Weapons,,C
173860322,157301656,2022-07-05,Plano,TX0430600,13B,W,W,N,F,43,R,N,PA,Residence/Home,Home,Personal Weapons,Minor Injury,C
173860447,157301773,2022-07-06,Plano,TX0430600,13B,H,W,H,M,34,R,N,CH,Residence/Home,Home,Personal Weapons,,C
173860520,157301843,2022-07-06,Plano,TX0430600,13B,W,W,N,M,64,R,N,AQ,Residence/Home,Home,Personal Weapons,,C
173860792,157302089,2022-07-06,Plano,TX0430600,13B,W,W,N,F,37,N,Y,XR,Residence/Home,Home,Personal Weapons,Minor Injury,C
175186305,158456599,2022-07-06,Plano,TX0430600,13B,H,W,H,F,39,N,N,ST,Parking/Drop Lot/Garage,Parking Lot,Personal Weapons,Minor Injury,C
173860735,157302036,2022-07-08,Plano,TX0430600,13B,W,W,N,M,35,,N,ST,Bar/Nightclub,Bar & Nightclub,Personal Weapons,,C
175186483,158456752,2022-07-08,Plano,TX0430600,13B,W,W,N,M,28,R,N,ST,Highway/Road/Alley/Street/Sidewalk,Street & Sidewalk,Personal Weapons,Minor Injury,C
177161533,160178734,2022-07-08,Plano,TX0430600,13B,A,A,N,F,36,R,Y,SE,Residence/Home,Home,Personal Weapons,Minor Injury,C
177161590,160178782,2022-07-08,Plano,TX0430600,13B,W,W,N,F,53,R,Y,SE,Residence/Home,Home,Personal Weapons,Minor Injury,C
173860821,157302115,2022-07-09,Plano,TX0430600,13B,B,B,N,F,31,R,Y,BG,Residence/Home,Home,Personal Weapons,Minor Injury,C
173860849,157302142,2022-07-09,Plano,TX0430600,13B,W,W,N,F,30,R,N,ST,Parking/Drop Lot/Garage,Parking Lot,Personal Weapons,,C
173860882,157302174,2022-07-09,Plano,TX0430600,13B,B,B,N,F,30,R,Y,XR,Residence/Home,Home,Personal Weapons,,C
173860963,157302246,2022-07-09,Plano,TX0430600,13B,H,W,H,F,49,R,Y,BG;VO,Residence/Home,Home,Personal Weapons,,C
173860964,157302246,2022-07-09,Plano,TX0430600,13B,H,W,H,M,50,N,Y,BG;VO,Residence/Home,Home,Personal Weapons,,C
173860863,157302156,2022-07-10,Plano,TX0430600,13B,H,W,H,F,22,R,N,AQ;VO,Residence/Home,Home,Personal Weapons,,C
173860864,157302156,2022-07-10,Plano,TX0430600,13B,H,W,H,F,48,R,N,AQ;VO,Residence/Home,Home,Personal Weapons,,C
173860927,157302219,2022-07-10,Plano,TX0430600,13B,H,W,H,F,60,R,N,,Residence/Home,Home,Personal Weapons,Minor Injury,C
178575086,161417061,2022-07-10,Plano,TX0430600,13B,H,W,H,F,33,R,Y,XR,Residence/Home,Home,Personal Weapons,Minor Injury,C
173861132,157302394,2022-07-11,Plano,TX0430600,13B,H,W,H,M,26,R,N,ST,Park/Playground,Park & Playground,Personal Weapons,Minor Injury,C
173861366,157302591,2022-07-12,Plano,TX0430600,13B,B,B,N,F,30,R,Y,BG,Residence/Home,Home,Personal Weapons,,C
177161562,160178755,2022-07-12,Plano,TX0430600,13B,W,W,N,M,31,N,N,ST,Other/Unknown,Other & Unknown,Personal Weapons,Minor Injury,C
178575119,161417089,2022-07-12,Plano,TX0430600,13B,H,W,H,F,21,R,Y,BG,Residence/Home,Home,Personal Weapons,Minor Injury,C
173861425,157302647,2022-07-13,Plano,TX0430600,13B,W,W,U,M,25,R,N,ST,Residence/Home,Home,Personal Weapons,Minor Injury,C
178575170,161417133,2022-07-13,Plano,TX0430600,13B,A,A,N,F,10,U,N,OF,Residence/Home,Home,Personal Weapons,Minor Injury,C
173861437,157302659,2022-07-14,Plano,TX0430600,13B,H,W,H,F,58,R,N,PA,Residence/Home,Home,Personal Weapons,Minor Injury,C
173861642,157302836,2022-07-14,Plano,TX0430600,13B,B,B,N,F,33,R,N,PA,Residence/Home,Home,Personal Weapons,Minor Injury,C
173868074,157308682,2022-07-14,Plano,TX0430600,13B,H,W,H,F,21,R,Y,XR,Residence/Home,Home,Personal Weapons,Minor Injury,C
178575147,161417114,2022-07-14,Plano,TX0430600,13B,W,W,N,M,36,R,Y,SE,Residence/Home,Home,Personal Weapons,Minor Injury,C
187882977,169543863,2022-07-14,Plano,TX0430600,13B,B,B,N,F,36,R,Y,BG,Residence/Home,Home,Personal Weapons,Minor Injury,C
175186765,158457008,2022-07-15,Plano,TX0430600,13B,B,B,N,F,59,,N,ST,Grocery/Supermarket,Grocery Store,Personal Weapons,,C
175186766,158457008,2022-07-15,Plano,TX0430600,13B,H,W,H,F,49,R,N,ST,Grocery/Supermarket,Grocery Store,Personal Weapons,,C
175186902,158457128,2022-07-15,Plano,TX0430600,13B,W,W,N,F,24,N,Y,BG,Residence/Home,Home,Personal Weapons,Minor Injury,C
178575112,161417082,2022-07-15,Plano,TX0430600,13B,A,A,N,F,71,R,N,IL,Residence/Home,Home,Personal Weapons,Minor Injury,C
184330738,166439703,2022-07-15,Plano,TX0430600,13B,H,W,H,F,27,N,Y,BG,Residence/Home,Home,Personal Weapons,Minor Injury,C
173861635,157302830,2022-07-16,Plano,TX0430600,13B,H,W,H,F,30,R,Y,SE,Residence/Home,Home,Personal Weapons,,C
173868226,157308816,2022-07-16,Plano,TX0430600,13B,B,B,N,M,16,R,N,SB,Residence/Home,Home,Personal Weapons,,C
178575168,161417131,2022-07-16,Plano,TX0430600,13B,W,W,N,F,60,R,Y,BG,Hotel/Motel/Etc.,Hotel & Motel,Personal Weapons,Minor Injury,C
173861650,157302843,2022-07-17,Plano,TX0430600,13B,W,W,N,F,21,N,N,ST,Restaurant,Restaurant,Personal Weapons,,C
173861776,157302961,2022-07-17,Plano,TX0430600,13B,W,W,N,M,63,R,N,PA,Residence/Home,Home,Personal Weapons,Minor Injury,C
178575213,161417167,2022-07-17,Plano,TX0430600,13B,H,W,H,F,44,R,Y,XR,Restaurant,Restaurant,Personal Weapons,Minor Injury,C
173861750,157302933,2022-07-18,Plano,TX0430600,13B,W,W,N,F,39,N,Y,XR,Park/Playground,Park & Playground,Personal Weapons,Minor Injury,C
173861808,157302991,2022-07-18,Plano,TX0430600,13B,W,W,N,F,45,R,Y,SE,Residence/Home,Home,Personal Weapons,,C
173861993,157303152,2022-07-18,Plano,TX0430600,13B,W,W,N,M,31,N,N,ST,Highway/Road/Alley/Street/Sidewalk,Street & Sidewalk,Personal Weapons,Minor Injury,C
175187038,158457246,2022-07-18,Plano,TX0430600,13B,H,W,H,M,17,R,N,AQ,Restaurant,Restaurant,Personal Weapons,Minor Injury,C
178575194,161417152,2022-07-18,Plano,TX0430600,13B,B,B,N,F,33,R,Y,BG,Residence/Home,Home,Personal Weapons,,C
178575227,161417176,2022-07-18,Plano,TX0430600,13B,W,W,N,F,64,R,N,ST,Residence/Home,Home,Personal Weapons,Minor Injury,C
175187001,158457210,2022-07-19,Plano,TX0430600,13B,H,W,H,F,17,R,Y,BG,Residence/Home,Home,Personal Weapons,Minor Injury,C
177161660,160178843,2022-07-19,Plano,TX0430600,13B,H,W,H,F,23,N,Y,BG,Hotel/Motel/Etc.,Hotel & Motel,Personal Weapons,Minor Injury,C
175187039,158457243,2022-07-20,Plano,TX0430600,13B,B,B,N,F,15,N,N,CH,Residence/Home,Home,Personal Weapons,Minor Injury,C
177161753,160178917,2022-07-20,Plano,TX0430600,13B,W,W,N,F,39,N,Y,BG,Field/Woods,Field & Woods,Personal Weapons,Minor Injury,C
177161788,160178948,2022-07-20,Plano,TX0430600,13B,H,W,H,F,45,R,Y,BG,Residence/Home,Home,Personal Weapons,Minor Injury,C
180084802,162734375,2022-07-20,Plano,TX0430600,13B,B,B,N,F,25,N,N,AQ,Specialty Store,Specialty Store,Personal Weapons,Minor Injury,C
175187050,158457257,2022-07-21,Plano,TX0430600,13B,W,W,N,F,50,N,N,PA,Hotel/Motel/Etc.,Hotel & Motel,Personal Weapons,Minor Injury,C
175187158,158457353,2022-07-21,Plano,TX0430600,13B,B,B,N,M,17,R,N,SP,Residence/Home,Home,Personal Weapons,Minor Injury,C
173862298,157303418,2022-07-22,Plano,TX0430600,13B,B,B,N,F,65,R,N,ST,Convenience Store,Convenience Store,Personal Weapons,Minor Injury,C
173862549,157303644,2022-07-23,Plano,TX0430600,13B,H,W,H,M,67,N,N,ST,Parking/Drop Lot/Garage,Parking Lot,Personal Weapons,,C
178575235,161417184,2022-07-23,Plano,TX0430600,13B,W,W,N,F,77,R,Y,SE,Residence/Home,Home,Personal Weapons,Minor Injury,C
178575256,161417195,2022-07-23,Plano,TX0430600,13B,B,B,N,F,38,R,N,ST,Restaurant,Restaurant,Personal Weapons,Minor Injury,C
187882207,169543164,2022-07-23,Plano,TX0430600,13B,B,B,N,F,24,N,N,AQ,Hotel/Motel/Etc.,Hotel & Motel,Personal Weapons,,C
173862699,157303782,2022-07-24,Plano,TX0430600,13B,H,W,H,F,21,R,Y,BG,Residence/Home,Home,Personal Weapons,Minor Injury,C
173862832,157303907,2022-07-24,Plano,TX0430600,13B,B,B,N,F,29,N,Y,BG,Residence/Home,Home,Personal Weapons,Minor Injury,C
173863044,157304090,2022-07-24,Plano,TX0430600,13B,W,W,N,F,67,R,N,AQ,Hotel/Motel/Etc.,Hotel & Motel,Personal Weapons,Minor Injury,C
175187153,158457349,2022-07-24,Plano,TX0430600,13B,H,W,H,M,17,R,N,AQ;VO,Residence/Home,Home,Personal Weapons,Minor Injury,C
175187213,158457393,2022-07-24,Plano,TX0430600,13B,B,B,N,F,40,R,N,ST,Grocery/Supermarket,Grocery Store,Personal Weapons,Minor Injury,C
175187255,158457429,2022-07-24,Plano,TX0430600,13B,B,B,N,F,30,N,N,OF,Arena/Stadium/Fairgrounds/Coliseum,Arena & Stadium,Personal Weapons,Minor Injury,C
175187265,158457439,2022-07-24,Plano,TX0430600,13B,W,W,N,M,53,R,N,ST,Restaurant,Restaurant,Personal Weapons,,C
178575238,161417187,2022-07-24,Plano,TX0430600,13B,A,A,N,F,35,R,Y,BG,Residence/Home,Home,Personal Weapons,Minor Injury,C
173862654,157303745,2022-07-25,Plano,TX0430600,13B,B,B,N,M,22,N,Y,BG;VO,Residence/Home,Home,Personal Weapons,Minor Injury,C
173862655,157303745,2022-07-25,Plano,TX0430600,13B,B,B,N,F,23,R,Y,BG;VO,Residence/Home,Home,Personal Weapons,Minor Injury,C
178575263,161417203,2022-07-25,Plano,TX0430600,13B,W,W,N,F,19,R,Y,BG,Residence/Home,Home,Personal Weapons,Minor Injury,C
178575269,161417208,2022-07-25,Plano,TX0430600,13B,H,W,H,F,35,R,Y,BG,Residence/Home,Home,Personal Weapons,Minor Injury,C
175187294,158457469,2022-07-26,Plano,TX0430600,13B,B,B,N,M,43,N,N,AQ;OK,Parking/Drop Lot/Garage,Parking Lot,Personal Weapons,,C
175187310,158457481,2022-07-26,Plano,TX0430600,13B,W,W,N,M,48,N,N,ST,Parking/Drop Lot/Garage,Parking Lot,Personal Weapons,Minor Injury,C
175193338,158462805,2022-07-27,Plano,TX0430600,13B,H,W,H,F,24,R,Y,SE,Residence/Home,Home,Personal Weapons,,C
177161885,160179032,2022-07-27,Plano,TX0430600,13B,W,W,N,M,41,R,N,ST,Parking/Drop Lot/Garage,Parking Lot,Personal Weapons,Minor Injury,C
175187371,158457544,2022-07-28,Plano,TX0430600,13B,B,B,N,F,18,R,N,ST,Restaurant,Restaurant,Personal Weapons,,C
175187390,158457560,2022-07-28,Plano,TX0430600,13B,B,B,N,M,57,R,N,SP,Residence/Home,Home,Personal Weapons,Minor Injury,C
175187474,158457634,2022-07-29,Plano,TX0430600,13B,W,W,N,F,35,N,Y,BG,Convenience Store,Convenience Store,Personal Weapons,Minor Injury,C
175187526,158457680,2022-07-29,Plano,TX0430600,13B,B,B,N,F,36,R,Y,BG,Residence/Home,Home,Personal Weapons,Minor Injury,C
177161844,160178995,2022-07-29,Plano,TX0430600,13B,B,B,N,F,32,R,Y,BG,Parking/Drop Lot/Garage,Parking Lot,Personal Weapons,Minor Injury,C
178575293,161417225,2022-07-29,Plano,TX0430600,13B,A,A,N,F,36,R,Y,SE,Residence/Home,Home,Personal Weapons,Minor Injury,C
173863741,157304702,2022-07-30,Plano,TX0430600,13B,H,W,H,M,22,R,Y,BG;VO,Residence/Home,Home,Personal Weapons,Minor Injury,C
173863743,157304702,2022-07-30,Plano,TX0430600,13B,W,W,N,F,21,N,Y,BG;VO,Residence/Home,Home,Personal Weapons,,C
175197382,158466448,2022-07-31,Plano,TX0430600,13B,H,B,H,F,40,R,Y,XR,Hotel/Motel/Etc.,Hotel & Motel,Personal Weapons,Minor Injury,C
178575312,161417244,2022-07-31,Plano,TX0430600,13B,H,W,H,M,22,R,Y,XR,Residence/Home,Home,Personal Weapons,Minor Injury,C
178575345,161417274,2022-07-31,Plano,TX0430600,13B,W,W,N,M,19,R,N,CH;SB,Residence/Home,Home,Personal Weapons,Minor Injury,C
180084830,162734397,2022-07-31,Plano,TX0430600,13B,W,W,N,M,51,R,N,PA,Residence/Home,Home,Personal Weapons,Minor Injury,C
178575339,161417268,2022-08-01,Plano,TX0430600,13B,H,W,H,M,54,N,N,PA,Highway/Road/Alley/Street/Sidewalk,Street & Sidewalk,Personal Weapons,Minor Injury,C
178576567,161418346,2022-08-01,Plano,TX0430600,13B,H,W,H,F,26,N,Y,BG,Grocery/Supermarket,Grocery Store,Personal Weapons,Minor Injury,C
185938662,167853504,2022-08-01,Plano,TX0430600,13B,W,W,N,F,23,N,N,AQ,Residence/Home,Home,Personal Weapons,Minor Injury,C
175188073,158458170,2022-08-02,Plano,TX0430600,13B,W,W,N,M,53,R,Y,SE,Residence/Home,Home,Personal Weapons,Minor Injury,C
177167834,160184321,2022-08-02,Plano,TX0430600,13B,H,W,H,M,37,R,N,FR,Residence/Home,Home,Personal Weapons,Minor Injury,C
175188287,158458337,2022-08-03,Plano,TX0430600,13B,W,W,N,F,32,R,Y,SE,Residence/Home,Home,Personal Weapons,,C
175188289,158458335,2022-08-03,Plano,TX0430600,13B,P,P,N,F,48,N,N,ST,Department/Discount Store,Department Store,Personal Weapons,,C
175188606,158458617,2022-08-04,Plano,TX0430600,13B,W,W,N,M,26,N,N,ST,Highway/Road/Alley/Street/Sidewalk,Street & Sidewalk,Personal Weapons,,C
175188744,158458738,2022-08-05,Plano,TX0430600,13B,W,W,U,M,,N,N,AQ,Residence/Home,Home,Personal Weapons,Minor Injury,C
175188838,158458825,2022-08-05,Plano,TX0430600,13B,W,W,N,F,56,R,Y,BG,Parking/Drop Lot/Garage,Parking Lot,Personal Weapons,,C
175189066,158459029,2022-08-05,Plano,TX0430600,13B,B,B,N,F,41,R,Y,BG,Residence/Home,Home,Personal Weapons,Minor Injury,C
184330458,166439460,2022-08-06,Plano,TX0430600,13B,H,W,H,F,30,N,N,AQ,Residence/Home,Home,Personal Weapons,Minor Injury,C
175188950,158458925,2022-08-07,Plano,TX0430600,13B,B,B,N,F,29,R,N,AQ;VO,Residence/Home,Home,Personal Weapons,Minor Injury,C
175189195,158459139,2022-08-08,Plano,TX0430600,13B,A,A,N,F,50,R,Y,SE,Residence/Home,Home,Personal Weapons,Minor Injury,C
175189248,158459188,2022-08-08,Plano,TX0430600,13B,H,B,H,F,35,R,N,PA,Residence/Home,Home,Personal Weapons,Minor Injury,C
175189342,158459264,2022-08-08,Plano,TX0430600,13B,W,W,N,F,36,R,Y,SE,Residence/Home,Home,Personal Weapons,Minor Injury,C
177161868,160179014,2022-08-08,Plano,TX0430600,13B,W,W,N,M,62,N,N,ST,Bar/Nightclub,Bar & Nightclub,Personal Weapons,Minor Injury,C
175189357,158459276,2022-08-09,Plano,TX0430600,13B,W,W,N,F,39,R,Y,BG,Residence/Home,Home,Personal Weapons,,C
175189438,158459347,2022-08-09,Plano,TX0430600,13B,B,B,N,F,13,R,N,CH;VO,Residence/Home,Home,Personal Weapons,,C
175189439,158459347,2022-08-09,Plano,TX0430600,13B,B,B,N,F,33,R,N,PA;VO,Residence/Home,Home,Personal Weapons,,C
175189480,158459384,2022-08-09,Plano,TX0430600,13B,H,B,H,F,31,R,Y,XR,Residence/Home,Home,Personal Weapons,,C
175189599,158459491,2022-08-09,Plano,TX0430600,13B,B,B,N,F,20,N,N,ST,Department/Discount Store,Department Store,Personal Weapons,,C
175190292,158460106,2022-08-09,Plano,TX0430600,13B,W,W,N,F,54,N,Y,BG,Residence/Home,Home,Personal Weapons,Minor Injury,C
178575425,161417336,2022-08-09,Plano,TX0430600,13B,A,A,N,M,52,N,N,OK,Convenience Store,Convenience Store,Personal Weapons,Minor Injury,C
178575752,161417618,2022-08-09,Plano,TX0430600,13B,W,W,N,F,22,N,Y,BG,Residence/Home,Home,Personal Weapons,Minor Injury,C
175189639,158459528,2022-08-10,Plano,TX0430600,13B,W,W,N,F,27,N,N,ST,Bar/Nightclub,Bar & Nightclub,Personal Weapons,Minor Injury,C
175189734,158459615,2022-08-11,Plano,TX0430600,13B,B,B,N,F,51,N,Y,BG,Parking/Drop Lot/Garage,Parking Lot,Personal Weapons,,C
178575438,161417348,2022-08-11,Plano,TX0430600,13B,H,W,H,F,25,R,Y,BG,Residence/Home,Home,Personal Weapons,Minor Injury,C
175190239,158460058,2022-08-12,Plano,TX0430600,13B,W,W,N,M,26,N,N,ER,Restaurant,Restaurant,Personal Weapons,Minor Injury,C
175190269,158460087,2022-08-12,Plano,TX0430600,13B,W,W,N,M,29,N,N,ST,Parking/Drop Lot/Garage,Parking Lot,Personal Weapons,Minor Injury,C
177162155,160179246,2022-08-12,Plano,TX0430600,13B,W,W,N,M,14,R,N,AQ,School-Elementary/Secondary,K-12 School,Personal Weapons,,C
178575524,161417422,2022-08-12,Plano,TX0430600,13B,B,B,N,M,25,R,Y,BG,Parking/Drop Lot/Garage,Parking Lot,Personal Weapons,Minor Injury,C
175190207,158460034,2022-08-13,Plano,TX0430600,13B,B,B,N,F,41,R,N,SB,Residence/Home,Home,Personal Weapons,Minor Injury,C
175190345,158460155,2022-08-13,Plano,TX0430600,13B,W,W,N,F,37,N,N,OK,Drug Store/Doctor's Office/Hospital,Hospital & Clinic,Personal Weapons,,C
177162251,160179330,2022-08-13,Plano,TX0430600,13B,B,B,N,F,40,R,Y,XR,Residence/Home,Home,Personal Weapons,Minor Injury,C
178575509,161417409,2022-08-13,Plano,TX0430600,13B,W,W,N,F,39,R,Y,SE,Residence/Home,Home,Personal Weapons,Minor Injury,C
178575542,161417439,2022-08-13,Plano,TX0430600,13B,W,W,N,F,39,R,Y,BG,Residence/Home,Home,Personal Weapons,Minor Injury,C
178575557,161417453,2022-08-13,Plano,TX0430600,13B,B,B,N,F,32,R,Y,BG,Residence/Home,Home,Personal Weapons,Minor Injury,C
180087818,162737115,2022-08-13,Plano,TX0430600,13B,B,B,N,M,47,R,Y,BG,Residence/Home,Home,Personal Weapons,Minor Injury,C
175190447,158460250,2022-08-14,Plano,TX0430600,13B,B,B,N,F,35,N,Y,BG,Highway/Road/Alley/Street/Sidewalk,Street & Sidewalk,Personal Weapons,,C
175190514,158460306,2022-08-14,Plano,TX0430600,13B,W,W,N,F,26,R,Y,SE,Residence/Home,Home,Personal Weapons,,C
175190522,158460315,2022-08-14,Plano,TX0430600,13B,W,W,N,F,42,R,Y,BG,Residence/Home,Home,Personal Weapons,,C
178575546,161417444,2022-08-14,Plano,TX0430600,13B,W,W,N,M,30,R,Y,XR,Residence/Home,Home,Personal Weapons,Minor Injury,C
180084915,162734472,2022-08-14,Plano,TX0430600,13B,B,B,N,F,38,R,Y,SE,Residence/Home,Home,Personal Weapons,,C
175190766,158460533,2022-08-15,Plano,TX0430600,13B,H,W,H,F,65,,N,GP;VO,Residence/Home,Home,Personal Weapons,,C
175190767,158460533,2022-08-15,Plano,TX0430600,13B,H,W,H,F,18,,N,GC;VO,Residence/Home,Home,Personal Weapons,,C
175191169,158460887,2022-08-15,Plano,TX0430600,13B,W,W,N,M,63,R,Y,XS,Residence/Home,Home,Personal Weapons,Minor Injury,C
177161984,160179112,2022-08-15,Plano,TX0430600,13B,B,B,N,M,15,N,N,OK;ST,Parking/Drop Lot/Garage,Parking Lot,Personal Weapons,Minor Injury,C
178575554,161417450,2022-08-15,Plano,TX0430600,13B,W,W,N,M,47,R,Y,BG,Residence/Home,Home,Personal Weapons,Minor Injury,C
178575572,161417466,2022-08-15,Plano,TX0430600,13B,W,W,N,F,51,R,N,PA,Hotel/Motel/Etc.,Hotel & Motel,Personal Weapons,Minor Injury,C
187882654,169543566,2022-08-15,Plano,TX0430600,13B,W,W,N,M,12,R,N,OK,School-Elementary/Secondary,K-12 School,Personal Weapons,,C
178575574,161417468,2022-08-16,Plano,TX0430600,13B,B,B,N,M,43,R,Y,SE,Residence/Home,Home,Personal Weapons,Minor Injury,C
175191313,158461011,2022-08-17,Plano,TX0430600,13B,B,B,N,F,18,R,N,CH,Residence/Home,Home,Personal Weapons,,C
178575609,161417496,2022-08-17,Plano,TX0430600,13B,H,W,H,M,30,R,N,SB,Residence/Home,Home,Personal Weapons,Minor Injury,C
187882217,169543173,2022-08-17,Plano,TX0430600,13B,W,W,N,M,62,R,N,AQ,Service/Gas Station,Gas Station,Personal Weapons,Minor Injury,C
177162123,160179218,2022-08-18,Plano,TX0430600,13B,H,W,H,M,48,N,N,OK,Parking/Drop Lot/Garage,Parking Lot,Personal Weapons,Minor Injury,C
178575589,161417479,2022-08-18,Plano,TX0430600,13B,W,W,N,M,44,R,Y,SE,Residence/Home,Home,Personal Weapons,Minor Injury,C
178575704,161417575,2022-08-18,Plano,TX0430600,13B,A,A,N,F,25,R,Y,SE,Residence/Home,Home,Personal Weapons,Minor Injury,C
178575714,161417585,2022-08-18,Plano,TX0430600,13B,A,A,N,M,40,N,N,ST,Residence/Home,Home,Personal Weapons,,C
177162021,160179145,2022-08-19,Plano,TX0430600,13B,H,W,H,F,40,R,Y,BG,Highway/Road/Alley/Street/Sidewalk,Street & Sidewalk,Personal Weapons,,C
178575647,161417522,2022-08-19,Plano,TX0430600,13B,H,W,H,M,32,R,Y,BG,Residence/Home,Home,Personal Weapons,Minor Injury,C
178575624,161417499,2022-08-20,Plano,TX0430600,13B,W,W,N,M,7,R,N,CH,Residence/Home,Home,Personal Weapons,Minor Injury,C
178575670,161417543,2022-08-20,Plano,TX0430600,13B,H,W,H,M,37,N,N,AQ,Highway/Road/Alley/Street/Sidewalk,Street & Sidewalk,Personal Weapons,Minor Injury,C
180084938,162734493,2022-08-21,Plano,TX0430600,13B,W,W,N,F,30,R,Y,BG,Residence/Home,Home,Personal Weapons,Minor Injury,C
184330483,166439483,2022-08-21,Plano,TX0430600,13B,W,W,N,M,24,R,N,ST,Bar/Nightclub,Bar & Nightclub,Personal Weapons,Minor Injury,C
175192358,158461922,2022-08-22,Plano,TX0430600,13B,B,B,N,F,38,R,N,OF,Residence/Home,Home,Personal Weapons,Minor Injury,C
175192392,158461952,2022-08-22,Plano,TX0430600,13B,H,W,H,M,17,N,N,FR;VO,School-Elementary/Secondary,K-12 School,Personal Weapons,Minor Injury,C
175192393,158461952,2022-08-22,Plano,TX0430600,13B,W,W,N,M,16,R,N,FR;VO,School-Elementary/Secondary,K-12 School,Personal Weapons,Minor Injury,C
175192432,158461987,2022-08-22,Plano,TX0430600,13B,B,B,N,M,73,R,N,AQ,Residence/Home,Home,Personal Weapons,,C
175192680,158462212,2022-08-22,Plano,TX0430600,13B,W,W,N,M,69,N,N,FR,Restaurant,Restaurant,Personal Weapons,Minor Injury,C
178575746,161417613,2022-08-22,Plano,TX0430600,13B,B,B,N,M,24,N,Y,BG,Parking/Drop Lot/Garage,Parking Lot,Personal Weapons,Minor Injury,C
177168391,160184823,2022-08-23,Plano,TX0430600,13B,B,B,N,F,38,N,Y,BG,Residence/Home,Home,Personal Weapons,Minor Injury,C
178575646,161417521,2022-08-24,Plano,TX0430600,13B,I,I,N,F,28,R,Y,BG,Residence/Home,Home,Personal Weapons,Minor Injury,C
180084965,162734515,2022-08-24,Plano,TX0430600,13B,B,B,N,F,28,R,Y,BG,Hotel/Motel/Etc.,Hotel & Motel,Personal Weapons,Minor Injury,C
181923374,164343020,2022-08-24,Plano,TX0430600,13B,A,A,N,F,52,N,N,ST,Parking/Drop Lot/Garage,Parking Lot,Personal Weapons,,C
181923375,164343020,2022-08-24,Plano,TX0430600,13B,A,A,N,F,46,N,N,ST,Parking/Drop Lot/Garage,Parking Lot,Personal Weapons,,C
175192908,158462426,2022-08-25,Plano,TX0430600,13B,W,W,N,F,30,R,Y,BG,Park/Playground,Park & Playground,Personal Weapons,Minor Injury,C
175192970,158462475,2022-08-25,Plano,TX0430600,13B,B,B,N,M,17,R,N,ST,School-Elementary/Secondary,K-12 School,Personal Weapons,,C
177162254,160179328,2022-08-25,Plano,TX0430600,13B,W,W,N,F,47,N,Y,BG,Parking/Drop Lot/Garage,Parking Lot,Personal Weapons,Minor Injury,C
178575740,161417608,2022-08-26,Plano,TX0430600,13B,W,W,N,F,22,N,N,AQ,Parking/Drop Lot/Garage,Parking Lot,Personal Weapons,Minor Injury,C
181923388,164343032,2022-08-26,Plano,TX0430600,13B,H,W,H,F,21,R,N,ST,Residence/Home,Home,Personal Weapons,,C
184330464,166439466,2022-08-26,Plano,TX0430600,13B,B,B,N,F,21,R,Y,XR,Residence/Home,Home,Personal Weapons,Minor Injury,C
177162191,160179279,2022-08-27,Plano,TX0430600,13B,W,W,N,F,20,R,Y,XR,Residence/Home,Home,Personal Weapons,,C
178575728,161417597,2022-08-27,Plano,TX0430600,13B,B,B,N,F,45,R,Y,SE,Residence/Home,Home,Personal Weapons,Minor Injury,C
175193456,158462914,2022-08-28,Plano,TX0430600,13B,H,W,H,M,26,R,Y,XR,Residence/Home,Home,Personal Weapons,,C
177162243,160179321,2022-08-28,Plano,TX0430600,13B,W,W,N,M,51,R,N,OK,Residence/Home,Home,Personal Weapons,Minor Injury,C
178575724,161417594,2022-08-28,Plano,TX0430600,13B,B,B,N,F,34,R,Y,BG,Residence/Home,Home,Personal Weapons,Minor Injury,C
178575737,161417605,2022-08-28,Plano,TX0430600,13B,H,W,H,F,29,R,Y,SE,Residence/Home,Home,Personal Weapons,,C
185940146,167854839,2022-08-28,Plano,TX0430600,13B,B,B,N,F,0,R,N,CH,Residence/Home,Home,Personal Weapons,Minor Injury,C
187882274,169543228,2022-08-28,Plano,TX0430600,13B,B,B,N,M,27,R,N,ST,Residence/Home,Home,Personal Weapons,Minor Injury,C
175193672,158463125,2022-08-29,Plano,TX0430600,13B,P,P,N,M,46,N,N,SB,Residence/Home,Home,Personal Weapons,Minor Injury,C
175193836,158463275,2022-08-29,Plano,TX0430600,13B,H,W,H,F,15,N,N,ST,School-Elementary/Secondary,K-12 School,Personal Weapons,Minor Injury,C
175193853,158463289,2022-08-29,Plano,TX0430600,13B,B,B,N,F,70,R,N,AQ,Other/Unknown,Other & Unknown,Personal Weapons,,C
177162389,160179458,2022-08-29,Plano,TX0430600,13B,W,W,N,F,39,R,N,PA,Residence/Home,Home,Personal Weapons,Minor Injury,C
177164182,160181064,2022-08-29,Plano,TX0430600,13B,W,W,N,M,15,N,N,CH,Residence/Home,Home,Personal Weapons,Minor Injury,C
178575771,161417636,2022-08-29,Plano,TX0430600,13B,W,W,N,M,33,R,Y,BG,Residence/Home,Home,Personal Weapons,Minor Injury,C
177162315,160179389,2022-08-30,Plano,TX0430600,13B,H,W,H,M,36,N,N,ST,Highway/Road/Alley/Street/Sidewalk,Street & Sidewalk,Personal Weapons,,C
177162361,160179431,2022-08-30,Plano,TX0430600,13B,A,A,N,F,46,R,Y,BG,Residence/Home,Home,Personal Weapons,Minor Injury,C
178575805,161417665,2022-08-30,Plano,TX0430600,13B,B,B,N,F,37,R,Y,SE,Residence/Home,Home,Personal Weapons,Minor Injury,C
180084998,162734547,2022-08-30,Plano,TX0430600,13B,H,W,H,F,48,R,Y,CS,Residence/Home,Home,Personal Weapons,Minor Injury,C
185944992,167859113,2022-08-30,Plano,TX0430600,13B,A,A,N,F,47,R,Y,SE,Residence/Home,Home,Personal Weapons,Minor Injury,C
175194003,158463423,2022-08-31,Plano,TX0430600,13B,W,W,N,F,17,R,N,CH,Residence/Home,Home,Personal Weapons,Minor Injury,C
177169350,160185707,2022-08-31,Plano,TX0430600,13B,A,A,N,F,68,R,Y,SE,Residence/Home,Home,Personal Weapons,,C
178575773,161417638,2022-08-31,Plano,TX0430600,13B,W,W,N,M,14,R,N,OF,Residence/Home,Home,Personal Weapons,Minor Injury,C
180085079,162734624,2022-08-31,Plano,TX0430600,13B,H,W,H,M,47,R,Y,XR,Bar/Nightclub,Bar & Nightclub,Personal Weapons,Minor Injury,C
185938903,167853726,2022-09-01,Plano,TX0430600,13B,W,W,N,M,15,,N,AQ;VO,School-Elementary/Secondary,K-12 School,Personal Weapons,,C
185938904,167853726,2022-09-01,Plano,TX0430600,13B,W,W,N,M,15,,N,AQ;VO,School-Elementary/Secondary,K-12 School,Personal Weapons,Minor Injury,C
178575789,161417652,2022-09-02,Plano,TX0430600,13B,W,W,N,F,39,R,Y,BG,Residence/Home,Home,Personal Weapons,Minor Injury,C
178575798,161417660,2022-09-02,Plano,TX0430600,13B,A,A,N,M,22,,N,SB;VO,Residence/Home,Home,Personal Weapons,Minor Injury,C
178575799,161417660,2022-09-02,Plano,TX0430600,13B,A,A,N,F,27,R,N,SB,Residence/Home,Home,Personal Weapons,Minor Injury,C
178575800,161417660,2022-09-02,Plano,TX0430600,13B,A,A,N,F,19,R,N,SB;VO,Residence/Home,Home,Personal Weapons,Minor Injury,C
178575811,161417672,2022-09-02,Plano,TX0430600,13B,H,W,H,F,21,U,Y,BG,Other/Unknown,Other & Unknown,Personal Weapons,Minor Injury,C
180085045,162734590,2022-09-02,Plano,TX0430600,13B,H,W,H,F,20,R,Y,BG,Residence/Home,Home,Personal Weapons,Minor Injury,C
181923520,164343150,2022-09-02,Plano,TX0430600,13B,W,W,N,M,79,R,N,AQ,Residence/Home,Home,Personal Weapons,,C
177162654,160179681,2022-09-03,Plano,TX0430600,13B,A,A,N,M,37,N,Y,XR,Restaurant,Restaurant,Personal Weapons,,C
177162723,160179744,2022-09-03,Plano,TX0430600,13B,H,W,H,M,22,N,N,ST,Bar/Nightclub,Bar & Nightclub,Personal Weapons,Minor Injury,C
178575840,161417698,2022-09-03,Plano,TX0430600,13B,W,W,N,M,31,R,Y,XS,Residence/Home,Home,Personal Weapons,Minor Injury,C
178575857,161417712,2022-09-03,Plano,TX0430600,13B,B,B,N,F,24,N,Y,BG,Residence/Home,Home,Personal Weapons,Minor Injury,C
178575885,161417738,2022-09-03,Plano,TX0430600,13B,B,B,N,M,46,N,Y,SE,Parking/Drop Lot/Garage,Parking Lot,Personal Weapons,Minor Injury,C
180085069,162734614,2022-09-03,Plano,TX0430600,13B,B,B,N,F,31,R,Y,BG,Residence/Home,Home,Personal Weapons,Minor Injury,C
177162812,160179827,2022-09-04,Plano,TX0430600,13B,W,W,N,M,21,R,N,OK,Residence/Home,Home,Personal Weapons,Minor Injury,C
177162815,160179827,2022-09-04,Plano,TX0430600,13B,W,W,N,F,19,R,Y,XR,Residence/Home,Home,Personal Weapons,,C
177163077,160180067,2022-09-04,Plano,TX0430600,13B,B,B,N,F,15,R,N,FR,Residence/Home,Home,Personal Weapons,,C
178575899,161417751,2022-09-04,Plano,TX0430600,13B,B,B,N,M,22,R,N,SB;VO,Residence/Home,Home,Personal Weapons,Minor Injury,C
178575900,161417751,2022-09-04,Plano,TX0430600,13B,W,W,N,M,20,,N,SB;VO,Residence/Home,Home,Personal Weapons,Minor Injury,C
177162985,160179979,2022-09-05,Plano,TX0430600,13B,H,W,H,M,57,R,N,ST,Residence/Home,Home,Other,Minor Injury,C
177163551,160180503,2022-09-05,Plano,TX0430600,13B,W,W,N,F,38,N,Y,BG,Residence/Home,Home,Personal Weapons,Minor Injury,C
178575881,161417735,2022-09-05,Plano,TX0430600,13B,H,W,H,F,39,R,Y,XS,Residence/Home,Home,Personal Weapons,Minor Injury,C
180207661,162843153,2022-09-05,Plano,TX0430600,13B,H,W,H,F,44,R,N,GP,Residence/Home,Home,Unknown,Minor Injury,C
177163256,160180231,2022-09-06,Plano,TX0430600,13B,H,W,H,M,15,N,N,ST,School-Elementary/Secondary,K-12 School,Personal Weapons,Minor Injury,C
177163582,160180532,2022-09-06,Plano,TX0430600,13B,B,B,N,M,12,R,N,AQ,School-Elementary/Secondary,K-12 School,Personal Weapons,,C
178575957,161417800,2022-09-06,Plano,TX0430600,13B,B,B,N,F,29,N,Y,BG,Hotel/Motel/Etc.,Hotel & Motel,Personal Weapons,,C
185938993,167853805,2022-09-06,Plano,TX0430600,13B,W,W,N,F,59,R,N,AQ,School-Elementary/Secondary,K-12 School,Personal Weapons,,C
185938994,167853805,2022-09-06,Plano,TX0430600,13B,B,B,N,F,15,,N,FR;VO,School-Elementary/Secondary,K-12 School,Personal Weapons,,C
185938995,167853805,2022-09-06,Plano,TX0430600,13B,B,B,N,F,15,,N,FR;VO,School-Elementary/Secondary,K-12 School,Personal Weapons,,C
185938996,167853805,2022-09-06,Plano,TX0430600,13B,B,B,N,F,15,,N,FR;VO,School-Elementary/Secondary,K-12 School,Personal Weapons,,C
184330536,166439528,2022-09-07,Plano,TX0430600,13B,W,W,N,M,61,N,N,ST,Parking/Drop Lot/Garage,Parking Lot,Personal Weapons,Minor Injury,C
184330548,166439542,2022-09-07,Plano,TX0430600,13B,B,B,N,F,49,N,N,PA,Parking/Drop Lot/Garage,Parking Lot,Personal Weapons,,C
177163364,160180329,2022-09-08,Plano,TX0430600,13B,B,B,N,F,16,R,Y,BG,School-Elementary/Secondary,K-12 School,Personal Weapons,Minor Injury,C
185939048,167853852,2022-09-08,Plano,TX0430600,13B,B,B,N,F,16,N,N,ST;VO,School-Elementary/Secondary,K-12 School,Personal Weapons,Minor Injury,C
185939049,167853852,2022-09-08,Plano,TX0430600,13B,B,B,N,F,18,,N,ST;VO,School-Elementary/Secondary,K-12 School,Personal Weapons,Minor Injury,C
185945097,167859191,2022-09-08,Plano,TX0430600,13B,B,B,N,F,18,N,N,ST,School-Elementary/Secondary,K-12 School,Personal Weapons,Minor Injury,C
177163597,160180547,2022-09-09,Plano,TX0430600,13B,A,A,N,M,30,,N,SB;VO,Residence/Home,Home,Personal Weapons,,C
177163598,160180547,2022-09-09,Plano,TX0430600,13B,A,A,N,F,27,N,N,SB;VO,Residence/Home,Home,Personal Weapons,,C
177163631,160180577,2022-09-09,Plano,TX0430600,13B,W,W,N,M,36,N,N,FR,Parking/Drop Lot/Garage,Parking Lot,Personal Weapons,Minor Injury,C
178575936,161417781,2022-09-09,Plano,TX0430600,13B,W,W,N,M,32,R,Y,SE,Residence/Home,Home,Personal Weapons,Minor Injury,C
178576003,161417845,2022-09-09,Plano,TX0430600,13B,H,W,H,F,13,R,N,AQ,School-Elementary/Secondary,K-12 School,Personal Weapons,Minor Injury,C
180085616,162735114,2022-09-09,Plano,TX0430600,13B,H,W,H,M,14,R,N,AQ,Residence/Home,Home,Personal Weapons,Minor Injury,C
181923467,164343106,2022-09-09,Plano,TX0430600,13B,B,B,N,F,70,N,N,AQ,Drug Store/Doctor's Office/Hospital,Hospital & Clinic,Personal Weapons,,C
187882424,169543353,2022-09-09,Plano,TX0430600,13B,W,W,N,M,33,N,N,AQ,School-Elementary/Secondary,K-12 School,Personal Weapons,,C
187882425,169543353,2022-09-09,Plano,TX0430600,13B,H,W,H,F,14,R,N,AQ,School-Elementary/Secondary,K-12 School,Personal Weapons,,C
177163850,160180770,2022-09-11,Plano,TX0430600,13B,B,B,N,F,40,N,Y,BG,Parking/Drop Lot/Garage,Parking Lot,Personal Weapons,Minor Injury,C
177163933,160180843,2022-09-12,Plano,TX0430600,13B,A,A,N,F,38,R,N,NE,Parking/Drop Lot/Garage,Parking Lot,Personal Weapons,,C
178575967,161417811,2022-09-12,Plano,TX0430600,13B,W,W,N,F,38,N,Y,XR,Hotel/Motel/Etc.,Hotel & Motel,Personal Weapons,Minor Injury,C
178576060,161417899,2022-09-13,Plano,TX0430600,13B,W,W,N,F,56,R,Y,SE,Residence/Home,Home,Personal Weapons,Minor Injury,C
187889805,169549916,2022-09-13,Plano,TX0430600,13B,H,W,H,F,42,R,Y,SE,Residence/Home,Home,Personal Weapons,,C
180085293,162734820,2022-09-14,Plano,TX0430600,13B,W,W,N,F,34,R,Y,BG,Residence/Home,Home,Personal Weapons,Minor Injury,C
180085295,162734822,2022-09-14,Plano,TX0430600,13B,B,B,N,F,44,R,N,OF,Residence/Home,Home,Personal Weapons,Minor Injury,C
180085300,162734826,2022-09-14,Plano,TX0430600,13B,H,W,H,F,39,N,Y,BG,Drug Store/Doctor's Office/Hospital,Hospital & Clinic,Personal Weapons,Minor Injury,C
185939017,167853823,2022-09-14,Plano,TX0430600,13B,W,W,N,M,12,R,N,AQ,School-Elementary/Secondary,K-12 School,Personal Weapons,Minor Injury,C
177164134,160181018,2022-09-15,Plano,TX0430600,13B,W,W,N,M,15,R,N,AQ,School-Elementary/Secondary,K-12 School,Personal Weapons,Minor Injury,C
177164382,160181242,2022-09-15,Plano,TX0430600,13B,H,W,H,M,17,R,N,AQ,School-Elementary/Secondary,K-12 School,Personal Weapons,Minor Injury,C
177170236,160186524,2022-09-15,Plano,TX0430600,13B,H,W,H,F,19,R,Y,BG,Residence/Home,Home,Personal Weapons,Minor Injury,C
178576074,161417911,2022-09-15,Plano,TX0430600,13B,W,W,N,M,57,N,N,ST,Drug Store/Doctor's Office/Hospital,Hospital & Clinic,Personal Weapons,Minor Injury,C
178576205,161418023,2022-09-15,Plano,TX0430600,13B,W,W,N,F,32,N,Y,BG,Residence/Home,Home,Personal Weapons,Minor Injury,C
180085213,162734746,2022-09-15,Plano,TX0430600,13B,B,B,N,F,28,N,Y,BG,Hotel/Motel/Etc.,Hotel & Motel,Personal Weapons,Minor Injury,C
181923528,164343157,2022-09-15,Plano,TX0430600,13B,W,W,N,M,10,R,N,AQ,School-Elementary/Secondary,K-12 School,Personal Weapons,Minor Injury,C
178576092,161417929,2022-09-16,Plano,TX0430600,13B,H,W,H,M,26,R,Y,BG,Residence/Home,Home,Personal Weapons,Minor Injury,C
178576166,161417991,2022-09-16,Plano,TX0430600,13B,W,W,N,F,25,R,Y,BG,Residence/Home,Home,Personal Weapons,Minor Injury,C
180085259,162734788,2022-09-16,Plano,TX0430600,13B,A,A,N,F,61,R,N,PA,Residence/Home,Home,Personal Weapons,Minor Injury,C
180085264,162734793,2022-09-16,Plano,TX0430600,13B,W,W,N,F,22,R,N,ST,Parking/Drop Lot/Garage,Parking Lot,Personal Weapons,,C
180090684,162739668,2022-09-16,Plano,TX0430600,13B,W,W,N,M,13,R,N,AQ,Park/Playground,Park & Playground,Personal Weapons,Minor Injury,C
180207755,162843236,2022-09-16,Plano,TX0430600,13B,H,W,H,F,37,R,Y,XR,Residence/Home,Home,Personal Weapons,Minor Injury,C
180207766,162843246,2022-09-16,Plano,TX0430600,13B,W,W,N,F,71,R,N,PA,Residence/Home,Home,Personal Weapons,Minor Injury,C
180207767,162843246,2022-09-16,Plano,TX0430600,13B,W,W,N,F,20,R,N,OF,Residence/Home,Home,Personal Weapons,Minor Injury,C
177164380,160181241,2022-09-17,Plano,TX0430600,13B,W,W,N,M,26,R,Y,BG,Parking/Drop Lot/Garage,Parking Lot,Personal Weapons,Minor Injury,C
177164399,160181258,2022-09-18,Plano,TX0430600,13B,B,B,N,F,32,N,N,ST,Highway/Road/Alley/Street/Sidewalk,Street & Sidewalk,Personal Weapons,,C
177164476,160181328,2022-09-18,Plano,TX0430600,13B,B,B,N,M,28,N,Y,XR,Parking/Drop Lot/Garage,Parking Lot,Personal Weapons,Minor Injury,C
177164597,160181442,2022-09-18,Plano,TX0430600,13B,W,W,N,F,28,R,Y,XR,Residence/Home,Home,Personal Weapons,Minor Injury,C
177170554,160186787,2022-09-18,Plano,TX0430600,13B,B,B,N,F,22,R,N,CH,Residence/Home,Home,Personal Weapons,,C
177164758,160181592,2022-09-19,Plano,TX0430600,13B,H,W,H,F,14,,N,AQ,Highway/Road/Alley/Street/Sidewalk,Street & Sidewalk,Personal Weapons,Minor Injury,C
178576122,161417956,2022-09-19,Plano,TX0430600,13B,W,W,N,F,48,R,Y,SE,Residence/Home,Home,Personal Weapons,Minor Injury,C
180085324,162734847,2022-09-19,Plano,TX0430600,13B,U,U,U,M,30,N,N,OF,Residence/Home,Home,Personal Weapons,Minor Injury,C
185939224,167854010,2022-09-19,Plano,TX0430600,13B,A,A,N,F,42,N,Y,XR,Residence/Home,Home,Personal Weapons,Minor Injury,C
177164845,160181669,2022-09-20,Plano,TX0430600,13B,H,W,H,F,37,R,Y,XR,Highway/Road/Alley/Street/Sidewalk,Street & Sidewalk,Personal Weapons,Minor Injury,C
177164924,160181744,2022-09-20,Plano,TX0430600,13B,U,U,N,M,41,R,Y,BG,Government/Public Building,Government Building,Personal Weapons,,C
177164771,160181605,2022-09-21,Plano,TX0430600,13B,B,B,N,M,52,U,N,AQ,School-Elementary/Secondary,K-12 School,Personal Weapons,,C
177164957,160181773,2022-09-21,Plano,TX0430600,13B,H,W,H,M,15,N,N,AQ,School-Elementary/Secondary,K-12 School,Personal Weapons,,C
177164974,160181789,2022-09-21,Plano,TX0430600,13B,B,B,N,M,13,R,N,OK,School-Elementary/Secondary,K-12 School,Personal Weapons,,C
178576111,161417945,2022-09-21,Plano,TX0430600,13B,H,W,H,M,30,R,N,AQ,Parking/Drop Lot/Garage,Parking Lot,Personal Weapons,Minor Injury,C
178576192,161418012,2022-09-21,Plano,TX0430600,13B,B,B,N,F,16,R,N,SB,Hotel/Motel/Etc.,Hotel & Motel,Personal Weapons,,C
177165221,160181977,2022-09-22,Plano,TX0430600,13B,W,W,N,M,49,R,N,ST,Residence/Home,Home,Personal Weapons,Minor Injury,C
177165226,160181982,2022-09-22,Plano,TX0430600,13B,W,W,N,F,62,R,N,NE,Residence/Home,Home,Personal Weapons,,C
178576152,161417980,2022-09-22,Plano,TX0430600,13B,W,W,N,M,21,N,N,ST,Highway/Road/Alley/Street/Sidewalk,Street & Sidewalk,Personal Weapons,,C
178576174,161417998,2022-09-22,Plano,TX0430600,13B,H,W,H,M,14,R,N,AQ;VO,School-Elementary/Secondary,K-12 School,Personal Weapons,,C
178576175,161417998,2022-09-22,Plano,TX0430600,13B,H,W,H,M,16,R,N,AQ;FR;VO,School-Elementary/Secondary,K-12 School,Personal Weapons,,C
178576177,161417998,2022-09-22,Plano,TX0430600,13B,H,W,H,M,16,R,N,AQ;FR;VO,School-Elementary/Secondary,K-12 School,Personal Weapons,,C
178576194,161418014,2022-09-23,Plano,TX0430600,13B,B,B,N,F,16,R,N,AQ,School-Elementary/Secondary,K-12 School,Personal Weapons,Minor Injury,C
178576195,161418014,2022-09-23,Plano,TX0430600,13B,A,A,N,F,16,R,N,AQ,School-Elementary/Secondary,K-12 School,Personal Weapons,Minor Injury,C
177165363,160182106,2022-09-24,Plano,TX0430600,13B,W,W,N,F,46,N,Y,BG,Hotel/Motel/Etc.,Hotel & Motel,Personal Weapons,Minor Injury,C
178576213,161418030,2022-09-24,Plano,TX0430600,13B,W,W,N,F,21,R,N,ST,Parking/Drop Lot/Garage,Parking Lot,Personal Weapons,Minor Injury,C
180085400,162734917,2022-09-24,Plano,TX0430600,13B,B,B,N,F,18,N,Y,BG,Residence/Home,Home,Personal Weapons,Minor Injury,C
180086005,162735449,2022-09-24,Plano,TX0430600,13B,B,B,N,F,26,R,N,ST,Parking/Drop Lot/Garage,Parking Lot,Personal Weapons,,C
181930643,164349500,2022-09-24,Plano,TX0430600,13B,W,W,N,M,50,R,N,ST,Highway/Road/Alley/Street/Sidewalk,Street & Sidewalk,Personal Weapons,Minor Injury,C
178576186,161418007,2022-09-25,Plano,TX0430600,13B,A,A,N,F,29,R,N,ST,Department/Discount Store,Department Store,Personal Weapons,,C
187882887,169543785,2022-09-25,Plano,TX0430600,13B,H,W,H,F,31,R,Y,SE,Residence/Home,Home,Personal Weapons,Minor Injury,C
177165444,160182177,2022-09-26,Plano,TX0430600,13B,W,W,N,F,74,N,N,GP,Parking/Drop Lot/Garage,Parking Lot,Personal Weapons,Minor Injury,C
177165577,160182308,2022-09-26,Plano,TX0430600,13B,B,B,N,M,44,R,N,SP,Highway/Road/Alley/Street/Sidewalk,Street & Sidewalk,Personal Weapons,Minor Injury,C
180085529,162735037,2022-09-26,Plano,TX0430600,13B,W,W,N,F,40,R,Y,SE,Residence/Home,Home,Personal Weapons,Minor Injury,C
177165737,160182447,2022-09-27,Plano,TX0430600,13B,W,W,N,F,74,R,N,ST,Specialty Store,Specialty Store,Personal Weapons,,C
177165768,160182475,2022-09-27,Plano,TX0430600,13B,W,W,N,F,38,N,Y,SE,Hotel/Motel/Etc.,Hotel & Motel,Personal Weapons,Minor Injury,C
178576234,161418047,2022-09-27,Plano,TX0430600,13B,B,B,N,F,23,R,N,SB,Residence/Home,Home,Personal Weapons,Minor Injury,C
180085727,162735213,2022-09-27,Plano,TX0430600,13B,W,W,N,F,53,R,N,PA,Residence/Home,Home,Personal Weapons,Minor Injury,C
178576223,161418039,2022-09-28,Plano,TX0430600,13B,B,B,N,F,53,R,Y,BG,Residence/Home,Home,Personal Weapons,,C
180085501,162735011,2022-09-28,Plano,TX0430600,13B,W,W,N,M,80,R,N,PA,Residence/Home,Home,Personal Weapons,Minor Injury,C
178576252,161418064,2022-09-29,Plano,TX0430600,13B,B,B,N,M,14,R,N,AQ,School-Elementary/Secondary,K-12 School,Personal Weapons,Minor Injury,C
178576331,161418135,2022-09-29,Plano,TX0430600,13B,H,W,H,M,11,R,N,AQ,School-Elementary/Secondary,K-12 School,Personal Weapons,Minor Injury,C
180085559,162735063,2022-09-29,Plano,TX0430600,13B,W,W,N,F,31,R,N,AQ,Residence/Home,Home,Personal Weapons,Minor Injury,C
180085562,162735066,2022-09-29,Plano,TX0430600,13B,H,W,H,F,25,N,Y,XR,Residence/Home,Home,Personal Weapons,Minor Injury,C
178576287,161418094,2022-09-30,Plano,TX0430600,13B,W,W,N,F,20,N,N,ST,Hotel/Motel/Etc.,Hotel & Motel,Personal Weapons,,C
180090965,162739923,2022-09-30,Plano,TX0430600,13B,A,A,N,F,57,N,N,ST,Parking/Drop Lot/Garage,Parking Lot,Personal Weapons,Minor Injury,C
180085663,162735156,2022-10-01,Plano,TX0430600,13B,H,W,H,F,21,N,N,AQ,Parking/Drop Lot/Garage,Parking Lot,Personal Weapons,Minor Injury,C
180085664,162735156,2022-10-01,Plano,TX0430600,13B,W,W,N,M,48,N,N,AQ,Parking/Drop Lot/Garage,Parking Lot,Personal Weapons,Minor Injury,C
180085665,162735157,2022-10-01,Plano,TX0430600,13B,B,B,N,F,35,R,Y,BG,Hotel/Motel/Etc.,Hotel & Motel,Personal Weapons,Minor Injury,C
180085858,162735318,2022-10-01,Plano,TX0430600,13B,W,W,N,M,19,R,N,SC,Residence/Home,Home,Personal Weapons,Minor Injury,C
180085860,162735320,2022-10-01,Plano,TX0430600,13B,H,W,H,M,14,N,N,ST,Arena/Stadium/Fairgrounds/Coliseum,Arena & Stadium,Personal Weapons,Minor Injury,C
180085861,162735320,2022-10-01,Plano,TX0430600,13B,H,W,H,M,16,N,N,ST,Arena/Stadium/Fairgrounds/Coliseum,Arena & Stadium,Personal Weapons,Minor Injury,C
180085862,162735320,2022-10-01,Plano,TX0430600,13B,W,W,N,M,15,N,N,ST,Arena/Stadium/Fairgrounds/Coliseum,Arena & Stadium,Personal Weapons,Minor Injury,C
180091008,162739962,2022-10-01,Plano,TX0430600,13B,B,B,U,F,34,N,N,ST;VO,Restaurant,Restaurant,Personal Weapons,Minor Injury,C
180091009,162739962,2022-10-01,Plano,TX0430600,13B,B,B,N,F,18,R,N,ST;VO,Restaurant,Restaurant,Personal Weapons,Minor Injury,C
178576305,161418109,2022-10-02,Plano,TX0430600,13B,H,W,H,M,46,R,Y,BG,Residence/Home,Home,Personal Weapons,Minor Injury,C
180085639,162735135,2022-10-02,Plano,TX0430600,13B,W,W,N,M,81,R,N,ST,Drug Store/Doctor's Office/Hospital,Hospital & Clinic,Unknown,Minor Injury,C
184330602,166439583,2022-10-02,Plano,TX0430600,13B,B,B,N,F,12,R,N,CH;ST,Highway/Road/Alley/Street/Sidewalk,Street & Sidewalk,Personal Weapons,,C
178581294,161422742,2022-10-03,Plano,TX0430600,13B,B,B,N,F,42,R,N,NE,Parking/Drop Lot/Garage,Parking Lot,Personal Weapons,,C
180085911,162735365,2022-10-03,Plano,TX0430600,13B,W,W,N,F,31,R,Y,SE,Residence/Home,Home,Personal Weapons,Minor Injury,C
178576326,161418130,2022-10-04,Plano,TX0430600,13B,H,W,H,M,27,N,N,ST,Highway/Road/Alley/Street/Sidewalk,Street & Sidewalk,Personal Weapons,Minor Injury,C
178576435,161418232,2022-10-04,Plano,TX0430600,13B,W,W,N,M,13,R,N,AQ,School-Elementary/Secondary,K-12 School,Personal Weapons,,C
180085686,162735174,2022-10-04,Plano,TX0430600,13B,B,B,N,F,23,R,Y,BG,Residence/Home,Home,Personal Weapons,Minor Injury,C
185939341,167854116,2022-10-04,Plano,TX0430600,13B,U,U,N,M,14,,N,AQ;VO,School-Elementary/Secondary,K-12 School,Personal Weapons,,C
185939342,167854116,2022-10-04,Plano,TX0430600,13B,B,B,N,M,14,,N,AQ;VO,School-Elementary/Secondary,K-12 School,Personal Weapons,,C
178576397,161418196,2022-10-05,Plano,TX0430600,13B,A,A,N,F,29,R,Y,BG,Residence/Home,Home,Personal Weapons,,C
178576462,161418256,2022-10-05,Plano,TX0430600,13B,B,B,N,F,23,U,N,AQ,Parking/Drop Lot/Garage,Parking Lot,Personal Weapons,Minor Injury,C
178576537,161418324,2022-10-05,Plano,TX0430600,13B,A,A,N,F,86,N,N,AQ,Community Center,Community Center,Personal Weapons,Minor Injury,C
180085749,162735232,2022-10-05,Plano,TX0430600,13B,H,W,H,M,38,R,N,OK,Residence/Home,Home,Personal Weapons,Minor Injury,C
187885590,169546174,2022-10-05,Plano,TX0430600,13B,H,W,H,M,42,N,N,AQ,Construction Site,Construction Site,Personal Weapons,,C
178576923,161418661,2022-10-06,Plano,TX0430600,13B,W,W,N,M,54,N,Y,XR,Highway/Road/Alley/Street/Sidewalk,Street & Sidewalk,Personal Weapons,Minor Injury,C
180085752,162735234,2022-10-06,Plano,TX0430600,13B,H,W,H,M,38,R,Y,SE,Residence/Home,Home,Personal Weapons,Minor Injury,C
180085772,162735253,2022-10-06,Plano,TX0430600,13B,W,W,N,M,41,N,N,ST,Restaurant,Restaurant,Personal Weapons,Minor Injury,C
180085776,162735253,2022-10-06,Plano,TX0430600,13B,B,B,N,M,11,,N,AQ;VO,Restaurant,Restaurant,Personal Weapons,,C
180085777,162735253,2022-10-06,Plano,TX0430600,13B,B,B,U,M,11,,N,AQ;VO,Restaurant,Restaurant,Personal Weapons,,C
180085778,162735253,2022-10-06,Plano,TX0430600,13B,B,B,U,M,10,,N,AQ;VO,Restaurant,Restaurant,Personal Weapons,,C
180085779,162735253,2022-10-06,Plano,TX0430600,13B,B,B,N,M,12,,N,AQ;VO,Restaurant,Restaurant,Personal Weapons,,C
180091118,162740057,2022-10-06,Plano,TX0430600,13B,W,W,N,M,35,N,N,OK,Highway/Road/Alley/Street/Sidewalk,Street & Sidewalk,Personal Weapons,Minor Injury,C
185939202,167853993,2022-10-06,Plano,TX0430600,13B,H,W,H,F,15,,N,AQ;VO,School-Elementary/Secondary,K-12 School,Personal Weapons,Minor Injury,C
185939208,167853993,2022-10-06,Plano,TX0430600,13B,H,W,H,F,15,,N,AQ;VO,School-Elementary/Secondary,K-12 School,Personal Weapons,Minor Injury,C
185939209,167853993,2022-10-06,Plano,TX0430600,13B,H,W,H,F,15,,N,AQ;VO,School-Elementary/Secondary,K-12 School,Personal Weapons,Minor Injury,C
185939210,167853993,2022-10-06,Plano,TX0430600,13B,H,W,H,F,14,,N,AQ;VO,School-Elementary/Secondary,K-12 School,Personal Weapons,Minor Injury,C
178576651,161418422,2022-10-07,Plano,TX0430600,13B,B,B,N,F,22,N,Y,XR,Parking/Drop Lot/Garage,Parking Lot,Personal Weapons,Minor Injury,C
178576695,161418459,2022-10-07,Plano,TX0430600,13B,B,B,N,M,15,R,N,AQ,School-Elementary/Secondary,K-12 School,Personal Weapons,Minor Injury,C
180085782,162735256,2022-10-07,Plano,TX0430600,13B,H,W,H,F,26,R,Y,SE,Residence/Home,Home,Personal Weapons,Minor Injury,C
180085783,162735257,2022-10-07,Plano,TX0430600,13B,B,B,N,M,49,R,N,CH,Residence/Home,Home,Personal Weapons,,C
178576642,161418413,2022-10-08,Plano,TX0430600,13B,H,W,H,M,8,R,N,OK,Residence/Home,Home,Personal Weapons,,C
180085830,162735297,2022-10-08,Plano,TX0430600,13B,W,W,N,F,57,N,Y,BG,Residence/Home,Home,Personal Weapons,Minor Injury,C
180085831,162735298,2022-10-08,Plano,TX0430600,13B,B,B,N,F,19,R,Y,BG,Residence/Home,Home,Personal Weapons,Minor Injury,C
178576662,161418431,2022-10-09,Plano,TX0430600,13B,A,A,N,M,30,R,N,IL,Residence/Home,Home,Personal Weapons,Minor Injury,C
178576667,161418435,2022-10-09,Plano,TX0430600,13B,W,W,N,M,29,R,Y,XR,Parking/Drop Lot/Garage,Parking Lot,Personal Weapons,,C
178576705,161418467,2022-10-09,Plano,TX0430600,13B,B,B,N,F,50,R,N,PA,Residence/Home,Home,Personal Weapons,,C
180086305,162735733,2022-10-09,Plano,TX0430600,13B,B,B,N,F,33,R,Y,SE,Residence/Home,Home,Personal Weapons,Minor Injury,C
180086324,162735750,2022-10-09,Plano,TX0430600,13B,B,B,N,M,23,,Y,BG,Residence/Home,Home,Personal Weapons,Minor Injury,C
178576814,161418563,2022-10-10,Plano,TX0430600,13B,H,W,H,F,34,R,Y,XR,Parking/Drop Lot/Garage,Parking Lot,Personal Weapons,Minor Injury,C
180086002,162735446,2022-10-10,Plano,TX0430600,13B,W,W,N,F,20,R,Y,BG,Hotel/Motel/Etc.,Hotel & Motel,Personal Weapons,Minor Injury,C
181923768,164343369,2022-10-10,Plano,TX0430600,13B,W,W,N,M,14,R,N,ST,Government/Public Building,Government Building,Personal Weapons,,C
181923782,164343381,2022-10-10,Plano,TX0430600,13B,B,B,N,F,39,R,N,PA,Residence/Home,Home,Personal Weapons,Minor Injury,C
178576737,161418491,2022-10-11,Plano,TX0430600,13B,B,B,N,F,26,N,N,ST,Hotel/Motel/Etc.,Hotel & Motel,Personal Weapons,,C
180085895,162735350,2022-10-11,Plano,TX0430600,13B,H,W,H,M,10,R,N,ST,Highway/Road/Alley/Street/Sidewalk,Street & Sidewalk,Personal Weapons,Minor Injury,C
180085896,162735350,2022-10-11,Plano,TX0430600,13B,H,W,H,M,9,R,N,ST,Highway/Road/Alley/Street/Sidewalk,Street & Sidewalk,Personal Weapons,Minor Injury,C
180085897,162735351,2022-10-11,Plano,TX0430600,13B,W,W,N,F,42,R,Y,SE,Residence/Home,Home,Personal Weapons,Minor Injury,C
180086017,162735460,2022-10-11,Plano,TX0430600,13B,W,W,N,F,31,R,Y,CS,Residence/Home,Home,Personal Weapons,Minor Injury,C
180086131,162735568,2022-10-11,Plano,TX0430600,13B,H,W,H,M,12,R,N,AQ,Residence/Home,Home,Personal Weapons,Minor Injury,C
181923833,164343427,2022-10-11,Plano,TX0430600,13B,A,A,N,F,27,R,Y,BG,Residence/Home,Home,Personal Weapons,Minor Injury,C
181923849,164343444,2022-10-12,Plano,TX0430600,13B,B,B,N,M,63,N,N,OK,Government/Public Building,Government Building,Personal Weapons,,C
181923868,164343464,2022-10-12,Plano,TX0430600,13B,B,B,N,M,65,R,N,PA,Residence/Home,Home,Personal Weapons,,C
178576853,161418600,2022-10-13,Plano,TX0430600,13B,H,W,H,F,15,R,N,AQ,School-Elementary/Secondary,K-12 School,Personal Weapons,,C
178576877,161418618,2022-10-13,Plano,TX0430600,13B,W,W,N,F,50,N,Y,BG,Highway/Road/Alley/Street/Sidewalk,Street & Sidewalk,Personal Weapons,,C
178576902,161418641,2022-10-13,Plano,TX0430600,13B,B,B,N,F,11,R,N,OF,Residence/Home,Home,Personal Weapons,Minor Injury,C
178577081,161418808,2022-10-13,Plano,TX0430600,13B,B,B,N,F,14,N,N,AQ,School-Elementary/Secondary,K-12 School,Personal Weapons,,C
180085962,162735414,2022-10-13,Plano,TX0430600,13B,W,W,N,M,63,R,N,ST;VO,Parking/Drop Lot/Garage,Parking Lot,Personal Weapons,Minor Injury,C
178577087,161418813,2022-10-14,Plano,TX0430600,13B,B,B,N,M,14,R,N,AQ,Park/Playground,Park & Playground,Personal Weapons,,C
178577226,161418942,2022-10-14,Plano,TX0430600,13B,B,B,N,M,7,R,N,CH;OK,Residence/Home,Home,Personal Weapons,Minor Injury,C
180085949,162735401,2022-10-14,Plano,TX0430600,13B,A,A,N,F,42,R,N,PA,Residence/Home,Home,Personal Weapons,Minor Injury,C
181923875,164343468,2022-10-14,Plano,TX0430600,13B,B,B,N,M,33,N,N,OK,Residence/Home,Home,Personal Weapons,Minor Injury,C
185939436,167854203,2022-10-14,Plano,TX0430600,13B,B,B,N,F,17,,N,AQ;VO,School-Elementary/Secondary,K-12 School,Personal Weapons,Minor Injury,C
185939437,167854203,2022-10-14,Plano,TX0430600,13B,B,B,N,F,18,,N,AQ;VO,School-Elementary/Secondary,K-12 School,Personal Weapons,Minor Injury,C
184330664,166439642,2022-10-15,Plano,TX0430600,13B,B,B,N,F,51,R,N,SB,Residence/Home,Home,Personal Weapons,Minor Injury,C
185939242,167854029,2022-10-15,Plano,TX0430600,13B,W,W,N,F,32,N,N,AQ,Residence/Home,Home,Personal Weapons,Minor Injury,C
181923963,164343546,2022-10-16,Plano,TX0430600,13B,H,W,H,F,43,R,Y,BG,Residence/Home,Home,Personal Weapons,Minor Injury,C
181923981,164343560,2022-10-16,Plano,TX0430600,13B,B,B,N,F,36,R,Y,XR,Residence/Home,Home,Other,Minor Injury,C
181923985,164343564,2022-10-16,Plano,TX0430600,13B,H,W,H,M,24,R,Y,BG,Parking/Drop Lot/Garage,Parking Lot,Personal Weapons,Minor Injury,C
181923994,164343573,2022-10-16,Plano,TX0430600,13B,A,A,N,F,39,R,Y,SE,Residence/Home,Home,Personal Weapons,Minor Injury,C
184330635,166439612,2022-10-16,Plano,TX0430600,13B,A,A,N,F,54,R,Y,BG,Residence/Home,Home,Personal Weapons,Minor Injury,C
178577097,161418823,2022-10-17,Plano,TX0430600,13B,B,B,N,M,59,N,N,ST,Parking/Drop Lot/Garage,Parking Lot,Personal Weapons,Minor Injury,C
178577099,161418823,2022-10-17,Plano,TX0430600,13B,B,B,N,M,51,N,N,ST,Parking/Drop Lot/Garage,Parking Lot,Personal Weapons,Minor Injury,C
181924016,164343590,2022-10-17,Plano,TX0430600,13B,W,W,N,M,60,R,Y,SE,Residence/Home,Home,Personal Weapons,Minor Injury,C
181924069,164343643,2022-10-17,Plano,TX0430600,13B,W,W,N,M,23,U,N,ST,Parking/Drop Lot/Garage,Parking Lot,Personal Weapons,Minor Injury,C
181924095,164343670,2022-10-17,Plano,TX0430600,13B,H,W,H,F,26,R,Y,BG,Parking/Drop Lot/Garage,Parking Lot,Personal Weapons,,C
178577145,161418866,2022-10-18,Plano,TX0430600,13B,W,W,N,F,46,,N,OK,Residence/Home,Home,Personal Weapons,,C
180086056,162735495,2022-10-18,Plano,TX0430600,13B,A,A,N,M,29,R,N,ST,Parking/Drop Lot/Garage,Parking Lot,Personal Weapons,,C
181924038,164343613,2022-10-18,Plano,TX0430600,13B,W,W,N,M,52,R,Y,SE,Residence/Home,Home,Personal Weapons,Minor Injury,C
178577154,161418874,2022-10-19,Plano,TX0430600,13B,A,A,N,F,31,N,N,OK;VO,Residence/Home,Home,Personal Weapons,Minor Injury,C
178577155,161418874,2022-10-19,Plano,TX0430600,13B,B,B,N,F,35,R,N,OK;VO,Residence/Home,Home,Personal Weapons,Minor Injury,C
178577242,161418955,2022-10-19,Plano,TX0430600,13B,B,B,N,F,38,R,Y,BG,Residence/Home,Home,Personal Weapons,,C
184330828,166439783,2022-10-19,Plano,TX0430600,13B,H,W,H,F,28,N,Y,XR,Residence/Home,Home,Personal Weapons,Minor Injury,C
185939265,167854048,2022-10-19,Plano,TX0430600,13B,B,B,N,F,17,,N,OK;VO,School-Elementary/Secondary,K-12 School,Personal Weapons,,C
185939266,167854048,2022-10-19,Plano,TX0430600,13B,B,B,N,M,17,,N,OK;VO,School-Elementary/Secondary,K-12 School,Personal Weapons,,C
185939304,167854083,2022-10-19,Plano,TX0430600,13B,B,B,N,F,15,R,N,AQ,School-Elementary/Secondary,K-12 School,Personal Weapons,,C
178577201,161418919,2022-10-20,Plano,TX0430600,13B,B,B,N,F,16,R,N,SB,Residence/Home,Home,Personal Weapons,,C
181924046,164343621,2022-10-20,Plano,TX0430600,13B,B,B,N,F,18,N,Y,BG,Hotel/Motel/Etc.,Hotel & Motel,Personal Weapons,Minor Injury,C
187882815,169543713,2022-10-20,Plano,TX0430600,13B,B,B,N,M,13,R,N,AQ,School-Elementary/Secondary,K-12 School,Personal Weapons,,C
178577250,161418962,2022-10-21,Plano,TX0430600,13B,B,B,N,M,38,N,N,ST,Parking/Drop Lot/Garage,Parking Lot,Personal Weapons,,C
180086107,162735546,2022-10-21,Plano,TX0430600,13B,B,B,N,F,29,R,N,NE,Parking/Drop Lot/Garage,Parking Lot,Personal Weapons,Minor Injury,C
180086124,162735562,2022-10-21,Plano,TX0430600,13B,B,B,N,M,33,N,N,AQ,Parking/Drop Lot/Garage,Parking Lot,Personal Weapons,Minor Injury,C
181924097,164343668,2022-10-21,Plano,TX0430600,13B,B,B,N,F,21,R,Y,BG,Residence/Home,Home,Personal Weapons,Minor Injury,C
181924108,164343680,2022-10-21,Plano,TX0430600,13B,W,W,N,F,25,R,Y,CS,Residence/Home,Home,Personal Weapons,Minor Injury,C
181930946,164349785,2022-10-21,Plano,TX0430600,13B,W,W,N,F,41,N,N,AQ,Parking/Drop Lot/Garage,Parking Lot,Personal Weapons,,C
181930947,164349785,2022-10-21,Plano,TX0430600,13B,W,W,N,F,65,N,N,ST,Parking/Drop Lot/Garage,Parking Lot,Personal Weapons,Minor Injury,C
178577386,161419079,2022-10-22,Plano,TX0430600,13B,H,W,H,M,13,R,N,ST,Amusement Park,Amusement Park,Personal Weapons,Minor Injury,C
181924087,164343662,2022-10-22,Plano,TX0430600,13B,W,W,N,F,27,R,N,SB,Residence/Home,Home,Personal Weapons,Minor Injury,C
178577277,161418983,2022-10-23,Plano,TX0430600,13B,H,W,H,F,27,R,Y,BG,Residence/Home,Home,Personal Weapons,Minor Injury,C
178577551,161419228,2022-10-23,Plano,TX0430600,13B,W,W,N,F,72,R,N,OK,Residence/Home,Home,Personal Weapons,Minor Injury,C
181924211,164343781,2022-10-23,Plano,TX0430600,13B,A,A,N,F,43,R,Y,SE,Residence/Home,Home,Personal Weapons,,C
181924220,164343791,2022-10-23,Plano,TX0430600,13B,B,B,N,M,34,N,Y,XR,Parking/Drop Lot/Garage,Parking Lot,Personal Weapons,,C
181924221,164343791,2022-10-23,Plano,TX0430600,13B,W,W,N,F,29,N,N,OK,Parking/Drop Lot/Garage,Parking Lot,Personal Weapons,Minor Injury,C
184330670,166439647,2022-10-23,Plano,TX0430600,13B,W,W,N,F,29,N,Y,BG,Highway/Road/Alley/Street/Sidewalk,Street & Sidewalk,Personal Weapons,Minor Injury,C
185939384,167854155,2022-10-23,Plano,TX0430600,13B,W,W,N,F,38,R,Y,BG,Highway/Road/Alley/Street/Sidewalk,Street & Sidewalk,Personal Weapons,Minor Injury,C
178577378,161419071,2022-10-24,Plano,TX0430600,13B,A,A,N,F,11,R,N,AQ,School-Elementary/Secondary,K-12 School,Personal Weapons,,C
180086203,162735635,2022-10-24,Plano,TX0430600,13B,B,B,N,M,14,R,N,AQ,Highway/Road/Alley/Street/Sidewalk,Street & Sidewalk,Personal Weapons,Minor Injury,C
180086204,162735635,2022-10-24,Plano,TX0430600,13B,H,W,H,M,15,R,N,AQ,Highway/Road/Alley/Street/Sidewalk,Street & Sidewalk,Personal Weapons,Minor Injury,C
181924195,164343765,2022-10-24,Plano,TX0430600,13B,W,W,N,F,61,R,Y,SE,Residence/Home,Home,Personal Weapons,Minor Injury,C
181927434,164346679,2022-10-24,Plano,TX0430600,13B,W,W,N,F,28,R,Y,SE,Residence/Home,Home,Personal Weapons,Minor Injury,C
184330742,166439707,2022-10-24,Plano,TX0430600,13B,W,W,N,F,34,R,Y,XS,Residence/Home,Home,Personal Weapons,Minor Injury,C
187883112,169543984,2022-10-24,Plano,TX0430600,13B,B,B,N,F,15,R,N,AQ,School-Elementary/Secondary,K-12 School,Personal Weapons,,C
178577352,161419052,2022-10-25,Plano,TX0430600,13B,A,A,N,M,17,R,N,FR,School-Elementary/Secondary,K-12 School,Personal Weapons,Minor Injury,C
178577361,161419061,2022-10-25,Plano,TX0430600,13B,H,W,H,F,36,R,Y,SE,Parking/Drop Lot/Garage,Parking Lot,Personal Weapons,Minor Injury,C
178577427,161419117,2022-10-25,Plano,TX0430600,13B,B,B,N,F,24,N,Y,BG,Parking/Drop Lot/Garage,Parking Lot,Personal Weapons,Minor Injury,C
180086266,162735694,2022-10-25,Plano,TX0430600,13B,W,W,N,M,17,N,N,OK,School-Elementary/Secondary,K-12 School,Personal Weapons,,C
181924228,164343796,2022-10-25,Plano,TX0430600,13B,W,W,N,F,32,N,Y,BG,Hotel/Motel/Etc.,Hotel & Motel,Personal Weapons,Minor Injury,C
178577415,161419106,2022-10-26,Plano,TX0430600,13B,A,A,N,F,11,R,N,AQ,School-Elementary/Secondary,K-12 School,Personal Weapons,Minor Injury,C
178577416,161419106,2022-10-26,Plano,TX0430600,13B,W,W,N,F,,R,N,AQ,School-Elementary/Secondary,K-12 School,Personal Weapons,,C
181924226,164343795,2022-10-26,Plano,TX0430600,13B,A,A,N,F,29,R,Y,SE,Residence/Home,Home,Personal Weapons,Minor Injury,C
181924275,164343840,2022-10-26,Plano,TX0430600,13B,W,W,N,F,78,R,N,OK,Residence/Home,Home,Personal Weapons,Minor Injury,C
187882524,169543444,2022-10-26,Plano,TX0430600,13B,B,B,N,M,57,R,N,OK,Residence/Home,Home,Unknown,,C
178577582,161419255,2022-10-27,Plano,TX0430600,13B,W,W,N,F,,N,N,AQ,School-Elementary/Secondary,K-12 School,Personal Weapons,Minor Injury,C
178577613,161419283,2022-10-27,Plano,TX0430600,13B,H,W,H,M,13,R,N,AQ,School-Elementary/Secondary,K-12 School,Personal Weapons,Minor Injury,C
181924325,164343885,2022-10-27,Plano,TX0430600,13B,H,W,H,F,19,R,Y,BG,Residence/Home,Home,Personal Weapons,Minor Injury,C
181924455,164344001,2022-10-27,Plano,TX0430600,13B,W,W,N,M,32,N,Y,XR,Highway/Road/Alley/Street/Sidewalk,Street & Sidewalk,Personal Weapons,Minor Injury,C
185939365,167854139,2022-10-27,Plano,TX0430600,13B,B,B,N,M,14,,N,FR;VO,School-Elementary/Secondary,K-12 School,Personal Weapons,Minor Injury,C
185939366,167854139,2022-10-27,Plano,TX0430600,13B,A,A,N,M,15,,N,FR;VO,School-Elementary/Secondary,K-12 School,Personal Weapons,Minor Injury,C
178577627,161419296,2022-10-28,Plano,TX0430600,13B,W,W,N,F,15,R,N,AQ;VO,School-Elementary/Secondary,K-12 School,Personal Weapons,Minor Injury,C
178577628,161419296,2022-10-28,Plano,TX0430600,13B,W,W,N,F,15,N,N,AQ;VO,School-Elementary/Secondary,K-12 School,Personal Weapons,Minor Injury,C
178577731,161419395,2022-10-28,Plano,TX0430600,13B,B,B,N,F,17,R,N,SB,Residence/Home,Home,Personal Weapons,,C
181931021,164349848,2022-10-28,Plano,TX0430600,13B,W,W,N,F,73,R,N,SB,Hotel/Motel/Etc.,Hotel & Motel,Personal Weapons,Minor Injury,C
184330735,166439700,2022-10-28,Plano,TX0430600,13B,H,W,H,F,15,R,N,AQ,School-Elementary/Secondary,K-12 School,Personal Weapons,Minor Injury,C
178577700,161419367,2022-10-29,Plano,TX0430600,13B,B,B,N,F,39,R,N,PA,Parking/Drop Lot/Garage,Parking Lot,Personal Weapons,Minor Injury,C
178577803,161419461,2022-10-29,Plano,TX0430600,13B,W,W,N,F,20,R,Y,BG,Residence/Home,Home,Personal Weapons,Minor Injury,C
180086441,162735858,2022-10-29,Plano,TX0430600,13B,W,W,N,M,51,R,N,OK,Residence/Home,Home,Personal Weapons,,C
180086474,162735887,2022-10-29,Plano,TX0430600,13B,H,W,H,F,57,R,N,PA,Residence/Home,Home,Personal Weapons,,C
180086475,162735887,2022-10-29,Plano,TX0430600,13B,H,W,H,F,25,R,Y,SE,Residence/Home,Home,Personal Weapons,,C
180086476,162735887,2022-10-29,Plano,TX0430600,13B,H,W,H,F,40,R,N,SB,Residence/Home,Home,Personal Weapons,,C
178577761,161419424,2022-10-30,Plano,TX0430600,13B,W,W,N,F,29,R,Y,BG,Residence/Home,Home,Personal Weapons,Minor Injury,C
178577794,161419452,2022-10-30,Plano,TX0430600,13B,B,B,N,M,30,R,Y,BG,Residence/Home,Home,Personal Weapons,Minor Injury,C
178577807,161419465,2022-10-30,Plano,TX0430600,13B,W,W,N,F,50,R,N,NE,Residence/Home,Home,Personal Weapons,,C
180086433,162735850,2022-10-30,Plano,TX0430600,13B,A,A,N,F,49,R,Y,SE,Residence/Home,Home,Personal Weapons,Minor Injury,C
180086435,162735852,2022-10-30,Plano,TX0430600,13B,I,I,N,F,23,R,Y,BG,Highway/Road/Alley/Street/Sidewalk,Street & Sidewalk,Personal Weapons,Minor Injury,C
181924256,164343823,2022-10-30,Plano,TX0430600,13B,W,W,N,F,31,N,Y,BG,Residence/Home,Home,Personal Weapons,Minor Injury,C
181924347,164343905,2022-10-30,Plano,TX0430600,13B,B,B,N,F,26,N,Y,BG,Parking/Drop Lot/Garage,Parking Lot,Personal Weapons,Minor Injury,C
178577859,161419512,2022-10-31,Plano,TX0430600,13B,W,W,N,F,16,R,N,ST,School-Elementary/Secondary,K-12 School,Personal Weapons,Minor Injury,C
178577879,161419530,2022-10-31,Plano,TX0430600,13B,W,W,N,M,45,R,Y,BG,Residence/Home,Home,Personal Weapons,Minor Injury,C
181924313,164343875,2022-10-31,Plano,TX0430600,13B,W,W,N,M,33,R,N,SP,Residence/Home,Home,Personal Weapons,Minor Injury,C
181924314,164343875,2022-10-31,Plano,TX0430600,13B,W,W,N,F,39,R,N,PA,Residence/Home,Home,Personal Weapons,Minor Injury,C
181924508,164344046,2022-10-31,Plano,TX0430600,13B,B,B,N,F,29,N,Y,SE,Residence/Home,Home,Personal Weapons,Minor Injury,C
181931110,164349924,2022-10-31,Plano,TX0430600,13B,W,W,N,F,52,R,N,PA,Highway/Road/Alley/Street/Sidewalk,Street & Sidewalk,Personal Weapons,Minor Injury,C
184330756,166439717,2022-10-31,Plano,TX0430600,13B,B,B,N,M,41,R,Y,BG,Jail/Prison/Penitentiary/Corrections Facility,Jail & Prison,Personal Weapons,Minor Injury,C
180086619,162736010,2022-11-02,Plano,TX0430600,13B,W,W,N,F,83,R,N,SB,Residence/Home,Home,Personal Weapons,Minor Injury,C
180086643,162736033,2022-11-02,Plano,TX0430600,13B,W,W,N,F,34,R,Y,SE,Residence/Home,Home,Personal Weapons,,C
181924406,164343956,2022-11-02,Plano,TX0430600,13B,H,W,H,F,39,R,Y,SE,Residence/Home,Home,Personal Weapons,Minor Injury,C
180086703,162736089,2022-11-03,Plano,TX0430600,13B,W,W,N,F,25,R,N,CH,Residence/Home,Home,Unknown,Minor Injury,C
180086821,162736195,2022-11-03,Plano,TX0430600,13B,B,B,N,M,28,R,N,AQ,Residence/Home,Home,Personal Weapons,,C
180087252,162736600,2022-11-03,Plano,TX0430600,13B,W,W,N,M,11,R,N,AQ,School-Elementary/Secondary,K-12 School,Personal Weapons,,C
180087310,162736654,2022-11-03,Plano,TX0430600,13B,W,W,N,M,13,R,N,AQ,Park/Playground,Park & Playground,Personal Weapons,Minor Injury,C
180086873,162736244,2022-11-04,Plano,TX0430600,13B,B,B,N,M,14,R,N,AQ;FR,School-Elementary/Secondary,K-12 School,Personal Weapons,,C
180086916,162736286,2022-11-04,Plano,TX0430600,13B,W,W,N,M,16,R,N,AQ,School-Elementary/Secondary,K-12 School,Personal Weapons,Minor Injury,C
180086922,162736292,2022-11-04,Plano,TX0430600,13B,A,A,N,M,47,R,N,AQ,Bar/Nightclub,Bar & Nightclub,Personal Weapons,Minor Injury,C
180086923,162736293,2022-11-04,Plano,TX0430600,13B,W,W,N,F,46,N,N,ST,Amusement Park,Amusement Park,Personal Weapons,,C
180087127,162736486,2022-11-04,Plano,TX0430600,13B,B,B,N,F,46,R,Y,BG,Parking/Drop Lot/Garage,Parking Lot,Personal Weapons,Minor Injury,C
181924373,164343926,2022-11-04,Plano,TX0430600,13B,W,W,N,F,40,R,N,PA,Residence/Home,Home,Personal Weapons,Minor Injury,C
181924536,164344075,2022-11-04,Plano,TX0430600,13B,A,A,N,M,20,N,N,ST,Restaurant,Restaurant,Personal Weapons,Minor Injury,C
181924537,164344075,2022-11-04,Plano,TX0430600,13B,A,A,N,M,17,N,N,ST,Restaurant,Restaurant,Personal Weapons,Minor Injury,C
181924538,164344075,2022-11-04,Plano,TX0430600,13B,A,A,N,M,21,N,N,ST,Restaurant,Restaurant,Personal Weapons,Minor Injury,C
185939565,167854315,2022-11-04,Plano,TX0430600,13B,B,B,N,F,12,R,N,AQ,School-Elementary/Secondary,K-12 School,Personal Weapons,Minor Injury,C
187882560,169543478,2022-11-04,Plano,TX0430600,13B,W,W,N,M,13,R,N,FR,Amusement Park,Amusement Park,Personal Weapons,Minor Injury,C
180087018,162736383,2022-11-05,Plano,TX0430600,13B,W,W,N,F,37,R,Y,XR,Residence/Home,Home,Personal Weapons,Minor Injury,C
180087061,162736421,2022-11-05,Plano,TX0430600,13B,H,W,H,F,48,R,N,PA,Residence/Home,Home,Personal Weapons,Minor Injury,C
181924412,164343962,2022-11-05,Plano,TX0430600,13B,B,B,N,F,42,R,Y,BG,Residence/Home,Home,Personal Weapons,Minor Injury,C
181924429,164343977,2022-11-05,Plano,TX0430600,13B,W,W,N,M,25,R,Y,BG,Residence/Home,Home,Personal Weapons,Minor Injury,C
180087189,162736542,2022-11-06,Plano,TX0430600,13B,H,W,H,F,15,R,N,GC,Residence/Home,Home,Personal Weapons,Minor Injury,C
180087298,162736643,2022-11-06,Plano,TX0430600,13B,A,A,N,F,31,R,N,OK,Residence/Home,Home,Personal Weapons,,C
181924454,164344002,2022-11-06,Plano,TX0430600,13B,W,W,N,M,12,N,N,ST,Park/Playground,Park & Playground,Personal Weapons,Minor Injury,C
181924485,164344025,2022-11-06,Plano,TX0430600,13B,B,B,N,F,33,R,Y,BG,Residence/Home,Home,Personal Weapons,Minor Injury,C
181924486,164344025,2022-11-06,Plano,TX0430600,13B,B,B,N,M,13,R,N,OF,Residence/Home,Home,Personal Weapons,Minor Injury,C
180087279,162736626,2022-11-07,Plano,TX0430600,13B,W,W,N,M,13,R,N,AQ,Highway/Road/Alley/Street/Sidewalk,Street & Sidewalk,Personal Weapons,Minor Injury,C
181924812,164344319,2022-11-07,Plano,TX0430600,13B,W,W,N,F,13,N,N,AQ,Other/Unknown,Other & Unknown,Personal Weapons,Minor Injury,C
180087350,162736687,2022-11-08,Plano,TX0430600,13B,B,B,N,M,14,R,N,AQ,School-Elementary/Secondary,K-12 School,Personal Weapons,Minor Injury,C
180087446,162736768,2022-11-08,Plano,TX0430600,13B,W,W,U,F,29,R,Y,BG,Parking/Drop Lot/Garage,Parking Lot,Personal Weapons,,C
181924446,164343993,2022-11-08,Plano,TX0430600,13B,W,W,N,M,59,R,N,ST,Highway/Road/Alley/Street/Sidewalk,Street & Sidewalk,Personal Weapons,Minor Injury,C
181924511,164344050,2022-11-08,Plano,TX0430600,13B,H,W,H,F,13,R,N,OK,Residence/Home,Home,Personal Weapons,,C
181931354,164350133,2022-11-08,Plano,TX0430600,13B,A,A,N,M,50,N,N,OK,Bar/Nightclub,Bar & Nightclub,Personal Weapons,,C
180087624,162736938,2022-11-10,Plano,TX0430600,13B,W,W,N,F,20,R,N,CH,Residence/Home,Home,Personal Weapons,Minor Injury,C
181924620,164344140,2022-11-10,Plano,TX0430600,13B,W,W,N,M,41,N,Y,XS,Residence/Home,Home,Personal Weapons,,C
181924685,164344202,2022-11-10,Plano,TX0430600,13B,B,B,N,M,38,R,Y,SE,Residence/Home,Home,Personal Weapons,Minor Injury,C
184331330,166440234,2022-11-10,Plano,TX0430600,13B,H,W,H,M,14,R,N,OK,School-Elementary/Secondary,K-12 School,Personal Weapons,,C
185939867,167854582,2022-11-10,Plano,TX0430600,13B,W,W,N,M,65,N,N,PA,Parking/Drop Lot/Garage,Parking Lot,Personal Weapons,Minor Injury,C
180087671,162736982,2022-11-11,Plano,TX0430600,13B,A,A,N,M,31,R,N,ST,Convenience Store,Convenience Store,Personal Weapons,,C
181924723,164344238,2022-11-11,Plano,TX0430600,13B,B,B,N,F,31,R,Y,CS,Residence/Home,Home,Personal Weapons,Minor Injury,C
181931229,164350019,2022-11-11,Plano,TX0430600,13B,W,W,N,F,42,R,Y,XS,Residence/Home,Home,Personal Weapons,,C
181924563,164344092,2022-11-12,Plano,TX0430600,13B,W,W,N,F,37,R,N,ST,Bar/Nightclub,Bar & Nightclub,Personal Weapons,Minor Injury,C
180087860,162737151,2022-11-13,Plano,TX0430600,13B,W,W,N,F,43,R,N,PA,Residence/Home,Home,Personal Weapons,Minor Injury,C
180087868,162737159,2022-11-13,Plano,TX0430600,13B,H,W,H,F,20,N,Y,BG,Parking/Drop Lot/Garage,Parking Lot,Personal Weapons,,C
180208215,162843649,2022-11-13,Plano,TX0430600,13B,W,W,N,F,42,R,N,PA,Residence/Home,Home,Personal Weapons,Minor Injury,C
184330885,166439832,2022-11-13,Plano,TX0430600,13B,W,W,N,M,29,R,N,AQ,Bar/Nightclub,Bar & Nightclub,Personal Weapons,Minor Injury,C
181924650,164344164,2022-11-14,Plano,TX0430600,13B,W,W,N,M,47,R,Y,SE,Residence/Home,Home,Personal Weapons,Minor Injury,C
181924731,164344244,2022-11-14,Plano,TX0430600,13B,H,W,H,F,60,R,Y,BG,Highway/Road/Alley/Street/Sidewalk,Street & Sidewalk,Personal Weapons,Minor Injury,C
184330834,166439789,2022-11-14,Plano,TX0430600,13B,B,B,N,F,38,R,Y,SE,Residence/Home,Home,Personal Weapons,Minor Injury,C
187883689,169544513,2022-11-14,Plano,TX0430600,13B,B,B,N,M,48,R,Y,XR,Parking/Drop Lot/Garage,Parking Lot,Personal Weapons,Minor Injury,C
180088082,162737345,2022-11-15,Plano,TX0430600,13B,A,A,N,M,25,R,Y,BG,Residence/Home,Home,Personal Weapons,,C
185941190,167855766,2022-11-15,Plano,TX0430600,13B,H,W,H,M,13,R,N,AQ,School-Elementary/Secondary,K-12 School,Personal Weapons,,C
180088080,162737343,2022-11-16,Plano,TX0430600,13B,B,B,N,M,38,R,N,OK,Government/Public Building,Government Building,Personal Weapons,,C
180088085,162737348,2022-11-16,Plano,TX0430600,13B,B,B,N,F,34,R,N,PA,Residence/Home,Home,Personal Weapons,Minor Injury,C
181924859,164344363,2022-11-16,Plano,TX0430600,13B,B,B,N,F,31,N,N,AQ,Drug Store/Doctor's Office/Hospital,Hospital & Clinic,Personal Weapons,Minor Injury,C
184330914,166439859,2022-11-16,Plano,TX0430600,13B,W,W,N,F,57,R,Y,BG,Parking/Drop Lot/Garage,Parking Lot,Personal Weapons,Minor Injury,C
180088130,162737391,2022-11-17,Plano,TX0430600,13B,W,W,N,M,56,N,N,OK,Parking/Drop Lot/Garage,Parking Lot,Personal Weapons,Minor Injury,C
180088131,162737391,2022-11-17,Plano,TX0430600,13B,W,W,N,F,33,N,N,ST,Parking/Drop Lot/Garage,Parking Lot,Personal Weapons,,C
181924683,164344201,2022-11-17,Plano,TX0430600,13B,H,W,H,M,14,R,N,AQ,School-Elementary/Secondary,K-12 School,Personal Weapons,Minor Injury,C
180088257,162737507,2022-11-18,Plano,TX0430600,13B,W,W,N,M,21,R,N,OK,Residence/Home,Home,Personal Weapons,Minor Injury,C
180088328,162737568,2022-11-18,Plano,TX0430600,13B,W,W,N,M,53,R,Y,VO;XR,Residence/Home,Home,Personal Weapons,Minor Injury,C
180088329,162737568,2022-11-18,Plano,TX0430600,13B,W,W,N,F,50,N,Y,VO;XR,Residence/Home,Home,Personal Weapons,Minor Injury,C
180208548,162843964,2022-11-18,Plano,TX0430600,13B,H,W,H,F,15,R,N,AQ,School-Elementary/Secondary,K-12 School,Personal Weapons,Minor Injury,C
181924764,164344273,2022-11-18,Plano,TX0430600,13B,W,W,N,M,10,R,N,AQ;VO,School-Elementary/Secondary,K-12 School,Personal Weapons,Minor Injury,C
181924765,164344273,2022-11-18,Plano,TX0430600,13B,B,B,N,M,10,R,N,AQ;VO,School-Elementary/Secondary,K-12 School,Personal Weapons,Minor Injury,C
181927338,164346593,2022-11-18,Plano,TX0430600,13B,W,W,N,M,3,R,N,AQ,Daycare Facility,Daycare Facility,Personal Weapons,,C
184334978,166443499,2022-11-18,Plano,TX0430600,13B,W,W,N,F,57,R,N,PA,Hotel/Motel/Etc.,Hotel & Motel,Personal Weapons,Minor Injury,C
180088346,162737583,2022-11-19,Plano,TX0430600,13B,W,W,N,M,42,R,Y,SE,Residence/Home,Home,Personal Weapons,,C
180208252,162843686,2022-11-19,Plano,TX0430600,13B,A,A,N,M,14,N,N,ST,Hotel/Motel/Etc.,Hotel & Motel,Personal Weapons,,C
181924886,164344387,2022-11-19,Plano,TX0430600,13B,H,W,H,F,35,R,Y,XS,Residence/Home,Home,Personal Weapons,Minor Injury,C
181925215,164344684,2022-11-19,Plano,TX0430600,13B,H,W,H,F,28,R,N,OF,Residence/Home,Home,Personal Weapons,Minor Injury,C
181925216,164344684,2022-11-19,Plano,TX0430600,13B,H,W,H,F,12,R,N,OF,Residence/Home,Home,Personal Weapons,,C
184330897,166439843,2022-11-19,Plano,TX0430600,13B,B,B,N,F,42,R,Y,BG,Residence/Home,Home,Personal Weapons,,C
184330910,166439854,2022-11-19,Plano,TX0430600,13B,W,W,N,F,76,R,N,GP,Residence/Home,Home,Personal Weapons,,C
184330942,166439885,2022-11-19,Plano,TX0430600,13B,W,W,N,F,57,R,N,PA,Hotel/Motel/Etc.,Hotel & Motel,Personal Weapons,Minor Injury,C
185946634,167860580,2022-11-19,Plano,TX0430600,13B,B,B,N,F,20,N,N,ST,Restaurant,Restaurant,Personal Weapons,,C
184330928,166439872,2022-11-20,Plano,TX0430600,13B,H,W,H,F,17,R,N,SB,Residence/Home,Home,Personal Weapons,Minor Injury,C
184330994,166439929,2022-11-20,Plano,TX0430600,13B,W,W,N,F,54,R,N,OK,Residence/Home,Home,Personal Weapons,Minor Injury,C
180088568,162737789,2022-11-21,Plano,TX0430600,13B,H,W,H,F,54,N,N,ST,Specialty Store,Specialty Store,Personal Weapons,Minor Injury,C
181924861,164344365,2022-11-21,Plano,TX0430600,13B,B,B,N,F,21,R,Y,XR,Residence/Home,Home,Personal Weapons,Minor Injury,C
184334146,166442745,2022-11-21,Plano,TX0430600,13B,B,B,N,F,27,R,N,AQ,Specialty Store,Specialty Store,Personal Weapons,,C
180088641,162737852,2022-11-22,Plano,TX0430600,13B,A,A,N,F,36,R,N,ST,Residence/Home,Home,Personal Weapons,Minor Injury,C
180088645,162737856,2022-11-22,Plano,TX0430600,13B,A,A,N,F,70,R,Y,SE,Residence/Home,Home,Personal Weapons,Minor Injury,C
180088714,162737923,2022-11-22,Plano,TX0430600,13B,W,W,N,M,39,R,Y,CS,Residence/Home,Home,Personal Weapons,,C
181924955,164344446,2022-11-22,Plano,TX0430600,13B,A,A,N,F,49,N,N,ST,Specialty Store,Specialty Store,Personal Weapons,Minor Injury,C
180089126,162738278,2022-11-24,Plano,TX0430600,13B,H,W,H,F,2,N,N,OK,Residence/Home,Home,Personal Weapons,Minor Injury,C
181924862,164344366,2022-11-25,Plano,TX0430600,13B,W,W,N,F,16,N,N,ST,Highway/Road/Alley/Street/Sidewalk,Street & Sidewalk,Personal Weapons,,C
184331010,166439945,2022-11-25,Plano,TX0430600,13B,H,W,H,F,29,R,Y,XR,Residence/Home,Home,Personal Weapons,Minor Injury,C
187882939,169543828,2022-11-25,Plano,TX0430600,13B,H,W,H,M,16,N,N,ST,Restaurant,Restaurant,Personal Weapons,Minor Injury,C
187882940,169543828,2022-11-25,Plano,TX0430600,13B,H,W,H,F,28,R,N,ST,Restaurant,Restaurant,Personal Weapons,Minor Injury,C
187882941,169543828,2022-11-25,Plano,TX0430600,13B,H,W,H,F,20,N,N,ST,Restaurant,Restaurant,Personal Weapons,Minor Injury,C
181925020,164344503,2022-11-26,Plano,TX0430600,13B,B,B,N,M,28,N,N,ST,Parking/Drop Lot/Garage,Parking Lot,Personal Weapons,Minor Injury,C
184331035,166439967,2022-11-26,Plano,TX0430600,13B,B,B,N,F,48,R,N,PA,Residence/Home,Home,Personal Weapons,Minor Injury,C
180089024,162738188,2022-11-27,Plano,TX0430600,13B,W,W,N,M,63,R,Y,BG,Residence/Home,Home,Personal Weapons,Minor Injury,C
180089050,162738210,2022-11-27,Plano,TX0430600,13B,H,W,H,M,38,R,Y,SE,Residence/Home,Home,Personal Weapons,Minor Injury,C
181925257,164344718,2022-11-27,Plano,TX0430600,13B,H,W,H,F,50,R,N,NE,Highway/Road/Alley/Street/Sidewalk,Street & Sidewalk,Personal Weapons,Minor Injury,C
184331005,166439940,2022-11-27,Plano,TX0430600,13B,H,W,H,M,23,R,Y,XR,Residence/Home,Home,Personal Weapons,Minor Injury,C
184331058,166439987,2022-11-27,Plano,TX0430600,13B,W,W,N,M,38,R,Y,SE,Hotel/Motel/Etc.,Hotel & Motel,Personal Weapons,Minor Injury,C
181924922,164344417,2022-11-28,Plano,TX0430600,13B,B,B,N,F,0,N,N,ST,Parking/Drop Lot/Garage,Parking Lot,Personal Weapons,,C
184331042,166439973,2022-11-28,Plano,TX0430600,13B,A,A,N,F,39,R,Y,SE,Residence/Home,Home,Personal Weapons,Minor Injury,C
184331053,166439983,2022-11-28,Plano,TX0430600,13B,H,W,H,F,27,R,N,OK,Residence/Home,Home,Personal Weapons,Minor Injury,C
185939882,167854596,2022-11-28,Plano,TX0430600,13B,H,W,H,F,36,R,Y,XS,Residence/Home,Home,Personal Weapons,,C
181925055,164344535,2022-11-29,Plano,TX0430600,13B,H,W,H,M,43,R,Y,BG,Highway/Road/Alley/Street/Sidewalk,Street & Sidewalk,Personal Weapons,Minor Injury,C
181925146,164344617,2022-11-29,Plano,TX0430600,13B,H,W,H,M,40,N,N,OK,Drug Store/Doctor's Office/Hospital,Hospital & Clinic,Personal Weapons,,C
180089241,162738387,2022-11-30,Plano,TX0430600,13B,W,W,N,M,32,R,Y,XR,Residence/Home,Home,Personal Weapons,,C
181925007,164344497,2022-11-30,Plano,TX0430600,13B,B,B,N,M,50,R,N,OF,Residence/Home,Home,Personal Weapons,Minor Injury,C
181925142,164344614,2022-11-30,Plano,TX0430600,13B,B,B,N,M,44,N,N,ST,Drug Store/Doctor's Office/Hospital,Hospital & Clinic,Personal Weapons,Minor Injury,C
181925240,164344706,2022-11-30,Plano,TX0430600,13B,A,A,N,M,21,R,N,CH,Residence/Home,Home,Personal Weapons,Minor Injury,C
181927243,164346508,2022-11-30,Plano,TX0430600,13B,W,W,N,F,16,R,N,AQ,School-Elementary/Secondary,K-12 School,Personal Weapons,,C
184331051,166439981,2022-11-30,Plano,TX0430600,13B,B,B,N,F,20,N,Y,BG,Hotel/Motel/Etc.,Hotel & Motel,Personal Weapons,Minor Injury,C
185939874,167854588,2022-11-30,Plano,TX0430600,13B,W,W,N,F,18,R,Y,BG,Residence/Home,Home,Personal Weapons,Minor Injury,C
181924990,164344477,2022-12-01,Plano,TX0430600,13B,B,B,N,M,4,N,N,CH,School-Elementary/Secondary,K-12 School,Personal Weapons,,C
181925043,164344525,2022-12-01,Plano,TX0430600,13B,B,B,N,F,57,R,Y,BG,Residence/Home,Home,Personal Weapons,,C
181925698,164345096,2022-12-01,Plano,TX0430600,13B,A,A,N,F,59,R,N,AQ,School-Elementary/Secondary,K-12 School,Personal Weapons,,C
184331069,166439998,2022-12-01,Plano,TX0430600,13B,B,B,N,M,36,N,N,AQ,Highway/Road/Alley/Street/Sidewalk,Street & Sidewalk,Personal Weapons,Minor Injury,C
185940312,167854989,2022-12-01,Plano,TX0430600,13B,H,W,H,F,38,N,N,AQ,Parking/Drop Lot/Garage,Parking Lot,Personal Weapons,Minor Injury,C
185940313,167854989,2022-12-01,Plano,TX0430600,13B,W,W,N,M,30,N,N,ST,Parking/Drop Lot/Garage,Parking Lot,Personal Weapons,,C
185940521,167855169,2022-12-01,Plano,TX0430600,13B,W,W,N,M,64,N,N,ST,Restaurant,Restaurant,Personal Weapons,,C
181925209,164344676,2022-12-02,Plano,TX0430600,13B,H,W,H,M,17,R,N,AQ;ST,Residence/Home,Home,Personal Weapons,Minor Injury,C
184331124,166440047,2022-12-02,Plano,TX0430600,13B,A,A,N,F,47,R,Y,SE,Residence/Home,Home,Personal Weapons,,C
185940276,167854957,2022-12-02,Plano,TX0430600,13B,B,B,N,M,16,R,N,AQ,School-Elementary/Secondary,K-12 School,Personal Weapons,Minor Injury,C
184331202,166440116,2022-12-04,Plano,TX0430600,13B,B,B,N,F,25,R,Y,BG,Highway/Road/Alley/Street/Sidewalk,Street & Sidewalk,Personal Weapons,Minor Injury,C
184331209,166440123,2022-12-04,Plano,TX0430600,13B,H,W,H,M,32,R,N,ST,Bar/Nightclub,Bar & Nightclub,Personal Weapons,Minor Injury,C
181925720,164345118,2022-12-05,Plano,TX0430600,13B,W,W,N,F,24,R,N,ST,Highway/Road/Alley/Street/Sidewalk,Street & Sidewalk,Personal Weapons,Minor Injury,C
184331150,166440071,2022-12-05,Plano,TX0430600,13B,H,W,H,F,45,R,N,PA,Residence/Home,Home,Personal Weapons,Minor Injury,C
184331198,166440113,2022-12-05,Plano,TX0430600,13B,W,W,N,F,35,R,Y,SE,Residence/Home,Home,Personal Weapons,Minor Injury,C
184331236,166440145,2022-12-06,Plano,TX0430600,13B,W,W,N,F,41,R,N,PA;VO,Residence/Home,Home,Personal Weapons,Minor Injury,C
184331237,166440145,2022-12-06,Plano,TX0430600,13B,W,W,N,F,18,,N,CH;VO,Residence/Home,Home,Personal Weapons,Minor Injury,C
181926232,164345578,2022-12-07,Plano,TX0430600,13B,W,W,N,F,51,N,N,ST,Parking/Drop Lot/Garage,Parking Lot,Personal Weapons,,C
184331205,166440119,2022-12-07,Plano,TX0430600,13B,W,W,N,F,23,R,N,SB,Parking/Drop Lot/Garage,Parking Lot,Personal Weapons,Minor Injury,C
184331222,166440134,2022-12-07,Plano,TX0430600,13B,H,W,H,M,14,R,N,AQ,School-Elementary/Secondary,K-12 School,Personal Weapons,Minor Injury,C
184331270,166440175,2022-12-07,Plano,TX0430600,13B,H,W,H,M,34,R,Y,SE,Residence/Home,Home,Personal Weapons,Minor Injury,C
181926084,164345444,2022-12-08,Plano,TX0430600,13B,B,B,N,F,35,N,Y,BG,Highway/Road/Alley/Street/Sidewalk,Street & Sidewalk,Personal Weapons,Minor Injury,C
181926375,164345715,2022-12-08,Plano,TX0430600,13B,A,A,N,M,21,R,N,CH,Residence/Home,Home,Personal Weapons,,C
181926440,164345771,2022-12-08,Plano,TX0430600,13B,W,W,N,F,29,R,N,ST,Hotel/Motel/Etc.,Hotel & Motel,Personal Weapons,,C
184331247,166440154,2022-12-08,Plano,TX0430600,13B,B,B,N,F,13,R,N,AQ;FR,Parking/Drop Lot/Garage,Parking Lot,Personal Weapons,Minor Injury,C
184331339,166440242,2022-12-08,Plano,TX0430600,13B,W,W,N,F,39,R,Y,SE,Residence/Home,Home,Personal Weapons,Minor Injury,C
185940227,167854912,2022-12-08,Plano,TX0430600,13B,W,W,N,F,20,R,Y,BG,Hotel/Motel/Etc.,Hotel & Motel,Personal Weapons,Minor Injury,C
181926251,164345596,2022-12-09,Plano,TX0430600,13B,W,W,N,F,40,R,N,PA,Residence/Home,Home,Personal Weapons,Minor Injury,C
181926408,164345743,2022-12-09,Plano,TX0430600,13B,H,W,H,M,12,R,N,AQ,School-Elementary/Secondary,K-12 School,Personal Weapons,Minor Injury,C
181926698,164346012,2022-12-09,Plano,TX0430600,13B,A,A,N,F,14,R,N,OK,Park/Playground,Park & Playground,Personal Weapons,,C
184331277,166440182,2022-12-09,Plano,TX0430600,13B,W,W,N,F,47,R,N,OK,Residence/Home,Home,Personal Weapons,Minor Injury,C
184331307,166440210,2022-12-09,Plano,TX0430600,13B,H,W,H,M,28,N,N,EE,Residence/Home,Home,Personal Weapons,,C
181926400,164345738,2022-12-10,Plano,TX0430600,13B,P,P,N,F,18,R,N,ST,Highway/Road/Alley/Street/Sidewalk,Street & Sidewalk,Personal Weapons,Minor Injury,C
181926401,164345738,2022-12-10,Plano,TX0430600,13B,B,B,N,F,18,R,N,ST,Highway/Road/Alley/Street/Sidewalk,Street & Sidewalk,Personal Weapons,Minor Injury,C
181926671,164345987,2022-12-10,Plano,TX0430600,13B,I,I,N,F,21,R,N,AQ,Department/Discount Store,Department Store,Personal Weapons,Minor Injury,C
181927918,164347115,2022-12-10,Plano,TX0430600,13B,H,B,H,F,45,R,Y,SE,Residence/Home,Home,Personal Weapons,Minor Injury,C
184331302,166440205,2022-12-10,Plano,TX0430600,13B,B,B,N,F,40,R,Y,BG,Residence/Home,Home,Personal Weapons,Minor Injury,C
184331315,166440218,2022-12-10,Plano,TX0430600,13B,W,W,N,F,26,R,Y,BG,Residence/Home,Home,Personal Weapons,Minor Injury,C
184331365,166440262,2022-12-10,Plano,TX0430600,13B,B,B,N,M,3,R,N,OK,Residence/Home,Home,Personal Weapons,Minor Injury,C
181926398,164345736,2022-12-11,Plano,TX0430600,13B,H,W,H,F,27,R,Y,BG,Parking/Drop Lot/Garage,Parking Lot,Personal Weapons,,C
181926574,164345899,2022-12-11,Plano,TX0430600,13B,W,W,N,F,41,N,Y,XR,Highway/Road/Alley/Street/Sidewalk,Street & Sidewalk,Personal Weapons,Minor Injury,C
184331319,166440222,2022-12-11,Plano,TX0430600,13B,H,W,H,M,24,R,N,AQ,Restaurant,Restaurant,Personal Weapons,Minor Injury,C
184331371,166440267,2022-12-11,Plano,TX0430600,13B,W,W,N,M,23,R,N,AQ,Residence/Home,Home,Personal Weapons,Minor Injury,C
184331501,166440380,2022-12-11,Plano,TX0430600,13B,W,W,N,F,34,N,Y,XR,Residence/Home,Home,Personal Weapons,,C
181926767,164346079,2022-12-12,Plano,TX0430600,13B,B,B,N,F,10,R,N,OK,Highway/Road/Alley/Street/Sidewalk,Street & Sidewalk,Personal Weapons,Minor Injury,C
181926838,164346145,2022-12-13,Plano,TX0430600,13B,H,W,H,F,20,R,Y,XR,Residence/Home,Home,Personal Weapons,,C
181927034,164346318,2022-12-13,Plano,TX0430600,13B,H,W,H,M,29,N,N,ST,Liquor Store,Liquor Store,Personal Weapons,Minor Injury,C
184331530,166440408,2022-12-13,Plano,TX0430600,13B,B,B,N,M,6,R,N,CH,Residence/Home,Home,Personal Weapons,Minor Injury,C
187882883,169543779,2022-12-13,Plano,TX0430600,13B,H,B,H,M,15,R,N,ST,Highway/Road/Alley/Street/Sidewalk,Street & Sidewalk,Personal Weapons,,C
181927301,164346561,2022-12-14,Plano,TX0430600,13B,B,B,N,F,20,R,Y,BG,Parking/Drop Lot/Garage,Parking Lot,Personal Weapons,,C
184332151,166440932,2022-12-14,Plano,TX0430600,13B,W,W,N,M,38,N,N,AQ,School-Elementary/Secondary,K-12 School,Personal Weapons,Minor Injury,C
185940649,167855285,2022-12-14,Plano,TX0430600,13B,W,W,N,F,77,R,N,NE,Residence/Home,Home,Personal Weapons,Minor Injury,C
181927325,164346583,2022-12-15,Plano,TX0430600,13B,H,W,H,F,25,U,Y,BG,Residence/Home,Home,Personal Weapons,,C
181927399,164346645,2022-12-15,Plano,TX0430600,13B,H,P,H,F,44,R,Y,SE,Residence/Home,Home,Personal Weapons,Minor Injury,C
184331419,166440310,2022-12-15,Plano,TX0430600,13B,W,W,N,M,30,R,Y,SE,Residence/Home,Home,Personal Weapons,Minor Injury,C
184335455,166443898,2022-12-15,Plano,TX0430600,13B,W,W,N,F,31,N,Y,BG,Parking/Drop Lot/Garage,Parking Lot,Personal Weapons,Minor Injury,C
185940152,167854845,2022-12-15,Plano,TX0430600,13B,B,B,N,M,19,R,N,CH,Residence/Home,Home,Personal Weapons,Minor Injury,C
185940243,167854924,2022-12-15,Plano,TX0430600,13B,W,W,N,F,40,R,Y,SE,Residence/Home,Home,Personal Weapons,Minor Injury,C
185940307,167854984,2022-12-15,Plano,TX0430600,13B,W,W,N,F,42,N,Y,BG,Residence/Home,Home,Personal Weapons,Minor Injury,C
185940327,167855001,2022-12-15,Plano,TX0430600,13B,B,B,N,F,18,,N,AQ;FR;VO,School-Elementary/Secondary,K-12 School,Personal Weapons,Minor Injury,C
185940328,167855001,2022-12-15,Plano,TX0430600,13B,H,W,H,F,18,,N,AQ;FR;VO,School-Elementary/Secondary,K-12 School,Personal Weapons,,C
185940329,167855001,2022-12-15,Plano,TX0430600,13B,B,B,N,F,17,,N,AQ;VO,School-Elementary/Secondary,K-12 School,Personal Weapons,,C
185940566,167855209,2022-12-15,Plano,TX0430600,13B,H,W,H,M,23,,N,CH,Residence/Home,Home,Personal Weapons,Minor Injury,C
185940971,167855577,2022-12-15,Plano,TX0430600,13B,H,W,H,F,21,R,Y,BG,Residence/Home,Home,Personal Weapons,Minor Injury,C
181928027,164347209,2022-12-16,Plano,TX0430600,13B,W,W,N,F,26,N,N,ST,Drug Store/Doctor's Office/Hospital,Hospital & Clinic,Personal Weapons,Minor Injury,C
187882960,169543848,2022-12-16,Plano,TX0430600,13B,B,B,N,F,20,R,N,AQ,Restaurant,Restaurant,Personal Weapons,Minor Injury,C
187889997,169550099,2022-12-17,Plano,TX0430600,13B,W,W,N,F,28,R,Y,SE,Residence/Home,Home,Personal Weapons,Minor Injury,C
181927658,164346878,2022-12-18,Plano,TX0430600,13B,H,W,H,M,23,,N,ST;VO,Bar/Nightclub,Bar & Nightclub,Personal Weapons,Minor Injury,C
181927659,164346878,2022-12-18,Plano,TX0430600,13B,W,W,N,M,26,,N,ST;VO,Bar/Nightclub,Bar & Nightclub,Personal Weapons,Minor Injury,C
181927660,164346879,2022-12-18,Plano,TX0430600,13B,H,W,H,M,43,R,Y,XR,Residence/Home,Home,Personal Weapons,Minor Injury,C
181927773,164346985,2022-12-18,Plano,TX0430600,13B,B,B,N,F,33,R,Y,SE,Residence/Home,Home,Personal Weapons,Minor Injury,C
184331491,166440370,2022-12-18,Plano,TX0430600,13B,B,B,N,M,73,R,N,PA,Residence/Home,Home,Personal Weapons,Minor Injury,C
184331493,166440370,2022-12-18,Plano,TX0430600,13B,B,B,N,F,29,R,N,SB,Residence/Home,Home,Personal Weapons,Minor Injury,C
184332105,166440897,2022-12-18,Plano,TX0430600,13B,B,B,N,F,27,R,Y,BG,Parking/Drop Lot/Garage,Parking Lot,Personal Weapons,Minor Injury,C
184332137,166440923,2022-12-18,Plano,TX0430600,13B,W,W,N,F,56,R,N,ST,Amusement Park,Amusement Park,Personal Weapons,Minor Injury,C
184332138,166440923,2022-12-18,Plano,TX0430600,13B,W,W,N,M,52,N,N,ST,Amusement Park,Amusement Park,Personal Weapons,Minor Injury,C
184332139,166440923,2022-12-18,Plano,TX0430600,13B,W,W,N,F,31,N,N,ST,Amusement Park,Amusement Park,Personal Weapons,Minor Injury,C
185940667,167855303,2022-12-19,Plano,TX0430600,13B,W,W,N,F,16,,N,SB;ST;VO,Parking/Drop Lot/Garage,Parking Lot,Personal Weapons,,C
185940668,167855303,2022-12-19,Plano,TX0430600,13B,W,W,N,F,12,N,N,OK,Parking/Drop Lot/Garage,Parking Lot,Personal Weapons,,C
185940670,167855303,2022-12-19,Plano,TX0430600,13B,A,A,N,F,14,,N,ST;VO,Parking/Drop Lot/Garage,Parking Lot,Personal Weapons,,C
185940213,167854900,2022-12-20,Plano,TX0430600,13B,W,W,N,F,43,R,Y,SE,Residence/Home,Home,Personal Weapons,Minor Injury,C
181928104,164347277,2022-12-21,Plano,TX0430600,13B,W,W,N,F,68,R,Y,SE,Residence/Home,Home,Personal Weapons,,C
185941029,167855629,2022-12-21,Plano,TX0430600,13B,W,W,N,F,37,N,Y,BG,Hotel/Motel/Etc.,Hotel & Motel,Personal Weapons,Minor Injury,C
181933805,164352350,2022-12-22,Plano,TX0430600,13B,B,B,N,M,45,N,N,AQ,Bar/Nightclub,Bar & Nightclub,Personal Weapons,Minor Injury,C
185940488,167855140,2022-12-22,Plano,TX0430600,13B,B,B,N,F,20,N,N,ST,Restaurant,Restaurant,Personal Weapons,,C
185940489,167855140,2022-12-22,Plano,TX0430600,13B,B,B,N,F,21,N,N,ST,Restaurant,Restaurant,Personal Weapons,,C
181928239,164347395,2022-12-23,Plano,TX0430600,13B,W,W,N,M,28,N,Y,XR,Parking/Drop Lot/Garage,Parking Lot,Personal Weapons,Minor Injury,C
181928278,164347432,2022-12-23,Plano,TX0430600,13B,A,A,N,M,12,R,N,SB,Residence/Home,Home,Personal Weapons,Minor Injury,C
184331539,166440417,2022-12-23,Plano,TX0430600,13B,B,B,N,F,60,R,N,CH,Residence/Home,Home,Personal Weapons,Minor Injury,C
184331561,166440435,2022-12-23,Plano,TX0430600,13B,W,W,N,F,59,R,N,PA,Residence/Home,Home,Personal Weapons,Minor Injury,C
184331593,166440462,2022-12-23,Plano,TX0430600,13B,H,W,H,F,21,R,Y,BG,Residence/Home,Home,Personal Weapons,Minor Injury,C
185940315,167854990,2022-12-23,Plano,TX0430600,13B,A,A,N,F,33,R,Y,SE,Residence/Home,Home,Personal Weapons,Minor Injury,C
185940494,167855145,2022-12-24,Plano,TX0430600,13B,B,B,N,F,33,,Y,BG,Residence/Home,Home,Personal Weapons,Minor Injury,C
187884381,169545143,2022-12-24,Plano,TX0430600,13B,W,W,N,F,24,R,Y,BG,Residence/Home,Home,Personal Weapons,,C
181928335,164347483,2022-12-25,Plano,TX0430600,13B,B,B,N,M,34,R,Y,SE,Residence/Home,Home,Personal Weapons,,C
181928382,164347527,2022-12-25,Plano,TX0430600,13B,H,W,H,M,53,R,N,NE,Residence/Home,Home,Personal Weapons,Minor Injury,C
184331651,166440508,2022-12-25,Plano,TX0430600,13B,H,W,H,M,25,R,N,OK,Residence/Home,Home,Personal Weapons,Minor Injury,C
184331656,166440513,2022-12-25,Plano,TX0430600,13B,A,A,N,M,37,R,N,PA,Residence/Home,Home,Personal Weapons,,C
184331667,166440524,2022-12-25,Plano,TX0430600,13B,A,A,N,M,59,R,N,AQ,Residence/Home,Home,Personal Weapons,,C
185940411,167855075,2022-12-25,Plano,TX0430600,13B,H,W,H,F,34,R,Y,SE,Residence/Home,Home,Personal Weapons,Minor Injury,C
185941434,167855985,2022-12-25,Plano,TX0430600,13B,A,A,N,F,24,R,Y,BG,Residence/Home,Home,Personal Weapons,Minor Injury,C
185940683,167855315,2022-12-26,Plano,TX0430600,13B,W,W,N,F,20,R,Y,XR,Residence/Home,Home,Personal Weapons,Minor Injury,C
181928526,164347643,2022-12-27,Plano,TX0430600,13B,H,W,H,F,46,R,Y,XR,Parking/Drop Lot/Garage,Parking Lot,Personal Weapons,,C
185941506,167856047,2022-12-27,Plano,TX0430600,13B,H,W,H,M,26,R,Y,BG,Residence/Home,Home,Personal Weapons,Minor Injury,C
181928599,164347702,2022-12-28,Plano,TX0430600,13B,H,W,H,M,19,R,N,OK,Parking/Drop Lot/Garage,Parking Lot,Personal Weapons,,C
181928627,164347722,2022-12-29,Plano,TX0430600,13B,B,B,N,F,28,N,N,AQ,Daycare Facility,Daycare Facility,Personal Weapons,,C
181928966,164348025,2022-12-30,Plano,TX0430600,13B,W,W,N,F,38,N,Y,BG,Residence/Home,Home,Personal Weapons,Minor Injury,C
185945786,167859794,2022-12-30,Plano,TX0430600,13B,W,W,N,F,55,R,Y,BG,Residence/Home,Home,Personal Weapons,,C
185940567,167855210,2022-12-31,Plano,TX0430600,13B,H,W,H,M,34,R,N,SB,Residence/Home,Home,Personal Weapons,Minor Injury,C
185941109,167855695,2022-12-31,Plano,TX0430600,13B,W,W,N,M,74,R,Y,SE,Residence/Home,Home,Personal Weapons,Minor Injury,C
184331962,166440773,2023-01-01,Plano,TX0430600,13B,A,A,N,M,22,N,N,ST,Park/Playground,Park & Playground,Personal Weapons,Minor Injury,C
185940653,167855289,2023-01-01,Plano,TX0430600,13B,B,B,N,F,41,N,Y,BG,Hotel/Motel/Etc.,Hotel & Motel,Personal Weapons,Minor Injury,C
185940721,167855352,2023-01-01,Plano,TX0430600,13B,W,W,N,F,28,R,Y,XR,Residence/Home,Home,Personal Weapons,Minor Injury,C
185940944,167855554,2023-01-01,Plano,TX0430600,13B,H,W,H,F,31,R,Y,BG,Parking/Drop Lot/Garage,Parking Lot,Personal Weapons,,C
185941511,167856051,2023-01-01,Plano,TX0430600,13B,B,B,N,F,36,R,Y,SE,Residence/Home,Home,Personal Weapons,Minor Injury,C
187883170,169544035,2023-01-01,Plano,TX0430600,13B,B,B,N,F,33,R,Y,SE,Residence/Home,Home,Personal Weapons,,C
187883204,169544072,2023-01-01,Plano,TX0430600,13B,B,B,N,F,30,R,Y,XR,Residence/Home,Home,Personal Weapons,Minor Injury,C
208488333,187550443,2023-01-01,Plano,TX0430600,13B,W,W,N,F,75,R,Y,SE,Residence/Home,Home,Personal Weapons,,C
184332094,166440886,2023-01-02,Plano,TX0430600,13B,W,W,N,F,38,U,Y,BG,Parking/Drop Lot/Garage,Parking Lot,Personal Weapons,Minor Injury,C
184332051,166440851,2023-01-03,Plano,TX0430600,13B,B,B,N,F,31,N,N,ST,Drug Store/Doctor's Office/Hospital,Hospital & Clinic,Personal Weapons,,C
185940513,167855162,2023-01-03,Plano,TX0430600,13B,W,W,N,M,56,R,N,ST,Parking/Drop Lot/Garage,Parking Lot,Personal Weapons,Minor Injury,C
185940680,167855312,2023-01-03,Plano,TX0430600,13B,I,I,N,F,22,R,Y,BG,Residence/Home,Home,Personal Weapons,Minor Injury,C
185940702,167855335,2023-01-03,Plano,TX0430600,13B,A,A,N,F,24,R,Y,BG,Residence/Home,Home,Personal Weapons,Minor Injury,C
184332169,166440951,2023-01-04,Plano,TX0430600,13B,H,W,H,M,32,R,Y,XS,Residence/Home,Home,Personal Weapons,Minor Injury,C
184332191,166440968,2023-01-04,Plano,TX0430600,13B,B,B,U,F,20,R,N,CH,Residence/Home,Home,Personal Weapons,Minor Injury,C
185941291,167855860,2023-01-04,Plano,TX0430600,13B,W,W,N,M,39,R,Y,BG,Residence/Home,Home,Personal Weapons,Minor Injury,C
184332410,166441165,2023-01-05,Plano,TX0430600,13B,H,W,H,F,20,R,N,CH,Residence/Home,Home,Personal Weapons,Minor Injury,C
189629398,171069844,2023-01-05,Plano,TX0430600,13B,B,B,N,F,58,R,Y,XR,Residence/Home,Home,Personal Weapons,Minor Injury,C
184332439,166441191,2023-01-06,Plano,TX0430600,13B,W,W,N,F,31,N,Y,BG,Residence/Home,Home,Personal Weapons,Minor Injury,C
184332562,166441306,2023-01-06,Plano,TX0430600,13B,W,W,N,F,26,R,Y,SE,Residence/Home,Home,Personal Weapons,Minor Injury,C
184332565,166441308,2023-01-06,Plano,TX0430600,13B,H,W,H,F,23,R,Y,SE,Residence/Home,Home,Personal Weapons,,C
185940886,167855499,2023-01-06,Plano,TX0430600,13B,A,A,N,F,30,N,N,SB,Residence/Home,Home,Personal Weapons,Minor Injury,C
185942749,167857114,2023-01-06,Plano,TX0430600,13B,W,W,N,F,73,R,N,PA,Residence/Home,Home,Personal Weapons,Minor Injury,C
185945930,167859933,2023-01-06,Plano,TX0430600,13B,W,W,N,F,59,R,N,SB,Residence/Home,Home,Personal Weapons,Minor Injury,C
184332575,166441318,2023-01-07,Plano,TX0430600,13B,H,W,H,F,47,N,N,ER,Restaurant,Restaurant,Personal Weapons,Minor Injury,C
185940820,167855440,2023-01-07,Plano,TX0430600,13B,H,W,H,F,30,N,Y,BG,Residence/Home,Home,Personal Weapons,Minor Injury,C
185941178,167855756,2023-01-07,Plano,TX0430600,13B,W,W,N,F,22,N,Y,XS,Highway/Road/Alley/Street/Sidewalk,Street & Sidewalk,Personal Weapons,Minor Injury,C
185941492,167856037,2023-01-07,Plano,TX0430600,13B,H,W,H,F,52,R,N,PA,Residence/Home,Home,Personal Weapons,Minor Injury,C
185941919,167856406,2023-01-07,Plano,TX0430600,13B,W,W,N,F,52,R,N,PA,Residence/Home,Home,Personal Weapons,Minor Injury,C
184332611,166441352,2023-01-08,Plano,TX0430600,13B,B,B,N,F,26,N,N,FR,Residence/Home,Home,Personal Weapons,Minor Injury,C
185940793,167855414,2023-01-08,Plano,TX0430600,13B,W,W,N,F,71,R,Y,SE,Residence/Home,Home,Personal Weapons,Minor Injury,C
185940924,167855534,2023-01-08,Plano,TX0430600,13B,A,A,N,M,62,R,N,ST,Restaurant,Restaurant,Personal Weapons,Minor Injury,C
200401317,180500408,2023-01-08,Plano,TX0430600,13B,B,B,N,F,18,N,N,ST,Parking/Drop Lot/Garage,Parking Lot,Personal Weapons,,C
185940766,167855392,2023-01-09,Plano,TX0430600,13B,W,W,N,M,27,R,N,ST,Grocery/Supermarket,Grocery Store,Personal Weapons,,C
187883297,169544160,2023-01-09,Plano,TX0430600,13B,W,W,N,M,60,,N,AQ;VO,Residence/Home,Home,Personal Weapons,Minor Injury,C
187883298,169544160,2023-01-09,Plano,TX0430600,13B,H,W,H,M,44,,N,AQ;VO,Residence/Home,Home,Personal Weapons,,C
184332859,166441572,2023-01-10,Plano,TX0430600,13B,B,B,N,F,47,R,Y,SE,Residence/Home,Home,Personal Weapons,,C
184332939,166441646,2023-01-11,Plano,TX0430600,13B,W,W,N,F,35,R,Y,XS,Residence/Home,Home,Personal Weapons,,C
184332942,166441655,2023-01-11,Plano,TX0430600,13B,W,W,N,F,35,R,Y,SE,Residence/Home,Home,Personal Weapons,,C
184333173,166441869,2023-01-11,Plano,TX0430600,13B,W,W,N,M,31,R,N,OK,Residence/Home,Home,Personal Weapons,Minor Injury,C
184333171,166441867,2023-01-12,Plano,TX0430600,13B,B,B,N,M,16,R,N,SB,Residence/Home,Home,Personal Weapons,Minor Injury,C
184333460,166442126,2023-01-12,Plano,TX0430600,13B,B,B,N,F,13,R,N,AQ,School-Elementary/Secondary,K-12 School,Personal Weapons,Minor Injury,C
185945952,167859953,2023-01-12,Plano,TX0430600,13B,W,W,N,M,38,R,Y,BG,Residence/Home,Home,Personal Weapons,Minor Injury,C
184333156,166441852,2023-01-13,Plano,TX0430600,13B,B,B,N,M,10,R,N,AQ,School-Elementary/Secondary,K-12 School,Personal Weapons,Minor Injury,C
184334057,166442661,2023-01-13,Plano,TX0430600,13B,W,W,N,M,53,N,N,OK,Restaurant,Restaurant,Personal Weapons,,C
184334102,166442696,2023-01-13,Plano,TX0430600,13B,B,B,N,M,30,N,Y,XR,Residence/Home,Home,Personal Weapons,,C
185941260,167855829,2023-01-13,Plano,TX0430600,13B,W,W,N,M,13,R,N,ST,Residence/Home,Home,Personal Weapons,Minor Injury,C
185941262,167855831,2023-01-13,Plano,TX0430600,13B,W,W,N,F,25,R,Y,BG,Residence/Home,Home,Personal Weapons,Minor Injury,C
185946131,167860124,2023-01-13,Plano,TX0430600,13B,W,W,N,M,37,R,N,OK,Residence/Home,Home,Personal Weapons,Minor Injury,C
184333297,166441986,2023-01-14,Plano,TX0430600,13B,B,B,N,F,53,R,N,PA,Residence/Home,Home,Personal Weapons,Minor Injury,C
184333267,166441958,2023-01-15,Plano,TX0430600,13B,A,A,N,M,28,R,Y,SE,Residence/Home,Home,Personal Weapons,Minor Injury,C
184333289,166441978,2023-01-15,Plano,TX0430600,13B,B,B,N,F,51,N,N,SB,Drug Store/Doctor's Office/Hospital,Hospital & Clinic,Personal Weapons,,C
184333368,166442045,2023-01-16,Plano,TX0430600,13B,W,W,N,M,10,N,N,ST,Amusement Park,Amusement Park,Personal Weapons,Minor Injury,C
184333411,166442087,2023-01-16,Plano,TX0430600,13B,A,A,N,F,38,R,Y,BG;VO,Parking/Drop Lot/Garage,Parking Lot,Personal Weapons,Minor Injury,C
184333412,166442087,2023-01-16,Plano,TX0430600,13B,W,W,N,M,40,N,Y,BG;VO,Parking/Drop Lot/Garage,Parking Lot,Personal Weapons,Minor Injury,C
184333516,166442177,2023-01-16,Plano,TX0430600,13B,H,W,H,F,33,R,N,PA,Residence/Home,Home,Personal Weapons,Minor Injury,C
185941059,167855653,2023-01-16,Plano,TX0430600,13B,B,B,N,F,23,R,Y,BG,Residence/Home,Home,Personal Weapons,Minor Injury,C
185941146,167855729,2023-01-16,Plano,TX0430600,13B,H,W,H,M,14,R,N,SB,Residence/Home,Home,Personal Weapons,Minor Injury,C
185941147,167855729,2023-01-16,Plano,TX0430600,13B,H,W,H,F,43,R,N,PA,Residence/Home,Home,Personal Weapons,Minor Injury,C
185941148,167855729,2023-01-16,Plano,TX0430600,13B,H,W,H,M,36,R,N,SP,Residence/Home,Home,Personal Weapons,,C
185941180,167855758,2023-01-16,Plano,TX0430600,13B,W,W,N,M,28,R,Y,BG,Residence/Home,Home,Personal Weapons,Minor Injury,C
185941488,167856035,2023-01-16,Plano,TX0430600,13B,B,B,N,F,30,R,Y,BG,Residence/Home,Home,Personal Weapons,Minor Injury,C
185942018,167856495,2023-01-16,Plano,TX0430600,13B,H,W,H,M,23,R,N,OK,Highway/Road/Alley/Street/Sidewalk,Street & Sidewalk,Personal Weapons,Minor Injury,C
189629461,171069879,2023-01-16,Plano,TX0430600,13B,H,W,H,F,23,N,Y,XR,Residence/Home,Home,Personal Weapons,Minor Injury,C
184333520,166442181,2023-01-17,Plano,TX0430600,13B,H,W,H,F,43,R,Y,XR,Residence/Home,Home,Personal Weapons,,C
184333652,166442304,2023-01-17,Plano,TX0430600,13B,W,W,N,F,15,R,N,OK;VO,School-Elementary/Secondary,K-12 School,Personal Weapons,,C
184333654,166442304,2023-01-17,Plano,TX0430600,13B,W,W,N,F,13,R,N,OK;VO,School-Elementary/Secondary,K-12 School,Personal Weapons,Minor Injury,C
184337275,166445579,2023-01-17,Plano,TX0430600,13B,A,A,N,F,25,R,N,AQ,Residence/Home,Home,Personal Weapons,,C
185941119,167855705,2023-01-17,Plano,TX0430600,13B,H,W,H,M,52,R,N,SP,Residence/Home,Home,Personal Weapons,Minor Injury,C
185941251,167855820,2023-01-17,Plano,TX0430600,13B,B,B,N,F,48,R,N,PA,Residence/Home,Home,Personal Weapons,Minor Injury,C
184333615,166442267,2023-01-18,Plano,TX0430600,13B,B,B,N,F,33,N,N,PA,School-Elementary/Secondary,K-12 School,Personal Weapons,Minor Injury,C
184337992,166446242,2023-01-18,Plano,TX0430600,13B,W,W,N,F,75,R,N,OK,Residence/Home,Home,Personal Weapons,Minor Injury,C
185940934,167855543,2023-01-18,Plano,TX0430600,13B,W,W,N,M,61,N,N,ST,Parking/Drop Lot/Garage,Parking Lot,Personal Weapons,Minor Injury,C
206738497,186024684,2023-01-18,Plano,TX0430600,13B,W,W,N,F,49,N,N,AQ,Residence/Home,Home,Personal Weapons,Minor Injury,C
184333612,166442266,2023-01-19,Plano,TX0430600,13B,B,B,N,F,15,R,N,AQ,School-Elementary/Secondary,K-12 School,Personal Weapons,Minor Injury,C
185941040,167855637,2023-01-19,Plano,TX0430600,13B,A,A,N,F,31,N,N,OK,Drug Store/Doctor's Office/Hospital,Hospital & Clinic,Personal Weapons,,C
185941112,167855698,2023-01-19,Plano,TX0430600,13B,A,A,N,F,69,R,N,PA,Residence/Home,Home,Personal Weapons,Minor Injury,C
185941268,167855837,2023-01-19,Plano,TX0430600,13B,H,W,H,F,23,R,Y,BG,Bar/Nightclub,Bar & Nightclub,Personal Weapons,Minor Injury,C
185947094,167860995,2023-01-19,Plano,TX0430600,13B,H,W,H,F,48,N,N,AQ,Residence/Home,Home,Personal Weapons,,C
200401352,180500426,2023-01-20,Plano,TX0430600,13B,B,B,N,F,43,N,N,AQ,Drug Store/Doctor's Office/Hospital,Hospital & Clinic,Personal Weapons,,C
185941905,167856396,2023-01-21,Plano,TX0430600,13B,B,B,N,M,25,R,Y,BG,Residence/Home,Home,Personal Weapons,Minor Injury,C
185941960,167856443,2023-01-21,Plano,TX0430600,13B,B,B,N,M,45,R,Y,BG,Residence/Home,Home,Personal Weapons,Minor Injury,C
187883434,169544280,2023-01-21,Plano,TX0430600,13B,W,W,N,F,28,R,N,ST,Parking/Drop Lot/Garage,Parking Lot,Personal Weapons,Minor Injury,C
184333889,166442514,2023-01-22,Plano,TX0430600,13B,H,W,H,M,56,N,Y,XR,Parking/Drop Lot/Garage,Parking Lot,Personal Weapons,,C
185941425,167855978,2023-01-22,Plano,TX0430600,13B,B,B,N,F,31,R,Y,BG,Residence/Home,Home,Personal Weapons,Minor Injury,C
185941693,167856205,2023-01-22,Plano,TX0430600,13B,H,W,H,F,32,R,Y,XR,Hotel/Motel/Etc.,Hotel & Motel,Personal Weapons,Minor Injury,C
185942099,167856567,2023-01-22,Plano,TX0430600,13B,W,W,N,F,38,R,Y,BG,Residence/Home,Home,Personal Weapons,Minor Injury,C
185946291,167860266,2023-01-22,Plano,TX0430600,13B,W,W,N,F,40,R,N,,Residence/Home,Home,Personal Weapons,,C
187883604,169544433,2023-01-22,Plano,TX0430600,13B,B,B,N,F,25,R,Y,BG,Residence/Home,Home,Personal Weapons,Minor Injury,C
187884587,169545297,2023-01-22,Plano,TX0430600,13B,W,W,N,F,72,R,N,PA,Residence/Home,Home,Personal Weapons,Minor Injury,C
185941480,167856028,2023-01-24,Plano,TX0430600,13B,B,B,N,M,52,N,Y,BG,Hotel/Motel/Etc.,Hotel & Motel,Personal Weapons,,C
185942237,167856666,2023-01-24,Plano,TX0430600,13B,W,W,N,F,83,R,Y,SE,Residence/Home,Home,Personal Weapons,Minor Injury,C
187884546,169545269,2023-01-24,Plano,TX0430600,13B,B,B,N,M,50,U,N,ST,Department/Discount Store,Department Store,Personal Weapons,,C
196198634,176800434,2023-01-24,Plano,TX0430600,13B,W,W,N,F,73,N,N,ST,Residence/Home,Home,Personal Weapons,,C
187883874,169544686,2023-01-25,Plano,TX0430600,13B,B,B,N,F,43,R,Y,SE,Hotel/Motel/Etc.,Hotel & Motel,Personal Weapons,Minor Injury,C
208487583,187549830,2023-01-25,Plano,TX0430600,13B,H,W,H,F,27,R,Y,XR,Residence/Home,Home,Personal Weapons,,C
184334405,166442962,2023-01-26,Plano,TX0430600,13B,H,W,H,M,44,R,Y,BG,Residence/Home,Home,Personal Weapons,,C
185941836,167856331,2023-01-26,Plano,TX0430600,13B,W,W,N,F,32,R,Y,BG,Residence/Home,Home,Personal Weapons,Minor Injury,C
185941837,167856331,2023-01-26,Plano,TX0430600,13B,H,W,H,F,0,R,N,CH,Residence/Home,Home,Personal Weapons,Minor Injury,C
189629534,171069931,2023-01-26,Plano,TX0430600,13B,W,W,N,F,15,,N,AQ;VO,School-Elementary/Secondary,K-12 School,Personal Weapons,,C
189629535,171069931,2023-01-26,Plano,TX0430600,13B,W,W,N,M,15,R,N,AQ;VO,School-Elementary/Secondary,K-12 School,Personal Weapons,,C
184334370,166442940,2023-01-27,Plano,TX0430600,13B,B,B,N,F,34,R,N,PA,Residence/Home,Home,Personal Weapons,Minor Injury,C
184338916,166447080,2023-01-27,Plano,TX0430600,13B,A,A,N,M,17,R,N,SB,Residence/Home,Home,Personal Weapons,Minor Injury,C
185941346,167855911,2023-01-27,Plano,TX0430600,13B,W,W,N,M,13,R,N,ST,Restaurant,Restaurant,Personal Weapons,,C
185941540,167856079,2023-01-27,Plano,TX0430600,13B,B,B,N,M,63,N,Y,BG,Highway/Road/Alley/Street/Sidewalk,Street & Sidewalk,Personal Weapons,Minor Injury,C
185941793,167856290,2023-01-27,Plano,TX0430600,13B,B,B,N,M,19,R,N,SB,Residence/Home,Home,Personal Weapons,Minor Injury,C
187884004,169544801,2023-01-27,Plano,TX0430600,13B,B,B,N,M,55,R,N,OK,Residence/Home,Home,Personal Weapons,Minor Injury,C
187884005,169544801,2023-01-27,Plano,TX0430600,13B,B,B,N,F,18,R,Y,BG,Residence/Home,Home,Personal Weapons,,C
200401372,180500441,2023-01-27,Plano,TX0430600,13B,H,W,H,M,26,N,N,ST,Highway/Road/Alley/Street/Sidewalk,Street & Sidewalk,Personal Weapons,,C
185941535,167856074,2023-01-28,Plano,TX0430600,13B,W,W,N,M,67,R,Y,CS,Residence/Home,Home,Personal Weapons,,C
185942163,167856608,2023-01-28,Plano,TX0430600,13B,H,W,H,M,25,R,N,CH,Residence/Home,Home,Personal Weapons,Minor Injury,C
185942400,167856817,2023-01-28,Plano,TX0430600,13B,P,P,N,F,42,R,Y,SE,Residence/Home,Home,Personal Weapons,Minor Injury,C
187883706,169544528,2023-01-28,Plano,TX0430600,13B,B,B,N,F,25,N,Y,BG,Parking/Drop Lot/Garage,Parking Lot,Personal Weapons,Minor Injury,C
197979850,178353869,2023-01-28,Plano,TX0430600,13B,H,W,H,F,16,N,Y,XR,Highway/Road/Alley/Street/Sidewalk,Street & Sidewalk,Personal Weapons,Minor Injury,C
187884076,169544866,2023-01-29,Plano,TX0430600,13B,B,B,N,M,24,R,N,CH,Residence/Home,Home,Personal Weapons,Minor Injury,C
187884203,169544984,2023-01-29,Plano,TX0430600,13B,B,B,N,F,24,R,N,OF,Residence/Home,Home,Personal Weapons,Minor Injury,C
200856527,180893770,2023-01-29,Plano,TX0430600,13B,W,W,N,F,48,N,Y,BG,Hotel/Motel/Etc.,Hotel & Motel,Personal Weapons,Minor Injury,C
185941398,167855959,2023-01-30,Plano,TX0430600,13B,B,B,N,F,26,N,Y,BG,Residence/Home,Home,Personal Weapons,Minor Injury,C
185942019,167856496,2023-01-30,Plano,TX0430600,13B,W,W,N,M,16,R,N,AQ,School-Elementary/Secondary,K-12 School,Personal Weapons,Minor Injury,C
189629547,171069942,2023-01-30,Plano,TX0430600,13B,W,W,N,F,39,R,N,NE,Residence/Home,Home,Personal Weapons,,C
196198635,176800435,2023-01-30,Plano,TX0430600,13B,W,W,N,F,64,N,N,OK,Residence/Home,Home,Personal Weapons,Minor Injury,C
196198636,176800435,2023-01-30,Plano,TX0430600,13B,A,A,N,F,42,R,N,OK,Residence/Home,Home,Personal Weapons,Minor Injury,C
187884335,169545104,2023-01-31,Plano,TX0430600,13B,A,A,N,F,26,R,Y,SE,Residence/Home,Home,Personal Weapons,Minor Injury,C
185941451,167856001,2023-02-01,Plano,TX0430600,13B,B,B,N,F,61,R,Y,CS,Residence/Home,Home,Personal Weapons,,C
196198649,176800444,2023-02-01,Plano,TX0430600,13B,W,W,N,M,89,R,N,AQ,Residence/Home,Home,Personal Weapons,,C
200401377,180500446,2023-02-01,Plano,TX0430600,13B,H,W,H,M,25,N,N,ST,Convenience Store,Convenience Store,Personal Weapons,,C
185941514,167856054,2023-02-02,Plano,TX0430600,13B,B,B,N,F,23,N,N,ST,Residence/Home,Home,Personal Weapons,,C
185941589,167856119,2023-02-02,Plano,TX0430600,13B,W,W,N,M,33,R,N,ST,Specialty Store,Specialty Store,Personal Weapons,Minor Injury,C
187883942,169544749,2023-02-02,Plano,TX0430600,13B,B,B,N,F,17,R,Y,BG,Highway/Road/Alley/Street/Sidewalk,Street & Sidewalk,Personal Weapons,Minor Injury,C
187885175,169545814,2023-02-02,Plano,TX0430600,13B,H,W,H,M,54,R,N,PA,Residence/Home,Home,Personal Weapons,Minor Injury,C
187890683,169550732,2023-02-02,Plano,TX0430600,13B,B,B,N,M,56,R,N,ST,Drug Store/Doctor's Office/Hospital,Hospital & Clinic,Personal Weapons,Minor Injury,C
187890684,169550732,2023-02-02,Plano,TX0430600,13B,W,W,N,M,41,N,N,ST,Drug Store/Doctor's Office/Hospital,Hospital & Clinic,Personal Weapons,,C
196198637,176800436,2023-02-02,Plano,TX0430600,13B,B,B,N,F,37,N,Y,BG,Residence/Home,Home,Personal Weapons,Minor Injury,C
187884093,169544883,2023-02-03,Plano,TX0430600,13B,B,B,N,M,23,N,Y,XR,Drug Store/Doctor's Office/Hospital,Hospital & Clinic,Personal Weapons,Minor Injury,C
185941613,167856140,2023-02-04,Plano,TX0430600,13B,B,B,N,M,30,N,Y,BG,Residence/Home,Home,Personal Weapons,Minor Injury,C
185941651,167856173,2023-02-04,Plano,TX0430600,13B,H,W,H,F,38,R,N,ST,Amusement Park,Amusement Park,Personal Weapons,,C
185941652,167856173,2023-02-04,Plano,TX0430600,13B,H,W,H,M,13,U,N,OK;ST,Amusement Park,Amusement Park,Personal Weapons,,C
185941653,167856173,2023-02-04,Plano,TX0430600,13B,H,W,H,M,14,U,N,ST,Amusement Park,Amusement Park,Personal Weapons,,C
185941654,167856173,2023-02-04,Plano,TX0430600,13B,B,B,N,F,15,U,N,ST,Amusement Park,Amusement Park,Personal Weapons,,C
185941655,167856173,2023-02-04,Plano,TX0430600,13B,W,W,N,F,11,U,N,ST,Amusement Park,Amusement Park,Personal Weapons,,C
185941656,167856173,2023-02-04,Plano,TX0430600,13B,B,B,N,M,15,U,N,ST,Amusement Park,Amusement Park,Personal Weapons,,C
185941736,167856242,2023-02-04,Plano,TX0430600,13B,H,W,H,M,42,N,N,ST,Parking/Drop Lot/Garage,Parking Lot,Personal Weapons,,C
185941737,167856242,2023-02-04,Plano,TX0430600,13B,H,W,H,F,44,N,N,ST,Parking/Drop Lot/Garage,Parking Lot,Personal Weapons,,C
185941806,167856301,2023-02-04,Plano,TX0430600,13B,H,W,H,M,26,R,N,SB,Residence/Home,Home,Personal Weapons,Minor Injury,C
187884540,169545265,2023-02-04,Plano,TX0430600,13B,H,B,H,F,26,N,N,ST,Specialty Store,Specialty Store,Personal Weapons,,C
185941661,167856178,2023-02-05,Plano,TX0430600,13B,B,B,N,F,43,R,N,PA;ST,Residence/Home,Home,Personal Weapons,Minor Injury,C
185941706,167856216,2023-02-05,Plano,TX0430600,13B,H,W,H,F,25,N,N,OK,Highway/Road/Alley/Street/Sidewalk,Street & Sidewalk,Personal Weapons,Minor Injury,C
187883836,169544649,2023-02-05,Plano,TX0430600,13B,W,W,N,M,47,N,N,EE,Grocery/Supermarket,Grocery Store,Personal Weapons,Minor Injury,C
200401384,180500451,2023-02-05,Plano,TX0430600,13B,W,W,N,M,67,N,N,ST,Bar/Nightclub,Bar & Nightclub,Personal Weapons,Minor Injury,C
187884264,169545039,2023-02-06,Plano,TX0430600,13B,W,W,N,F,29,R,Y,BG,Air/Bus/Train Terminal,Transit Station,Personal Weapons,Minor Injury,C
185941947,167856431,2023-02-07,Plano,TX0430600,13B,W,W,N,F,36,R,Y,BG,Residence/Home,Home,Personal Weapons,Minor Injury,C
185942281,167856706,2023-02-07,Plano,TX0430600,13B,H,W,H,M,56,N,N,ST,Parking/Drop Lot/Garage,Parking Lot,Personal Weapons,Minor Injury,C
187884452,169545195,2023-02-07,Plano,TX0430600,13B,B,B,N,F,27,R,N,SB,Residence/Home,Home,Personal Weapons,,C
187884467,169545205,2023-02-07,Plano,TX0430600,13B,W,W,N,F,27,R,N,ST,Parking/Drop Lot/Garage,Parking Lot,Personal Weapons,,C
185941992,167856472,2023-02-08,Plano,TX0430600,13B,W,W,N,F,32,R,N,OK,School-Elementary/Secondary,K-12 School,Personal Weapons,Minor Injury,C
185941993,167856472,2023-02-08,Plano,TX0430600,13B,A,A,N,F,57,R,N,OK,School-Elementary/Secondary,K-12 School,Personal Weapons,Minor Injury,C
185942047,167856523,2023-02-08,Plano,TX0430600,13B,H,W,H,F,21,N,Y,XR,Parking/Drop Lot/Garage,Parking Lot,Personal Weapons,Minor Injury,C
185946902,167860825,2023-02-08,Plano,TX0430600,13B,A,A,N,F,38,R,Y,BG,Residence/Home,Home,Personal Weapons,Minor Injury,C
187883984,169544783,2023-02-08,Plano,TX0430600,13B,B,B,N,F,12,R,N,SB,Hotel/Motel/Etc.,Hotel & Motel,Personal Weapons,Minor Injury,C
187884069,169544859,2023-02-08,Plano,TX0430600,13B,H,W,H,M,40,N,N,AQ,School-Elementary/Secondary,K-12 School,Personal Weapons,,C
189629582,171069970,2023-02-08,Plano,TX0430600,13B,W,W,N,F,44,N,N,AQ,Hotel/Motel/Etc.,Hotel & Motel,Personal Weapons,Minor Injury,C
194405785,175241674,2023-02-08,Plano,TX0430600,13B,W,W,N,M,11,R,N,CH,Residence/Home,Home,Personal Weapons,Minor Injury,C
185946987,167860906,2023-02-09,Plano,TX0430600,13B,B,B,N,M,19,R,N,SB,Residence/Home,Home,Personal Weapons,Minor Injury,C
187884002,169544798,2023-02-09,Plano,TX0430600,13B,W,W,N,F,48,R,N,OK,Hotel/Motel/Etc.,Hotel & Motel,Personal Weapons,Minor Injury,C
187884045,169544838,2023-02-09,Plano,TX0430600,13B,W,W,N,F,28,R,Y,XS,Parking/Drop Lot/Garage,Parking Lot,Personal Weapons,Minor Injury,C
200401401,180500461,2023-02-09,Plano,TX0430600,13B,A,A,N,M,11,R,N,AQ,School-Elementary/Secondary,K-12 School,Personal Weapons,Minor Injury,C
185942382,167856800,2023-02-10,Plano,TX0430600,13B,B,B,N,F,28,R,Y,BG,Residence/Home,Home,Personal Weapons,Minor Injury,C
185942486,167856888,2023-02-10,Plano,TX0430600,13B,H,W,H,F,22,R,N,OK,Residence/Home,Home,Personal Weapons,,C
185942508,167856909,2023-02-10,Plano,TX0430600,13B,A,A,N,M,70,R,N,PA,Residence/Home,Home,Personal Weapons,,C
185942885,167857229,2023-02-10,Plano,TX0430600,13B,W,W,N,F,14,R,N,OK,School-Elementary/Secondary,K-12 School,Personal Weapons,Minor Injury,C
187884089,169544878,2023-02-10,Plano,TX0430600,13B,B,B,N,F,24,R,Y,BG,Residence/Home,Home,Personal Weapons,Minor Injury,C
187885448,169546047,2023-02-10,Plano,TX0430600,13B,H,W,H,F,30,R,Y,BG,Residence/Home,Home,Personal Weapons,Minor Injury,C
189629606,171069986,2023-02-10,Plano,TX0430600,13B,B,B,N,F,32,R,Y,BG,Residence/Home,Home,Personal Weapons,Minor Injury,C
187884116,169544905,2023-02-11,Plano,TX0430600,13B,H,B,H,M,16,N,N,ST,Arena/Stadium/Fairgrounds/Coliseum,Arena & Stadium,Personal Weapons,Minor Injury,C
187884953,169545612,2023-02-11,Plano,TX0430600,13B,B,B,N,F,29,R,Y,BG,Residence/Home,Home,Personal Weapons,Minor Injury,C
187884954,169545612,2023-02-11,Plano,TX0430600,13B,B,B,N,F,50,R,N,IL,Residence/Home,Home,Personal Weapons,Minor Injury,C
187890778,169550818,2023-02-11,Plano,TX0430600,13B,W,W,N,M,69,R,N,AQ,Residence/Home,Home,Personal Weapons,Minor Injury,C
189629608,171069988,2023-02-11,Plano,TX0430600,13B,H,W,H,F,24,N,N,ST,Bar/Nightclub,Bar & Nightclub,Personal Weapons,Minor Injury,C
196198661,176800456,2023-02-11,Plano,TX0430600,13B,W,W,N,M,45,N,N,OK,Residence/Home,Home,Personal Weapons,Minor Injury,C
185942507,167856908,2023-02-12,Plano,TX0430600,13B,B,B,N,F,38,R,Y,BG,Residence/Home,Home,Personal Weapons,,C
187884470,169545208,2023-02-12,Plano,TX0430600,13B,H,W,H,F,27,R,Y,SE,Residence/Home,Home,Personal Weapons,Minor Injury,C
187885050,169545701,2023-02-12,Plano,TX0430600,13B,B,B,N,F,35,R,Y,XR,Residence/Home,Home,Personal Weapons,Minor Injury,C
187885185,169545823,2023-02-12,Plano,TX0430600,13B,H,W,H,F,15,R,N,SB,Residence/Home,Home,Personal Weapons,Minor Injury,C
187885714,169546278,2023-02-13,Plano,TX0430600,13B,H,W,H,F,25,R,Y,BG,Residence/Home,Home,Personal Weapons,Minor Injury,C
187885715,169546278,2023-02-13,Plano,TX0430600,13B,H,W,H,M,3,R,N,SC,Residence/Home,Home,Personal Weapons,Minor Injury,C
185942837,167857186,2023-02-14,Plano,TX0430600,13B,H,W,H,M,13,N,N,ST,School-Elementary/Secondary,K-12 School,Personal Weapons,,C
185942838,167857186,2023-02-14,Plano,TX0430600,13B,W,W,N,M,12,R,N,ST,School-Elementary/Secondary,K-12 School,Personal Weapons,,C
185942916,167857256,2023-02-14,Plano,TX0430600,13B,B,B,N,M,16,R,N,OK,Residence/Home,Home,Personal Weapons,Minor Injury,C
185943068,167857392,2023-02-14,Plano,TX0430600,13B,W,W,N,M,11,R,N,OK,School-Elementary/Secondary,K-12 School,Personal Weapons,Minor Injury,C
185943249,167857565,2023-02-14,Plano,TX0430600,13B,B,B,N,M,11,R,N,OK,Parking/Drop Lot/Garage,Parking Lot,Personal Weapons,Minor Injury,C
187885144,169545788,2023-02-14,Plano,TX0430600,13B,B,B,N,M,43,R,Y,BG,Hotel/Motel/Etc.,Hotel & Motel,Personal Weapons,Minor Injury,C
204378657,183967061,2023-02-14,Plano,TX0430600,13B,H,W,H,F,27,R,Y,CS,Residence/Home,Home,Personal Weapons,Minor Injury,C
187884421,169545165,2023-02-15,Plano,TX0430600,13B,W,W,N,M,57,R,N,NE,Highway/Road/Alley/Street/Sidewalk,Street & Sidewalk,Personal Weapons,,C
187884633,169545339,2023-02-15,Plano,TX0430600,13B,B,B,N,M,11,R,N,OK,School-Elementary/Secondary,K-12 School,Personal Weapons,Minor Injury,C
187884672,169545369,2023-02-15,Plano,TX0430600,13B,B,B,N,F,19,N,Y,BG,Hotel/Motel/Etc.,Hotel & Motel,Personal Weapons,Minor Injury,C
187885094,169545742,2023-02-15,Plano,TX0430600,13B,B,B,N,F,42,R,Y,SE,Residence/Home,Home,Personal Weapons,Minor Injury,C
185943152,167857475,2023-02-16,Plano,TX0430600,13B,H,W,H,F,42,N,N,ST,Residence/Home,Home,Personal Weapons,,C
187890950,169550981,2023-02-17,Plano,TX0430600,13B,B,B,N,M,46,R,Y,BG,Residence/Home,Home,Personal Weapons,Minor Injury,C
185943525,167857796,2023-02-18,Plano,TX0430600,13B,B,B,N,F,39,N,N,AQ,Residence/Home,Home,Personal Weapons,Minor Injury,C
185943526,167857796,2023-02-18,Plano,TX0430600,13B,B,B,N,F,18,R,Y,BG,Residence/Home,Home,Personal Weapons,Minor Injury,C
187884891,169545561,2023-02-18,Plano,TX0430600,13B,H,W,H,F,30,R,Y,SE,Residence/Home,Home,Personal Weapons,Minor Injury,C
187884892,169545561,2023-02-18,Plano,TX0430600,13B,H,W,H,M,11,R,N,SC,Residence/Home,Home,Personal Weapons,Minor Injury,C
187885319,169545938,2023-02-18,Plano,TX0430600,13B,H,W,H,F,30,R,Y,BG,Parking/Drop Lot/Garage,Parking Lot,Personal Weapons,Minor Injury,C
200401425,180500481,2023-02-18,Plano,TX0430600,13B,B,B,N,M,24,N,N,ST,Parking/Drop Lot/Garage,Parking Lot,Personal Weapons,,C
200401440,180500489,2023-02-18,Plano,TX0430600,13B,W,W,N,M,42,R,N,ST,Parking/Drop Lot/Garage,Parking Lot,Personal Weapons,Minor Injury,C
185943480,167857754,2023-02-19,Plano,TX0430600,13B,W,W,N,F,29,N,N,FR,Hotel/Motel/Etc.,Hotel & Motel,Personal Weapons,Minor Injury,C
185943899,167858138,2023-02-19,Plano,TX0430600,13B,H,W,H,F,25,R,Y,XR,Residence/Home,Home,Personal Weapons,Minor Injury,C
187884917,169545580,2023-02-19,Plano,TX0430600,13B,B,B,N,M,29,N,Y,BG,Residence/Home,Home,Personal Weapons,Minor Injury,C
187885750,169546303,2023-02-19,Plano,TX0430600,13B,W,W,N,F,48,R,Y,SE,Residence/Home,Home,Personal Weapons,Minor Injury,C
200401427,180500482,2023-02-19,Plano,TX0430600,13B,B,B,N,M,25,N,N,ST,Amusement Park,Amusement Park,Other,Minor Injury,C
187885662,169546232,2023-02-20,Plano,TX0430600,13B,W,W,N,F,37,R,N,ST,Highway/Road/Alley/Street/Sidewalk,Street & Sidewalk,Personal Weapons,,C
204378600,183967014,2023-02-20,Plano,TX0430600,13B,W,W,N,F,36,R,Y,BG,Residence/Home,Home,Personal Weapons,Minor Injury,C
185948695,167862451,2023-02-21,Plano,TX0430600,13B,W,W,N,F,44,R,Y,SE,Residence/Home,Home,Personal Weapons,,C
187885086,169545735,2023-02-21,Plano,TX0430600,13B,W,W,N,F,68,R,N,PA,Residence/Home,Home,Personal Weapons,Minor Injury,C
187885528,169546119,2023-02-21,Plano,TX0430600,13B,W,W,N,M,61,R,N,PA,Residence/Home,Home,Personal Weapons,Minor Injury,C
187886028,169546538,2023-02-21,Plano,TX0430600,13B,B,B,N,M,63,N,N,ST,Restaurant,Restaurant,Personal Weapons,,C
189629678,171070047,2023-02-21,Plano,TX0430600,13B,H,W,H,F,35,R,Y,XS,Residence/Home,Home,Personal Weapons,,C
189629706,171070067,2023-02-21,Plano,TX0430600,13B,A,A,N,F,46,R,Y,BG,Restaurant,Restaurant,Personal Weapons,Minor Injury,C
185943736,167857990,2023-02-22,Plano,TX0430600,13B,W,W,N,F,13,R,N,AQ,School-Elementary/Secondary,K-12 School,Personal Weapons,,C
196198664,176800459,2023-02-22,Plano,TX0430600,13B,B,B,N,M,53,N,N,ST,Drug Store/Doctor's Office/Hospital,Hospital & Clinic,Personal Weapons,,C
187885044,169545695,2023-02-23,Plano,TX0430600,13B,W,W,N,F,21,N,Y,BG,Parking/Drop Lot/Garage,Parking Lot,Personal Weapons,Minor Injury,C
187886005,169546517,2023-02-23,Plano,TX0430600,13B,W,W,N,M,34,N,N,ST,Highway/Road/Alley/Street/Sidewalk,Street & Sidewalk,Personal Weapons,,C
187891610,169551584,2023-02-23,Plano,TX0430600,13B,W,W,N,M,15,R,N,OK,School-Elementary/Secondary,K-12 School,Personal Weapons,Minor Injury,C
196198836,176800610,2023-02-23,Plano,TX0430600,13B,W,W,N,F,19,N,N,ST,Restaurant,Restaurant,Personal Weapons,Minor Injury,C
187885696,169546261,2023-02-24,Plano,TX0430600,13B,B,B,N,F,38,N,Y,BG,Restaurant,Restaurant,Personal Weapons,Minor Injury,C
185943800,167858049,2023-02-25,Plano,TX0430600,13B,A,A,N,M,46,R,N,ST,Specialty Store,Specialty Store,Personal Weapons,,C
187884970,169545628,2023-02-25,Plano,TX0430600,13B,H,W,H,M,30,N,N,ST,Drug Store/Doctor's Office/Hospital,Hospital & Clinic,Personal Weapons,,C
187885555,169546144,2023-02-25,Plano,TX0430600,13B,B,B,N,F,26,R,Y,BG,Residence/Home,Home,Personal Weapons,Minor Injury,C
189629757,171070114,2023-02-25,Plano,TX0430600,13B,H,W,H,F,41,R,Y,SE,Residence/Home,Home,Personal Weapons,Minor Injury,C
189629768,171070125,2023-02-25,Plano,TX0430600,13B,W,W,N,F,56,R,Y,SE,Residence/Home,Home,Personal Weapons,Minor Injury,C
187885379,169545990,2023-02-26,Plano,TX0430600,13B,W,W,N,F,61,R,N,AQ,Hotel/Motel/Etc.,Hotel & Motel,Personal Weapons,,C
187885576,169546164,2023-02-26,Plano,TX0430600,13B,H,W,H,F,37,R,Y,BG,Parking/Drop Lot/Garage,Parking Lot,Personal Weapons,Minor Injury,C
185943897,167858136,2023-02-27,Plano,TX0430600,13B,B,B,N,M,16,R,N,GC,Residence/Home,Home,Personal Weapons,Minor Injury,C
185943940,167858179,2023-02-27,Plano,TX0430600,13B,B,B,N,F,19,R,Y,BG,Air/Bus/Train Terminal,Transit Station,Personal Weapons,,C
187885115,169545761,2023-02-27,Plano,TX0430600,13B,B,B,N,F,19,R,Y,BG,Residence/Home,Home,Personal Weapons,Minor Injury,C
187885184,169545822,2023-02-27,Plano,TX0430600,13B,W,W,N,F,56,R,Y,BG,Hotel/Motel/Etc.,Hotel & Motel,Personal Weapons,Minor Injury,C
187885276,169545902,2023-02-27,Plano,TX0430600,13B,A,A,N,F,38,R,N,ST,Restaurant,Restaurant,Personal Weapons,,C
187885340,169545955,2023-02-27,Plano,TX0430600,13B,W,W,N,F,45,N,N,AQ,School-Elementary/Secondary,K-12 School,Personal Weapons,Minor Injury,C
189629806,171070155,2023-02-27,Plano,TX0430600,13B,H,W,H,F,12,R,N,AQ,School-Elementary/Secondary,K-12 School,Personal Weapons,Minor Injury,C
185944199,167858410,2023-02-28,Plano,TX0430600,13B,H,W,H,F,11,R,N,AQ,School-Elementary/Secondary,K-12 School,Personal Weapons,Minor Injury,C
187885200,169545837,2023-02-28,Plano,TX0430600,13B,W,W,N,M,46,R,Y,SE,Residence/Home,Home,Personal Weapons,,C
187885811,169546362,2023-02-28,Plano,TX0430600,13B,B,B,N,F,42,R,Y,BG,Residence/Home,Home,Personal Weapons,Minor Injury,C
196198670,176800465,2023-02-28,Plano,TX0430600,13B,B,B,N,F,17,R,N,ST,Restaurant,Restaurant,Personal Weapons,,C
200401456,180500501,2023-02-28,Plano,TX0430600,13B,B,B,N,F,14,R,N,AQ,School-Elementary/Secondary,K-12 School,Personal Weapons,Minor Injury,C
187885426,169546030,2023-03-01,Plano,TX0430600,13B,B,B,N,F,32,R,Y,XR,Hotel/Motel/Etc.,Hotel & Motel,Personal Weapons,Minor Injury,C
189629853,171070187,2023-03-01,Plano,TX0430600,13B,W,W,N,M,28,N,N,ST,Specialty Store,Specialty Store,Personal Weapons,Minor Injury,C
200401830,180500767,2023-03-01,Plano,TX0430600,13B,W,W,N,M,52,N,N,ER,Highway/Road/Alley/Street/Sidewalk,Street & Sidewalk,Personal Weapons,,C
187885494,169546087,2023-03-02,Plano,TX0430600,13B,W,W,N,M,32,R,Y,SE,Residence/Home,Home,Personal Weapons,,C
189629908,171070228,2023-03-02,Plano,TX0430600,13B,B,B,N,F,6,R,N,ST,Residence/Home,Home,Personal Weapons,,C
189629915,171070234,2023-03-02,Plano,TX0430600,13B,B,B,N,F,45,R,Y,BG,Residence/Home,Home,Personal Weapons,,C
187885669,169546237,2023-03-03,Plano,TX0430600,13B,W,W,N,M,26,N,N,ST,Parking/Drop Lot/Garage,Parking Lot,Personal Weapons,Minor Injury,C
187885698,169546262,2023-03-03,Plano,TX0430600,13B,A,A,N,F,47,N,N,OK,Restaurant,Restaurant,Personal Weapons,,C
187885772,169546326,2023-03-03,Plano,TX0430600,13B,H,W,H,F,18,R,N,ST,Residence/Home,Home,Personal Weapons,Minor Injury,C
187885773,169546326,2023-03-03,Plano,TX0430600,13B,W,W,N,M,17,R,N,ST,Residence/Home,Home,Personal Weapons,Minor Injury,C
187886181,169546677,2023-03-03,Plano,TX0430600,13B,H,W,H,F,21,N,N,ST,Department/Discount Store,Department Store,Personal Weapons,,C
187886441,169546911,2023-03-03,Plano,TX0430600,13B,H,W,H,M,44,N,N,AQ,Commercial/Office Building,Office Building,Personal Weapons,,C
189629928,171070246,2023-03-03,Plano,TX0430600,13B,W,W,N,M,14,R,N,AQ,School-Elementary/Secondary,K-12 School,Personal Weapons,,C
189629942,171070259,2023-03-03,Plano,TX0430600,13B,H,W,H,F,28,R,Y,SE,Residence/Home,Home,Personal Weapons,,C
187885768,169546325,2023-03-04,Plano,TX0430600,13B,W,W,N,F,21,N,Y,BG,Restaurant,Restaurant,Personal Weapons,,C
187885900,169546421,2023-03-04,Plano,TX0430600,13B,H,W,H,M,27,R,N,ST,Residence/Home,Home,Personal Weapons,Minor Injury,C
187885911,169546432,2023-03-05,Plano,TX0430600,13B,W,W,N,F,13,R,N,GC,Residence/Home,Home,Personal Weapons,Minor Injury,C
187885925,169546445,2023-03-05,Plano,TX0430600,13B,W,W,N,M,33,,N,AQ;VO,Residence/Home,Home,Personal Weapons,,C
187885926,169546445,2023-03-05,Plano,TX0430600,13B,H,W,H,M,26,,N,AQ;VO,Residence/Home,Home,Personal Weapons,,C
187885938,169546454,2023-03-05,Plano,TX0430600,13B,A,A,N,F,71,R,Y,SE,Residence/Home,Home,Personal Weapons,Minor Injury,C
187885992,169546505,2023-03-05,Plano,TX0430600,13B,B,B,N,M,18,R,N,SB,Residence/Home,Home,Personal Weapons,,C
187886215,169546705,2023-03-07,Plano,TX0430600,13B,W,W,N,F,14,R,N,CH;SB,Residence/Home,Home,Personal Weapons,Minor Injury,C
187886288,169546769,2023-03-07,Plano,TX0430600,13B,W,W,N,M,47,R,Y,XR,Hotel/Motel/Etc.,Hotel & Motel,Personal Weapons,Minor Injury,C
189630074,171070352,2023-03-07,Plano,TX0430600,13B,W,W,N,M,53,R,N,PA,Residence/Home,Home,Personal Weapons,Minor Injury,C
189630082,171070360,2023-03-07,Plano,TX0430600,13B,W,W,N,F,31,R,Y,XR,Residence/Home,Home,Personal Weapons,Minor Injury,C
189630083,171070360,2023-03-07,Plano,TX0430600,13B,W,W,N,F,20,R,N,CH,Residence/Home,Home,Personal Weapons,Minor Injury,C
189630087,171070363,2023-03-07,Plano,TX0430600,13B,A,A,N,F,35,R,Y,SE,Residence/Home,Home,Personal Weapons,Minor Injury,C
187886356,169546833,2023-03-08,Plano,TX0430600,13B,W,W,N,F,25,N,Y,BG,Hotel/Motel/Etc.,Hotel & Motel,Personal Weapons,,C
187886369,169546846,2023-03-08,Plano,TX0430600,13B,A,A,N,M,47,R,Y,BG;VO,Hotel/Motel/Etc.,Hotel & Motel,Personal Weapons,Minor Injury,C
187886370,169546846,2023-03-08,Plano,TX0430600,13B,B,B,N,F,22,N,Y,BG;VO,Hotel/Motel/Etc.,Hotel & Motel,Personal Weapons,Minor Injury,C
187886493,169546956,2023-03-09,Plano,TX0430600,13B,B,B,N,F,47,R,Y,SE,Residence/Home,Home,Personal Weapons,,C
187886543,169547003,2023-03-09,Plano,TX0430600,13B,B,B,N,F,27,R,Y,BG,Residence/Home,Home,Personal Weapons,,C
187886578,169547038,2023-03-09,Plano,TX0430600,13B,A,A,N,F,31,R,Y,SE,Residence/Home,Home,Personal Weapons,,C
189630135,171070404,2023-03-09,Plano,TX0430600,13B,H,B,H,M,49,R,Y,SE,Residence/Home,Home,Personal Weapons,Minor Injury,C
187886671,169547119,2023-03-10,Plano,TX0430600,13B,W,W,N,M,53,,N,ST,Department/Discount Store,Department Store,Personal Weapons,,C
189630153,171070421,2023-03-10,Plano,TX0430600,13B,H,W,H,M,31,R,Y,BG,Residence/Home,Home,Personal Weapons,Minor Injury,C
189630173,171070437,2023-03-10,Plano,TX0430600,13B,W,W,N,M,68,R,N,PA,Residence/Home,Home,Personal Weapons,Minor Injury,C
189630174,171070437,2023-03-10,Plano,TX0430600,13B,W,W,N,F,67,R,N,PA,Residence/Home,Home,Personal Weapons,,C
189630182,171070444,2023-03-10,Plano,TX0430600,13B,A,A,N,M,51,R,Y,SE,Residence/Home,Home,Personal Weapons,Minor Injury,C
187886736,169547177,2023-03-11,Plano,TX0430600,13B,W,W,N,F,27,R,N,OK,Parking/Drop Lot/Garage,Parking Lot,Personal Weapons,Minor Injury,C
187886737,169547177,2023-03-11,Plano,TX0430600,13B,B,B,N,F,29,N,N,AQ,Parking/Drop Lot/Garage,Parking Lot,Personal Weapons,,C
189630202,171070460,2023-03-11,Plano,TX0430600,13B,W,W,N,M,50,N,N,ST,Convenience Store,Convenience Store,Personal Weapons,Minor Injury,C
194405852,175241731,2023-03-11,Plano,TX0430600,13B,H,W,H,F,35,R,Y,SE,Residence/Home,Home,Personal Weapons,,C
194405853,175241731,2023-03-11,Plano,TX0430600,13B,H,W,H,F,18,R,N,SC,Residence/Home,Home,Personal Weapons,Minor Injury,C
189630209,171070465,2023-03-12,Plano,TX0430600,13B,H,W,H,F,25,R,N,ST,Bar/Nightclub,Bar & Nightclub,Personal Weapons,,C
189630214,171070468,2023-03-12,Plano,TX0430600,13B,H,W,H,M,31,R,Y,CS,Hotel/Motel/Etc.,Hotel & Motel,Personal Weapons,Minor Injury,C
189630220,171070473,2023-03-12,Plano,TX0430600,13B,H,W,H,M,18,R,N,SB,Residence/Home,Home,Personal Weapons,Minor Injury,C
200401520,180500533,2023-03-12,Plano,TX0430600,13B,H,W,H,F,20,N,Y,XR,Parking/Drop Lot/Garage,Parking Lot,Personal Weapons,Minor Injury,C
187886930,169547358,2023-03-13,Plano,TX0430600,13B,B,B,N,M,60,R,N,PA,Parking/Drop Lot/Garage,Parking Lot,Personal Weapons,Minor Injury,C
187886937,169547365,2023-03-13,Plano,TX0430600,13B,H,W,H,F,19,R,Y,BG,Parking/Drop Lot/Garage,Parking Lot,Personal Weapons,,C
187886979,169547401,2023-03-13,Plano,TX0430600,13B,B,B,N,F,32,N,Y,BG,Parking/Drop Lot/Garage,Parking Lot,Personal Weapons,Minor Injury,C
189630235,171070486,2023-03-13,Plano,TX0430600,13B,W,W,N,M,19,R,N,OF,Residence/Home,Home,Personal Weapons,Minor Injury,C
187887053,169547468,2023-03-14,Plano,TX0430600,13B,H,W,H,F,40,R,N,OF,Residence/Home,Home,Personal Weapons,Minor Injury,C
187887054,169547468,2023-03-14,Plano,TX0430600,13B,H,W,H,F,61,R,N,GP,Residence/Home,Home,Personal Weapons,Minor Injury,C
189630291,171070531,2023-03-14,Plano,TX0430600,13B,W,W,N,F,12,R,N,AQ,School-Elementary/Secondary,K-12 School,Personal Weapons,Minor Injury,C
189630339,171070572,2023-03-14,Plano,TX0430600,13B,W,W,N,M,30,R,N,ST,Government/Public Building,Government Building,Personal Weapons,Minor Injury,C
187887204,169547598,2023-03-15,Plano,TX0430600,13B,H,W,H,F,34,R,N,PA,Parking/Drop Lot/Garage,Parking Lot,Personal Weapons,Minor Injury,C
189630302,171070540,2023-03-15,Plano,TX0430600,13B,A,A,N,F,34,R,Y,XR,Residence/Home,Home,Personal Weapons,Minor Injury,C
189630337,171070570,2023-03-15,Plano,TX0430600,13B,W,W,N,F,12,R,N,AQ,School-Elementary/Secondary,K-12 School,Personal Weapons,Minor Injury,C
187887356,169547736,2023-03-16,Plano,TX0430600,13B,A,A,N,F,31,R,Y,SE,Residence/Home,Home,Personal Weapons,Minor Injury,C
187887402,169547778,2023-03-17,Plano,TX0430600,13B,H,W,H,F,36,R,N,PA,Residence/Home,Home,Personal Weapons,,C
187887421,169547798,2023-03-17,Plano,TX0430600,13B,H,W,H,M,67,R,Y,SE,Residence/Home,Home,Personal Weapons,,C
189630361,171070592,2023-03-17,Plano,TX0430600,13B,H,W,H,M,29,R,N,ST,Bar/Nightclub,Bar & Nightclub,Personal Weapons,,C
189630370,171070600,2023-03-17,Plano,TX0430600,13B,H,W,H,M,27,,N,ST;VO,Bar/Nightclub,Bar & Nightclub,Personal Weapons,,C
189630371,171070600,2023-03-17,Plano,TX0430600,13B,W,W,N,M,50,,N,ST;VO,Bar/Nightclub,Bar & Nightclub,Personal Weapons,,C
189631191,171071294,2023-03-17,Plano,TX0430600,13B,H,W,H,F,37,R,Y,SE,Residence/Home,Home,Personal Weapons,Minor Injury,C
189631192,171071294,2023-03-17,Plano,TX0430600,13B,H,W,H,F,14,R,N,CH,Residence/Home,Home,Personal Weapons,,C
189630375,171070604,2023-03-18,Plano,TX0430600,13B,W,W,N,F,25,N,Y,BG,Amusement Park,Amusement Park,Personal Weapons,Minor Injury,C
189630423,171070648,2023-03-18,Plano,TX0430600,13B,W,W,N,F,47,R,N,ST,Specialty Store,Specialty Store,Personal Weapons,,C
187887740,169548082,2023-03-20,Plano,TX0430600,13B,H,W,H,F,49,R,Y,SE,Residence/Home,Home,Personal Weapons,,C
189630428,171070652,2023-03-20,Plano,TX0430600,13B,B,B,N,F,15,N,N,AQ,School-Elementary/Secondary,K-12 School,Personal Weapons,Minor Injury,C
189630429,171070652,2023-03-20,Plano,TX0430600,13B,B,B,N,F,16,N,N,AQ,School-Elementary/Secondary,K-12 School,Personal Weapons,Minor Injury,C
187887845,169548176,2023-03-21,Plano,TX0430600,13B,A,A,N,M,48,R,Y,SE,Residence/Home,Home,Personal Weapons,Minor Injury,C
187887872,169548199,2023-03-21,Plano,TX0430600,13B,H,W,H,F,18,N,Y,BG,Highway/Road/Alley/Street/Sidewalk,Street & Sidewalk,Personal Weapons,Minor Injury,C
200401564,180500563,2023-03-21,Plano,TX0430600,13B,W,W,N,F,17,R,N,AQ,School-Elementary/Secondary,K-12 School,Personal Weapons,Minor Injury,C
200401788,180500731,2023-03-21,Plano,TX0430600,13B,W,W,N,F,59,R,N,OK,Residence/Home,Home,Personal Weapons,,C
200854396,180891957,2023-03-22,Plano,TX0430600,13B,B,B,N,F,23,N,N,ST,Restaurant,Restaurant,Personal Weapons,,C
189630516,171070721,2023-03-23,Plano,TX0430600,13B,B,B,N,M,15,R,N,OK,School-Elementary/Secondary,K-12 School,Personal Weapons,Minor Injury,C
187887992,169548310,2023-03-24,Plano,TX0430600,13B,H,W,H,F,20,R,N,ST,Parking/Drop Lot/Garage,Parking Lot,Personal Weapons,,C
187888052,169548364,2023-03-24,Plano,TX0430600,13B,B,B,N,F,34,R,Y,SE,Residence/Home,Home,Personal Weapons,,C
187888053,169548365,2023-03-24,Plano,TX0430600,13B,W,W,N,M,36,R,N,ST,Specialty Store,Specialty Store,Personal Weapons,Minor Injury,C
187888072,169548382,2023-03-24,Plano,TX0430600,13B,H,W,H,F,15,R,N,AQ,School-Elementary/Secondary,K-12 School,Personal Weapons,Minor Injury,C
189630538,171070742,2023-03-24,Plano,TX0430600,13B,B,B,N,M,15,R,N,OK,School-Elementary/Secondary,K-12 School,Personal Weapons,,C
189630558,171070762,2023-03-24,Plano,TX0430600,13B,W,W,N,F,34,R,Y,BG,Bar/Nightclub,Bar & Nightclub,Personal Weapons,Minor Injury,C
187888088,169548394,2023-03-25,Plano,TX0430600,13B,W,W,N,M,31,R,N,IL,Residence/Home,Home,Personal Weapons,Minor Injury,C
187888169,169548464,2023-03-25,Plano,TX0430600,13B,B,B,N,F,34,R,N,PA,Residence/Home,Home,Personal Weapons,Minor Injury,C
187888237,169548526,2023-03-25,Plano,TX0430600,13B,B,B,N,F,59,R,Y,SE,Residence/Home,Home,Personal Weapons,,C
187892869,169552742,2023-03-25,Plano,TX0430600,13B,H,W,H,F,39,R,N,PA,Residence/Home,Home,Personal Weapons,Minor Injury,C
189630572,171070775,2023-03-25,Plano,TX0430600,13B,B,B,N,F,35,R,Y,XR,Residence/Home,Home,Personal Weapons,Minor Injury,C
189630582,171070784,2023-03-25,Plano,TX0430600,13B,H,W,H,F,23,R,N,ST,Restaurant,Restaurant,Personal Weapons,Minor Injury,C
189630589,171070791,2023-03-25,Plano,TX0430600,13B,A,A,N,F,20,R,Y,BG,Parking/Drop Lot/Garage,Parking Lot,Personal Weapons,Minor Injury,C
187888140,169548442,2023-03-26,Plano,TX0430600,13B,W,W,N,M,60,R,N,SP,Residence/Home,Home,Personal Weapons,,C
189630613,171070809,2023-03-26,Plano,TX0430600,13B,I,I,N,M,58,N,N,ST,Bar/Nightclub,Bar & Nightclub,Personal Weapons,Minor Injury,C
189630614,171070809,2023-03-26,Plano,TX0430600,13B,B,B,N,M,31,N,N,ST,Bar/Nightclub,Bar & Nightclub,Personal Weapons,,C
189630640,171070833,2023-03-26,Plano,TX0430600,13B,W,W,N,F,41,N,Y,BG,Hotel/Motel/Etc.,Hotel & Motel,Personal Weapons,Minor Injury,C
189630647,171070840,2023-03-26,Plano,TX0430600,13B,A,A,N,F,48,R,N,PA,Residence/Home,Home,Personal Weapons,Minor Injury,C
200401592,180500588,2023-03-26,Plano,TX0430600,13B,A,A,N,F,44,R,Y,SE,Residence/Home,Home,Personal Weapons,Minor Injury,C
187888202,169548495,2023-03-27,Plano,TX0430600,13B,B,B,N,F,44,R,Y,SE,Residence/Home,Home,Personal Weapons,Minor Injury,C
189630666,171070852,2023-03-27,Plano,TX0430600,13B,W,W,N,F,14,R,N,AQ,School-Elementary/Secondary,K-12 School,Personal Weapons,Minor Injury,C
189630690,171070871,2023-03-27,Plano,TX0430600,13B,B,B,N,M,28,N,N,ST,Highway/Road/Alley/Street/Sidewalk,Street & Sidewalk,Personal Weapons,,C
189630989,171071121,2023-03-27,Plano,TX0430600,13B,W,W,N,M,14,R,N,AQ,School-Elementary/Secondary,K-12 School,Personal Weapons,Minor Injury,C
200854408,180891968,2023-03-27,Plano,TX0430600,13B,B,B,N,M,59,R,N,PA,Residence/Home,Home,Personal Weapons,Minor Injury,C
200854409,180891968,2023-03-27,Plano,TX0430600,13B,B,B,N,F,34,R,N,SB,Residence/Home,Home,Personal Weapons,Minor Injury,C
187888353,169548622,2023-03-28,Plano,TX0430600,13B,H,W,H,M,23,N,N,AQ,Service/Gas Station,Gas Station,Personal Weapons,Minor Injury,C
187888462,169548710,2023-03-28,Plano,TX0430600,13B,B,B,N,F,31,R,Y,BG;VO,Residence/Home,Home,Personal Weapons,,C
187888463,169548710,2023-03-28,Plano,TX0430600,13B,B,B,N,M,31,R,Y,BG;VO,Residence/Home,Home,Personal Weapons,Minor Injury,C
189630707,171070886,2023-03-28,Plano,TX0430600,13B,A,A,N,M,67,R,N,PA,Residence/Home,Home,Personal Weapons,Minor Injury,C
187888489,169548733,2023-03-29,Plano,TX0430600,13B,W,W,N,F,,N,N,AQ,School-Elementary/Secondary,K-12 School,Personal Weapons,Minor Injury,C
187888490,169548733,2023-03-29,Plano,TX0430600,13B,A,A,N,M,13,R,N,AQ,School-Elementary/Secondary,K-12 School,Personal Weapons,,C
194405884,175241752,2023-03-29,Plano,TX0430600,13B,W,W,N,M,11,R,N,AQ,School-Elementary/Secondary,K-12 School,Personal Weapons,,C
200401620,180500608,2023-03-29,Plano,TX0430600,13B,A,A,N,F,42,R,Y,SE,Residence/Home,Home,Personal Weapons,Minor Injury,C
200401626,180500610,2023-03-29,Plano,TX0430600,13B,W,W,N,M,61,R,N,ST,Convenience Store,Convenience Store,Personal Weapons,Minor Injury,C
187888601,169548836,2023-03-30,Plano,TX0430600,13B,B,B,N,M,46,R,Y,BG;VO,Residence/Home,Home,Personal Weapons,Minor Injury,C
187888603,169548836,2023-03-30,Plano,TX0430600,13B,B,B,N,F,58,R,Y,BG;VO,Residence/Home,Home,Personal Weapons,Minor Injury,C
189630810,171070971,2023-03-31,Plano,TX0430600,13B,B,B,N,M,21,N,N,ST,Parking/Drop Lot/Garage,Parking Lot,Personal Weapons,,C
189630853,171071008,2023-03-31,Plano,TX0430600,13B,W,W,N,M,28,R,N,ST,Drug Store/Doctor's Office/Hospital,Hospital & Clinic,Personal Weapons,,C
189630879,171071027,2023-04-01,Plano,TX0430600,13B,H,W,H,F,24,R,Y,CS,Residence/Home,Home,Personal Weapons,Minor Injury,C
189630886,171071033,2023-04-01,Plano,TX0430600,13B,H,W,H,F,24,R,Y,CS,Residence/Home,Home,Personal Weapons,Minor Injury,C
189630897,171071042,2023-04-01,Plano,TX0430600,13B,H,W,H,M,71,N,N,ST,Hotel/Motel/Etc.,Hotel & Motel,Personal Weapons,,C
200401652,180500626,2023-04-01,Plano,TX0430600,13B,B,B,N,M,19,R,N,CH,Residence/Home,Home,Personal Weapons,Minor Injury,C
200401653,180500626,2023-04-01,Plano,TX0430600,13B,W,W,N,F,43,R,Y,BG,Residence/Home,Home,Personal Weapons,Minor Injury,C
200855377,180892772,2023-04-01,Plano,TX0430600,13B,H,W,H,F,20,,Y,BG,Residence/Home,Home,Personal Weapons,Minor Injury,C
189630947,171071083,2023-04-02,Plano,TX0430600,13B,B,B,N,F,54,R,N,NE,Residence/Home,Home,Personal Weapons,,C
200401659,180500632,2023-04-02,Plano,TX0430600,13B,B,B,N,F,22,R,Y,BG,Residence/Home,Home,Personal Weapons,Minor Injury,C
189630980,171071112,2023-04-03,Plano,TX0430600,13B,B,B,N,M,25,R,Y,XR,Residence/Home,Home,Personal Weapons,,C
189630986,171071118,2023-04-03,Plano,TX0430600,13B,W,W,N,F,42,R,N,FR,Residence/Home,Home,Personal Weapons,,C
189631054,171071178,2023-04-03,Plano,TX0430600,13B,W,W,N,M,61,R,N,PA,Residence/Home,Home,Personal Weapons,,C
189631270,171071345,2023-04-03,Plano,TX0430600,13B,W,W,N,F,15,R,N,AQ,School-Elementary/Secondary,K-12 School,Personal Weapons,,C
194405894,175241759,2023-04-03,Plano,TX0430600,13B,W,W,N,F,16,R,N,FR,School-Elementary/Secondary,K-12 School,Personal Weapons,Minor Injury,C
194405895,175241759,2023-04-03,Plano,TX0430600,13B,W,W,N,F,59,U,N,AQ,School-Elementary/Secondary,K-12 School,Personal Weapons,Minor Injury,C
189631123,171071237,2023-04-04,Plano,TX0430600,13B,W,W,N,F,23,N,N,EE,Commercial/Office Building,Office Building,Personal Weapons,,C
189631252,171071336,2023-04-04,Plano,TX0430600,13B,W,W,N,F,45,N,N,AQ,School-Elementary/Secondary,K-12 School,Personal Weapons,,C
200401683,180500653,2023-04-04,Plano,TX0430600,13B,B,B,N,F,15,R,N,AQ,School-Elementary/Secondary,K-12 School,Personal Weapons,Minor Injury,C
200401703,180500668,2023-04-04,Plano,TX0430600,13B,W,W,N,M,11,R,N,OK,School-Elementary/Secondary,K-12 School,Personal Weapons,,C
196199844,176801441,2023-04-05,Plano,TX0430600,13B,H,W,H,M,29,R,Y,SE,Residence/Home,Home,Personal Weapons,,C
189631283,171071358,2023-04-06,Plano,TX0430600,13B,B,B,N,F,25,N,N,ST,Parking/Drop Lot/Garage,Parking Lot,Personal Weapons,,C
189631295,171071368,2023-04-06,Plano,TX0430600,13B,B,B,N,F,11,R,N,AQ,School-Elementary/Secondary,K-12 School,Personal Weapons,Minor Injury,C
200401701,180500666,2023-04-06,Plano,TX0430600,13B,B,B,N,M,30,R,Y,BG,Hotel/Motel/Etc.,Hotel & Motel,Personal Weapons,Minor Injury,C
189631318,171071389,2023-04-07,Plano,TX0430600,13B,W,W,N,F,51,R,Y,SE;VO,Residence/Home,Home,Personal Weapons,Minor Injury,C
189631319,171071389,2023-04-07,Plano,TX0430600,13B,W,W,N,M,53,R,Y,SE;VO,Residence/Home,Home,Personal Weapons,Minor Injury,C
189631385,171071442,2023-04-07,Plano,TX0430600,13B,W,W,N,M,46,R,N,OK,Hotel/Motel/Etc.,Hotel & Motel,Unknown,Minor Injury,C
189631422,171071473,2023-04-07,Plano,TX0430600,13B,W,W,N,F,12,N,N,ST,Park/Playground,Park & Playground,Personal Weapons,Minor Injury,C
200401725,180500680,2023-04-07,Plano,TX0430600,13B,H,W,H,F,52,R,Y,BG,Residence/Home,Home,Personal Weapons,Minor Injury,C
200401726,180500681,2023-04-07,Plano,TX0430600,13B,B,B,N,M,29,,N,AQ;VO,Parking/Drop Lot/Garage,Parking Lot,Personal Weapons,Minor Injury,C
189631426,171071477,2023-04-08,Plano,TX0430600,13B,W,W,N,M,29,R,Y,BG,Residence/Home,Home,Personal Weapons,Minor Injury,C
200401737,180500689,2023-04-08,Plano,TX0430600,13B,W,W,N,F,40,N,Y,BG,Highway/Road/Alley/Street/Sidewalk,Street & Sidewalk,Personal Weapons,Minor Injury,C
189631441,171071489,2023-04-09,Plano,TX0430600,13B,B,B,N,M,32,R,Y,SE,Highway/Road/Alley/Street/Sidewalk,Street & Sidewalk,Personal Weapons,,C
194405905,175241769,2023-04-09,Plano,TX0430600,13B,B,B,N,M,40,N,Y,BG,Hotel/Motel/Etc.,Hotel & Motel,Personal Weapons,Minor Injury,C
200401740,180500692,2023-04-09,Plano,TX0430600,13B,W,W,N,M,29,N,N,AQ,Parking/Drop Lot/Garage,Parking Lot,Personal Weapons,Minor Injury,C
200401741,180500693,2023-04-09,Plano,TX0430600,13B,H,W,H,M,21,R,N,CH,Residence/Home,Home,Personal Weapons,Minor Injury,C
189631485,171071526,2023-04-10,Plano,TX0430600,13B,W,W,N,M,22,N,N,ST;VO,Parking/Drop Lot/Garage,Parking Lot,Personal Weapons,,C
189631486,171071526,2023-04-10,Plano,TX0430600,13B,B,B,N,F,24,R,N,ST;VO,Parking/Drop Lot/Garage,Parking Lot,Personal Weapons,,C
189631606,171071623,2023-04-11,Plano,TX0430600,13B,W,W,N,F,23,N,Y,XR,Residence/Home,Home,Personal Weapons,,C
189631607,171071623,2023-04-11,Plano,TX0430600,13B,W,W,N,M,1,N,N,CH,Residence/Home,Home,Personal Weapons,,C
189631611,171071627,2023-04-11,Plano,TX0430600,13B,W,W,N,F,36,N,Y,SE,Hotel/Motel/Etc.,Hotel & Motel,Personal Weapons,Minor Injury,C
189631664,171071679,2023-04-12,Plano,TX0430600,13B,B,B,N,M,17,R,N,AQ,School-Elementary/Secondary,K-12 School,Personal Weapons,Minor Injury,C
189631689,171071701,2023-04-12,Plano,TX0430600,13B,B,B,N,F,20,R,Y,XR,Residence/Home,Home,Personal Weapons,Minor Injury,C
189631714,171071721,2023-04-12,Plano,TX0430600,13B,A,A,N,M,60,U,N,ST,Highway/Road/Alley/Street/Sidewalk,Street & Sidewalk,Personal Weapons,Minor Injury,C
200401769,180500716,2023-04-12,Plano,TX0430600,13B,H,W,H,M,29,N,N,ST,Jail/Prison/Penitentiary/Corrections Facility,Jail & Prison,Personal Weapons,Minor Injury,C
200401770,180500716,2023-04-12,Plano,TX0430600,13B,A,A,N,M,19,N,N,ST,Jail/Prison/Penitentiary/Corrections Facility,Jail & Prison,Personal Weapons,Minor Injury,C
200401771,180500716,2023-04-12,Plano,TX0430600,13B,W,W,N,F,29,N,N,ST,Jail/Prison/Penitentiary/Corrections Facility,Jail & Prison,Personal Weapons,Minor Injury,C
200401774,180500718,2023-04-12,Plano,TX0430600,13B,H,W,H,F,34,R,Y,BG,Parking/Drop Lot/Garage,Parking Lot,Personal Weapons,Minor Injury,C
189631720,171071727,2023-04-13,Plano,TX0430600,13B,H,W,H,F,47,R,Y,BG,Residence/Home,Home,Personal Weapons,Minor Injury,C
189631784,171071779,2023-04-13,Plano,TX0430600,13B,H,W,H,F,33,R,Y,BG,Residence/Home,Home,Personal Weapons,Minor Injury,C
200401777,180500721,2023-04-13,Plano,TX0430600,13B,W,W,N,M,38,R,Y,SE,Hotel/Motel/Etc.,Hotel & Motel,Personal Weapons,Minor Injury,C
200854440,180891995,2023-04-13,Plano,TX0430600,13B,W,W,N,M,48,R,N,ST;VO,Parking/Drop Lot/Garage,Parking Lot,Personal Weapons,,C
200854441,180891995,2023-04-13,Plano,TX0430600,13B,W,W,N,M,39,N,N,ST;VO,Parking/Drop Lot/Garage,Parking Lot,Personal Weapons,,C
189631835,171071824,2023-04-14,Plano,TX0430600,13B,W,W,N,F,29,R,Y,BG,Residence/Home,Home,Personal Weapons,,C
189631852,171071837,2023-04-14,Plano,TX0430600,13B,W,W,N,F,3,N,N,AQ,Daycare Facility,Daycare Facility,Personal Weapons,Minor Injury,C
200401781,180500725,2023-04-14,Plano,TX0430600,13B,W,W,N,F,36,R,Y,BG,Residence/Home,Home,Personal Weapons,Minor Injury,C
189631889,171071862,2023-04-15,Plano,TX0430600,13B,W,W,N,M,15,R,N,ST,Park/Playground,Park & Playground,Personal Weapons,Minor Injury,C
196198721,176800512,2023-04-15,Plano,TX0430600,13B,W,W,N,F,50,N,N,ST,Specialty Store,Specialty Store,Personal Weapons,Minor Injury,C
200401821,180500758,2023-04-15,Plano,TX0430600,13B,B,B,N,F,43,N,N,OK,Residence/Home,Home,Personal Weapons,,C
189631934,171071905,2023-04-16,Plano,TX0430600,13B,H,W,H,F,56,R,N,OF,Residence/Home,Home,Personal Weapons,,C
189631954,171071925,2023-04-16,Plano,TX0430600,13B,H,W,H,M,43,R,Y,XR,Highway/Road/Alley/Street/Sidewalk,Street & Sidewalk,Personal Weapons,Minor Injury,C
200401811,180500749,2023-04-16,Plano,TX0430600,13B,W,W,N,M,53,R,Y,BG,Residence/Home,Home,Personal Weapons,Minor Injury,C
208487622,187549863,2023-04-16,Plano,TX0430600,13B,W,W,N,F,75,R,N,ST,Department/Discount Store,Department Store,Personal Weapons,Minor Injury,C
193330068,174293799,2023-04-17,Plano,TX0430600,13B,W,W,N,M,12,N,N,AQ,School-Elementary/Secondary,K-12 School,Personal Weapons,Minor Injury,C
194405927,175241784,2023-04-17,Plano,TX0430600,13B,W,W,N,M,47,R,N,ST,Parking/Drop Lot/Garage,Parking Lot,Personal Weapons,,C
200401820,180500757,2023-04-17,Plano,TX0430600,13B,W,W,N,F,14,R,Y,XR,School-Elementary/Secondary,K-12 School,Personal Weapons,Minor Injury,C
204378640,183967050,2023-04-17,Plano,TX0430600,13B,B,B,N,F,25,N,Y,BG;SB,Parking/Drop Lot/Garage,Parking Lot,Personal Weapons,,C
194405929,175241785,2023-04-18,Plano,TX0430600,13B,W,W,N,M,42,R,Y,SE,Residence/Home,Home,Personal Weapons,Minor Injury,C
196198723,176800514,2023-04-18,Plano,TX0430600,13B,W,W,N,M,32,R,Y,BG,Parking/Drop Lot/Garage,Parking Lot,Personal Weapons,Minor Injury,C
200401862,180500792,2023-04-18,Plano,TX0430600,13B,B,B,N,F,15,N,N,OK,School-Elementary/Secondary,K-12 School,Personal Weapons,,C
200401920,180500845,2023-04-18,Plano,TX0430600,13B,W,W,N,M,62,R,N,OK;VO,Residence/Home,Home,Personal Weapons,Minor Injury,C
200401921,180500845,2023-04-18,Plano,TX0430600,13B,W,W,N,M,56,N,N,OK;VO,Residence/Home,Home,Personal Weapons,Minor Injury,C
189632064,171072023,2023-04-19,Plano,TX0430600,13B,B,B,N,M,34,N,Y,BG,Highway/Road/Alley/Street/Sidewalk,Street & Sidewalk,Personal Weapons,Minor Injury,C
189632074,171072031,2023-04-19,Plano,TX0430600,13B,B,B,N,F,29,N,N,ST,Hotel/Motel/Etc.,Hotel & Motel,Personal Weapons,Minor Injury,C
194405930,175241786,2023-04-19,Plano,TX0430600,13B,B,B,N,F,44,R,N,OK,Parking/Drop Lot/Garage,Parking Lot,Personal Weapons,Minor Injury,C
200401847,180500781,2023-04-19,Plano,TX0430600,13B,W,W,N,F,34,N,Y,BG,Highway/Road/Alley/Street/Sidewalk,Street & Sidewalk,Personal Weapons,Minor Injury,C
200854453,180892007,2023-04-19,Plano,TX0430600,13B,B,B,N,M,52,R,N,ST,Other/Unknown,Other & Unknown,Personal Weapons,,C
200854454,180892008,2023-04-19,Plano,TX0430600,13B,H,W,H,F,46,R,N,NE,Residence/Home,Home,Personal Weapons,,C
200854455,180892008,2023-04-19,Plano,TX0430600,13B,W,W,N,F,60,R,N,NE,Residence/Home,Home,Personal Weapons,Minor Injury,C
189632113,171072064,2023-04-20,Plano,TX0430600,13B,A,A,N,F,90,R,N,ST,Parking/Drop Lot/Garage,Parking Lot,Personal Weapons,,C
200401849,180500783,2023-04-20,Plano,TX0430600,13B,W,W,N,F,44,R,Y,XR,Residence/Home,Home,Personal Weapons,,C
200854463,180892013,2023-04-20,Plano,TX0430600,13B,W,W,N,M,24,R,N,AQ,Residence/Home,Home,Personal Weapons,Minor Injury,C
189632156,171072102,2023-04-21,Plano,TX0430600,13B,H,W,H,F,15,,N,AQ;VO,School-Elementary/Secondary,K-12 School,Personal Weapons,,C
189632157,171072102,2023-04-21,Plano,TX0430600,13B,H,W,H,F,16,,N,AQ;VO,School-Elementary/Secondary,K-12 School,Personal Weapons,,C
200401870,180500799,2023-04-21,Plano,TX0430600,13B,W,W,N,F,60,N,N,ST,Service/Gas Station,Gas Station,Personal Weapons,,C
200401879,180500806,2023-04-21,Plano,TX0430600,13B,W,W,N,F,78,R,Y,SE,Residence/Home,Home,Personal Weapons,Minor Injury,C
194405941,175241795,2023-04-22,Plano,TX0430600,13B,B,B,N,M,64,R,N,ST,Residence/Home,Home,Personal Weapons,Minor Injury,C
200401881,180500808,2023-04-22,Plano,TX0430600,13B,H,W,H,M,31,R,Y,BG,Residence/Home,Home,Personal Weapons,Minor Injury,C
200401884,180500811,2023-04-22,Plano,TX0430600,13B,W,W,N,F,22,R,Y,BG,Parking/Drop Lot/Garage,Parking Lot,Personal Weapons,Minor Injury,C
200401889,180500816,2023-04-22,Plano,TX0430600,13B,B,B,N,M,36,R,Y,SE,Residence/Home,Home,Personal Weapons,Minor Injury,C
189632262,171072198,2023-04-23,Plano,TX0430600,13B,B,B,N,F,50,R,Y,SE,Residence/Home,Home,Personal Weapons,Minor Injury,C
197978169,178352457,2023-04-24,Plano,TX0430600,13B,B,B,N,M,40,U,N,OK,Restaurant,Restaurant,Personal Weapons,,C
200401911,180500836,2023-04-24,Plano,TX0430600,13B,W,W,N,M,53,N,N,ST,Parking/Drop Lot/Garage,Parking Lot,Personal Weapons,Minor Injury,C
200401923,180500846,2023-04-24,Plano,TX0430600,13B,B,B,N,F,39,R,N,SB,Residence/Home,Home,Personal Weapons,Minor Injury,C
200401924,180500847,2023-04-24,Plano,TX0430600,13B,W,W,N,M,58,N,N,ST,Restaurant,Restaurant,Personal Weapons,,C
200401930,180500851,2023-04-24,Plano,TX0430600,13B,A,A,N,F,40,R,N,PA,Residence/Home,Home,Personal Weapons,,C
206738558,186024714,2023-04-26,Plano,TX0430600,13B,W,W,N,F,21,R,Y,XR,Residence/Home,Home,Personal Weapons,Minor Injury,C
206738559,186024714,2023-04-26,Plano,TX0430600,13B,H,W,H,M,0,R,N,CH,Residence/Home,Home,Personal Weapons,Minor Injury,C
200401973,180500888,2023-04-27,Plano,TX0430600,13B,H,W,H,F,15,R,N,AQ,School-Elementary/Secondary,K-12 School,Personal Weapons,Minor Injury,C
200401979,180500893,2023-04-27,Plano,TX0430600,13B,H,W,H,F,26,R,Y,BG,Highway/Road/Alley/Street/Sidewalk,Street & Sidewalk,Personal Weapons,,C
200401982,180500896,2023-04-27,Plano,TX0430600,13B,H,W,H,F,38,N,Y,XR,Specialty Store,Specialty Store,Personal Weapons,Minor Injury,C
200401984,180500898,2023-04-27,Plano,TX0430600,13B,B,B,N,F,47,R,Y,SE,Residence/Home,Home,Personal Weapons,Minor Injury,C
189632596,171072488,2023-04-28,Plano,TX0430600,13B,W,W,N,F,,R,N,AQ,School-Elementary/Secondary,K-12 School,Personal Weapons,Minor Injury,C
193329387,174293219,2023-04-28,Plano,TX0430600,13B,H,W,H,F,15,N,N,OK,School-Elementary/Secondary,K-12 School,Personal Weapons,Minor Injury,C
200402006,180500917,2023-04-28,Plano,TX0430600,13B,B,B,N,M,18,R,Y,BG,Residence/Home,Home,Personal Weapons,Minor Injury,C
200402010,180500921,2023-04-28,Plano,TX0430600,13B,W,W,N,M,12,N,N,ST,Amusement Park,Amusement Park,Personal Weapons,,C
189632680,171072559,2023-04-29,Plano,TX0430600,13B,W,W,N,F,13,N,N,ST,Park/Playground,Park & Playground,Personal Weapons,Minor Injury,C
200402001,180500912,2023-04-29,Plano,TX0430600,13B,H,W,H,F,24,N,Y,SE,Hotel/Motel/Etc.,Hotel & Motel,Personal Weapons,Minor Injury,C
189632735,171072600,2023-04-30,Plano,TX0430600,13B,H,W,H,F,28,N,Y,BG,Highway/Road/Alley/Street/Sidewalk,Street & Sidewalk,Personal Weapons,,C
194405971,175241822,2023-04-30,Plano,TX0430600,13B,W,W,N,M,57,R,N,AQ,Residence/Home,Home,Personal Weapons,Minor Injury,C
196198747,176800537,2023-04-30,Plano,TX0430600,13B,H,W,H,F,32,N,Y,SE,Parking/Drop Lot/Garage,Parking Lot,Personal Weapons,Minor Injury,C
200402024,180500927,2023-04-30,Plano,TX0430600,13B,A,A,N,F,24,R,Y,BG,Residence/Home,Home,Personal Weapons,Minor Injury,C
200402026,180500929,2023-04-30,Plano,TX0430600,13B,W,W,N,M,62,R,Y,BG,Residence/Home,Home,Personal Weapons,Minor Injury,C
200402031,180500933,2023-04-30,Plano,TX0430600,13B,A,A,N,F,50,N,Y,SE,Hotel/Motel/Etc.,Hotel & Motel,Personal Weapons,Minor Injury,C
200402035,180500937,2023-04-30,Plano,TX0430600,13B,B,B,N,M,27,N,N,SB,Residence/Home,Home,Personal Weapons,Minor Injury,C
200402037,180500939,2023-04-30,Plano,TX0430600,13B,W,W,N,M,53,R,N,ST,Residence/Home,Home,Personal Weapons,Minor Injury,C
194405975,175241825,2023-05-01,Plano,TX0430600,13B,B,B,N,M,35,R,Y,BG,Parking/Drop Lot/Garage,Parking Lot,Personal Weapons,Minor Injury,C
193329361,174293196,2023-05-02,Plano,TX0430600,13B,A,A,N,F,64,R,Y,SE,Residence/Home,Home,Personal Weapons,Minor Injury,C
193329469,174293290,2023-05-02,Plano,TX0430600,13B,W,W,N,F,30,R,Y,XR,Residence/Home,Home,Personal Weapons,Minor Injury,C
200854492,180892036,2023-05-02,Plano,TX0430600,13B,B,B,N,F,29,R,N,ST,Hotel/Motel/Etc.,Hotel & Motel,Personal Weapons,Minor Injury,C
193329429,174293252,2023-05-03,Plano,TX0430600,13B,W,W,N,F,42,R,Y,SE,Residence/Home,Home,Personal Weapons,Minor Injury,C
193329430,174293252,2023-05-03,Plano,TX0430600,13B,W,W,N,F,14,R,N,CH,Residence/Home,Home,Personal Weapons,Minor Injury,C
193329439,174293261,2023-05-04,Plano,TX0430600,13B,W,W,N,F,78,R,N,PA,Residence/Home,Home,Personal Weapons,Minor Injury,C
193329455,174293277,2023-05-04,Plano,TX0430600,13B,B,B,N,M,20,R,Y,BG,Residence/Home,Home,Personal Weapons,Minor Injury,C
194405998,175241847,2023-05-05,Plano,TX0430600,13B,B,B,N,F,31,R,Y,BG,Residence/Home,Home,Personal Weapons,Minor Injury,C
193329505,174293318,2023-05-06,Plano,TX0430600,13B,W,W,N,F,33,R,Y,BG,Parking/Drop Lot/Garage,Parking Lot,Personal Weapons,,C
193329516,174293327,2023-05-06,Plano,TX0430600,13B,W,W,N,M,49,R,N,,Parking/Drop Lot/Garage,Parking Lot,Personal Weapons,Minor Injury,C
193329558,174293360,2023-05-06,Plano,TX0430600,13B,W,W,N,M,54,N,Y,XR,Residence/Home,Home,Personal Weapons,Minor Injury,C
196198763,176800552,2023-05-06,Plano,TX0430600,13B,W,W,N,M,60,N,N,ST,Restaurant,Restaurant,Personal Weapons,Minor Injury,C
200854518,180892052,2023-05-07,Plano,TX0430600,13B,B,B,N,F,43,R,Y,BG,Hotel/Motel/Etc.,Hotel & Motel,Personal Weapons,Minor Injury,C
193329556,174293358,2023-05-08,Plano,TX0430600,13B,B,B,N,M,18,R,Y,BG,Residence/Home,Home,Personal Weapons,,C
193329589,174293390,2023-05-08,Plano,TX0430600,13B,B,B,N,M,18,R,N,AQ,Parking/Drop Lot/Garage,Parking Lot,Personal Weapons,Minor Injury,C
193329590,174293390,2023-05-08,Plano,TX0430600,13B,B,B,N,M,18,R,N,AQ,Parking/Drop Lot/Garage,Parking Lot,Personal Weapons,,C
193329591,174293391,2023-05-08,Plano,TX0430600,13B,H,W,H,F,16,R,N,OF,Residence/Home,Home,Personal Weapons,Minor Injury,C
193329601,174293398,2023-05-08,Plano,TX0430600,13B,B,B,N,M,17,N,Y,XR,School-Elementary/Secondary,K-12 School,Personal Weapons,Minor Injury,C
196198768,176800556,2023-05-08,Plano,TX0430600,13B,B,B,N,F,32,R,Y,BG,Residence/Home,Home,Personal Weapons,Minor Injury,C
193329606,174293403,2023-05-09,Plano,TX0430600,13B,W,W,N,M,55,U,N,ST,Drug Store/Doctor's Office/Hospital,Hospital & Clinic,Personal Weapons,,C
193329626,174293421,2023-05-09,Plano,TX0430600,13B,W,W,N,F,71,R,N,GP,Residence/Home,Home,Personal Weapons,Minor Injury,C
193329630,174293425,2023-05-09,Plano,TX0430600,13B,A,A,N,M,38,N,N,SB,Residence/Home,Home,Personal Weapons,,C
196198774,176800562,2023-05-09,Plano,TX0430600,13B,W,W,N,M,14,R,N,AQ,Parking/Drop Lot/Garage,Parking Lot,Personal Weapons,Minor Injury,C
193329637,174293431,2023-05-10,Plano,TX0430600,13B,H,W,H,M,32,R,N,EE,Residence/Home,Home,Personal Weapons,Minor Injury,C
193329667,174293458,2023-05-10,Plano,TX0430600,13B,W,W,N,F,53,N,N,OK,Residence/Home,Home,Personal Weapons,,C
193329675,174293466,2023-05-10,Plano,TX0430600,13B,H,W,H,F,26,N,Y,BG,Drug Store/Doctor's Office/Hospital,Hospital & Clinic,Personal Weapons,,C
194406023,175241866,2023-05-10,Plano,TX0430600,13B,B,B,N,F,31,R,Y,XR,Residence/Home,Home,Personal Weapons,Minor Injury,C
194406030,175241872,2023-05-10,Plano,TX0430600,13B,W,W,N,M,66,R,N,AQ,Residence/Home,Home,Personal Weapons,Minor Injury,C
193329695,174293484,2023-05-11,Plano,TX0430600,13B,B,B,N,F,17,R,N,AQ,School-Elementary/Secondary,K-12 School,Personal Weapons,Minor Injury,C
193329699,174293488,2023-05-11,Plano,TX0430600,13B,W,W,N,M,23,R,N,CH,Residence/Home,Home,Personal Weapons,Minor Injury,C
194406036,175241876,2023-05-11,Plano,TX0430600,13B,A,A,N,F,31,N,Y,SE,Highway/Road/Alley/Street/Sidewalk,Street & Sidewalk,Personal Weapons,Minor Injury,C
194406039,175241879,2023-05-11,Plano,TX0430600,13B,W,W,N,F,24,N,N,FR,Hotel/Motel/Etc.,Hotel & Motel,Personal Weapons,,C
194406048,175241887,2023-05-11,Plano,TX0430600,13B,W,W,N,M,14,R,N,ST,School-Elementary/Secondary,K-12 School,Personal Weapons,Minor Injury,C
193329729,174293515,2023-05-12,Plano,TX0430600,13B,B,B,N,M,16,R,N,AQ;VO,School-Elementary/Secondary,K-12 School,Personal Weapons,Minor Injury,C
193329730,174293515,2023-05-12,Plano,TX0430600,13B,B,B,N,M,15,R,N,AQ;VO,School-Elementary/Secondary,K-12 School,Personal Weapons,,C
193329739,174293523,2023-05-12,Plano,TX0430600,13B,B,B,N,F,34,R,Y,BG,Residence/Home,Home,Personal Weapons,,C
194406050,175241889,2023-05-12,Plano,TX0430600,13B,W,W,N,M,16,R,N,AQ,School-Elementary/Secondary,K-12 School,Personal Weapons,,C
200854535,180892068,2023-05-12,Plano,TX0430600,13B,H,W,H,M,14,R,N,AQ;VO,School-Elementary/Secondary,K-12 School,Personal Weapons,,C
200854536,180892068,2023-05-12,Plano,TX0430600,13B,H,W,H,M,15,R,N,AQ;VO,School-Elementary/Secondary,K-12 School,Personal Weapons,,C
193329760,174293541,2023-05-13,Plano,TX0430600,13B,W,W,N,M,25,N,N,SB;VO,Residence/Home,Home,Personal Weapons,,C
193329761,174293541,2023-05-13,Plano,TX0430600,13B,W,W,N,M,25,N,N,SB;VO,Residence/Home,Home,Personal Weapons,Minor Injury,C
193329765,174293543,2023-05-13,Plano,TX0430600,13B,B,B,N,F,26,N,N,AQ,Residence/Home,Home,Personal Weapons,,C
193329767,174293545,2023-05-13,Plano,TX0430600,13B,W,W,N,F,25,R,Y,BG,Residence/Home,Home,Personal Weapons,Minor Injury,C
193329964,174293710,2023-05-13,Plano,TX0430600,13B,B,B,N,F,21,R,Y,XR,Residence/Home,Home,Personal Weapons,Minor Injury,C
193329798,174293570,2023-05-14,Plano,TX0430600,13B,B,B,N,M,27,R,N,FR,Highway/Road/Alley/Street/Sidewalk,Street & Sidewalk,Personal Weapons,Minor Injury,C
193329799,174293571,2023-05-14,Plano,TX0430600,13B,W,W,N,M,43,N,N,AQ,Hotel/Motel/Etc.,Hotel & Motel,Personal Weapons,,C
193329801,174293573,2023-05-14,Plano,TX0430600,13B,B,B,N,F,22,R,Y,BG,Residence/Home,Home,Personal Weapons,,C
193329805,174293577,2023-05-14,Plano,TX0430600,13B,H,W,H,M,24,N,N,ST,Amusement Park,Amusement Park,Personal Weapons,,C
194406060,175241896,2023-05-14,Plano,TX0430600,13B,B,B,N,F,46,N,Y,BG,Hotel/Motel/Etc.,Hotel & Motel,Personal Weapons,,C
194406072,175241902,2023-05-14,Plano,TX0430600,13B,A,A,N,F,45,R,N,PA,Restaurant,Restaurant,Personal Weapons,Minor Injury,C
193329807,174293579,2023-05-15,Plano,TX0430600,13B,H,W,H,F,26,R,Y,SE,Residence/Home,Home,Personal Weapons,Minor Injury,C
193329859,174293625,2023-05-16,Plano,TX0430600,13B,B,B,N,M,12,R,N,AQ,School-Elementary/Secondary,K-12 School,Personal Weapons,Minor Injury,C
194406078,175241908,2023-05-16,Plano,TX0430600,13B,W,W,N,F,37,N,N,ST,Drug Store/Doctor's Office/Hospital,Hospital & Clinic,Personal Weapons,Minor Injury,C
200854553,180892084,2023-05-16,Plano,TX0430600,13B,W,W,N,M,37,R,N,ST,Highway/Road/Alley/Street/Sidewalk,Street & Sidewalk,Personal Weapons,Minor Injury,C
206738568,186024723,2023-05-16,Plano,TX0430600,13B,W,W,N,F,14,R,N,AQ,School-Elementary/Secondary,K-12 School,Personal Weapons,Minor Injury,C
193329877,174293642,2023-05-17,Plano,TX0430600,13B,H,W,H,F,43,N,Y,XR,Grocery/Supermarket,Grocery Store,Personal Weapons,Minor Injury,C
193329895,174293659,2023-05-17,Plano,TX0430600,13B,H,W,H,F,14,R,N,AQ,School-Elementary/Secondary,K-12 School,Personal Weapons,Minor Injury,C
193329899,174293663,2023-05-17,Plano,TX0430600,13B,B,B,N,F,19,R,Y,BG,Residence/Home,Home,Personal Weapons,Minor Injury,C
193329900,174293663,2023-05-17,Plano,TX0430600,13B,B,B,N,F,0,R,N,OK,Residence/Home,Home,Personal Weapons,,C
193329906,174293668,2023-05-17,Plano,TX0430600,13B,H,W,H,F,43,R,Y,SE,Residence/Home,Home,Personal Weapons,Minor Injury,C
193329922,174293681,2023-05-18,Plano,TX0430600,13B,B,B,N,M,38,N,N,ST;VO,Grocery/Supermarket,Grocery Store,Personal Weapons,,C
193329923,174293681,2023-05-18,Plano,TX0430600,13B,B,B,N,M,19,,N,ST;VO,Grocery/Supermarket,Grocery Store,Personal Weapons,,C
193329941,174293692,2023-05-18,Plano,TX0430600,13B,A,A,N,F,37,N,N,ST,Drug Store/Doctor's Office/Hospital,Hospital & Clinic,Personal Weapons,,C
204378667,183967070,2023-05-18,Plano,TX0430600,13B,W,W,N,F,15,N,N,AQ,School-Elementary/Secondary,K-12 School,Personal Weapons,Minor Injury,C
193329972,174293718,2023-05-19,Plano,TX0430600,13B,B,B,N,F,53,R,N,AQ,School-Elementary/Secondary,K-12 School,Personal Weapons,Minor Injury,C
193329975,174293721,2023-05-19,Plano,TX0430600,13B,B,B,N,M,44,N,N,ST,Parking/Drop Lot/Garage,Parking Lot,Personal Weapons,Minor Injury,C
194406109,175241931,2023-05-19,Plano,TX0430600,13B,H,W,H,F,39,R,Y,SE,Residence/Home,Home,Personal Weapons,,C
194431080,175264049,2023-05-19,Plano,TX0430600,13B,H,W,H,F,39,R,Y,BG,Residence/Home,Home,Personal Weapons,Minor Injury,C
200854561,180892092,2023-05-19,Plano,TX0430600,13B,W,W,N,F,38,N,N,OK,Residence/Home,Home,Personal Weapons,Minor Injury,C
193329997,174293740,2023-05-20,Plano,TX0430600,13B,B,B,N,M,47,R,Y,XR,Residence/Home,Home,Personal Weapons,,C
193330012,174293754,2023-05-20,Plano,TX0430600,13B,H,W,H,F,29,N,Y,BG,Residence/Home,Home,Personal Weapons,Minor Injury,C
193330078,174293808,2023-05-20,Plano,TX0430600,13B,B,B,N,F,32,R,Y,BG,Residence/Home,Home,Personal Weapons,Minor Injury,C
196198817,176800597,2023-05-20,Plano,TX0430600,13B,W,W,N,F,48,R,N,NE,Restaurant,Restaurant,Personal Weapons,Minor Injury,C
196198818,176800597,2023-05-20,Plano,TX0430600,13B,W,W,N,M,46,N,N,AQ,Restaurant,Restaurant,Personal Weapons,Minor Injury,C
193330037,174293774,2023-05-21,Plano,TX0430600,13B,W,W,N,M,72,R,Y,SE,Residence/Home,Home,Personal Weapons,,C
196198825,176800602,2023-05-21,Plano,TX0430600,13B,B,B,U,F,55,R,Y,XS,Residence/Home,Home,Personal Weapons,Minor Injury,C
193330073,174293803,2023-05-22,Plano,TX0430600,13B,H,W,H,F,18,R,Y,BG,Residence/Home,Home,Personal Weapons,Minor Injury,C
193330196,174293907,2023-05-22,Plano,TX0430600,13B,W,W,N,F,46,R,N,ER,Residence/Home,Home,Personal Weapons,Minor Injury,C
196198829,176800605,2023-05-22,Plano,TX0430600,13B,H,W,H,M,54,R,N,PA;VO,Parking/Drop Lot/Garage,Parking Lot,Personal Weapons,Minor Injury,C
196198830,176800605,2023-05-22,Plano,TX0430600,13B,H,W,H,M,22,R,N,CH;VO,Parking/Drop Lot/Garage,Parking Lot,Personal Weapons,,C
193330106,174293834,2023-05-23,Plano,TX0430600,13B,H,W,H,M,26,R,N,ST,Service/Gas Station,Gas Station,Personal Weapons,Minor Injury,C
193330111,174293839,2023-05-23,Plano,TX0430600,13B,B,B,N,F,31,R,N,NE;VO,Residence/Home,Home,Personal Weapons,Minor Injury,C
193330112,174293839,2023-05-23,Plano,TX0430600,13B,B,B,N,F,53,R,N,NE;VO,Residence/Home,Home,Personal Weapons,Minor Injury,C
193330149,174293870,2023-05-24,Plano,TX0430600,13B,B,B,N,F,24,N,Y,XR,Parking/Drop Lot/Garage,Parking Lot,Personal Weapons,Minor Injury,C
194406144,175241959,2023-05-24,Plano,TX0430600,13B,H,W,H,F,24,R,Y,BG,Residence/Home,Home,Personal Weapons,Minor Injury,C
194406152,175241965,2023-05-24,Plano,TX0430600,13B,B,B,N,F,13,R,N,CH,Residence/Home,Home,Personal Weapons,Minor Injury,C
196200220,176801769,2023-05-24,Plano,TX0430600,13B,H,W,H,M,30,N,N,OK,Other/Unknown,Other & Unknown,Personal Weapons,,C
193330189,174293901,2023-05-25,Plano,TX0430600,13B,H,W,H,F,36,R,N,IL,Residence/Home,Home,Personal Weapons,Minor Injury,C
193330190,174293901,2023-05-25,Plano,TX0430600,13B,H,W,H,F,9,R,N,OF,Residence/Home,Home,Personal Weapons,Minor Injury,C
193330191,174293902,2023-05-25,Plano,TX0430600,13B,H,W,H,F,47,R,N,PA,Residence/Home,Home,Personal Weapons,Minor Injury,C
193330319,174294007,2023-05-25,Plano,TX0430600,13B,H,W,H,M,51,R,Y,SE,Residence/Home,Home,Personal Weapons,Minor Injury,C
194406155,175241967,2023-05-25,Plano,TX0430600,13B,W,W,N,F,35,R,Y,BG,Residence/Home,Home,Personal Weapons,Minor Injury,C
193330210,174293917,2023-05-26,Plano,TX0430600,13B,H,W,H,F,32,R,N,PA,Residence/Home,Home,Personal Weapons,Minor Injury,C
193330212,174293919,2023-05-26,Plano,TX0430600,13B,H,W,H,F,13,N,N,AQ,School-Elementary/Secondary,K-12 School,Personal Weapons,,C
194406176,175241981,2023-05-26,Plano,TX0430600,13B,B,B,N,F,18,N,N,ST,Department/Discount Store,Department Store,Personal Weapons,,C
196198852,176800621,2023-05-26,Plano,TX0430600,13B,H,W,H,M,27,N,Y,BG,Hotel/Motel/Etc.,Hotel & Motel,Personal Weapons,Minor Injury,C
196198863,176800631,2023-05-26,Plano,TX0430600,13B,B,B,N,F,23,R,Y,XR,Residence/Home,Home,Personal Weapons,Minor Injury,C
197978221,178352496,2023-05-26,Plano,TX0430600,13B,H,W,H,M,20,R,N,ST,Restaurant,Restaurant,Personal Weapons,Minor Injury,C
194406178,175241983,2023-05-27,Plano,TX0430600,13B,B,B,N,F,22,R,N,SC,Residence/Home,Home,Personal Weapons,,C
196198868,176800635,2023-05-27,Plano,TX0430600,13B,W,W,U,M,42,R,N,PA,Residence/Home,Home,Personal Weapons,Minor Injury,C
200854592,180892116,2023-05-27,Plano,TX0430600,13B,W,W,N,F,19,R,N,ST,Specialty Store,Specialty Store,Personal Weapons,,C
193330277,174293973,2023-05-28,Plano,TX0430600,13B,W,W,N,F,23,R,Y,BG,Residence/Home,Home,Personal Weapons,,C
193330278,174293973,2023-05-28,Plano,TX0430600,13B,W,W,N,F,24,N,N,OK,Residence/Home,Home,Personal Weapons,,C
193330279,174293974,2023-05-28,Plano,TX0430600,13B,H,W,H,M,58,R,N,ST,Residence/Home,Home,Personal Weapons,Minor Injury,C
193330293,174293983,2023-05-28,Plano,TX0430600,13B,W,W,N,M,56,R,N,ST,Parking/Drop Lot/Garage,Parking Lot,Personal Weapons,,C
194406185,175241987,2023-05-28,Plano,TX0430600,13B,H,W,H,M,51,N,N,OK,Drug Store/Doctor's Office/Hospital,Hospital & Clinic,Personal Weapons,Minor Injury,C
194406186,175241987,2023-05-28,Plano,TX0430600,13B,B,B,U,M,27,N,N,ST,Drug Store/Doctor's Office/Hospital,Hospital & Clinic,Personal Weapons,Minor Injury,C
196199239,176800929,2023-05-28,Plano,TX0430600,13B,H,W,H,F,29,R,N,OK,Residence/Home,Home,Personal Weapons,Minor Injury,C
193330328,174294015,2023-05-30,Plano,TX0430600,13B,W,W,N,M,27,U,N,ST,Jail/Prison/Penitentiary/Corrections Facility,Jail & Prison,Personal Weapons,,C
193330334,174294020,2023-05-30,Plano,TX0430600,13B,U,U,U,F,25,N,Y,SE,Residence/Home,Home,Personal Weapons,Minor Injury,C
194406210,175242008,2023-05-30,Plano,TX0430600,13B,A,A,N,F,48,R,N,PA,Residence/Home,Home,Personal Weapons,Minor Injury,C
194406204,175242003,2023-05-31,Plano,TX0430600,13B,W,W,N,F,33,R,Y,SE,Residence/Home,Home,Personal Weapons,Minor Injury,C
193330380,174294064,2023-06-01,Plano,TX0430600,13B,W,W,N,F,38,R,Y,BG,Highway/Road/Alley/Street/Sidewalk,Street & Sidewalk,Personal Weapons,Minor Injury,C
196198898,176800661,2023-06-01,Plano,TX0430600,13B,A,A,N,F,27,R,Y,BG,Residence/Home,Home,Personal Weapons,Minor Injury,C
197978871,178353039,2023-06-01,Plano,TX0430600,13B,W,W,N,F,21,N,Y,XR,Residence/Home,Home,Personal Weapons,Minor Injury,C
200854608,180892129,2023-06-01,Plano,TX0430600,13B,B,B,N,M,13,R,N,SC,Residence/Home,Home,Personal Weapons,Minor Injury,C
200854629,180892146,2023-06-01,Plano,TX0430600,13B,W,W,N,M,35,R,N,AQ,Residence/Home,Home,Personal Weapons,Minor Injury,C
193330449,174294121,2023-06-02,Plano,TX0430600,13B,B,B,N,M,58,R,N,OF,Residence/Home,Home,Personal Weapons,Minor Injury,C
193330454,174294126,2023-06-02,Plano,TX0430600,13B,B,B,N,F,34,R,Y,BG,Residence/Home,Home,Personal Weapons,Minor Injury,C
193330465,174294134,2023-06-03,Plano,TX0430600,13B,B,B,N,F,29,R,Y,XR,Residence/Home,Home,Personal Weapons,Minor Injury,C
193330477,174294143,2023-06-03,Plano,TX0430600,13B,B,B,N,F,28,R,Y,BG,Residence/Home,Home,Personal Weapons,Minor Injury,C
194406236,175242027,2023-06-03,Plano,TX0430600,13B,W,W,N,F,40,N,N,AQ,Residence/Home,Home,Personal Weapons,Minor Injury,C
194406237,175242027,2023-06-03,Plano,TX0430600,13B,W,W,N,M,16,R,N,CH,Residence/Home,Home,Personal Weapons,Minor Injury,C
194406241,175242031,2023-06-03,Plano,TX0430600,13B,H,W,H,M,42,N,N,EE,Commercial/Office Building,Office Building,Personal Weapons,Minor Injury,C
196198907,176800668,2023-06-03,Plano,TX0430600,13B,B,B,N,M,19,R,N,CH,Residence/Home,Home,Personal Weapons,Minor Injury,C
196198908,176800668,2023-06-03,Plano,TX0430600,13B,W,W,N,F,43,R,Y,BG,Residence/Home,Home,Personal Weapons,Minor Injury,C
200854619,180892138,2023-06-03,Plano,TX0430600,13B,W,W,N,M,74,R,N,ST,Grocery/Supermarket,Grocery Store,Personal Weapons,Minor Injury,C
200854626,180892143,2023-06-03,Plano,TX0430600,13B,A,A,N,F,50,N,N,AQ,Commercial/Office Building,Office Building,Personal Weapons,,C
193330498,174294164,2023-06-04,Plano,TX0430600,13B,W,W,N,M,39,N,N,ST,Parking/Drop Lot/Garage,Parking Lot,Personal Weapons,,C
193330510,174294174,2023-06-04,Plano,TX0430600,13B,W,W,N,F,44,N,N,CH,Residence/Home,Home,Personal Weapons,Minor Injury,C
193330512,174294176,2023-06-04,Plano,TX0430600,13B,W,W,N,M,28,N,Y,BG,Drug Store/Doctor's Office/Hospital,Hospital & Clinic,Personal Weapons,Minor Injury,C
193330544,174294204,2023-06-04,Plano,TX0430600,13B,W,W,N,F,31,R,N,ST,Residence/Home,Home,Personal Weapons,,C
196198920,176800677,2023-06-04,Plano,TX0430600,13B,W,W,N,F,36,R,Y,XR,Residence/Home,Home,Personal Weapons,Minor Injury,C
193330529,174294191,2023-06-05,Plano,TX0430600,13B,W,W,N,F,40,N,Y,SE,Parking/Drop Lot/Garage,Parking Lot,Personal Weapons,,C
196198928,176800684,2023-06-05,Plano,TX0430600,13B,H,W,H,M,36,R,N,AQ,Parking/Drop Lot/Garage,Parking Lot,Personal Weapons,,C
204380283,183968458,2023-06-05,Plano,TX0430600,13B,W,W,N,F,42,R,N,CH,Residence/Home,Home,Personal Weapons,,C
193330591,174294250,2023-06-06,Plano,TX0430600,13B,B,B,N,F,25,R,Y,BG,Residence/Home,Home,Personal Weapons,,C
193330621,174294280,2023-06-07,Plano,TX0430600,13B,W,W,N,F,39,R,N,PA,Residence/Home,Home,Personal Weapons,,C
197978248,178352518,2023-06-07,Plano,TX0430600,13B,W,W,N,F,38,R,N,PA,Residence/Home,Home,Personal Weapons,Minor Injury,C
194406283,175242072,2023-06-08,Plano,TX0430600,13B,H,W,H,M,47,R,N,ST,Parking/Drop Lot/Garage,Parking Lot,Personal Weapons,,C
194406284,175242073,2023-06-09,Plano,TX0430600,13B,H,W,H,F,23,R,Y,BG,Residence/Home,Home,Personal Weapons,Minor Injury,C
196198956,176800711,2023-06-09,Plano,TX0430600,13B,H,W,H,F,41,R,Y,BG,Residence/Home,Home,Personal Weapons,Minor Injury,C
200854636,180892153,2023-06-09,Plano,TX0430600,13B,B,B,N,M,14,R,N,ST,Amusement Park,Amusement Park,Personal Weapons,Minor Injury,C
193330696,174294350,2023-06-10,Plano,TX0430600,13B,H,W,H,F,28,R,Y,BG,Residence/Home,Home,Personal Weapons,Minor Injury,C
193330699,174294353,2023-06-10,Plano,TX0430600,13B,B,B,N,F,30,N,Y,XR,Residence/Home,Home,Personal Weapons,,C
194406299,175242087,2023-06-10,Plano,TX0430600,13B,W,W,N,M,71,R,N,OK;VO,Residence/Home,Home,Personal Weapons,,C
194406300,175242087,2023-06-10,Plano,TX0430600,13B,W,W,N,F,65,R,N,OK;VO,Residence/Home,Home,Personal Weapons,,C
196198957,176800712,2023-06-10,Plano,TX0430600,13B,B,B,N,F,46,R,Y,SE,Residence/Home,Home,Personal Weapons,Minor Injury,C
196198958,176800713,2023-06-10,Plano,TX0430600,13B,W,W,N,M,67,N,Y,BG,Residence/Home,Home,Personal Weapons,,C
193330710,174294363,2023-06-11,Plano,TX0430600,13B,W,W,N,F,77,R,N,ST,Residence/Home,Home,Personal Weapons,,C
206738587,186024738,2023-06-11,Plano,TX0430600,13B,W,W,N,F,26,R,N,AQ,Residence/Home,Home,Personal Weapons,,C
193330733,174294384,2023-06-12,Plano,TX0430600,13B,W,W,N,F,25,R,Y,CS,Hotel/Motel/Etc.,Hotel & Motel,Personal Weapons,,C
196198963,176800717,2023-06-12,Plano,TX0430600,13B,W,W,N,F,70,N,N,PA,Parking/Drop Lot/Garage,Parking Lot,Personal Weapons,Minor Injury,C
193330789,174294421,2023-06-13,Plano,TX0430600,13B,W,W,N,F,43,N,Y,BG,Department/Discount Store,Department Store,Personal Weapons,Minor Injury,C
193330806,174294438,2023-06-13,Plano,TX0430600,13B,W,W,N,F,48,R,N,ST,Hotel/Motel/Etc.,Hotel & Motel,Personal Weapons,Minor Injury,C
194406335,175242115,2023-06-13,Plano,TX0430600,13B,W,W,N,M,44,N,N,ST,Highway/Road/Alley/Street/Sidewalk,Street & Sidewalk,Personal Weapons,Minor Injury,C
196198970,176800721,2023-06-13,Plano,TX0430600,13B,B,B,N,F,20,N,Y,BG,Residence/Home,Home,Personal Weapons,Minor Injury,C
206738589,186024740,2023-06-13,Plano,TX0430600,13B,W,W,N,F,24,R,Y,XR,Residence/Home,Home,Personal Weapons,Minor Injury,C
193330822,174294454,2023-06-14,Plano,TX0430600,13B,W,W,N,F,33,R,Y,BG,Residence/Home,Home,Personal Weapons,Minor Injury,C
194406340,175242120,2023-06-14,Plano,TX0430600,13B,B,B,N,F,45,N,Y,BG,Hotel/Motel/Etc.,Hotel & Motel,Personal Weapons,Minor Injury,C
196198981,176800729,2023-06-14,Plano,TX0430600,13B,B,B,N,M,20,R,N,OK,Residence/Home,Home,Personal Weapons,Minor Injury,C
193330837,174294468,2023-06-15,Plano,TX0430600,13B,W,W,N,F,37,R,Y,BG,Residence/Home,Home,Personal Weapons,,C
193330900,174294517,2023-06-15,Plano,TX0430600,13B,A,A,N,M,29,R,Y,BG;VO,Residence/Home,Home,Personal Weapons,Minor Injury,C
193330901,174294517,2023-06-15,Plano,TX0430600,13B,A,A,N,F,29,R,Y,BG;VO,Residence/Home,Home,Personal Weapons,Minor Injury,C
194406347,175242127,2023-06-15,Plano,TX0430600,13B,B,B,N,F,20,N,N,AQ,Parking/Drop Lot/Garage,Parking Lot,Personal Weapons,Minor Injury,C
196198983,176800731,2023-06-15,Plano,TX0430600,13B,W,W,N,M,76,R,N,PA,Residence/Home,Home,Personal Weapons,Minor Injury,C
197978266,178352534,2023-06-15,Plano,TX0430600,13B,B,B,N,M,47,R,N,ST,Restaurant,Restaurant,Personal Weapons,,C
194406370,175242142,2023-06-16,Plano,TX0430600,13B,H,W,H,M,13,N,N,ST,Park/Playground,Park & Playground,Personal Weapons,Minor Injury,C
193330903,174294519,2023-06-17,Plano,TX0430600,13B,B,B,N,F,35,R,N,SB,Residence/Home,Home,Personal Weapons,Minor Injury,C
193330910,174294526,2023-06-17,Plano,TX0430600,13B,H,W,H,F,25,N,N,OK,Hotel/Motel/Etc.,Hotel & Motel,Personal Weapons,,C
193330918,174294534,2023-06-17,Plano,TX0430600,13B,B,B,N,F,26,N,N,OK,Residence/Home,Home,Personal Weapons,,C
193331036,174294637,2023-06-17,Plano,TX0430600,13B,W,W,N,M,70,R,N,ST,Bank/Savings and Loan,Bank,Personal Weapons,Minor Injury,C
194406377,175242149,2023-06-17,Plano,TX0430600,13B,A,A,N,F,40,R,Y,SE,Residence/Home,Home,Personal Weapons,,C
194406389,175242160,2023-06-17,Plano,TX0430600,13B,W,W,N,M,22,N,N,OK,Drug Store/Doctor's Office/Hospital,Hospital & Clinic,Personal Weapons,,C
196198997,176800744,2023-06-17,Plano,TX0430600,13B,B,B,N,F,23,R,N,ST,Residence/Home,Home,Personal Weapons,Minor Injury,C
197978267,178352535,2023-06-17,Plano,TX0430600,13B,H,W,H,F,28,R,Y,BG,Residence/Home,Home,Personal Weapons,Minor Injury,C
197978268,178352535,2023-06-17,Plano,TX0430600,13B,H,W,H,F,60,N,N,IL,Residence/Home,Home,Personal Weapons,,C
196199014,176800757,2023-06-18,Plano,TX0430600,13B,W,W,N,F,32,R,Y,SE,Bar/Nightclub,Bar & Nightclub,Personal Weapons,Minor Injury,C
197978275,178352542,2023-06-18,Plano,TX0430600,13B,W,W,N,F,20,N,Y,BG,Parking/Drop Lot/Garage,Parking Lot,Personal Weapons,Minor Injury,C
194406398,175242169,2023-06-19,Plano,TX0430600,13B,W,W,N,F,41,N,Y,SE,Hotel/Motel/Etc.,Hotel & Motel,Personal Weapons,Minor Injury,C
193330996,174294603,2023-06-20,Plano,TX0430600,13B,B,B,N,F,37,R,N,PA,Residence/Home,Home,Personal Weapons,,C
196199019,176800762,2023-06-20,Plano,TX0430600,13B,B,B,N,M,27,R,N,FR,Residence/Home,Home,Personal Weapons,Minor Injury,C
196199024,176800767,2023-06-20,Plano,TX0430600,13B,B,B,N,F,31,R,Y,BG,Residence/Home,Home,Personal Weapons,Minor Injury,C
193331027,174294629,2023-06-21,Plano,TX0430600,13B,W,W,N,M,52,R,N,PA,Residence/Home,Home,Personal Weapons,,C
193331033,174294634,2023-06-21,Plano,TX0430600,13B,A,A,N,M,63,R,N,OK,Residence/Home,Home,Personal Weapons,,C
194406974,175242638,2023-06-21,Plano,TX0430600,13B,B,B,N,F,28,R,Y,SE,Residence/Home,Home,Personal Weapons,,C
193331038,174294639,2023-06-22,Plano,TX0430600,13B,W,W,N,F,73,R,N,OK,Residence/Home,Home,Personal Weapons,Minor Injury,C
196199040,176800778,2023-06-22,Plano,TX0430600,13B,H,W,H,F,20,N,Y,XR,Residence/Home,Home,Personal Weapons,Minor Injury,C
193331076,174294671,2023-06-23,Plano,TX0430600,13B,B,B,N,M,40,N,N,ST,Drug Store/Doctor's Office/Hospital,Hospital & Clinic,Personal Weapons,Minor Injury,C
193331077,174294671,2023-06-23,Plano,TX0430600,13B,B,B,N,M,49,R,N,ST,Drug Store/Doctor's Office/Hospital,Hospital & Clinic,Personal Weapons,Minor Injury,C
196199057,176800791,2023-06-23,Plano,TX0430600,13B,A,A,N,F,16,R,N,SB,Residence/Home,Home,Personal Weapons,Minor Injury,C
197978286,178352552,2023-06-23,Plano,TX0430600,13B,H,W,H,M,17,R,N,AQ,Service/Gas Station,Gas Station,Personal Weapons,Minor Injury,C
200854676,180892187,2023-06-23,Plano,TX0430600,13B,W,W,N,F,62,N,N,ST,Department/Discount Store,Department Store,Personal Weapons,Minor Injury,C
200854679,180892190,2023-06-23,Plano,TX0430600,13B,W,W,N,F,38,R,N,AQ,Residence/Home,Home,Personal Weapons,Minor Injury,C
193331124,174294713,2023-06-24,Plano,TX0430600,13B,W,W,N,F,41,N,N,OK,Hotel/Motel/Etc.,Hotel & Motel,Personal Weapons,Minor Injury,C
196199058,176800792,2023-06-24,Plano,TX0430600,13B,H,W,H,F,28,R,Y,SE,Residence/Home,Home,Personal Weapons,Minor Injury,C
197978293,178352558,2023-06-24,Plano,TX0430600,13B,A,A,N,F,59,R,Y,SE,Residence/Home,Home,Personal Weapons,Minor Injury,C
208487669,187549896,2023-06-24,Plano,TX0430600,13B,W,W,N,F,25,R,Y,BG,Residence/Home,Home,Personal Weapons,,C
194406492,175242255,2023-06-25,Plano,TX0430600,13B,B,B,N,M,31,N,N,ST,Parking/Drop Lot/Garage,Parking Lot,Personal Weapons,,C
194406493,175242256,2023-06-25,Plano,TX0430600,13B,H,W,H,M,21,R,N,,Residence/Home,Home,Personal Weapons,Minor Injury,C
196199062,176800796,2023-06-25,Plano,TX0430600,13B,W,W,N,F,21,R,Y,XR,Hotel/Motel/Etc.,Hotel & Motel,Personal Weapons,Minor Injury,C
197978298,178352563,2023-06-25,Plano,TX0430600,13B,W,W,N,M,26,R,N,FR,Residence/Home,Home,Personal Weapons,Minor Injury,C
197978299,178352564,2023-06-25,Plano,TX0430600,13B,W,W,N,F,25,R,N,ST,Park/Playground,Park & Playground,Personal Weapons,,C
193331155,174294744,2023-06-26,Plano,TX0430600,13B,B,B,N,M,30,N,N,FR;VO,Highway/Road/Alley/Street/Sidewalk,Street & Sidewalk,Personal Weapons,,C
193331156,174294744,2023-06-26,Plano,TX0430600,13B,B,B,N,F,35,N,N,FR;VO,Highway/Road/Alley/Street/Sidewalk,Street & Sidewalk,Personal Weapons,,C
208487673,187549900,2023-06-26,Plano,TX0430600,13B,B,B,N,M,30,R,Y,BG,Residence/Home,Home,Personal Weapons,Minor Injury,C
193331186,174294769,2023-06-27,Plano,TX0430600,13B,W,W,N,M,60,R,N,PA;VO,Residence/Home,Home,Personal Weapons,,C
193331187,174294769,2023-06-27,Plano,TX0430600,13B,W,W,N,F,20,R,N,CH;VO,Residence/Home,Home,Personal Weapons,Minor Injury,C
194406527,175242286,2023-06-27,Plano,TX0430600,13B,W,W,N,F,45,R,Y,SE,Residence/Home,Home,Personal Weapons,Minor Injury,C
196199072,176800806,2023-06-27,Plano,TX0430600,13B,A,A,N,F,47,R,Y,SE,Residence/Home,Home,Personal Weapons,Minor Injury,C
208487674,187549901,2023-06-27,Plano,TX0430600,13B,A,A,N,M,65,N,N,ST,Convenience Store,Convenience Store,Personal Weapons,,C
194406575,175242324,2023-06-28,Plano,TX0430600,13B,H,W,H,F,31,R,N,ST,Highway/Road/Alley/Street/Sidewalk,Street & Sidewalk,Personal Weapons,,C
194406581,175242329,2023-06-28,Plano,TX0430600,13B,W,W,N,M,34,R,N,ST,Parking/Drop Lot/Garage,Parking Lot,Personal Weapons,Minor Injury,C
196199074,176800808,2023-06-28,Plano,TX0430600,13B,W,W,N,F,55,R,Y,SE,Residence/Home,Home,Personal Weapons,Minor Injury,C
197978379,178352623,2023-06-28,Plano,TX0430600,13B,H,W,H,F,29,R,Y,BG,Residence/Home,Home,Personal Weapons,Minor Injury,C
194406582,175242330,2023-06-29,Plano,TX0430600,13B,B,B,N,F,28,R,Y,BG,Hotel/Motel/Etc.,Hotel & Motel,Personal Weapons,Minor Injury,C
194406589,175242337,2023-06-29,Plano,TX0430600,13B,B,B,N,F,44,R,Y,BG,Residence/Home,Home,Personal Weapons,,C
196199092,176800826,2023-06-29,Plano,TX0430600,13B,H,W,H,F,23,N,N,AQ,Commercial/Office Building,Office Building,Personal Weapons,Minor Injury,C
197978321,178352583,2023-06-29,Plano,TX0430600,13B,W,W,N,F,66,N,N,PA,Highway/Road/Alley/Street/Sidewalk,Street & Sidewalk,Personal Weapons,Minor Injury,C
200855054,180892496,2023-06-29,Plano,TX0430600,13B,B,B,N,F,67,N,N,OK,Drug Store/Doctor's Office/Hospital,Hospital & Clinic,Personal Weapons,,C
193331285,174294854,2023-06-30,Plano,TX0430600,13B,W,W,N,F,49,R,Y,BG,Residence/Home,Home,Personal Weapons,,C
193331301,174294865,2023-06-30,Plano,TX0430600,13B,B,B,N,M,33,N,N,OK,Department/Discount Store,Department Store,Personal Weapons,,C
194406626,175242360,2023-06-30,Plano,TX0430600,13B,B,B,N,F,27,R,Y,SE,Residence/Home,Home,Personal Weapons,,C
194406862,175242546,2023-06-30,Plano,TX0430600,13B,H,W,H,F,22,R,N,OF,Parking/Drop Lot/Garage,Parking Lot,Personal Weapons,,C
194406955,175242620,2023-06-30,Plano,TX0430600,13B,H,W,H,F,37,R,Y,CS;VO,Residence/Home,Home,Personal Weapons,Minor Injury,C
194406956,175242620,2023-06-30,Plano,TX0430600,13B,H,W,H,M,38,R,Y,CS;VO,Residence/Home,Home,Personal Weapons,Minor Injury,C
196199104,176800835,2023-06-30,Plano,TX0430600,13B,W,W,N,F,42,R,Y,SE,Residence/Home,Home,Personal Weapons,Minor Injury,C
194406649,175242378,2023-07-01,Plano,TX0430600,13B,W,W,N,M,77,R,N,NE,Residence/Home,Home,Personal Weapons,,C
194406656,175242383,2023-07-01,Plano,TX0430600,13B,W,W,N,M,56,R,N,SB,Residence/Home,Home,Personal Weapons,,C
194406660,175242387,2023-07-01,Plano,TX0430600,13B,B,B,N,F,72,R,N,PA,Residence/Home,Home,Personal Weapons,Minor Injury,C
194406662,175242389,2023-07-01,Plano,TX0430600,13B,A,A,N,F,24,R,Y,BG,Residence/Home,Home,Personal Weapons,,C
194406676,175242402,2023-07-01,Plano,TX0430600,13B,A,A,N,F,40,R,Y,SE,Residence/Home,Home,Personal Weapons,,C
197978335,178352591,2023-07-01,Plano,TX0430600,13B,A,A,N,F,26,R,N,OK,Residence/Home,Home,Personal Weapons,,C
197978907,178353070,2023-07-01,Plano,TX0430600,13B,B,B,N,F,42,N,N,EE,Specialty Store,Specialty Store,Personal Weapons,Minor Injury,C
194406672,175242398,2023-07-02,Plano,TX0430600,13B,A,A,N,M,29,R,N,OK,Residence/Home,Home,Personal Weapons,,C
197978358,178352608,2023-07-02,Plano,TX0430600,13B,W,W,N,M,24,R,N,OK,Residence/Home,Home,Personal Weapons,Minor Injury,C
200854717,180892219,2023-07-02,Plano,TX0430600,13B,H,W,H,M,25,R,N,ST,Specialty Store,Specialty Store,Personal Weapons,Minor Injury,C
194406734,175242447,2023-07-03,Plano,TX0430600,13B,H,W,H,F,50,N,N,ST,Highway/Road/Alley/Street/Sidewalk,Street & Sidewalk,Personal Weapons,Minor Injury,C
194406756,175242456,2023-07-03,Plano,TX0430600,13B,H,W,H,M,50,R,N,PA,Residence/Home,Home,Personal Weapons,,C
194406761,175242461,2023-07-03,Plano,TX0430600,13B,W,W,N,F,24,R,Y,XR,Residence/Home,Home,Personal Weapons,,C
196199137,176800858,2023-07-03,Plano,TX0430600,13B,W,W,N,F,34,N,N,OK,Drug Store/Doctor's Office/Hospital,Hospital & Clinic,Personal Weapons,,C
197978527,178352751,2023-07-03,Plano,TX0430600,13B,W,W,N,F,32,R,Y,BG,Residence/Home,Home,Personal Weapons,Minor Injury,C
197979622,178353677,2023-07-04,Plano,TX0430600,13B,I,I,N,F,72,R,N,OK,Residence/Home,Home,Personal Weapons,,C
197978387,178352631,2023-07-05,Plano,TX0430600,13B,W,W,N,M,65,R,N,PA,Residence/Home,Home,Personal Weapons,Minor Injury,C
204378695,183967093,2023-07-05,Plano,TX0430600,13B,A,A,N,M,27,R,N,ST,Restaurant,Restaurant,Personal Weapons,Minor Injury,C
194406861,175242545,2023-07-06,Plano,TX0430600,13B,B,B,N,F,31,R,Y,XS,Residence/Home,Home,Personal Weapons,Minor Injury,C
196199189,176800887,2023-07-06,Plano,TX0430600,13B,H,W,H,M,27,R,N,NE,Highway/Road/Alley/Street/Sidewalk,Street & Sidewalk,Personal Weapons,Minor Injury,C
197978407,178352647,2023-07-06,Plano,TX0430600,13B,H,W,H,F,35,R,Y,SE,Residence/Home,Home,Personal Weapons,Minor Injury,C
204378697,183967095,2023-07-06,Plano,TX0430600,13B,W,W,N,M,27,N,N,ER,Restaurant,Restaurant,Personal Weapons,Minor Injury,C
194406906,175242584,2023-07-07,Plano,TX0430600,13B,H,W,H,F,33,N,Y,XR,Parking/Drop Lot/Garage,Parking Lot,Personal Weapons,Minor Injury,C
196199207,176800902,2023-07-07,Plano,TX0430600,13B,B,B,N,F,27,R,Y,BG,Residence/Home,Home,Personal Weapons,Minor Injury,C
194406946,175242613,2023-07-09,Plano,TX0430600,13B,B,B,N,F,28,R,Y,BG,Residence/Home,Home,Personal Weapons,Minor Injury,C
196199228,176800919,2023-07-09,Plano,TX0430600,13B,H,W,H,F,47,R,Y,SE,Residence/Home,Home,Personal Weapons,Minor Injury,C
197978426,178352658,2023-07-09,Plano,TX0430600,13B,B,B,N,F,35,R,Y,BG,Highway/Road/Alley/Street/Sidewalk,Street & Sidewalk,Personal Weapons,Minor Injury,C
194406978,175242642,2023-07-10,Plano,TX0430600,13B,W,W,N,F,20,R,N,ST,Drug Store/Doctor's Office/Hospital,Hospital & Clinic,Personal Weapons,,C
194407003,175242665,2023-07-10,Plano,TX0430600,13B,W,W,N,F,25,R,Y,XR,Residence/Home,Home,Personal Weapons,,C
194407028,175242689,2023-07-10,Plano,TX0430600,13B,H,W,H,F,85,R,N,NE,Residence/Home,Home,Personal Weapons,,C
196199233,176800924,2023-07-10,Plano,TX0430600,13B,W,W,N,F,24,N,Y,BG,Highway/Road/Alley/Street/Sidewalk,Street & Sidewalk,Personal Weapons,Minor Injury,C
196199332,176801005,2023-07-10,Plano,TX0430600,13B,W,W,N,M,24,R,N,AQ,Restaurant,Restaurant,Personal Weapons,,C
194430772,175263787,2023-07-11,Plano,TX0430600,13B,W,W,N,M,42,N,N,AQ,Restaurant,Restaurant,Personal Weapons,,C
194407072,175242730,2023-07-12,Plano,TX0430600,13B,A,A,N,F,36,R,Y,SE,Residence/Home,Home,Personal Weapons,Minor Injury,C
194407087,175242745,2023-07-12,Plano,TX0430600,13B,B,B,N,F,25,R,Y,XR,Residence/Home,Home,Personal Weapons,,C
197978443,178352674,2023-07-12,Plano,TX0430600,13B,W,W,N,F,38,R,Y,BG,Residence/Home,Home,Personal Weapons,Minor Injury,C
197978451,178352682,2023-07-12,Plano,TX0430600,13B,W,W,N,F,33,R,Y,XR,Residence/Home,Home,Personal Weapons,,C
194407100,175242756,2023-07-13,Plano,TX0430600,13B,W,W,N,M,22,R,N,ST,Parking/Drop Lot/Garage,Parking Lot,Personal Weapons,,C
194407101,175242757,2023-07-13,Plano,TX0430600,13B,B,B,N,F,12,N,N,GC,Hotel/Motel/Etc.,Hotel & Motel,Personal Weapons,,C
194407131,175242780,2023-07-13,Plano,TX0430600,13B,H,W,H,F,26,R,Y,VO;XR,Residence/Home,Home,Personal Weapons,,C
194407132,175242780,2023-07-13,Plano,TX0430600,13B,H,W,H,M,27,R,Y,VO;XR,Residence/Home,Home,Personal Weapons,Minor Injury,C
196199289,176800970,2023-07-13,Plano,TX0430600,13B,B,B,N,F,39,R,Y,SE,Residence/Home,Home,Personal Weapons,,C
200854796,180892278,2023-07-13,Plano,TX0430600,13B,W,W,N,F,39,R,Y,SE,Residence/Home,Home,Personal Weapons,,C
194407107,175242763,2023-07-14,Plano,TX0430600,13B,B,B,N,F,25,,Y,BG,Parking/Drop Lot/Garage,Parking Lot,Personal Weapons,Minor Injury,C
194407149,175242794,2023-07-14,Plano,TX0430600,13B,B,B,N,M,31,R,Y,XR,Residence/Home,Home,Personal Weapons,Minor Injury,C
194407150,175242794,2023-07-14,Plano,TX0430600,13B,B,B,N,M,0,R,N,CH,Residence/Home,Home,Personal Weapons,,C
196199322,176800998,2023-07-14,Plano,TX0430600,13B,W,W,N,M,71,N,Y,XR,Parking/Drop Lot/Garage,Parking Lot,Personal Weapons,Minor Injury,C
200854804,180892283,2023-07-14,Plano,TX0430600,13B,W,W,N,M,50,N,Y,BG,Residence/Home,Home,Personal Weapons,Minor Injury,C
202165509,182038957,2023-07-14,Plano,TX0430600,13B,H,W,H,F,45,R,Y,BG,Residence/Home,Home,Personal Weapons,Minor Injury,C
194407161,175242803,2023-07-15,Plano,TX0430600,13B,B,B,N,M,42,N,N,RU,Residence/Home,Home,Personal Weapons,,C
194407174,175242814,2023-07-15,Plano,TX0430600,13B,B,B,N,F,47,R,N,OF,Residence/Home,Home,Personal Weapons,,C
196199327,176801002,2023-07-15,Plano,TX0430600,13B,B,B,N,F,34,R,Y,XR,Residence/Home,Home,Personal Weapons,Minor Injury,C
196199328,176801002,2023-07-15,Plano,TX0430600,13B,B,B,N,M,13,R,N,AQ,Residence/Home,Home,Personal Weapons,,C
196199335,176801008,2023-07-15,Plano,TX0430600,13B,W,W,N,F,31,N,Y,BG,Residence/Home,Home,Personal Weapons,Minor Injury,C
197978464,178352694,2023-07-15,Plano,TX0430600,13B,H,W,H,F,36,R,Y,BG,Residence/Home,Home,Personal Weapons,Minor Injury,C
197978468,178352698,2023-07-16,Plano,TX0430600,13B,W,W,N,F,70,N,Y,BG,Restaurant,Restaurant,Personal Weapons,Minor Injury,C
194407218,175242848,2023-07-17,Plano,TX0430600,13B,H,W,H,F,58,N,N,OK,Church/Synagogue/Temple/Mosque,Religious Building,Personal Weapons,,C
194407225,175242855,2023-07-17,Plano,TX0430600,13B,B,B,N,M,38,N,N,ST,Hotel/Motel/Etc.,Hotel & Motel,Personal Weapons,Minor Injury,C
194407230,175242858,2023-07-17,Plano,TX0430600,13B,A,A,N,M,28,R,N,CH,Residence/Home,Home,Personal Weapons,,C
196199349,176801018,2023-07-17,Plano,TX0430600,13B,W,W,N,F,35,N,N,OK,Residence/Home,Home,Personal Weapons,Minor Injury,C
196199363,176801029,2023-07-17,Plano,TX0430600,13B,W,W,N,M,65,R,N,SP,Residence/Home,Home,Personal Weapons,,C
196199364,176801029,2023-07-17,Plano,TX0430600,13B,W,W,N,M,68,R,N,OF,Residence/Home,Home,Personal Weapons,Minor Injury,C
194407233,175242860,2023-07-18,Plano,TX0430600,13B,W,W,N,F,16,N,N,ST,Residence/Home,Home,Personal Weapons,,C
197978497,178352724,2023-07-18,Plano,TX0430600,13B,H,W,H,F,42,R,N,PA,Residence/Home,Home,Personal Weapons,Minor Injury,C
202165516,182038963,2023-07-18,Plano,TX0430600,13B,H,W,H,F,21,R,Y,XR,Parking/Drop Lot/Garage,Parking Lot,Personal Weapons,Minor Injury,C
206738612,186024760,2023-07-18,Plano,TX0430600,13B,W,W,N,F,29,N,N,OK,Other/Unknown,Other & Unknown,Personal Weapons,Minor Injury,C
194430775,175263790,2023-07-19,Plano,TX0430600,13B,H,W,H,F,24,R,Y,XR,Residence/Home,Home,Personal Weapons,Minor Injury,C
196199401,176801059,2023-07-19,Plano,TX0430600,13B,H,W,H,M,22,,N,OK,Residence/Home,Home,Personal Weapons,Minor Injury,C
196199415,176801072,2023-07-20,Plano,TX0430600,13B,B,B,N,M,55,N,N,AQ,Commercial/Office Building,Office Building,Personal Weapons,Minor Injury,C
197978529,178352753,2023-07-20,Plano,TX0430600,13B,H,W,H,F,28,R,Y,SE,Residence/Home,Home,Personal Weapons,,C
194430819,175263833,2023-07-21,Plano,TX0430600,13B,H,W,H,F,31,R,Y,SE,Parking/Drop Lot/Garage,Parking Lot,Personal Weapons,,C
197978532,178352755,2023-07-21,Plano,TX0430600,13B,B,B,N,F,18,R,Y,BG,Hotel/Motel/Etc.,Hotel & Motel,Personal Weapons,Minor Injury,C
208487712,187549929,2023-07-21,Plano,TX0430600,13B,B,B,N,F,18,R,N,CH,Residence/Home,Home,Personal Weapons,,C
196199448,176801101,2023-07-22,Plano,TX0430600,13B,B,B,N,F,29,R,Y,BG,Residence/Home,Home,Personal Weapons,Minor Injury,C
197978533,178352756,2023-07-22,Plano,TX0430600,13B,H,W,H,M,27,N,Y,SE,Hotel/Motel/Etc.,Hotel & Motel,Personal Weapons,Minor Injury,C
197978543,178352764,2023-07-22,Plano,TX0430600,13B,W,W,N,F,59,R,N,PA,Residence/Home,Home,Personal Weapons,Minor Injury,C
200854848,180892319,2023-07-22,Plano,TX0430600,13B,W,W,N,M,69,R,N,OK,Residence/Home,Home,Personal Weapons,Minor Injury,C
200855108,180892542,2023-07-22,Plano,TX0430600,13B,H,W,H,F,41,R,Y,SE,Residence/Home,Home,Personal Weapons,,C
194430870,175263872,2023-07-23,Plano,TX0430600,13B,A,A,N,F,24,R,Y,BG,Residence/Home,Home,Personal Weapons,Minor Injury,C
196199465,176801112,2023-07-23,Plano,TX0430600,13B,B,B,N,F,26,N,N,ST,Department/Discount Store,Department Store,Personal Weapons,Minor Injury,C
200854851,180892322,2023-07-23,Plano,TX0430600,13B,W,W,N,M,44,R,N,ST,Drug Store/Doctor's Office/Hospital,Hospital & Clinic,Personal Weapons,,C
200854862,180892331,2023-07-23,Plano,TX0430600,13B,A,A,N,F,27,R,Y,SE,Residence/Home,Home,Personal Weapons,,C
194430912,175263910,2023-07-24,Plano,TX0430600,13B,B,B,N,M,25,R,Y,BG,Residence/Home,Home,Personal Weapons,Minor Injury,C
196199491,176801136,2023-07-24,Plano,TX0430600,13B,B,B,N,M,21,N,Y,XR,Restaurant,Restaurant,Personal Weapons,Minor Injury,C
197978578,178352794,2023-07-24,Plano,TX0430600,13B,H,W,H,F,28,R,Y,BG,Residence/Home,Home,Personal Weapons,Minor Injury,C
194430927,175263923,2023-07-25,Plano,TX0430600,13B,W,W,N,M,48,R,N,PA,Residence/Home,Home,Personal Weapons,,C
194430980,175263969,2023-07-25,Plano,TX0430600,13B,A,A,N,F,29,R,N,SB,Residence/Home,Home,Personal Weapons,,C
197978587,178352803,2023-07-25,Plano,TX0430600,13B,H,W,H,F,27,R,Y,SE,Residence/Home,Home,Personal Weapons,Minor Injury,C
196199516,176801159,2023-07-26,Plano,TX0430600,13B,W,W,N,F,31,R,Y,BG,Residence/Home,Home,Personal Weapons,Minor Injury,C
196199538,176801176,2023-07-26,Plano,TX0430600,13B,B,B,N,F,23,R,N,CH,Residence/Home,Home,Personal Weapons,Minor Injury,C
196199539,176801177,2023-07-26,Plano,TX0430600,13B,H,W,H,F,70,R,N,OK,Residence/Home,Home,Personal Weapons,Minor Injury,C
197978590,178352805,2023-07-26,Plano,TX0430600,13B,A,A,N,F,35,R,Y,SE,Residence/Home,Home,Personal Weapons,Minor Injury,C
194431026,175264005,2023-07-27,Plano,TX0430600,13B,W,W,N,M,54,R,N,AQ,Restaurant,Restaurant,Personal Weapons,,C
197978591,178352806,2023-07-27,Plano,TX0430600,13B,B,B,N,F,25,R,Y,BG,Residence/Home,Home,Personal Weapons,Minor Injury,C
206738621,186024767,2023-07-27,Plano,TX0430600,13B,A,A,N,F,23,R,N,CH,Residence/Home,Home,Personal Weapons,Minor Injury,C
194431071,175264043,2023-07-28,Plano,TX0430600,13B,H,W,H,M,4,N,N,CH;OK,Residence/Home,Home,Personal Weapons,,C
194431072,175264043,2023-07-28,Plano,TX0430600,13B,H,W,H,M,3,N,N,CH;OK,Residence/Home,Home,Personal Weapons,,C
196199559,176801195,2023-07-28,Plano,TX0430600,13B,W,W,N,M,68,N,N,ST,Parking/Drop Lot/Garage,Parking Lot,Personal Weapons,Minor Injury,C
196199570,176801205,2023-07-28,Plano,TX0430600,13B,W,W,N,M,52,N,N,ST,Hotel/Motel/Etc.,Hotel & Motel,Personal Weapons,,C
197978604,178352818,2023-07-28,Plano,TX0430600,13B,W,W,N,M,25,R,N,SB,Residence/Home,Home,Personal Weapons,Minor Injury,C
196200433,176801955,2023-07-29,Plano,TX0430600,13B,H,W,H,M,3,R,N,OK,Residence/Home,Home,Personal Weapons,Minor Injury,C
197978631,178352840,2023-07-29,Plano,TX0430600,13B,W,W,N,F,28,R,Y,BG,Residence/Home,Home,Personal Weapons,Minor Injury,C
197978632,178352841,2023-07-29,Plano,TX0430600,13B,W,W,N,M,44,R,Y,SE,Residence/Home,Home,Personal Weapons,Minor Injury,C
204378723,183967116,2023-07-29,Plano,TX0430600,13B,H,W,H,M,14,R,N,ST,Residence/Home,Home,Personal Weapons,Minor Injury,C
194431138,175264097,2023-07-30,Plano,TX0430600,13B,W,W,N,F,59,R,N,OK,Residence/Home,Home,Personal Weapons,,C
204378724,183967117,2023-07-30,Plano,TX0430600,13B,W,W,U,M,59,R,N,AQ,Residence/Home,Home,Personal Weapons,Minor Injury,C
196199629,176801256,2023-07-31,Plano,TX0430600,13B,B,B,N,F,36,R,N,PA,Residence/Home,Home,Personal Weapons,,C
196199630,176801256,2023-07-31,Plano,TX0430600,13B,B,B,N,F,16,R,N,SB,Residence/Home,Home,Personal Weapons,Minor Injury,C
197978665,178352869,2023-07-31,Plano,TX0430600,13B,W,W,N,F,28,R,N,SB,Residence/Home,Home,Personal Weapons,Minor Injury,C
202165523,182038969,2023-07-31,Plano,TX0430600,13B,B,B,N,F,57,R,N,SB,Residence/Home,Home,Personal Weapons,Minor Injury,C
208487721,187549934,2023-07-31,Plano,TX0430600,13B,W,W,N,M,60,N,N,ST,Specialty Store,Specialty Store,Personal Weapons,Minor Injury,C
196199644,176801270,2023-08-01,Plano,TX0430600,13B,H,W,H,F,16,R,N,ST,Residence/Home,Home,Personal Weapons,,C
196199712,176801324,2023-08-01,Plano,TX0430600,13B,H,W,H,F,20,N,Y,BG,Residence/Home,Home,Personal Weapons,,C
200854908,180892373,2023-08-01,Plano,TX0430600,13B,W,W,N,F,37,N,N,ST,Drug Store/Doctor's Office/Hospital,Hospital & Clinic,Personal Weapons,Minor Injury,C
200854909,180892373,2023-08-01,Plano,TX0430600,13B,B,B,N,F,36,R,N,ST,Drug Store/Doctor's Office/Hospital,Hospital & Clinic,Personal Weapons,Minor Injury,C
200854910,180892373,2023-08-01,Plano,TX0430600,13B,W,W,N,M,34,U,N,ST,Drug Store/Doctor's Office/Hospital,Hospital & Clinic,Personal Weapons,Minor Injury,C
202165862,182039255,2023-08-01,Plano,TX0430600,13B,W,W,N,F,42,R,Y,SE,Residence/Home,Home,Personal Weapons,Minor Injury,C
196199715,176801327,2023-08-02,Plano,TX0430600,13B,B,B,N,M,19,R,N,OF,Residence/Home,Home,Personal Weapons,Minor Injury,C
196199722,176801331,2023-08-02,Plano,TX0430600,13B,W,W,N,M,19,N,N,ST,Residence/Home,Home,Personal Weapons,Minor Injury,C
196199735,176801344,2023-08-02,Plano,TX0430600,13B,W,W,N,M,9,N,N,AQ,Amusement Park,Amusement Park,Personal Weapons,Minor Injury,C
208487724,187549937,2023-08-02,Plano,TX0430600,13B,W,W,N,F,33,N,Y,XR,Highway/Road/Alley/Street/Sidewalk,Street & Sidewalk,Personal Weapons,,C
196199728,176801337,2023-08-03,Plano,TX0430600,13B,B,B,N,F,59,R,Y,XR,Residence/Home,Home,Personal Weapons,Minor Injury,C
196199754,176801360,2023-08-03,Plano,TX0430600,13B,B,B,N,F,31,R,N,CH,Residence/Home,Home,Personal Weapons,Minor Injury,C
197979380,178353472,2023-08-04,Plano,TX0430600,13B,H,W,H,F,34,R,Y,SE,Residence/Home,Home,Personal Weapons,Minor Injury,C
196199818,176801417,2023-08-05,Plano,TX0430600,13B,W,W,N,F,20,R,N,CH,Residence/Home,Home,Personal Weapons,,C
196199854,176801449,2023-08-06,Plano,TX0430600,13B,B,B,N,M,32,R,Y,SE,Hotel/Motel/Etc.,Hotel & Motel,Personal Weapons,,C
196199861,176801453,2023-08-06,Plano,TX0430600,13B,B,B,N,F,25,R,Y,XS,Residence/Home,Home,Personal Weapons,,C
197978758,178352949,2023-08-06,Plano,TX0430600,13B,B,B,N,F,36,R,Y,BG,Residence/Home,Home,Personal Weapons,Minor Injury,C
200854968,180892423,2023-08-06,Plano,TX0430600,13B,H,W,H,F,36,R,Y,BG,Residence/Home,Home,Personal Weapons,Minor Injury,C
200854971,180892426,2023-08-06,Plano,TX0430600,13B,W,W,U,M,47,N,N,ST,Park/Playground,Park & Playground,Personal Weapons,Minor Injury,C
200854972,180892426,2023-08-06,Plano,TX0430600,13B,W,W,U,M,16,N,N,ST,Park/Playground,Park & Playground,Personal Weapons,Minor Injury,C
202165539,182038981,2023-08-06,Plano,TX0430600,13B,W,W,N,F,41,N,Y,BG,Hotel/Motel/Etc.,Hotel & Motel,Personal Weapons,Minor Injury,C
204378730,183967123,2023-08-06,Plano,TX0430600,13B,W,W,N,M,26,R,N,AQ,Parking/Drop Lot/Garage,Parking Lot,Personal Weapons,Minor Injury,C
206738631,186024776,2023-08-06,Plano,TX0430600,13B,H,W,H,F,36,R,Y,SE,Residence/Home,Home,Personal Weapons,Minor Injury,C
206738632,186024776,2023-08-06,Plano,TX0430600,13B,H,W,H,F,11,R,N,CH,Residence/Home,Home,Personal Weapons,,C
206738633,186024776,2023-08-06,Plano,TX0430600,13B,H,W,H,M,9,R,N,CH,Residence/Home,Home,Personal Weapons,,C
196199869,176801459,2023-08-07,Plano,TX0430600,13B,W,W,N,F,30,N,Y,BG,Residence/Home,Home,Personal Weapons,Minor Injury,C
196199906,176801493,2023-08-07,Plano,TX0430600,13B,W,W,N,F,25,R,N,OK,Residence/Home,Home,Personal Weapons,Minor Injury,C
197978773,178352958,2023-08-07,Plano,TX0430600,13B,W,W,N,F,32,N,Y,BG,Hotel/Motel/Etc.,Hotel & Motel,Personal Weapons,Minor Injury,C
197978783,178352968,2023-08-07,Plano,TX0430600,13B,H,W,H,F,25,R,Y,SE,Residence/Home,Home,Personal Weapons,,C
197978784,178352969,2023-08-07,Plano,TX0430600,13B,B,B,N,F,30,R,Y,XR,Residence/Home,Home,Personal Weapons,,C
197978785,178352970,2023-08-08,Plano,TX0430600,13B,H,W,H,F,29,R,Y,SE,Residence/Home,Home,Personal Weapons,Minor Injury,C
200854995,180892445,2023-08-08,Plano,TX0430600,13B,H,W,H,M,27,R,Y,OK;XR,Residence/Home,Home,Personal Weapons,Minor Injury,C
200854999,180892449,2023-08-09,Plano,TX0430600,13B,W,W,N,M,17,R,N,SB,Residence/Home,Home,Personal Weapons,Minor Injury,C
196199992,176801571,2023-08-10,Plano,TX0430600,13B,B,B,N,F,16,N,Y,BG,Hotel/Motel/Etc.,Hotel & Motel,Personal Weapons,,C
196199993,176801572,2023-08-10,Plano,TX0430600,13B,P,P,N,F,25,N,N,AQ;ST;VO,Commercial/Office Building,Office Building,Personal Weapons,,C
196199994,176801572,2023-08-10,Plano,TX0430600,13B,P,P,N,M,23,N,N,AQ;ST;VO,Commercial/Office Building,Office Building,Personal Weapons,,C
196199995,176801572,2023-08-10,Plano,TX0430600,13B,P,P,N,F,23,N,N,AQ;ST;VO,Commercial/Office Building,Office Building,Personal Weapons,,C
196199996,176801572,2023-08-10,Plano,TX0430600,13B,P,P,N,M,33,N,N,AQ;ST;VO,Commercial/Office Building,Office Building,Personal Weapons,,C
196200000,176801576,2023-08-10,Plano,TX0430600,13B,B,B,N,M,39,R,N,AQ,Community Center,Community Center,Personal Weapons,Minor Injury,C
196200001,176801576,2023-08-10,Plano,TX0430600,13B,B,B,N,M,9,R,N,AQ,Community Center,Community Center,Personal Weapons,Minor Injury,C
196200002,176801576,2023-08-10,Plano,TX0430600,13B,H,W,H,F,43,N,N,ST,Community Center,Community Center,Personal Weapons,Minor Injury,C
196200008,176801582,2023-08-10,Plano,TX0430600,13B,A,A,N,F,19,N,Y,BG,Residence/Home,Home,Personal Weapons,Minor Injury,C
196200010,176801584,2023-08-10,Plano,TX0430600,13B,B,B,N,M,17,R,Y,BG,Highway/Road/Alley/Street/Sidewalk,Street & Sidewalk,Personal Weapons,,C
208489394,187551354,2023-08-10,Plano,TX0430600,13B,B,B,N,F,40,R,Y,SE,Residence/Home,Home,Personal Weapons,,C
196200054,176801621,2023-08-12,Plano,TX0430600,13B,W,W,N,F,20,R,Y,BG,Residence/Home,Home,Personal Weapons,Minor Injury,C
196200056,176801623,2023-08-12,Plano,TX0430600,13B,B,B,N,M,35,R,Y,VO;XR,Residence/Home,Home,Personal Weapons,,C
196200057,176801623,2023-08-12,Plano,TX0430600,13B,H,W,H,F,33,R,Y,VO;XR,Residence/Home,Home,Personal Weapons,Minor Injury,C
197978843,178353012,2023-08-12,Plano,TX0430600,13B,B,B,N,M,16,R,N,AQ;VO,Field/Woods,Field & Woods,Personal Weapons,Minor Injury,C
197978844,178353012,2023-08-12,Plano,TX0430600,13B,B,B,N,F,21,N,Y,BG;SB,Field/Woods,Field & Woods,Personal Weapons,,C
200855020,180892469,2023-08-12,Plano,TX0430600,13B,B,B,N,M,45,N,Y,BG,Highway/Road/Alley/Street/Sidewalk,Street & Sidewalk,Personal Weapons,Minor Injury,C
196200080,176801640,2023-08-13,Plano,TX0430600,13B,H,W,H,M,25,R,N,OK;VO,Parking/Drop Lot/Garage,Parking Lot,Personal Weapons,Minor Injury,C
196200081,176801640,2023-08-13,Plano,TX0430600,13B,H,W,H,M,27,R,N,OK;VO,Parking/Drop Lot/Garage,Parking Lot,Personal Weapons,Minor Injury,C
197978847,178353015,2023-08-13,Plano,TX0430600,13B,H,W,H,F,41,N,Y,XS,Residence/Home,Home,Personal Weapons,Minor Injury,C
200855042,180892484,2023-08-13,Plano,TX0430600,13B,H,W,H,F,8,R,N,OF,Residence/Home,Home,Personal Weapons,Minor Injury,C
196200114,176801671,2023-08-14,Plano,TX0430600,13B,B,B,N,F,16,R,N,AQ,School-Elementary/Secondary,K-12 School,Personal Weapons,Minor Injury,C
197978858,178353026,2023-08-14,Plano,TX0430600,13B,H,W,H,M,75,R,N,ST,Parking/Drop Lot/Garage,Parking Lot,Personal Weapons,,C
200855050,180892492,2023-08-14,Plano,TX0430600,13B,W,W,N,F,65,R,N,OK,School-Elementary/Secondary,K-12 School,Personal Weapons,,C
196200231,176801779,2023-08-15,Plano,TX0430600,13B,W,W,N,F,25,R,Y,SE,Hotel/Motel/Etc.,Hotel & Motel,Personal Weapons,Minor Injury,C
197978867,178353035,2023-08-15,Plano,TX0430600,13B,W,W,N,M,35,R,N,ST,Highway/Road/Alley/Street/Sidewalk,Street & Sidewalk,Personal Weapons,Minor Injury,C
196200177,176801729,2023-08-16,Plano,TX0430600,13B,H,W,H,M,19,R,Y,BG,Highway/Road/Alley/Street/Sidewalk,Street & Sidewalk,Personal Weapons,Minor Injury,C
196200186,176801737,2023-08-16,Plano,TX0430600,13B,B,B,N,F,14,R,N,AQ,School-Elementary/Secondary,K-12 School,Personal Weapons,Minor Injury,C
196200191,176801742,2023-08-16,Plano,TX0430600,13B,B,B,N,F,32,R,Y,BG,Residence/Home,Home,Personal Weapons,Minor Injury,C
197978874,178353042,2023-08-16,Plano,TX0430600,13B,B,B,N,F,20,N,N,ST,Parking/Drop Lot/Garage,Parking Lot,Other,Minor Injury,C
197978875,178353042,2023-08-16,Plano,TX0430600,13B,B,B,N,F,19,N,N,ST,Parking/Drop Lot/Garage,Parking Lot,Other,Minor Injury,C
197978876,178353042,2023-08-16,Plano,TX0430600,13B,B,B,N,F,19,N,N,ST,Parking/Drop Lot/Garage,Parking Lot,Other,Minor Injury,C
197978886,178353051,2023-08-16,Plano,TX0430600,13B,H,B,H,M,15,R,N,AQ;VO,School-Elementary/Secondary,K-12 School,Personal Weapons,,C
197978887,178353051,2023-08-16,Plano,TX0430600,13B,A,A,N,M,14,R,N,AQ;FR,School-Elementary/Secondary,K-12 School,Personal Weapons,Minor Injury,C
197979319,178353420,2023-08-16,Plano,TX0430600,13B,B,B,N,M,10,N,N,OK,School-Elementary/Secondary,K-12 School,Personal Weapons,Minor Injury,C
200855068,180892508,2023-08-16,Plano,TX0430600,13B,B,B,N,F,22,R,Y,BG,Residence/Home,Home,Personal Weapons,Minor Injury,C
200855076,180892516,2023-08-16,Plano,TX0430600,13B,W,W,N,M,48,R,Y,SE,Residence/Home,Home,Personal Weapons,,C
200855082,180892522,2023-08-16,Plano,TX0430600,13B,H,W,H,F,17,N,Y,XR,Residence/Home,Home,Personal Weapons,Minor Injury,C
196200200,176801751,2023-08-17,Plano,TX0430600,13B,B,B,N,F,20,N,Y,BG,Drug Store/Doctor's Office/Hospital,Hospital & Clinic,Personal Weapons,,C
196200209,176801759,2023-08-17,Plano,TX0430600,13B,B,B,N,F,58,N,N,AQ,Amusement Park,Amusement Park,Personal Weapons,Minor Injury,C
196200226,176801775,2023-08-17,Plano,TX0430600,13B,W,W,N,F,52,R,N,PA,Residence/Home,Home,Personal Weapons,,C
196200233,176801781,2023-08-17,Plano,TX0430600,13B,B,B,N,M,34,R,N,PA,Residence/Home,Home,Personal Weapons,,C
197978882,178353047,2023-08-17,Plano,TX0430600,13B,B,B,N,F,52,N,N,ST,Highway/Road/Alley/Street/Sidewalk,Street & Sidewalk,Personal Weapons,Minor Injury,C
197978897,178353061,2023-08-17,Plano,TX0430600,13B,B,B,N,F,30,R,Y,XR,Residence/Home,Home,Personal Weapons,Minor Injury,C
200855083,180892523,2023-08-17,Plano,TX0430600,13B,W,W,N,M,27,R,N,ST,Parking/Drop Lot/Garage,Parking Lot,Personal Weapons,Minor Injury,C
208487746,187549955,2023-08-17,Plano,TX0430600,13B,H,W,H,F,20,N,N,ST,Hotel/Motel/Etc.,Hotel & Motel,Personal Weapons,Minor Injury,C
200855088,180892527,2023-08-18,Plano,TX0430600,13B,W,W,N,M,76,,N,NE,Residence/Home,Home,Personal Weapons,Minor Injury,C
200855097,180892535,2023-08-18,Plano,TX0430600,13B,W,W,N,F,24,N,Y,BG,Residence/Home,Home,Personal Weapons,Minor Injury,C
200855103,180892539,2023-08-18,Plano,TX0430600,13B,H,W,H,F,29,R,Y,SE,Residence/Home,Home,Personal Weapons,,C
196200308,176801843,2023-08-19,Plano,TX0430600,13B,W,W,N,M,42,R,Y,XR,Residence/Home,Home,Personal Weapons,,C
196200321,176801856,2023-08-19,Plano,TX0430600,13B,H,W,H,F,48,R,Y,SE,Residence/Home,Home,Personal Weapons,Minor Injury,C
197978927,178353085,2023-08-19,Plano,TX0430600,13B,H,W,H,M,28,N,N,AQ,Parking/Drop Lot/Garage,Parking Lot,Personal Weapons,Minor Injury,C
200855111,180892545,2023-08-19,Plano,TX0430600,13B,B,B,U,F,28,R,Y,BG,Hotel/Motel/Etc.,Hotel & Motel,Personal Weapons,Minor Injury,C
200855113,180892547,2023-08-19,Plano,TX0430600,13B,H,W,H,F,29,R,Y,SE,Residence/Home,Home,Personal Weapons,Minor Injury,C
200855116,180892550,2023-08-19,Plano,TX0430600,13B,B,B,N,F,25,R,Y,BG,Parking/Drop Lot/Garage,Parking Lot,Personal Weapons,Minor Injury,C
196200311,176801846,2023-08-20,Plano,TX0430600,13B,H,W,H,M,29,R,Y,BG,Residence/Home,Home,Personal Weapons,Minor Injury,C
200855123,180892556,2023-08-20,Plano,TX0430600,13B,W,W,N,M,26,R,Y,BG,Residence/Home,Home,Personal Weapons,Minor Injury,C
200855154,180892584,2023-08-20,Plano,TX0430600,13B,W,W,N,F,62,N,N,ST,Amusement Park,Amusement Park,Personal Weapons,,C
196200353,176801885,2023-08-21,Plano,TX0430600,13B,W,W,N,M,48,R,N,PA,Residence/Home,Home,Personal Weapons,Minor Injury,C
196200369,176801899,2023-08-21,Plano,TX0430600,13B,H,W,H,F,24,R,N,EE,Restaurant,Restaurant,Personal Weapons,Minor Injury,C
196200393,176801922,2023-08-21,Plano,TX0430600,13B,W,W,N,M,14,R,N,ST,School-Elementary/Secondary,K-12 School,Personal Weapons,Minor Injury,C
200855141,180892571,2023-08-21,Plano,TX0430600,13B,B,B,N,F,52,R,Y,BG,Residence/Home,Home,Personal Weapons,,C
200855142,180892572,2023-08-21,Plano,TX0430600,13B,A,A,N,F,27,R,Y,SE,Residence/Home,Home,Personal Weapons,Minor Injury,C
196200375,176801905,2023-08-22,Plano,TX0430600,13B,B,B,N,F,36,R,N,PA,Residence/Home,Home,Personal Weapons,Minor Injury,C
200855164,180892587,2023-08-22,Plano,TX0430600,13B,H,W,H,M,15,R,N,OK,Residence/Home,Home,Personal Weapons,Minor Injury,C
200855405,180892797,2023-08-22,Plano,TX0430600,13B,H,W,H,F,17,R,N,OK,Residence/Home,Home,Personal Weapons,,C
200855176,180892596,2023-08-23,Plano,TX0430600,13B,H,W,H,F,73,R,N,PA,Residence/Home,Home,Personal Weapons,Minor Injury,C
200855183,180892603,2023-08-23,Plano,TX0430600,13B,W,W,N,F,39,R,Y,SE,Hotel/Motel/Etc.,Hotel & Motel,Personal Weapons,Minor Injury,C
200855184,180892603,2023-08-23,Plano,TX0430600,13B,W,W,N,F,15,R,N,SC,Hotel/Motel/Etc.,Hotel & Motel,Personal Weapons,Minor Injury,C
200856287,180893558,2023-08-23,Plano,TX0430600,13B,H,W,H,M,4,R,N,AQ,School-Elementary/Secondary,K-12 School,Personal Weapons,Minor Injury,C
204378833,183967212,2023-08-23,Plano,TX0430600,13B,A,A,N,M,2,N,N,,Drug Store/Doctor's Office/Hospital,Hospital & Clinic,Personal Weapons,Minor Injury,C
196200447,176801967,2023-08-24,Plano,TX0430600,13B,W,W,N,F,59,R,N,OK,Residence/Home,Home,Personal Weapons,,C
196200477,176801991,2023-08-24,Plano,TX0430600,13B,W,W,N,F,43,R,N,PA,Residence/Home,Home,Personal Weapons,Minor Injury,C
197978991,178353137,2023-08-24,Plano,TX0430600,13B,H,W,H,M,14,R,N,AQ,School-Elementary/Secondary,K-12 School,Personal Weapons,Minor Injury,C
196200483,176801997,2023-08-25,Plano,TX0430600,13B,H,W,H,F,61,R,N,OF,Residence/Home,Home,Personal Weapons,,C
200855214,180892623,2023-08-25,Plano,TX0430600,13B,A,A,N,M,29,R,Y,BG,Residence/Home,Home,Personal Weapons,,C
200855227,180892634,2023-08-25,Plano,TX0430600,13B,W,W,N,M,33,N,N,ST,Restaurant,Restaurant,Personal Weapons,Minor Injury,C
200855231,180892638,2023-08-25,Plano,TX0430600,13B,H,W,H,F,24,R,Y,BG,Residence/Home,Home,Personal Weapons,Minor Injury,C
200855742,180893073,2023-08-25,Plano,TX0430600,13B,W,W,N,M,9,R,N,FR,School-Elementary/Secondary,K-12 School,Personal Weapons,,C
202165599,182039038,2023-08-25,Plano,TX0430600,13B,W,W,N,F,58,R,N,AQ,School-Elementary/Secondary,K-12 School,Personal Weapons,Minor Injury,C
202165600,182039038,2023-08-25,Plano,TX0430600,13B,H,W,H,M,16,R,N,AQ;FR,School-Elementary/Secondary,K-12 School,Personal Weapons,Minor Injury,C
202165601,182039039,2023-08-25,Plano,TX0430600,13B,B,B,N,M,15,,N,OK;VO,School-Elementary/Secondary,K-12 School,Personal Weapons,,C
202165602,182039039,2023-08-25,Plano,TX0430600,13B,B,B,N,M,15,R,N,OK;VO,School-Elementary/Secondary,K-12 School,Personal Weapons,,C
200855232,180892639,2023-08-26,Plano,TX0430600,13B,W,W,N,M,36,R,N,OK,Highway/Road/Alley/Street/Sidewalk,Street & Sidewalk,Personal Weapons,Minor Injury,C
200855234,180892641,2023-08-26,Plano,TX0430600,13B,B,B,N,F,30,N,Y,XR,Highway/Road/Alley/Street/Sidewalk,Street & Sidewalk,Personal Weapons,Minor Injury,C
200855235,180892641,2023-08-26,Plano,TX0430600,13B,H,B,H,F,30,N,N,AQ,Highway/Road/Alley/Street/Sidewalk,Street & Sidewalk,Personal Weapons,Minor Injury,C
200855236,180892642,2023-08-26,Plano,TX0430600,13B,H,W,H,F,53,R,Y,SE,Residence/Home,Home,Personal Weapons,Minor Injury,C
200855248,180892653,2023-08-26,Plano,TX0430600,13B,H,W,H,M,41,R,Y,XR,Parking/Drop Lot/Garage,Parking Lot,Personal Weapons,,C
197979158,178353278,2023-08-27,Plano,TX0430600,13B,B,B,N,F,28,R,Y,XR,Residence/Home,Home,Personal Weapons,,C
202165612,182039048,2023-08-27,Plano,TX0430600,13B,W,W,N,F,38,R,Y,BG,Residence/Home,Home,Personal Weapons,Minor Injury,C
200855264,180892668,2023-08-28,Plano,TX0430600,13B,W,W,N,F,46,R,Y,BG,Residence/Home,Home,Personal Weapons,Minor Injury,C
200855269,180892672,2023-08-28,Plano,TX0430600,13B,W,W,N,M,79,R,N,PA,Residence/Home,Home,Personal Weapons,Minor Injury,C
200855271,180892674,2023-08-28,Plano,TX0430600,13B,B,B,N,M,33,R,N,ST,Parking/Drop Lot/Garage,Parking Lot,Personal Weapons,,C
202165616,182039052,2023-08-28,Plano,TX0430600,13B,W,W,N,F,38,U,N,ST,Drug Store/Doctor's Office/Hospital,Hospital & Clinic,Personal Weapons,,C
200855277,180892679,2023-08-29,Plano,TX0430600,13B,W,W,N,F,36,R,Y,SE,Residence/Home,Home,Personal Weapons,Minor Injury,C
196200650,176802137,2023-08-30,Plano,TX0430600,13B,W,W,N,M,31,N,N,ST,Restaurant,Restaurant,Personal Weapons,,C
196200660,176802143,2023-08-30,Plano,TX0430600,13B,A,A,N,F,48,R,N,PA,Parking/Drop Lot/Garage,Parking Lot,Personal Weapons,Minor Injury,C
200855305,180892705,2023-08-30,Plano,TX0430600,13B,A,A,N,M,16,R,N,SB,Residence/Home,Home,Personal Weapons,Minor Injury,C
196200700,176802182,2023-08-31,Plano,TX0430600,13B,W,W,N,F,34,R,N,ST,Parking/Drop Lot/Garage,Parking Lot,Personal Weapons,,C
197979342,178353439,2023-09-01,Plano,TX0430600,13B,B,B,N,M,26,R,Y,BG,Residence/Home,Home,Personal Weapons,Minor Injury,C
200855347,180892744,2023-09-01,Plano,TX0430600,13B,W,W,N,F,19,N,N,ST,Parking/Drop Lot/Garage,Parking Lot,Personal Weapons,Minor Injury,C
200855352,180892749,2023-09-01,Plano,TX0430600,13B,H,W,H,F,44,R,Y,SE,Liquor Store,Liquor Store,Personal Weapons,Minor Injury,C
208488650,187550712,2023-09-01,Plano,TX0430600,13B,H,W,H,M,58,N,N,AQ,School-Elementary/Secondary,K-12 School,Personal Weapons,,C
197979240,178353351,2023-09-02,Plano,TX0430600,13B,B,B,N,M,49,R,N,ST,Parking/Drop Lot/Garage,Parking Lot,Personal Weapons,Minor Injury,C
200855357,180892754,2023-09-02,Plano,TX0430600,13B,H,W,H,M,45,R,N,ST,Residence/Home,Home,Personal Weapons,Minor Injury,C
208488592,187550658,2023-09-02,Plano,TX0430600,13B,W,W,N,F,40,N,Y,SE,Hotel/Motel/Etc.,Hotel & Motel,Personal Weapons,Minor Injury,C
197979255,178353365,2023-09-03,Plano,TX0430600,13B,W,W,N,F,51,R,Y,XR,Residence/Home,Home,Personal Weapons,,C
197979261,178353371,2023-09-03,Plano,TX0430600,13B,B,B,N,M,45,R,N,SB,Residence/Home,Home,Personal Weapons,Minor Injury,C
200855372,180892767,2023-09-03,Plano,TX0430600,13B,W,W,N,F,22,R,Y,BG,Hotel/Motel/Etc.,Hotel & Motel,Personal Weapons,Minor Injury,C
200855376,180892771,2023-09-03,Plano,TX0430600,13B,H,W,H,F,26,R,N,ST,Hotel/Motel/Etc.,Hotel & Motel,Personal Weapons,Minor Injury,C
200855385,180892779,2023-09-04,Plano,TX0430600,13B,W,W,N,F,61,R,Y,XR,Residence/Home,Home,Personal Weapons,Minor Injury,C
197979305,178353407,2023-09-05,Plano,TX0430600,13B,B,B,N,F,43,R,N,PA,Residence/Home,Home,Personal Weapons,Minor Injury,C
197979307,178353409,2023-09-05,Plano,TX0430600,13B,B,B,N,F,14,R,N,AQ;VO,School-Elementary/Secondary,K-12 School,Personal Weapons,Minor Injury,C
197979308,178353409,2023-09-05,Plano,TX0430600,13B,B,B,N,F,15,R,N,AQ;FR,School-Elementary/Secondary,K-12 School,Personal Weapons,Minor Injury,C
200855389,180892783,2023-09-05,Plano,TX0430600,13B,A,A,N,F,55,R,N,PA,Residence/Home,Home,Personal Weapons,Minor Injury,C
200855390,180892784,2023-09-05,Plano,TX0430600,13B,B,B,N,F,26,R,Y,CS,Residence/Home,Home,Personal Weapons,Minor Injury,C
200855395,180892789,2023-09-05,Plano,TX0430600,13B,W,W,N,F,67,N,N,AQ,Parking/Drop Lot/Garage,Parking Lot,Personal Weapons,Minor Injury,C
200855397,180892791,2023-09-05,Plano,TX0430600,13B,B,B,N,F,46,R,Y,SE,Residence/Home,Home,Personal Weapons,Minor Injury,C
200855398,180892792,2023-09-05,Plano,TX0430600,13B,B,B,N,F,34,N,Y,BG,Residence/Home,Home,Personal Weapons,Minor Injury,C
200855423,180892813,2023-09-05,Plano,TX0430600,13B,B,B,N,M,15,R,N,OK;VO,School-Elementary/Secondary,K-12 School,Personal Weapons,,C
200855424,180892813,2023-09-05,Plano,TX0430600,13B,B,B,N,M,15,R,N,OK;VO,School-Elementary/Secondary,K-12 School,Personal Weapons,,C
206738674,186024813,2023-09-05,Plano,TX0430600,13B,B,B,N,F,31,R,N,GC,Residence/Home,Home,Personal Weapons,Minor Injury,C
197979369,178353463,2023-09-06,Plano,TX0430600,13B,W,W,N,F,17,R,N,ST,Restaurant,Restaurant,Personal Weapons,,C
197979379,178353471,2023-09-06,Plano,TX0430600,13B,W,W,N,M,15,R,N,ST,School-Elementary/Secondary,K-12 School,Personal Weapons,Minor Injury,C
200855410,180892802,2023-09-06,Plano,TX0430600,13B,B,B,N,F,14,R,N,CH,Residence/Home,Home,Personal Weapons,Minor Injury,C
200855416,180892807,2023-09-06,Plano,TX0430600,13B,B,B,N,F,16,R,N,CH,Residence/Home,Home,Personal Weapons,,C
200855445,180892832,2023-09-06,Plano,TX0430600,13B,H,W,H,F,13,R,N,CH,Residence/Home,Home,Personal Weapons,Minor Injury,C
197979398,178353486,2023-09-07,Plano,TX0430600,13B,W,W,N,M,67,R,N,ST;VO,Specialty Store,Specialty Store,Personal Weapons,,C
197979399,178353486,2023-09-07,Plano,TX0430600,13B,W,W,N,M,54,R,N,ST;VO,Specialty Store,Specialty Store,Personal Weapons,,C
200855434,180892822,2023-09-07,Plano,TX0430600,13B,H,W,H,F,43,R,Y,BG,Residence/Home,Home,Personal Weapons,Minor Injury,C
197979426,178353511,2023-09-08,Plano,TX0430600,13B,B,B,N,F,30,R,Y,BG,Residence/Home,Home,Personal Weapons,Minor Injury,C
197979429,178353514,2023-09-08,Plano,TX0430600,13B,H,W,H,F,14,R,N,SB,School-Elementary/Secondary,K-12 School,Personal Weapons,,C
200855452,180892837,2023-09-08,Plano,TX0430600,13B,A,A,N,F,42,R,Y,SE,Residence/Home,Home,Personal Weapons,,C
197979458,178353538,2023-09-09,Plano,TX0430600,13B,B,B,N,F,30,R,N,OF,Highway/Road/Alley/Street/Sidewalk,Street & Sidewalk,Personal Weapons,Minor Injury,C
197979695,178353741,2023-09-09,Plano,TX0430600,13B,W,W,N,F,26,R,Y,XR,Residence/Home,Home,Personal Weapons,Minor Injury,C
200855454,180892839,2023-09-09,Plano,TX0430600,13B,B,B,N,F,19,R,N,SB,Residence/Home,Home,Personal Weapons,Minor Injury,C
208487779,187549985,2023-09-09,Plano,TX0430600,13B,H,W,H,F,43,R,Y,SE,Residence/Home,Home,Personal Weapons,,C
197979511,178353581,2023-09-10,Plano,TX0430600,13B,P,P,N,M,39,N,N,AQ;VO,Parking/Drop Lot/Garage,Parking Lot,Personal Weapons,Minor Injury,C
197979512,178353581,2023-09-10,Plano,TX0430600,13B,P,P,N,M,43,R,N,AQ;VO,Parking/Drop Lot/Garage,Parking Lot,Personal Weapons,,C
197979518,178353586,2023-09-10,Plano,TX0430600,13B,W,W,N,F,72,R,N,PA,Hotel/Motel/Etc.,Hotel & Motel,Personal Weapons,Minor Injury,C
200855464,180892849,2023-09-10,Plano,TX0430600,13B,W,W,N,F,24,R,Y,SE,Residence/Home,Home,Other,Minor Injury,C
200855465,180892849,2023-09-10,Plano,TX0430600,13B,W,W,N,F,31,R,N,NE,Residence/Home,Home,Other,Minor Injury,C
200855466,180892849,2023-09-10,Plano,TX0430600,13B,W,W,N,F,54,R,N,NE,Residence/Home,Home,Other,Minor Injury,C
200855467,180892849,2023-09-10,Plano,TX0430600,13B,B,B,N,M,36,R,N,NE,Residence/Home,Home,Other,Minor Injury,C
200855469,180892850,2023-09-10,Plano,TX0430600,13B,B,B,N,M,52,R,Y,XR,Highway/Road/Alley/Street/Sidewalk,Street & Sidewalk,Personal Weapons,Minor Injury,C
200855474,180892855,2023-09-10,Plano,TX0430600,13B,H,W,H,M,30,N,N,ST,Restaurant,Restaurant,Personal Weapons,,C
200855475,180892855,2023-09-10,Plano,TX0430600,13B,H,B,H,F,7,N,N,ST,Restaurant,Restaurant,Personal Weapons,,C
200855476,180892855,2023-09-10,Plano,TX0430600,13B,H,B,H,F,6,N,N,ST,Restaurant,Restaurant,Personal Weapons,,C
200855483,180892861,2023-09-10,Plano,TX0430600,13B,W,W,N,M,20,R,N,OK,Highway/Road/Alley/Street/Sidewalk,Street & Sidewalk,Personal Weapons,Minor Injury,C
202165739,182039150,2023-09-10,Plano,TX0430600,13B,W,W,N,F,41,R,Y,BG,Residence/Home,Home,Personal Weapons,,C
208487780,187549986,2023-09-10,Plano,TX0430600,13B,W,W,N,F,44,R,N,ST,Residence/Home,Home,Personal Weapons,Minor Injury,C
197979524,178353592,2023-09-11,Plano,TX0430600,13B,W,W,N,F,37,R,Y,SE,Residence/Home,Home,Personal Weapons,Minor Injury,C
200855482,180892860,2023-09-11,Plano,TX0430600,13B,W,W,N,F,33,R,Y,SE,Residence/Home,Home,Personal Weapons,,C
200855495,180892871,2023-09-11,Plano,TX0430600,13B,H,W,H,M,12,R,N,OK,Highway/Road/Alley/Street/Sidewalk,Street & Sidewalk,Personal Weapons,Minor Injury,C
202165774,182039179,2023-09-12,Plano,TX0430600,13B,H,B,H,M,15,R,N,AQ;VO,School-Elementary/Secondary,K-12 School,Personal Weapons,,C
202165775,182039179,2023-09-12,Plano,TX0430600,13B,B,B,N,M,15,R,N,AQ;VO,School-Elementary/Secondary,K-12 School,Personal Weapons,,C
202165776,182039179,2023-09-12,Plano,TX0430600,13B,B,B,N,M,14,R,N,AQ;VO,School-Elementary/Secondary,K-12 School,Personal Weapons,,C
206738689,186024826,2023-09-12,Plano,TX0430600,13B,B,B,N,M,23,N,Y,BG,Hotel/Motel/Etc.,Hotel & Motel,Other,Minor Injury,C
197979611,178353666,2023-09-13,Plano,TX0430600,13B,W,W,N,M,43,N,N,FR,Other/Unknown,Other & Unknown,Personal Weapons,,C
200855515,180892888,2023-09-13,Plano,TX0430600,13B,W,W,N,F,33,R,Y,BG,Residence/Home,Home,Personal Weapons,Minor Injury,C
200855524,180892897,2023-09-13,Plano,TX0430600,13B,W,W,N,F,55,R,N,PA,Residence/Home,Home,Personal Weapons,,C
200855525,180892897,2023-09-13,Plano,TX0430600,13B,W,W,N,F,29,R,N,SB,Residence/Home,Home,Personal Weapons,Minor Injury,C
202165801,182039200,2023-09-13,Plano,TX0430600,13B,B,B,N,F,20,R,Y,BG,Residence/Home,Home,Personal Weapons,Minor Injury,C
204378835,183967214,2023-09-13,Plano,TX0430600,13B,P,P,N,M,40,R,N,OK,Residence/Home,Home,Personal Weapons,,C
204378836,183967214,2023-09-13,Plano,TX0430600,13B,P,P,N,F,63,R,N,OK,Residence/Home,Home,Personal Weapons,,C
208487785,187549991,2023-09-13,Plano,TX0430600,13B,H,W,H,F,46,R,Y,XR,Residence/Home,Home,Personal Weapons,Minor Injury,C
208487788,187549993,2023-09-13,Plano,TX0430600,13B,A,A,N,M,75,N,N,ST,Grocery/Supermarket,Grocery Store,Personal Weapons,,C
197979649,178353700,2023-09-14,Plano,TX0430600,13B,A,A,N,F,11,R,N,FR,School-Elementary/Secondary,K-12 School,Personal Weapons,Minor Injury,C
197979662,178353713,2023-09-14,Plano,TX0430600,13B,W,W,N,F,38,R,Y,BG,Residence/Home,Home,Personal Weapons,Minor Injury,C
200855531,180892902,2023-09-14,Plano,TX0430600,13B,H,W,H,M,29,N,Y,BG,Parking/Drop Lot/Garage,Parking Lot,Personal Weapons,Minor Injury,C
200855533,180892904,2023-09-14,Plano,TX0430600,13B,H,W,H,F,46,R,Y,SE,Residence/Home,Home,Personal Weapons,Minor Injury,C
197979693,178353740,2023-09-15,Plano,TX0430600,13B,W,W,N,F,14,R,N,AQ;VO,School-Elementary/Secondary,K-12 School,Personal Weapons,Minor Injury,C
197979694,178353740,2023-09-15,Plano,TX0430600,13B,B,B,N,M,15,N,N,AQ;VO,School-Elementary/Secondary,K-12 School,Personal Weapons,,C
202165807,182039206,2023-09-15,Plano,TX0430600,13B,W,W,N,F,47,R,N,PA,Residence/Home,Home,Personal Weapons,Minor Injury,C
202165821,182039220,2023-09-15,Plano,TX0430600,13B,B,B,N,M,12,R,N,FR,School-Elementary/Secondary,K-12 School,Personal Weapons,,C
208488858,187550894,2023-09-15,Plano,TX0430600,13B,W,W,N,F,33,R,Y,SE,Residence/Home,Home,Personal Weapons,Minor Injury,C
197979711,178353756,2023-09-16,Plano,TX0430600,13B,B,B,N,F,40,R,N,PA,Residence/Home,Home,Personal Weapons,Minor Injury,C
200855581,180892943,2023-09-16,Plano,TX0430600,13B,W,W,N,F,50,R,Y,BG,Residence/Home,Home,Personal Weapons,Minor Injury,C
202165837,182039232,2023-09-16,Plano,TX0430600,13B,A,A,N,F,43,R,Y,SE,Residence/Home,Home,Personal Weapons,Minor Injury,C
197979747,178353785,2023-09-17,Plano,TX0430600,13B,H,W,H,M,29,R,N,ST,Bar/Nightclub,Bar & Nightclub,Personal Weapons,Minor Injury,C
197979748,178353785,2023-09-17,Plano,TX0430600,13B,H,B,H,M,32,R,N,ST;VO,Bar/Nightclub,Bar & Nightclub,Personal Weapons,,C
197979756,178353791,2023-09-17,Plano,TX0430600,13B,H,W,H,M,57,N,Y,XR,Commercial/Office Building,Office Building,Personal Weapons,Minor Injury,C
197979771,178353804,2023-09-17,Plano,TX0430600,13B,W,W,N,F,53,R,N,PA,Residence/Home,Home,Personal Weapons,Minor Injury,C
202165846,182039240,2023-09-17,Plano,TX0430600,13B,B,B,N,F,28,R,N,OK,Residence/Home,Home,Personal Weapons,Minor Injury,C
197979805,178353832,2023-09-18,Plano,TX0430600,13B,B,B,N,F,26,R,Y,BG,Residence/Home,Home,Personal Weapons,Minor Injury,C
202165852,182039246,2023-09-18,Plano,TX0430600,13B,H,W,H,F,11,R,N,AQ,Highway/Road/Alley/Street/Sidewalk,Street & Sidewalk,Personal Weapons,,C
204378848,183967226,2023-09-18,Plano,TX0430600,13B,B,B,N,M,17,N,N,AQ,Restaurant,Restaurant,Personal Weapons,,C
197979822,178353844,2023-09-19,Plano,TX0430600,13B,W,W,N,F,15,R,N,AQ,School-Elementary/Secondary,K-12 School,Personal Weapons,Minor Injury,C
197979823,178353845,2023-09-19,Plano,TX0430600,13B,B,B,N,M,10,R,N,AQ,School-Elementary/Secondary,K-12 School,Personal Weapons,Minor Injury,C
200855608,180892966,2023-09-19,Plano,TX0430600,13B,H,W,H,F,50,R,Y,SE,Residence/Home,Home,Personal Weapons,Minor Injury,C
200855609,180892966,2023-09-19,Plano,TX0430600,13B,H,W,H,F,16,R,N,CH,Residence/Home,Home,Personal Weapons,Minor Injury,C
200855618,180892974,2023-09-19,Plano,TX0430600,13B,B,B,N,F,19,R,N,SB,Residence/Home,Home,Personal Weapons,Minor Injury,C
200855619,180892974,2023-09-19,Plano,TX0430600,13B,W,W,N,F,47,R,N,PA,Residence/Home,Home,Personal Weapons,,C
197979848,178353868,2023-09-20,Plano,TX0430600,13B,H,W,H,F,49,R,N,OK,Residence/Home,Home,Personal Weapons,,C
197979849,178353868,2023-09-20,Plano,TX0430600,13B,H,W,H,M,22,R,N,AQ,Residence/Home,Home,Personal Weapons,,C
197979885,178353898,2023-09-20,Plano,TX0430600,13B,W,W,N,F,83,R,N,ST,Residence/Home,Home,Personal Weapons,Minor Injury,C
200855621,180892975,2023-09-20,Plano,TX0430600,13B,W,W,N,F,50,R,Y,BG,Residence/Home,Home,Personal Weapons,Minor Injury,C
202165863,182039256,2023-09-20,Plano,TX0430600,13B,W,W,N,M,45,R,N,SP,Residence/Home,Home,Personal Weapons,Minor Injury,C
202165868,182039261,2023-09-20,Plano,TX0430600,13B,H,W,H,F,42,R,Y,SE,Residence/Home,Home,Personal Weapons,Minor Injury,C
197979935,178353934,2023-09-21,Plano,TX0430600,13B,H,W,H,M,10,R,N,OK,School-Elementary/Secondary,K-12 School,Personal Weapons,Minor Injury,C
202165869,182039262,2023-09-21,Plano,TX0430600,13B,W,W,N,F,33,R,Y,SE,Residence/Home,Home,Personal Weapons,Minor Injury,C
202165870,182039263,2023-09-21,Plano,TX0430600,13B,B,B,N,F,27,R,Y,XR,Residence/Home,Home,Personal Weapons,Minor Injury,C
197979976,178353964,2023-09-22,Plano,TX0430600,13B,H,W,H,M,16,R,N,AQ,School-Elementary/Secondary,K-12 School,Personal Weapons,Minor Injury,C
200855664,180893002,2023-09-22,Plano,TX0430600,13B,W,W,N,M,13,R,N,AQ,School-Elementary/Secondary,K-12 School,Personal Weapons,Minor Injury,C
200855671,180893008,2023-09-22,Plano,TX0430600,13B,H,W,H,F,39,N,N,OK,Residence/Home,Home,Personal Weapons,,C
200855683,180893020,2023-09-22,Plano,TX0430600,13B,W,W,N,F,41,R,Y,XR,Parking/Drop Lot/Garage,Parking Lot,Personal Weapons,Minor Injury,C
202165899,182039290,2023-09-22,Plano,TX0430600,13B,W,W,N,M,59,N,N,AQ,School-Elementary/Secondary,K-12 School,Personal Weapons,,C
197980001,178353988,2023-09-23,Plano,TX0430600,13B,A,A,N,M,18,R,N,SB,Residence/Home,Home,Personal Weapons,Minor Injury,C
200855690,180893027,2023-09-23,Plano,TX0430600,13B,B,B,N,F,64,N,N,OK,Residence/Home,Home,Personal Weapons,,C
202165886,182039277,2023-09-23,Plano,TX0430600,13B,W,W,N,F,34,R,Y,BG,Residence/Home,Home,Personal Weapons,Minor Injury,C
202165891,182039282,2023-09-23,Plano,TX0430600,13B,W,W,N,F,43,N,Y,SE,Hotel/Motel/Etc.,Hotel & Motel,Personal Weapons,Minor Injury,C
202165892,182039283,2023-09-23,Plano,TX0430600,13B,H,W,H,M,29,R,N,OF,Residence/Home,Home,Personal Weapons,Minor Injury,C
202165914,182039304,2023-09-23,Plano,TX0430600,13B,B,B,N,F,25,N,N,ST,Highway/Road/Alley/Street/Sidewalk,Street & Sidewalk,Personal Weapons,Minor Injury,C
202165893,182039284,2023-09-24,Plano,TX0430600,13B,B,B,N,F,26,R,Y,BG,Residence/Home,Home,Personal Weapons,Minor Injury,C
202165894,182039285,2023-09-24,Plano,TX0430600,13B,B,B,N,F,56,R,Y,SE,Residence/Home,Home,Personal Weapons,Minor Injury,C
202165896,182039287,2023-09-24,Plano,TX0430600,13B,W,W,N,M,58,R,N,PA,Residence/Home,Home,Personal Weapons,Minor Injury,C
206738767,186024881,2023-09-24,Plano,TX0430600,13B,H,W,H,F,20,N,Y,BG,Residence/Home,Home,Personal Weapons,Minor Injury,C
197980064,178354046,2023-09-25,Plano,TX0430600,13B,B,B,N,M,23,R,Y,BG,Residence/Home,Home,Personal Weapons,Minor Injury,C
202165906,182039296,2023-09-25,Plano,TX0430600,13B,W,W,N,F,23,R,N,OF,Residence/Home,Home,Personal Weapons,Minor Injury,C
206738731,186024851,2023-09-25,Plano,TX0430600,13B,H,W,H,M,28,R,N,ST,Parking/Drop Lot/Garage,Parking Lot,Personal Weapons,,C
197980093,178354073,2023-09-26,Plano,TX0430600,13B,W,W,N,M,27,R,N,OK,Residence/Home,Home,Personal Weapons,Minor Injury,C
200855741,180893072,2023-09-27,Plano,TX0430600,13B,B,B,N,F,12,N,N,AQ,School-Elementary/Secondary,K-12 School,Personal Weapons,,C
200855888,180893199,2023-09-27,Plano,TX0430600,13B,H,W,H,M,14,R,N,AQ,School-Elementary/Secondary,K-12 School,Personal Weapons,Minor Injury,C
202165923,182039313,2023-09-27,Plano,TX0430600,13B,W,W,N,M,61,R,N,ST,Bar/Nightclub,Bar & Nightclub,Personal Weapons,Minor Injury,C
202165924,182039313,2023-09-27,Plano,TX0430600,13B,W,W,N,M,44,N,N,ST,Bar/Nightclub,Bar & Nightclub,Personal Weapons,Minor Injury,C
202165926,182039314,2023-09-27,Plano,TX0430600,13B,H,W,H,F,19,R,Y,BG,Highway/Road/Alley/Street/Sidewalk,Street & Sidewalk,Personal Weapons,Minor Injury,C
206738737,186024856,2023-09-27,Plano,TX0430600,13B,B,B,N,M,13,R,N,ST,Highway/Road/Alley/Street/Sidewalk,Street & Sidewalk,Personal Weapons,Minor Injury,C
206738738,186024856,2023-09-27,Plano,TX0430600,13B,B,B,N,F,13,R,N,ST,Highway/Road/Alley/Street/Sidewalk,Street & Sidewalk,Personal Weapons,,C
197980204,178354173,2023-09-28,Plano,TX0430600,13B,H,W,H,F,27,R,Y,XR,Residence/Home,Home,Personal Weapons,Minor Injury,C
200855755,180893085,2023-09-28,Plano,TX0430600,13B,W,W,N,F,15,,N,AQ;VO,School-Elementary/Secondary,K-12 School,Personal Weapons,Minor Injury,C
200855756,180893085,2023-09-28,Plano,TX0430600,13B,W,W,N,F,15,,N,AQ;VO,School-Elementary/Secondary,K-12 School,Personal Weapons,Minor Injury,C
202165949,182039336,2023-09-28,Plano,TX0430600,13B,H,W,H,M,38,R,Y,BG,Residence/Home,Home,Personal Weapons,,C
204378892,183967259,2023-09-28,Plano,TX0430600,13B,B,B,N,M,11,R,N,AQ;VO,School-Elementary/Secondary,K-12 School,Personal Weapons,,C
204378893,183967259,2023-09-28,Plano,TX0430600,13B,W,W,N,M,12,R,N,AQ;VO,School-Elementary/Secondary,K-12 School,Personal Weapons,,C
208489498,187551450,2023-09-28,Plano,TX0430600,13B,W,W,N,F,15,R,N,OK,School-Elementary/Secondary,K-12 School,Personal Weapons,Minor Injury,C
200855791,180893118,2023-09-29,Plano,TX0430600,13B,B,B,N,F,20,N,Y,XR,Parking/Drop Lot/Garage,Parking Lot,Personal Weapons,Minor Injury,C
200855903,180893212,2023-09-29,Plano,TX0430600,13B,B,B,N,F,20,N,Y,XR,Residence/Home,Home,Personal Weapons,Minor Injury,C
202165952,182039339,2023-09-29,Plano,TX0430600,13B,H,W,H,F,22,N,Y,BG,Parking/Drop Lot/Garage,Parking Lot,Personal Weapons,Minor Injury,C
202165961,182039348,2023-09-29,Plano,TX0430600,13B,H,W,H,M,13,N,N,AQ,School-Elementary/Secondary,K-12 School,Personal Weapons,Minor Injury,C
197980267,178354231,2023-09-30,Plano,TX0430600,13B,B,B,N,F,52,N,N,ST,Convenience Store,Convenience Store,Personal Weapons,Minor Injury,C
202165965,182039351,2023-09-30,Plano,TX0430600,13B,B,B,N,F,21,R,N,CH,Hotel/Motel/Etc.,Hotel & Motel,Personal Weapons,Minor Injury,C
202165968,182039354,2023-09-30,Plano,TX0430600,13B,B,B,N,F,20,R,Y,BG,Residence/Home,Home,Personal Weapons,Minor Injury,C
202165969,182039355,2023-09-30,Plano,TX0430600,13B,W,W,N,F,21,R,Y,BG,Residence/Home,Home,Personal Weapons,Minor Injury,C
202165970,182039356,2023-09-30,Plano,TX0430600,13B,W,W,N,F,40,N,Y,OK;SE,Hotel/Motel/Etc.,Hotel & Motel,Personal Weapons,Minor Injury,C
200855823,180893139,2023-10-01,Plano,TX0430600,13B,B,B,N,F,35,R,Y,SE,Parking/Drop Lot/Garage,Parking Lot,Personal Weapons,,C
200855836,180893148,2023-10-01,Plano,TX0430600,13B,W,W,N,F,46,R,Y,XR,Residence/Home,Home,Personal Weapons,Minor Injury,C
202165983,182039369,2023-10-01,Plano,TX0430600,13B,H,W,H,F,45,N,Y,SE,Highway/Road/Alley/Street/Sidewalk,Street & Sidewalk,Personal Weapons,Minor Injury,C
202165985,182039371,2023-10-02,Plano,TX0430600,13B,H,W,H,M,29,R,Y,BG,Residence/Home,Home,Personal Weapons,Minor Injury,C
202165991,182039377,2023-10-02,Plano,TX0430600,13B,H,W,H,F,45,R,Y,XR,Residence/Home,Home,Personal Weapons,,C
202165994,182039380,2023-10-02,Plano,TX0430600,13B,A,A,N,M,54,R,N,PA,Residence/Home,Home,Personal Weapons,Minor Injury,C
200855899,180893208,2023-10-03,Plano,TX0430600,13B,H,W,H,F,18,R,N,AQ,Residence/Home,Home,Personal Weapons,Minor Injury,C
200855904,180893213,2023-10-03,Plano,TX0430600,13B,W,W,N,M,45,N,Y,XR,Other/Unknown,Other & Unknown,Personal Weapons,,C
200855906,180893215,2023-10-03,Plano,TX0430600,13B,B,B,U,M,31,N,Y,XR,Parking/Drop Lot/Garage,Parking Lot,Personal Weapons,,C
200855910,180893219,2023-10-03,Plano,TX0430600,13B,A,A,N,M,55,R,N,ST,Hotel/Motel/Etc.,Hotel & Motel,Personal Weapons,Minor Injury,C
202165998,182039384,2023-10-03,Plano,TX0430600,13B,H,W,H,M,15,R,N,ST,School-Elementary/Secondary,K-12 School,Personal Weapons,Minor Injury,C
200855962,180893266,2023-10-05,Plano,TX0430600,13B,B,B,N,M,12,N,N,AQ;VO,School-Elementary/Secondary,K-12 School,Personal Weapons,,C
200855963,180893266,2023-10-05,Plano,TX0430600,13B,W,W,N,M,13,R,N,AQ;VO,School-Elementary/Secondary,K-12 School,Personal Weapons,,C
200855965,180893268,2023-10-05,Plano,TX0430600,13B,W,W,N,M,15,R,N,AQ;VO,School-Elementary/Secondary,K-12 School,Personal Weapons,Minor Injury,C
200855966,180893268,2023-10-05,Plano,TX0430600,13B,W,W,N,M,14,R,N,AQ;VO,School-Elementary/Secondary,K-12 School,Personal Weapons,Minor Injury,C
200855993,180893293,2023-10-05,Plano,TX0430600,13B,W,W,N,M,60,R,N,ST,Park/Playground,Park & Playground,Personal Weapons,Minor Injury,C
202166012,182039392,2023-10-05,Plano,TX0430600,13B,B,B,N,M,15,,N,AQ;VO,School-College/University,College,Personal Weapons,,C
202166013,182039392,2023-10-05,Plano,TX0430600,13B,B,B,N,M,14,,N,AQ;VO,School-College/University,College,Personal Weapons,,C
204379071,183967404,2023-10-05,Plano,TX0430600,13B,W,W,N,M,18,R,N,AQ,Department/Discount Store,Department Store,Personal Weapons,,C
204379773,183968003,2023-10-05,Plano,TX0430600,13B,W,W,U,F,36,R,Y,BG,Parking/Drop Lot/Garage,Parking Lot,Personal Weapons,Minor Injury,C
200855984,180893285,2023-10-06,Plano,TX0430600,13B,B,B,N,M,38,N,N,OK,Hotel/Motel/Etc.,Hotel & Motel,Personal Weapons,Minor Injury,C
200855985,180893286,2023-10-06,Plano,TX0430600,13B,B,B,N,M,25,N,N,FR;VO,Parking/Drop Lot/Garage,Parking Lot,Personal Weapons,Minor Injury,C
200855986,180893286,2023-10-06,Plano,TX0430600,13B,H,W,H,M,37,N,N,FR;VO,Parking/Drop Lot/Garage,Parking Lot,Personal Weapons,Minor Injury,C
200856003,180893303,2023-10-06,Plano,TX0430600,13B,W,W,N,F,12,,N,AQ,School-Elementary/Secondary,K-12 School,Personal Weapons,,C
200856033,180893329,2023-10-06,Plano,TX0430600,13B,B,B,N,F,16,R,N,FR,Highway/Road/Alley/Street/Sidewalk,Street & Sidewalk,Personal Weapons,Minor Injury,C
200856086,180893376,2023-10-06,Plano,TX0430600,13B,W,W,N,M,51,N,N,ST,Bar/Nightclub,Bar & Nightclub,Personal Weapons,Minor Injury,C
202166031,182039408,2023-10-06,Plano,TX0430600,13B,B,B,N,F,47,R,Y,SE,Residence/Home,Home,Personal Weapons,Minor Injury,C
200856067,180893357,2023-10-07,Plano,TX0430600,13B,W,W,N,F,25,N,Y,XR,Parking/Drop Lot/Garage,Parking Lot,Personal Weapons,Minor Injury,C
202166039,182039414,2023-10-07,Plano,TX0430600,13B,W,W,N,M,69,R,Y,XR,Residence/Home,Home,Personal Weapons,Minor Injury,C
200856060,180893351,2023-10-08,Plano,TX0430600,13B,B,B,N,F,20,R,N,ST,Parking/Drop Lot/Garage,Parking Lot,Personal Weapons,,C
200856077,180893367,2023-10-08,Plano,TX0430600,13B,W,W,N,M,19,N,N,ST,Specialty Store,Specialty Store,Personal Weapons,Minor Injury,C
202166958,182040170,2023-10-09,Plano,TX0430600,13B,B,B,N,F,16,R,N,FR,Highway/Road/Alley/Street/Sidewalk,Street & Sidewalk,Personal Weapons,Minor Injury,C
206738765,186024879,2023-10-09,Plano,TX0430600,13B,B,B,U,F,25,N,N,ST,Bar/Nightclub,Bar & Nightclub,Personal Weapons,Minor Injury,C
200856167,180893450,2023-10-11,Plano,TX0430600,13B,W,W,N,M,61,R,N,OK;VO,Residence/Home,Home,Personal Weapons,,C
200856168,180893450,2023-10-11,Plano,TX0430600,13B,W,W,N,F,79,R,N,OK;VO,Residence/Home,Home,Personal Weapons,,C
202166080,182039447,2023-10-11,Plano,TX0430600,13B,H,W,H,F,29,R,N,SB,Residence/Home,Home,Personal Weapons,Minor Injury,C
204378943,183967300,2023-10-11,Plano,TX0430600,13B,W,W,N,F,65,R,Y,SE,Parking/Drop Lot/Garage,Parking Lot,Personal Weapons,Minor Injury,C
206738769,186024883,2023-10-11,Plano,TX0430600,13B,W,W,N,F,28,R,Y,XS,Residence/Home,Home,Personal Weapons,,C
200856217,180893494,2023-10-12,Plano,TX0430600,13B,W,W,N,M,21,R,N,AQ,Specialty Store,Specialty Store,Personal Weapons,Minor Injury,C
200856226,180893502,2023-10-12,Plano,TX0430600,13B,H,W,H,M,50,R,N,ST,Parking/Drop Lot/Garage,Parking Lot,Personal Weapons,Minor Injury,C
204378951,183967306,2023-10-12,Plano,TX0430600,13B,H,W,H,M,51,N,N,ST,Residence/Home,Home,Personal Weapons,Minor Injury,C
204378953,183967308,2023-10-12,Plano,TX0430600,13B,W,W,N,M,20,R,N,ST,Highway/Road/Alley/Street/Sidewalk,Street & Sidewalk,Personal Weapons,,C
204378954,183967308,2023-10-12,Plano,TX0430600,13B,W,W,N,M,21,N,N,ST,Highway/Road/Alley/Street/Sidewalk,Street & Sidewalk,Personal Weapons,,C
200856227,180893503,2023-10-13,Plano,TX0430600,13B,B,B,N,F,19,R,N,SB,Residence/Home,Home,Personal Weapons,Minor Injury,C
200856239,180893515,2023-10-13,Plano,TX0430600,13B,W,W,N,M,34,R,Y,XR,Residence/Home,Home,Personal Weapons,Minor Injury,C
200856265,180893537,2023-10-13,Plano,TX0430600,13B,H,W,H,F,29,N,Y,XS,Church/Synagogue/Temple/Mosque,Religious Building,Personal Weapons,,C
200856267,180893539,2023-10-13,Plano,TX0430600,13B,W,W,N,F,23,N,N,ST,Amusement Park,Amusement Park,Personal Weapons,,C
202166093,182039458,2023-10-13,Plano,TX0430600,13B,B,B,N,F,27,R,N,AQ,Residence/Home,Home,Personal Weapons,Minor Injury,C
202166095,182039460,2023-10-13,Plano,TX0430600,13B,W,W,N,M,46,N,N,ST,Drug Store/Doctor's Office/Hospital,Hospital & Clinic,Personal Weapons,,C
200856291,180893562,2023-10-14,Plano,TX0430600,13B,B,B,N,M,28,N,Y,BG,Hotel/Motel/Etc.,Hotel & Motel,Personal Weapons,,C
200856299,180893570,2023-10-14,Plano,TX0430600,13B,B,B,N,F,45,N,N,OK,Residence/Home,Home,Personal Weapons,Minor Injury,C
202166118,182039479,2023-10-14,Plano,TX0430600,13B,H,B,H,F,29,R,N,OK,Residence/Home,Home,Personal Weapons,,C
204378966,183967318,2023-10-14,Plano,TX0430600,13B,A,A,N,F,34,R,Y,SE,Residence/Home,Home,Personal Weapons,Minor Injury,C
204378968,183967320,2023-10-14,Plano,TX0430600,13B,W,W,N,M,31,R,Y,SE,Residence/Home,Home,Personal Weapons,Minor Injury,C
208487859,187550041,2023-10-15,Plano,TX0430600,13B,A,A,N,M,56,N,N,ST,Specialty Store,Specialty Store,Personal Weapons,,C
200856334,180893603,2023-10-16,Plano,TX0430600,13B,B,B,N,F,52,R,Y,BG,Residence/Home,Home,Personal Weapons,,C
200856353,180893621,2023-10-16,Plano,TX0430600,13B,B,B,N,F,30,R,N,SB,Residence/Home,Home,Personal Weapons,,C
204378982,183967332,2023-10-16,Plano,TX0430600,13B,A,A,N,F,24,R,Y,BG,Residence/Home,Home,Personal Weapons,Minor Injury,C
200856357,180893625,2023-10-17,Plano,TX0430600,13B,H,W,H,M,25,R,Y,SE;VO,Residence/Home,Home,Personal Weapons,,C
200856358,180893625,2023-10-17,Plano,TX0430600,13B,H,W,H,F,24,R,Y,SE;VO,Residence/Home,Home,Personal Weapons,Minor Injury,C
200856387,180893650,2023-10-17,Plano,TX0430600,13B,W,W,N,M,54,N,N,OK,Parking/Drop Lot/Garage,Parking Lot,Personal Weapons,,C
200856388,180893651,2023-10-17,Plano,TX0430600,13B,W,W,N,F,51,R,Y,SE,Residence/Home,Home,Personal Weapons,,C
200856389,180893651,2023-10-17,Plano,TX0430600,13B,W,W,N,F,17,R,N,CH,Residence/Home,Home,Personal Weapons,,C
200856393,180893654,2023-10-17,Plano,TX0430600,13B,W,W,N,F,58,R,N,PA,Residence/Home,Home,Personal Weapons,Minor Injury,C
206739105,186025158,2023-10-17,Plano,TX0430600,13B,W,W,N,F,84,R,N,PA,Residence/Home,Home,Personal Weapons,,C
200856410,180893669,2023-10-18,Plano,TX0430600,13B,A,A,N,M,14,R,N,AQ;VO,School-Elementary/Secondary,K-12 School,Personal Weapons,Minor Injury,C
200856411,180893669,2023-10-18,Plano,TX0430600,13B,B,B,N,M,14,R,N,AQ;VO,School-Elementary/Secondary,K-12 School,Personal Weapons,Minor Injury,C
202166132,182039491,2023-10-18,Plano,TX0430600,13B,W,W,N,F,14,R,N,SB,Highway/Road/Alley/Street/Sidewalk,Street & Sidewalk,Personal Weapons,,C
204378997,183967345,2023-10-18,Plano,TX0430600,13B,B,B,N,F,27,R,Y,XR,Residence/Home,Home,Personal Weapons,Minor Injury,C
200856450,180893705,2023-10-19,Plano,TX0430600,13B,B,B,N,M,38,R,Y,BG,Bar/Nightclub,Bar & Nightclub,Personal Weapons,,C
200856453,180893708,2023-10-19,Plano,TX0430600,13B,B,B,N,F,24,R,Y,SE,Residence/Home,Home,Personal Weapons,,C
200856477,180893731,2023-10-19,Plano,TX0430600,13B,B,B,N,M,12,R,N,OK,Park/Playground,Park & Playground,Personal Weapons,Minor Injury,C
200856478,180893731,2023-10-19,Plano,TX0430600,13B,W,W,N,F,60,R,N,ST,Park/Playground,Park & Playground,Personal Weapons,,C
200856599,180893828,2023-10-19,Plano,TX0430600,13B,B,B,N,F,22,R,Y,BG,Parking/Drop Lot/Garage,Parking Lot,Personal Weapons,Minor Injury,C
206738785,186024898,2023-10-19,Plano,TX0430600,13B,W,W,N,M,59,R,N,AQ,Highway/Road/Alley/Street/Sidewalk,Street & Sidewalk,Personal Weapons,Minor Injury,C
200856456,180893711,2023-10-20,Plano,TX0430600,13B,H,W,H,F,22,R,Y,BG,Parking/Drop Lot/Garage,Parking Lot,Personal Weapons,Minor Injury,C
200856461,180893716,2023-10-20,Plano,TX0430600,13B,A,A,N,M,13,R,N,AQ,School-Elementary/Secondary,K-12 School,Personal Weapons,Minor Injury,C
200856473,180893727,2023-10-20,Plano,TX0430600,13B,B,B,N,F,29,N,Y,BG,Residence/Home,Home,Personal Weapons,Minor Injury,C
200856491,180893740,2023-10-20,Plano,TX0430600,13B,W,W,N,M,62,N,N,OK,Restaurant,Restaurant,Personal Weapons,,C
200856499,180893746,2023-10-20,Plano,TX0430600,13B,H,W,H,F,34,R,Y,BG,Parking/Drop Lot/Garage,Parking Lot,Personal Weapons,,C
200856579,180893811,2023-10-20,Plano,TX0430600,13B,W,W,N,M,11,R,N,AQ,Park/Playground,Park & Playground,Personal Weapons,,C
204379003,183967351,2023-10-20,Plano,TX0430600,13B,H,W,H,F,25,R,Y,BG,Residence/Home,Home,Personal Weapons,Minor Injury,C
204379007,183967354,2023-10-20,Plano,TX0430600,13B,H,W,H,F,27,N,N,FR,Parking/Drop Lot/Garage,Parking Lot,Personal Weapons,,C
208487869,187550051,2023-10-20,Plano,TX0430600,13B,B,B,N,F,43,R,N,AQ,School-Elementary/Secondary,K-12 School,Personal Weapons,Minor Injury,C
200856518,180893763,2023-10-21,Plano,TX0430600,13B,W,W,N,F,33,R,N,PA,Residence/Home,Home,Personal Weapons,Minor Injury,C
204379022,183967366,2023-10-21,Plano,TX0430600,13B,H,W,H,F,47,R,Y,SE,Residence/Home,Home,Personal Weapons,Minor Injury,C
200856528,180893771,2023-10-22,Plano,TX0430600,13B,H,W,H,M,35,R,Y,XR,Residence/Home,Home,Personal Weapons,Minor Injury,C
200856534,180893777,2023-10-22,Plano,TX0430600,13B,B,B,N,F,34,R,N,PA,Residence/Home,Home,Personal Weapons,Minor Injury,C
200856546,180893785,2023-10-22,Plano,TX0430600,13B,W,W,N,F,29,N,Y,BG,Parking/Drop Lot/Garage,Parking Lot,Personal Weapons,Minor Injury,C
200856559,180893796,2023-10-22,Plano,TX0430600,13B,A,A,N,F,45,R,Y,SE,Residence/Home,Home,Personal Weapons,Minor Injury,C
202166147,182039503,2023-10-22,Plano,TX0430600,13B,W,W,N,M,47,N,N,ST,Bar/Nightclub,Bar & Nightclub,Personal Weapons,Minor Injury,C
204379029,183967371,2023-10-22,Plano,TX0430600,13B,H,W,H,M,23,R,N,SB,Residence/Home,Home,Personal Weapons,Minor Injury,C
204379033,183967374,2023-10-22,Plano,TX0430600,13B,B,B,N,M,46,,N,FR;VO,Highway/Road/Alley/Street/Sidewalk,Street & Sidewalk,Personal Weapons,Minor Injury,C
204379034,183967374,2023-10-22,Plano,TX0430600,13B,B,B,N,M,34,,N,FR;VO,Highway/Road/Alley/Street/Sidewalk,Street & Sidewalk,Personal Weapons,,C
206738796,186024909,2023-10-22,Plano,TX0430600,13B,B,B,N,M,35,N,Y,BG,Residence/Home,Home,Personal Weapons,Minor Injury,C
206738801,186024913,2023-10-22,Plano,TX0430600,13B,W,W,N,M,59,N,N,ST,Parking/Drop Lot/Garage,Parking Lot,Personal Weapons,,C
206738803,186024915,2023-10-22,Plano,TX0430600,13B,H,W,H,M,17,R,N,ST,Jail/Prison/Penitentiary/Corrections Facility,Jail & Prison,Personal Weapons,Minor Injury,C
206738805,186024916,2023-10-22,Plano,TX0430600,13B,W,W,N,M,35,R,N,SB,Parking/Drop Lot/Garage,Parking Lot,Personal Weapons,Minor Injury,C
206739093,186025149,2023-10-22,Plano,TX0430600,13B,W,W,N,F,22,R,Y,BG,Residence/Home,Home,Personal Weapons,Minor Injury,C
200856586,180893817,2023-10-23,Plano,TX0430600,13B,H,W,H,M,28,R,N,ST,Department/Discount Store,Department Store,Personal Weapons,Minor Injury,C
200856609,180893837,2023-10-23,Plano,TX0430600,13B,H,W,H,F,13,R,N,AQ,School-Elementary/Secondary,K-12 School,Personal Weapons,Minor Injury,C
202166672,182039931,2023-10-23,Plano,TX0430600,13B,H,W,H,F,16,R,N,FR,School-Elementary/Secondary,K-12 School,Personal Weapons,Minor Injury,C
200856666,180893886,2023-10-24,Plano,TX0430600,13B,B,B,N,F,28,R,Y,XR,Residence/Home,Home,Personal Weapons,,C
200856677,180893896,2023-10-24,Plano,TX0430600,13B,W,W,N,F,12,R,N,AQ,School-Elementary/Secondary,K-12 School,Personal Weapons,Minor Injury,C
206738834,186024941,2023-10-25,Plano,TX0430600,13B,A,A,N,M,43,R,N,OK,Residence/Home,Home,Personal Weapons,Minor Injury,C
200856735,180893943,2023-10-26,Plano,TX0430600,13B,W,W,N,F,12,R,N,CH,Residence/Home,Home,Personal Weapons,,C
200856739,180893947,2023-10-26,Plano,TX0430600,13B,H,W,H,F,16,R,N,AQ;VO,School-Elementary/Secondary,K-12 School,Personal Weapons,Minor Injury,C
200856740,180893947,2023-10-26,Plano,TX0430600,13B,H,W,H,F,14,R,N,AQ;VO,School-Elementary/Secondary,K-12 School,Personal Weapons,Minor Injury,C
200856746,180893953,2023-10-26,Plano,TX0430600,13B,W,W,N,M,44,N,N,ST,Specialty Store,Specialty Store,Personal Weapons,,C
200856747,180893954,2023-10-26,Plano,TX0430600,13B,H,W,H,F,53,R,N,PA,Residence/Home,Home,Personal Weapons,,C
206738836,186024943,2023-10-26,Plano,TX0430600,13B,W,W,N,F,30,R,Y,SE,Residence/Home,Home,Personal Weapons,Minor Injury,C
200856759,180893966,2023-10-27,Plano,TX0430600,13B,B,B,N,F,42,N,N,AQ,Highway/Road/Alley/Street/Sidewalk,Street & Sidewalk,Personal Weapons,Minor Injury,C
200856763,180893970,2023-10-27,Plano,TX0430600,13B,B,B,N,M,55,R,N,PA,Residence/Home,Home,Personal Weapons,Minor Injury,C
200856781,180893988,2023-10-27,Plano,TX0430600,13B,B,B,N,F,28,R,Y,BG,Residence/Home,Home,Personal Weapons,,C
202166340,182039653,2023-10-27,Plano,TX0430600,13B,B,B,N,M,17,N,N,SB,School-Elementary/Secondary,K-12 School,Personal Weapons,,C
206738849,186024956,2023-10-27,Plano,TX0430600,13B,W,W,U,M,3,N,N,AQ,Daycare Facility,Daycare Facility,Personal Weapons,Minor Injury,C
200458195,180550068,2023-10-28,Plano,TX0430600,13B,H,W,H,F,24,N,Y,BG,Highway/Road/Alley/Street/Sidewalk,Street & Sidewalk,Personal Weapons,Minor Injury,C
200856797,180894004,2023-10-28,Plano,TX0430600,13B,B,B,N,F,34,N,N,ST,Hotel/Motel/Etc.,Hotel & Motel,Personal Weapons,Minor Injury,C
206738859,186024963,2023-10-28,Plano,TX0430600,13B,W,W,N,F,33,R,Y,BG,Residence/Home,Home,Personal Weapons,Minor Injury,C
208487887,187550067,2023-10-28,Plano,TX0430600,13B,W,W,N,M,14,N,N,ST,Government/Public Building,Government Building,Personal Weapons,Minor Injury,C
208488297,187550411,2023-10-28,Plano,TX0430600,13B,H,W,H,F,16,N,N,AQ,Restaurant,Restaurant,Personal Weapons,,C
200856841,180894039,2023-10-29,Plano,TX0430600,13B,A,A,N,F,21,N,N,AQ,Specialty Store,Specialty Store,Personal Weapons,,C
206738883,186024981,2023-10-29,Plano,TX0430600,13B,W,W,N,F,41,R,Y,SE,Residence/Home,Home,Personal Weapons,Minor Injury,C
200856863,180894060,2023-10-30,Plano,TX0430600,13B,B,B,N,F,28,R,N,NE,Residence/Home,Home,Personal Weapons,Minor Injury,C
202166234,182039577,2023-10-30,Plano,TX0430600,13B,W,W,N,F,28,R,N,FR,Hotel/Motel/Etc.,Hotel & Motel,Personal Weapons,Minor Injury,C
202166254,182039596,2023-10-30,Plano,TX0430600,13B,B,B,N,F,14,,N,AQ;VO,School-Elementary/Secondary,K-12 School,Personal Weapons,Minor Injury,C
202166255,182039596,2023-10-30,Plano,TX0430600,13B,B,B,N,F,15,,N,AQ;VO,School-Elementary/Secondary,K-12 School,Personal Weapons,Minor Injury,C
202166256,182039596,2023-10-30,Plano,TX0430600,13B,B,B,N,F,14,,N,AQ;VO,School-Elementary/Secondary,K-12 School,Personal Weapons,Minor Injury,C
202166257,182039596,2023-10-30,Plano,TX0430600,13B,B,B,N,F,14,,N,AQ;VO,School-Elementary/Secondary,K-12 School,Personal Weapons,Minor Injury,C
202166258,182039596,2023-10-30,Plano,TX0430600,13B,B,B,N,F,16,R,N,AQ;VO,School-Elementary/Secondary,K-12 School,Personal Weapons,Minor Injury,C
202166259,182039596,2023-10-30,Plano,TX0430600,13B,H,W,H,F,14,,N,AQ;VO,School-Elementary/Secondary,K-12 School,Personal Weapons,Minor Injury,C
202166260,182039596,2023-10-30,Plano,TX0430600,13B,B,B,N,F,15,,N,AQ;VO,School-Elementary/Secondary,K-12 School,Personal Weapons,Minor Injury,C
202166261,182039596,2023-10-30,Plano,TX0430600,13B,B,B,N,F,14,,N,AQ;VO,School-Elementary/Secondary,K-12 School,Personal Weapons,Minor Injury,C
202166277,182039611,2023-10-30,Plano,TX0430600,13B,W,W,N,M,48,N,Y,BG,Parking/Drop Lot/Garage,Parking Lot,Personal Weapons,Minor Injury,C
206738885,186024983,2023-10-30,Plano,TX0430600,13B,W,W,N,M,58,R,N,PA,Residence/Home,Home,Personal Weapons,Minor Injury,C
200856979,180894145,2023-10-31,Plano,TX0430600,13B,W,W,N,F,15,R,N,CH,Residence/Home,Home,Personal Weapons,Minor Injury,C
200856981,180894147,2023-10-31,Plano,TX0430600,13B,W,W,N,F,14,U,N,ST,Highway/Road/Alley/Street/Sidewalk,Street & Sidewalk,Personal Weapons,,C
200856982,180894147,2023-10-31,Plano,TX0430600,13B,W,W,N,M,13,R,N,OK,Highway/Road/Alley/Street/Sidewalk,Street & Sidewalk,Personal Weapons,,C
200856987,180894152,2023-10-31,Plano,TX0430600,13B,H,W,H,M,46,R,N,ST,Parking/Drop Lot/Garage,Parking Lot,Personal Weapons,Minor Injury,C
202166342,182039655,2023-11-01,Plano,TX0430600,13B,W,W,N,F,17,R,N,FR,School-Elementary/Secondary,K-12 School,Personal Weapons,Minor Injury,C
202166345,182039658,2023-11-01,Plano,TX0430600,13B,B,B,N,F,42,N,Y,XR,Highway/Road/Alley/Street/Sidewalk,Street & Sidewalk,Personal Weapons,,C
202166376,182039686,2023-11-01,Plano,TX0430600,13B,W,W,N,F,34,R,Y,SE,Residence/Home,Home,Personal Weapons,,C
206738920,186025011,2023-11-01,Plano,TX0430600,13B,W,W,N,F,57,N,N,OK,Drug Store/Doctor's Office/Hospital,Hospital & Clinic,Personal Weapons,,C
206738922,186025013,2023-11-01,Plano,TX0430600,13B,B,B,N,F,19,N,Y,XR,Residence/Home,Home,Personal Weapons,Minor Injury,C
206738927,186025017,2023-11-01,Plano,TX0430600,13B,A,A,N,F,20,N,N,ST,Restaurant,Restaurant,Personal Weapons,,C
202166385,182039693,2023-11-02,Plano,TX0430600,13B,H,W,H,M,35,R,N,PA,Residence/Home,Home,Personal Weapons,Minor Injury,C
202166439,182039741,2023-11-02,Plano,TX0430600,13B,B,B,N,F,31,R,Y,BG,Hotel/Motel/Etc.,Hotel & Motel,Personal Weapons,Minor Injury,C
206738941,186025028,2023-11-02,Plano,TX0430600,13B,W,W,N,F,29,N,N,ST,Highway/Road/Alley/Street/Sidewalk,Street & Sidewalk,Personal Weapons,,C
202166466,182039766,2023-11-03,Plano,TX0430600,13B,W,W,N,F,16,R,N,AQ,School-Elementary/Secondary,K-12 School,Personal Weapons,Minor Injury,C
202166478,182039777,2023-11-03,Plano,TX0430600,13B,A,A,N,F,26,N,N,AQ,Specialty Store,Specialty Store,Personal Weapons,,C
202166482,182039781,2023-11-03,Plano,TX0430600,13B,B,B,N,F,39,R,N,PA,Residence/Home,Home,Personal Weapons,,C
204379154,183967477,2023-11-03,Plano,TX0430600,13B,H,W,H,M,15,R,N,AQ;FR,Residence/Home,Home,Personal Weapons,Minor Injury,C
206738955,186025040,2023-11-03,Plano,TX0430600,13B,W,W,N,F,37,R,Y,SE,Residence/Home,Home,Personal Weapons,Minor Injury,C
202166505,182039802,2023-11-04,Plano,TX0430600,13B,W,W,N,F,27,N,N,AQ,Parking/Drop Lot/Garage,Parking Lot,Personal Weapons,Minor Injury,C
206738954,186025039,2023-11-04,Plano,TX0430600,13B,H,W,H,F,23,N,Y,XR,Residence/Home,Home,Personal Weapons,Minor Injury,C
206738958,186025043,2023-11-04,Plano,TX0430600,13B,H,W,H,M,26,R,N,ST,Bar/Nightclub,Bar & Nightclub,Personal Weapons,,C
206739575,186025555,2023-11-04,Plano,TX0430600,13B,W,W,N,F,28,R,Y,CS,Residence/Home,Home,Personal Weapons,Minor Injury,C
206739576,186025555,2023-11-04,Plano,TX0430600,13B,W,W,N,M,2,R,N,CH,Residence/Home,Home,Personal Weapons,Minor Injury,C
206739577,186025555,2023-11-04,Plano,TX0430600,13B,W,W,N,F,4,R,N,CH,Residence/Home,Home,Personal Weapons,,C
202166533,182039821,2023-11-05,Plano,TX0430600,13B,H,W,H,M,36,R,Y,XR,Residence/Home,Home,Personal Weapons,,C
202166664,182039925,2023-11-05,Plano,TX0430600,13B,W,W,N,F,37,R,Y,SE,Residence/Home,Home,Personal Weapons,Minor Injury,C
204379233,183967544,2023-11-05,Plano,TX0430600,13B,W,W,N,F,55,N,N,AQ,Grocery/Supermarket,Grocery Store,Personal Weapons,,C
206738956,186025041,2023-11-05,Plano,TX0430600,13B,H,W,H,F,45,R,N,PA,Residence/Home,Home,Personal Weapons,Minor Injury,C
206738957,186025042,2023-11-05,Plano,TX0430600,13B,H,W,H,F,41,R,Y,SE,Residence/Home,Home,Personal Weapons,Minor Injury,C
206738964,186025048,2023-11-05,Plano,TX0430600,13B,W,W,N,F,35,R,Y,XR,Hotel/Motel/Etc.,Hotel & Motel,Personal Weapons,Minor Injury,C
202166564,182039849,2023-11-06,Plano,TX0430600,13B,W,W,N,F,61,N,N,OK,School-Elementary/Secondary,K-12 School,Personal Weapons,Minor Injury,C
202166565,182039849,2023-11-06,Plano,TX0430600,13B,B,B,N,M,16,R,N,AQ;VO,School-Elementary/Secondary,K-12 School,Personal Weapons,,C
202166566,182039849,2023-11-06,Plano,TX0430600,13B,B,B,N,F,14,N,N,AQ;VO,School-Elementary/Secondary,K-12 School,Personal Weapons,,C
202166567,182039849,2023-11-06,Plano,TX0430600,13B,B,B,N,F,27,N,N,AQ,School-Elementary/Secondary,K-12 School,Personal Weapons,Minor Injury,C
202166568,182039849,2023-11-06,Plano,TX0430600,13B,W,W,N,F,,N,N,AQ,School-Elementary/Secondary,K-12 School,Personal Weapons,Minor Injury,C
202166569,182039849,2023-11-06,Plano,TX0430600,13B,B,B,N,M,16,R,N,AQ;OK;VO,School-Elementary/Secondary,K-12 School,Personal Weapons,,C
202166570,182039849,2023-11-06,Plano,TX0430600,13B,B,B,N,F,15,R,N,AQ;OK;VO,School-Elementary/Secondary,K-12 School,Personal Weapons,,C
202166605,182039875,2023-11-06,Plano,TX0430600,13B,A,A,N,M,35,N,Y,SE,Residence/Home,Home,Personal Weapons,Minor Injury,C
204379183,183967504,2023-11-06,Plano,TX0430600,13B,W,W,N,M,33,N,N,OK,Service/Gas Station,Gas Station,Personal Weapons,,C
208487901,187550081,2023-11-06,Plano,TX0430600,13B,W,W,N,F,27,R,Y,XR,Parking/Drop Lot/Garage,Parking Lot,Personal Weapons,Minor Injury,C
202166612,182039881,2023-11-07,Plano,TX0430600,13B,H,W,H,F,37,N,N,ST,Highway/Road/Alley/Street/Sidewalk,Street & Sidewalk,Personal Weapons,,C
206738989,186025065,2023-11-07,Plano,TX0430600,13B,W,W,N,F,32,R,Y,SE,Residence/Home,Home,Personal Weapons,,C
202166649,182039912,2023-11-08,Plano,TX0430600,13B,W,W,N,M,54,R,Y,SE,Residence/Home,Home,Personal Weapons,,C
202166722,182039975,2023-11-08,Plano,TX0430600,13B,W,W,N,F,15,N,N,AQ,School-Elementary/Secondary,K-12 School,Personal Weapons,Minor Injury,C
204379212,183967524,2023-11-08,Plano,TX0430600,13B,W,W,N,F,53,R,Y,SE,Residence/Home,Home,Personal Weapons,Minor Injury,C
204379361,183967648,2023-11-08,Plano,TX0430600,13B,H,W,H,F,13,R,N,SC,Residence/Home,Home,Personal Weapons,Minor Injury,C
206739006,186025077,2023-11-08,Plano,TX0430600,13B,A,A,N,F,24,N,N,SB,Parking/Drop Lot/Garage,Parking Lot,Personal Weapons,Minor Injury,C
206739030,186025099,2023-11-08,Plano,TX0430600,13B,H,B,H,M,4,N,N,SC,Residence/Home,Home,Personal Weapons,Minor Injury,C
202166723,182039976,2023-11-09,Plano,TX0430600,13B,W,W,N,F,43,R,N,AQ,School-Elementary/Secondary,K-12 School,Personal Weapons,Minor Injury,C
202166729,182039980,2023-11-09,Plano,TX0430600,13B,W,W,N,F,39,N,Y,XR,Hotel/Motel/Etc.,Hotel & Motel,Personal Weapons,Minor Injury,C
206739011,186025082,2023-11-09,Plano,TX0430600,13B,B,B,N,M,66,R,Y,SE,Residence/Home,Home,Personal Weapons,Minor Injury,C
206739020,186025089,2023-11-09,Plano,TX0430600,13B,B,B,N,F,17,N,Y,BG;OK,Hotel/Motel/Etc.,Hotel & Motel,Personal Weapons,Minor Injury,C
206739131,186025180,2023-11-09,Plano,TX0430600,13B,H,W,H,F,24,N,Y,XR,Parking/Drop Lot/Garage,Parking Lot,Personal Weapons,Minor Injury,C
202166741,182039991,2023-11-10,Plano,TX0430600,13B,B,B,N,F,62,N,N,PA,Highway/Road/Alley/Street/Sidewalk,Street & Sidewalk,Personal Weapons,Minor Injury,C
202166742,182039992,2023-11-10,Plano,TX0430600,13B,H,W,H,M,13,R,N,AQ;VO,School-Elementary/Secondary,K-12 School,Personal Weapons,Minor Injury,C
202166743,182039992,2023-11-10,Plano,TX0430600,13B,B,B,N,M,13,N,N,AQ;VO,School-Elementary/Secondary,K-12 School,Personal Weapons,,C
202166759,182040007,2023-11-10,Plano,TX0430600,13B,B,B,N,F,32,N,N,GC;VO,Residence/Home,Home,Personal Weapons,,C
202166760,182040007,2023-11-10,Plano,TX0430600,13B,B,B,N,F,72,U,N,GP;VO,Residence/Home,Home,Personal Weapons,Minor Injury,C
202166792,182040037,2023-11-10,Plano,TX0430600,13B,W,W,N,M,10,N,N,GC,Hotel/Motel/Etc.,Hotel & Motel,Personal Weapons,Minor Injury,C
202166793,182040037,2023-11-10,Plano,TX0430600,13B,W,W,N,F,7,N,N,GC,Hotel/Motel/Etc.,Hotel & Motel,Personal Weapons,Minor Injury,C
204379243,183967554,2023-11-10,Plano,TX0430600,13B,A,A,N,F,39,R,Y,SE,Residence/Home,Home,Personal Weapons,Minor Injury,C
206739022,186025091,2023-11-10,Plano,TX0430600,13B,H,W,H,F,23,R,Y,BG,Residence/Home,Home,Personal Weapons,Minor Injury,C
206739034,186025101,2023-11-10,Plano,TX0430600,13B,W,W,N,M,60,N,N,ST,Liquor Store,Liquor Store,Personal Weapons,,C
202166772,182040017,2023-11-11,Plano,TX0430600,13B,B,B,N,M,19,R,N,ST,Residence/Home,Home,Personal Weapons,Minor Injury,C
202166777,182040022,2023-11-11,Plano,TX0430600,13B,H,W,H,F,31,N,Y,XR,Highway/Road/Alley/Street/Sidewalk,Street & Sidewalk,Personal Weapons,Minor Injury,C
202166804,182040045,2023-11-11,Plano,TX0430600,13B,W,W,N,M,56,R,N,OF,Highway/Road/Alley/Street/Sidewalk,Street & Sidewalk,Personal Weapons,Minor Injury,C
202166809,182040050,2023-11-11,Plano,TX0430600,13B,W,W,N,F,27,R,Y,SE,Residence/Home,Home,Personal Weapons,,C
206739046,186025110,2023-11-11,Plano,TX0430600,13B,W,W,N,M,39,N,N,ST,Drug Store/Doctor's Office/Hospital,Hospital & Clinic,Personal Weapons,Minor Injury,C
206739086,186025144,2023-11-11,Plano,TX0430600,13B,B,B,N,F,41,N,Y,BG,Parking/Drop Lot/Garage,Parking Lot,Personal Weapons,Minor Injury,C
208487921,187550096,2023-11-11,Plano,TX0430600,13B,B,B,N,M,46,R,Y,BG,Residence/Home,Home,Personal Weapons,Minor Injury,C
202166821,182040062,2023-11-12,Plano,TX0430600,13B,W,W,N,F,32,N,Y,SE,Hotel/Motel/Etc.,Hotel & Motel,Personal Weapons,Minor Injury,C
202166831,182040069,2023-11-12,Plano,TX0430600,13B,W,W,N,M,20,N,N,ST,Amusement Park,Amusement Park,Personal Weapons,,C
202166832,182040069,2023-11-12,Plano,TX0430600,13B,B,B,N,M,21,N,N,ST,Amusement Park,Amusement Park,Personal Weapons,Minor Injury,C
204379272,183967579,2023-11-12,Plano,TX0430600,13B,H,W,H,M,40,R,N,NE;VO,Residence/Home,Home,Personal Weapons,,C
204379273,183967579,2023-11-12,Plano,TX0430600,13B,H,W,H,M,20,R,N,NE;VO,Residence/Home,Home,Personal Weapons,,C
204379275,183967580,2023-11-12,Plano,TX0430600,13B,B,B,N,F,53,R,Y,SE,Hotel/Motel/Etc.,Hotel & Motel,Personal Weapons,Minor Injury,C
208487924,187550099,2023-11-12,Plano,TX0430600,13B,W,W,N,F,45,R,Y,BG,Residence/Home,Home,Personal Weapons,Minor Injury,C
202166839,182040076,2023-11-13,Plano,TX0430600,13B,B,B,N,M,24,N,N,ST,Parking/Drop Lot/Garage,Parking Lot,Personal Weapons,,C
206739056,186025120,2023-11-13,Plano,TX0430600,13B,A,A,N,F,31,R,N,SB,Hotel/Motel/Etc.,Hotel & Motel,Personal Weapons,,C
206739067,186025128,2023-11-13,Plano,TX0430600,13B,A,A,N,F,35,R,Y,SE,Residence/Home,Home,Personal Weapons,Minor Injury,C
202166878,182040104,2023-11-14,Plano,TX0430600,13B,B,B,N,M,34,N,N,AQ,Parking/Drop Lot/Garage,Parking Lot,Personal Weapons,Minor Injury,C
202166898,182040121,2023-11-14,Plano,TX0430600,13B,W,W,N,M,17,R,N,AQ,School-Elementary/Secondary,K-12 School,Personal Weapons,,C
206739087,186025145,2023-11-14,Plano,TX0430600,13B,B,B,N,F,30,N,Y,XR,Residence/Home,Home,Personal Weapons,,C
208487927,187550102,2023-11-14,Plano,TX0430600,13B,W,W,N,F,29,N,Y,BG,Hotel/Motel/Etc.,Hotel & Motel,Personal Weapons,Minor Injury,C
206739092,186025148,2023-11-15,Plano,TX0430600,13B,H,W,H,M,18,R,N,AQ,Residence/Home,Home,Personal Weapons,Minor Injury,C
208487937,187550111,2023-11-15,Plano,TX0430600,13B,A,A,N,F,27,R,Y,BG,Residence/Home,Home,Personal Weapons,Minor Injury,C
202166965,182040175,2023-11-16,Plano,TX0430600,13B,B,B,N,F,70,R,N,PA;VO,Residence/Home,Home,Personal Weapons,,C
202166966,182040175,2023-11-16,Plano,TX0430600,13B,B,B,N,F,15,R,N,CH;GC,Residence/Home,Home,Personal Weapons,,C
206739099,186025153,2023-11-16,Plano,TX0430600,13B,H,W,H,F,33,N,Y,BG,Residence/Home,Home,Personal Weapons,,C
202166986,182040193,2023-11-17,Plano,TX0430600,13B,W,W,N,M,14,R,N,FR,School-Elementary/Secondary,K-12 School,Personal Weapons,Minor Injury,C
202166989,182040196,2023-11-17,Plano,TX0430600,13B,W,W,N,M,14,R,N,AQ;VO,School-Elementary/Secondary,K-12 School,Personal Weapons,,C
202166990,182040196,2023-11-17,Plano,TX0430600,13B,B,B,N,M,13,R,N,AQ;VO,School-Elementary/Secondary,K-12 School,Personal Weapons,,C
202166992,182040198,2023-11-17,Plano,TX0430600,13B,W,W,N,M,45,N,N,OK,School-Elementary/Secondary,K-12 School,Personal Weapons,Minor Injury,C
204379347,183967636,2023-11-17,Plano,TX0430600,13B,W,W,N,F,12,R,N,AQ,Park/Playground,Park & Playground,Personal Weapons,Minor Injury,C
202167017,182040220,2023-11-18,Plano,TX0430600,13B,W,W,N,M,24,R,Y,BG;VO,Residence/Home,Home,Personal Weapons,,C
202167018,182040220,2023-11-18,Plano,TX0430600,13B,H,W,H,F,23,N,Y,BG;VO,Residence/Home,Home,Personal Weapons,,C
204379399,183967686,2023-11-18,Plano,TX0430600,13B,W,W,N,F,46,N,Y,XR,Parking/Drop Lot/Garage,Parking Lot,Personal Weapons,,C
202167034,182040235,2023-11-19,Plano,TX0430600,13B,H,W,H,F,31,R,Y,BG,Residence/Home,Home,Personal Weapons,,C
202167041,182040241,2023-11-19,Plano,TX0430600,13B,H,W,H,M,30,R,N,OK,Residence/Home,Home,Personal Weapons,,C
204379381,183967668,2023-11-19,Plano,TX0430600,13B,W,W,N,F,35,N,Y,BG,Parking/Drop Lot/Garage,Parking Lot,Personal Weapons,Minor Injury,C
206739128,186025178,2023-11-19,Plano,TX0430600,13B,W,W,N,F,41,R,N,FR,Residence/Home,Home,Personal Weapons,,C
204379429,183967716,2023-11-20,Plano,TX0430600,13B,W,W,N,F,26,N,N,ST,Drug Store/Doctor's Office/Hospital,Hospital & Clinic,Personal Weapons,Minor Injury,C
202167114,182040306,2023-11-21,Plano,TX0430600,13B,B,B,N,M,44,R,N,ST,Parking/Drop Lot/Garage,Parking Lot,Personal Weapons,Minor Injury,C
204379410,183967697,2023-11-21,Plano,TX0430600,13B,B,B,N,F,57,R,N,PA,Residence/Home,Home,Personal Weapons,Minor Injury,C
206739143,186025192,2023-11-21,Plano,TX0430600,13B,B,B,N,F,43,R,N,PA,Residence/Home,Home,Personal Weapons,Minor Injury,C
202167160,182040350,2023-11-22,Plano,TX0430600,13B,B,B,N,F,64,N,N,AQ,Residence/Home,Home,Personal Weapons,,C
204379424,183967711,2023-11-22,Plano,TX0430600,13B,W,W,N,F,33,R,N,AQ,Residence/Home,Home,Personal Weapons,Minor Injury,C
204379432,183967719,2023-11-22,Plano,TX0430600,13B,W,W,N,F,25,R,Y,BG,Residence/Home,Home,Personal Weapons,Minor Injury,C
204379453,183967739,2023-11-22,Plano,TX0430600,13B,W,W,N,M,54,R,Y,SE,Residence/Home,Home,Personal Weapons,Minor Injury,C
208487962,187550135,2023-11-22,Plano,TX0430600,13B,B,B,N,F,36,R,Y,XR,Highway/Road/Alley/Street/Sidewalk,Street & Sidewalk,Personal Weapons,Minor Injury,C
202167180,182040369,2023-11-24,Plano,TX0430600,13B,W,W,N,M,45,R,Y,SE,Residence/Home,Home,Personal Weapons,,C
204379456,183967741,2023-11-24,Plano,TX0430600,13B,W,W,N,F,51,N,N,ST,Restaurant,Restaurant,Personal Weapons,,C
208487963,187550136,2023-11-24,Plano,TX0430600,13B,H,W,H,M,35,R,N,AQ,Parking/Drop Lot/Garage,Parking Lot,Personal Weapons,Minor Injury,C
204379459,183967744,2023-11-25,Plano,TX0430600,13B,B,B,N,F,31,R,Y,CS,Residence/Home,Home,Personal Weapons,Minor Injury,C
204379460,183967745,2023-11-25,Plano,TX0430600,13B,W,W,N,M,21,N,N,EE,Service/Gas Station,Gas Station,Personal Weapons,Minor Injury,C
204379469,183967752,2023-11-25,Plano,TX0430600,13B,B,B,N,M,16,N,N,,Park/Playground,Park & Playground,Personal Weapons,Minor Injury,C
204379472,183967755,2023-11-25,Plano,TX0430600,13B,H,W,H,F,17,R,N,AQ,Restaurant,Restaurant,Personal Weapons,,C
204379488,183967768,2023-11-26,Plano,TX0430600,13B,A,A,N,F,56,R,N,PA,Residence/Home,Home,Personal Weapons,,C
204379490,183967770,2023-11-26,Plano,TX0430600,13B,B,B,N,F,53,R,Y,SE,Residence/Home,Home,Personal Weapons,Minor Injury,C
206739182,186025221,2023-11-26,Plano,TX0430600,13B,B,B,N,M,49,N,N,AQ,Specialty Store,Specialty Store,Personal Weapons,Minor Injury,C
206739183,186025221,2023-11-26,Plano,TX0430600,13B,H,W,H,F,43,N,Y,SE,Specialty Store,Specialty Store,Personal Weapons,,C
206739186,186025224,2023-11-26,Plano,TX0430600,13B,H,W,H,F,21,N,Y,BG,Parking/Drop Lot/Garage,Parking Lot,Personal Weapons,Minor Injury,C
204379509,183967785,2023-11-27,Plano,TX0430600,13B,W,W,N,M,45,R,Y,SE,Residence/Home,Home,Personal Weapons,Minor Injury,C
208487980,187550147,2023-11-27,Plano,TX0430600,13B,H,W,H,M,54,N,N,ST,Parking/Drop Lot/Garage,Parking Lot,Personal Weapons,,C
208487981,187550148,2023-11-27,Plano,TX0430600,13B,B,B,N,F,22,N,Y,BG,Hotel/Motel/Etc.,Hotel & Motel,Personal Weapons,,C
208488097,187550246,2023-11-27,Plano,TX0430600,13B,W,W,N,M,23,R,N,OK,Residence/Home,Home,Personal Weapons,Minor Injury,C
202167294,182040468,2023-11-28,Plano,TX0430600,13B,A,A,N,M,30,R,N,AQ,Grocery/Supermarket,Grocery Store,Personal Weapons,Minor Injury,C
202167301,182040475,2023-11-28,Plano,TX0430600,13B,H,W,H,M,37,R,N,PA,Residence/Home,Home,Personal Weapons,,C
208487990,187550155,2023-11-28,Plano,TX0430600,13B,W,W,N,F,35,R,N,ST;VO,Amusement Park,Amusement Park,Personal Weapons,,C
208487991,187550155,2023-11-28,Plano,TX0430600,13B,B,B,N,F,41,N,N,ST;VO,Amusement Park,Amusement Park,Personal Weapons,,C
204379561,183967830,2023-11-29,Plano,TX0430600,13B,W,W,N,M,37,N,N,ST;VO,Hotel/Motel/Etc.,Hotel & Motel,Personal Weapons,,C
204379562,183967830,2023-11-29,Plano,TX0430600,13B,B,B,N,F,33,N,N,ST;VO,Hotel/Motel/Etc.,Hotel & Motel,Personal Weapons,,C
208487992,187550156,2023-11-29,Plano,TX0430600,13B,B,B,N,F,29,R,Y,XR,Residence/Home,Home,Personal Weapons,Minor Injury,C
208488000,187550161,2023-11-29,Plano,TX0430600,13B,W,W,N,M,60,R,N,AQ,Residence/Home,Home,Personal Weapons,Minor Injury,C
204379654,183967905,2023-12-01,Plano,TX0430600,13B,B,B,N,F,27,N,Y,BG,Convenience Store,Convenience Store,Personal Weapons,Minor Injury,C
206739229,186025264,2023-12-01,Plano,TX0430600,13B,W,W,N,F,46,N,N,AQ,School-Elementary/Secondary,K-12 School,Personal Weapons,Minor Injury,C
206739230,186025264,2023-12-01,Plano,TX0430600,13B,W,W,N,M,,N,N,AQ,School-Elementary/Secondary,K-12 School,Personal Weapons,,C
206739231,186025264,2023-12-01,Plano,TX0430600,13B,W,W,N,F,55,N,N,AQ,School-Elementary/Secondary,K-12 School,Personal Weapons,Minor Injury,C
204379681,183967923,2023-12-02,Plano,TX0430600,13B,W,W,N,M,9,R,N,ST,Park/Playground,Park & Playground,Personal Weapons,Minor Injury,C
208488006,187550167,2023-12-02,Plano,TX0430600,13B,A,A,N,F,41,R,Y,BG,Residence/Home,Home,Personal Weapons,Minor Injury,C
204379708,183967948,2023-12-03,Plano,TX0430600,13B,H,W,H,M,21,R,N,SB,Residence/Home,Home,Personal Weapons,Minor Injury,C
208488015,187550173,2023-12-03,Plano,TX0430600,13B,B,B,N,F,34,R,Y,SE,Highway/Road/Alley/Street/Sidewalk,Street & Sidewalk,Personal Weapons,Minor Injury,C
208488020,187550178,2023-12-03,Plano,TX0430600,13B,W,W,N,F,33,N,Y,BG,Hotel/Motel/Etc.,Hotel & Motel,Personal Weapons,Minor Injury,C
204379736,183967973,2023-12-04,Plano,TX0430600,13B,W,W,N,M,42,R,N,ST,Hotel/Motel/Etc.,Hotel & Motel,Personal Weapons,,C
208488027,187550185,2023-12-04,Plano,TX0430600,13B,H,W,H,M,34,R,Y,SE,Residence/Home,Home,Personal Weapons,Minor Injury,C
206739280,186025303,2023-12-05,Plano,TX0430600,13B,W,W,N,M,42,N,N,ST,Parking/Drop Lot/Garage,Parking Lot,Personal Weapons,Minor Injury,C
206739352,186025358,2023-12-05,Plano,TX0430600,13B,W,W,N,F,20,R,Y,BG,Highway/Road/Alley/Street/Sidewalk,Street & Sidewalk,Personal Weapons,Minor Injury,C
208488031,187550188,2023-12-05,Plano,TX0430600,13B,B,B,N,F,54,R,N,PA,Residence/Home,Home,Personal Weapons,,C
204379815,183968039,2023-12-06,Plano,TX0430600,13B,W,W,N,F,21,R,Y,BG,Residence/Home,Home,Personal Weapons,Minor Injury,C
208488044,187550199,2023-12-06,Plano,TX0430600,13B,W,W,N,F,54,R,Y,SE,Residence/Home,Home,Personal Weapons,Minor Injury,C
204379867,183968083,2023-12-07,Plano,TX0430600,13B,W,W,N,F,60,R,N,,Highway/Road/Alley/Street/Sidewalk,Street & Sidewalk,Personal Weapons,Minor Injury,C
204379889,183968103,2023-12-07,Plano,TX0430600,13B,H,W,H,M,14,R,N,AQ,School-Elementary/Secondary,K-12 School,Personal Weapons,Minor Injury,C
204380034,183968231,2023-12-07,Plano,TX0430600,13B,W,W,N,F,13,R,N,SB,Residence/Home,Home,Personal Weapons,Minor Injury,C
206739328,186025341,2023-12-08,Plano,TX0430600,13B,A,A,N,M,31,N,N,OK;VO,Church/Synagogue/Temple/Mosque,Religious Building,Personal Weapons,,C
206739329,186025341,2023-12-08,Plano,TX0430600,13B,B,B,N,M,35,R,N,OK;VO,Church/Synagogue/Temple/Mosque,Religious Building,Personal Weapons,,C
208488058,187550212,2023-12-08,Plano,TX0430600,13B,H,W,H,F,27,R,Y,SE,Residence/Home,Home,Personal Weapons,,C
208488074,187550227,2023-12-08,Plano,TX0430600,13B,H,W,H,F,34,N,Y,XR,Residence/Home,Home,Personal Weapons,Minor Injury,C
204379927,183968137,2023-12-09,Plano,TX0430600,13B,W,W,N,F,20,R,Y,CH;XR,Residence/Home,Home,Personal Weapons,,C
204379945,183968152,2023-12-09,Plano,TX0430600,13B,W,W,N,F,33,R,Y,SE,Residence/Home,Home,Personal Weapons,Minor Injury,C
206739392,186025390,2023-12-09,Plano,TX0430600,13B,B,B,N,M,39,,Y,BG,Highway/Road/Alley/Street/Sidewalk,Street & Sidewalk,Personal Weapons,,C
208488061,187550215,2023-12-09,Plano,TX0430600,13B,W,W,N,M,25,R,N,ST,Residence/Home,Home,Personal Weapons,Minor Injury,C
208488062,187550216,2023-12-09,Plano,TX0430600,13B,W,W,N,M,34,N,N,OK,Parking/Drop Lot/Garage,Parking Lot,Personal Weapons,Minor Injury,C
208488063,187550217,2023-12-09,Plano,TX0430600,13B,B,B,N,F,27,N,N,OK,Drug Store/Doctor's Office/Hospital,Hospital & Clinic,Personal Weapons,Minor Injury,C
204379954,183968159,2023-12-10,Plano,TX0430600,13B,W,W,N,F,43,N,Y,SE,Highway/Road/Alley/Street/Sidewalk,Street & Sidewalk,Personal Weapons,,C
206739360,186025365,2023-12-10,Plano,TX0430600,13B,H,W,H,F,28,N,N,ST,Parking/Drop Lot/Garage,Parking Lot,Personal Weapons,,C
206739361,186025365,2023-12-10,Plano,TX0430600,13B,H,W,H,M,61,N,N,ST,Parking/Drop Lot/Garage,Parking Lot,Personal Weapons,,C
208488068,187550221,2023-12-10,Plano,TX0430600,13B,H,W,H,F,36,N,Y,SE,Highway/Road/Alley/Street/Sidewalk,Street & Sidewalk,Personal Weapons,Minor Injury,C
208488070,187550223,2023-12-10,Plano,TX0430600,13B,H,W,H,M,20,N,Y,BG,Parking/Drop Lot/Garage,Parking Lot,Personal Weapons,Minor Injury,C
208488072,187550225,2023-12-10,Plano,TX0430600,13B,W,W,U,M,34,R,N,OK,Residence/Home,Home,Personal Weapons,Minor Injury,C
204379995,183968197,2023-12-11,Plano,TX0430600,13B,H,W,H,M,21,N,Y,BG;VO,Residence/Home,Home,Personal Weapons,,C
204379996,183968197,2023-12-11,Plano,TX0430600,13B,H,W,H,F,19,N,Y,BG;VO,Residence/Home,Home,Personal Weapons,,C
204380007,183968206,2023-12-11,Plano,TX0430600,13B,B,B,N,F,36,R,Y,XR,Residence/Home,Home,Personal Weapons,Minor Injury,C
206739367,186025369,2023-12-11,Plano,TX0430600,13B,B,B,N,F,31,N,N,SB,Residence/Home,Home,Personal Weapons,Minor Injury,C
206739371,186025372,2023-12-11,Plano,TX0430600,13B,H,W,H,F,19,R,N,AQ,Department/Discount Store,Department Store,Personal Weapons,,C
208488081,187550233,2023-12-11,Plano,TX0430600,13B,W,W,N,F,55,R,Y,BG,Residence/Home,Home,Personal Weapons,Minor Injury,C
206739391,186025389,2023-12-12,Plano,TX0430600,13B,H,W,H,M,16,R,N,AQ,School-Elementary/Secondary,K-12 School,Personal Weapons,Minor Injury,C
208488084,187550235,2023-12-12,Plano,TX0430600,13B,B,B,N,F,29,R,Y,BG,Residence/Home,Home,Personal Weapons,Minor Injury,C
208488087,187550237,2023-12-12,Plano,TX0430600,13B,W,W,N,F,11,R,N,AQ,School-Elementary/Secondary,K-12 School,Personal Weapons,Minor Injury,C
204380066,183968261,2023-12-13,Plano,TX0430600,13B,W,W,N,M,26,N,N,SC,Residence/Home,Home,Personal Weapons,Minor Injury,C
204380113,183968305,2023-12-13,Plano,TX0430600,13B,W,W,N,F,14,R,N,AQ,School-Elementary/Secondary,K-12 School,Personal Weapons,,C
206739412,186025408,2023-12-13,Plano,TX0430600,13B,W,W,N,F,62,R,Y,SE,Residence/Home,Home,Personal Weapons,Minor Injury,C
208488090,187550240,2023-12-13,Plano,TX0430600,13B,W,W,N,M,32,,Y,SE;VO,Residence/Home,Home,Personal Weapons,Minor Injury,C
208488091,187550240,2023-12-13,Plano,TX0430600,13B,B,B,N,F,29,R,Y,SE;VO,Residence/Home,Home,Personal Weapons,Minor Injury,C
208488095,187550244,2023-12-13,Plano,TX0430600,13B,W,W,N,M,47,R,N,PA,Residence/Home,Home,Personal Weapons,Minor Injury,C
206739416,186025412,2023-12-14,Plano,TX0430600,13B,B,B,N,F,29,N,Y,BG,Hotel/Motel/Etc.,Hotel & Motel,Personal Weapons,Minor Injury,C
206739467,186025460,2023-12-15,Plano,TX0430600,13B,B,B,N,F,41,R,Y,BG,Residence/Home,Home,Personal Weapons,Minor Injury,C
208488111,187550256,2023-12-15,Plano,TX0430600,13B,W,W,N,F,27,R,Y,BG,Residence/Home,Home,Personal Weapons,Minor Injury,C
204380158,183968343,2023-12-16,Plano,TX0430600,13B,B,B,N,F,26,R,Y,BG,Residence/Home,Home,Personal Weapons,Minor Injury,C
206739460,186025454,2023-12-16,Plano,TX0430600,13B,W,W,N,F,27,N,N,ST,Convenience Store,Convenience Store,Personal Weapons,Minor Injury,C
206739465,186025458,2023-12-16,Plano,TX0430600,13B,B,B,N,F,22,R,Y,BG,Residence/Home,Home,Personal Weapons,,C
208488117,187550262,2023-12-17,Plano,TX0430600,13B,B,B,N,F,25,N,Y,XR,Department/Discount Store,Department Store,Personal Weapons,Minor Injury,C
208488120,187550264,2023-12-17,Plano,TX0430600,13B,B,B,N,F,31,,Y,SE;VO,Residence/Home,Home,Personal Weapons,Minor Injury,C
204380192,183968371,2023-12-18,Plano,TX0430600,13B,H,W,H,M,29,R,N,,Parking/Drop Lot/Garage,Parking Lot,Personal Weapons,Minor Injury,C
208488127,187550270,2023-12-18,Plano,TX0430600,13B,B,B,N,M,44,R,Y,SE,Residence/Home,Home,Personal Weapons,Minor Injury,C
204380246,183968424,2023-12-19,Plano,TX0430600,13B,B,B,N,F,17,R,N,SB,Residence/Home,Home,Personal Weapons,Minor Injury,C
204380265,183968441,2023-12-19,Plano,TX0430600,13B,H,W,H,M,8,R,N,ST,School-Elementary/Secondary,K-12 School,Personal Weapons,,C
206739498,186025489,2023-12-19,Plano,TX0430600,13B,W,W,N,M,54,R,N,ST,Commercial/Office Building,Office Building,Personal Weapons,Minor Injury,C
206739512,186025503,2023-12-19,Plano,TX0430600,13B,B,B,N,F,37,R,Y,SE,Residence/Home,Home,Personal Weapons,,C
204380282,183968457,2023-12-20,Plano,TX0430600,13B,W,W,N,F,45,R,N,OK,Parking/Drop Lot/Garage,Parking Lot,Personal Weapons,Minor Injury,C
206739523,186025514,2023-12-20,Plano,TX0430600,13B,W,W,N,F,40,N,Y,XR,Highway/Road/Alley/Street/Sidewalk,Street & Sidewalk,Personal Weapons,Minor Injury,C
206739536,186025525,2023-12-20,Plano,TX0430600,13B,B,B,N,F,21,N,Y,BG,Residence/Home,Home,Personal Weapons,Minor Injury,C
208488140,187550282,2023-12-20,Plano,TX0430600,13B,W,W,N,M,54,R,Y,BG,Residence/Home,Home,Personal Weapons,Minor Injury,C
208488141,187550283,2023-12-20,Plano,TX0430600,13B,W,W,N,F,41,R,Y,BG,Residence/Home,Home,Personal Weapons,Minor Injury,C
204380287,183968462,2023-12-21,Plano,TX0430600,13B,A,A,N,M,40,R,Y,BG;VO,Residence/Home,Home,Personal Weapons,,C
204380288,183968462,2023-12-21,Plano,TX0430600,13B,A,A,N,F,35,R,Y,BG;VO,Residence/Home,Home,Personal Weapons,,C
204380300,183968474,2023-12-21,Plano,TX0430600,13B,H,W,H,M,13,R,N,AQ,School-Elementary/Secondary,K-12 School,Personal Weapons,Minor Injury,C
208488149,187550290,2023-12-21,Plano,TX0430600,13B,H,W,H,F,29,R,Y,XR,Residence/Home,Home,Personal Weapons,,C
208488150,187550290,2023-12-21,Plano,TX0430600,13B,W,W,N,M,29,N,N,AQ,Residence/Home,Home,Personal Weapons,Minor Injury,C
204380344,183968510,2023-12-22,Plano,TX0430600,13B,H,W,H,F,35,R,N,ST,Hotel/Motel/Etc.,Hotel & Motel,Personal Weapons,,C
204380369,183968531,2023-12-22,Plano,TX0430600,13B,H,W,H,F,46,N,N,AQ,Restaurant,Restaurant,Personal Weapons,Minor Injury,C
204380374,183968536,2023-12-22,Plano,TX0430600,13B,W,W,N,M,49,N,N,ST,Restaurant,Restaurant,Personal Weapons,Minor Injury,C
206739573,186025553,2023-12-22,Plano,TX0430600,13B,H,W,H,F,51,R,N,PA,Residence/Home,Home,Personal Weapons,Minor Injury,C
208488155,187550293,2023-12-22,Plano,TX0430600,13B,W,W,N,F,15,R,N,OK,Residence/Home,Home,Personal Weapons,Minor Injury,C
204380393,183968552,2023-12-23,Plano,TX0430600,13B,H,W,H,M,29,R,N,SB,Residence/Home,Home,Personal Weapons,,C
204380394,183968553,2023-12-23,Plano,TX0430600,13B,B,B,N,M,23,R,Y,XR,Parking/Drop Lot/Garage,Parking Lot,Personal Weapons,Minor Injury,C
206739589,186025566,2023-12-23,Plano,TX0430600,13B,A,A,N,F,39,R,N,FR,Residence/Home,Home,Personal Weapons,Minor Injury,C
206739868,186025802,2023-12-23,Plano,TX0430600,13B,I,I,N,F,21,R,N,SB,Residence/Home,Home,Personal Weapons,,C
206739926,186025850,2023-12-23,Plano,TX0430600,13B,W,W,N,F,82,N,N,ST,Drug Store/Doctor's Office/Hospital,Hospital & Clinic,Personal Weapons,Minor Injury,C
208488174,187550309,2023-12-23,Plano,TX0430600,13B,W,W,N,F,36,R,Y,XR,Residence/Home,Home,Personal Weapons,Minor Injury,C
208488176,187550311,2023-12-23,Plano,TX0430600,13B,W,W,N,M,54,N,N,ST,Drug Store/Doctor's Office/Hospital,Hospital & Clinic,Personal Weapons,Minor Injury,C
208488177,187550312,2023-12-24,Plano,TX0430600,13B,W,W,N,F,25,N,N,ST,Drug Store/Doctor's Office/Hospital,Hospital & Clinic,Personal Weapons,,C
208488179,187550314,2023-12-24,Plano,TX0430600,13B,W,W,N,M,52,N,N,ST,Highway/Road/Alley/Street/Sidewalk,Street & Sidewalk,Personal Weapons,,C
206739596,186025572,2023-12-25,Plano,TX0430600,13B,U,U,U,F,17,R,N,OK,Residence/Home,Home,Personal Weapons,,C
204380430,183968583,2023-12-26,Plano,TX0430600,13B,H,W,H,F,34,R,Y,VO;XR,Residence/Home,Home,Personal Weapons,,C
204380431,183968583,2023-12-26,Plano,TX0430600,13B,H,W,H,M,33,R,Y,VO;XR,Residence/Home,Home,Personal Weapons,,C
204380447,183968597,2023-12-26,Plano,TX0430600,13B,H,W,H,F,13,R,N,SB,Residence/Home,Home,Personal Weapons,Minor Injury,C
204380448,183968598,2023-12-26,Plano,TX0430600,13B,W,W,N,F,35,N,N,FR,Parking/Drop Lot/Garage,Parking Lot,Personal Weapons,Minor Injury,C
204380478,183968614,2023-12-27,Plano,TX0430600,13B,H,W,H,M,23,R,N,RU;ST,Parking/Drop Lot/Garage,Parking Lot,Personal Weapons,Minor Injury,C
208488195,187550325,2023-12-27,Plano,TX0430600,13B,W,W,N,F,21,R,Y,XR,Residence/Home,Home,Personal Weapons,,C
204380483,183968619,2023-12-28,Plano,TX0430600,13B,B,B,N,F,25,R,Y,SE,Residence/Home,Home,Personal Weapons,Minor Injury,C
206739634,186025601,2023-12-28,Plano,TX0430600,13B,W,W,N,F,9,R,N,OK,Park/Playground,Park & Playground,Personal Weapons,,C
208488210,187550336,2023-12-28,Plano,TX0430600,13B,W,W,N,F,30,R,Y,BG,Residence/Home,Home,Personal Weapons,Minor Injury,C
204380521,183968652,2023-12-29,Plano,TX0430600,13B,W,W,N,F,47,R,Y,SE,Residence/Home,Home,Personal Weapons,Minor Injury,C
206739644,186025607,2023-12-29,Plano,TX0430600,13B,W,W,N,M,62,R,N,SP,Hotel/Motel/Etc.,Hotel & Motel,Personal Weapons,Minor Injury,C
208488212,187550338,2023-12-29,Plano,TX0430600,13B,H,W,H,F,24,N,N,AQ,Commercial/Office Building,Office Building,Personal Weapons,Minor Injury,C
206739655,186025618,2023-12-30,Plano,TX0430600,13B,W,W,N,F,28,N,N,ST,Drug Store/Doctor's Office/Hospital,Hospital & Clinic,Personal Weapons,,C
208488217,187550343,2023-12-30,Plano,TX0430600,13B,W,W,N,M,35,R,N,ST,Specialty Store,Specialty Store,Personal Weapons,,C
208488218,187550344,2023-12-30,Plano,TX0430600,13B,B,B,N,M,24,R,Y,BG,Parking/Drop Lot/Garage,Parking Lot,Personal Weapons,Minor Injury,C
204380572,183968694,2023-12-31,Plano,TX0430600,13B,H,W,H,M,19,R,N,ST,Highway/Road/Alley/Street/Sidewalk,Street & Sidewalk,Personal Weapons,Minor Injury,C
206739662,186025624,2023-12-31,Plano,TX0430600,13B,W,W,N,M,51,R,N,ST,Bar/Nightclub,Bar & Nightclub,Personal Weapons,,C
208488220,187550346,2023-12-31,Plano,TX0430600,13B,W,W,N,F,29,R,Y,BG,Hotel/Motel/Etc.,Hotel & Motel,Personal Weapons,Minor Injury,C
208488221,187550346,2023-12-31,Plano,TX0430600,13B,B,B,U,M,12,R,N,OK,Hotel/Motel/Etc.,Hotel & Motel,Personal Weapons,Minor Injury,C
206739664,186025626,2024-01-01,Plano,TX0430600,13B,H,W,H,F,25,R,Y,SE,Residence/Home,Home,Personal Weapons,Minor Injury,C
206739667,186025629,2024-01-01,Plano,TX0430600,13B,H,W,H,F,31,,Y,SB;SE;VO,Parking/Drop Lot/Garage,Parking Lot,Personal Weapons,Minor Injury,C
206739668,186025629,2024-01-01,Plano,TX0430600,13B,H,W,H,M,27,,Y,IL;SE;VO,Parking/Drop Lot/Garage,Parking Lot,Personal Weapons,Minor Injury,C
206739669,186025629,2024-01-01,Plano,TX0430600,13B,H,W,H,F,26,,N,IL;SB;VO,Parking/Drop Lot/Garage,Parking Lot,Personal Weapons,Minor Injury,C
210323465,189146598,2024-01-01,Plano,TX0430600,13B,A,A,N,F,26,R,Y,SE,Residence/Home,Home,Personal Weapons,Minor Injury,C
212203386,190781028,2024-01-01,Plano,TX0430600,13B,B,B,N,F,41,N,N,OK,Residence/Home,Home,Personal Weapons,Minor Injury,C
212203422,190781056,2024-01-01,Plano,TX0430600,13B,B,B,N,F,31,N,N,AQ,Residence/Home,Home,Personal Weapons,Minor Injury,C
213810417,192180299,2024-01-01,Plano,TX0430600,13B,W,W,N,F,31,N,Y,XR,Highway/Road/Alley/Street/Sidewalk,Street & Sidewalk,Personal Weapons,Minor Injury,C
213810418,192180299,2024-01-01,Plano,TX0430600,13B,W,W,N,F,26,N,N,OK,Highway/Road/Alley/Street/Sidewalk,Street & Sidewalk,Personal Weapons,Minor Injury,C
222971799,200142890,2024-01-01,Plano,TX0430600,13B,B,B,N,F,25,N,Y,BG,Hotel/Motel/Etc.,Hotel & Motel,Personal Weapons,Minor Injury,C
206739684,186025639,2024-01-02,Plano,TX0430600,13B,W,W,N,F,34,N,Y,BG,Hotel/Motel/Etc.,Hotel & Motel,Personal Weapons,Minor Injury,C
206739724,186025673,2024-01-03,Plano,TX0430600,13B,W,W,N,F,43,R,Y,VO;XR,Residence/Home,Home,Personal Weapons,Minor Injury,C
208488241,187550361,2024-01-03,Plano,TX0430600,13B,A,A,N,F,20,,Y,BG;VO,Residence/Home,Home,Personal Weapons,,C
208488242,187550361,2024-01-03,Plano,TX0430600,13B,A,A,N,M,24,,Y,BG;VO,Residence/Home,Home,Personal Weapons,Minor Injury,C
208488245,187550364,2024-01-03,Plano,TX0430600,13B,H,W,H,M,47,N,N,OK,Parking/Drop Lot/Garage,Parking Lot,Personal Weapons,Minor Injury,C
208488249,187550368,2024-01-03,Plano,TX0430600,13B,P,P,N,F,35,R,Y,SE,Residence/Home,Home,Personal Weapons,Minor Injury,C
208488253,187550371,2024-01-03,Plano,TX0430600,13B,B,B,N,F,53,R,N,PA,Residence/Home,Home,Personal Weapons,Minor Injury,C
206739742,186025687,2024-01-04,Plano,TX0430600,13B,A,A,N,M,51,N,N,ER,Government/Public Building,Government Building,Personal Weapons,,C
206739759,186025701,2024-01-04,Plano,TX0430600,13B,B,B,N,F,22,N,Y,BG,Highway/Road/Alley/Street/Sidewalk,Street & Sidewalk,Personal Weapons,,C
206739794,186025734,2024-01-05,Plano,TX0430600,13B,W,W,N,F,37,R,Y,SE,Residence/Home,Home,Personal Weapons,Minor Injury,C
206739795,186025735,2024-01-05,Plano,TX0430600,13B,W,W,N,F,41,R,Y,SE,Highway/Road/Alley/Street/Sidewalk,Street & Sidewalk,Personal Weapons,Minor Injury,C
208488272,187550387,2024-01-05,Plano,TX0430600,13B,B,B,N,M,36,R,N,FR,Drug Store/Doctor's Office/Hospital,Hospital & Clinic,Personal Weapons,Minor Injury,C
208488275,187550390,2024-01-05,Plano,TX0430600,13B,W,W,N,M,72,N,N,ST,Parking/Drop Lot/Garage,Parking Lot,Personal Weapons,Minor Injury,C
206739800,186025740,2024-01-06,Plano,TX0430600,13B,W,W,N,M,38,R,Y,SE,Residence/Home,Home,Personal Weapons,,C
206739808,186025747,2024-01-06,Plano,TX0430600,13B,B,B,N,M,38,N,Y,SE;VO,Residence/Home,Home,Personal Weapons,,C
206739809,186025747,2024-01-06,Plano,TX0430600,13B,B,B,N,F,30,R,Y,SE;VO,Residence/Home,Home,Personal Weapons,Minor Injury,C
206739822,186025759,2024-01-06,Plano,TX0430600,13B,W,W,N,F,31,R,Y,BG,Residence/Home,Home,Personal Weapons,,C
206739823,186025760,2024-01-06,Plano,TX0430600,13B,B,B,N,F,50,R,Y,XR,Residence/Home,Home,Personal Weapons,Minor Injury,C
208488292,187550406,2024-01-06,Plano,TX0430600,13B,W,W,N,M,58,R,Y,SE,Residence/Home,Home,Personal Weapons,Minor Injury,C
230628876,206826620,2024-01-06,Plano,TX0430600,13B,H,W,H,M,31,N,N,AQ,Residence/Home,Home,Personal Weapons,,C
206739829,186025766,2024-01-07,Plano,TX0430600,13B,A,A,N,M,44,R,N,PA,Residence/Home,Home,Personal Weapons,,C
208488294,187550408,2024-01-07,Plano,TX0430600,13B,B,B,N,M,24,R,N,ST,Bar/Nightclub,Bar & Nightclub,Personal Weapons,Minor Injury,C
206739869,186025803,2024-01-08,Plano,TX0430600,13B,W,W,N,F,22,N,N,AQ,Specialty Store,Specialty Store,Personal Weapons,,C
210323486,189146613,2024-01-08,Plano,TX0430600,13B,B,B,U,M,23,N,Y,BG,Highway/Road/Alley/Street/Sidewalk,Street & Sidewalk,Personal Weapons,Minor Injury,C
210323496,189146620,2024-01-09,Plano,TX0430600,13B,W,W,N,M,50,R,N,OK,Residence/Home,Home,Personal Weapons,Minor Injury,C
212203403,190781039,2024-01-09,Plano,TX0430600,13B,W,W,N,F,41,N,N,ST,Drug Store/Doctor's Office/Hospital,Hospital & Clinic,Personal Weapons,Minor Injury,C
206739906,186025835,2024-01-10,Plano,TX0430600,13B,W,W,N,F,19,N,N,FR;ST,Parking/Drop Lot/Garage,Parking Lot,Personal Weapons,Minor Injury,C
206739908,186025835,2024-01-10,Plano,TX0430600,13B,W,W,N,M,18,N,N,FR;ST;VO,Parking/Drop Lot/Garage,Parking Lot,Personal Weapons,Minor Injury,C
206739909,186025835,2024-01-10,Plano,TX0430600,13B,W,W,N,M,19,N,N,FR;ST,Parking/Drop Lot/Garage,Parking Lot,Personal Weapons,,C
206739934,186025858,2024-01-10,Plano,TX0430600,13B,B,B,N,F,35,R,Y,SE,Residence/Home,Home,Personal Weapons,,C
208488334,187550444,2024-01-10,Plano,TX0430600,13B,W,W,N,M,50,R,N,PA,Residence/Home,Home,Personal Weapons,Minor Injury,C
206739960,186025883,2024-01-11,Plano,TX0430600,13B,W,W,N,F,45,R,Y,SE,Residence/Home,Home,Personal Weapons,,C
206739992,186025912,2024-01-12,Plano,TX0430600,13B,W,W,N,F,72,R,N,ST,Restaurant,Restaurant,Personal Weapons,Minor Injury,C
206740122,186026018,2024-01-12,Plano,TX0430600,13B,B,B,N,F,14,R,N,AQ;VO,Parking/Drop Lot/Garage,Parking Lot,Personal Weapons,,C
206740123,186026018,2024-01-12,Plano,TX0430600,13B,B,B,N,F,13,R,N,AQ;VO,Parking/Drop Lot/Garage,Parking Lot,Personal Weapons,Minor Injury,C
206740424,186026275,2024-01-12,Plano,TX0430600,13B,W,W,N,F,19,R,Y,XR,Residence/Home,Home,Personal Weapons,,C
208488370,187550471,2024-01-13,Plano,TX0430600,13B,B,B,U,F,27,R,Y,BG,Residence/Home,Home,Personal Weapons,,C
210323515,189146630,2024-01-13,Plano,TX0430600,13B,B,B,N,F,26,R,Y,BG,Residence/Home,Home,Personal Weapons,Minor Injury,C
206740027,186025941,2024-01-14,Plano,TX0430600,13B,H,W,H,F,68,N,N,ST,Drug Store/Doctor's Office/Hospital,Hospital & Clinic,Personal Weapons,,C
206740028,186025941,2024-01-14,Plano,TX0430600,13B,B,B,U,F,20,N,N,ST,Drug Store/Doctor's Office/Hospital,Hospital & Clinic,Personal Weapons,,C
206740029,186025941,2024-01-14,Plano,TX0430600,13B,W,W,N,F,30,R,N,ST,Drug Store/Doctor's Office/Hospital,Hospital & Clinic,Personal Weapons,,C
206740030,186025941,2024-01-14,Plano,TX0430600,13B,W,W,N,F,44,N,N,ST,Drug Store/Doctor's Office/Hospital,Hospital & Clinic,Personal Weapons,Minor Injury,C
210323518,189146633,2024-01-14,Plano,TX0430600,13B,A,A,N,F,46,R,Y,SE,Residence/Home,Home,Personal Weapons,Minor Injury,C
210323519,189146634,2024-01-14,Plano,TX0430600,13B,B,B,N,F,35,R,Y,SE,Residence/Home,Home,Personal Weapons,Minor Injury,C
210323520,189146635,2024-01-14,Plano,TX0430600,13B,A,A,N,F,30,R,Y,SE,Residence/Home,Home,Personal Weapons,Minor Injury,C
210323525,189146637,2024-01-14,Plano,TX0430600,13B,B,B,N,F,33,R,Y,XR,Residence/Home,Home,Personal Weapons,Minor Injury,C
210323528,189146640,2024-01-14,Plano,TX0430600,13B,H,W,H,F,32,R,Y,SE,Residence/Home,Home,Personal Weapons,,C
208489549,187551497,2024-01-15,Plano,TX0430600,13B,W,W,N,M,54,R,Y,XR,Residence/Home,Home,Personal Weapons,,C
206740569,186026395,2024-01-16,Plano,TX0430600,13B,W,W,N,F,25,R,N,OK,Residence/Home,Home,Personal Weapons,,C
206740570,186026395,2024-01-16,Plano,TX0430600,13B,W,W,N,F,24,R,N,CH,Residence/Home,Home,Personal Weapons,,C
206740111,186026011,2024-01-17,Plano,TX0430600,13B,B,B,N,M,54,R,Y,BG;VO,Residence/Home,Home,Personal Weapons,,C
206740112,186026011,2024-01-17,Plano,TX0430600,13B,B,B,N,F,28,R,Y,BG;VO,Residence/Home,Home,Personal Weapons,,C
210323552,189146659,2024-01-17,Plano,TX0430600,13B,W,W,N,M,40,R,Y,BG,Residence/Home,Home,Personal Weapons,Minor Injury,C
210324099,189147126,2024-01-17,Plano,TX0430600,13B,W,W,N,F,29,N,Y,XR,Residence/Home,Home,Personal Weapons,,C
206740144,186026039,2024-01-18,Plano,TX0430600,13B,A,A,N,M,32,R,N,ST,Hotel/Motel/Etc.,Hotel & Motel,Personal Weapons,Minor Injury,C
206740145,186026039,2024-01-18,Plano,TX0430600,13B,H,W,H,M,40,N,N,ST,Hotel/Motel/Etc.,Hotel & Motel,Personal Weapons,,C
210323556,189146663,2024-01-18,Plano,TX0430600,13B,H,W,H,M,22,R,Y,BG,Residence/Home,Home,Personal Weapons,Minor Injury,C
217493274,195379990,2024-01-18,Plano,TX0430600,13B,B,B,N,F,30,R,N,ST,Department/Discount Store,Department Store,Personal Weapons,,C
206740183,186026075,2024-01-19,Plano,TX0430600,13B,A,A,N,F,25,R,Y,SE,Residence/Home,Home,Personal Weapons,Minor Injury,C
210323557,189146664,2024-01-19,Plano,TX0430600,13B,B,B,N,F,26,N,Y,BG,Other/Unknown,Other & Unknown,Personal Weapons,Minor Injury,C
220742428,198205481,2024-01-20,Plano,TX0430600,13B,W,W,N,F,46,R,N,AQ,Bar/Nightclub,Bar & Nightclub,Personal Weapons,Minor Injury,C
206740216,186026103,2024-01-21,Plano,TX0430600,13B,B,B,N,M,43,R,Y,SE,Residence/Home,Home,Personal Weapons,,C
208488432,187550526,2024-01-21,Plano,TX0430600,13B,W,W,N,M,54,R,Y,SE;VO,Residence/Home,Home,Personal Weapons,,C
208488433,187550526,2024-01-21,Plano,TX0430600,13B,W,W,N,F,54,R,Y,SE;VO,Residence/Home,Home,Personal Weapons,Minor Injury,C
208488533,187550609,2024-01-21,Plano,TX0430600,13B,H,B,H,F,31,N,Y,BG,Residence/Home,Home,Personal Weapons,Minor Injury,C
206740300,186026172,2024-01-22,Plano,TX0430600,13B,B,B,N,M,7,R,N,CH,Residence/Home,Home,Personal Weapons,Minor Injury,C
208488455,187550539,2024-01-22,Plano,TX0430600,13B,B,B,N,M,55,R,N,PA,Residence/Home,Home,Personal Weapons,Minor Injury,C
210323590,189146686,2024-01-22,Plano,TX0430600,13B,B,B,N,M,59,R,N,PA,Residence/Home,Home,Personal Weapons,Minor Injury,C
222971827,200142909,2024-01-22,Plano,TX0430600,13B,W,W,U,M,15,N,N,SB,Highway/Road/Alley/Street/Sidewalk,Street & Sidewalk,Personal Weapons,Minor Injury,C
210323598,189146693,2024-01-23,Plano,TX0430600,13B,W,W,N,F,32,N,Y,SE,Hotel/Motel/Etc.,Hotel & Motel,Personal Weapons,Minor Injury,C
206740315,186026186,2024-01-24,Plano,TX0430600,13B,W,W,N,F,14,R,N,AQ,School-Elementary/Secondary,K-12 School,Personal Weapons,Minor Injury,C
208488482,187550561,2024-01-24,Plano,TX0430600,13B,H,W,H,F,23,N,N,CH,Parking/Drop Lot/Garage,Parking Lot,Personal Weapons,,C
208488523,187550600,2024-01-24,Plano,TX0430600,13B,H,W,H,F,14,R,N,AQ,School-Elementary/Secondary,K-12 School,Personal Weapons,Minor Injury,C
212203429,190781063,2024-01-24,Plano,TX0430600,13B,H,W,H,F,26,R,Y,SE,Residence/Home,Home,Personal Weapons,Minor Injury,C
206740326,186026192,2024-01-25,Plano,TX0430600,13B,B,B,N,F,29,R,N,CH,Residence/Home,Home,Personal Weapons,,C
206740358,186026222,2024-01-25,Plano,TX0430600,13B,W,W,N,M,12,R,N,ST;VO,School-Elementary/Secondary,K-12 School,Personal Weapons,Minor Injury,C
206740359,186026222,2024-01-25,Plano,TX0430600,13B,H,W,H,M,14,N,N,ST;VO,School-Elementary/Secondary,K-12 School,Personal Weapons,Minor Injury,C
206740369,186026231,2024-01-26,Plano,TX0430600,13B,W,W,N,M,46,R,N,PA;VO,Residence/Home,Home,Personal Weapons,Minor Injury,C
206740370,186026231,2024-01-26,Plano,TX0430600,13B,W,W,N,M,21,R,N,CH;VO,Residence/Home,Home,Personal Weapons,Minor Injury,C
206740394,186026251,2024-01-26,Plano,TX0430600,13B,H,W,H,M,53,R,N,ST,Arena/Stadium/Fairgrounds/Coliseum,Arena & Stadium,Personal Weapons,,C
206740462,186026308,2024-01-26,Plano,TX0430600,13B,A,A,N,M,13,R,N,OK,School-Elementary/Secondary,K-12 School,Personal Weapons,,C
210323639,189146725,2024-01-26,Plano,TX0430600,13B,W,W,N,F,33,N,Y,BG,Highway/Road/Alley/Street/Sidewalk,Street & Sidewalk,Personal Weapons,Minor Injury,C
212203436,190781068,2024-01-26,Plano,TX0430600,13B,B,B,N,F,23,N,N,OK,Drug Store/Doctor's Office/Hospital,Hospital & Clinic,Personal Weapons,Minor Injury,C
212203444,190781072,2024-01-26,Plano,TX0430600,13B,A,A,N,M,30,N,N,SB,Service/Gas Station,Gas Station,Personal Weapons,Minor Injury,C
212203445,190781073,2024-01-26,Plano,TX0430600,13B,A,A,N,M,49,R,Y,SE,Residence/Home,Home,Personal Weapons,Minor Injury,C
213810466,192180335,2024-01-26,Plano,TX0430600,13B,B,B,N,F,31,R,N,ST,Grocery/Supermarket,Grocery Store,Personal Weapons,Minor Injury,C
215759142,193874192,2024-01-26,Plano,TX0430600,13B,B,B,N,F,31,R,Y,XR,Residence/Home,Home,Personal Weapons,Minor Injury,C
219282813,196931523,2024-01-26,Plano,TX0430600,13B,B,B,N,M,17,,N,AQ;VO,School-Elementary/Secondary,K-12 School,Personal Weapons,,C
219282814,196931523,2024-01-26,Plano,TX0430600,13B,B,B,N,M,18,,N,AQ;VO,School-Elementary/Secondary,K-12 School,Personal Weapons,Minor Injury,C
212203450,190781076,2024-01-27,Plano,TX0430600,13B,B,B,N,M,19,R,N,OF,Residence/Home,Home,Personal Weapons,Minor Injury,C
206740426,186026277,2024-01-28,Plano,TX0430600,13B,H,W,H,M,41,R,N,ST,Parking/Drop Lot/Garage,Parking Lot,Personal Weapons,Minor Injury,C
206740439,186026289,2024-01-28,Plano,TX0430600,13B,W,W,N,F,26,R,Y,BG,Residence/Home,Home,Personal Weapons,Minor Injury,C
208488514,187550592,2024-01-28,Plano,TX0430600,13B,H,W,H,M,22,N,N,ST,Residence/Home,Home,Personal Weapons,Minor Injury,C
208488518,187550596,2024-01-28,Plano,TX0430600,13B,W,W,N,F,42,R,Y,BG,Residence/Home,Home,Personal Weapons,Minor Injury,C
212203453,190781079,2024-01-28,Plano,TX0430600,13B,H,W,H,F,52,R,N,OK,Residence/Home,Home,Personal Weapons,Minor Injury,C
217493639,195380283,2024-01-28,Plano,TX0430600,13B,B,B,N,F,26,R,Y,BG,Parking/Drop Lot/Garage,Parking Lot,Personal Weapons,Minor Injury,C
206740466,186026311,2024-01-29,Plano,TX0430600,13B,B,B,N,M,37,R,N,OK,Residence/Home,Home,Personal Weapons,,C
206740587,186026412,2024-01-29,Plano,TX0430600,13B,B,B,N,M,12,R,N,AQ;VO,School-Elementary/Secondary,K-12 School,Personal Weapons,,C
206740588,186026412,2024-01-29,Plano,TX0430600,13B,B,B,N,M,13,R,N,AQ;VO,School-Elementary/Secondary,K-12 School,Personal Weapons,,C
206740589,186026412,2024-01-29,Plano,TX0430600,13B,B,B,N,M,12,R,N,AQ;VO,School-Elementary/Secondary,K-12 School,Personal Weapons,,C
206740590,186026412,2024-01-29,Plano,TX0430600,13B,B,B,N,M,13,R,N,AQ;VO,School-Elementary/Secondary,K-12 School,Personal Weapons,,C
222971833,200142914,2024-01-29,Plano,TX0430600,13B,H,W,H,F,17,R,N,SB,Residence/Home,Home,Personal Weapons,,C
206740493,186026335,2024-01-30,Plano,TX0430600,13B,H,W,H,M,14,,N,FR;VO,School-Elementary/Secondary,K-12 School,Personal Weapons,Minor Injury,C
206740494,186026335,2024-01-30,Plano,TX0430600,13B,W,W,N,M,15,,N,FR;VO,School-Elementary/Secondary,K-12 School,Personal Weapons,Minor Injury,C
208488541,187550615,2024-01-30,Plano,TX0430600,13B,B,B,N,M,36,N,N,ST,Drug Store/Doctor's Office/Hospital,Hospital & Clinic,Personal Weapons,,C
208488564,187550636,2024-01-30,Plano,TX0430600,13B,A,A,N,F,44,R,N,OK,Residence/Home,Home,Personal Weapons,Minor Injury,C
210323665,189146748,2024-01-30,Plano,TX0430600,13B,B,B,N,F,29,R,Y,BG,Hotel/Motel/Etc.,Hotel & Motel,Personal Weapons,Minor Injury,C
212203462,190781086,2024-01-30,Plano,TX0430600,13B,B,B,N,F,19,R,Y,BG,Residence/Home,Home,Personal Weapons,Minor Injury,C
206740557,186026384,2024-01-31,Plano,TX0430600,13B,B,B,N,F,56,N,N,PA;VO,Residence/Home,Home,Personal Weapons,,C
206740558,186026384,2024-01-31,Plano,TX0430600,13B,B,B,N,F,34,R,N,CH;VO,Residence/Home,Home,Personal Weapons,,C
222971839,200142919,2024-01-31,Plano,TX0430600,13B,B,B,N,F,63,R,N,OK,Residence/Home,Home,Personal Weapons,Minor Injury,C
208488629,187550691,2024-02-01,Plano,TX0430600,13B,H,W,H,F,16,R,N,CH,Residence/Home,Home,Personal Weapons,Minor Injury,C
208488672,187550731,2024-02-01,Plano,TX0430600,13B,W,W,N,F,51,R,Y,SE,Parking/Drop Lot/Garage,Parking Lot,Personal Weapons,,C
208488822,187550861,2024-02-01,Plano,TX0430600,13B,B,B,N,M,2,R,N,AQ,Daycare Facility,Daycare Facility,Personal Weapons,,C
212203910,190781460,2024-02-01,Plano,TX0430600,13B,H,W,H,F,31,R,Y,BG,Residence/Home,Home,Personal Weapons,Minor Injury,C
208488615,187550678,2024-02-02,Plano,TX0430600,13B,B,B,N,F,21,R,N,CH,Hotel/Motel/Etc.,Hotel & Motel,Personal Weapons,,C
208488617,187550680,2024-02-02,Plano,TX0430600,13B,W,W,N,F,34,U,N,ST,Drug Store/Doctor's Office/Hospital,Hospital & Clinic,Personal Weapons,Minor Injury,C
208488645,187550707,2024-02-02,Plano,TX0430600,13B,A,A,N,M,70,R,N,ST,Hotel/Motel/Etc.,Hotel & Motel,Personal Weapons,,C
210323694,189146776,2024-02-02,Plano,TX0430600,13B,B,B,N,F,30,R,Y,XR,Parking/Drop Lot/Garage,Parking Lot,Personal Weapons,Minor Injury,C
210323734,189146811,2024-02-02,Plano,TX0430600,13B,B,B,N,F,54,R,N,AQ,School-Elementary/Secondary,K-12 School,Personal Weapons,Minor Injury,C
210323735,189146811,2024-02-02,Plano,TX0430600,13B,W,W,N,M,,U,N,AQ,School-Elementary/Secondary,K-12 School,Personal Weapons,Minor Injury,C
212203478,190781100,2024-02-02,Plano,TX0430600,13B,W,W,N,M,46,N,N,ST,Drug Store/Doctor's Office/Hospital,Hospital & Clinic,Personal Weapons,Minor Injury,C
208488910,187550940,2024-02-03,Plano,TX0430600,13B,A,A,N,F,30,R,Y,BG,Parking/Drop Lot/Garage,Parking Lot,Personal Weapons,Minor Injury,C
208488670,187550729,2024-02-04,Plano,TX0430600,13B,W,W,N,F,29,N,Y,BG,Hotel/Motel/Etc.,Hotel & Motel,Personal Weapons,,C
208488683,187550741,2024-02-04,Plano,TX0430600,13B,W,W,N,M,67,R,N,PA,Residence/Home,Home,Personal Weapons,Minor Injury,C
212203515,190781132,2024-02-05,Plano,TX0430600,13B,B,B,N,F,29,R,Y,SE,Residence/Home,Home,Personal Weapons,Minor Injury,C
208488725,187550778,2024-02-06,Plano,TX0430600,13B,H,W,H,M,15,,N,OK;VO,School-Elementary/Secondary,K-12 School,Personal Weapons,,C
208488726,187550778,2024-02-06,Plano,TX0430600,13B,B,B,N,M,15,,N,OK;VO,School-Elementary/Secondary,K-12 School,Personal Weapons,,C
208488750,187550795,2024-02-06,Plano,TX0430600,13B,B,B,N,F,20,R,Y,XR,Parking/Drop Lot/Garage,Parking Lot,Personal Weapons,Minor Injury,C
208488789,187550831,2024-02-07,Plano,TX0430600,13B,B,B,N,F,15,R,N,AQ,School-Elementary/Secondary,K-12 School,Personal Weapons,Minor Injury,C
212203523,190781139,2024-02-07,Plano,TX0430600,13B,H,W,H,F,26,R,N,SB,Residence/Home,Home,Personal Weapons,Minor Injury,C
213810483,192180351,2024-02-07,Plano,TX0430600,13B,A,A,N,F,50,R,N,SB,Residence/Home,Home,Personal Weapons,Minor Injury,C
212203525,190781141,2024-02-08,Plano,TX0430600,13B,B,B,N,M,14,R,N,FR,School-Elementary/Secondary,K-12 School,Personal Weapons,,C
208488883,187550916,2024-02-09,Plano,TX0430600,13B,H,W,H,M,36,R,N,ST,Parking/Drop Lot/Garage,Parking Lot,Personal Weapons,,C
208489009,187551026,2024-02-09,Plano,TX0430600,13B,W,W,N,M,13,R,N,AQ,School-Elementary/Secondary,K-12 School,Personal Weapons,Minor Injury,C
215759166,193874215,2024-02-09,Plano,TX0430600,13B,W,W,N,F,48,R,Y,BG,Residence/Home,Home,Personal Weapons,Minor Injury,C
208488930,187550959,2024-02-11,Plano,TX0430600,13B,W,W,N,F,51,R,Y,XR,Residence/Home,Home,Personal Weapons,,C
212203535,190781151,2024-02-11,Plano,TX0430600,13B,B,B,N,M,39,R,Y,BG,Residence/Home,Home,Personal Weapons,,C
212203538,190781153,2024-02-11,Plano,TX0430600,13B,W,W,N,M,61,R,N,PA,Residence/Home,Home,Personal Weapons,Minor Injury,C
212203539,190781154,2024-02-11,Plano,TX0430600,13B,A,A,N,F,40,R,Y,BG,Residence/Home,Home,Personal Weapons,Minor Injury,C
208488932,187550961,2024-02-12,Plano,TX0430600,13B,W,W,N,F,51,R,Y,SE,Residence/Home,Home,Personal Weapons,Minor Injury,C
208488933,187550962,2024-02-12,Plano,TX0430600,13B,H,W,H,F,27,R,Y,BG,Residence/Home,Home,Personal Weapons,,C
208489023,187551039,2024-02-13,Plano,TX0430600,13B,W,W,N,F,33,N,N,OK,Drug Store/Doctor's Office/Hospital,Hospital & Clinic,Personal Weapons,Minor Injury,C
222971858,200142937,2024-02-13,Plano,TX0430600,13B,W,W,N,M,71,R,N,OK,Residence/Home,Home,Personal Weapons,Minor Injury,C
208489046,187551058,2024-02-14,Plano,TX0430600,13B,B,B,N,F,13,R,N,AQ,School-Elementary/Secondary,K-12 School,Personal Weapons,,C
210324249,189147257,2024-02-14,Plano,TX0430600,13B,B,B,N,F,29,N,Y,XR,Residence/Home,Home,Personal Weapons,,C
212203555,190781167,2024-02-14,Plano,TX0430600,13B,B,B,N,F,37,R,Y,BG,Residence/Home,Home,Personal Weapons,Minor Injury,C
208489065,187551071,2024-02-15,Plano,TX0430600,13B,A,A,N,M,12,R,N,AQ,Parking/Drop Lot/Garage,Parking Lot,Personal Weapons,Minor Injury,C
208489079,187551079,2024-02-15,Plano,TX0430600,13B,B,B,N,F,33,N,Y,BG,Hotel/Motel/Etc.,Hotel & Motel,Personal Weapons,Minor Injury,C
210323821,189146882,2024-02-15,Plano,TX0430600,13B,W,W,N,F,32,N,Y,XS,Residence/Home,Home,Personal Weapons,Minor Injury,C
212203566,190781176,2024-02-15,Plano,TX0430600,13B,H,W,H,F,23,R,Y,XR,Parking/Drop Lot/Garage,Parking Lot,Personal Weapons,Minor Injury,C
230628406,206826225,2024-02-16,Plano,TX0430600,13B,W,W,N,M,71,N,N,ST,Parking/Drop Lot/Garage,Parking Lot,Personal Weapons,Minor Injury,C
208489114,187551112,2024-02-17,Plano,TX0430600,13B,B,B,N,M,19,R,Y,BG,Residence/Home,Home,Personal Weapons,Minor Injury,C
208489138,187551133,2024-02-17,Plano,TX0430600,13B,H,W,H,M,33,N,N,ST,Parking/Drop Lot/Garage,Parking Lot,Personal Weapons,Minor Injury,C
210323918,189146968,2024-02-17,Plano,TX0430600,13B,W,W,N,F,52,R,Y,SE,Residence/Home,Home,Personal Weapons,Minor Injury,C
212203577,190781187,2024-02-17,Plano,TX0430600,13B,B,B,N,M,16,R,N,SB,Residence/Home,Home,Personal Weapons,Minor Injury,C
208489144,187551139,2024-02-18,Plano,TX0430600,13B,B,B,N,M,26,R,Y,BG,Residence/Home,Home,Personal Weapons,Minor Injury,C
210323845,189146904,2024-02-18,Plano,TX0430600,13B,W,W,N,M,25,N,N,ST;VO,Bar/Nightclub,Bar & Nightclub,Personal Weapons,Minor Injury,C
210323846,189146904,2024-02-18,Plano,TX0430600,13B,H,W,H,M,31,N,N,ST;VO,Bar/Nightclub,Bar & Nightclub,Personal Weapons,,C
212203585,190781194,2024-02-18,Plano,TX0430600,13B,B,B,N,F,45,R,Y,BG,Hotel/Motel/Etc.,Hotel & Motel,Personal Weapons,Minor Injury,C
215759178,193874224,2024-02-18,Plano,TX0430600,13B,W,W,N,M,27,N,N,ST,Residence/Home,Home,Personal Weapons,Minor Injury,C
208489184,187551173,2024-02-19,Plano,TX0430600,13B,W,W,N,F,49,R,N,OF,Residence/Home,Home,Personal Weapons,Minor Injury,C
213810514,192180376,2024-02-19,Plano,TX0430600,13B,W,W,N,F,46,N,N,ST,Restaurant,Restaurant,Personal Weapons,,C
215759251,193874279,2024-02-19,Plano,TX0430600,13B,B,B,N,M,45,N,N,RU,Drug Store/Doctor's Office/Hospital,Hospital & Clinic,Personal Weapons,,C
208489226,187551208,2024-02-20,Plano,TX0430600,13B,B,B,N,F,33,R,N,PA,Residence/Home,Home,Personal Weapons,Minor Injury,C
208489228,187551210,2024-02-20,Plano,TX0430600,13B,W,W,N,F,61,R,N,PA,Residence/Home,Home,Personal Weapons,Minor Injury,C
208489349,187551318,2024-02-20,Plano,TX0430600,13B,W,W,N,F,52,R,Y,BG,Hotel/Motel/Etc.,Hotel & Motel,Personal Weapons,Minor Injury,C
210323862,189146919,2024-02-20,Plano,TX0430600,13B,W,W,N,F,19,U,N,ST,Department/Discount Store,Department Store,Personal Weapons,Minor Injury,C
210323890,189146943,2024-02-20,Plano,TX0430600,13B,W,W,N,F,35,R,Y,BG,Parking/Drop Lot/Garage,Parking Lot,Personal Weapons,Minor Injury,C
212203595,190781200,2024-02-20,Plano,TX0430600,13B,B,B,N,F,34,R,Y,SE,Residence/Home,Home,Personal Weapons,Minor Injury,C
208489237,187551219,2024-02-21,Plano,TX0430600,13B,W,W,N,F,52,N,N,AQ,School-Elementary/Secondary,K-12 School,Personal Weapons,,C
208489264,187551243,2024-02-21,Plano,TX0430600,13B,B,B,U,F,85,R,N,PA,Residence/Home,Home,Personal Weapons,,C
210323892,189146945,2024-02-21,Plano,TX0430600,13B,H,W,H,F,30,N,Y,XR,Residence/Home,Home,Personal Weapons,,C
212203602,190781204,2024-02-21,Plano,TX0430600,13B,H,W,H,F,31,R,Y,BG,Hotel/Motel/Etc.,Hotel & Motel,Personal Weapons,Minor Injury,C
208489283,187551262,2024-02-22,Plano,TX0430600,13B,W,W,N,M,37,N,Y,VO;XR,Parking/Drop Lot/Garage,Parking Lot,Personal Weapons,Minor Injury,C
208489284,187551262,2024-02-22,Plano,TX0430600,13B,B,B,N,F,33,R,Y,VO;XR,Parking/Drop Lot/Garage,Parking Lot,Personal Weapons,Minor Injury,C
208489298,187551274,2024-02-22,Plano,TX0430600,13B,A,A,N,M,67,R,N,SP,Residence/Home,Home,Personal Weapons,Minor Injury,C
212203615,190781216,2024-02-22,Plano,TX0430600,13B,W,W,N,M,24,R,Y,BG,Residence/Home,Home,Personal Weapons,Minor Injury,C
212203674,190781260,2024-02-22,Plano,TX0430600,13B,A,A,N,M,16,N,N,ST,School-Elementary/Secondary,K-12 School,Personal Weapons,Minor Injury,C
208489307,187551282,2024-02-23,Plano,TX0430600,13B,W,W,N,M,32,N,N,AQ,School-Elementary/Secondary,K-12 School,Personal Weapons,Minor Injury,C
208489308,187551282,2024-02-23,Plano,TX0430600,13B,W,W,N,F,52,N,N,AQ,School-Elementary/Secondary,K-12 School,Personal Weapons,Minor Injury,C
210323913,189146964,2024-02-23,Plano,TX0430600,13B,B,B,N,F,30,R,Y,SE,Residence/Home,Home,Personal Weapons,,C
210323914,189146965,2024-02-23,Plano,TX0430600,13B,H,W,H,F,34,R,Y,BG,Residence/Home,Home,Personal Weapons,Minor Injury,C
212203620,190781221,2024-02-23,Plano,TX0430600,13B,H,W,H,F,23,R,Y,BG,Residence/Home,Home,Personal Weapons,Minor Injury,C
212203621,190781221,2024-02-23,Plano,TX0430600,13B,H,W,H,M,1,R,N,CH,Residence/Home,Home,Personal Weapons,Minor Injury,C
212203622,190781222,2024-02-23,Plano,TX0430600,13B,W,W,N,F,39,N,N,ST,Drug Store/Doctor's Office/Hospital,Hospital & Clinic,Personal Weapons,Minor Injury,C
213810519,192180381,2024-02-23,Plano,TX0430600,13B,W,W,N,F,34,N,N,AQ,Specialty Store,Specialty Store,Personal Weapons,Minor Injury,C
215759185,193874230,2024-02-23,Plano,TX0430600,13B,H,W,H,F,50,R,N,,Highway/Road/Alley/Street/Sidewalk,Street & Sidewalk,Personal Weapons,Minor Injury,C
215759186,193874230,2024-02-23,Plano,TX0430600,13B,H,W,H,F,32,R,N,,Highway/Road/Alley/Street/Sidewalk,Street & Sidewalk,Personal Weapons,,C
208489353,187551322,2024-02-24,Plano,TX0430600,13B,A,A,N,M,29,N,Y,SE,Highway/Road/Alley/Street/Sidewalk,Street & Sidewalk,Personal Weapons,Minor Injury,C
208489372,187551333,2024-02-24,Plano,TX0430600,13B,B,B,N,M,17,R,N,SB,Residence/Home,Home,Personal Weapons,Minor Injury,C
210323915,189146966,2024-02-24,Plano,TX0430600,13B,H,W,H,F,40,N,Y,BG,Hotel/Motel/Etc.,Hotel & Motel,Personal Weapons,,C
215759189,193874232,2024-02-24,Plano,TX0430600,13B,W,W,N,M,25,R,N,SC,Residence/Home,Home,Personal Weapons,Minor Injury,C
215759190,193874232,2024-02-24,Plano,TX0430600,13B,W,W,N,M,46,R,Y,BG,Residence/Home,Home,Personal Weapons,Minor Injury,C
215759191,193874233,2024-02-24,Plano,TX0430600,13B,B,B,N,F,29,R,N,NE,Residence/Home,Home,Personal Weapons,,C
208489374,187551335,2024-02-25,Plano,TX0430600,13B,W,W,N,F,14,N,N,FR,Park/Playground,Park & Playground,Personal Weapons,Minor Injury,C
212203639,190781232,2024-02-25,Plano,TX0430600,13B,W,W,N,F,41,R,Y,CS,Hotel/Motel/Etc.,Hotel & Motel,Personal Weapons,,C
208489393,187551353,2024-02-26,Plano,TX0430600,13B,A,A,N,F,45,R,N,ST,Drug Store/Doctor's Office/Hospital,Hospital & Clinic,Personal Weapons,Minor Injury,C
208489408,187551366,2024-02-26,Plano,TX0430600,13B,W,W,N,F,76,R,N,AQ,Residence/Home,Home,Personal Weapons,Minor Injury,C
208489422,187551380,2024-02-27,Plano,TX0430600,13B,B,B,N,F,37,N,Y,SE,Parking/Drop Lot/Garage,Parking Lot,Personal Weapons,,C
208489458,187551412,2024-02-27,Plano,TX0430600,13B,B,B,N,M,34,R,Y,SE,Residence/Home,Home,Personal Weapons,Minor Injury,C
208489460,187551414,2024-02-27,Plano,TX0430600,13B,W,W,N,M,2,U,N,AQ,Daycare Facility,Daycare Facility,Personal Weapons,Minor Injury,C
210323942,189146990,2024-02-27,Plano,TX0430600,13B,W,W,N,F,29,R,N,CH,Residence/Home,Home,Personal Weapons,,C
212203652,190781244,2024-02-27,Plano,TX0430600,13B,H,W,H,M,46,N,N,ST,Restaurant,Restaurant,Personal Weapons,Minor Injury,C
212203654,190781246,2024-02-27,Plano,TX0430600,13B,A,A,N,M,38,R,Y,SE,Residence/Home,Home,Personal Weapons,Minor Injury,C
213810525,192180387,2024-02-27,Plano,TX0430600,13B,B,B,N,F,17,N,Y,BG,Hotel/Motel/Etc.,Hotel & Motel,Personal Weapons,Minor Injury,C
208489459,187551413,2024-02-28,Plano,TX0430600,13B,H,W,H,F,28,R,Y,BG,Residence/Home,Home,Personal Weapons,,C
210323954,189147001,2024-02-28,Plano,TX0430600,13B,B,B,N,F,14,R,N,AQ,School-Elementary/Secondary,K-12 School,Personal Weapons,Minor Injury,C
210324159,189147180,2024-02-28,Plano,TX0430600,13B,B,B,N,M,15,R,N,OK,School-Elementary/Secondary,K-12 School,Personal Weapons,,C
220742439,198205491,2024-02-28,Plano,TX0430600,13B,W,W,N,M,40,N,N,ST,Parking/Drop Lot/Garage,Parking Lot,Personal Weapons,,C
210323970,189147017,2024-02-29,Plano,TX0430600,13B,H,W,H,F,32,R,Y,BG,Hotel/Motel/Etc.,Hotel & Motel,Personal Weapons,Minor Injury,C
213810529,192180390,2024-02-29,Plano,TX0430600,13B,B,B,N,F,38,R,N,SB,Hotel/Motel/Etc.,Hotel & Motel,Personal Weapons,Minor Injury,C
219282851,196931557,2024-02-29,Plano,TX0430600,13B,W,W,N,F,28,R,N,IL,Residence/Home,Home,Personal Weapons,,C
210323979,189147023,2024-03-01,Plano,TX0430600,13B,W,W,N,F,31,N,Y,XR,Parking/Drop Lot/Garage,Parking Lot,Personal Weapons,,C
210323992,189147031,2024-03-01,Plano,TX0430600,13B,W,W,N,F,17,R,Y,XR,School-Elementary/Secondary,K-12 School,Personal Weapons,,C
210324003,189147042,2024-03-01,Plano,TX0430600,13B,H,W,H,F,21,R,Y,BG,Residence/Home,Home,Personal Weapons,Minor Injury,C
210324006,189147045,2024-03-01,Plano,TX0430600,13B,B,B,N,F,38,N,N,ST,Parking/Drop Lot/Garage,Parking Lot,Personal Weapons,Minor Injury,C
212203676,190781262,2024-03-01,Plano,TX0430600,13B,W,W,N,F,53,R,Y,BG,Residence/Home,Home,Personal Weapons,Minor Injury,C
213810532,192180393,2024-03-01,Plano,TX0430600,13B,B,B,N,F,14,R,N,ST,School-Elementary/Secondary,K-12 School,Personal Weapons,Minor Injury,C
210324010,189147049,2024-03-02,Plano,TX0430600,13B,H,W,H,M,32,R,Y,SE,Residence/Home,Home,Personal Weapons,Minor Injury,C
210324013,189147052,2024-03-02,Plano,TX0430600,13B,B,B,N,M,26,R,Y,BG,Residence/Home,Home,Personal Weapons,,C
210324017,189147055,2024-03-02,Plano,TX0430600,13B,W,W,N,F,75,R,N,ST,Parking/Drop Lot/Garage,Parking Lot,Personal Weapons,Minor Injury,C
210324020,189147058,2024-03-02,Plano,TX0430600,13B,B,B,N,F,31,U,N,ST,Parking/Drop Lot/Garage,Parking Lot,Personal Weapons,,C
212203680,190781266,2024-03-02,Plano,TX0430600,13B,W,W,N,M,47,N,N,ST,Drug Store/Doctor's Office/Hospital,Hospital & Clinic,Personal Weapons,,C
212203690,190781276,2024-03-03,Plano,TX0430600,13B,H,W,H,F,41,R,Y,BG,Residence/Home,Home,Personal Weapons,,C
212203702,190781283,2024-03-03,Plano,TX0430600,13B,W,W,N,M,47,R,Y,BG,Residence/Home,Home,Personal Weapons,Minor Injury,C
222971884,200142959,2024-03-03,Plano,TX0430600,13B,H,W,H,M,31,N,N,ST,Bar/Nightclub,Bar & Nightclub,Personal Weapons,Minor Injury,C
210324070,189147099,2024-03-04,Plano,TX0430600,13B,B,B,N,F,29,R,Y,BG,Residence/Home,Home,Personal Weapons,Minor Injury,C
210324088,189147115,2024-03-04,Plano,TX0430600,13B,W,W,N,M,13,N,N,AQ,School-Elementary/Secondary,K-12 School,Personal Weapons,Minor Injury,C
210324105,189147131,2024-03-04,Plano,TX0430600,13B,H,W,H,F,32,R,N,OK,Residence/Home,Home,Personal Weapons,,C
212203732,190781313,2024-03-04,Plano,TX0430600,13B,W,W,N,M,11,R,N,FR,School-Elementary/Secondary,K-12 School,Personal Weapons,,C
219282852,196931558,2024-03-04,Plano,TX0430600,13B,A,A,N,M,15,R,N,AQ,School-Elementary/Secondary,K-12 School,Personal Weapons,Minor Injury,C
210324101,189147128,2024-03-05,Plano,TX0430600,13B,W,W,N,F,24,R,N,ST,Drug Store/Doctor's Office/Hospital,Hospital & Clinic,Personal Weapons,Minor Injury,C
210324132,189147156,2024-03-05,Plano,TX0430600,13B,W,W,N,M,5,R,N,NE;ST,Residence/Home,Home,Personal Weapons,,C
210324303,189147301,2024-03-05,Plano,TX0430600,13B,A,A,N,F,55,R,N,AQ,School-Elementary/Secondary,K-12 School,Personal Weapons,Minor Injury,C
212203713,190781294,2024-03-05,Plano,TX0430600,13B,B,B,N,F,58,R,N,GP,Residence/Home,Home,Personal Weapons,Minor Injury,C
212203911,190781461,2024-03-05,Plano,TX0430600,13B,H,W,H,F,31,R,Y,BG,Residence/Home,Home,Personal Weapons,Minor Injury,C
222971890,200142965,2024-03-05,Plano,TX0430600,13B,W,W,N,F,32,R,Y,XR,Residence/Home,Home,Personal Weapons,Minor Injury,C
210324141,189147165,2024-03-06,Plano,TX0430600,13B,W,W,N,M,61,R,N,OK,Residence/Home,Home,Personal Weapons,Minor Injury,C
210324170,189147188,2024-03-06,Plano,TX0430600,13B,H,W,H,F,55,N,N,AQ,Specialty Store,Specialty Store,Personal Weapons,,C
210324179,189147196,2024-03-06,Plano,TX0430600,13B,B,B,N,F,20,N,N,SB,Residence/Home,Home,Personal Weapons,Minor Injury,C
212203727,190781308,2024-03-06,Plano,TX0430600,13B,W,W,N,F,72,R,Y,SE,Residence/Home,Home,Personal Weapons,Minor Injury,C
210324207,189147221,2024-03-07,Plano,TX0430600,13B,W,W,N,F,62,R,N,PA,Residence/Home,Home,Personal Weapons,Minor Injury,C
210324210,189147224,2024-03-07,Plano,TX0430600,13B,B,B,N,F,57,N,N,AQ,Residence/Home,Home,Personal Weapons,Minor Injury,C
210324253,189147260,2024-03-07,Plano,TX0430600,13B,H,W,H,F,30,N,Y,SE,Highway/Road/Alley/Street/Sidewalk,Street & Sidewalk,Personal Weapons,Minor Injury,C
212203740,190781320,2024-03-07,Plano,TX0430600,13B,A,A,N,F,19,R,N,CH,Residence/Home,Home,Personal Weapons,Minor Injury,C
210324336,189147329,2024-03-08,Plano,TX0430600,13B,B,B,N,F,49,R,N,PA,Residence/Home,Home,Personal Weapons,,C
212203741,190781321,2024-03-08,Plano,TX0430600,13B,B,B,N,F,25,R,Y,BG,Residence/Home,Home,Personal Weapons,Minor Injury,C
212203749,190781329,2024-03-08,Plano,TX0430600,13B,W,W,N,M,33,R,N,FR,Residence/Home,Home,Personal Weapons,Minor Injury,C
212203750,190781330,2024-03-08,Plano,TX0430600,13B,W,W,N,F,29,R,N,SB,Residence/Home,Home,Personal Weapons,,C
219282864,196931564,2024-03-08,Plano,TX0430600,13B,B,B,N,F,22,R,Y,BG,Hotel/Motel/Etc.,Hotel & Motel,Personal Weapons,Minor Injury,C
215759219,193874255,2024-03-09,Plano,TX0430600,13B,W,W,N,M,47,R,N,OK,Parking/Drop Lot/Garage,Parking Lot,Personal Weapons,Minor Injury,C
213810553,192180402,2024-03-10,Plano,TX0430600,13B,H,W,H,F,35,R,Y,BG,Residence/Home,Home,Personal Weapons,Minor Injury,C
219282869,196931567,2024-03-10,Plano,TX0430600,13B,B,B,N,F,19,N,Y,XR,Residence/Home,Home,Personal Weapons,Minor Injury,C
210324511,189147477,2024-03-11,Plano,TX0430600,13B,B,B,N,F,29,R,Y,XR,Residence/Home,Home,Personal Weapons,,C
210324526,189147488,2024-03-11,Plano,TX0430600,13B,A,A,N,M,31,N,N,,Church/Synagogue/Temple/Mosque,Religious Building,Personal Weapons,Minor Injury,C
212203778,190781354,2024-03-11,Plano,TX0430600,13B,W,W,N,F,27,R,Y,XR,Residence/Home,Home,Personal Weapons,Minor Injury,C
215759222,193874258,2024-03-11,Plano,TX0430600,13B,H,W,H,M,16,R,N,ST,Residence/Home,Home,Personal Weapons,Minor Injury,C
212203816,190781381,2024-03-12,Plano,TX0430600,13B,W,W,U,F,48,R,N,AQ,Residence/Home,Home,Personal Weapons,Minor Injury,C
213810566,192180413,2024-03-12,Plano,TX0430600,13B,H,W,H,M,31,R,N,AQ,Restaurant,Restaurant,Personal Weapons,Minor Injury,C
210324593,189147543,2024-03-13,Plano,TX0430600,13B,H,W,H,F,31,R,Y,BG,Residence/Home,Home,Personal Weapons,Minor Injury,C
210324595,189147545,2024-03-13,Plano,TX0430600,13B,A,A,N,M,60,R,N,PA,Residence/Home,Home,Personal Weapons,Minor Injury,C
210324640,189147589,2024-03-13,Plano,TX0430600,13B,A,A,N,M,11,R,N,AQ,Park/Playground,Park & Playground,Personal Weapons,Minor Injury,C
212203806,190781373,2024-03-13,Plano,TX0430600,13B,W,W,N,M,36,R,Y,BG,Residence/Home,Home,Personal Weapons,Minor Injury,C
212203809,190781376,2024-03-13,Plano,TX0430600,13B,B,B,N,M,39,N,Y,BG,Parking/Drop Lot/Garage,Parking Lot,Personal Weapons,Minor Injury,C
210324694,189147635,2024-03-14,Plano,TX0430600,13B,H,W,H,M,70,R,N,OK,Residence/Home,Home,Personal Weapons,,C
210324702,189147641,2024-03-14,Plano,TX0430600,13B,H,W,H,M,30,R,N,ST,Other/Unknown,Other & Unknown,Personal Weapons,,C
212203811,190781378,2024-03-14,Plano,TX0430600,13B,W,W,N,F,25,R,Y,SE,Residence/Home,Home,Personal Weapons,Minor Injury,C
212203819,190781384,2024-03-14,Plano,TX0430600,13B,H,W,H,F,37,R,N,SB,Residence/Home,Home,Personal Weapons,Minor Injury,C
212203820,190781384,2024-03-14,Plano,TX0430600,13B,H,W,H,F,9,N,N,CH,Residence/Home,Home,Personal Weapons,Minor Injury,C
212203831,190781391,2024-03-14,Plano,TX0430600,13B,B,B,N,F,48,R,N,PA,Residence/Home,Home,Personal Weapons,Minor Injury,C
210324784,189147710,2024-03-15,Plano,TX0430600,13B,H,W,H,F,40,R,Y,SE,Residence/Home,Home,Personal Weapons,Minor Injury,C
212203874,190781430,2024-03-15,Plano,TX0430600,13B,W,W,N,F,66,R,N,PA,Residence/Home,Home,Personal Weapons,Minor Injury,C
217493315,195380026,2024-03-15,Plano,TX0430600,13B,H,W,H,M,32,R,N,ST,Grocery/Supermarket,Grocery Store,Personal Weapons,,C
219282876,196931571,2024-03-15,Plano,TX0430600,13B,B,B,N,F,33,R,N,PA;VO,Highway/Road/Alley/Street/Sidewalk,Street & Sidewalk,Personal Weapons,,C
219282877,196931571,2024-03-15,Plano,TX0430600,13B,B,B,N,F,14,R,N,CH;VO,Highway/Road/Alley/Street/Sidewalk,Street & Sidewalk,Personal Weapons,,C
219282878,196931572,2024-03-15,Plano,TX0430600,13B,W,W,N,M,44,U,N,ST,Parking/Drop Lot/Garage,Parking Lot,Personal Weapons,,C
210324813,189147733,2024-03-16,Plano,TX0430600,13B,H,W,H,M,51,R,N,,Convenience Store,Convenience Store,Personal Weapons,Minor Injury,C
210324833,189147750,2024-03-16,Plano,TX0430600,13B,B,B,N,F,56,N,Y,SE,Hotel/Motel/Etc.,Hotel & Motel,Personal Weapons,Minor Injury,C
219282881,196931575,2024-03-16,Plano,TX0430600,13B,H,W,H,F,24,N,Y,BG,Parking/Drop Lot/Garage,Parking Lot,Personal Weapons,Minor Injury,C
210324851,189147763,2024-03-17,Plano,TX0430600,13B,H,W,H,M,32,R,N,AQ;VO,Restaurant,Restaurant,Personal Weapons,Minor Injury,C
210324852,189147763,2024-03-17,Plano,TX0430600,13B,H,W,H,M,91,N,N,AQ;VO,Restaurant,Restaurant,Personal Weapons,,C
210324861,189147772,2024-03-17,Plano,TX0430600,13B,A,A,N,M,37,R,N,OK,Residence/Home,Home,Personal Weapons,Minor Injury,C
212203847,190781407,2024-03-17,Plano,TX0430600,13B,H,W,H,M,24,R,Y,XR,Residence/Home,Home,Personal Weapons,Minor Injury,C
212203848,190781408,2024-03-17,Plano,TX0430600,13B,H,W,H,F,22,N,Y,BG,Residence/Home,Home,Personal Weapons,Minor Injury,C
212204345,190781831,2024-03-17,Plano,TX0430600,13B,A,A,N,F,47,R,N,PA,Residence/Home,Home,Personal Weapons,Minor Injury,C
220742463,198205508,2024-03-17,Plano,TX0430600,13B,W,W,N,M,58,R,N,ST,Restaurant,Restaurant,Personal Weapons,,C
210324890,189147796,2024-03-18,Plano,TX0430600,13B,W,W,N,M,65,R,N,OK,Residence/Home,Home,Personal Weapons,Minor Injury,C
210324918,189147820,2024-03-18,Plano,TX0430600,13B,H,W,H,M,11,R,N,AQ,School-Elementary/Secondary,K-12 School,Personal Weapons,,C
212203859,190781417,2024-03-18,Plano,TX0430600,13B,B,B,N,F,40,R,Y,BG,Residence/Home,Home,Personal Weapons,,C
213810581,192180428,2024-03-18,Plano,TX0430600,13B,H,W,H,M,46,R,Y,BG,Residence/Home,Home,Personal Weapons,Minor Injury,C
213810583,192180430,2024-03-18,Plano,TX0430600,13B,H,W,H,F,28,R,N,PA,Residence/Home,Home,Personal Weapons,,C
219282883,196931577,2024-03-18,Plano,TX0430600,13B,W,W,N,F,35,R,N,OK,Hotel/Motel/Etc.,Hotel & Motel,Personal Weapons,Minor Injury,C
210324931,189147832,2024-03-19,Plano,TX0430600,13B,B,B,N,F,27,R,N,FR,Residence/Home,Home,Personal Weapons,Minor Injury,C
212203869,190781426,2024-03-19,Plano,TX0430600,13B,B,B,N,F,47,R,Y,BG,Residence/Home,Home,Personal Weapons,,C
222971905,200142975,2024-03-19,Plano,TX0430600,13B,W,W,N,M,16,R,N,ST,Highway/Road/Alley/Street/Sidewalk,Street & Sidewalk,Personal Weapons,,C
210324973,189147864,2024-03-20,Plano,TX0430600,13B,W,W,N,M,25,N,N,ST,Drug Store/Doctor's Office/Hospital,Hospital & Clinic,Personal Weapons,Minor Injury,C
210324988,189147878,2024-03-20,Plano,TX0430600,13B,A,A,N,M,16,R,N,AQ,School-Elementary/Secondary,K-12 School,Personal Weapons,Minor Injury,C
212203882,190781437,2024-03-20,Plano,TX0430600,13B,W,W,N,M,80,R,N,PA,Parking/Drop Lot/Garage,Parking Lot,Personal Weapons,Minor Injury,C
222971906,200142976,2024-03-20,Plano,TX0430600,13B,W,W,N,M,58,R,N,ST,Convenience Store,Convenience Store,Personal Weapons,Minor Injury,C
222971907,200142976,2024-03-20,Plano,TX0430600,13B,B,B,N,M,75,N,N,ST,Convenience Store,Convenience Store,Personal Weapons,Minor Injury,C
210325028,189147912,2024-03-21,Plano,TX0430600,13B,H,W,H,M,6,R,N,AQ,School-Elementary/Secondary,K-12 School,Personal Weapons,Minor Injury,C
210325032,189147916,2024-03-21,Plano,TX0430600,13B,B,B,N,F,33,R,N,PA,Hotel/Motel/Etc.,Hotel & Motel,Personal Weapons,Minor Injury,C
212203906,190781456,2024-03-21,Plano,TX0430600,13B,W,W,N,F,45,N,Y,BG,Parking/Drop Lot/Garage,Parking Lot,Personal Weapons,Minor Injury,C
213810593,192180439,2024-03-21,Plano,TX0430600,13B,W,W,N,F,24,R,Y,XR,Residence/Home,Home,Personal Weapons,Minor Injury,C
215759318,193874326,2024-03-21,Plano,TX0430600,13B,W,W,N,M,11,R,N,FR,School-Elementary/Secondary,K-12 School,Personal Weapons,Minor Injury,C
222971908,200142977,2024-03-21,Plano,TX0430600,13B,B,B,N,F,15,R,N,AQ;VO,School-Elementary/Secondary,K-12 School,Personal Weapons,Minor Injury,C
222971909,200142977,2024-03-21,Plano,TX0430600,13B,W,W,N,F,14,R,N,AQ;VO,School-Elementary/Secondary,K-12 School,Personal Weapons,Minor Injury,C
210325063,189147942,2024-03-22,Plano,TX0430600,13B,W,W,N,F,71,R,N,ST,Residence/Home,Home,Personal Weapons,,C
210325075,189147952,2024-03-22,Plano,TX0430600,13B,W,W,N,F,63,R,N,FR,Residence/Home,Home,Personal Weapons,Minor Injury,C
212203912,190781462,2024-03-22,Plano,TX0430600,13B,W,W,N,M,33,R,N,ST,Parking/Drop Lot/Garage,Parking Lot,Personal Weapons,,C
213810599,192180444,2024-03-22,Plano,TX0430600,13B,W,W,N,M,16,R,N,FR,School-Elementary/Secondary,K-12 School,Personal Weapons,Minor Injury,C
213810605,192180449,2024-03-22,Plano,TX0430600,13B,H,W,H,F,11,R,N,AQ,School-Elementary/Secondary,K-12 School,Personal Weapons,Minor Injury,C
220742465,198205510,2024-03-22,Plano,TX0430600,13B,W,W,N,F,15,R,N,AQ;VO,School-Elementary/Secondary,K-12 School,Personal Weapons,Minor Injury,C
220742466,198205510,2024-03-22,Plano,TX0430600,13B,W,W,N,F,15,R,N,AQ;VO,School-Elementary/Secondary,K-12 School,Personal Weapons,Minor Injury,C
224855453,201781537,2024-03-22,Plano,TX0430600,13B,H,W,H,F,34,N,Y,XR,Residence/Home,Home,Personal Weapons,Minor Injury,C
210325077,189147954,2024-03-23,Plano,TX0430600,13B,W,W,N,F,40,R,Y,SE,Residence/Home,Home,Personal Weapons,,C
210325105,189147969,2024-03-23,Plano,TX0430600,13B,W,W,N,F,38,N,N,OK,Hotel/Motel/Etc.,Hotel & Motel,Personal Weapons,Minor Injury,C
210325113,189147975,2024-03-24,Plano,TX0430600,13B,W,W,N,F,31,N,Y,BG,Residence/Home,Home,Personal Weapons,,C
212203921,190781469,2024-03-24,Plano,TX0430600,13B,H,W,H,F,21,N,N,ST,Parking/Drop Lot/Garage,Parking Lot,Personal Weapons,Minor Injury,C
213810617,192180459,2024-03-24,Plano,TX0430600,13B,W,W,N,F,24,N,N,AQ,Restaurant,Restaurant,Personal Weapons,Minor Injury,C
210325161,189148018,2024-03-25,Plano,TX0430600,13B,W,W,U,F,50,R,Y,SE,Residence/Home,Home,Personal Weapons,Minor Injury,C
210325173,189148026,2024-03-25,Plano,TX0430600,13B,W,W,N,M,34,R,Y,BG,Residence/Home,Home,Personal Weapons,Minor Injury,C
213810627,192180468,2024-03-25,Plano,TX0430600,13B,W,W,N,F,47,N,Y,XR,Hotel/Motel/Etc.,Hotel & Motel,Personal Weapons,,C
222971920,200142987,2024-03-25,Plano,TX0430600,13B,B,B,N,M,53,R,Y,XR,Residence/Home,Home,Personal Weapons,Minor Injury,C
213810629,192180470,2024-03-26,Plano,TX0430600,13B,H,W,H,F,53,N,Y,BG,Residence/Home,Home,Personal Weapons,Minor Injury,C
213810634,192180474,2024-03-26,Plano,TX0430600,13B,H,B,H,F,41,R,Y,XS,Hotel/Motel/Etc.,Hotel & Motel,Personal Weapons,Minor Injury,C
215759381,193874372,2024-03-26,Plano,TX0430600,13B,H,W,H,F,35,R,Y,BG,Residence/Home,Home,Personal Weapons,Minor Injury,C
217493646,195380290,2024-03-26,Plano,TX0430600,13B,H,W,H,F,35,R,Y,BG,Residence/Home,Home,Personal Weapons,Minor Injury,C
222971921,200142988,2024-03-26,Plano,TX0430600,13B,B,B,N,F,34,R,N,ST,Parking/Drop Lot/Garage,Parking Lot,Personal Weapons,,C
210325233,189148077,2024-03-27,Plano,TX0430600,13B,W,W,N,M,31,R,N,ST,Hotel/Motel/Etc.,Hotel & Motel,Personal Weapons,,C
213810642,192180481,2024-03-27,Plano,TX0430600,13B,W,W,N,F,14,R,N,AQ,School-Elementary/Secondary,K-12 School,Personal Weapons,Minor Injury,C
213811265,192181011,2024-03-27,Plano,TX0430600,13B,A,A,N,M,3,N,N,OF,Residence/Home,Home,Personal Weapons,Minor Injury,C
210325400,189148227,2024-03-28,Plano,TX0430600,13B,A,A,N,M,14,R,N,OK;VO,School-Elementary/Secondary,K-12 School,Personal Weapons,Minor Injury,C
210325401,189148227,2024-03-28,Plano,TX0430600,13B,B,B,N,M,14,R,N,OK;VO,School-Elementary/Secondary,K-12 School,Personal Weapons,,C
212203981,190781521,2024-03-28,Plano,TX0430600,13B,A,A,N,F,35,R,Y,SE,Residence/Home,Home,Personal Weapons,Minor Injury,C
212203982,190781521,2024-03-28,Plano,TX0430600,13B,A,A,N,M,9,R,N,CH,Residence/Home,Home,Personal Weapons,Minor Injury,C
212203986,190781525,2024-03-28,Plano,TX0430600,13B,W,W,N,F,23,N,Y,BG,Hotel/Motel/Etc.,Hotel & Motel,Personal Weapons,Minor Injury,C
213810657,192180494,2024-03-28,Plano,TX0430600,13B,W,W,N,F,22,R,Y,SE,Residence/Home,Home,Personal Weapons,Minor Injury,C
215759294,193874304,2024-03-28,Plano,TX0430600,13B,B,B,N,M,74,N,N,AQ,Highway/Road/Alley/Street/Sidewalk,Street & Sidewalk,Other,Minor Injury,C
215759295,193874305,2024-03-28,Plano,TX0430600,13B,A,A,N,F,33,R,Y,SE,Residence/Home,Home,Personal Weapons,Minor Injury,C
215759296,193874306,2024-03-28,Plano,TX0430600,13B,W,W,N,F,69,R,N,PA,Residence/Home,Home,Personal Weapons,,C
210325333,189148166,2024-03-29,Plano,TX0430600,13B,W,W,N,M,27,R,N,ST,Parking/Drop Lot/Garage,Parking Lot,Personal Weapons,,C
212203994,190781532,2024-03-29,Plano,TX0430600,13B,W,W,N,F,18,,Y,XR,Residence/Home,Home,Personal Weapons,Minor Injury,C
212203996,190781534,2024-03-29,Plano,TX0430600,13B,W,W,N,F,26,R,N,ST,Highway/Road/Alley/Street/Sidewalk,Street & Sidewalk,Personal Weapons,,C
212203997,190781534,2024-03-29,Plano,TX0430600,13B,W,W,N,F,28,N,N,ST,Highway/Road/Alley/Street/Sidewalk,Street & Sidewalk,Personal Weapons,,C
215759307,193874316,2024-03-29,Plano,TX0430600,13B,H,W,H,F,17,N,N,SB,Parking/Drop Lot/Garage,Parking Lot,Personal Weapons,Minor Injury,C
228841723,205272564,2024-03-29,Plano,TX0430600,13B,H,W,H,M,36,R,N,ST,Bar/Nightclub,Bar & Nightclub,Personal Weapons,Minor Injury,C
212204005,190781542,2024-03-30,Plano,TX0430600,13B,B,B,N,F,36,R,Y,BG,Residence/Home,Home,Personal Weapons,,C
213810671,192180507,2024-03-30,Plano,TX0430600,13B,B,B,N,M,32,N,N,ST,Drug Store/Doctor's Office/Hospital,Hospital & Clinic,Personal Weapons,Minor Injury,C
217493335,195380046,2024-03-30,Plano,TX0430600,13B,A,A,N,F,29,R,N,ST,Residence/Home,Home,Personal Weapons,,C
210325367,189148199,2024-03-31,Plano,TX0430600,13B,B,B,N,M,47,N,N,ST,Grocery/Supermarket,Grocery Store,Personal Weapons,Minor Injury,C
210325376,189148206,2024-03-31,Plano,TX0430600,13B,H,W,H,F,32,R,N,OF;VO,Residence/Home,Home,Personal Weapons,Minor Injury,C
210325377,189148206,2024-03-31,Plano,TX0430600,13B,H,W,H,M,36,R,Y,SB;SE,Residence/Home,Home,Personal Weapons,Minor Injury,C
210325378,189148206,2024-03-31,Plano,TX0430600,13B,H,W,H,F,34,R,N,OF;VO,Residence/Home,Home,Personal Weapons,,C
210325379,189148207,2024-03-31,Plano,TX0430600,13B,W,W,N,F,23,R,N,ST,Restaurant,Restaurant,Personal Weapons,,C
212204026,190781561,2024-03-31,Plano,TX0430600,13B,W,W,U,F,26,N,N,ST,Residence/Home,Home,Personal Weapons,Minor Injury,C
212204033,190781567,2024-03-31,Plano,TX0430600,13B,W,W,N,F,22,R,Y,BG,Parking/Drop Lot/Garage,Parking Lot,Personal Weapons,Minor Injury,C
213810677,192180513,2024-03-31,Plano,TX0430600,13B,B,B,N,M,30,R,Y,BG,Residence/Home,Home,Personal Weapons,Minor Injury,C
212204037,190781570,2024-04-01,Plano,TX0430600,13B,W,W,N,M,38,N,N,AQ,School-Elementary/Secondary,K-12 School,Personal Weapons,Minor Injury,C
212204038,190781570,2024-04-01,Plano,TX0430600,13B,H,W,H,M,13,R,N,AQ,School-Elementary/Secondary,K-12 School,Personal Weapons,Minor Injury,C
212204040,190781572,2024-04-01,Plano,TX0430600,13B,W,W,N,F,24,R,N,ST,Residence/Home,Home,Personal Weapons,,C
215759309,193874318,2024-04-01,Plano,TX0430600,13B,W,W,N,M,67,R,N,ST,Parking/Drop Lot/Garage,Parking Lot,Personal Weapons,Minor Injury,C
220743463,198206350,2024-04-01,Plano,TX0430600,13B,H,A,H,M,31,N,Y,XR,Residence/Home,Home,Personal Weapons,Minor Injury,C
222971931,200142997,2024-04-01,Plano,TX0430600,13B,W,W,N,M,36,N,N,ST,Drug Store/Doctor's Office/Hospital,Hospital & Clinic,Personal Weapons,Minor Injury,C
224856105,201782095,2024-04-01,Plano,TX0430600,13B,W,W,N,M,6,R,N,GC,Residence/Home,Home,Personal Weapons,Minor Injury,C
212204067,190781594,2024-04-02,Plano,TX0430600,13B,A,A,N,F,80,R,N,OK,Residence/Home,Home,Personal Weapons,Minor Injury,C
215759315,193874323,2024-04-02,Plano,TX0430600,13B,H,B,H,M,21,R,N,SB,Residence/Home,Home,Personal Weapons,Minor Injury,C
220742478,198205521,2024-04-02,Plano,TX0430600,13B,B,B,N,F,25,R,Y,BG,Parking/Drop Lot/Garage,Parking Lot,Personal Weapons,Minor Injury,C
212204108,190781632,2024-04-03,Plano,TX0430600,13B,W,W,N,F,29,R,Y,XR,Residence/Home,Home,Personal Weapons,Minor Injury,C
213810736,192180563,2024-04-03,Plano,TX0430600,13B,W,W,N,M,3,N,N,AQ,Daycare Facility,Daycare Facility,Personal Weapons,Minor Injury,C
215759325,193874332,2024-04-03,Plano,TX0430600,13B,H,W,H,F,33,R,Y,SE,Residence/Home,Home,Personal Weapons,Minor Injury,C
222971954,200143010,2024-04-03,Plano,TX0430600,13B,W,W,U,F,46,R,N,SB,Residence/Home,Home,Personal Weapons,Minor Injury,C
212204110,190781634,2024-04-04,Plano,TX0430600,13B,A,A,N,M,56,R,N,PA,Hotel/Motel/Etc.,Hotel & Motel,Personal Weapons,Minor Injury,C
212204142,190781660,2024-04-04,Plano,TX0430600,13B,H,W,H,M,52,N,N,ST,Restaurant,Restaurant,Personal Weapons,Minor Injury,C
213810709,192180539,2024-04-04,Plano,TX0430600,13B,B,B,N,F,38,N,N,ST,Drug Store/Doctor's Office/Hospital,Hospital & Clinic,Personal Weapons,Minor Injury,C
213810717,192180545,2024-04-04,Plano,TX0430600,13B,H,W,H,F,22,N,Y,BG,Parking/Drop Lot/Garage,Parking Lot,Personal Weapons,Minor Injury,C
215759336,193874341,2024-04-04,Plano,TX0430600,13B,W,W,N,F,39,N,N,ST,Drug Store/Doctor's Office/Hospital,Hospital & Clinic,Personal Weapons,Minor Injury,C
212204167,190781680,2024-04-05,Plano,TX0430600,13B,B,B,N,F,53,R,N,AQ,School-Elementary/Secondary,K-12 School,Personal Weapons,,C
212204183,190781695,2024-04-05,Plano,TX0430600,13B,H,W,H,F,14,R,N,ST,Highway/Road/Alley/Street/Sidewalk,Street & Sidewalk,Personal Weapons,,C
212204186,190781698,2024-04-05,Plano,TX0430600,13B,H,W,H,F,21,R,Y,SE,Residence/Home,Home,Personal Weapons,Minor Injury,C
212204224,190781729,2024-04-05,Plano,TX0430600,13B,B,B,N,M,11,R,N,AQ,School-Elementary/Secondary,K-12 School,Personal Weapons,Minor Injury,C
226703551,203400934,2024-04-05,Plano,TX0430600,13B,H,W,H,F,19,R,Y,BG,Residence/Home,Home,Personal Weapons,Minor Injury,C
212204190,190781701,2024-04-06,Plano,TX0430600,13B,W,W,N,F,38,R,N,PA,Residence/Home,Home,Personal Weapons,Minor Injury,C
212204205,190781715,2024-04-06,Plano,TX0430600,13B,H,W,H,F,19,R,N,OF,Residence/Home,Home,Personal Weapons,Minor Injury,C
212204213,190781722,2024-04-06,Plano,TX0430600,13B,W,W,N,F,45,N,Y,BG,Highway/Road/Alley/Street/Sidewalk,Street & Sidewalk,Personal Weapons,Minor Injury,C
212204214,190781723,2024-04-07,Plano,TX0430600,13B,H,W,H,F,32,R,Y,SE,Residence/Home,Home,Personal Weapons,,C
212204229,190781734,2024-04-07,Plano,TX0430600,13B,B,B,N,M,32,R,Y,XR,Residence/Home,Home,Personal Weapons,Minor Injury,C
215759358,193874355,2024-04-07,Plano,TX0430600,13B,B,B,N,F,36,N,Y,BG,Hotel/Motel/Etc.,Hotel & Motel,Personal Weapons,Minor Injury,C
215759364,193874360,2024-04-07,Plano,TX0430600,13B,B,B,N,F,23,R,Y,BG,Residence/Home,Home,Personal Weapons,Minor Injury,C
219282910,196931600,2024-04-07,Plano,TX0430600,13B,B,B,N,F,34,R,N,OK,Residence/Home,Home,Personal Weapons,Minor Injury,C
220742483,198205525,2024-04-07,Plano,TX0430600,13B,W,W,N,F,24,N,Y,BG,Highway/Road/Alley/Street/Sidewalk,Street & Sidewalk,Personal Weapons,Minor Injury,C
226703553,203400936,2024-04-07,Plano,TX0430600,13B,B,B,N,F,28,N,N,OK,Residence/Home,Home,Personal Weapons,Minor Injury,C
226703554,203400936,2024-04-07,Plano,TX0430600,13B,B,B,N,F,6,N,N,OK,Residence/Home,Home,Personal Weapons,Minor Injury,C
212204241,190781743,2024-04-08,Plano,TX0430600,13B,W,W,N,F,43,R,Y,XR,Residence/Home,Home,Personal Weapons,Minor Injury,C
212204264,190781763,2024-04-08,Plano,TX0430600,13B,H,W,H,F,58,R,N,PA,Residence/Home,Home,Personal Weapons,Minor Injury,C
212204267,190781765,2024-04-08,Plano,TX0430600,13B,W,W,N,F,21,N,N,OK,Drug Store/Doctor's Office/Hospital,Hospital & Clinic,Personal Weapons,Minor Injury,C
219282912,196931602,2024-04-08,Plano,TX0430600,13B,W,W,N,F,41,N,Y,SE,Residence/Home,Home,Personal Weapons,,C
222971953,200143009,2024-04-08,Plano,TX0430600,13B,A,A,N,F,19,R,Y,BG,Residence/Home,Home,Personal Weapons,,C
212204275,190781773,2024-04-09,Plano,TX0430600,13B,B,B,N,F,45,N,N,ST,Department/Discount Store,Department Store,Personal Weapons,,C
212204277,190781774,2024-04-09,Plano,TX0430600,13B,B,B,N,F,33,N,N,PA,School-Elementary/Secondary,K-12 School,Personal Weapons,Minor Injury,C
212204339,190781826,2024-04-09,Plano,TX0430600,13B,W,W,N,F,60,N,N,PA,Hotel/Motel/Etc.,Hotel & Motel,Personal Weapons,Minor Injury,C
212204439,190781902,2024-04-09,Plano,TX0430600,13B,W,W,N,F,12,N,N,AQ,School-Elementary/Secondary,K-12 School,Personal Weapons,Minor Injury,C
212204640,190782074,2024-04-09,Plano,TX0430600,13B,W,W,N,F,12,N,N,AQ,School-Elementary/Secondary,K-12 School,Personal Weapons,Minor Injury,C
213810740,192180567,2024-04-09,Plano,TX0430600,13B,W,W,N,M,14,R,N,AQ;VO,School-Elementary/Secondary,K-12 School,Personal Weapons,Minor Injury,C
213810741,192180567,2024-04-09,Plano,TX0430600,13B,B,B,N,M,14,R,N,AQ;VO,School-Elementary/Secondary,K-12 School,Personal Weapons,Minor Injury,C
212204325,190781815,2024-04-10,Plano,TX0430600,13B,W,W,N,M,59,R,N,PA,Residence/Home,Home,Personal Weapons,,C
224855282,201781407,2024-04-10,Plano,TX0430600,13B,W,W,N,F,34,N,Y,BG,Hotel/Motel/Etc.,Hotel & Motel,Personal Weapons,Minor Injury,C
212204350,190781836,2024-04-11,Plano,TX0430600,13B,H,W,H,M,19,R,Y,BG,Residence/Home,Home,Personal Weapons,Minor Injury,C
212204353,190781839,2024-04-11,Plano,TX0430600,13B,H,W,H,F,14,R,N,AQ,School-Elementary/Secondary,K-12 School,Personal Weapons,Minor Injury,C
212204362,190781848,2024-04-11,Plano,TX0430600,13B,H,W,H,M,42,N,N,ST,Auto Dealership New/Used,Auto Dealership,Personal Weapons,Minor Injury,C
212204364,190781850,2024-04-11,Plano,TX0430600,13B,A,A,N,F,54,R,Y,SE,Residence/Home,Home,Personal Weapons,,C
212204367,190781853,2024-04-11,Plano,TX0430600,13B,W,W,N,M,36,R,Y,BG,Residence/Home,Home,Personal Weapons,Minor Injury,C
212204372,190781857,2024-04-12,Plano,TX0430600,13B,B,B,N,M,12,N,N,AQ,School-Elementary/Secondary,K-12 School,Personal Weapons,Minor Injury,C
212204415,190781886,2024-04-12,Plano,TX0430600,13B,B,B,N,M,35,N,Y,BG,Highway/Road/Alley/Street/Sidewalk,Street & Sidewalk,Personal Weapons,,C
215759662,193874616,2024-04-12,Plano,TX0430600,13B,W,W,N,F,34,N,Y,BG,Highway/Road/Alley/Street/Sidewalk,Street & Sidewalk,Personal Weapons,Minor Injury,C
212204448,190781910,2024-04-13,Plano,TX0430600,13B,B,B,N,M,27,R,Y,BG,Residence/Home,Home,Personal Weapons,,C
215759414,193874401,2024-04-13,Plano,TX0430600,13B,A,A,N,F,59,R,N,PA,Residence/Home,Home,Personal Weapons,Minor Injury,C
215759415,193874401,2024-04-13,Plano,TX0430600,13B,A,A,N,M,65,R,N,PA,Residence/Home,Home,Personal Weapons,Minor Injury,C
215759418,193874404,2024-04-13,Plano,TX0430600,13B,H,W,H,F,36,R,Y,BG,Residence/Home,Home,Personal Weapons,Minor Injury,C
215759419,193874405,2024-04-13,Plano,TX0430600,13B,H,W,H,F,43,R,Y,SE,Residence/Home,Home,Personal Weapons,Minor Injury,C
215759437,193874419,2024-04-13,Plano,TX0430600,13B,H,W,H,F,25,N,Y,XR,Residence/Home,Home,Personal Weapons,Minor Injury,C
212204459,190781921,2024-04-14,Plano,TX0430600,13B,B,B,N,F,24,R,Y,XR,Hotel/Motel/Etc.,Hotel & Motel,Personal Weapons,Minor Injury,C
213810789,192180604,2024-04-14,Plano,TX0430600,13B,B,B,N,M,36,N,N,ST,Arena/Stadium/Fairgrounds/Coliseum,Arena & Stadium,Personal Weapons,,C
212204479,190781937,2024-04-15,Plano,TX0430600,13B,H,W,H,F,14,N,Y,BG,Parking/Drop Lot/Garage,Parking Lot,Personal Weapons,Minor Injury,C
212204503,190781958,2024-04-15,Plano,TX0430600,13B,H,W,H,M,37,R,Y,SE,Residence/Home,Home,Personal Weapons,Minor Injury,C
212204520,190781971,2024-04-15,Plano,TX0430600,13B,W,W,N,F,22,N,Y,BG,Parking/Drop Lot/Garage,Parking Lot,Personal Weapons,Minor Injury,C
212204522,190781973,2024-04-16,Plano,TX0430600,13B,B,B,N,M,38,R,Y,BG,Residence/Home,Home,Personal Weapons,,C
212204553,190782001,2024-04-16,Plano,TX0430600,13B,B,B,N,F,24,R,Y,BG,Residence/Home,Home,Personal Weapons,,C
219283115,196931764,2024-04-16,Plano,TX0430600,13B,B,B,N,F,35,N,Y,XR,Parking/Drop Lot/Garage,Parking Lot,Personal Weapons,,C
212204582,190782024,2024-04-17,Plano,TX0430600,13B,H,W,H,F,17,R,N,AQ,School-Elementary/Secondary,K-12 School,Personal Weapons,Minor Injury,C
212204589,190782031,2024-04-17,Plano,TX0430600,13B,W,W,N,M,46,R,Y,VO;XR,Residence/Home,Home,Personal Weapons,Minor Injury,C
212204590,190782031,2024-04-17,Plano,TX0430600,13B,H,W,H,M,25,R,Y,VO;XR,Residence/Home,Home,Personal Weapons,Minor Injury,C
215759443,193874425,2024-04-17,Plano,TX0430600,13B,W,W,N,M,22,R,Y,SE,Residence/Home,Home,Personal Weapons,Minor Injury,C
222971966,200143021,2024-04-17,Plano,TX0430600,13B,H,W,H,M,17,R,N,AQ;VO,School-Elementary/Secondary,K-12 School,Personal Weapons,,C
222971967,200143021,2024-04-17,Plano,TX0430600,13B,B,B,N,M,18,R,N,AQ;FR;VO,School-Elementary/Secondary,K-12 School,Personal Weapons,,C
222971968,200143021,2024-04-17,Plano,TX0430600,13B,B,B,N,M,18,R,N,AQ;FR;VO,School-Elementary/Secondary,K-12 School,Personal Weapons,,C
213810829,192180637,2024-04-18,Plano,TX0430600,13B,H,W,H,F,17,R,N,AQ,Highway/Road/Alley/Street/Sidewalk,Street & Sidewalk,Personal Weapons,,C
215759449,193874431,2024-04-18,Plano,TX0430600,13B,A,A,N,M,57,R,N,ST,Residence/Home,Home,Personal Weapons,Minor Injury,C
215759452,193874434,2024-04-18,Plano,TX0430600,13B,A,A,N,F,35,R,Y,SE,Residence/Home,Home,Personal Weapons,Minor Injury,C
219282939,196931622,2024-04-18,Plano,TX0430600,13B,H,W,H,F,40,,N,OK;VO,Parking/Drop Lot/Garage,Parking Lot,Personal Weapons,Minor Injury,C
219282940,196931622,2024-04-18,Plano,TX0430600,13B,H,W,H,F,37,,N,OK;VO,Parking/Drop Lot/Garage,Parking Lot,Personal Weapons,Minor Injury,C
212204635,190782069,2024-04-19,Plano,TX0430600,13B,B,B,N,F,43,R,Y,BG,Residence/Home,Home,Personal Weapons,Minor Injury,C
212204658,190782090,2024-04-19,Plano,TX0430600,13B,W,W,N,F,16,R,N,CH,Residence/Home,Home,Personal Weapons,Minor Injury,C
215759456,193874438,2024-04-19,Plano,TX0430600,13B,W,W,N,F,45,N,Y,BG,Hotel/Motel/Etc.,Hotel & Motel,Personal Weapons,Minor Injury,C
215759461,193874443,2024-04-19,Plano,TX0430600,13B,W,W,N,M,26,R,N,ST,Residence/Home,Home,Personal Weapons,Minor Injury,C
217493373,195380076,2024-04-19,Plano,TX0430600,13B,H,W,H,F,41,R,Y,XR,Residence/Home,Home,Personal Weapons,Minor Injury,C
224855295,201781412,2024-04-19,Plano,TX0430600,13B,B,B,N,F,15,N,N,OK;VO,School-Elementary/Secondary,K-12 School,Personal Weapons,Minor Injury,C
224855296,201781412,2024-04-19,Plano,TX0430600,13B,B,B,N,F,16,R,N,OK;VO,School-Elementary/Secondary,K-12 School,Personal Weapons,Minor Injury,C
213810843,192180651,2024-04-20,Plano,TX0430600,13B,W,W,N,F,47,N,Y,SE,Hotel/Motel/Etc.,Hotel & Motel,Personal Weapons,Minor Injury,C
215759467,193874448,2024-04-20,Plano,TX0430600,13B,W,W,N,F,23,R,Y,BG,Residence/Home,Home,Personal Weapons,Minor Injury,C
228841757,205272597,2024-04-20,Plano,TX0430600,13B,W,W,N,F,15,R,Y,XR,Residence/Home,Home,Personal Weapons,Minor Injury,C
213810845,192180653,2024-04-21,Plano,TX0430600,13B,H,W,H,F,57,N,N,AQ,Convenience Store,Convenience Store,Personal Weapons,,C
213810891,192180689,2024-04-21,Plano,TX0430600,13B,H,W,H,F,31,R,Y,SE,Residence/Home,Home,Personal Weapons,Minor Injury,C
213810880,192180679,2024-04-22,Plano,TX0430600,13B,W,W,N,F,37,R,Y,XR,Residence/Home,Home,Personal Weapons,Minor Injury,C
213810881,192180680,2024-04-22,Plano,TX0430600,13B,W,W,N,F,35,R,Y,BG,Residence/Home,Home,Personal Weapons,Minor Injury,C
213810884,192180683,2024-04-22,Plano,TX0430600,13B,A,A,N,F,29,N,N,OK,Drug Store/Doctor's Office/Hospital,Hospital & Clinic,Personal Weapons,Minor Injury,C
213810905,192180703,2024-04-22,Plano,TX0430600,13B,W,W,N,F,22,R,Y,XR,Residence/Home,Home,Personal Weapons,Minor Injury,C
215759486,193874463,2024-04-22,Plano,TX0430600,13B,B,B,N,F,20,N,N,OK;ST,Parking/Drop Lot/Garage,Parking Lot,Personal Weapons,Minor Injury,C
215759487,193874463,2024-04-22,Plano,TX0430600,13B,B,B,N,F,14,R,N,AQ;VO,Parking/Drop Lot/Garage,Parking Lot,Personal Weapons,Minor Injury,C
215759488,193874463,2024-04-22,Plano,TX0430600,13B,B,B,N,M,6,R,N,AQ;OK,Parking/Drop Lot/Garage,Parking Lot,Personal Weapons,,C
212204755,190782170,2024-04-23,Plano,TX0430600,13B,W,W,N,F,31,N,Y,XS,Residence/Home,Home,Personal Weapons,Minor Injury,C
212204775,190782189,2024-04-23,Plano,TX0430600,13B,B,B,N,F,16,R,N,SB,Hotel/Motel/Etc.,Hotel & Motel,Personal Weapons,Minor Injury,C
212204804,190782217,2024-04-23,Plano,TX0430600,13B,W,W,N,M,12,R,N,AQ;VO,School-Elementary/Secondary,K-12 School,Personal Weapons,,C
212204805,190782217,2024-04-23,Plano,TX0430600,13B,H,W,H,M,11,R,N,AQ;VO,School-Elementary/Secondary,K-12 School,Personal Weapons,,C
215759492,193874466,2024-04-23,Plano,TX0430600,13B,B,B,N,F,24,N,N,AQ,Drug Store/Doctor's Office/Hospital,Hospital & Clinic,Personal Weapons,Minor Injury,C
215759498,193874471,2024-04-23,Plano,TX0430600,13B,H,W,H,F,52,R,Y,SE,Residence/Home,Home,Personal Weapons,,C
212204815,190782227,2024-04-24,Plano,TX0430600,13B,W,W,N,F,20,N,N,ST,Restaurant,Restaurant,Personal Weapons,,C
213810901,192180699,2024-04-24,Plano,TX0430600,13B,B,B,N,M,11,R,N,CH,Residence/Home,Home,Personal Weapons,Minor Injury,C
220742505,198205544,2024-04-24,Plano,TX0430600,13B,H,W,H,M,37,N,N,AQ,Residence/Home,Home,Personal Weapons,Minor Injury,C
212204831,190782242,2024-04-25,Plano,TX0430600,13B,W,W,N,M,52,N,N,ST,Parking/Drop Lot/Garage,Parking Lot,Personal Weapons,,C
213810926,192180720,2024-04-25,Plano,TX0430600,13B,W,W,N,F,21,R,Y,BG,Residence/Home,Home,Personal Weapons,Minor Injury,C
215759521,193874492,2024-04-25,Plano,TX0430600,13B,W,W,N,M,41,N,N,AQ,School-Elementary/Secondary,K-12 School,Personal Weapons,Minor Injury,C
219282959,196931639,2024-04-25,Plano,TX0430600,13B,W,W,N,F,51,R,N,AQ,School-Elementary/Secondary,K-12 School,Personal Weapons,,C
219282960,196931639,2024-04-25,Plano,TX0430600,13B,B,B,N,F,14,R,N,ST,School-Elementary/Secondary,K-12 School,Personal Weapons,Minor Injury,C
219282961,196931639,2024-04-25,Plano,TX0430600,13B,W,W,N,F,39,N,N,ST,School-Elementary/Secondary,K-12 School,Personal Weapons,,C
212204860,190782268,2024-04-26,Plano,TX0430600,13B,W,W,N,F,36,R,N,OK,Residence/Home,Home,Personal Weapons,,C
213810908,192180706,2024-04-26,Plano,TX0430600,13B,B,B,N,F,25,R,Y,BG,Residence/Home,Home,Personal Weapons,Minor Injury,C
215759522,193874493,2024-04-26,Plano,TX0430600,13B,W,W,N,M,20,U,N,ST,Jail/Prison/Penitentiary/Corrections Facility,Jail & Prison,Personal Weapons,,C
220742507,198205546,2024-04-26,Plano,TX0430600,13B,H,W,H,F,14,R,N,AQ,Residence/Home,Home,Personal Weapons,,C
220742508,198205546,2024-04-26,Plano,TX0430600,13B,W,W,N,F,14,R,N,AQ,Residence/Home,Home,Personal Weapons,Minor Injury,C
212204893,190782295,2024-04-27,Plano,TX0430600,13B,H,W,H,F,24,R,N,FR,Residence/Home,Home,Personal Weapons,Minor Injury,C
212204896,190782298,2024-04-27,Plano,TX0430600,13B,W,W,N,F,45,R,Y,SE,Residence/Home,Home,Personal Weapons,,C
212204900,190782301,2024-04-27,Plano,TX0430600,13B,B,B,N,F,21,R,Y,BG,Residence/Home,Home,Personal Weapons,Minor Injury,C
212204901,190782302,2024-04-27,Plano,TX0430600,13B,H,W,H,F,37,R,Y,XR,Residence/Home,Home,Personal Weapons,Minor Injury,C
213810939,192180730,2024-04-27,Plano,TX0430600,13B,W,W,N,M,26,R,Y,BG;VO,Residence/Home,Home,Personal Weapons,Minor Injury,C
213810940,192180730,2024-04-27,Plano,TX0430600,13B,W,W,N,F,21,R,Y,BG;VO,Residence/Home,Home,Personal Weapons,Minor Injury,C
219282965,196931643,2024-04-27,Plano,TX0430600,13B,A,A,N,M,22,N,N,ST,Parking/Drop Lot/Garage,Parking Lot,Personal Weapons,Minor Injury,C
213810932,192180725,2024-04-28,Plano,TX0430600,13B,A,A,N,M,16,N,N,ST;VO,Parking/Drop Lot/Garage,Parking Lot,Personal Weapons,Minor Injury,C
213810933,192180725,2024-04-28,Plano,TX0430600,13B,H,W,H,M,34,U,N,ST;VO,Parking/Drop Lot/Garage,Parking Lot,Personal Weapons,Minor Injury,C
215759533,193874502,2024-04-28,Plano,TX0430600,13B,W,W,N,M,42,R,N,ST,Parking/Drop Lot/Garage,Parking Lot,Personal Weapons,Minor Injury,C
217493401,195380095,2024-04-28,Plano,TX0430600,13B,H,W,H,F,35,R,Y,XR,Residence/Home,Home,Personal Weapons,Minor Injury,C
212205000,190782379,2024-04-30,Plano,TX0430600,13B,H,W,H,F,13,R,N,AQ,School-Elementary/Secondary,K-12 School,Personal Weapons,Minor Injury,C
212205014,190782391,2024-04-30,Plano,TX0430600,13B,W,W,N,F,24,R,N,CH,Residence/Home,Home,Personal Weapons,,C
212205023,190782399,2024-04-30,Plano,TX0430600,13B,W,W,N,F,38,R,N,OK,Drug Store/Doctor's Office/Hospital,Hospital & Clinic,Personal Weapons,Minor Injury,C
217493406,195380100,2024-04-30,Plano,TX0430600,13B,H,W,H,F,58,N,Y,BG,Highway/Road/Alley/Street/Sidewalk,Street & Sidewalk,Personal Weapons,Minor Injury,C
217493410,195380102,2024-04-30,Plano,TX0430600,13B,B,B,N,F,25,N,Y,BG,Residence/Home,Home,Personal Weapons,Minor Injury,C
213810997,192180779,2024-05-01,Plano,TX0430600,13B,B,B,N,F,14,R,N,OK;ST,Highway/Road/Alley/Street/Sidewalk,Street & Sidewalk,Personal Weapons,Minor Injury,C
215759557,193874521,2024-05-01,Plano,TX0430600,13B,B,B,N,M,24,R,Y,BG,Residence/Home,Home,Personal Weapons,Minor Injury,C
215759569,193874532,2024-05-01,Plano,TX0430600,13B,W,W,N,M,33,R,N,ST,Parking/Drop Lot/Garage,Parking Lot,Personal Weapons,,C
215759570,193874532,2024-05-01,Plano,TX0430600,13B,A,A,N,M,34,R,N,ST,Parking/Drop Lot/Garage,Parking Lot,Personal Weapons,Minor Injury,C
215759571,193874533,2024-05-01,Plano,TX0430600,13B,B,B,N,F,41,N,Y,XR,Parking/Drop Lot/Garage,Parking Lot,Personal Weapons,Minor Injury,C
228860639,205288716,2024-05-01,Plano,TX0430600,13B,H,W,H,F,45,R,Y,SE,Residence/Home,Home,Personal Weapons,Minor Injury,C
213811040,192180816,2024-05-02,Plano,TX0430600,13B,H,W,H,F,16,R,Y,XR,Parking/Drop Lot/Garage,Parking Lot,Personal Weapons,,C
213811045,192180821,2024-05-02,Plano,TX0430600,13B,H,W,H,F,29,R,Y,XR,Residence/Home,Home,Personal Weapons,Minor Injury,C
215759572,193874534,2024-05-02,Plano,TX0430600,13B,B,B,N,M,25,R,Y,BG,Residence/Home,Home,Personal Weapons,Minor Injury,C
215759585,193874545,2024-05-02,Plano,TX0430600,13B,W,W,N,F,39,R,Y,SE,Residence/Home,Home,Personal Weapons,Minor Injury,C
215759586,193874545,2024-05-02,Plano,TX0430600,13B,W,W,N,F,18,R,N,CH,Residence/Home,Home,Personal Weapons,Minor Injury,C
213811066,192180840,2024-05-03,Plano,TX0430600,13B,W,W,N,F,28,R,Y,BG,Residence/Home,Home,Personal Weapons,Minor Injury,C
215759599,193874558,2024-05-03,Plano,TX0430600,13B,W,W,N,F,24,R,Y,XR,Residence/Home,Home,Personal Weapons,Minor Injury,C
219282987,196931661,2024-05-03,Plano,TX0430600,13B,W,W,N,M,26,N,N,ST,Auto Dealership New/Used,Auto Dealership,Personal Weapons,Minor Injury,C
215759600,193874559,2024-05-04,Plano,TX0430600,13B,W,W,N,M,18,R,Y,BG,Highway/Road/Alley/Street/Sidewalk,Street & Sidewalk,Personal Weapons,Minor Injury,C
215759603,193874562,2024-05-04,Plano,TX0430600,13B,H,W,H,F,32,R,Y,SE,Residence/Home,Home,Personal Weapons,Minor Injury,C
217493426,195380115,2024-05-04,Plano,TX0430600,13B,W,W,N,F,87,R,N,GP,Residence/Home,Home,Personal Weapons,Minor Injury,C
217493429,195380117,2024-05-04,Plano,TX0430600,13B,B,B,N,F,31,R,Y,BG,Highway/Road/Alley/Street/Sidewalk,Street & Sidewalk,Personal Weapons,Minor Injury,C
219282990,196931664,2024-05-04,Plano,TX0430600,13B,H,W,H,F,40,R,Y,XR,Residence/Home,Home,Personal Weapons,Minor Injury,C
230628417,206826236,2024-05-04,Plano,TX0430600,13B,H,W,H,M,31,N,N,ST,Bar/Nightclub,Bar & Nightclub,Personal Weapons,Minor Injury,C
217493442,195380127,2024-05-05,Plano,TX0430600,13B,W,W,N,F,58,R,Y,SE,Residence/Home,Home,Personal Weapons,Minor Injury,C
219282994,196931667,2024-05-05,Plano,TX0430600,13B,W,W,N,F,31,R,Y,BG,Residence/Home,Home,Personal Weapons,Minor Injury,C
213811132,192180897,2024-05-06,Plano,TX0430600,13B,W,W,N,F,23,R,N,AQ,Department/Discount Store,Department Store,Personal Weapons,,C
213811138,192180903,2024-05-06,Plano,TX0430600,13B,W,W,N,M,14,N,N,FR,School-Elementary/Secondary,K-12 School,Personal Weapons,Minor Injury,C
213811139,192180904,2024-05-06,Plano,TX0430600,13B,W,W,N,F,14,R,N,AQ;VO,School-Elementary/Secondary,K-12 School,Personal Weapons,,C
213811140,192180904,2024-05-06,Plano,TX0430600,13B,B,B,N,F,14,N,N,AQ;VO,School-Elementary/Secondary,K-12 School,Personal Weapons,,C
213811147,192180910,2024-05-06,Plano,TX0430600,13B,H,W,H,M,14,R,N,AQ,School-Elementary/Secondary,K-12 School,Personal Weapons,Minor Injury,C
213811365,192181099,2024-05-06,Plano,TX0430600,13B,W,W,N,M,67,N,N,AQ,Department/Discount Store,Department Store,Personal Weapons,Minor Injury,C
213811176,192180931,2024-05-07,Plano,TX0430600,13B,W,W,N,F,56,R,N,PA,Residence/Home,Home,Personal Weapons,,C
217493458,195380141,2024-05-07,Plano,TX0430600,13B,H,W,H,M,58,N,N,ST,Jail/Prison/Penitentiary/Corrections Facility,Jail & Prison,Personal Weapons,Minor Injury,C
213811203,192180953,2024-05-08,Plano,TX0430600,13B,H,W,H,M,59,N,N,OK,Drug Store/Doctor's Office/Hospital,Hospital & Clinic,Personal Weapons,Minor Injury,C
213811208,192180958,2024-05-08,Plano,TX0430600,13B,B,B,N,F,31,R,N,,Residence/Home,Home,Personal Weapons,,C
213811216,192180966,2024-05-09,Plano,TX0430600,13B,W,W,N,F,29,R,N,ST,Highway/Road/Alley/Street/Sidewalk,Street & Sidewalk,Personal Weapons,Minor Injury,C
213811272,192181017,2024-05-09,Plano,TX0430600,13B,W,W,N,F,22,N,Y,BG,Residence/Home,Home,Personal Weapons,Minor Injury,C
215759636,193874592,2024-05-09,Plano,TX0430600,13B,H,W,H,F,16,R,N,AQ,School-Elementary/Secondary,K-12 School,Personal Weapons,Minor Injury,C
219283004,196931676,2024-05-09,Plano,TX0430600,13B,B,B,N,M,25,R,Y,BG,Residence/Home,Home,Personal Weapons,Minor Injury,C
215759644,193874600,2024-05-10,Plano,TX0430600,13B,W,W,N,F,16,R,N,AQ,School-Elementary/Secondary,K-12 School,Personal Weapons,Minor Injury,C
217493488,195380164,2024-05-10,Plano,TX0430600,13B,H,W,H,F,26,R,Y,SE,Residence/Home,Home,Personal Weapons,Minor Injury,C
213811295,192181037,2024-05-11,Plano,TX0430600,13B,A,A,N,M,66,R,N,AQ,Restaurant,Restaurant,Personal Weapons,Minor Injury,C
215759654,193874608,2024-05-11,Plano,TX0430600,13B,B,B,N,F,69,R,N,AQ,Residence/Home,Home,Personal Weapons,Minor Injury,C
213811297,192181039,2024-05-12,Plano,TX0430600,13B,H,W,H,M,33,R,Y,SE,Residence/Home,Home,Personal Weapons,,C
213811315,192181053,2024-05-12,Plano,TX0430600,13B,W,W,N,F,68,R,Y,SE,Residence/Home,Home,Personal Weapons,,C
213811320,192181058,2024-05-12,Plano,TX0430600,13B,A,A,N,M,29,R,N,SB,Residence/Home,Home,Personal Weapons,,C
215759657,193874611,2024-05-12,Plano,TX0430600,13B,A,A,N,M,23,R,Y,SE,Residence/Home,Home,Personal Weapons,Minor Injury,C
215759753,193874689,2024-05-13,Plano,TX0430600,13B,A,A,N,F,84,R,Y,SE,Residence/Home,Home,Personal Weapons,Minor Injury,C
215760051,193874943,2024-05-13,Plano,TX0430600,13B,W,W,U,M,69,N,N,ST,Parking/Drop Lot/Garage,Parking Lot,Personal Weapons,Minor Injury,C
222972002,200143050,2024-05-13,Plano,TX0430600,13B,B,B,N,F,17,N,N,AQ,School-Elementary/Secondary,K-12 School,Personal Weapons,,C
213811358,192181092,2024-05-14,Plano,TX0430600,13B,H,W,H,M,36,R,Y,BG,Residence/Home,Home,Personal Weapons,,C
213811370,192181104,2024-05-14,Plano,TX0430600,13B,W,W,N,M,13,R,N,OK,School-Elementary/Secondary,K-12 School,Personal Weapons,Minor Injury,C
213811374,192181108,2024-05-14,Plano,TX0430600,13B,B,B,N,F,15,R,N,AQ,School-Elementary/Secondary,K-12 School,Personal Weapons,,C
215760577,193875407,2024-05-14,Plano,TX0430600,13B,W,W,N,M,63,N,N,SP,Residence/Home,Home,Personal Weapons,,C
217493517,195380186,2024-05-14,Plano,TX0430600,13B,B,B,N,F,20,R,N,CH,Residence/Home,Home,Personal Weapons,Minor Injury,C
219283023,196931692,2024-05-14,Plano,TX0430600,13B,W,W,N,F,41,R,Y,BG,Residence/Home,Home,Personal Weapons,Minor Injury,C
213811406,192181136,2024-05-15,Plano,TX0430600,13B,B,B,N,M,14,R,N,AQ,School-Elementary/Secondary,K-12 School,Personal Weapons,Minor Injury,C
213811419,192181148,2024-05-15,Plano,TX0430600,13B,H,W,H,M,28,R,N,FR,Residence/Home,Home,Personal Weapons,Minor Injury,C
213811438,192181164,2024-05-15,Plano,TX0430600,13B,A,A,N,F,40,R,Y,SE,Residence/Home,Home,Personal Weapons,Minor Injury,C
219283024,196931693,2024-05-15,Plano,TX0430600,13B,B,B,N,F,27,R,Y,XR,Residence/Home,Home,Personal Weapons,Minor Injury,C
213811449,192181175,2024-05-16,Plano,TX0430600,13B,H,W,H,F,21,R,Y,BG;VO,Residence/Home,Home,Personal Weapons,,C
213811450,192181175,2024-05-16,Plano,TX0430600,13B,H,W,H,M,27,R,Y,BG;VO,Residence/Home,Home,Personal Weapons,,C
215759701,193874651,2024-05-16,Plano,TX0430600,13B,B,B,N,F,24,N,Y,BG,Parking/Drop Lot/Garage,Parking Lot,Personal Weapons,Minor Injury,C
219283035,196931702,2024-05-16,Plano,TX0430600,13B,A,A,N,F,43,R,Y,SE,Residence/Home,Home,Personal Weapons,Minor Injury,C
213811504,192181219,2024-05-17,Plano,TX0430600,13B,W,W,N,F,51,N,N,ST,School-Elementary/Secondary,K-12 School,Personal Weapons,,C
213811505,192181219,2024-05-17,Plano,TX0430600,13B,W,W,N,M,17,N,N,ST,School-Elementary/Secondary,K-12 School,Personal Weapons,,C
217493530,195380196,2024-05-17,Plano,TX0430600,13B,W,W,N,F,16,R,N,OK,School-Elementary/Secondary,K-12 School,Personal Weapons,Minor Injury,C
224855304,201781420,2024-05-17,Plano,TX0430600,13B,W,W,N,M,25,R,Y,BG,Residence/Home,Home,Personal Weapons,Minor Injury,C
224855306,201781422,2024-05-17,Plano,TX0430600,13B,B,B,N,F,14,R,N,OK;VO,School-Elementary/Secondary,K-12 School,Personal Weapons,,C
224855307,201781422,2024-05-17,Plano,TX0430600,13B,B,B,N,F,17,R,N,OK;VO,School-Elementary/Secondary,K-12 School,Personal Weapons,,C
224855308,201781422,2024-05-17,Plano,TX0430600,13B,B,B,N,F,16,N,N,OK;VO,School-Elementary/Secondary,K-12 School,Personal Weapons,,C
224855309,201781422,2024-05-17,Plano,TX0430600,13B,B,B,N,F,16,R,N,OK;VO,School-Elementary/Secondary,K-12 School,Personal Weapons,Minor Injury,C
213811538,192181246,2024-05-18,Plano,TX0430600,13B,W,W,N,M,21,N,N,AQ,Residence/Home,Home,Personal Weapons,,C
215759734,193874672,2024-05-18,Plano,TX0430600,13B,W,W,N,F,15,R,N,AQ,Highway/Road/Alley/Street/Sidewalk,Street & Sidewalk,Personal Weapons,Minor Injury,C
215759740,193874677,2024-05-18,Plano,TX0430600,13B,B,B,N,F,36,R,Y,BG,Parking/Drop Lot/Garage,Parking Lot,Personal Weapons,Minor Injury,C
219283049,196931715,2024-05-18,Plano,TX0430600,13B,H,W,H,M,56,N,N,ST,Drug Store/Doctor's Office/Hospital,Hospital & Clinic,Personal Weapons,Minor Injury,C
213811550,192181258,2024-05-19,Plano,TX0430600,13B,B,B,N,M,25,R,N,CH,Residence/Home,Home,Personal Weapons,,C
215759749,193874685,2024-05-19,Plano,TX0430600,13B,B,B,N,F,22,R,N,OF,Residence/Home,Home,Personal Weapons,Minor Injury,C
217493542,195380204,2024-05-19,Plano,TX0430600,13B,W,W,N,F,62,N,Y,XR,Highway/Road/Alley/Street/Sidewalk,Street & Sidewalk,Personal Weapons,Minor Injury,C
219283053,196931719,2024-05-19,Plano,TX0430600,13B,W,W,N,F,25,R,Y,AQ;XR,Parking/Drop Lot/Garage,Parking Lot,Personal Weapons,Minor Injury,C
219283054,196931720,2024-05-19,Plano,TX0430600,13B,H,W,H,M,24,N,N,OF,Residence/Home,Home,Personal Weapons,Minor Injury,C
220742549,198205583,2024-05-19,Plano,TX0430600,13B,B,B,N,F,37,R,N,NE,Residence/Home,Home,Personal Weapons,,C
213811639,192181324,2024-05-20,Plano,TX0430600,13B,B,B,N,M,12,R,N,AQ;VO,School-Elementary/Secondary,K-12 School,Personal Weapons,Minor Injury,C
213811640,192181324,2024-05-20,Plano,TX0430600,13B,W,W,N,M,12,R,N,AQ;VO,School-Elementary/Secondary,K-12 School,Personal Weapons,,C
213811711,192181391,2024-05-21,Plano,TX0430600,13B,W,W,N,F,56,R,N,PA,Parking/Drop Lot/Garage,Parking Lot,Personal Weapons,,C
217493748,195380377,2024-05-21,Plano,TX0430600,13B,A,A,N,F,35,N,Y,XR,Residence/Home,Home,Personal Weapons,,C
220742552,198205586,2024-05-21,Plano,TX0430600,13B,H,B,H,F,13,R,N,AQ,Highway/Road/Alley/Street/Sidewalk,Street & Sidewalk,Personal Weapons,Minor Injury,C
213811772,192181442,2024-05-22,Plano,TX0430600,13B,W,W,N,F,27,R,Y,SE,Residence/Home,Home,Personal Weapons,Minor Injury,C
219283069,196931730,2024-05-22,Plano,TX0430600,13B,B,B,U,F,21,N,N,CH,Residence/Home,Home,Personal Weapons,Minor Injury,C
219283071,196931732,2024-05-22,Plano,TX0430600,13B,W,W,N,F,20,R,Y,BG,Residence/Home,Home,Personal Weapons,Minor Injury,C
213811834,192181501,2024-05-23,Plano,TX0430600,13B,H,W,H,F,30,R,N,ST,Parking/Drop Lot/Garage,Parking Lot,Personal Weapons,,C
215759780,193874714,2024-05-23,Plano,TX0430600,13B,A,A,N,M,16,R,N,SB,Residence/Home,Home,Personal Weapons,Minor Injury,C
215759788,193874722,2024-05-23,Plano,TX0430600,13B,H,W,H,F,15,R,Y,BG,Parking/Drop Lot/Garage,Parking Lot,Personal Weapons,Minor Injury,C
215759790,193874723,2024-05-23,Plano,TX0430600,13B,W,W,N,F,68,R,N,PA,Residence/Home,Home,Personal Weapons,Minor Injury,C
219283073,196931734,2024-05-23,Plano,TX0430600,13B,A,A,N,M,29,R,Y,XR,Highway/Road/Alley/Street/Sidewalk,Street & Sidewalk,Personal Weapons,Minor Injury,C
213811855,192181517,2024-05-24,Plano,TX0430600,13B,W,W,N,M,14,R,N,SB,Residence/Home,Home,Personal Weapons,Minor Injury,C
213811856,192181517,2024-05-24,Plano,TX0430600,13B,W,W,N,M,52,R,N,PA,Residence/Home,Home,Personal Weapons,Minor Injury,C
213811902,192181555,2024-05-24,Plano,TX0430600,13B,A,A,N,F,35,R,N,IL,Residence/Home,Home,Personal Weapons,,C
215759792,193874725,2024-05-24,Plano,TX0430600,13B,W,W,N,F,32,N,Y,BG,Residence/Home,Home,Personal Weapons,Minor Injury,C
215759811,193874741,2024-05-24,Plano,TX0430600,13B,H,W,H,M,43,R,N,OK,Parking/Drop Lot/Garage,Parking Lot,Personal Weapons,Minor Injury,C
219283078,196931739,2024-05-24,Plano,TX0430600,13B,H,W,H,F,25,R,Y,BG,Residence/Home,Home,Personal Weapons,Minor Injury,C
226703608,203400983,2024-05-24,Plano,TX0430600,13B,B,B,N,F,15,R,N,AQ;FR;VO,School-Elementary/Secondary,K-12 School,Personal Weapons,,C
226703609,203400983,2024-05-24,Plano,TX0430600,13B,B,B,N,F,14,R,N,AQ;FR;VO,School-Elementary/Secondary,K-12 School,Personal Weapons,,C
226703610,203400983,2024-05-24,Plano,TX0430600,13B,B,B,N,F,15,R,N,AQ;FR;VO,School-Elementary/Secondary,K-12 School,Personal Weapons,,C
226703611,203400983,2024-05-24,Plano,TX0430600,13B,B,B,N,F,14,R,N,AQ;VO,School-Elementary/Secondary,K-12 School,Personal Weapons,,C
215759818,193874748,2024-05-25,Plano,TX0430600,13B,H,W,H,F,27,R,Y,BG,Residence/Home,Home,Personal Weapons,Minor Injury,C
215759833,193874758,2024-05-25,Plano,TX0430600,13B,H,W,H,M,20,R,N,AQ,Residence/Home,Home,Personal Weapons,Minor Injury,C
215759834,193874759,2024-05-25,Plano,TX0430600,13B,H,W,H,F,26,R,Y,SE,Residence/Home,Home,Personal Weapons,Minor Injury,C
215759835,193874760,2024-05-25,Plano,TX0430600,13B,H,W,H,F,18,R,N,CH,Residence/Home,Home,Personal Weapons,,C
222972030,200143075,2024-05-25,Plano,TX0430600,13B,B,B,N,F,33,R,N,ST,Convenience Store,Convenience Store,Personal Weapons,,C
213811972,192181616,2024-05-26,Plano,TX0430600,13B,H,W,H,F,43,R,N,AQ,Restaurant,Restaurant,Personal Weapons,Minor Injury,C
219283092,196931750,2024-05-26,Plano,TX0430600,13B,B,B,N,F,31,R,N,AQ,Residence/Home,Home,Personal Weapons,Minor Injury,C
224856219,201782203,2024-05-26,Plano,TX0430600,13B,B,B,N,F,27,R,Y,BG,Residence/Home,Home,Personal Weapons,Minor Injury,C
213812043,192181677,2024-05-27,Plano,TX0430600,13B,W,W,N,F,44,R,Y,SE,Residence/Home,Home,Personal Weapons,Minor Injury,C
215760054,193874946,2024-05-27,Plano,TX0430600,13B,H,W,H,F,26,R,Y,XR,Residence/Home,Home,Personal Weapons,Minor Injury,C
219283094,196931751,2024-05-27,Plano,TX0430600,13B,B,B,N,F,38,R,Y,SE,Residence/Home,Home,Personal Weapons,Minor Injury,C
220742578,198205603,2024-05-27,Plano,TX0430600,13B,H,W,H,M,37,R,Y,XR,Restaurant,Restaurant,Personal Weapons,Minor Injury,C
217493560,195380219,2024-05-28,Plano,TX0430600,13B,H,W,H,F,43,R,Y,SE,Residence/Home,Home,Personal Weapons,Minor Injury,C
217493562,195380221,2024-05-28,Plano,TX0430600,13B,H,W,H,M,37,N,N,AQ,Residence/Home,Home,Personal Weapons,Minor Injury,C
219283098,196931755,2024-05-28,Plano,TX0430600,13B,W,W,N,F,39,R,Y,XR,Residence/Home,Home,Personal Weapons,Minor Injury,C
219283099,196931755,2024-05-28,Plano,TX0430600,13B,W,W,N,M,16,R,N,OK,Residence/Home,Home,Personal Weapons,Minor Injury,C
219283101,196931757,2024-05-28,Plano,TX0430600,13B,B,B,N,F,19,R,N,OF,Residence/Home,Home,Personal Weapons,Minor Injury,C
219283102,196931757,2024-05-28,Plano,TX0430600,13B,B,B,N,M,20,R,N,IL,Residence/Home,Home,Personal Weapons,Minor Injury,C
219283103,196931757,2024-05-28,Plano,TX0430600,13B,B,B,N,F,14,R,N,OF,Residence/Home,Home,Personal Weapons,Minor Injury,C
219283104,196931757,2024-05-28,Plano,TX0430600,13B,B,B,N,F,16,R,N,OF,Residence/Home,Home,Personal Weapons,Minor Injury,C
219283105,196931757,2024-05-28,Plano,TX0430600,13B,B,B,N,F,13,R,N,OF,Residence/Home,Home,Personal Weapons,Minor Injury,C
219283108,196931759,2024-05-28,Plano,TX0430600,13B,H,W,H,F,49,N,Y,SE,Highway/Road/Alley/Street/Sidewalk,Street & Sidewalk,Personal Weapons,Minor Injury,C
222972032,200143077,2024-05-28,Plano,TX0430600,13B,W,W,N,M,64,R,Y,BG,Parking/Drop Lot/Garage,Parking Lot,Personal Weapons,Minor Injury,C
213812189,192181794,2024-05-29,Plano,TX0430600,13B,W,W,N,F,45,R,N,PA,Residence/Home,Home,Personal Weapons,,C
215759889,193874808,2024-05-29,Plano,TX0430600,13B,W,W,N,F,47,R,N,PA,Residence/Home,Home,Personal Weapons,Minor Injury,C
215759890,193874809,2024-05-29,Plano,TX0430600,13B,W,W,N,F,60,R,N,PA,Residence/Home,Home,Personal Weapons,Minor Injury,C
215759891,193874810,2024-05-29,Plano,TX0430600,13B,H,W,H,F,18,R,N,AQ;VO,Restaurant,Restaurant,Personal Weapons,Minor Injury,C
215759892,193874810,2024-05-29,Plano,TX0430600,13B,H,W,H,F,20,N,N,AQ;VO,Restaurant,Restaurant,Personal Weapons,Minor Injury,C
215759912,193874828,2024-05-29,Plano,TX0430600,13B,H,W,H,F,30,R,Y,XR,Parking/Drop Lot/Garage,Parking Lot,Personal Weapons,,C
215759953,193874859,2024-05-29,Plano,TX0430600,13B,W,W,N,F,6,R,N,CH,Residence/Home,Home,Personal Weapons,Minor Injury,C
219283117,196931766,2024-05-29,Plano,TX0430600,13B,A,A,N,F,25,R,Y,SE,Residence/Home,Home,Personal Weapons,Minor Injury,C
213812227,192181828,2024-05-30,Plano,TX0430600,13B,W,W,N,M,43,R,N,SB;VO,Residence/Home,Home,Personal Weapons,,C
213812228,192181828,2024-05-30,Plano,TX0430600,13B,W,W,N,M,43,R,N,SB;VO,Residence/Home,Home,Personal Weapons,,C
215759904,193874820,2024-05-30,Plano,TX0430600,13B,B,B,N,F,30,R,Y,BG,Residence/Home,Home,Personal Weapons,Minor Injury,C
215759918,193874834,2024-05-30,Plano,TX0430600,13B,H,W,H,M,25,R,N,ST,Bar/Nightclub,Bar & Nightclub,Personal Weapons,,C
213812311,192181899,2024-05-31,Plano,TX0430600,13B,W,W,N,M,26,R,N,ST,Specialty Store,Specialty Store,Personal Weapons,Minor Injury,C
213812339,192181922,2024-05-31,Plano,TX0430600,13B,B,B,N,F,29,R,Y,BG,Residence/Home,Home,Personal Weapons,Minor Injury,C
215759920,193874836,2024-05-31,Plano,TX0430600,13B,W,W,N,M,55,R,N,AQ,Specialty Store,Specialty Store,Personal Weapons,Minor Injury,C
215759949,193874855,2024-05-31,Plano,TX0430600,13B,B,B,N,F,28,R,Y,BG,Hotel/Motel/Etc.,Hotel & Motel,Personal Weapons,Minor Injury,C
217493574,195380231,2024-05-31,Plano,TX0430600,13B,H,U,H,F,32,N,N,OK,Residence/Home,Home,Personal Weapons,,C
217493575,195380232,2024-05-31,Plano,TX0430600,13B,H,W,H,M,27,R,N,AQ,Parking/Drop Lot/Garage,Parking Lot,Personal Weapons,,C
219283129,196931774,2024-05-31,Plano,TX0430600,13B,B,B,N,M,31,N,N,ST,Department/Discount Store,Department Store,Personal Weapons,Minor Injury,C
215759948,193874854,2024-06-01,Plano,TX0430600,13B,H,W,H,F,22,N,Y,BG,Residence/Home,Home,Personal Weapons,,C
215759964,193874869,2024-06-01,Plano,TX0430600,13B,B,B,N,F,32,R,Y,OK;XR,Residence/Home,Home,Personal Weapons,Minor Injury,C
215759965,193874869,2024-06-01,Plano,TX0430600,13B,B,B,N,F,7,R,N,OK,Residence/Home,Home,Personal Weapons,Minor Injury,C
215759966,193874869,2024-06-01,Plano,TX0430600,13B,B,B,N,M,12,R,N,OK,Residence/Home,Home,Personal Weapons,Minor Injury,C
215759967,193874869,2024-06-01,Plano,TX0430600,13B,B,B,N,M,9,R,N,OK,Residence/Home,Home,Personal Weapons,Minor Injury,C
219283134,196931779,2024-06-01,Plano,TX0430600,13B,H,W,H,F,21,R,Y,BG,Highway/Road/Alley/Street/Sidewalk,Street & Sidewalk,Personal Weapons,Minor Injury,C
219283135,196931780,2024-06-01,Plano,TX0430600,13B,B,B,N,F,68,R,Y,SE,Residence/Home,Home,Personal Weapons,,C
219283136,196931780,2024-06-01,Plano,TX0430600,13B,B,B,N,F,35,R,N,CH,Residence/Home,Home,Personal Weapons,,C
224856064,201782064,2024-06-01,Plano,TX0430600,13B,H,W,H,F,29,R,Y,XR,Residence/Home,Home,Personal Weapons,Minor Injury,C
228841736,205272576,2024-06-01,Plano,TX0430600,13B,B,B,N,F,32,N,N,ST,Restaurant,Restaurant,Personal Weapons,Minor Injury,C
215759982,193874881,2024-06-02,Plano,TX0430600,13B,B,B,N,F,39,R,Y,SE,Residence/Home,Home,Personal Weapons,,C
215759983,193874881,2024-06-02,Plano,TX0430600,13B,B,B,N,F,16,R,N,SC,Residence/Home,Home,Personal Weapons,,C
215759998,193874894,2024-06-03,Plano,TX0430600,13B,W,W,N,F,36,R,Y,BG,Residence/Home,Home,Personal Weapons,,C
215760001,193874897,2024-06-03,Plano,TX0430600,13B,B,B,N,F,26,N,N,CH,Residence/Home,Home,Personal Weapons,Minor Injury,C
215760015,193874911,2024-06-03,Plano,TX0430600,13B,B,B,N,F,45,R,N,PA,Residence/Home,Home,Personal Weapons,,C
215760028,193874922,2024-06-03,Plano,TX0430600,13B,W,W,N,F,44,N,Y,SE;VO,Residence/Home,Home,Personal Weapons,Minor Injury,C
215760029,193874922,2024-06-03,Plano,TX0430600,13B,W,W,N,M,54,N,Y,SE;VO,Residence/Home,Home,Personal Weapons,,C
217493588,195380244,2024-06-03,Plano,TX0430600,13B,B,B,N,F,36,R,Y,XR,Residence/Home,Home,Personal Weapons,,C
219283154,196931795,2024-06-03,Plano,TX0430600,13B,H,W,H,M,23,R,N,ST,Jail/Prison/Penitentiary/Corrections Facility,Jail & Prison,Personal Weapons,Minor Injury,C
219283156,196931797,2024-06-03,Plano,TX0430600,13B,H,W,H,M,27,R,Y,BG,Highway/Road/Alley/Street/Sidewalk,Street & Sidewalk,Personal Weapons,Minor Injury,C
222972473,200143442,2024-06-03,Plano,TX0430600,13B,W,W,N,F,30,R,Y,XR,Residence/Home,Home,Personal Weapons,Minor Injury,C
215760030,193874923,2024-06-04,Plano,TX0430600,13B,W,W,N,F,46,N,Y,BG,Residence/Home,Home,Personal Weapons,Minor Injury,C
215760045,193874937,2024-06-04,Plano,TX0430600,13B,B,B,N,F,18,R,Y,BG,Hotel/Motel/Etc.,Hotel & Motel,Personal Weapons,,C
217493596,195380250,2024-06-04,Plano,TX0430600,13B,B,B,N,F,33,R,Y,BG,Residence/Home,Home,Personal Weapons,Minor Injury,C
215760059,193874951,2024-06-05,Plano,TX0430600,13B,B,B,N,M,33,R,Y,BG;VO,Residence/Home,Home,Personal Weapons,,C
215760060,193874951,2024-06-05,Plano,TX0430600,13B,B,B,N,F,33,R,Y,BG;VO,Residence/Home,Home,Personal Weapons,,C
217493606,195380260,2024-06-05,Plano,TX0430600,13B,W,W,N,F,77,R,Y,SE,Residence/Home,Home,Personal Weapons,Minor Injury,C
220742604,198205621,2024-06-05,Plano,TX0430600,13B,B,B,N,M,32,N,Y,BG,Parking/Drop Lot/Garage,Parking Lot,Personal Weapons,Minor Injury,C
219283167,196931808,2024-06-06,Plano,TX0430600,13B,B,B,N,F,35,R,Y,BG,Residence/Home,Home,Personal Weapons,Minor Injury,C
217493622,195380271,2024-06-07,Plano,TX0430600,13B,W,W,N,F,45,N,Y,SE,Residence/Home,Home,Personal Weapons,Minor Injury,C
220742625,198205638,2024-06-07,Plano,TX0430600,13B,H,W,H,F,30,R,N,ST,Government/Public Building,Government Building,Personal Weapons,,C
215760177,193875052,2024-06-08,Plano,TX0430600,13B,B,B,U,M,36,R,N,CH;OF;VO,Residence/Home,Home,Personal Weapons,Minor Injury,C
215760178,193875052,2024-06-08,Plano,TX0430600,13B,B,B,U,F,60,R,N,PA;SB;VO,Residence/Home,Home,Personal Weapons,,C
215760179,193875052,2024-06-08,Plano,TX0430600,13B,B,B,U,F,64,N,N,OF;SB;VO,Residence/Home,Home,Personal Weapons,,C
217493624,195380273,2024-06-08,Plano,TX0430600,13B,H,W,H,F,39,R,Y,XR,Residence/Home,Home,Personal Weapons,,C
217493631,195380279,2024-06-08,Plano,TX0430600,13B,B,B,N,F,55,N,N,ST,Drug Store/Doctor's Office/Hospital,Hospital & Clinic,Personal Weapons,Minor Injury,C
217493632,195380279,2024-06-08,Plano,TX0430600,13B,W,W,N,M,44,R,N,ST,Drug Store/Doctor's Office/Hospital,Hospital & Clinic,Personal Weapons,Minor Injury,C
217493633,195380279,2024-06-08,Plano,TX0430600,13B,W,W,N,F,25,N,N,ST,Drug Store/Doctor's Office/Hospital,Hospital & Clinic,Personal Weapons,,C
217493634,195380279,2024-06-08,Plano,TX0430600,13B,W,W,N,F,39,N,N,ST,Drug Store/Doctor's Office/Hospital,Hospital & Clinic,Personal Weapons,,C
217493649,195380293,2024-06-08,Plano,TX0430600,13B,H,W,H,M,9,R,N,CH,Other/Unknown,Other & Unknown,Personal Weapons,Minor Injury,C
220742627,198205640,2024-06-08,Plano,TX0430600,13B,H,W,H,F,41,R,Y,SE,Residence/Home,Home,Personal Weapons,Minor Injury,C
220742629,198205642,2024-06-08,Plano,TX0430600,13B,H,W,H,M,34,R,Y,SE,Residence/Home,Home,Personal Weapons,Minor Injury,C
215760187,193875056,2024-06-09,Plano,TX0430600,13B,H,W,H,M,22,R,N,FR,Highway/Road/Alley/Street/Sidewalk,Street & Sidewalk,Personal Weapons,Minor Injury,C
215760195,193875064,2024-06-09,Plano,TX0430600,13B,W,W,N,F,19,N,N,AQ,Restaurant,Restaurant,Personal Weapons,Minor Injury,C
215760199,193875067,2024-06-09,Plano,TX0430600,13B,A,A,N,M,61,R,N,PA,Residence/Home,Home,Personal Weapons,,C
215760204,193875070,2024-06-09,Plano,TX0430600,13B,B,B,N,F,29,R,Y,BG,Residence/Home,Home,Personal Weapons,Minor Injury,C
217493641,195380285,2024-06-09,Plano,TX0430600,13B,W,W,N,M,28,N,N,AQ,Drug Store/Doctor's Office/Hospital,Hospital & Clinic,Personal Weapons,,C
220742636,198205648,2024-06-09,Plano,TX0430600,13B,B,B,N,F,19,R,Y,BG,Residence/Home,Home,Personal Weapons,Minor Injury,C
215760236,193875099,2024-06-10,Plano,TX0430600,13B,B,B,U,F,36,R,Y,BG,Residence/Home,Home,Personal Weapons,,C
217493638,195380282,2024-06-10,Plano,TX0430600,13B,H,W,H,F,27,R,N,ST,Highway/Road/Alley/Street/Sidewalk,Street & Sidewalk,Personal Weapons,,C
220742639,198205651,2024-06-10,Plano,TX0430600,13B,A,A,N,M,40,R,Y,SE,Residence/Home,Home,Personal Weapons,Minor Injury,C
220742641,198205653,2024-06-10,Plano,TX0430600,13B,A,A,N,M,24,R,N,OK,Residence/Home,Home,Personal Weapons,Minor Injury,C
215760270,193875131,2024-06-11,Plano,TX0430600,13B,W,W,N,F,60,R,Y,SE,Hotel/Motel/Etc.,Hotel & Motel,Personal Weapons,Minor Injury,C
215760387,193875236,2024-06-11,Plano,TX0430600,13B,W,W,N,F,38,R,Y,SE,Residence/Home,Home,Personal Weapons,,C
220742644,198205655,2024-06-11,Plano,TX0430600,13B,H,W,H,F,24,R,Y,XR,Residence/Home,Home,Personal Weapons,Minor Injury,C
215760285,193875145,2024-06-12,Plano,TX0430600,13B,W,W,N,M,62,N,N,PA,Drug Store/Doctor's Office/Hospital,Hospital & Clinic,Personal Weapons,Minor Injury,C
215760301,193875160,2024-06-12,Plano,TX0430600,13B,W,W,N,M,44,N,N,ST,Parking/Drop Lot/Garage,Parking Lot,Personal Weapons,,C
215760313,193875171,2024-06-12,Plano,TX0430600,13B,W,W,N,F,34,N,Y,BG,Parking/Drop Lot/Garage,Parking Lot,Personal Weapons,,C
215760329,193875186,2024-06-13,Plano,TX0430600,13B,W,W,N,M,19,R,N,SB,Residence/Home,Home,Personal Weapons,Minor Injury,C
215760364,193875216,2024-06-13,Plano,TX0430600,13B,W,W,N,M,11,R,N,ST,Amusement Park,Amusement Park,Personal Weapons,Minor Injury,C
215760395,193875244,2024-06-13,Plano,TX0430600,13B,W,W,N,F,72,R,Y,SE,Drug Store/Doctor's Office/Hospital,Hospital & Clinic,Personal Weapons,,C
220742656,198205666,2024-06-14,Plano,TX0430600,13B,A,A,N,M,21,N,Y,XR,Highway/Road/Alley/Street/Sidewalk,Street & Sidewalk,Personal Weapons,Minor Injury,C
220742659,198205669,2024-06-14,Plano,TX0430600,13B,B,B,N,F,52,R,Y,SE,Residence/Home,Home,Personal Weapons,Minor Injury,C
215760385,193875234,2024-06-15,Plano,TX0430600,13B,B,B,N,F,36,R,Y,XR,Residence/Home,Home,Personal Weapons,Minor Injury,C
215760417,193875263,2024-06-15,Plano,TX0430600,13B,W,W,N,M,65,R,Y,SE,Residence/Home,Home,Personal Weapons,Minor Injury,C
217493661,195380303,2024-06-15,Plano,TX0430600,13B,H,W,H,F,55,R,N,PA,Residence/Home,Home,Personal Weapons,Minor Injury,C
217493664,195380305,2024-06-15,Plano,TX0430600,13B,B,B,N,F,29,N,N,AQ,Service/Gas Station,Gas Station,Personal Weapons,Minor Injury,C
220742667,198205675,2024-06-15,Plano,TX0430600,13B,B,B,N,F,16,N,N,CH,Drug Store/Doctor's Office/Hospital,Hospital & Clinic,Personal Weapons,Minor Injury,C
215760653,193875476,2024-06-16,Plano,TX0430600,13B,H,W,H,F,31,R,Y,SE,Residence/Home,Home,Personal Weapons,Minor Injury,C
219283199,196931834,2024-06-16,Plano,TX0430600,13B,W,W,N,M,31,N,N,ST,Arena/Stadium/Fairgrounds/Coliseum,Arena & Stadium,Personal Weapons,Minor Injury,C
220742668,198205676,2024-06-16,Plano,TX0430600,13B,W,W,N,F,19,R,N,AQ,Highway/Road/Alley/Street/Sidewalk,Street & Sidewalk,Personal Weapons,Minor Injury,C
220742672,198205680,2024-06-16,Plano,TX0430600,13B,W,W,N,F,34,R,Y,SE,Residence/Home,Home,Personal Weapons,Minor Injury,C
220742676,198205682,2024-06-16,Plano,TX0430600,13B,H,W,H,F,20,N,N,SB,Parking/Drop Lot/Garage,Parking Lot,Personal Weapons,,C
220742677,198205682,2024-06-16,Plano,TX0430600,13B,H,W,H,F,52,N,N,PA,Parking/Drop Lot/Garage,Parking Lot,Personal Weapons,Minor Injury,C
222972065,200143104,2024-06-16,Plano,TX0430600,13B,H,W,H,F,22,R,N,AQ,Residence/Home,Home,Personal Weapons,Minor Injury,C
222972555,200143510,2024-06-16,Plano,TX0430600,13B,A,A,N,F,48,R,N,FR,Residence/Home,Home,Personal Weapons,,C
215760458,193875298,2024-06-17,Plano,TX0430600,13B,B,B,N,F,18,R,N,SB,Parking/Drop Lot/Garage,Parking Lot,Personal Weapons,,C
217493673,195380312,2024-06-17,Plano,TX0430600,13B,W,W,N,F,42,R,N,ST,Department/Discount Store,Department Store,Personal Weapons,,C
220742684,198205688,2024-06-17,Plano,TX0430600,13B,W,W,N,M,59,R,N,PA,Residence/Home,Home,Personal Weapons,Minor Injury,C
215760488,193875324,2024-06-18,Plano,TX0430600,13B,W,W,N,F,34,R,Y,BG,Rental Storage Facility,Storage Facility,Personal Weapons,Minor Injury,C
217493679,195380318,2024-06-18,Plano,TX0430600,13B,W,W,N,F,57,N,N,PA,Parking/Drop Lot/Garage,Parking Lot,Personal Weapons,Minor Injury,C
217493680,195380319,2024-06-18,Plano,TX0430600,13B,H,W,H,F,17,R,Y,XR,Residence/Home,Home,Personal Weapons,Minor Injury,C
220742687,198205690,2024-06-18,Plano,TX0430600,13B,B,B,N,M,20,N,Y,VO;XR,Highway/Road/Alley/Street/Sidewalk,Street & Sidewalk,Personal Weapons,Minor Injury,C
220742696,198205699,2024-06-19,Plano,TX0430600,13B,H,W,H,M,30,R,Y,BG,Residence/Home,Home,Personal Weapons,Minor Injury,C
215760563,193875393,2024-06-20,Plano,TX0430600,13B,H,W,H,F,68,R,N,GP,Residence/Home,Home,Personal Weapons,Minor Injury,C
217493695,195380334,2024-06-20,Plano,TX0430600,13B,H,W,H,F,27,R,N,ST,Department/Discount Store,Department Store,Personal Weapons,,C
217493717,195380353,2024-06-20,Plano,TX0430600,13B,B,B,N,F,14,R,N,ST,Residence/Home,Home,Personal Weapons,,C
220742703,198205705,2024-06-20,Plano,TX0430600,13B,B,B,N,F,31,R,Y,SE,Residence/Home,Home,Personal Weapons,Minor Injury,C
219283217,196931850,2024-06-21,Plano,TX0430600,13B,W,W,N,F,33,R,Y,SE,Residence/Home,Home,Personal Weapons,Minor Injury,C
220742704,198205706,2024-06-21,Plano,TX0430600,13B,B,B,N,F,39,U,Y,SE,Residence/Home,Home,Personal Weapons,Minor Injury,C
215760622,193875448,2024-06-22,Plano,TX0430600,13B,A,A,N,M,27,N,Y,BG,Residence/Home,Home,Personal Weapons,,C
219283222,196931855,2024-06-22,Plano,TX0430600,13B,W,W,N,M,41,N,N,ST,Bar/Nightclub,Bar & Nightclub,Personal Weapons,Minor Injury,C
219283224,196931857,2024-06-22,Plano,TX0430600,13B,W,W,N,F,38,N,Y,XR,Parking/Drop Lot/Garage,Parking Lot,Personal Weapons,Minor Injury,C
226703641,203401010,2024-06-22,Plano,TX0430600,13B,W,W,N,M,17,R,N,CH,Residence/Home,Home,Personal Weapons,Minor Injury,C
215760625,193875451,2024-06-23,Plano,TX0430600,13B,W,W,N,M,40,N,Y,BG,Parking/Drop Lot/Garage,Parking Lot,Personal Weapons,,C
217493729,195380363,2024-06-23,Plano,TX0430600,13B,W,W,N,F,84,R,Y,SE,Residence/Home,Home,Personal Weapons,Minor Injury,C
220742723,198205724,2024-06-23,Plano,TX0430600,13B,W,W,N,F,44,R,Y,BG,Residence/Home,Home,Personal Weapons,Minor Injury,C
215760706,193875523,2024-06-26,Plano,TX0430600,13B,B,B,N,M,30,N,Y,BG,Parking/Drop Lot/Garage,Parking Lot,Personal Weapons,Minor Injury,C
215760802,193875602,2024-06-27,Plano,TX0430600,13B,H,W,H,M,49,R,Y,BG,Residence/Home,Home,Personal Weapons,Minor Injury,C
217493762,195380389,2024-06-27,Plano,TX0430600,13B,W,W,N,F,31,R,Y,BG,Residence/Home,Home,Personal Weapons,Minor Injury,C
215760751,193875562,2024-06-28,Plano,TX0430600,13B,A,A,N,M,42,R,Y,SE,Residence/Home,Home,Personal Weapons,,C
215760811,193875611,2024-06-28,Plano,TX0430600,13B,H,W,H,F,18,U,N,AQ,Highway/Road/Alley/Street/Sidewalk,Street & Sidewalk,Personal Weapons,Minor Injury,C
220742750,198205746,2024-06-28,Plano,TX0430600,13B,A,A,N,F,24,R,Y,SE,Residence/Home,Home,Personal Weapons,Minor Injury,C
220742758,198205753,2024-06-28,Plano,TX0430600,13B,W,W,N,F,58,N,Y,SE,Highway/Road/Alley/Street/Sidewalk,Street & Sidewalk,Personal Weapons,Minor Injury,C
215760803,193875603,2024-06-29,Plano,TX0430600,13B,W,W,N,F,18,R,N,CH,Residence/Home,Home,Personal Weapons,,C
215760841,193875638,2024-06-30,Plano,TX0430600,13B,H,W,H,F,34,R,N,IL;SB,Residence/Home,Home,Personal Weapons,Minor Injury,C
217493783,195380407,2024-06-30,Plano,TX0430600,13B,W,W,N,M,67,R,N,SP,Residence/Home,Home,Personal Weapons,,C
217493828,195380448,2024-06-30,Plano,TX0430600,13B,B,B,N,F,68,R,Y,SE,Residence/Home,Home,Personal Weapons,Minor Injury,C
220742776,198205768,2024-06-30,Plano,TX0430600,13B,W,W,N,F,49,R,Y,SE,Residence/Home,Home,Personal Weapons,Minor Injury,C
224855342,201781450,2024-06-30,Plano,TX0430600,13B,H,W,H,F,24,R,Y,SE,Residence/Home,Home,Personal Weapons,Minor Injury,C
217493810,195380431,2024-07-01,Plano,TX0430600,13B,B,B,N,M,34,R,N,OK,Drug Store/Doctor's Office/Hospital,Hospital & Clinic,Personal Weapons,Minor Injury,C
217493812,195380433,2024-07-01,Plano,TX0430600,13B,W,W,N,F,48,R,N,PA,Residence/Home,Home,Personal Weapons,Minor Injury,C
217493814,195380435,2024-07-01,Plano,TX0430600,13B,B,B,N,M,29,R,Y,XR,Residence/Home,Home,Personal Weapons,,C
222972099,200143124,2024-07-01,Plano,TX0430600,13B,H,W,H,F,27,R,N,AQ,Other/Unknown,Other & Unknown,Personal Weapons,Minor Injury,C
217493851,195380467,2024-07-02,Plano,TX0430600,13B,H,W,H,F,17,R,N,ST,Residence/Home,Home,Personal Weapons,,C
217493852,195380468,2024-07-02,Plano,TX0430600,13B,B,B,N,F,37,R,N,SB,Residence/Home,Home,Personal Weapons,Minor Injury,C
217493861,195380476,2024-07-02,Plano,TX0430600,13B,H,W,H,M,54,N,N,ST,Hotel/Motel/Etc.,Hotel & Motel,Personal Weapons,Minor Injury,C
220742783,198205774,2024-07-02,Plano,TX0430600,13B,W,W,N,F,45,R,Y,SE,Residence/Home,Home,Personal Weapons,,C
220742786,198205777,2024-07-02,Plano,TX0430600,13B,W,W,N,M,24,N,N,ST,Parking/Drop Lot/Garage,Parking Lot,Personal Weapons,Minor Injury,C
217493872,195380486,2024-07-03,Plano,TX0430600,13B,B,B,N,F,36,R,N,PA,Residence/Home,Home,Personal Weapons,Minor Injury,C
217493890,195380503,2024-07-04,Plano,TX0430600,13B,H,W,H,F,20,R,Y,SE,Residence/Home,Home,Personal Weapons,,C
217493895,195380508,2024-07-04,Plano,TX0430600,13B,H,W,H,F,18,R,N,ST,Highway/Road/Alley/Street/Sidewalk,Street & Sidewalk,Personal Weapons,Minor Injury,C
219283283,196931909,2024-07-04,Plano,TX0430600,13B,H,W,H,F,54,R,N,AQ,Restaurant,Restaurant,Personal Weapons,Minor Injury,C
219283987,196932536,2024-07-04,Plano,TX0430600,13B,H,W,H,F,12,R,N,OF,Residence/Home,Home,Personal Weapons,,C
220742794,198205785,2024-07-04,Plano,TX0430600,13B,A,A,N,F,24,R,Y,XR,Residence/Home,Home,Personal Weapons,Minor Injury,C
220742796,198205787,2024-07-04,Plano,TX0430600,13B,A,A,N,F,34,N,N,CH,Parking/Drop Lot/Garage,Parking Lot,Personal Weapons,Minor Injury,C
217493912,195380522,2024-07-05,Plano,TX0430600,13B,W,W,N,F,43,R,Y,BG,Residence/Home,Home,Personal Weapons,,C
217493920,195380529,2024-07-05,Plano,TX0430600,13B,A,A,N,M,53,R,Y,SE,Residence/Home,Home,Personal Weapons,Minor Injury,C
220742798,198205789,2024-07-05,Plano,TX0430600,13B,H,W,H,F,48,N,N,ST,Restaurant,Restaurant,Personal Weapons,,C
217493921,195380530,2024-07-06,Plano,TX0430600,13B,H,W,H,M,19,R,N,AQ,Parking/Drop Lot/Garage,Parking Lot,Personal Weapons,Minor Injury,C
217493923,195380532,2024-07-06,Plano,TX0430600,13B,B,B,N,F,35,R,Y,BG,Residence/Home,Home,Personal Weapons,Minor Injury,C
226703666,203401032,2024-07-06,Plano,TX0430600,13B,W,W,N,F,48,R,N,NE,Residence/Home,Home,Personal Weapons,Minor Injury,C
217493962,195380567,2024-07-07,Plano,TX0430600,13B,H,W,H,F,32,R,Y,BG,Residence/Home,Home,Personal Weapons,Minor Injury,C
219283291,196931917,2024-07-07,Plano,TX0430600,13B,B,B,N,F,11,R,N,AQ,Residence/Home,Home,Personal Weapons,,C
219283310,196931933,2024-07-07,Plano,TX0430600,13B,W,W,N,F,44,,N,ST,Residence/Home,Home,Personal Weapons,,C
219283311,196931933,2024-07-07,Plano,TX0430600,13B,W,W,N,F,9,R,N,ST,Residence/Home,Home,Personal Weapons,,C
217494008,195380607,2024-07-08,Plano,TX0430600,13B,H,W,H,M,27,R,Y,BG,Residence/Home,Home,Personal Weapons,Minor Injury,C
217494010,195380609,2024-07-08,Plano,TX0430600,13B,B,B,N,F,20,R,N,CH,Residence/Home,Home,Personal Weapons,,C
219283289,196931915,2024-07-08,Plano,TX0430600,13B,W,W,N,M,52,N,N,ST,Parking/Drop Lot/Garage,Parking Lot,Personal Weapons,Minor Injury,C
220742821,198205809,2024-07-08,Plano,TX0430600,13B,W,W,N,M,58,R,N,ST,Highway/Road/Alley/Street/Sidewalk,Street & Sidewalk,Personal Weapons,,C
217494014,195380613,2024-07-09,Plano,TX0430600,13B,H,W,H,F,30,R,N,PA,Residence/Home,Home,Personal Weapons,Minor Injury,C
219283294,196931920,2024-07-09,Plano,TX0430600,13B,W,W,N,F,40,R,N,OK,Residence/Home,Home,Personal Weapons,Minor Injury,C
220742826,198205814,2024-07-09,Plano,TX0430600,13B,W,W,N,F,33,R,Y,BG,Residence/Home,Home,Personal Weapons,Minor Injury,C
220742827,198205815,2024-07-09,Plano,TX0430600,13B,H,W,H,F,28,R,Y,BG,Residence/Home,Home,Personal Weapons,Minor Injury,C
217494066,195380658,2024-07-10,Plano,TX0430600,13B,B,B,N,F,44,R,N,PA,Residence/Home,Home,Personal Weapons,Minor Injury,C
217494074,195380665,2024-07-10,Plano,TX0430600,13B,W,W,N,M,35,R,Y,BG,Residence/Home,Home,Personal Weapons,Minor Injury,C
219283301,196931927,2024-07-10,Plano,TX0430600,13B,B,B,N,F,72,R,N,AQ;VO,Parking/Drop Lot/Garage,Parking Lot,Personal Weapons,,C
219283302,196931927,2024-07-10,Plano,TX0430600,13B,B,B,N,F,72,R,N,AQ;VO,Parking/Drop Lot/Garage,Parking Lot,Personal Weapons,Minor Injury,C
219283303,196931927,2024-07-10,Plano,TX0430600,13B,B,B,N,F,65,R,N,AQ;VO,Parking/Drop Lot/Garage,Parking Lot,Personal Weapons,,C
217494092,195380681,2024-07-11,Plano,TX0430600,13B,A,A,N,M,69,R,N,PA,Residence/Home,Home,Personal Weapons,,C
222972112,200143137,2024-07-11,Plano,TX0430600,13B,A,A,N,F,25,R,Y,BG,Residence/Home,Home,Personal Weapons,Minor Injury,C
222972114,200143139,2024-07-11,Plano,TX0430600,13B,W,W,N,F,30,R,Y,SE,Residence/Home,Home,Personal Weapons,Minor Injury,C
224855364,201781468,2024-07-11,Plano,TX0430600,13B,B,B,N,F,48,R,Y,SE,Residence/Home,Home,Personal Weapons,,C
217494124,195380710,2024-07-12,Plano,TX0430600,13B,W,W,N,F,54,N,N,PA,Highway/Road/Alley/Street/Sidewalk,Street & Sidewalk,Personal Weapons,,C
217494134,195380720,2024-07-12,Plano,TX0430600,13B,W,W,N,F,32,R,Y,BG,Residence/Home,Home,Personal Weapons,Minor Injury,C
219283316,196931938,2024-07-12,Plano,TX0430600,13B,W,W,N,F,32,R,Y,SE,Residence/Home,Home,Personal Weapons,Minor Injury,C
219283318,196931940,2024-07-12,Plano,TX0430600,13B,B,B,N,F,38,R,Y,XR,Residence/Home,Home,Personal Weapons,Minor Injury,C
220742840,198205828,2024-07-12,Plano,TX0430600,13B,W,W,N,F,30,N,N,ER;ST,Restaurant,Restaurant,Personal Weapons,Minor Injury,C
222972117,200143142,2024-07-12,Plano,TX0430600,13B,H,W,H,F,36,R,Y,SE,Residence/Home,Home,Personal Weapons,Minor Injury,C
226703690,203401053,2024-07-12,Plano,TX0430600,13B,A,A,N,F,24,R,Y,BG,Highway/Road/Alley/Street/Sidewalk,Street & Sidewalk,Personal Weapons,Minor Injury,C
220742842,198205830,2024-07-13,Plano,TX0430600,13B,B,B,N,M,55,R,N,OK,Drug Store/Doctor's Office/Hospital,Hospital & Clinic,Personal Weapons,Minor Injury,C
222972122,200143147,2024-07-13,Plano,TX0430600,13B,A,A,N,F,30,R,N,OK,Residence/Home,Home,Personal Weapons,Minor Injury,C
222972129,200143152,2024-07-13,Plano,TX0430600,13B,W,W,N,M,65,R,Y,SE,Residence/Home,Home,Personal Weapons,Minor Injury,C
222972133,200143155,2024-07-13,Plano,TX0430600,13B,H,W,H,F,37,R,Y,SE,Residence/Home,Home,Personal Weapons,Minor Injury,C
217494163,195380747,2024-07-14,Plano,TX0430600,13B,W,W,N,F,40,R,N,PA,Residence/Home,Home,Personal Weapons,Minor Injury,C
217494167,195380751,2024-07-14,Plano,TX0430600,13B,W,W,N,M,55,R,N,NE,Restaurant,Restaurant,Personal Weapons,Minor Injury,C
222972130,200143153,2024-07-14,Plano,TX0430600,13B,W,W,N,F,27,N,Y,XR,Residence/Home,Home,Personal Weapons,Minor Injury,C
220742846,198205834,2024-07-15,Plano,TX0430600,13B,B,B,N,F,25,N,Y,BG,Residence/Home,Home,Personal Weapons,Minor Injury,C
222972175,200143192,2024-07-15,Plano,TX0430600,13B,B,B,N,F,22,R,Y,BG,Residence/Home,Home,Personal Weapons,Minor Injury,C
226706296,203403253,2024-07-15,Plano,TX0430600,13B,W,W,N,F,56,N,N,FR,Restaurant,Restaurant,Personal Weapons,Minor Injury,C
217494206,195380788,2024-07-16,Plano,TX0430600,13B,B,B,N,M,60,R,N,OF,Residence/Home,Home,Personal Weapons,,C
217494237,195380819,2024-07-16,Plano,TX0430600,13B,B,B,N,M,31,R,N,ST,Restaurant,Restaurant,Personal Weapons,,C
220742848,198205836,2024-07-16,Plano,TX0430600,13B,B,B,N,M,19,N,Y,BG,Residence/Home,Home,Personal Weapons,Minor Injury,C
220742850,198205838,2024-07-16,Plano,TX0430600,13B,H,W,H,F,24,R,Y,BG,Residence/Home,Home,Personal Weapons,Minor Injury,C
220742851,198205839,2024-07-16,Plano,TX0430600,13B,H,W,H,F,29,N,Y,BG,Highway/Road/Alley/Street/Sidewalk,Street & Sidewalk,Personal Weapons,Minor Injury,C
226703698,203401060,2024-07-16,Plano,TX0430600,13B,H,W,H,F,26,N,N,ST,Restaurant,Restaurant,Personal Weapons,,C
219283356,196931973,2024-07-17,Plano,TX0430600,13B,W,W,N,M,29,N,N,ST,Restaurant,Restaurant,Personal Weapons,Minor Injury,C
219283359,196931975,2024-07-17,Plano,TX0430600,13B,W,W,N,M,60,R,Y,SE,Residence/Home,Home,Personal Weapons,Minor Injury,C
220742854,198205842,2024-07-17,Plano,TX0430600,13B,B,B,N,F,23,N,N,ST,Parking/Drop Lot/Garage,Parking Lot,Personal Weapons,,C
222972274,200143273,2024-07-18,Plano,TX0430600,13B,W,W,N,M,35,N,Y,XR,Highway/Road/Alley/Street/Sidewalk,Street & Sidewalk,Personal Weapons,Minor Injury,C
228841753,205272593,2024-07-18,Plano,TX0430600,13B,W,W,N,M,22,R,N,AQ,Convenience Store,Convenience Store,Personal Weapons,Minor Injury,C
217494285,195380860,2024-07-19,Plano,TX0430600,13B,B,B,N,F,29,R,N,SB,Residence/Home,Home,Personal Weapons,Minor Injury,C
220742866,198205854,2024-07-19,Plano,TX0430600,13B,B,B,N,F,52,R,N,AQ;VO,Parking/Drop Lot/Garage,Parking Lot,Personal Weapons,Minor Injury,C
220742867,198205854,2024-07-19,Plano,TX0430600,13B,H,W,H,M,42,N,N,AQ;VO,Parking/Drop Lot/Garage,Parking Lot,Personal Weapons,,C
220742868,198205855,2024-07-19,Plano,TX0430600,13B,B,B,N,F,10,N,N,ST,Amusement Park,Amusement Park,Personal Weapons,Minor Injury,C
222972280,200143278,2024-07-19,Plano,TX0430600,13B,I,I,N,F,25,R,Y,BG,Residence/Home,Home,Personal Weapons,Minor Injury,C
222972281,200143280,2024-07-19,Plano,TX0430600,13B,H,W,H,F,29,R,N,SB,Residence/Home,Home,Personal Weapons,Minor Injury,C
224855362,201781466,2024-07-19,Plano,TX0430600,13B,B,B,N,M,39,R,Y,SE,Residence/Home,Home,Personal Weapons,Minor Injury,C
226703704,203401065,2024-07-19,Plano,TX0430600,13B,W,W,N,M,55,N,N,AQ,Commercial/Office Building,Office Building,Personal Weapons,Minor Injury,C
226703705,203401065,2024-07-19,Plano,TX0430600,13B,B,B,N,M,21,R,N,AQ,Commercial/Office Building,Office Building,Personal Weapons,Minor Injury,C
228841750,205272590,2024-07-19,Plano,TX0430600,13B,H,W,H,M,27,N,N,ST,Drug Store/Doctor's Office/Hospital,Hospital & Clinic,Personal Weapons,Minor Injury,C
219283376,196931990,2024-07-20,Plano,TX0430600,13B,W,W,N,F,26,N,Y,AQ;BG,Highway/Road/Alley/Street/Sidewalk,Street & Sidewalk,Personal Weapons,Minor Injury,C
219283377,196931991,2024-07-20,Plano,TX0430600,13B,W,W,N,F,27,N,Y,XR,Residence/Home,Home,Personal Weapons,Minor Injury,C
219283403,196932014,2024-07-20,Plano,TX0430600,13B,H,W,H,F,48,N,N,AQ,Specialty Store,Specialty Store,Personal Weapons,,C
222972283,200143282,2024-07-20,Plano,TX0430600,13B,H,W,H,F,18,R,N,SB,Residence/Home,Home,Personal Weapons,Minor Injury,C
222972284,200143282,2024-07-20,Plano,TX0430600,13B,H,W,H,F,45,R,N,PA,Residence/Home,Home,Personal Weapons,Minor Injury,C
217494416,195380970,2024-07-22,Plano,TX0430600,13B,W,W,N,F,68,R,N,PA,Residence/Home,Home,Personal Weapons,Minor Injury,C
217494463,195381011,2024-07-23,Plano,TX0430600,13B,B,B,N,F,20,N,N,FR;VO,Hotel/Motel/Etc.,Hotel & Motel,Personal Weapons,,C
217494464,195381011,2024-07-23,Plano,TX0430600,13B,B,B,N,F,19,N,N,FR;VO,Hotel/Motel/Etc.,Hotel & Motel,Personal Weapons,Minor Injury,C
224855371,201781474,2024-07-23,Plano,TX0430600,13B,A,A,N,M,72,R,N,ST,Hotel/Motel/Etc.,Hotel & Motel,Personal Weapons,Minor Injury,C
222972311,200143307,2024-07-24,Plano,TX0430600,13B,H,W,H,M,30,R,Y,SE,Residence/Home,Home,Personal Weapons,Minor Injury,C
222972313,200143309,2024-07-24,Plano,TX0430600,13B,W,W,N,F,39,N,N,SB,Residence/Home,Home,Personal Weapons,Minor Injury,C
222972315,200143311,2024-07-24,Plano,TX0430600,13B,H,W,H,F,20,R,Y,BG,Residence/Home,Home,Personal Weapons,Minor Injury,C
217494539,195381074,2024-07-25,Plano,TX0430600,13B,A,A,N,F,25,N,N,ST,Bar/Nightclub,Bar & Nightclub,Personal Weapons,,C
219283876,196932436,2024-07-25,Plano,TX0430600,13B,B,B,N,F,37,R,Y,BG,Residence/Home,Home,Personal Weapons,Minor Injury,C
219283971,196932522,2024-07-25,Plano,TX0430600,13B,H,W,H,F,20,R,Y,BG,Residence/Home,Home,Personal Weapons,Minor Injury,C
222972320,200143315,2024-07-25,Plano,TX0430600,13B,W,W,N,M,68,R,N,ST,Department/Discount Store,Department Store,Personal Weapons,Minor Injury,C
226703725,203401083,2024-07-25,Plano,TX0430600,13B,H,W,H,M,29,R,Y,BG,Residence/Home,Home,Personal Weapons,,C
217494565,195381099,2024-07-26,Plano,TX0430600,13B,H,W,H,F,30,R,Y,BG,Residence/Home,Home,Personal Weapons,,C
219283454,196932056,2024-07-26,Plano,TX0430600,13B,W,W,N,M,66,N,N,ST,Parking/Drop Lot/Garage,Parking Lot,Personal Weapons,,C
219283457,196932059,2024-07-26,Plano,TX0430600,13B,W,W,N,M,69,R,N,PA,Residence/Home,Home,Personal Weapons,Minor Injury,C
219284222,196932740,2024-07-26,Plano,TX0430600,13B,W,W,N,F,23,N,Y,XR,Residence/Home,Home,Personal Weapons,Minor Injury,C
222972322,200143317,2024-07-26,Plano,TX0430600,13B,B,B,N,F,52,R,N,OK,Parking/Drop Lot/Garage,Parking Lot,Personal Weapons,,C
222972326,200143320,2024-07-26,Plano,TX0430600,13B,B,B,N,F,37,N,Y,BG,Hotel/Motel/Etc.,Hotel & Motel,Personal Weapons,Minor Injury,C
219283461,196932063,2024-07-27,Plano,TX0430600,13B,W,W,N,M,29,R,N,ST,Parking/Drop Lot/Garage,Parking Lot,Personal Weapons,Minor Injury,C
222972329,200143323,2024-07-27,Plano,TX0430600,13B,B,B,N,F,46,R,Y,BG,Residence/Home,Home,Personal Weapons,Minor Injury,C
217494606,195381135,2024-07-28,Plano,TX0430600,13B,B,B,N,F,41,R,N,PA,Hotel/Motel/Etc.,Hotel & Motel,Personal Weapons,,C
219283473,196932072,2024-07-28,Plano,TX0430600,13B,W,W,N,M,49,N,N,ST,Arena/Stadium/Fairgrounds/Coliseum,Arena & Stadium,Personal Weapons,,C
219283518,196932108,2024-07-28,Plano,TX0430600,13B,A,A,N,F,41,R,N,ST,Department/Discount Store,Department Store,Personal Weapons,,C
219284086,196932615,2024-07-28,Plano,TX0430600,13B,W,W,N,F,44,R,Y,SE,Residence/Home,Home,Personal Weapons,,C
220742918,198205897,2024-07-28,Plano,TX0430600,13B,B,B,N,F,12,U,N,ST,Residence/Home,Home,Personal Weapons,Minor Injury,C
222972331,200143325,2024-07-28,Plano,TX0430600,13B,B,B,N,F,35,R,Y,SE,Residence/Home,Home,Personal Weapons,Minor Injury,C
222973298,200144156,2024-07-28,Plano,TX0430600,13B,A,A,N,F,49,R,Y,SE,Residence/Home,Home,Personal Weapons,Minor Injury,C
226703735,203401089,2024-07-28,Plano,TX0430600,13B,H,W,H,M,29,R,Y,SE,Hotel/Motel/Etc.,Hotel & Motel,Personal Weapons,Minor Injury,C
217494641,195381163,2024-07-29,Plano,TX0430600,13B,A,A,N,M,28,N,N,ST,Department/Discount Store,Department Store,Personal Weapons,,C
217494645,195381167,2024-07-29,Plano,TX0430600,13B,W,W,N,F,34,N,N,ST,Drug Store/Doctor's Office/Hospital,Hospital & Clinic,Personal Weapons,,C
219283487,196932082,2024-07-29,Plano,TX0430600,13B,W,W,N,F,73,N,N,SP,Residence/Home,Home,Personal Weapons,Minor Injury,C
219283489,196932084,2024-07-29,Plano,TX0430600,13B,H,W,H,F,30,R,N,SB,Residence/Home,Home,Personal Weapons,Minor Injury,C
222972334,200143328,2024-07-29,Plano,TX0430600,13B,H,W,H,F,49,N,Y,BG,Parking/Drop Lot/Garage,Parking Lot,Personal Weapons,Minor Injury,C
222972338,200143331,2024-07-29,Plano,TX0430600,13B,W,W,N,M,64,R,Y,BG;VO,Residence/Home,Home,Personal Weapons,Minor Injury,C
217494658,195381178,2024-07-30,Plano,TX0430600,13B,W,W,N,M,29,N,N,AQ,Liquor Store,Liquor Store,Personal Weapons,,C
220742931,198205908,2024-07-30,Plano,TX0430600,13B,W,W,N,F,77,N,N,OK,Drug Store/Doctor's Office/Hospital,Hospital & Clinic,Personal Weapons,Minor Injury,C
222972343,200143335,2024-07-30,Plano,TX0430600,13B,H,W,H,F,41,N,N,PA,Residence/Home,Home,Personal Weapons,Minor Injury,C
222972344,200143336,2024-07-30,Plano,TX0430600,13B,W,W,N,M,24,R,Y,XR,Residence/Home,Home,Personal Weapons,Minor Injury,C
219283507,196932099,2024-07-31,Plano,TX0430600,13B,H,W,H,F,22,R,Y,BG,Highway/Road/Alley/Street/Sidewalk,Street & Sidewalk,Personal Weapons,Minor Injury,C
222972346,200143338,2024-07-31,Plano,TX0430600,13B,H,W,H,F,45,R,Y,BG,Residence/Home,Home,Personal Weapons,Minor Injury,C
222972349,200143341,2024-07-31,Plano,TX0430600,13B,W,W,N,F,51,R,Y,SE,Residence/Home,Home,Personal Weapons,Minor Injury,C
219283508,196932100,2024-08-01,Plano,TX0430600,13B,W,W,N,F,39,R,Y,SE,Residence/Home,Home,Personal Weapons,,C
219283510,196932102,2024-08-01,Plano,TX0430600,13B,B,B,N,F,34,R,Y,BG,Parking/Drop Lot/Garage,Parking Lot,Personal Weapons,Minor Injury,C
219283511,196932102,2024-08-01,Plano,TX0430600,13B,B,B,N,F,12,R,N,OK,Parking/Drop Lot/Garage,Parking Lot,Personal Weapons,Minor Injury,C
219283513,196932104,2024-08-01,Plano,TX0430600,13B,B,B,N,F,38,R,Y,BG,Residence/Home,Home,Personal Weapons,,C
219283516,196932107,2024-08-01,Plano,TX0430600,13B,B,B,N,F,48,N,N,AQ;VO,Residence/Home,Home,Personal Weapons,Minor Injury,C
219283517,196932107,2024-08-01,Plano,TX0430600,13B,B,B,N,M,30,R,N,AQ;VO,Residence/Home,Home,Personal Weapons,Minor Injury,C
219283533,196932123,2024-08-01,Plano,TX0430600,13B,H,W,H,F,37,N,Y,BG,Commercial/Office Building,Office Building,Personal Weapons,Minor Injury,C
220742956,198205929,2024-08-01,Plano,TX0430600,13B,W,W,N,M,45,R,N,AQ,Residence/Home,Home,Personal Weapons,Minor Injury,C
222972350,200143342,2024-08-01,Plano,TX0430600,13B,B,B,N,F,52,R,Y,SE,Residence/Home,Home,Personal Weapons,Minor Injury,C
222972354,200143346,2024-08-01,Plano,TX0430600,13B,H,W,H,M,22,N,N,ST,Bar/Nightclub,Bar & Nightclub,Personal Weapons,Minor Injury,C
219283554,196932143,2024-08-02,Plano,TX0430600,13B,B,B,N,F,34,N,N,ST,Department/Discount Store,Department Store,Personal Weapons,,C
228841764,205272603,2024-08-02,Plano,TX0430600,13B,B,B,N,M,71,R,Y,SE,Residence/Home,Home,Personal Weapons,Minor Injury,C
219283574,196932162,2024-08-03,Plano,TX0430600,13B,H,W,H,F,18,R,Y,BG,Residence/Home,Home,Personal Weapons,Minor Injury,C
222972359,200143351,2024-08-03,Plano,TX0430600,13B,H,W,H,F,56,R,N,SB,Residence/Home,Home,Personal Weapons,,C
222972360,200143352,2024-08-03,Plano,TX0430600,13B,W,W,N,F,36,R,Y,SE,Residence/Home,Home,Personal Weapons,Minor Injury,C
222972364,200143355,2024-08-03,Plano,TX0430600,13B,H,W,H,F,33,N,Y,SE,Residence/Home,Home,Personal Weapons,Minor Injury,C
219283588,196932174,2024-08-04,Plano,TX0430600,13B,B,B,N,F,41,N,N,ST,Highway/Road/Alley/Street/Sidewalk,Street & Sidewalk,Personal Weapons,Minor Injury,C
220742966,198205938,2024-08-04,Plano,TX0430600,13B,W,W,N,M,16,N,N,ST,Arena/Stadium/Fairgrounds/Coliseum,Arena & Stadium,Personal Weapons,Minor Injury,C
219283629,196932213,2024-08-05,Plano,TX0430600,13B,H,W,H,M,59,N,N,ST,Parking/Drop Lot/Garage,Parking Lot,Personal Weapons,,C
219283642,196932225,2024-08-05,Plano,TX0430600,13B,W,W,N,F,45,R,N,ST,Parking/Drop Lot/Garage,Parking Lot,Personal Weapons,,C
219283643,196932226,2024-08-05,Plano,TX0430600,13B,H,W,H,F,27,R,Y,BG;VO,Residence/Home,Home,Personal Weapons,,C
219283644,196932226,2024-08-05,Plano,TX0430600,13B,B,B,N,M,39,R,Y,BG;VO,Residence/Home,Home,Personal Weapons,,C
222972376,200143367,2024-08-05,Plano,TX0430600,13B,W,W,N,F,51,R,N,OK,Residence/Home,Home,Personal Weapons,Minor Injury,C
224855392,201781494,2024-08-05,Plano,TX0430600,13B,H,W,H,F,26,N,Y,XR,Parking/Drop Lot/Garage,Parking Lot,Personal Weapons,Minor Injury,C
219283650,196932230,2024-08-06,Plano,TX0430600,13B,B,B,N,M,40,R,Y,BG,Residence/Home,Home,Personal Weapons,,C
219283651,196932231,2024-08-06,Plano,TX0430600,13B,B,B,N,M,66,R,N,GP,Residence/Home,Home,Personal Weapons,Minor Injury,C
220742983,198205954,2024-08-06,Plano,TX0430600,13B,W,W,N,M,20,N,N,ST,Parking/Drop Lot/Garage,Parking Lot,Personal Weapons,Minor Injury,C
222972385,200143373,2024-08-06,Plano,TX0430600,13B,A,A,N,F,29,R,Y,BG,Parking/Drop Lot/Garage,Parking Lot,Personal Weapons,Minor Injury,C
219283709,196932285,2024-08-07,Plano,TX0430600,13B,W,W,N,F,50,N,Y,XR,Highway/Road/Alley/Street/Sidewalk,Street & Sidewalk,Personal Weapons,,C
220742998,198205964,2024-08-07,Plano,TX0430600,13B,A,A,N,M,41,N,N,ST,Grocery/Supermarket,Grocery Store,Personal Weapons,,C
228841762,205272601,2024-08-07,Plano,TX0430600,13B,B,B,N,F,25,R,N,OK,Residence/Home,Home,Personal Weapons,Minor Injury,C
219283722,196932297,2024-08-08,Plano,TX0430600,13B,B,B,N,F,55,R,Y,SE,Residence/Home,Home,Personal Weapons,Minor Injury,C
219283745,196932318,2024-08-08,Plano,TX0430600,13B,B,B,N,M,56,R,N,SP,Residence/Home,Home,Personal Weapons,Minor Injury,C
219283752,196932325,2024-08-08,Plano,TX0430600,13B,W,W,N,M,39,R,Y,SE,Residence/Home,Home,Personal Weapons,,C
219283757,196932330,2024-08-09,Plano,TX0430600,13B,W,W,N,F,28,N,N,ST,Drug Store/Doctor's Office/Hospital,Hospital & Clinic,Personal Weapons,,C
219283768,196932341,2024-08-09,Plano,TX0430600,13B,B,B,N,F,26,R,N,ST,Parking/Drop Lot/Garage,Parking Lot,Personal Weapons,Minor Injury,C
219283781,196932351,2024-08-09,Plano,TX0430600,13B,H,W,H,M,14,R,N,OF,Residence/Home,Home,Personal Weapons,Minor Injury,C
219283796,196932364,2024-08-10,Plano,TX0430600,13B,W,W,N,F,51,N,N,ST,Department/Discount Store,Department Store,Personal Weapons,,C
219283797,196932365,2024-08-10,Plano,TX0430600,13B,B,B,N,M,61,R,Y,SE,Residence/Home,Home,Personal Weapons,,C
219283805,196932371,2024-08-10,Plano,TX0430600,13B,W,W,N,F,32,N,Y,BG,Hotel/Motel/Etc.,Hotel & Motel,Personal Weapons,Minor Injury,C
219283841,196932401,2024-08-10,Plano,TX0430600,13B,B,B,N,F,37,R,N,OK,Residence/Home,Home,Personal Weapons,,C
219283845,196932405,2024-08-10,Plano,TX0430600,13B,H,W,H,F,25,R,N,OK,Parking/Drop Lot/Garage,Parking Lot,Personal Weapons,Minor Injury,C
222972404,200143388,2024-08-10,Plano,TX0430600,13B,H,W,H,F,23,R,Y,SE,Residence/Home,Home,Personal Weapons,Minor Injury,C
224855402,201781501,2024-08-10,Plano,TX0430600,13B,W,W,N,M,33,R,Y,SE,Parking/Drop Lot/Garage,Parking Lot,Personal Weapons,Minor Injury,C
230628447,206826262,2024-08-10,Plano,TX0430600,13B,W,W,N,M,34,N,N,ST,Parking/Drop Lot/Garage,Parking Lot,Personal Weapons,Minor Injury,C
219283812,196932377,2024-08-11,Plano,TX0430600,13B,W,W,N,F,20,R,Y,BG,Parking/Drop Lot/Garage,Parking Lot,Personal Weapons,Minor Injury,C
219283815,196932380,2024-08-11,Plano,TX0430600,13B,H,W,H,F,34,R,Y,BG,Residence/Home,Home,Personal Weapons,Minor Injury,C
219283820,196932385,2024-08-11,Plano,TX0430600,13B,B,B,N,F,31,N,Y,XR,Highway/Road/Alley/Street/Sidewalk,Street & Sidewalk,Personal Weapons,Minor Injury,C
220743056,198206019,2024-08-11,Plano,TX0430600,13B,B,B,N,M,37,N,Y,BG,Parking/Drop Lot/Garage,Parking Lot,Personal Weapons,Minor Injury,C
222972413,200143395,2024-08-11,Plano,TX0430600,13B,W,W,N,M,16,R,N,ST,Parking/Drop Lot/Garage,Parking Lot,Personal Weapons,Minor Injury,C
219283847,196932407,2024-08-12,Plano,TX0430600,13B,H,W,H,M,21,N,N,OK,Construction Site,Construction Site,Personal Weapons,,C
220743031,198205994,2024-08-12,Plano,TX0430600,13B,W,W,N,M,55,R,N,AQ,Rental Storage Facility,Storage Facility,Personal Weapons,,C
220743036,198205999,2024-08-12,Plano,TX0430600,13B,B,B,N,M,25,R,N,SB,Residence/Home,Home,Personal Weapons,Minor Injury,C
222972415,200143397,2024-08-12,Plano,TX0430600,13B,W,W,N,M,28,R,Y,BG,Residence/Home,Home,Personal Weapons,Minor Injury,C
222972421,200143403,2024-08-12,Plano,TX0430600,13B,H,W,H,F,21,R,N,CH,Residence/Home,Home,Personal Weapons,Minor Injury,C
228841767,205272606,2024-08-12,Plano,TX0430600,13B,B,B,N,F,21,R,N,ST;VO,Parking/Drop Lot/Garage,Parking Lot,Personal Weapons,Minor Injury,C
219283900,196932458,2024-08-13,Plano,TX0430600,13B,B,B,N,F,29,R,Y,BG,Residence/Home,Home,Personal Weapons,Minor Injury,C
222972423,200143405,2024-08-13,Plano,TX0430600,13B,W,W,N,M,27,R,N,ST,Liquor Store,Liquor Store,Personal Weapons,Minor Injury,C
219283935,196932488,2024-08-14,Plano,TX0430600,13B,H,W,H,M,18,R,N,SB,Residence/Home,Home,Personal Weapons,,C
219283938,196932491,2024-08-14,Plano,TX0430600,13B,B,B,N,M,35,R,Y,BG,Hotel/Motel/Etc.,Hotel & Motel,Personal Weapons,Minor Injury,C
220743055,198206018,2024-08-14,Plano,TX0430600,13B,A,A,N,F,28,R,Y,BG,Residence/Home,Home,Personal Weapons,Minor Injury,C
222972438,200143416,2024-08-14,Plano,TX0430600,13B,W,W,N,M,24,R,N,SB,Residence/Home,Home,Personal Weapons,Minor Injury,C
222972440,200143418,2024-08-14,Plano,TX0430600,13B,W,W,N,F,48,R,Y,SE,Residence/Home,Home,Personal Weapons,Minor Injury,C
220743061,198206024,2024-08-15,Plano,TX0430600,13B,B,B,N,F,21,N,N,AQ,Restaurant,Restaurant,Personal Weapons,,C
222972446,200143422,2024-08-15,Plano,TX0430600,13B,W,W,N,M,59,R,Y,BG,Residence/Home,Home,Personal Weapons,Minor Injury,C
224856043,201782044,2024-08-15,Plano,TX0430600,13B,B,B,N,F,40,R,Y,SE,Residence/Home,Home,Personal Weapons,Minor Injury,C
219283981,196932530,2024-08-16,Plano,TX0430600,13B,H,W,H,F,31,R,Y,SE,Residence/Home,Home,Personal Weapons,Minor Injury,C
219284008,196932554,2024-08-16,Plano,TX0430600,13B,B,B,N,F,41,R,N,PA,Hotel/Motel/Etc.,Hotel & Motel,Personal Weapons,,C
219284247,196932762,2024-08-16,Plano,TX0430600,13B,W,W,N,M,62,R,N,ST,Restaurant,Restaurant,Personal Weapons,,C
222972447,200143423,2024-08-16,Plano,TX0430600,13B,W,W,N,F,25,R,Y,BG,Residence/Home,Home,Personal Weapons,Minor Injury,C
222972452,200143426,2024-08-16,Plano,TX0430600,13B,W,W,N,F,44,R,N,OK,Residence/Home,Home,Personal Weapons,Minor Injury,C
222972454,200143428,2024-08-16,Plano,TX0430600,13B,W,W,N,F,11,R,N,CH,Residence/Home,Home,Personal Weapons,Minor Injury,C
222972485,200143451,2024-08-16,Plano,TX0430600,13B,W,W,N,F,68,R,N,PA,Residence/Home,Home,Personal Weapons,Minor Injury,C
219284011,196932557,2024-08-17,Plano,TX0430600,13B,H,W,H,F,21,R,Y,BG,Residence/Home,Home,Personal Weapons,Minor Injury,C
220743075,198206036,2024-08-17,Plano,TX0430600,13B,H,W,H,M,26,R,N,AQ,Residence/Home,Home,Personal Weapons,Minor Injury,C
220743395,198206303,2024-08-17,Plano,TX0430600,13B,B,B,N,F,24,N,Y,XR,Residence/Home,Home,Personal Weapons,Minor Injury,C
222972459,200143431,2024-08-17,Plano,TX0430600,13B,W,W,N,F,27,R,Y,BG,Parking/Drop Lot/Garage,Parking Lot,Personal Weapons,Minor Injury,C
224855416,201781511,2024-08-17,Plano,TX0430600,13B,H,W,H,F,23,R,Y,OK;XR,Residence/Home,Home,Personal Weapons,Minor Injury,C
219284049,196932587,2024-08-18,Plano,TX0430600,13B,B,B,N,M,35,R,Y,BG,Residence/Home,Home,Personal Weapons,Minor Injury,C
220743224,198206164,2024-08-18,Plano,TX0430600,13B,H,W,H,F,26,N,Y,BG,Parking/Drop Lot/Garage,Parking Lot,Personal Weapons,,C
222972460,200143432,2024-08-18,Plano,TX0430600,13B,W,W,N,M,58,N,Y,BG,Parking/Drop Lot/Garage,Parking Lot,Personal Weapons,Minor Injury,C
220743085,198206044,2024-08-19,Plano,TX0430600,13B,W,W,N,M,35,N,N,ST,Highway/Road/Alley/Street/Sidewalk,Street & Sidewalk,Personal Weapons,Minor Injury,C
222972468,200143438,2024-08-19,Plano,TX0430600,13B,A,A,N,M,18,R,Y,XR,Residence/Home,Home,Personal Weapons,Minor Injury,C
230628448,206826263,2024-08-19,Plano,TX0430600,13B,A,A,N,M,24,R,N,SB,Residence/Home,Home,Personal Weapons,Minor Injury,C
230628449,206826264,2024-08-19,Plano,TX0430600,13B,B,B,N,F,20,R,Y,BG,Parking/Drop Lot/Garage,Parking Lot,Personal Weapons,Minor Injury,C
219284119,196932644,2024-08-20,Plano,TX0430600,13B,H,W,H,M,54,R,N,PA,Residence/Home,Home,Personal Weapons,Minor Injury,C
220743123,198206070,2024-08-20,Plano,TX0430600,13B,H,W,H,F,26,R,Y,BG,Residence/Home,Home,Personal Weapons,Minor Injury,C
219284133,196932658,2024-08-21,Plano,TX0430600,13B,W,W,N,M,55,R,Y,SE,Residence/Home,Home,Personal Weapons,,C
219284134,196932659,2024-08-21,Plano,TX0430600,13B,W,W,N,M,23,N,N,ST,Restaurant,Restaurant,Personal Weapons,Minor Injury,C
219284148,196932672,2024-08-21,Plano,TX0430600,13B,W,W,N,M,55,R,Y,SE,Residence/Home,Home,Personal Weapons,Minor Injury,C
219284149,196932673,2024-08-21,Plano,TX0430600,13B,H,W,H,M,18,R,N,SB,Residence/Home,Home,Personal Weapons,,C
219284154,196932677,2024-08-21,Plano,TX0430600,13B,H,W,H,F,24,R,N,OF,Residence/Home,Home,Personal Weapons,Minor Injury,C
220743127,198206074,2024-08-21,Plano,TX0430600,13B,B,B,N,M,40,,Y,XR,Residence/Home,Home,Personal Weapons,,C
219284172,196932693,2024-08-22,Plano,TX0430600,13B,H,W,H,F,13,R,N,OK,School-Elementary/Secondary,K-12 School,Personal Weapons,Minor Injury,C
219284181,196932701,2024-08-22,Plano,TX0430600,13B,A,A,N,M,68,R,Y,SE,Residence/Home,Home,Personal Weapons,,C
219284187,196932707,2024-08-22,Plano,TX0430600,13B,H,W,H,F,37,R,Y,XR,Residence/Home,Home,Personal Weapons,Minor Injury,C
222972495,200143460,2024-08-22,Plano,TX0430600,13B,W,W,N,M,60,R,Y,SE,Residence/Home,Home,Personal Weapons,Minor Injury,C
222972496,200143461,2024-08-22,Plano,TX0430600,13B,B,B,N,M,33,R,Y,BG,Residence/Home,Home,Personal Weapons,Minor Injury,C
219284208,196932727,2024-08-23,Plano,TX0430600,13B,B,B,N,M,41,N,N,ST,Department/Discount Store,Department Store,Personal Weapons,,C
219284209,196932727,2024-08-23,Plano,TX0430600,13B,H,W,H,M,23,N,N,ST,Department/Discount Store,Department Store,Personal Weapons,,C
219284210,196932728,2024-08-23,Plano,TX0430600,13B,A,A,N,M,32,R,N,ST,Drug Store/Doctor's Office/Hospital,Hospital & Clinic,Personal Weapons,,C
220743151,198206097,2024-08-23,Plano,TX0430600,13B,B,B,N,M,37,R,N,PA;VO,Residence/Home,Home,Personal Weapons,,C
220743152,198206097,2024-08-23,Plano,TX0430600,13B,B,B,N,F,18,R,N,CH;VO,Residence/Home,Home,Personal Weapons,Minor Injury,C
222972502,200143466,2024-08-23,Plano,TX0430600,13B,B,B,N,F,33,R,Y,SE,Residence/Home,Home,Personal Weapons,Minor Injury,C
219284218,196932736,2024-08-24,Plano,TX0430600,13B,W,W,N,F,22,R,N,SB,Parking/Drop Lot/Garage,Parking Lot,Personal Weapons,,C
220743166,198206110,2024-08-24,Plano,TX0430600,13B,H,W,H,M,25,R,N,AQ,Residence/Home,Home,Other,Minor Injury,C
219284231,196932749,2024-08-25,Plano,TX0430600,13B,B,B,N,F,36,R,Y,SE,Residence/Home,Home,Personal Weapons,,C
219284240,196932757,2024-08-25,Plano,TX0430600,13B,W,W,N,M,36,R,Y,BG;VO,Residence/Home,Home,Personal Weapons,Minor Injury,C
219284241,196932757,2024-08-25,Plano,TX0430600,13B,W,W,N,F,32,N,Y,BG;VO,Residence/Home,Home,Personal Weapons,,C
220743168,198206112,2024-08-25,Plano,TX0430600,13B,B,B,N,F,19,R,N,OK,Hotel/Motel/Etc.,Hotel & Motel,Personal Weapons,Minor Injury,C
220743175,198206118,2024-08-25,Plano,TX0430600,13B,B,B,N,M,45,R,N,ST,Highway/Road/Alley/Street/Sidewalk,Street & Sidewalk,Personal Weapons,Minor Injury,C
222972507,200143471,2024-08-25,Plano,TX0430600,13B,B,B,N,F,39,R,Y,SE,Residence/Home,Home,Personal Weapons,Minor Injury,C
222972515,200143473,2024-08-25,Plano,TX0430600,13B,H,W,H,F,55,R,N,OK;PA;VO,Residence/Home,Home,Personal Weapons,Minor Injury,C
222972516,200143473,2024-08-25,Plano,TX0430600,13B,H,W,H,M,36,R,Y,BG;CH;VO,Residence/Home,Home,Personal Weapons,Minor Injury,C
222972517,200143473,2024-08-25,Plano,TX0430600,13B,H,W,H,F,22,R,Y,BG;OK;VO,Residence/Home,Home,Personal Weapons,Minor Injury,C
224856110,201782100,2024-08-25,Plano,TX0430600,13B,W,W,N,F,24,R,Y,SE,Residence/Home,Home,Personal Weapons,Minor Injury,C
219284278,196932791,2024-08-26,Plano,TX0430600,13B,B,B,N,F,31,R,N,ST,Parking/Drop Lot/Garage,Parking Lot,Personal Weapons,Minor Injury,C
219284279,196932791,2024-08-26,Plano,TX0430600,13B,H,W,H,M,41,N,N,ST,Parking/Drop Lot/Garage,Parking Lot,Personal Weapons,Minor Injury,C
220743178,198206121,2024-08-26,Plano,TX0430600,13B,B,B,N,M,48,N,N,ST,Hotel/Motel/Etc.,Hotel & Motel,Personal Weapons,Minor Injury,C
222972519,200143475,2024-08-26,Plano,TX0430600,13B,H,W,H,M,37,R,Y,BG,Residence/Home,Home,Personal Weapons,Minor Injury,C
226703833,203401167,2024-08-26,Plano,TX0430600,13B,H,W,H,M,15,N,N,AQ,School-Elementary/Secondary,K-12 School,Personal Weapons,Minor Injury,C
220743206,198206148,2024-08-27,Plano,TX0430600,13B,H,W,H,F,15,R,N,OK;VO,School-Elementary/Secondary,K-12 School,Personal Weapons,,C
220743207,198206148,2024-08-27,Plano,TX0430600,13B,H,W,H,F,15,R,N,OK;VO,School-Elementary/Secondary,K-12 School,Personal Weapons,,C
224855455,201781539,2024-08-27,Plano,TX0430600,13B,B,B,N,F,43,R,N,OF,Residence/Home,Home,Personal Weapons,,C
220743219,198206160,2024-08-28,Plano,TX0430600,13B,W,W,N,F,75,R,Y,XS,Residence/Home,Home,Personal Weapons,Minor Injury,C
222972535,200143490,2024-08-28,Plano,TX0430600,13B,B,B,U,F,12,R,N,AQ,Highway/Road/Alley/Street/Sidewalk,Street & Sidewalk,Personal Weapons,Minor Injury,C
222972536,200143491,2024-08-28,Plano,TX0430600,13B,B,B,N,F,40,R,Y,BG,Hotel/Motel/Etc.,Hotel & Motel,Personal Weapons,Minor Injury,C
220743238,198206177,2024-08-29,Plano,TX0430600,13B,W,W,N,M,61,N,Y,SE;VO,Residence/Home,Home,Personal Weapons,Minor Injury,C
220743239,198206177,2024-08-29,Plano,TX0430600,13B,W,W,N,F,64,R,Y,SE;VO,Residence/Home,Home,Personal Weapons,Minor Injury,C
226703858,203401191,2024-08-30,Plano,TX0430600,13B,H,W,H,M,16,R,N,AQ,School-Elementary/Secondary,K-12 School,Personal Weapons,Minor Injury,C
220743309,198206234,2024-08-31,Plano,TX0430600,13B,B,B,N,M,13,R,N,CH,Residence/Home,Home,Personal Weapons,Minor Injury,C
222972545,200143500,2024-08-31,Plano,TX0430600,13B,B,B,N,F,35,R,Y,BG,Residence/Home,Home,Personal Weapons,,C
222972546,200143501,2024-08-31,Plano,TX0430600,13B,H,W,H,F,31,R,Y,BG,Residence/Home,Home,Personal Weapons,Minor Injury,C
222972551,200143506,2024-08-31,Plano,TX0430600,13B,W,W,U,M,60,R,Y,BG,Residence/Home,Home,Personal Weapons,Minor Injury,C
220743288,198206216,2024-09-01,Plano,TX0430600,13B,H,W,H,M,29,R,N,OK,Residence/Home,Home,Personal Weapons,Minor Injury,C
220743291,198206218,2024-09-01,Plano,TX0430600,13B,W,W,N,F,38,R,Y,XS,Highway/Road/Alley/Street/Sidewalk,Street & Sidewalk,Personal Weapons,Minor Injury,C
220743295,198206220,2024-09-01,Plano,TX0430600,13B,B,B,N,F,26,N,Y,BG,Hotel/Motel/Etc.,Hotel & Motel,Personal Weapons,Minor Injury,C
222972553,200143508,2024-09-01,Plano,TX0430600,13B,H,W,H,F,25,R,Y,BG,Residence/Home,Home,Personal Weapons,,C
222972556,200143511,2024-09-01,Plano,TX0430600,13B,W,W,N,M,3,R,N,AQ,Daycare Facility,Daycare Facility,Personal Weapons,,C
224855474,201781556,2024-09-01,Plano,TX0430600,13B,W,W,N,F,29,R,Y,SE,Residence/Home,Home,Personal Weapons,Minor Injury,C
226703865,203401197,2024-09-01,Plano,TX0430600,13B,A,A,N,M,39,R,N,ST,Residence/Home,Home,Personal Weapons,Minor Injury,C
220743311,198206236,2024-09-02,Plano,TX0430600,13B,W,W,N,F,49,N,N,AQ,Church/Synagogue/Temple/Mosque,Religious Building,Personal Weapons,Minor Injury,C
220743326,198206249,2024-09-02,Plano,TX0430600,13B,W,W,N,F,49,R,N,PA,Residence/Home,Home,Personal Weapons,Minor Injury,C
224855482,201781563,2024-09-02,Plano,TX0430600,13B,B,B,N,F,20,R,Y,BG,Highway/Road/Alley/Street/Sidewalk,Street & Sidewalk,Personal Weapons,Minor Injury,C
220743378,198206290,2024-09-03,Plano,TX0430600,13B,W,W,N,F,83,R,N,OK,Residence/Home,Home,Personal Weapons,Minor Injury,C
220743510,198206387,2024-09-03,Plano,TX0430600,13B,W,W,N,F,41,R,Y,SE,Residence/Home,Home,Personal Weapons,Minor Injury,C
224855495,201781573,2024-09-03,Plano,TX0430600,13B,W,W,N,F,39,R,Y,SE,Residence/Home,Home,Personal Weapons,Minor Injury,C
220743384,198206295,2024-09-04,Plano,TX0430600,13B,A,A,N,F,35,R,Y,SE,Park/Playground,Park & Playground,Personal Weapons,Minor Injury,C
222972567,200143522,2024-09-04,Plano,TX0430600,13B,B,B,N,F,36,R,N,PA,Residence/Home,Home,Personal Weapons,Minor Injury,C
220743462,198206349,2024-09-05,Plano,TX0430600,13B,W,W,N,F,20,R,N,CH,Residence/Home,Home,Personal Weapons,Minor Injury,C
220743502,198206379,2024-09-06,Plano,TX0430600,13B,B,B,N,F,23,R,N,OF,Residence/Home,Home,Personal Weapons,Minor Injury,C
220743514,198206391,2024-09-06,Plano,TX0430600,13B,A,A,N,F,26,R,Y,BG,Residence/Home,Home,Personal Weapons,,C
222972586,200143539,2024-09-06,Plano,TX0430600,13B,H,W,H,F,28,N,N,ST,Convenience Store,Convenience Store,Personal Weapons,,C
224855524,201781584,2024-09-06,Plano,TX0430600,13B,W,W,N,M,55,R,N,AQ,Hotel/Motel/Etc.,Hotel & Motel,Personal Weapons,Minor Injury,C
226703878,203401208,2024-09-06,Plano,TX0430600,13B,B,B,N,M,18,R,N,ST;VO,School-Elementary/Secondary,K-12 School,Personal Weapons,,C
226703879,203401208,2024-09-06,Plano,TX0430600,13B,B,B,N,M,16,R,N,ST;VO,School-Elementary/Secondary,K-12 School,Personal Weapons,,C
220743518,198206395,2024-09-07,Plano,TX0430600,13B,B,B,N,F,35,R,Y,BG,Residence/Home,Home,Personal Weapons,Minor Injury,C
220743527,198206403,2024-09-07,Plano,TX0430600,13B,H,W,H,F,28,N,N,OK,Park/Playground,Park & Playground,Personal Weapons,,C
220743528,198206403,2024-09-07,Plano,TX0430600,13B,H,W,H,F,30,N,N,OF,Park/Playground,Park & Playground,Personal Weapons,,C
220743559,198206432,2024-09-07,Plano,TX0430600,13B,A,A,N,M,31,R,N,ST,Other/Unknown,Other & Unknown,Personal Weapons,,C
224855525,201781585,2024-09-07,Plano,TX0430600,13B,A,A,N,F,21,R,N,SB,Residence/Home,Home,Personal Weapons,Minor Injury,C
224855527,201781587,2024-09-07,Plano,TX0430600,13B,A,A,N,F,30,N,N,AQ,Restaurant,Restaurant,Personal Weapons,,C
220743536,198206411,2024-09-08,Plano,TX0430600,13B,H,W,H,F,18,N,N,ST,Amusement Park,Amusement Park,Personal Weapons,,C
220743537,198206411,2024-09-08,Plano,TX0430600,13B,H,W,H,F,16,N,N,ST,Amusement Park,Amusement Park,Personal Weapons,,C
220743563,198206434,2024-09-08,Plano,TX0430600,13B,A,A,N,F,23,U,N,ST,Parking/Drop Lot/Garage,Parking Lot,Personal Weapons,,C
220743583,198206452,2024-09-08,Plano,TX0430600,13B,H,W,H,F,15,N,N,ST,Park/Playground,Park & Playground,Personal Weapons,Minor Injury,C
222972595,200143546,2024-09-08,Plano,TX0430600,13B,H,W,H,F,25,R,Y,SE,Parking/Drop Lot/Garage,Parking Lot,Personal Weapons,Minor Injury,C
228841818,205272635,2024-09-08,Plano,TX0430600,13B,W,W,N,F,14,N,N,ST,Park/Playground,Park & Playground,Personal Weapons,Minor Injury,C
220743580,198206449,2024-09-09,Plano,TX0430600,13B,B,B,N,F,34,R,N,PA,Residence/Home,Home,Personal Weapons,Minor Injury,C
220743600,198206467,2024-09-10,Plano,TX0430600,13B,W,W,N,M,60,R,Y,SE,Residence/Home,Home,Personal Weapons,,C
220743644,198206504,2024-09-10,Plano,TX0430600,13B,B,B,N,F,1,N,N,AQ,Daycare Facility,Daycare Facility,Personal Weapons,Minor Injury,C
222972610,200143559,2024-09-10,Plano,TX0430600,13B,W,W,N,F,37,R,Y,BG,Parking/Drop Lot/Garage,Parking Lot,Personal Weapons,Minor Injury,C
226703892,203401220,2024-09-10,Plano,TX0430600,13B,H,W,H,M,17,R,N,OK,Convenience Store,Convenience Store,Personal Weapons,Minor Injury,C
220743659,198206517,2024-09-11,Plano,TX0430600,13B,W,W,N,F,29,R,N,AQ,School-Elementary/Secondary,K-12 School,Personal Weapons,Minor Injury,C
224855533,201781592,2024-09-11,Plano,TX0430600,13B,A,A,N,F,35,R,Y,SE,Residence/Home,Home,Personal Weapons,Minor Injury,C
220743708,198206562,2024-09-12,Plano,TX0430600,13B,B,B,N,M,48,N,N,OK,Church/Synagogue/Temple/Mosque,Religious Building,Personal Weapons,,C
220743724,198206577,2024-09-12,Plano,TX0430600,13B,W,W,N,M,40,R,N,SB,Residence/Home,Home,Personal Weapons,Minor Injury,C
220743726,198206579,2024-09-12,Plano,TX0430600,13B,A,A,N,M,66,R,N,ST,Parking/Drop Lot/Garage,Parking Lot,Personal Weapons,,C
220743738,198206588,2024-09-12,Plano,TX0430600,13B,W,W,N,M,37,R,N,AQ,Parking/Drop Lot/Garage,Parking Lot,Personal Weapons,Minor Injury,C
220743739,198206589,2024-09-13,Plano,TX0430600,13B,H,W,H,F,32,R,Y,XR,Residence/Home,Home,Personal Weapons,Minor Injury,C
222972647,200143591,2024-09-13,Plano,TX0430600,13B,A,A,N,M,21,N,N,AQ,Residence/Home,Home,Personal Weapons,Minor Injury,C
224855545,201781603,2024-09-13,Plano,TX0430600,13B,B,B,N,F,33,R,N,CH,Residence/Home,Home,Personal Weapons,Minor Injury,C
224855559,201781616,2024-09-13,Plano,TX0430600,13B,B,B,N,F,55,R,N,PA,Residence/Home,Home,Personal Weapons,Minor Injury,C
220743778,198206625,2024-09-14,Plano,TX0430600,13B,B,B,N,M,33,N,N,ST,Bar/Nightclub,Bar & Nightclub,Personal Weapons,Minor Injury,C
220743795,198206641,2024-09-14,Plano,TX0430600,13B,H,W,H,M,29,N,N,ST,Bar/Nightclub,Bar & Nightclub,Personal Weapons,,C
226703910,203401237,2024-09-14,Plano,TX0430600,13B,W,W,N,F,21,R,Y,XR,Residence/Home,Home,Personal Weapons,,C
220743806,198206650,2024-09-15,Plano,TX0430600,13B,H,W,H,F,26,N,N,ST,Government/Public Building,Government Building,Personal Weapons,,C
220743900,198206735,2024-09-15,Plano,TX0430600,13B,W,W,N,M,34,R,Y,SE;VO,Residence/Home,Home,Personal Weapons,Minor Injury,C
220743901,198206735,2024-09-15,Plano,TX0430600,13B,W,W,N,F,29,R,Y,SE;VO,Residence/Home,Home,Personal Weapons,Minor Injury,C
222972659,200143603,2024-09-15,Plano,TX0430600,13B,H,W,H,F,21,R,Y,BG,Residence/Home,Home,Personal Weapons,Minor Injury,C
226703916,203401243,2024-09-15,Plano,TX0430600,13B,W,W,N,M,27,R,N,NE,Parking/Drop Lot/Garage,Parking Lot,Personal Weapons,Minor Injury,C
226703917,203401243,2024-09-15,Plano,TX0430600,13B,H,W,H,F,57,R,N,AQ,Parking/Drop Lot/Garage,Parking Lot,Personal Weapons,Minor Injury,C
220743852,198206691,2024-09-16,Plano,TX0430600,13B,B,B,N,F,49,R,N,PA,Residence/Home,Home,Personal Weapons,,C
220743853,198206692,2024-09-16,Plano,TX0430600,13B,B,B,N,F,21,R,N,OK,Hotel/Motel/Etc.,Hotel & Motel,Personal Weapons,Minor Injury,C
222972660,200143604,2024-09-16,Plano,TX0430600,13B,H,W,H,F,30,R,Y,SE,Residence/Home,Home,Personal Weapons,Minor Injury,C
224855555,201781612,2024-09-16,Plano,TX0430600,13B,B,B,N,F,49,R,Y,XR,Residence/Home,Home,Personal Weapons,Minor Injury,C
224855564,201781620,2024-09-17,Plano,TX0430600,13B,W,W,N,M,66,R,Y,BG,Residence/Home,Home,Personal Weapons,Minor Injury,C
224856014,201782018,2024-09-17,Plano,TX0430600,13B,B,B,N,F,22,N,Y,BG,Residence/Home,Home,Personal Weapons,Minor Injury,C
220743902,198206736,2024-09-18,Plano,TX0430600,13B,B,B,N,F,11,R,N,FR;VO,School-Elementary/Secondary,K-12 School,Personal Weapons,Minor Injury,C
220743903,198206736,2024-09-18,Plano,TX0430600,13B,B,B,N,F,11,R,N,FR;VO,School-Elementary/Secondary,K-12 School,Personal Weapons,Minor Injury,C
220743908,198206741,2024-09-18,Plano,TX0430600,13B,W,W,N,F,67,R,N,AQ,School-Elementary/Secondary,K-12 School,Personal Weapons,Minor Injury,C
220743924,198206756,2024-09-18,Plano,TX0430600,13B,H,W,H,F,48,R,N,PA,Residence/Home,Home,Personal Weapons,Minor Injury,C
220743929,198206761,2024-09-18,Plano,TX0430600,13B,W,W,N,F,57,R,N,OF,Residence/Home,Home,Personal Weapons,Minor Injury,C
220744317,198207109,2024-09-18,Plano,TX0430600,13B,W,W,N,M,11,R,N,AQ;VO,School-Elementary/Secondary,K-12 School,Personal Weapons,,C
220744318,198207109,2024-09-18,Plano,TX0430600,13B,B,B,N,M,11,R,N,AQ;VO,School-Elementary/Secondary,K-12 School,Personal Weapons,,C
222972691,200143630,2024-09-18,Plano,TX0430600,13B,B,B,N,M,11,R,N,AQ,School-Elementary/Secondary,K-12 School,Personal Weapons,Minor Injury,C
224855674,201781723,2024-09-18,Plano,TX0430600,13B,W,W,N,F,49,R,Y,BG,Residence/Home,Home,Personal Weapons,Minor Injury,C
224855958,201781970,2024-09-18,Plano,TX0430600,13B,H,W,H,F,21,R,Y,BG,Residence/Home,Home,Personal Weapons,Minor Injury,C
226703921,203401247,2024-09-18,Plano,TX0430600,13B,H,W,H,F,36,R,Y,SE,Residence/Home,Home,Personal Weapons,,C
230628473,206826284,2024-09-18,Plano,TX0430600,13B,W,W,N,M,60,R,Y,BG,Residence/Home,Home,Personal Weapons,Minor Injury,C
220743958,198206778,2024-09-19,Plano,TX0430600,13B,W,W,N,M,67,R,N,SP,Residence/Home,Home,Personal Weapons,Minor Injury,C
220743962,198206782,2024-09-19,Plano,TX0430600,13B,B,B,N,F,23,R,Y,BG,Residence/Home,Home,Personal Weapons,Minor Injury,C
222972705,200143643,2024-09-19,Plano,TX0430600,13B,W,W,N,F,58,N,N,ST,Highway/Road/Alley/Street/Sidewalk,Street & Sidewalk,Personal Weapons,,C
222972707,200143645,2024-09-19,Plano,TX0430600,13B,H,W,H,M,16,R,N,AQ;FR;OK;VO,School-Elementary/Secondary,K-12 School,Personal Weapons,Minor Injury,C
222972708,200143645,2024-09-19,Plano,TX0430600,13B,H,W,H,M,17,R,N,AQ;FR;OK;VO,School-Elementary/Secondary,K-12 School,Personal Weapons,Minor Injury,C
222972709,200143645,2024-09-19,Plano,TX0430600,13B,H,W,H,M,17,R,N,AQ;FR;OK;VO,School-Elementary/Secondary,K-12 School,Personal Weapons,Minor Injury,C
222972710,200143645,2024-09-19,Plano,TX0430600,13B,H,W,H,M,17,R,N,AQ;FR;OK;VO,School-Elementary/Secondary,K-12 School,Personal Weapons,Minor Injury,C
222972711,200143645,2024-09-19,Plano,TX0430600,13B,H,W,H,M,17,R,N,AQ;FR;OK;VO,School-Elementary/Secondary,K-12 School,Personal Weapons,Minor Injury,C
222972712,200143645,2024-09-19,Plano,TX0430600,13B,H,W,H,M,16,R,N,AQ;FR;OK;VO,School-Elementary/Secondary,K-12 School,Personal Weapons,Minor Injury,C
222972713,200143645,2024-09-19,Plano,TX0430600,13B,H,W,H,M,18,R,N,AQ;FR;OK;VO,School-Elementary/Secondary,K-12 School,Personal Weapons,Minor Injury,C
222972714,200143645,2024-09-19,Plano,TX0430600,13B,H,W,H,M,17,R,N,AQ;FR;OK;VO,School-Elementary/Secondary,K-12 School,Personal Weapons,Minor Injury,C
222972715,200143645,2024-09-19,Plano,TX0430600,13B,H,W,H,M,17,R,N,AQ;FR;OK;VO,School-Elementary/Secondary,K-12 School,Personal Weapons,Minor Injury,C
222972731,200143661,2024-09-19,Plano,TX0430600,13B,W,W,N,F,43,R,Y,SE,Residence/Home,Home,Personal Weapons,Minor Injury,C
224855570,201781626,2024-09-19,Plano,TX0430600,13B,B,B,N,F,23,R,Y,XR,Residence/Home,Home,Personal Weapons,Minor Injury,C
224855572,201781627,2024-09-19,Plano,TX0430600,13B,B,B,N,F,32,R,Y,BG,Residence/Home,Home,Personal Weapons,Minor Injury,C
224855579,201781632,2024-09-19,Plano,TX0430600,13B,W,W,N,F,79,R,N,PA,Residence/Home,Home,Personal Weapons,,C
224855582,201781635,2024-09-19,Plano,TX0430600,13B,B,B,N,M,32,N,Y,BG,Hotel/Motel/Etc.,Hotel & Motel,Personal Weapons,Minor Injury,C
226704171,203401459,2024-09-19,Plano,TX0430600,13B,H,W,H,F,44,R,Y,SE,Residence/Home,Home,Personal Weapons,Minor Injury,C
220744005,198206823,2024-09-20,Plano,TX0430600,13B,W,W,N,F,20,R,N,AQ,Commercial/Office Building,Office Building,Personal Weapons,Minor Injury,C
222972723,200143653,2024-09-20,Plano,TX0430600,13B,H,W,H,F,47,N,Y,BG,Parking/Drop Lot/Garage,Parking Lot,Personal Weapons,Minor Injury,C
222972736,200143666,2024-09-20,Plano,TX0430600,13B,H,W,H,M,46,R,N,ST,Highway/Road/Alley/Street/Sidewalk,Street & Sidewalk,Personal Weapons,Minor Injury,C
222972817,200143736,2024-09-20,Plano,TX0430600,13B,B,B,N,F,24,R,Y,XR,Residence/Home,Home,Personal Weapons,Minor Injury,C
224855583,201781636,2024-09-20,Plano,TX0430600,13B,H,W,H,M,37,R,N,OK,Hotel/Motel/Etc.,Hotel & Motel,Personal Weapons,Minor Injury,C
224855592,201781645,2024-09-20,Plano,TX0430600,13B,W,W,N,F,40,R,Y,SE,Residence/Home,Home,Personal Weapons,Minor Injury,C
222972746,200143673,2024-09-21,Plano,TX0430600,13B,H,W,H,F,33,N,Y,SE,Hotel/Motel/Etc.,Hotel & Motel,Personal Weapons,Minor Injury,C
224855594,201781647,2024-09-21,Plano,TX0430600,13B,H,W,H,M,33,R,Y,BG,Residence/Home,Home,Personal Weapons,Minor Injury,C
224855603,201781656,2024-09-21,Plano,TX0430600,13B,A,A,N,M,48,N,N,FR,Construction Site,Construction Site,Personal Weapons,,C
224855615,201781667,2024-09-22,Plano,TX0430600,13B,W,W,N,F,17,R,Y,XR,Parking/Drop Lot/Garage,Parking Lot,Personal Weapons,,C
220744089,198206900,2024-09-23,Plano,TX0430600,13B,B,B,U,F,13,N,N,ST,Government/Public Building,Government Building,Personal Weapons,Minor Injury,C
222972781,200143702,2024-09-23,Plano,TX0430600,13B,H,W,H,F,21,R,Y,XR,Residence/Home,Home,Personal Weapons,,C
222972794,200143714,2024-09-23,Plano,TX0430600,13B,W,W,N,M,13,R,N,OK,School-Elementary/Secondary,K-12 School,Personal Weapons,,C
226703942,203401264,2024-09-23,Plano,TX0430600,13B,H,W,H,F,50,R,N,PA;VO,Parking/Drop Lot/Garage,Parking Lot,Personal Weapons,Minor Injury,C
220744130,198206939,2024-09-24,Plano,TX0430600,13B,H,W,H,F,35,R,Y,SE,Residence/Home,Home,Personal Weapons,,C
224855624,201781676,2024-09-24,Plano,TX0430600,13B,H,W,H,F,31,R,Y,BG,Residence/Home,Home,Personal Weapons,Minor Injury,C
224855703,201781749,2024-09-24,Plano,TX0430600,13B,W,W,N,F,37,R,Y,XR,Residence/Home,Home,Personal Weapons,Minor Injury,C
222972810,200143729,2024-09-25,Plano,TX0430600,13B,B,B,N,F,28,R,Y,CS,Residence/Home,Home,Personal Weapons,Minor Injury,C
224855639,201781690,2024-09-25,Plano,TX0430600,13B,W,W,N,F,38,R,Y,SE,Residence/Home,Home,Personal Weapons,Minor Injury,C
226704063,203401364,2024-09-25,Plano,TX0430600,13B,U,U,U,F,31,R,Y,SE,Residence/Home,Home,Personal Weapons,Minor Injury,C
220744216,198207014,2024-09-26,Plano,TX0430600,13B,H,W,H,M,26,R,N,OK,Residence/Home,Home,Personal Weapons,,C
224855648,201781699,2024-09-26,Plano,TX0430600,13B,W,W,N,M,79,R,N,OK,Residence/Home,Home,Personal Weapons,Minor Injury,C
230628486,206826297,2024-09-26,Plano,TX0430600,13B,H,W,H,M,17,R,N,AQ;VO,School-Elementary/Secondary,K-12 School,Personal Weapons,,C
230628487,206826297,2024-09-26,Plano,TX0430600,13B,B,B,N,M,17,R,N,AQ;VO,School-Elementary/Secondary,K-12 School,Personal Weapons,,C
222972866,200143775,2024-09-27,Plano,TX0430600,13B,B,B,N,F,57,R,N,ST,Department/Discount Store,Department Store,Personal Weapons,,C
222972864,200143773,2024-09-28,Plano,TX0430600,13B,H,W,H,F,14,R,N,SB,Residence/Home,Home,Personal Weapons,Minor Injury,C
224855664,201781713,2024-09-28,Plano,TX0430600,13B,H,W,H,F,50,R,N,OK,Residence/Home,Home,Personal Weapons,Minor Injury,C
220744258,198207053,2024-09-29,Plano,TX0430600,13B,W,W,N,F,30,N,N,ST,Parking/Drop Lot/Garage,Parking Lot,Personal Weapons,Minor Injury,C
224855672,201781721,2024-09-29,Plano,TX0430600,13B,H,W,H,F,23,R,Y,BG,Residence/Home,Home,Personal Weapons,Minor Injury,C
228841854,205272668,2024-09-29,Plano,TX0430600,13B,H,W,H,M,45,N,N,ST,Park/Playground,Park & Playground,Personal Weapons,,C
222972913,200143816,2024-10-01,Plano,TX0430600,13B,A,A,N,M,16,R,N,AQ;VO,School-Elementary/Secondary,K-12 School,Personal Weapons,,C
222972927,200143829,2024-10-01,Plano,TX0430600,13B,W,W,N,F,56,R,N,ST,Drug Store/Doctor's Office/Hospital,Hospital & Clinic,Personal Weapons,Minor Injury,C
222973250,200144111,2024-10-01,Plano,TX0430600,13B,B,B,N,F,20,U,Y,BG,Residence/Home,Home,Personal Weapons,Minor Injury,C
224855687,201781735,2024-10-01,Plano,TX0430600,13B,B,B,N,M,29,R,N,SB,Residence/Home,Home,Personal Weapons,Minor Injury,C
224855689,201781737,2024-10-01,Plano,TX0430600,13B,B,B,N,F,12,R,N,AQ;VO,School-Elementary/Secondary,K-12 School,Personal Weapons,Minor Injury,C
224855690,201781737,2024-10-01,Plano,TX0430600,13B,B,B,N,F,12,R,N,AQ;VO,School-Elementary/Secondary,K-12 School,Personal Weapons,,C
230628498,206826306,2024-10-01,Plano,TX0430600,13B,B,B,N,F,17,R,N,AQ,School-Elementary/Secondary,K-12 School,Personal Weapons,Minor Injury,C
230629457,206827113,2024-10-01,Plano,TX0430600,13B,W,W,N,F,28,N,Y,XR,Residence/Home,Home,Personal Weapons,,C
222973115,200143988,2024-10-02,Plano,TX0430600,13B,B,B,N,F,41,R,Y,SE,Residence/Home,Home,Personal Weapons,Minor Injury,C
226703996,203401308,2024-10-02,Plano,TX0430600,13B,W,W,N,F,31,N,Y,BG,Residence/Home,Home,Personal Weapons,Minor Injury,C
226703999,203401311,2024-10-02,Plano,TX0430600,13B,B,B,N,F,31,N,N,OK,Residence/Home,Home,Personal Weapons,,C
222972959,200143858,2024-10-03,Plano,TX0430600,13B,W,W,N,M,39,R,N,ST,Highway/Road/Alley/Street/Sidewalk,Street & Sidewalk,Personal Weapons,Minor Injury,C
222972996,200143885,2024-10-03,Plano,TX0430600,13B,W,W,N,M,57,,N,PA,Residence/Home,Home,Personal Weapons,,C
222973072,200143953,2024-10-03,Plano,TX0430600,13B,W,W,N,M,77,R,N,PA,Residence/Home,Home,Personal Weapons,Minor Injury,C
224855706,201781752,2024-10-03,Plano,TX0430600,13B,B,B,N,M,17,R,N,AQ;FR;VO,School-Elementary/Secondary,K-12 School,Personal Weapons,Minor Injury,C
224855707,201781752,2024-10-03,Plano,TX0430600,13B,B,B,N,M,16,R,N,AQ;FR;VO,School-Elementary/Secondary,K-12 School,Personal Weapons,,C
224855750,201781788,2024-10-05,Plano,TX0430600,13B,W,W,N,F,38,R,Y,SE,Residence/Home,Home,Personal Weapons,Minor Injury,C
224855757,201781794,2024-10-05,Plano,TX0430600,13B,B,B,N,F,38,R,Y,XR,Residence/Home,Home,Personal Weapons,Minor Injury,C
222973069,200143950,2024-10-06,Plano,TX0430600,13B,B,B,N,M,39,N,Y,SE,Highway/Road/Alley/Street/Sidewalk,Street & Sidewalk,Personal Weapons,Minor Injury,C
222973087,200143965,2024-10-06,Plano,TX0430600,13B,W,W,N,F,37,R,Y,SE,Residence/Home,Home,Personal Weapons,,C
222973117,200143990,2024-10-06,Plano,TX0430600,13B,B,B,N,F,25,R,Y,BG,Residence/Home,Home,Personal Weapons,Minor Injury,C
224855771,201781807,2024-10-06,Plano,TX0430600,13B,W,W,N,F,33,R,Y,BG,Hotel/Motel/Etc.,Hotel & Motel,Personal Weapons,Minor Injury,C
222973089,200143967,2024-10-07,Plano,TX0430600,13B,H,W,H,M,,,N,OK;VO,Residence/Home,Home,Personal Weapons,,C
222973090,200143967,2024-10-07,Plano,TX0430600,13B,U,U,U,M,,,N,OK;VO,Residence/Home,Home,Personal Weapons,,C
222973091,200143967,2024-10-07,Plano,TX0430600,13B,U,U,U,M,,,N,OK;VO,Residence/Home,Home,Personal Weapons,,C
222973092,200143967,2024-10-07,Plano,TX0430600,13B,U,U,U,M,,,N,OK;VO,Residence/Home,Home,Personal Weapons,,C
222973093,200143967,2024-10-07,Plano,TX0430600,13B,U,U,U,M,,,N,OK;VO,Residence/Home,Home,Personal Weapons,,C
222973107,200143980,2024-10-07,Plano,TX0430600,13B,B,B,N,F,56,R,Y,SE,Commercial/Office Building,Office Building,Personal Weapons,Minor Injury,C
222973125,200143996,2024-10-07,Plano,TX0430600,13B,H,W,H,M,17,R,N,SB;VO,Residence/Home,Home,Personal Weapons,Minor Injury,C
222973126,200143996,2024-10-07,Plano,TX0430600,13B,H,W,H,F,22,R,N,SB;VO,Residence/Home,Home,Personal Weapons,Minor Injury,C
222974031,200144787,2024-10-07,Plano,TX0430600,13B,B,B,N,M,11,R,N,AQ,School-Elementary/Secondary,K-12 School,Personal Weapons,Minor Injury,C
224855785,201781820,2024-10-07,Plano,TX0430600,13B,A,A,N,M,26,R,Y,BG,Residence/Home,Home,Personal Weapons,Minor Injury,C
224855801,201781836,2024-10-08,Plano,TX0430600,13B,W,W,N,M,13,N,N,ST,Government/Public Building,Government Building,Personal Weapons,,C
226704053,203401356,2024-10-08,Plano,TX0430600,13B,B,B,N,M,14,R,N,OK,School-Elementary/Secondary,K-12 School,Personal Weapons,Minor Injury,C
228841877,205272687,2024-10-08,Plano,TX0430600,13B,W,W,N,F,41,R,N,PA,Residence/Home,Home,Personal Weapons,Minor Injury,C
222973165,200144030,2024-10-09,Plano,TX0430600,13B,A,A,N,M,62,N,N,ST,Restaurant,Restaurant,Personal Weapons,Minor Injury,C
222973190,200144055,2024-10-09,Plano,TX0430600,13B,B,B,N,F,60,R,N,PA,Residence/Home,Home,Personal Weapons,Minor Injury,C
222973191,200144055,2024-10-09,Plano,TX0430600,13B,B,B,N,M,21,R,N,SB,Residence/Home,Home,Personal Weapons,Minor Injury,C
222973205,200144068,2024-10-10,Plano,TX0430600,13B,W,W,N,F,32,R,Y,BG,Residence/Home,Home,Personal Weapons,Minor Injury,C
222973206,200144069,2024-10-10,Plano,TX0430600,13B,B,B,N,F,51,,N,OF,Hotel/Motel/Etc.,Hotel & Motel,Personal Weapons,,C
224855827,201781860,2024-10-10,Plano,TX0430600,13B,W,W,N,M,14,R,N,AQ,School-Elementary/Secondary,K-12 School,Personal Weapons,Minor Injury,C
230628514,206826319,2024-10-10,Plano,TX0430600,13B,W,W,N,M,25,R,Y,BG,Residence/Home,Home,Personal Weapons,Minor Injury,C
230628518,206826323,2024-10-10,Plano,TX0430600,13B,B,B,N,M,9,N,N,OF,Residence/Home,Home,Personal Weapons,Minor Injury,C
222973220,200144083,2024-10-11,Plano,TX0430600,13B,A,A,N,M,54,R,Y,SE,Residence/Home,Home,Personal Weapons,Minor Injury,C
222973222,200144085,2024-10-11,Plano,TX0430600,13B,H,W,H,M,41,N,N,AQ;VO,Restaurant,Restaurant,Personal Weapons,,C
222973223,200144085,2024-10-11,Plano,TX0430600,13B,H,W,H,M,18,R,N,AQ;VO,Restaurant,Restaurant,Personal Weapons,,C
222973413,200144259,2024-10-11,Plano,TX0430600,13B,A,A,N,M,13,R,N,AQ,School-Elementary/Secondary,K-12 School,Personal Weapons,Minor Injury,C
224855831,201781864,2024-10-11,Plano,TX0430600,13B,H,W,H,M,65,R,N,ST,Residence/Home,Home,Personal Weapons,,C
224855835,201781868,2024-10-11,Plano,TX0430600,13B,W,W,N,F,31,R,Y,BG,Residence/Home,Home,Personal Weapons,Minor Injury,C
224855836,201781869,2024-10-11,Plano,TX0430600,13B,H,W,H,F,23,R,Y,BG,Residence/Home,Home,Personal Weapons,Minor Injury,C
222973241,200144103,2024-10-12,Plano,TX0430600,13B,H,W,H,F,27,R,Y,BG,Residence/Home,Home,Personal Weapons,,C
222973247,200144109,2024-10-12,Plano,TX0430600,13B,B,B,N,F,34,R,N,ST,Restaurant,Restaurant,Personal Weapons,,C
222973248,200144110,2024-10-12,Plano,TX0430600,13B,H,W,H,M,36,R,N,PA,Residence/Home,Home,Personal Weapons,Minor Injury,C
222973249,200144110,2024-10-12,Plano,TX0430600,13B,H,W,H,F,34,R,N,PA,Residence/Home,Home,Personal Weapons,Minor Injury,C
222973270,200144130,2024-10-12,Plano,TX0430600,13B,A,A,N,M,25,R,N,ST,Church/Synagogue/Temple/Mosque,Religious Building,Personal Weapons,,C
224855839,201781872,2024-10-12,Plano,TX0430600,13B,H,W,H,F,44,N,Y,OK;SE,Residence/Home,Home,Personal Weapons,Minor Injury,C
224855840,201781873,2024-10-12,Plano,TX0430600,13B,H,W,H,F,39,R,Y,SE,Residence/Home,Home,Personal Weapons,Minor Injury,C
222973257,200144118,2024-10-13,Plano,TX0430600,13B,W,W,N,F,34,R,Y,BG,Highway/Road/Alley/Street/Sidewalk,Street & Sidewalk,Personal Weapons,Minor Injury,C
222973273,200144132,2024-10-13,Plano,TX0430600,13B,B,B,N,M,58,R,N,OK,Residence/Home,Home,Personal Weapons,Minor Injury,C
222973276,200144135,2024-10-13,Plano,TX0430600,13B,H,W,H,F,40,R,Y,BG,Residence/Home,Home,Personal Weapons,Minor Injury,C
222973676,200144482,2024-10-13,Plano,TX0430600,13B,A,A,N,F,40,R,Y,SE,Residence/Home,Home,Personal Weapons,Minor Injury,C
224855848,201781881,2024-10-13,Plano,TX0430600,13B,H,W,H,M,32,N,N,ST,Park/Playground,Park & Playground,Personal Weapons,Minor Injury,C
224855849,201781881,2024-10-13,Plano,TX0430600,13B,H,W,H,M,29,N,N,ST,Park/Playground,Park & Playground,Personal Weapons,Minor Injury,C
224855887,201781914,2024-10-13,Plano,TX0430600,13B,B,B,N,F,30,R,Y,XR,Residence/Home,Home,Personal Weapons,Minor Injury,C
224855888,201781914,2024-10-13,Plano,TX0430600,13B,B,B,N,M,7,R,N,OK,Residence/Home,Home,Personal Weapons,Minor Injury,C
224856011,201782016,2024-10-13,Plano,TX0430600,13B,W,W,N,F,30,N,N,ST,Bar/Nightclub,Bar & Nightclub,Personal Weapons,,C
226704092,203401388,2024-10-13,Plano,TX0430600,13B,W,W,N,M,31,R,Y,SE,Residence/Home,Home,Personal Weapons,Minor Injury,C
222973278,200144137,2024-10-14,Plano,TX0430600,13B,B,B,N,F,42,R,Y,SE,Residence/Home,Home,Personal Weapons,Minor Injury,C
222973279,200144137,2024-10-14,Plano,TX0430600,13B,B,B,N,F,0,,N,CH,Residence/Home,Home,Personal Weapons,,C
222973295,200144153,2024-10-14,Plano,TX0430600,13B,B,B,N,F,39,R,N,NE,Residence/Home,Home,Personal Weapons,Minor Injury,C
222973297,200144155,2024-10-14,Plano,TX0430600,13B,W,W,N,F,37,R,Y,XR,Residence/Home,Home,Personal Weapons,Minor Injury,C
222973305,200144163,2024-10-14,Plano,TX0430600,13B,W,W,N,F,58,R,N,PA,Residence/Home,Home,Personal Weapons,,C
222973347,200144197,2024-10-14,Plano,TX0430600,13B,B,B,N,F,27,R,Y,BG,Hotel/Motel/Etc.,Hotel & Motel,Personal Weapons,Minor Injury,C
222973310,200144167,2024-10-15,Plano,TX0430600,13B,W,W,N,M,62,R,N,IL,Residence/Home,Home,Personal Weapons,Minor Injury,C
222973334,200144187,2024-10-15,Plano,TX0430600,13B,B,B,N,M,42,N,N,ST,Highway/Road/Alley/Street/Sidewalk,Street & Sidewalk,Personal Weapons,Minor Injury,C
226704115,203401409,2024-10-15,Plano,TX0430600,13B,W,W,N,F,26,N,N,AQ,Convenience Store,Convenience Store,Personal Weapons,Minor Injury,C
226704121,203401414,2024-10-15,Plano,TX0430600,13B,H,W,H,F,36,R,Y,SE,Residence/Home,Home,Personal Weapons,Minor Injury,C
230628521,206826326,2024-10-15,Plano,TX0430600,13B,H,W,H,F,43,N,N,ST,Drug Store/Doctor's Office/Hospital,Hospital & Clinic,Personal Weapons,Minor Injury,C
222973368,200144217,2024-10-16,Plano,TX0430600,13B,W,W,N,F,85,R,Y,SE,Residence/Home,Home,Personal Weapons,,C
222973371,200144220,2024-10-16,Plano,TX0430600,13B,B,B,N,F,32,R,N,CH,Residence/Home,Home,Personal Weapons,,C
222973377,200144225,2024-10-17,Plano,TX0430600,13B,A,A,N,F,20,R,N,ST,Parking/Drop Lot/Garage,Parking Lot,Personal Weapons,,C
222973393,200144240,2024-10-17,Plano,TX0430600,13B,B,B,N,F,38,R,Y,XR,Residence/Home,Home,Personal Weapons,,C
222973398,200144244,2024-10-17,Plano,TX0430600,13B,B,B,N,F,35,R,N,PA,Residence/Home,Home,Personal Weapons,,C
222973412,200144258,2024-10-18,Plano,TX0430600,13B,W,W,N,M,26,R,Y,BG,Residence/Home,Home,Personal Weapons,Minor Injury,C
224855963,201781975,2024-10-18,Plano,TX0430600,13B,H,W,H,F,30,R,N,NE,Residence/Home,Home,Personal Weapons,Minor Injury,C
224855969,201781981,2024-10-18,Plano,TX0430600,13B,W,W,N,F,46,R,Y,SE,Parking/Drop Lot/Garage,Parking Lot,Personal Weapons,Minor Injury,C
226704158,203401446,2024-10-18,Plano,TX0430600,13B,H,W,H,F,42,N,N,AQ,Drug Store/Doctor's Office/Hospital,Hospital & Clinic,Personal Weapons,Minor Injury,C
222973443,200144287,2024-10-19,Plano,TX0430600,13B,B,B,N,M,27,N,Y,BG,Residence/Home,Home,Personal Weapons,,C
222973602,200144418,2024-10-20,Plano,TX0430600,13B,W,W,N,M,30,R,N,SB,Residence/Home,Home,Personal Weapons,Minor Injury,C
222973623,200144433,2024-10-20,Plano,TX0430600,13B,H,W,H,M,38,N,N,ST,Residence/Home,Home,Personal Weapons,Minor Injury,C
222973628,200144438,2024-10-20,Plano,TX0430600,13B,H,W,H,F,30,R,Y,XR,Residence/Home,Home,Personal Weapons,,C
222973631,200144441,2024-10-20,Plano,TX0430600,13B,W,W,N,M,21,N,N,ST,Jail/Prison/Penitentiary/Corrections Facility,Jail & Prison,Personal Weapons,Minor Injury,C
224856255,201782232,2024-10-20,Plano,TX0430600,13B,A,A,N,F,39,R,Y,SE,Residence/Home,Home,Personal Weapons,Minor Injury,C
222973661,200144468,2024-10-21,Plano,TX0430600,13B,W,W,N,M,55,N,Y,SE;VO,Hotel/Motel/Etc.,Hotel & Motel,Personal Weapons,Minor Injury,C
222973662,200144468,2024-10-21,Plano,TX0430600,13B,H,W,H,F,34,N,Y,SE;VO,Hotel/Motel/Etc.,Hotel & Motel,Personal Weapons,Minor Injury,C
224856045,201782046,2024-10-21,Plano,TX0430600,13B,H,W,H,F,54,R,Y,BG,Residence/Home,Home,Personal Weapons,Minor Injury,C
224856389,201782353,2024-10-21,Plano,TX0430600,13B,W,W,N,M,14,,N,AQ,School-Elementary/Secondary,K-12 School,Personal Weapons,Minor Injury,C
226704189,203401476,2024-10-21,Plano,TX0430600,13B,H,W,H,M,14,R,N,OK;VO,School-Elementary/Secondary,K-12 School,Personal Weapons,Minor Injury,C
226704190,203401476,2024-10-21,Plano,TX0430600,13B,H,W,H,M,13,R,N,OK;VO,School-Elementary/Secondary,K-12 School,Personal Weapons,Minor Injury,C
230628531,206826335,2024-10-21,Plano,TX0430600,13B,W,W,N,M,41,N,N,AQ,School-Elementary/Secondary,K-12 School,Personal Weapons,,C
230628532,206826335,2024-10-21,Plano,TX0430600,13B,B,B,N,F,15,R,N,OK,School-Elementary/Secondary,K-12 School,Personal Weapons,Minor Injury,C
230628533,206826335,2024-10-21,Plano,TX0430600,13B,A,A,N,F,15,R,N,OK,School-Elementary/Secondary,K-12 School,Personal Weapons,,C
222973670,200144476,2024-10-22,Plano,TX0430600,13B,W,W,N,F,36,R,N,PA,Residence/Home,Home,Personal Weapons,Minor Injury,C
222973686,200144491,2024-10-23,Plano,TX0430600,13B,B,B,N,F,23,R,N,OK,Residence/Home,Home,Personal Weapons,,C
222973718,200144521,2024-10-23,Plano,TX0430600,13B,A,A,N,M,25,R,N,OK,Residence/Home,Home,Personal Weapons,Minor Injury,C
224856069,201782068,2024-10-23,Plano,TX0430600,13B,B,B,N,M,16,R,N,ST,School-Elementary/Secondary,K-12 School,Personal Weapons,Minor Injury,C
224856071,201782070,2024-10-23,Plano,TX0430600,13B,W,W,N,M,36,N,N,IL,Residence/Home,Home,Personal Weapons,Minor Injury,C
224856079,201782078,2024-10-23,Plano,TX0430600,13B,A,A,N,F,37,R,Y,SE,Residence/Home,Home,Personal Weapons,Minor Injury,C
226704201,203401486,2024-10-23,Plano,TX0430600,13B,W,W,N,M,43,R,Y,SE,Residence/Home,Home,Personal Weapons,Minor Injury,C
226704214,203401496,2024-10-23,Plano,TX0430600,13B,W,W,N,F,40,R,N,SC,Residence/Home,Home,Personal Weapons,Minor Injury,C
222973745,200144544,2024-10-24,Plano,TX0430600,13B,B,B,N,F,16,R,N,FR;OK;SB;VO,School-Elementary/Secondary,K-12 School,Personal Weapons,Minor Injury,C
222973746,200144544,2024-10-24,Plano,TX0430600,13B,B,B,N,F,16,R,N,FR;OK;VO,School-Elementary/Secondary,K-12 School,Personal Weapons,Minor Injury,C
222973747,200144544,2024-10-24,Plano,TX0430600,13B,H,U,H,F,17,N,N,FR;OK;SB;VO,School-Elementary/Secondary,K-12 School,Personal Weapons,Minor Injury,C
222973748,200144544,2024-10-24,Plano,TX0430600,13B,H,U,H,F,16,N,N,FR;OK;SB;VO,School-Elementary/Secondary,K-12 School,Personal Weapons,Minor Injury,C
222973749,200144544,2024-10-24,Plano,TX0430600,13B,B,B,N,F,17,R,N,FR;OK;SB;VO,School-Elementary/Secondary,K-12 School,Personal Weapons,Minor Injury,C
224856074,201782073,2024-10-24,Plano,TX0430600,13B,A,A,N,F,55,R,Y,SE,Residence/Home,Home,Personal Weapons,,C
224856086,201782085,2024-10-24,Plano,TX0430600,13B,H,W,H,F,40,N,Y,BG,Parking/Drop Lot/Garage,Parking Lot,Personal Weapons,Minor Injury,C
224856120,201782110,2024-10-24,Plano,TX0430600,13B,H,W,H,M,15,R,N,AQ,School-Elementary/Secondary,K-12 School,Personal Weapons,Minor Injury,C
224856184,201782169,2024-10-24,Plano,TX0430600,13B,H,W,H,F,22,N,N,OK,Drug Store/Doctor's Office/Hospital,Hospital & Clinic,Personal Weapons,,C
228860634,205288713,2024-10-24,Plano,TX0430600,13B,W,W,N,F,28,N,Y,BG;IL;VO,Drug Store/Doctor's Office/Hospital,Hospital & Clinic,Personal Weapons,Minor Injury,C
228860635,205288713,2024-10-24,Plano,TX0430600,13B,W,W,N,F,24,N,N,IL;OK;VO,Drug Store/Doctor's Office/Hospital,Hospital & Clinic,Personal Weapons,Minor Injury,C
228860636,205288713,2024-10-24,Plano,TX0430600,13B,W,W,N,M,31,N,Y,OK;SB;SE,Drug Store/Doctor's Office/Hospital,Hospital & Clinic,Personal Weapons,Minor Injury,C
230628542,206826343,2024-10-24,Plano,TX0430600,13B,H,W,H,M,23,N,Y,XR,Residence/Home,Home,Personal Weapons,Minor Injury,C
226704235,203401517,2024-10-25,Plano,TX0430600,13B,H,W,H,F,50,R,N,PA,Residence/Home,Home,Personal Weapons,Minor Injury,C
222973875,200144647,2024-10-26,Plano,TX0430600,13B,H,W,H,M,29,N,N,AQ;ST,Residence/Home,Home,Personal Weapons,Minor Injury,C
224856112,201782102,2024-10-26,Plano,TX0430600,13B,B,B,N,M,20,R,Y,XR,Parking/Drop Lot/Garage,Parking Lot,Personal Weapons,Minor Injury,C
224856113,201782103,2024-10-26,Plano,TX0430600,13B,B,B,N,M,30,N,Y,XR,Residence/Home,Home,Personal Weapons,,C
226704245,203401526,2024-10-26,Plano,TX0430600,13B,W,W,N,F,44,R,Y,SE,Residence/Home,Home,Personal Weapons,,C
226704252,203401533,2024-10-26,Plano,TX0430600,13B,B,B,N,M,33,N,N,OK,Parking/Drop Lot/Garage,Parking Lot,Personal Weapons,Minor Injury,C
222973839,200144614,2024-10-27,Plano,TX0430600,13B,H,W,H,F,19,R,N,CH,Residence/Home,Home,Personal Weapons,,C
222973849,200144622,2024-10-27,Plano,TX0430600,13B,H,W,H,M,39,N,N,IL,Restaurant,Restaurant,Personal Weapons,Minor Injury,C
222973853,200144626,2024-10-27,Plano,TX0430600,13B,H,W,H,M,40,N,N,ST,Parking/Drop Lot/Garage,Parking Lot,Personal Weapons,Minor Injury,C
222973927,200144693,2024-10-27,Plano,TX0430600,13B,H,W,H,F,42,N,N,PA,Residence/Home,Home,Personal Weapons,Minor Injury,C
222973929,200144693,2024-10-27,Plano,TX0430600,13B,H,W,H,M,30,N,N,SP,Residence/Home,Home,Personal Weapons,Minor Injury,C
226704263,203401543,2024-10-27,Plano,TX0430600,13B,W,W,N,M,30,R,N,ST;VO,Bar/Nightclub,Bar & Nightclub,Personal Weapons,,C
226704264,203401543,2024-10-27,Plano,TX0430600,13B,W,W,N,M,26,N,N,ST;VO,Bar/Nightclub,Bar & Nightclub,Personal Weapons,,C
226704266,203401545,2024-10-27,Plano,TX0430600,13B,H,W,H,F,20,N,Y,BG,Residence/Home,Home,Personal Weapons,Minor Injury,C
226704269,203401548,2024-10-27,Plano,TX0430600,13B,B,B,N,F,33,R,Y,BG,Residence/Home,Home,Personal Weapons,Minor Injury,C
226704277,203401555,2024-10-27,Plano,TX0430600,13B,H,W,H,F,23,N,Y,SE,Amusement Park,Amusement Park,Personal Weapons,Minor Injury,C
226704280,203401558,2024-10-27,Plano,TX0430600,13B,W,W,N,M,62,R,Y,BG,Residence/Home,Home,Personal Weapons,Minor Injury,C
226706118,203403106,2024-10-27,Plano,TX0430600,13B,H,W,H,F,20,N,Y,XR,Residence/Home,Home,Personal Weapons,Minor Injury,C
222973893,200144664,2024-10-28,Plano,TX0430600,13B,H,W,H,M,43,R,N,ST;VO,Convenience Store,Convenience Store,Personal Weapons,,C
222973895,200144664,2024-10-28,Plano,TX0430600,13B,B,B,N,M,33,U,N,ST;VO,Convenience Store,Convenience Store,Personal Weapons,,C
222973901,200144669,2024-10-28,Plano,TX0430600,13B,A,A,N,F,41,R,Y,SE,Residence/Home,Home,Personal Weapons,,C
222973920,200144687,2024-10-28,Plano,TX0430600,13B,W,W,N,F,32,R,N,AQ,School-Elementary/Secondary,K-12 School,Personal Weapons,Minor Injury,C
224856131,201782121,2024-10-28,Plano,TX0430600,13B,W,W,N,M,37,N,N,AQ,Parking/Drop Lot/Garage,Parking Lot,Personal Weapons,Minor Injury,C
224856132,201782122,2024-10-28,Plano,TX0430600,13B,B,B,N,F,23,R,Y,BG,Residence/Home,Home,Personal Weapons,Minor Injury,C
226704296,203401570,2024-10-28,Plano,TX0430600,13B,A,A,N,F,8,R,N,CH,Residence/Home,Home,Personal Weapons,Minor Injury,C
222974033,200144789,2024-10-29,Plano,TX0430600,13B,W,W,N,F,11,R,N,FR,School-Elementary/Secondary,K-12 School,Personal Weapons,Minor Injury,C
224856166,201782152,2024-10-29,Plano,TX0430600,13B,H,W,H,F,24,R,Y,XR,Residence/Home,Home,Personal Weapons,Minor Injury,C
226704669,203401909,2024-10-29,Plano,TX0430600,13B,W,W,N,M,58,R,Y,XR,Hotel/Motel/Etc.,Hotel & Motel,Personal Weapons,,C
228860661,205288732,2024-10-29,Plano,TX0430600,13B,A,A,N,F,34,R,Y,SE,Residence/Home,Home,Personal Weapons,Minor Injury,C
222973961,200144724,2024-10-30,Plano,TX0430600,13B,B,B,N,F,18,U,Y,BG,Hotel/Motel/Etc.,Hotel & Motel,Personal Weapons,,C
222974029,200144785,2024-10-31,Plano,TX0430600,13B,A,A,N,M,13,R,N,OK,Park/Playground,Park & Playground,Personal Weapons,,C
224856194,201782178,2024-10-31,Plano,TX0430600,13B,W,W,N,F,31,R,Y,BG,Residence/Home,Home,Personal Weapons,Minor Injury,C
224856953,201782839,2024-10-31,Plano,TX0430600,13B,H,W,H,F,26,R,Y,XR,Residence/Home,Home,Personal Weapons,Minor Injury,C
224856197,201782181,2024-11-01,Plano,TX0430600,13B,H,W,H,F,32,N,N,AQ,Parking/Drop Lot/Garage,Parking Lot,Personal Weapons,Minor Injury,C
224856209,201782193,2024-11-01,Plano,TX0430600,13B,B,B,N,F,16,R,N,FR,School-Elementary/Secondary,K-12 School,Personal Weapons,,C
228860675,205288744,2024-11-01,Plano,TX0430600,13B,H,W,H,F,36,R,Y,SE,Residence/Home,Home,Personal Weapons,Minor Injury,C
224856225,201782209,2024-11-02,Plano,TX0430600,13B,A,A,N,F,37,R,Y,SE,Residence/Home,Home,Personal Weapons,Minor Injury,C
224856229,201782213,2024-11-02,Plano,TX0430600,13B,W,W,N,F,21,N,Y,BG,Parking/Drop Lot/Garage,Parking Lot,Personal Weapons,Minor Injury,C
224856239,201782222,2024-11-02,Plano,TX0430600,13B,B,B,N,F,21,N,Y,SE,Residence/Home,Home,Personal Weapons,Minor Injury,C
224856254,201782231,2024-11-03,Plano,TX0430600,13B,B,B,N,F,21,N,Y,XR,Parking/Drop Lot/Garage,Parking Lot,Personal Weapons,Minor Injury,C
226704403,203401669,2024-11-03,Plano,TX0430600,13B,W,W,N,M,14,R,N,ST,Government/Public Building,Government Building,Personal Weapons,,C
228860688,205288754,2024-11-03,Plano,TX0430600,13B,W,W,N,F,46,R,N,PA,Residence/Home,Home,Personal Weapons,,C
224856278,201782253,2024-11-04,Plano,TX0430600,13B,B,B,N,F,48,R,Y,XR,Parking/Drop Lot/Garage,Parking Lot,Personal Weapons,Minor Injury,C
224856286,201782261,2024-11-04,Plano,TX0430600,13B,W,W,N,F,24,R,N,AQ,Specialty Store,Specialty Store,Personal Weapons,,C
226704409,203401675,2024-11-04,Plano,TX0430600,13B,B,B,N,F,10,N,N,AQ,School-Elementary/Secondary,K-12 School,Personal Weapons,,C
228860691,205288756,2024-11-04,Plano,TX0430600,13B,H,W,H,F,30,R,Y,SE,Residence/Home,Home,Personal Weapons,Minor Injury,C
224856339,201782310,2024-11-05,Plano,TX0430600,13B,B,B,N,M,12,R,N,AQ;VO,School-Elementary/Secondary,K-12 School,Personal Weapons,Minor Injury,C
224856340,201782310,2024-11-05,Plano,TX0430600,13B,B,B,N,M,13,R,N,AQ;VO,School-Elementary/Secondary,K-12 School,Personal Weapons,Minor Injury,C
224856326,201782298,2024-11-06,Plano,TX0430600,13B,B,B,N,F,23,N,Y,BG;VO,Hotel/Motel/Etc.,Hotel & Motel,Personal Weapons,Minor Injury,C
224856327,201782298,2024-11-06,Plano,TX0430600,13B,B,B,N,F,24,N,Y,BG;VO,Hotel/Motel/Etc.,Hotel & Motel,Personal Weapons,,C
224856355,201782325,2024-11-06,Plano,TX0430600,13B,B,B,N,F,43,R,N,PA,Residence/Home,Home,Personal Weapons,Minor Injury,C
224856360,201782328,2024-11-06,Plano,TX0430600,13B,W,W,N,M,46,N,N,ST,Bar/Nightclub,Bar & Nightclub,Personal Weapons,Minor Injury,C
224856377,201782342,2024-11-06,Plano,TX0430600,13B,W,W,N,M,14,R,N,AQ,School-Elementary/Secondary,K-12 School,Personal Weapons,Minor Injury,C
230628582,206826373,2024-11-06,Plano,TX0430600,13B,W,W,N,F,41,R,Y,SE,Residence/Home,Home,Personal Weapons,Minor Injury,C
224856363,201782331,2024-11-07,Plano,TX0430600,13B,B,B,N,F,22,R,Y,XR,Residence/Home,Home,Personal Weapons,Minor Injury,C
224856365,201782333,2024-11-07,Plano,TX0430600,13B,B,B,N,F,55,R,N,AQ,School-Elementary/Secondary,K-12 School,Personal Weapons,Minor Injury,C
224856366,201782333,2024-11-07,Plano,TX0430600,13B,B,B,N,M,42,U,N,AQ,School-Elementary/Secondary,K-12 School,Personal Weapons,Minor Injury,C
224856367,201782333,2024-11-07,Plano,TX0430600,13B,B,B,N,F,17,R,N,OK,School-Elementary/Secondary,K-12 School,Personal Weapons,Minor Injury,C
224856368,201782333,2024-11-07,Plano,TX0430600,13B,B,B,N,M,14,R,N,OK,School-Elementary/Secondary,K-12 School,Personal Weapons,Minor Injury,C
224856369,201782334,2024-11-07,Plano,TX0430600,13B,B,B,N,M,52,R,N,ST,Parking/Drop Lot/Garage,Parking Lot,Personal Weapons,Minor Injury,C
224856390,201782354,2024-11-07,Plano,TX0430600,13B,B,B,N,M,16,R,N,AQ,Highway/Road/Alley/Street/Sidewalk,Street & Sidewalk,Personal Weapons,,C
224856411,201782374,2024-11-08,Plano,TX0430600,13B,B,B,N,M,15,R,N,AQ,School-Elementary/Secondary,K-12 School,Personal Weapons,Minor Injury,C
224856422,201782382,2024-11-08,Plano,TX0430600,13B,W,W,N,M,43,N,N,SB;VO,Residence/Home,Home,Personal Weapons,Minor Injury,C
224856423,201782382,2024-11-08,Plano,TX0430600,13B,W,W,N,F,45,R,N,SB;VO,Residence/Home,Home,Personal Weapons,Minor Injury,C
226704472,203401734,2024-11-08,Plano,TX0430600,13B,B,B,N,F,12,R,N,AQ;VO,School-Elementary/Secondary,K-12 School,Personal Weapons,Minor Injury,C
226704473,203401734,2024-11-08,Plano,TX0430600,13B,B,B,N,F,13,R,N,AQ;VO,School-Elementary/Secondary,K-12 School,Personal Weapons,Minor Injury,C
228860712,205288774,2024-11-08,Plano,TX0430600,13B,H,W,H,M,40,N,N,AQ,Parking/Drop Lot/Garage,Parking Lot,Personal Weapons,Minor Injury,C
228860719,205288781,2024-11-08,Plano,TX0430600,13B,W,W,N,F,31,N,N,SB,Parking/Drop Lot/Garage,Parking Lot,Personal Weapons,Minor Injury,C
224856441,201782399,2024-11-09,Plano,TX0430600,13B,B,B,N,F,20,N,N,ST,Parking/Drop Lot/Garage,Parking Lot,Personal Weapons,,C
224856615,201782545,2024-11-09,Plano,TX0430600,13B,A,A,N,F,30,R,Y,SE,Residence/Home,Home,Personal Weapons,Minor Injury,C
226704492,203401752,2024-11-09,Plano,TX0430600,13B,W,W,N,M,46,N,N,ST,Department/Discount Store,Department Store,Personal Weapons,Minor Injury,C
228860720,205288782,2024-11-09,Plano,TX0430600,13B,W,W,N,M,39,R,Y,BG,Residence/Home,Home,Personal Weapons,Minor Injury,C
224856446,201782402,2024-11-10,Plano,TX0430600,13B,W,W,N,F,65,R,N,PA,Residence/Home,Home,Personal Weapons,Minor Injury,C
224856453,201782408,2024-11-10,Plano,TX0430600,13B,W,W,N,F,20,N,Y,XR,Hotel/Motel/Etc.,Hotel & Motel,Personal Weapons,Minor Injury,C
224856454,201782409,2024-11-10,Plano,TX0430600,13B,W,W,N,F,38,R,Y,SE,Residence/Home,Home,Personal Weapons,Minor Injury,C
224856458,201782412,2024-11-10,Plano,TX0430600,13B,H,W,H,F,48,R,Y,SE,Residence/Home,Home,Personal Weapons,,C
224856459,201782413,2024-11-10,Plano,TX0430600,13B,B,B,N,M,17,N,N,ST,Parking/Drop Lot/Garage,Parking Lot,Personal Weapons,Minor Injury,C
226704510,203401769,2024-11-10,Plano,TX0430600,13B,W,W,N,F,38,R,Y,SE,Residence/Home,Home,Personal Weapons,,C
226704521,203401779,2024-11-10,Plano,TX0430600,13B,W,W,N,F,50,R,Y,SE,Residence/Home,Home,Personal Weapons,Minor Injury,C
228860729,205288791,2024-11-10,Plano,TX0430600,13B,H,W,H,F,42,R,Y,BG,Parking/Drop Lot/Garage,Parking Lot,Personal Weapons,Minor Injury,C
228860730,205288792,2024-11-10,Plano,TX0430600,13B,H,W,H,F,39,N,Y,SE,Highway/Road/Alley/Street/Sidewalk,Street & Sidewalk,Personal Weapons,Minor Injury,C
228860732,205288793,2024-11-10,Plano,TX0430600,13B,B,B,N,M,23,R,N,CH,Residence/Home,Home,Personal Weapons,Minor Injury,C
228860733,205288794,2024-11-10,Plano,TX0430600,13B,A,A,N,F,27,R,Y,SE,Residence/Home,Home,Personal Weapons,Minor Injury,C
224856515,201782462,2024-11-11,Plano,TX0430600,13B,W,W,N,F,57,R,Y,XS,Residence/Home,Home,Personal Weapons,Minor Injury,C
228860734,205288795,2024-11-11,Plano,TX0430600,13B,B,B,U,F,46,R,Y,SE,Residence/Home,Home,Personal Weapons,Minor Injury,C
228860735,205288796,2024-11-11,Plano,TX0430600,13B,H,W,H,M,23,R,Y,BG,Residence/Home,Home,Personal Weapons,Minor Injury,C
228860745,205288804,2024-11-11,Plano,TX0430600,13B,A,A,N,F,80,R,N,PA,Residence/Home,Home,Personal Weapons,Minor Injury,C
224856511,201782458,2024-11-12,Plano,TX0430600,13B,W,W,N,F,52,R,N,AQ,School-Elementary/Secondary,K-12 School,Personal Weapons,Minor Injury,C
224856533,201782479,2024-11-13,Plano,TX0430600,13B,H,W,H,F,17,R,N,AQ;VO,School-Elementary/Secondary,K-12 School,Personal Weapons,Minor Injury,C
224856534,201782479,2024-11-13,Plano,TX0430600,13B,H,W,H,F,17,R,N,AQ;VO,School-Elementary/Secondary,K-12 School,Personal Weapons,Minor Injury,C
224856535,201782480,2024-11-13,Plano,TX0430600,13B,W,W,N,M,33,N,N,AQ,School-Elementary/Secondary,K-12 School,Personal Weapons,Minor Injury,C
228860755,205288811,2024-11-13,Plano,TX0430600,13B,B,B,N,F,53,N,N,SB,Restaurant,Restaurant,Personal Weapons,Minor Injury,C
228860757,205288813,2024-11-13,Plano,TX0430600,13B,B,B,N,F,30,N,N,ST,Parking/Drop Lot/Garage,Parking Lot,Personal Weapons,Minor Injury,C
224856577,201782512,2024-11-14,Plano,TX0430600,13B,W,W,N,M,32,R,N,ST,Highway/Road/Alley/Street/Sidewalk,Street & Sidewalk,Personal Weapons,Minor Injury,C
224856592,201782524,2024-11-14,Plano,TX0430600,13B,H,W,H,M,11,N,N,OK,School-Elementary/Secondary,K-12 School,Personal Weapons,Minor Injury,C
224856606,201782536,2024-11-14,Plano,TX0430600,13B,B,B,U,F,44,N,N,EE,Drug Store/Doctor's Office/Hospital,Hospital & Clinic,Personal Weapons,,C
224856616,201782546,2024-11-14,Plano,TX0430600,13B,A,A,N,F,38,N,N,AQ,Other/Unknown,Other & Unknown,Personal Weapons,Minor Injury,C
224856654,201782579,2024-11-14,Plano,TX0430600,13B,B,B,N,F,40,R,N,AQ,Convenience Store,Convenience Store,Personal Weapons,,C
226704579,203401830,2024-11-14,Plano,TX0430600,13B,B,B,N,F,19,N,N,FR;ST,Residence/Home,Home,Personal Weapons,Minor Injury,C
226704590,203401840,2024-11-14,Plano,TX0430600,13B,H,W,H,F,16,N,Y,BG,Residence/Home,Home,Personal Weapons,Minor Injury,C
228860764,205288818,2024-11-14,Plano,TX0430600,13B,H,W,H,M,40,R,N,PA,Residence/Home,Home,Personal Weapons,Minor Injury,C
224856600,201782531,2024-11-15,Plano,TX0430600,13B,W,W,N,M,53,N,N,OK,School-Elementary/Secondary,K-12 School,Personal Weapons,Minor Injury,C
224856609,201782539,2024-11-15,Plano,TX0430600,13B,W,W,N,M,16,N,N,AQ,School-Elementary/Secondary,K-12 School,Personal Weapons,Minor Injury,C
228860766,205288820,2024-11-15,Plano,TX0430600,13B,B,B,N,F,34,N,Y,BG,Hotel/Motel/Etc.,Hotel & Motel,Personal Weapons,Minor Injury,C
228860903,205288943,2024-11-15,Plano,TX0430600,13B,W,W,N,M,44,N,N,ST,Parking/Drop Lot/Garage,Parking Lot,Personal Weapons,Minor Injury,C
224856636,201782565,2024-11-16,Plano,TX0430600,13B,B,B,N,M,62,N,N,PA,Parking/Drop Lot/Garage,Parking Lot,Personal Weapons,,C
224856641,201782568,2024-11-16,Plano,TX0430600,13B,B,B,N,F,17,R,N,AQ,Restaurant,Restaurant,Personal Weapons,,C
224856644,201782571,2024-11-16,Plano,TX0430600,13B,B,B,N,F,43,N,Y,BG,Hotel/Motel/Etc.,Hotel & Motel,Personal Weapons,Minor Injury,C
224856645,201782572,2024-11-16,Plano,TX0430600,13B,W,W,N,F,32,R,Y,BG,Residence/Home,Home,Personal Weapons,,C
224856664,201782586,2024-11-16,Plano,TX0430600,13B,A,A,N,M,59,R,Y,CS,Residence/Home,Home,Personal Weapons,,C
230628609,206826397,2024-11-16,Plano,TX0430600,13B,W,W,N,F,46,N,N,ST,Drug Store/Doctor's Office/Hospital,Hospital & Clinic,Personal Weapons,Minor Injury,C
230628610,206826397,2024-11-16,Plano,TX0430600,13B,W,W,N,M,28,N,N,ST,Drug Store/Doctor's Office/Hospital,Hospital & Clinic,Personal Weapons,Minor Injury,C
230628611,206826397,2024-11-16,Plano,TX0430600,13B,W,W,N,F,26,N,N,ST,Drug Store/Doctor's Office/Hospital,Hospital & Clinic,Personal Weapons,Minor Injury,C
224856673,201782592,2024-11-17,Plano,TX0430600,13B,W,W,N,F,25,R,Y,XR,Highway/Road/Alley/Street/Sidewalk,Street & Sidewalk,Personal Weapons,,C
224856677,201782596,2024-11-17,Plano,TX0430600,13B,H,W,H,F,43,R,Y,SE,Residence/Home,Home,Personal Weapons,Minor Injury,C
226704653,203401896,2024-11-17,Plano,TX0430600,13B,H,W,H,F,20,R,Y,BG,Residence/Home,Home,Personal Weapons,,C
226704655,203401898,2024-11-17,Plano,TX0430600,13B,B,B,N,F,37,R,Y,XR,Residence/Home,Home,Personal Weapons,,C
230628613,206826399,2024-11-17,Plano,TX0430600,13B,A,A,N,M,46,R,N,ST,Parking/Drop Lot/Garage,Parking Lot,Personal Weapons,,C
224856682,201782601,2024-11-18,Plano,TX0430600,13B,B,B,N,M,13,R,N,AQ;VO,School-Elementary/Secondary,K-12 School,Personal Weapons,Minor Injury,C
224856683,201782601,2024-11-18,Plano,TX0430600,13B,B,B,N,M,13,R,N,AQ;VO,School-Elementary/Secondary,K-12 School,Personal Weapons,Minor Injury,C
224856686,201782604,2024-11-18,Plano,TX0430600,13B,B,B,N,M,13,R,N,AQ;VO,School-Elementary/Secondary,K-12 School,Personal Weapons,,C
224856687,201782604,2024-11-18,Plano,TX0430600,13B,H,W,H,M,14,R,N,AQ;VO,School-Elementary/Secondary,K-12 School,Personal Weapons,,C
224856696,201782613,2024-11-18,Plano,TX0430600,13B,W,W,N,M,49,N,N,AQ,School-Elementary/Secondary,K-12 School,Personal Weapons,Minor Injury,C
224856721,201782634,2024-11-18,Plano,TX0430600,13B,W,W,N,F,66,R,N,ST,Residence/Home,Home,Personal Weapons,Minor Injury,C
226705016,203402216,2024-11-18,Plano,TX0430600,13B,B,B,N,M,59,N,N,AQ,Grocery/Supermarket,Grocery Store,Personal Weapons,Minor Injury,C
228860778,205288831,2024-11-18,Plano,TX0430600,13B,A,A,N,F,53,R,Y,XR,Residence/Home,Home,Personal Weapons,Minor Injury,C
228860783,205288835,2024-11-18,Plano,TX0430600,13B,A,A,N,M,14,R,N,OK,Highway/Road/Alley/Street/Sidewalk,Street & Sidewalk,Personal Weapons,Minor Injury,C
224856723,201782636,2024-11-19,Plano,TX0430600,13B,W,W,N,F,35,R,N,AQ,School-Elementary/Secondary,K-12 School,Personal Weapons,,C
224856781,201782683,2024-11-19,Plano,TX0430600,13B,W,W,N,F,41,R,Y,SE,Residence/Home,Home,Personal Weapons,,C
228860788,205288840,2024-11-19,Plano,TX0430600,13B,W,W,N,F,15,R,N,OK,School-Elementary/Secondary,K-12 School,Personal Weapons,Minor Injury,C
228860789,205288841,2024-11-19,Plano,TX0430600,13B,B,B,N,F,42,R,Y,BG,Residence/Home,Home,Personal Weapons,Minor Injury,C
224856756,201782664,2024-11-20,Plano,TX0430600,13B,B,B,N,F,33,R,N,IL;VO,School-Elementary/Secondary,K-12 School,Personal Weapons,Minor Injury,C
224856757,201782664,2024-11-20,Plano,TX0430600,13B,B,B,N,F,35,N,N,IL;VO,School-Elementary/Secondary,K-12 School,Personal Weapons,Minor Injury,C
226704738,203401970,2024-11-20,Plano,TX0430600,13B,W,W,N,F,43,N,N,AQ,School-Elementary/Secondary,K-12 School,Personal Weapons,Minor Injury,C
226704743,203401975,2024-11-20,Plano,TX0430600,13B,W,W,N,M,63,N,N,ST,Parking/Drop Lot/Garage,Parking Lot,Personal Weapons,Minor Injury,C
226704744,203401975,2024-11-20,Plano,TX0430600,13B,W,W,N,F,49,N,N,ST,Parking/Drop Lot/Garage,Parking Lot,Personal Weapons,,C
228860792,205288844,2024-11-20,Plano,TX0430600,13B,A,A,N,F,19,R,Y,XR,Residence/Home,Home,Personal Weapons,Minor Injury,C
228860793,205288844,2024-11-20,Plano,TX0430600,13B,W,W,N,F,21,N,N,OK,Residence/Home,Home,Personal Weapons,Minor Injury,C
224856796,201782697,2024-11-21,Plano,TX0430600,13B,H,W,H,M,31,R,N,AQ,Grocery/Supermarket,Grocery Store,Personal Weapons,,C
224856812,201782712,2024-11-21,Plano,TX0430600,13B,H,W,H,F,20,N,N,AQ,Residence/Home,Home,Personal Weapons,,C
226704774,203401998,2024-11-21,Plano,TX0430600,13B,W,W,U,F,35,R,Y,XS,Residence/Home,Home,Personal Weapons,Minor Injury,C
226704796,203402019,2024-11-21,Plano,TX0430600,13B,H,W,H,F,26,N,N,ST,Parking/Drop Lot/Garage,Parking Lot,Personal Weapons,,C
226704813,203402034,2024-11-21,Plano,TX0430600,13B,W,W,N,F,15,N,N,OK,School-Elementary/Secondary,K-12 School,Personal Weapons,Minor Injury,C
230628639,206826419,2024-11-21,Plano,TX0430600,13B,B,B,N,F,25,R,Y,BG,Residence/Home,Home,Personal Weapons,Minor Injury,C
226704804,203402027,2024-11-22,Plano,TX0430600,13B,B,B,N,F,29,R,Y,BG,Hotel/Motel/Etc.,Hotel & Motel,Personal Weapons,Minor Injury,C
228860805,205288856,2024-11-22,Plano,TX0430600,13B,W,W,N,F,39,R,Y,SE,Residence/Home,Home,Personal Weapons,Minor Injury,C
228860810,205288860,2024-11-22,Plano,TX0430600,13B,H,W,H,F,26,N,Y,BG,Parking/Drop Lot/Garage,Parking Lot,Personal Weapons,Minor Injury,C
226704818,203402039,2024-11-23,Plano,TX0430600,13B,A,A,N,F,51,R,N,PA,Residence/Home,Home,Personal Weapons,,C
228860816,205288866,2024-11-23,Plano,TX0430600,13B,H,W,H,F,21,N,N,CH,Residence/Home,Home,Personal Weapons,,C
224856877,201782772,2024-11-24,Plano,TX0430600,13B,B,B,N,F,25,R,Y,BG,Residence/Home,Home,Personal Weapons,Minor Injury,C
224856879,201782774,2024-11-24,Plano,TX0430600,13B,W,W,N,M,33,N,N,AQ,Service/Gas Station,Gas Station,Personal Weapons,,C
224856881,201782776,2024-11-24,Plano,TX0430600,13B,W,W,N,M,42,R,Y,SE,Residence/Home,Home,Personal Weapons,Minor Injury,C
224856899,201782793,2024-11-24,Plano,TX0430600,13B,W,W,U,F,51,R,Y,SE,Residence/Home,Home,Personal Weapons,Minor Injury,C
224856900,201782793,2024-11-24,Plano,TX0430600,13B,W,W,U,M,19,R,N,CH,Residence/Home,Home,Personal Weapons,,C
226704835,203402056,2024-11-24,Plano,TX0430600,13B,B,B,N,M,28,R,Y,XR,Residence/Home,Home,Personal Weapons,,C
226704845,203402066,2024-11-24,Plano,TX0430600,13B,H,W,H,F,47,R,Y,BG,Residence/Home,Home,Personal Weapons,Minor Injury,C
228860824,205288874,2024-11-24,Plano,TX0430600,13B,W,W,N,F,27,N,N,OK,Bar/Nightclub,Bar & Nightclub,Personal Weapons,,C
224856902,201782795,2024-11-25,Plano,TX0430600,13B,A,A,N,F,36,R,N,PA,Residence/Home,Home,Personal Weapons,Minor Injury,C
224856912,201782804,2024-11-25,Plano,TX0430600,13B,H,W,H,M,30,N,N,ST,Highway/Road/Alley/Street/Sidewalk,Street & Sidewalk,Personal Weapons,Minor Injury,C
224856921,201782810,2024-11-25,Plano,TX0430600,13B,W,W,N,M,43,R,N,OK,Residence/Home,Home,Personal Weapons,Minor Injury,C
226704862,203402080,2024-11-25,Plano,TX0430600,13B,W,W,N,M,78,R,N,PA,Residence/Home,Home,Personal Weapons,Minor Injury,C
224856961,201782846,2024-11-26,Plano,TX0430600,13B,A,A,N,M,17,R,N,EE,Restaurant,Restaurant,Personal Weapons,Minor Injury,C
228860830,205288880,2024-11-26,Plano,TX0430600,13B,W,W,N,M,29,R,N,ST,Department/Discount Store,Department Store,Personal Weapons,,C
224856976,201782858,2024-11-27,Plano,TX0430600,13B,H,W,H,M,65,R,N,SB,Residence/Home,Home,Personal Weapons,,C
226704919,203402129,2024-11-27,Plano,TX0430600,13B,W,W,N,F,34,R,Y,SE,Hotel/Motel/Etc.,Hotel & Motel,Personal Weapons,Minor Injury,C
224857004,201782885,2024-11-28,Plano,TX0430600,13B,H,W,H,M,69,R,N,PA,Residence/Home,Home,Personal Weapons,Minor Injury,C
228860838,205288887,2024-11-28,Plano,TX0430600,13B,W,W,N,M,46,R,Y,SE,Residence/Home,Home,Personal Weapons,Minor Injury,C
230628658,206826436,2024-11-28,Plano,TX0430600,13B,B,B,N,F,47,R,Y,BG,Residence/Home,Home,Personal Weapons,Minor Injury,C
224857019,201782899,2024-11-29,Plano,TX0430600,13B,B,B,N,F,32,R,N,ST,Parking/Drop Lot/Garage,Parking Lot,Personal Weapons,,C
228860839,205288888,2024-11-29,Plano,TX0430600,13B,H,W,H,F,29,R,Y,SE,Residence/Home,Home,Personal Weapons,Minor Injury,C
224857038,201782918,2024-11-30,Plano,TX0430600,13B,B,B,N,M,34,R,N,ST,Drug Store/Doctor's Office/Hospital,Hospital & Clinic,Personal Weapons,Minor Injury,C
224857039,201782918,2024-11-30,Plano,TX0430600,13B,B,B,N,M,27,N,N,ST,Drug Store/Doctor's Office/Hospital,Hospital & Clinic,Personal Weapons,,C
224857044,201782922,2024-11-30,Plano,TX0430600,13B,W,W,N,F,41,R,Y,XR,Residence/Home,Home,Personal Weapons,,C
228860845,205288894,2024-11-30,Plano,TX0430600,13B,W,W,N,M,28,R,Y,BG,Residence/Home,Home,Personal Weapons,Minor Injury,C
226705007,203402208,2024-12-01,Plano,TX0430600,13B,B,B,N,F,46,N,Y,BG,Drug Store/Doctor's Office/Hospital,Hospital & Clinic,Personal Weapons,Minor Injury,C
226705022,203402221,2024-12-01,Plano,TX0430600,13B,W,W,N,F,44,R,N,PA,Residence/Home,Home,Personal Weapons,Minor Injury,C
228860847,205288896,2024-12-01,Plano,TX0430600,13B,W,W,N,M,5,N,N,CH,Hotel/Motel/Etc.,Hotel & Motel,Personal Weapons,Minor Injury,C
228860854,205288903,2024-12-01,Plano,TX0430600,13B,H,W,H,M,25,N,Y,BG,Residence/Home,Home,Personal Weapons,Minor Injury,C
226705182,203402359,2024-12-02,Plano,TX0430600,13B,B,B,N,F,68,R,N,SB,Residence/Home,Home,Personal Weapons,Minor Injury,C
228860869,205288915,2024-12-02,Plano,TX0430600,13B,W,W,N,F,26,R,N,SB,Residence/Home,Home,Personal Weapons,Minor Injury,C
226705189,203402365,2024-12-03,Plano,TX0430600,13B,W,W,N,M,33,R,N,ST,Bar/Nightclub,Bar & Nightclub,Personal Weapons,Minor Injury,C
226705191,203402367,2024-12-03,Plano,TX0430600,13B,W,W,N,M,66,R,N,OK,Residence/Home,Home,Personal Weapons,,C
226705203,203402378,2024-12-03,Plano,TX0430600,13B,H,W,H,F,28,N,Y,XR,Parking/Drop Lot/Garage,Parking Lot,Personal Weapons,,C
226705240,203402403,2024-12-03,Plano,TX0430600,13B,B,B,N,F,76,R,N,OF,Residence/Home,Home,Personal Weapons,Minor Injury,C
226705241,203402403,2024-12-03,Plano,TX0430600,13B,B,B,N,F,17,R,N,OF,Residence/Home,Home,Personal Weapons,,C
226705280,203402438,2024-12-04,Plano,TX0430600,13B,B,B,N,F,77,R,N,PA,Residence/Home,Home,Personal Weapons,,C
228860882,205288928,2024-12-04,Plano,TX0430600,13B,H,W,H,F,55,R,Y,SE,Residence/Home,Home,Personal Weapons,Minor Injury,C
226705319,203402470,2024-12-05,Plano,TX0430600,13B,B,B,N,M,14,R,N,AQ;VO,School-Elementary/Secondary,K-12 School,Personal Weapons,,C
226705320,203402470,2024-12-05,Plano,TX0430600,13B,B,B,N,M,13,R,N,AQ;VO,School-Elementary/Secondary,K-12 School,Personal Weapons,,C
226705391,203402529,2024-12-05,Plano,TX0430600,13B,B,B,N,M,10,R,N,AQ,Parking/Drop Lot/Garage,Parking Lot,Personal Weapons,Minor Injury,C
228860893,205288936,2024-12-05,Plano,TX0430600,13B,W,W,N,F,36,R,N,ST,Department/Discount Store,Department Store,Personal Weapons,Minor Injury,C
228860896,205288938,2024-12-05,Plano,TX0430600,13B,B,B,N,F,35,R,N,OK,Hotel/Motel/Etc.,Hotel & Motel,Personal Weapons,Minor Injury,C
230628672,206826448,2024-12-05,Plano,TX0430600,13B,W,W,N,F,33,N,N,AQ,School-Elementary/Secondary,K-12 School,Personal Weapons,Minor Injury,C
230628673,206826448,2024-12-05,Plano,TX0430600,13B,W,W,N,F,32,N,N,AQ,School-Elementary/Secondary,K-12 School,Personal Weapons,Minor Injury,C
226705432,203402565,2024-12-06,Plano,TX0430600,13B,W,W,N,F,40,R,N,PA,Residence/Home,Home,Personal Weapons,Minor Injury,C
226705433,203402565,2024-12-06,Plano,TX0430600,13B,W,W,N,F,29,R,N,OF,Residence/Home,Home,Personal Weapons,,C
226705465,203402594,2024-12-06,Plano,TX0430600,13B,B,B,N,F,33,R,N,PA,Residence/Home,Home,Personal Weapons,,C
228860898,205288940,2024-12-06,Plano,TX0430600,13B,W,W,N,M,12,,N,AQ,School-Elementary/Secondary,K-12 School,Personal Weapons,Minor Injury,C
226705468,203402596,2024-12-07,Plano,TX0430600,13B,H,W,H,F,25,R,Y,XR,Residence/Home,Home,Personal Weapons,,C
228860955,205288987,2024-12-07,Plano,TX0430600,13B,H,W,H,F,52,R,N,ST,Parking/Drop Lot/Garage,Parking Lot,Personal Weapons,Minor Injury,C
230628685,206826456,2024-12-07,Plano,TX0430600,13B,W,W,N,F,32,U,N,ST,Drug Store/Doctor's Office/Hospital,Hospital & Clinic,Personal Weapons,,C
230628687,206826457,2024-12-07,Plano,TX0430600,13B,W,W,N,F,36,N,N,IL;SB,Residence/Home,Home,Personal Weapons,Minor Injury,C
226705608,203402711,2024-12-08,Plano,TX0430600,13B,H,W,H,M,36,N,N,ST,Hotel/Motel/Etc.,Hotel & Motel,Personal Weapons,,C
226705641,203402740,2024-12-08,Plano,TX0430600,13B,W,W,N,F,51,R,N,AQ,Parking/Drop Lot/Garage,Parking Lot,Personal Weapons,Minor Injury,C
226706319,203403271,2024-12-08,Plano,TX0430600,13B,W,W,N,F,21,R,Y,BG,Residence/Home,Home,Personal Weapons,,C
230628786,206826542,2024-12-08,Plano,TX0430600,13B,B,B,N,F,40,R,Y,XR,Residence/Home,Home,Personal Weapons,,C
226705651,203402749,2024-12-09,Plano,TX0430600,13B,B,B,N,F,27,R,Y,BG,Residence/Home,Home,Personal Weapons,Minor Injury,C
226705700,203402784,2024-12-09,Plano,TX0430600,13B,H,W,H,F,45,R,N,OK,Residence/Home,Home,Personal Weapons,,C
226705701,203402784,2024-12-09,Plano,TX0430600,13B,H,W,H,F,19,R,N,OK,Residence/Home,Home,Personal Weapons,,C
226705747,203402821,2024-12-09,Plano,TX0430600,13B,W,W,N,F,29,R,Y,BG,Residence/Home,Home,Personal Weapons,,C
226705756,203402829,2024-12-09,Plano,TX0430600,13B,W,W,N,M,62,R,N,SP,Hotel/Motel/Etc.,Hotel & Motel,Personal Weapons,Minor Injury,C
226705758,203402831,2024-12-09,Plano,TX0430600,13B,H,W,H,M,59,R,N,ST,Highway/Road/Alley/Street/Sidewalk,Street & Sidewalk,Personal Weapons,Minor Injury,C
226705778,203402847,2024-12-09,Plano,TX0430600,13B,H,W,H,F,33,R,Y,SE,Residence/Home,Home,Personal Weapons,Minor Injury,C
230628694,206826464,2024-12-09,Plano,TX0430600,13B,B,B,N,M,22,R,Y,BG,Residence/Home,Home,Personal Weapons,Minor Injury,C
230628698,206826467,2024-12-09,Plano,TX0430600,13B,W,W,N,F,42,R,N,PA,Residence/Home,Home,Personal Weapons,Minor Injury,C
230628699,206826468,2024-12-09,Plano,TX0430600,13B,A,A,N,M,44,R,Y,SE,Residence/Home,Home,Personal Weapons,Minor Injury,C
226705802,203402868,2024-12-10,Plano,TX0430600,13B,B,B,N,M,14,R,N,AQ;VO,School-Elementary/Secondary,K-12 School,Personal Weapons,,C
226705803,203402868,2024-12-10,Plano,TX0430600,13B,B,B,N,M,15,R,N,AQ;VO,School-Elementary/Secondary,K-12 School,Personal Weapons,,C
226705826,203402887,2024-12-10,Plano,TX0430600,13B,W,W,N,M,33,N,N,OK,School-Elementary/Secondary,K-12 School,Personal Weapons,Minor Injury,C
226705842,203402900,2024-12-10,Plano,TX0430600,13B,W,W,U,F,24,N,N,ST,Park/Playground,Park & Playground,Personal Weapons,,C
230628705,206826473,2024-12-10,Plano,TX0430600,13B,A,A,N,F,23,R,N,SB,Residence/Home,Home,Personal Weapons,Minor Injury,C
226705896,203402943,2024-12-11,Plano,TX0430600,13B,B,B,N,F,35,R,Y,BG,Residence/Home,Home,Personal Weapons,,C
226706075,203403073,2024-12-11,Plano,TX0430600,13B,B,B,N,M,16,R,Y,BG,School-Elementary/Secondary,K-12 School,Personal Weapons,Minor Injury,C
226706077,203403075,2024-12-11,Plano,TX0430600,13B,B,B,N,M,18,R,Y,BG,Residence/Home,Home,Personal Weapons,,C
226706086,203403082,2024-12-11,Plano,TX0430600,13B,W,W,N,F,35,R,Y,BG,Residence/Home,Home,Personal Weapons,Minor Injury,C
226706097,203403091,2024-12-11,Plano,TX0430600,13B,H,W,H,F,33,N,Y,BG,Parking/Drop Lot/Garage,Parking Lot,Personal Weapons,Minor Injury,C
228860981,205289009,2024-12-11,Plano,TX0430600,13B,B,B,N,M,19,N,N,ST,Drug Store/Doctor's Office/Hospital,Hospital & Clinic,Personal Weapons,,C
230628706,206826474,2024-12-11,Plano,TX0430600,13B,H,W,H,M,41,N,N,ST,Hotel/Motel/Etc.,Hotel & Motel,Personal Weapons,Minor Injury,C
230628707,206826475,2024-12-11,Plano,TX0430600,13B,W,W,N,M,33,R,Y,XR,Residence/Home,Home,Personal Weapons,Minor Injury,C
230628710,206826478,2024-12-11,Plano,TX0430600,13B,A,A,N,F,40,R,Y,SE,Residence/Home,Home,Personal Weapons,Minor Injury,C
226706116,203403104,2024-12-12,Plano,TX0430600,13B,A,A,N,F,41,R,N,PA,Residence/Home,Home,Personal Weapons,Minor Injury,C
226706210,203403184,2024-12-12,Plano,TX0430600,13B,W,W,N,F,42,N,N,SP,Parking/Drop Lot/Garage,Parking Lot,Personal Weapons,Minor Injury,C
226706810,203403686,2024-12-12,Plano,TX0430600,13B,H,W,H,M,49,R,Y,SE,Residence/Home,Home,Personal Weapons,,C
228860974,205289003,2024-12-12,Plano,TX0430600,13B,W,W,N,M,31,R,N,ST,Parking/Drop Lot/Garage,Parking Lot,Personal Weapons,Minor Injury,C
230628723,206826487,2024-12-12,Plano,TX0430600,13B,H,W,H,M,25,R,Y,SE,Residence/Home,Home,Personal Weapons,,C
226706249,203403213,2024-12-13,Plano,TX0430600,13B,W,W,N,M,43,N,N,ST,Parking/Drop Lot/Garage,Parking Lot,Personal Weapons,,C
226706283,203403242,2024-12-13,Plano,TX0430600,13B,W,W,N,F,20,,N,ST,Drug Store/Doctor's Office/Hospital,Hospital & Clinic,Personal Weapons,,C
226706341,203403291,2024-12-14,Plano,TX0430600,13B,W,W,N,F,32,R,N,ST,Parking/Drop Lot/Garage,Parking Lot,Personal Weapons,Minor Injury,C
226706380,203403328,2024-12-14,Plano,TX0430600,13B,B,B,N,F,21,R,N,CH,Residence/Home,Home,Personal Weapons,,C
228860985,205289013,2024-12-14,Plano,TX0430600,13B,H,W,H,F,23,N,Y,XR,Hotel/Motel/Etc.,Hotel & Motel,Personal Weapons,Minor Injury,C
228860986,205289013,2024-12-14,Plano,TX0430600,13B,H,W,H,M,24,N,N,OK,Hotel/Motel/Etc.,Hotel & Motel,Personal Weapons,Minor Injury,C
228860994,205289021,2024-12-15,Plano,TX0430600,13B,H,W,H,F,26,N,N,FR,Residence/Home,Home,Personal Weapons,,C
228861000,205289027,2024-12-15,Plano,TX0430600,13B,H,W,H,F,19,N,Y,BG,Highway/Road/Alley/Street/Sidewalk,Street & Sidewalk,Personal Weapons,,C
226706478,203403416,2024-12-16,Plano,TX0430600,13B,W,W,N,F,39,N,N,OK,Drug Store/Doctor's Office/Hospital,Hospital & Clinic,Personal Weapons,,C
226706524,203403452,2024-12-16,Plano,TX0430600,13B,H,W,H,M,17,R,N,AQ;VO,School-Elementary/Secondary,K-12 School,Personal Weapons,,C
226706525,203403452,2024-12-16,Plano,TX0430600,13B,H,W,H,M,16,R,N,AQ;VO,School-Elementary/Secondary,K-12 School,Personal Weapons,,C
228861024,205289041,2024-12-16,Plano,TX0430600,13B,A,A,N,M,19,N,N,OK,Other/Unknown,Other & Unknown,Personal Weapons,,C
230628752,206826516,2024-12-16,Plano,TX0430600,13B,W,W,N,F,72,R,N,NE,Residence/Home,Home,Personal Weapons,Minor Injury,C
230628759,206826523,2024-12-16,Plano,TX0430600,13B,W,W,N,F,25,R,N,SB,Residence/Home,Home,Personal Weapons,Minor Injury,C
230628760,206826524,2024-12-17,Plano,TX0430600,13B,W,W,N,F,37,R,Y,SE,Residence/Home,Home,Personal Weapons,Minor Injury,C
230628761,206826524,2024-12-17,Plano,TX0430600,13B,W,W,N,F,15,R,N,SC,Residence/Home,Home,Personal Weapons,Minor Injury,C
228861038,205289053,2024-12-18,Plano,TX0430600,13B,H,B,H,F,25,R,Y,BG,Residence/Home,Home,Personal Weapons,Minor Injury,C
230628769,206826529,2024-12-18,Plano,TX0430600,13B,A,A,N,F,29,R,N,CH,Residence/Home,Home,Personal Weapons,Minor Injury,C
230628770,206826530,2024-12-18,Plano,TX0430600,13B,H,B,H,F,20,R,Y,BG,Residence/Home,Home,Personal Weapons,Minor Injury,C
226706748,203403634,2024-12-19,Plano,TX0430600,13B,W,W,N,F,37,R,N,PA,Residence/Home,Home,Personal Weapons,,C
226706759,203403644,2024-12-19,Plano,TX0430600,13B,B,B,N,F,31,R,Y,XR,Daycare Facility,Daycare Facility,Personal Weapons,,C
226706767,203403651,2024-12-19,Plano,TX0430600,13B,B,B,N,M,58,N,N,ST,Highway/Road/Alley/Street/Sidewalk,Street & Sidewalk,Personal Weapons,,C
226706769,203403653,2024-12-19,Plano,TX0430600,13B,H,W,H,M,40,N,N,ST,Residence/Home,Home,Personal Weapons,,C
226706776,203403660,2024-12-19,Plano,TX0430600,13B,W,W,N,F,64,R,N,GP,Residence/Home,Home,Personal Weapons,Minor Injury,C
228861114,205289117,2024-12-19,Plano,TX0430600,13B,A,A,N,F,48,R,Y,BG,Residence/Home,Home,Personal Weapons,Minor Injury,C
230628798,206826552,2024-12-21,Plano,TX0430600,13B,B,B,N,F,18,N,N,OK,Residence/Home,Home,Personal Weapons,Minor Injury,C
230628799,206826553,2024-12-22,Plano,TX0430600,13B,W,W,N,M,18,R,N,CH,Residence/Home,Home,Personal Weapons,Minor Injury,C
230629968,206827539,2024-12-23,Plano,TX0430600,13B,B,B,N,F,16,R,N,AQ,Field/Woods,Field & Woods,Personal Weapons,Minor Injury,C
226707112,203403943,2024-12-24,Plano,TX0430600,13B,H,W,H,M,28,R,N,OF,Residence/Home,Home,Personal Weapons,Minor Injury,C
228861101,205289106,2024-12-24,Plano,TX0430600,13B,H,W,H,M,38,R,N,ST,Parking/Drop Lot/Garage,Parking Lot,Personal Weapons,Minor Injury,C
230628825,206826571,2024-12-24,Plano,TX0430600,13B,W,W,N,F,22,R,Y,BG,Residence/Home,Home,Personal Weapons,Minor Injury,C
226707232,203404044,2024-12-25,Plano,TX0430600,13B,B,B,N,M,37,R,Y,BG,Residence/Home,Home,Personal Weapons,,C
228861117,205289120,2024-12-25,Plano,TX0430600,13B,B,B,N,F,33,N,Y,XR,Residence/Home,Home,Personal Weapons,,C
228861120,205289122,2024-12-25,Plano,TX0430600,13B,B,B,N,F,38,N,N,ST,Convenience Store,Convenience Store,Personal Weapons,,C
228861867,205289784,2024-12-25,Plano,TX0430600,13B,W,W,N,F,28,N,Y,SE,Highway/Road/Alley/Street/Sidewalk,Street & Sidewalk,Personal Weapons,Minor Injury,C
230628807,206826559,2024-12-25,Plano,TX0430600,13B,W,W,N,M,30,R,Y,CS;VO,Residence/Home,Home,Personal Weapons,Minor Injury,C
230628808,206826559,2024-12-25,Plano,TX0430600,13B,W,W,N,F,29,R,Y,CS;VO,Residence/Home,Home,Personal Weapons,,C
230628809,206826560,2024-12-25,Plano,TX0430600,13B,H,W,H,F,38,R,Y,SE,Highway/Road/Alley/Street/Sidewalk,Street & Sidewalk,Personal Weapons,Minor Injury,C
230628810,206826560,2024-12-25,Plano,TX0430600,13B,W,W,N,M,24,N,N,ST,Highway/Road/Alley/Street/Sidewalk,Street & Sidewalk,Personal Weapons,,C
226707235,203404047,2024-12-26,Plano,TX0430600,13B,B,B,N,F,34,R,N,SB,Residence/Home,Home,Personal Weapons,Minor Injury,C
226707275,203404085,2024-12-26,Plano,TX0430600,13B,W,W,N,F,25,N,Y,XR,Hotel/Motel/Etc.,Hotel & Motel,Personal Weapons,Minor Injury,C
228861132,205289132,2024-12-26,Plano,TX0430600,13B,W,W,N,F,12,N,N,ST,Department/Discount Store,Department Store,Personal Weapons,,C
228861135,205289135,2024-12-27,Plano,TX0430600,13B,H,W,H,F,46,R,N,PA,Residence/Home,Home,Personal Weapons,Minor Injury,C
226707330,203404131,2024-12-28,Plano,TX0430600,13B,B,B,N,F,26,R,N,CH,Residence/Home,Home,Personal Weapons,Minor Injury,C
226707331,203404131,2024-12-28,Plano,TX0430600,13B,B,B,N,M,28,R,N,CH,Residence/Home,Home,Personal Weapons,Minor Injury,C
226707371,203404168,2024-12-28,Plano,TX0430600,13B,W,W,N,M,31,N,N,OF,Residence/Home,Home,Personal Weapons,,C
226707372,203404169,2024-12-28,Plano,TX0430600,13B,W,W,N,M,51,R,Y,SE,Residence/Home,Home,Personal Weapons,Minor Injury,C
230628821,206826567,2024-12-28,Plano,TX0430600,13B,B,B,N,F,31,R,Y,XR,Residence/Home,Home,Personal Weapons,Minor Injury,C
230628823,206826569,2024-12-28,Plano,TX0430600,13B,H,W,H,F,40,R,Y,XR,Residence/Home,Home,Personal Weapons,,C
230628830,206826576,2024-12-28,Plano,TX0430600,13B,W,W,N,M,58,R,N,ST,Highway/Road/Alley/Street/Sidewalk,Street & Sidewalk,Personal Weapons,Minor Injury,C
226707426,203404214,2024-12-29,Plano,TX0430600,13B,H,W,H,F,27,R,Y,BG,Residence/Home,Home,Personal Weapons,Minor Injury,C
228861156,205289156,2024-12-29,Plano,TX0430600,13B,H,W,H,F,29,R,N,NE,Residence/Home,Home,Personal Weapons,Minor Injury,C
230628831,206826577,2024-12-29,Plano,TX0430600,13B,W,W,N,F,35,R,Y,BG,Residence/Home,Home,Personal Weapons,Minor Injury,C
230628834,206826580,2024-12-29,Plano,TX0430600,13B,B,B,N,F,27,N,Y,XR,Parking/Drop Lot/Garage,Parking Lot,Personal Weapons,,C
230628837,206826583,2024-12-29,Plano,TX0430600,13B,H,W,H,M,34,N,N,ST,Parking/Drop Lot/Garage,Parking Lot,Personal Weapons,Minor Injury,C
228861174,205289173,2024-12-30,Plano,TX0430600,13B,W,W,N,F,85,R,Y,SE,Residence/Home,Home,Personal Weapons,Minor Injury,C
228861180,205289179,2024-12-30,Plano,TX0430600,13B,H,W,H,M,44,U,N,AQ,Highway/Road/Alley/Street/Sidewalk,Street & Sidewalk,Personal Weapons,Minor Injury,C
230628838,206826584,2024-12-30,Plano,TX0430600,13B,W,W,N,F,19,R,N,SB,Residence/Home,Home,Personal Weapons,Minor Injury,C
226707588,203404363,2024-12-31,Plano,TX0430600,13B,B,B,N,F,23,N,N,ST,Restaurant,Restaurant,Personal Weapons,,C
230628840,206826586,2024-12-31,Plano,TX0430600,13B,B,B,N,M,15,R,N,CH,Residence/Home,Home,Personal Weapons,Minor Injury,C
230628845,206826590,2024-12-31,Plano,TX0430600,13B,W,W,N,F,17,R,Y,BG,Residence/Home,Home,Personal Weapons,Minor Injury,C
228861224,205289218,2025-01-01,Plano,TX0430600,13B,A,A,N,F,36,R,Y,SE,Residence/Home,Home,Personal Weapons,,C
228861360,205289339,2025-01-01,Plano,TX0430600,13B,H,W,H,M,18,N,N,ST,Restaurant,Restaurant,Personal Weapons,,C
230628848,206826593,2025-01-01,Plano,TX0430600,13B,H,W,H,F,29,R,N,OK,Residence/Home,Home,Personal Weapons,Minor Injury,C
234496783,210206488,2025-01-01,Plano,TX0430600,13B,H,W,H,M,59,N,N,ST,Highway/Road/Alley/Street/Sidewalk,Street & Sidewalk,Personal Weapons,Minor Injury,C
237938890,213215462,2025-01-01,Plano,TX0430600,13B,W,W,N,F,36,R,Y,BG,Residence/Home,Home,Personal Weapons,Minor Injury,C
239750933,214801329,2025-01-01,Plano,TX0430600,13B,W,W,N,F,41,R,Y,BG,Residence/Home,Home,Personal Weapons,Minor Injury,C
228861277,205289267,2025-01-03,Plano,TX0430600,13B,A,A,N,F,38,R,N,OK,Parking/Drop Lot/Garage,Parking Lot,Personal Weapons,Minor Injury,C
228861308,205289293,2025-01-03,Plano,TX0430600,13B,B,B,N,F,51,N,Y,BG,Hotel/Motel/Etc.,Hotel & Motel,Personal Weapons,Minor Injury,C
237938713,213215309,2025-01-03,Plano,TX0430600,13B,A,A,N,F,46,R,N,NE,Residence/Home,Home,Personal Weapons,Minor Injury,C
230628858,206826603,2025-01-04,Plano,TX0430600,13B,W,W,N,M,50,R,Y,BG,Residence/Home,Home,Personal Weapons,Minor Injury,C
233037585,208937747,2025-01-04,Plano,TX0430600,13B,W,W,N,M,25,N,N,ST,Bar/Nightclub,Bar & Nightclub,Personal Weapons,Minor Injury,C
233037589,208937751,2025-01-04,Plano,TX0430600,13B,B,B,N,F,37,R,N,OK,Residence/Home,Home,Personal Weapons,Minor Injury,C
228861346,205289327,2025-01-05,Plano,TX0430600,13B,A,A,N,F,33,R,Y,SE,Residence/Home,Home,Personal Weapons,,C
228861369,205289348,2025-01-05,Plano,TX0430600,13B,W,W,N,M,33,R,N,OK,Residence/Home,Home,Personal Weapons,,C
228861373,205289351,2025-01-05,Plano,TX0430600,13B,W,W,N,F,20,R,Y,BG,Residence/Home,Home,Personal Weapons,,C
233037598,208937758,2025-01-05,Plano,TX0430600,13B,B,B,N,M,20,R,N,ST,Restaurant,Restaurant,Personal Weapons,,C
233037601,208937761,2025-01-05,Plano,TX0430600,13B,A,A,N,M,37,R,Y,CS,Residence/Home,Home,Personal Weapons,,C
228861400,205289377,2025-01-06,Plano,TX0430600,13B,A,A,N,M,22,R,N,OK,Residence/Home,Home,Personal Weapons,Minor Injury,C
228861410,205289385,2025-01-06,Plano,TX0430600,13B,B,B,N,M,56,R,N,FR;ST;VO,Parking/Drop Lot/Garage,Parking Lot,Personal Weapons,,C
228861411,205289385,2025-01-06,Plano,TX0430600,13B,H,W,H,M,32,N,N,ST;VO,Parking/Drop Lot/Garage,Parking Lot,Personal Weapons,,C
228861412,205289385,2025-01-06,Plano,TX0430600,13B,W,W,N,M,48,U,N,FR;ST;VO,Parking/Drop Lot/Garage,Parking Lot,Personal Weapons,,C
233037623,208937782,2025-01-06,Plano,TX0430600,13B,W,W,N,M,49,R,Y,BG,Residence/Home,Home,Personal Weapons,Minor Injury,C
233037631,208937790,2025-01-06,Plano,TX0430600,13B,H,W,H,M,31,N,N,AQ,Residence/Home,Home,Personal Weapons,,C
233037724,208937873,2025-01-06,Plano,TX0430600,13B,W,W,N,F,64,R,N,PA,Residence/Home,Home,Personal Weapons,Minor Injury,C
234496790,210206494,2025-01-06,Plano,TX0430600,13B,W,W,N,M,49,N,N,SB,Hotel/Motel/Etc.,Hotel & Motel,Personal Weapons,Minor Injury,C
228861448,205289413,2025-01-07,Plano,TX0430600,13B,H,W,H,M,26,N,Y,XR,Hotel/Motel/Etc.,Hotel & Motel,Personal Weapons,Minor Injury,C
228861449,205289414,2025-01-07,Plano,TX0430600,13B,W,W,N,F,19,R,N,AQ,Department/Discount Store,Department Store,Personal Weapons,,C
228861451,205289416,2025-01-07,Plano,TX0430600,13B,W,W,N,F,35,R,Y,XR,School-Elementary/Secondary,K-12 School,Personal Weapons,,C
233037628,208937787,2025-01-07,Plano,TX0430600,13B,W,W,N,F,26,R,Y,XR,Residence/Home,Home,Personal Weapons,Minor Injury,C
239750630,214801056,2025-01-07,Plano,TX0430600,13B,A,A,N,M,11,N,N,ST,Parking/Drop Lot/Garage,Parking Lot,Personal Weapons,Minor Injury,C
228861486,205289449,2025-01-08,Plano,TX0430600,13B,H,W,H,M,16,R,N,SB,Residence/Home,Home,Personal Weapons,Minor Injury,C
228861490,205289453,2025-01-08,Plano,TX0430600,13B,W,W,N,M,68,N,N,ST,Parking/Drop Lot/Garage,Parking Lot,Personal Weapons,,C
230628884,206826627,2025-01-08,Plano,TX0430600,13B,A,A,N,M,44,R,N,AQ,Residence/Home,Home,Personal Weapons,,C
228861528,205289488,2025-01-10,Plano,TX0430600,13B,W,W,N,M,80,R,N,PA,Residence/Home,Home,Personal Weapons,Minor Injury,C
228861529,205289489,2025-01-10,Plano,TX0430600,13B,W,W,N,F,57,R,N,IL,Residence/Home,Home,Personal Weapons,,C
233037674,208937831,2025-01-10,Plano,TX0430600,13B,H,W,H,M,24,R,Y,BG,Residence/Home,Home,Personal Weapons,Minor Injury,C
230628896,206826638,2025-01-11,Plano,TX0430600,13B,W,W,N,F,31,R,Y,BG,Residence/Home,Home,Personal Weapons,,C
230628905,206826646,2025-01-12,Plano,TX0430600,13B,W,W,N,F,20,R,Y,BG,Residence/Home,Home,Personal Weapons,,C
230629409,206827069,2025-01-12,Plano,TX0430600,13B,W,W,N,M,21,N,N,CH;SB,Residence/Home,Home,Personal Weapons,,C
233037700,208937855,2025-01-12,Plano,TX0430600,13B,B,B,N,M,55,R,N,NE,Highway/Road/Alley/Street/Sidewalk,Street & Sidewalk,Personal Weapons,Minor Injury,C
236145354,211651744,2025-01-12,Plano,TX0430600,13B,A,A,N,M,40,N,Y,BG,Residence/Home,Home,Personal Weapons,,C
228861566,205289521,2025-01-13,Plano,TX0430600,13B,W,W,N,F,37,R,N,PA,Residence/Home,Home,Personal Weapons,Minor Injury,C
228861605,205289555,2025-01-13,Plano,TX0430600,13B,W,W,N,M,5,R,N,OK,Park/Playground,Park & Playground,Personal Weapons,Minor Injury,C
228861606,205289555,2025-01-13,Plano,TX0430600,13B,W,W,N,F,41,R,N,OK,Park/Playground,Park & Playground,Personal Weapons,,C
228861590,205289543,2025-01-14,Plano,TX0430600,13B,B,B,N,M,23,R,N,SB;VO,Residence/Home,Home,Personal Weapons,Minor Injury,C
228861591,205289543,2025-01-14,Plano,TX0430600,13B,B,B,N,M,26,R,N,SB;VO,Residence/Home,Home,Personal Weapons,Minor Injury,C
228861768,205289693,2025-01-14,Plano,TX0430600,13B,W,W,N,M,6,R,N,OK,School-Elementary/Secondary,K-12 School,Personal Weapons,Minor Injury,C
230628917,206826656,2025-01-14,Plano,TX0430600,13B,W,W,N,F,49,R,Y,BG,Residence/Home,Home,Personal Weapons,Minor Injury,C
234496811,210206514,2025-01-14,Plano,TX0430600,13B,B,B,N,F,12,R,N,AQ,School-Elementary/Secondary,K-12 School,Personal Weapons,Minor Injury,C
228861688,205289624,2025-01-16,Plano,TX0430600,13B,H,W,H,F,31,R,Y,BG,Residence/Home,Home,Personal Weapons,Minor Injury,C
228861689,205289624,2025-01-16,Plano,TX0430600,13B,H,W,H,F,17,R,N,SC,Residence/Home,Home,Personal Weapons,Minor Injury,C
228861775,205289700,2025-01-16,Plano,TX0430600,13B,W,W,N,F,21,N,N,ST,Restaurant,Restaurant,Personal Weapons,,C
233037766,208937907,2025-01-16,Plano,TX0430600,13B,W,W,N,M,38,R,Y,SE,Residence/Home,Home,Personal Weapons,Minor Injury,C
228861718,205289650,2025-01-17,Plano,TX0430600,13B,H,W,H,F,14,R,N,OK;VO,School-Elementary/Secondary,K-12 School,Personal Weapons,Minor Injury,C
228861719,205289650,2025-01-17,Plano,TX0430600,13B,A,A,N,F,15,R,N,OK;VO,School-Elementary/Secondary,K-12 School,Personal Weapons,Minor Injury,C
228861744,205289673,2025-01-18,Plano,TX0430600,13B,B,B,N,M,54,N,Y,VO;XR,Parking/Drop Lot/Garage,Parking Lot,Personal Weapons,,C
228861745,205289673,2025-01-18,Plano,TX0430600,13B,B,B,N,F,43,R,Y,VO;XR,Parking/Drop Lot/Garage,Parking Lot,Personal Weapons,Minor Injury,C
228861755,205289683,2025-01-18,Plano,TX0430600,13B,B,B,N,F,28,N,Y,BG,Residence/Home,Home,Personal Weapons,Minor Injury,C
233037800,208937939,2025-01-18,Plano,TX0430600,13B,B,B,N,F,31,N,Y,BG;OK,Hotel/Motel/Etc.,Hotel & Motel,Personal Weapons,Minor Injury,C
252533594,225959950,2025-01-18,Plano,TX0430600,13B,B,B,N,M,44,N,N,OK;VO,Residence/Home,Home,Personal Weapons,,C
237938758,213215346,2025-01-19,Plano,TX0430600,13B,H,W,H,F,30,R,N,ST,Grocery/Supermarket,Grocery Store,Personal Weapons,,C
233037809,208937948,2025-01-20,Plano,TX0430600,13B,W,W,N,F,76,R,Y,SE,Residence/Home,Home,Personal Weapons,Minor Injury,C
228861783,205289708,2025-01-21,Plano,TX0430600,13B,B,B,N,M,45,R,Y,SE,Residence/Home,Home,Personal Weapons,,C
230628987,206826717,2025-01-21,Plano,TX0430600,13B,B,B,N,F,46,R,Y,SE,Residence/Home,Home,Personal Weapons,Minor Injury,C
230628988,206826717,2025-01-21,Plano,TX0430600,13B,B,B,N,F,25,R,N,SC,Residence/Home,Home,Personal Weapons,Minor Injury,C
230628989,206826718,2025-01-21,Plano,TX0430600,13B,H,W,H,F,46,R,Y,XR,Residence/Home,Home,Personal Weapons,Minor Injury,C
230628996,206826724,2025-01-21,Plano,TX0430600,13B,B,B,N,M,17,R,N,AQ,School-Elementary/Secondary,K-12 School,Personal Weapons,,C
234496834,210206535,2025-01-21,Plano,TX0430600,13B,A,A,N,F,39,N,N,EE,Drug Store/Doctor's Office/Hospital,Hospital & Clinic,Personal Weapons,,C
237938760,213215348,2025-01-21,Plano,TX0430600,13B,W,W,N,F,24,R,Y,XR,Residence/Home,Home,Personal Weapons,Minor Injury,C
228861834,205289753,2025-01-22,Plano,TX0430600,13B,B,B,N,F,52,N,N,PA,Parking/Drop Lot/Garage,Parking Lot,Personal Weapons,,C
228861949,205289852,2025-01-22,Plano,TX0430600,13B,B,B,N,F,46,N,Y,XR,Residence/Home,Home,Personal Weapons,Minor Injury,C
243225318,217829277,2025-01-22,Plano,TX0430600,13B,W,W,N,M,41,R,Y,XR,Residence/Home,Home,Personal Weapons,,C
246876348,221026673,2025-01-22,Plano,TX0430600,13B,B,B,N,F,18,R,N,AQ,School-Elementary/Secondary,K-12 School,Personal Weapons,,C
233037840,208937975,2025-01-23,Plano,TX0430600,13B,W,W,N,M,42,R,Y,BG,Hotel/Motel/Etc.,Hotel & Motel,Personal Weapons,Minor Injury,C
233037846,208937979,2025-01-23,Plano,TX0430600,13B,B,B,N,M,48,R,Y,XR,Residence/Home,Home,Personal Weapons,,C
233037848,208937981,2025-01-23,Plano,TX0430600,13B,B,B,N,M,26,R,Y,SE,Residence/Home,Home,Personal Weapons,Minor Injury,C
234496836,210206537,2025-01-23,Plano,TX0430600,13B,B,B,N,M,15,R,N,AQ,School-Elementary/Secondary,K-12 School,Personal Weapons,Minor Injury,C
228861855,205289773,2025-01-24,Plano,TX0430600,13B,H,W,H,M,13,R,N,CH,Residence/Home,Home,Personal Weapons,Minor Injury,C
228861859,205289777,2025-01-24,Plano,TX0430600,13B,H,W,H,F,27,N,N,ST,Drug Store/Doctor's Office/Hospital,Hospital & Clinic,Personal Weapons,,C
230629014,206826741,2025-01-24,Plano,TX0430600,13B,H,W,H,F,40,R,Y,SE;VO,Residence/Home,Home,Personal Weapons,Minor Injury,C
230629015,206826741,2025-01-24,Plano,TX0430600,13B,H,W,H,M,41,R,Y,SE;VO,Residence/Home,Home,Personal Weapons,Minor Injury,C
233037852,208937985,2025-01-24,Plano,TX0430600,13B,H,W,H,M,24,N,N,OK,Parking/Drop Lot/Garage,Parking Lot,Personal Weapons,Minor Injury,C
252534737,225960917,2025-01-24,Plano,TX0430600,13B,W,W,N,F,39,R,Y,SE,Residence/Home,Home,Personal Weapons,Minor Injury,C
228861892,205289805,2025-01-25,Plano,TX0430600,13B,B,B,N,F,32,R,N,OK,Residence/Home,Home,Personal Weapons,,C
228861905,205289816,2025-01-25,Plano,TX0430600,13B,W,W,N,F,51,R,Y,BG;VO,Residence/Home,Home,Personal Weapons,Minor Injury,C
228861906,205289816,2025-01-25,Plano,TX0430600,13B,H,W,H,M,58,R,Y,BG;VO,Residence/Home,Home,Personal Weapons,,C
230629019,206826745,2025-01-25,Plano,TX0430600,13B,H,W,H,M,51,U,N,ST;VO,Other/Unknown,Other & Unknown,Personal Weapons,Minor Injury,C
230629020,206826745,2025-01-25,Plano,TX0430600,13B,B,B,N,M,36,U,N,ST;VO,Other/Unknown,Other & Unknown,Personal Weapons,,C
230629024,206826749,2025-01-25,Plano,TX0430600,13B,W,W,N,M,58,R,N,ST,Parking/Drop Lot/Garage,Parking Lot,Personal Weapons,Minor Injury,C
233037862,208937994,2025-01-25,Plano,TX0430600,13B,H,W,H,F,32,N,Y,XR,Parking/Drop Lot/Garage,Parking Lot,Personal Weapons,Minor Injury,C
236145351,211651741,2025-01-25,Plano,TX0430600,13B,A,A,N,M,37,N,N,ST,Convenience Store,Convenience Store,Personal Weapons,,C
252533597,225959952,2025-01-25,Plano,TX0430600,13B,A,A,U,F,10,N,N,OK,Government/Public Building,Government Building,Personal Weapons,,C
252533598,225959952,2025-01-25,Plano,TX0430600,13B,A,A,N,F,10,N,N,OK,Government/Public Building,Government Building,Personal Weapons,,C
252533599,225959952,2025-01-25,Plano,TX0430600,13B,A,A,N,F,10,R,N,OK,Government/Public Building,Government Building,Personal Weapons,,C
252533600,225959952,2025-01-25,Plano,TX0430600,13B,A,A,N,F,10,N,N,OK,Government/Public Building,Government Building,Personal Weapons,,C
228861931,205289836,2025-01-26,Plano,TX0430600,13B,W,W,N,M,63,R,N,OK;VO,Residence/Home,Home,Personal Weapons,,C
228861932,205289836,2025-01-26,Plano,TX0430600,13B,W,W,N,M,22,R,N,OK;VO,Residence/Home,Home,Personal Weapons,,C
230629030,206826754,2025-01-26,Plano,TX0430600,13B,H,W,H,F,26,R,Y,BG,Residence/Home,Home,Personal Weapons,Minor Injury,C
233037878,208938009,2025-01-26,Plano,TX0430600,13B,B,B,N,M,26,R,Y,BG,Residence/Home,Home,Personal Weapons,Minor Injury,C
228861936,205289840,2025-01-27,Plano,TX0430600,13B,H,W,H,M,21,R,Y,VO;XR,Residence/Home,Home,Personal Weapons,Minor Injury,C
228861937,205289840,2025-01-27,Plano,TX0430600,13B,B,B,N,F,22,R,Y,VO;XR,Residence/Home,Home,Personal Weapons,Minor Injury,C
228862038,205289921,2025-01-27,Plano,TX0430600,13B,B,B,N,F,21,N,Y,BG,Residence/Home,Home,Personal Weapons,Minor Injury,C
228861998,205289887,2025-01-28,Plano,TX0430600,13B,B,B,N,F,20,N,Y,BG,Parking/Drop Lot/Garage,Parking Lot,Personal Weapons,,C
230629053,206826772,2025-01-28,Plano,TX0430600,13B,B,B,N,F,14,N,N,AQ;VO,School-Elementary/Secondary,K-12 School,Personal Weapons,,C
230629054,206826772,2025-01-28,Plano,TX0430600,13B,B,B,N,F,16,N,N,AQ;VO,School-Elementary/Secondary,K-12 School,Personal Weapons,,C
230629055,206826772,2025-01-28,Plano,TX0430600,13B,B,B,N,F,16,R,N,AQ;VO,School-Elementary/Secondary,K-12 School,Personal Weapons,,C
230629056,206826772,2025-01-28,Plano,TX0430600,13B,B,B,N,F,15,N,N,AQ;VO,School-Elementary/Secondary,K-12 School,Personal Weapons,,C
230629057,206826772,2025-01-28,Plano,TX0430600,13B,B,B,N,F,14,R,N,AQ;VO,School-Elementary/Secondary,K-12 School,Personal Weapons,,C
230629088,206826797,2025-01-28,Plano,TX0430600,13B,H,W,H,F,15,N,N,AQ,Highway/Road/Alley/Street/Sidewalk,Street & Sidewalk,Personal Weapons,Minor Injury,C
233037896,208938025,2025-01-28,Plano,TX0430600,13B,W,W,N,F,69,R,N,PA,Residence/Home,Home,Personal Weapons,Minor Injury,C
233037926,208938050,2025-01-28,Plano,TX0430600,13B,B,B,N,F,25,N,N,EE,Other/Unknown,Other & Unknown,Personal Weapons,,C
228862008,205289895,2025-01-29,Plano,TX0430600,13B,W,W,N,F,60,R,N,AQ,School-Elementary/Secondary,K-12 School,Personal Weapons,,C
230629075,206826786,2025-01-29,Plano,TX0430600,13B,B,B,N,F,21,R,Y,BG,Residence/Home,Home,Personal Weapons,Minor Injury,C
230629076,206826787,2025-01-29,Plano,TX0430600,13B,W,W,N,F,12,R,N,AQ,School-Elementary/Secondary,K-12 School,Personal Weapons,Minor Injury,C
234496852,210206549,2025-01-29,Plano,TX0430600,13B,H,W,H,F,15,R,N,OK,School-Elementary/Secondary,K-12 School,Personal Weapons,Minor Injury,C
230629086,206826795,2025-01-30,Plano,TX0430600,13B,W,W,N,F,29,R,Y,BG,Residence/Home,Home,Personal Weapons,Minor Injury,C
228862070,205289949,2025-01-31,Plano,TX0430600,13B,B,B,N,F,17,R,N,SB,Residence/Home,Home,Personal Weapons,Minor Injury,C
234496860,210206556,2025-01-31,Plano,TX0430600,13B,B,B,N,M,22,N,Y,BG;OK,Residence/Home,Home,Personal Weapons,Minor Injury,C
234496861,210206556,2025-01-31,Plano,TX0430600,13B,B,B,N,F,16,R,N,SB,Residence/Home,Home,Personal Weapons,Minor Injury,C
234496862,210206556,2025-01-31,Plano,TX0430600,13B,B,B,N,F,17,R,N,SB,Residence/Home,Home,Personal Weapons,Minor Injury,C
230629112,206826817,2025-02-01,Plano,TX0430600,13B,B,B,N,F,39,R,Y,BG,Residence/Home,Home,Personal Weapons,,C
230629115,206826820,2025-02-01,Plano,TX0430600,13B,W,W,N,M,30,N,Y,BG,Highway/Road/Alley/Street/Sidewalk,Street & Sidewalk,Personal Weapons,Minor Injury,C
233037963,208938082,2025-02-01,Plano,TX0430600,13B,B,B,N,F,53,R,N,IL,Residence/Home,Home,Personal Weapons,Minor Injury,C
234496866,210206559,2025-02-01,Plano,TX0430600,13B,W,W,N,F,17,R,Y,BG,Parking/Drop Lot/Garage,Parking Lot,Personal Weapons,Minor Injury,C
237938780,213215366,2025-02-01,Plano,TX0430600,13B,B,B,N,F,24,N,Y,BG,Hotel/Motel/Etc.,Hotel & Motel,Personal Weapons,Minor Injury,C
241482347,216312358,2025-02-01,Plano,TX0430600,13B,W,W,N,M,15,R,N,AQ,School-Elementary/Secondary,K-12 School,Personal Weapons,,C
230629133,206826831,2025-02-02,Plano,TX0430600,13B,W,W,N,M,68,N,Y,SE;VO,Restaurant,Restaurant,Personal Weapons,,C
230629134,206826831,2025-02-02,Plano,TX0430600,13B,W,W,N,F,60,N,Y,SE;VO,Restaurant,Restaurant,Personal Weapons,,C
234496867,210206560,2025-02-02,Plano,TX0430600,13B,W,W,N,M,35,R,Y,SE,Residence/Home,Home,Personal Weapons,Minor Injury,C
234496868,210206561,2025-02-02,Plano,TX0430600,13B,H,W,H,M,47,N,Y,SE,Highway/Road/Alley/Street/Sidewalk,Street & Sidewalk,Personal Weapons,Minor Injury,C
230629154,206826851,2025-02-03,Plano,TX0430600,13B,B,B,N,M,18,R,N,AQ;OK;VO,School-Elementary/Secondary,K-12 School,Personal Weapons,,C
230629155,206826851,2025-02-03,Plano,TX0430600,13B,B,B,N,M,16,N,N,AQ;FR;VO,School-Elementary/Secondary,K-12 School,Personal Weapons,,C
233037994,208938106,2025-02-03,Plano,TX0430600,13B,B,B,N,M,54,R,N,OK,Parking/Drop Lot/Garage,Parking Lot,Personal Weapons,Minor Injury,C
234496870,210206563,2025-02-03,Plano,TX0430600,13B,H,W,H,F,27,R,Y,BG,Residence/Home,Home,Personal Weapons,Minor Injury,C
234497635,210207220,2025-02-03,Plano,TX0430600,13B,W,W,N,F,13,R,N,CH,Residence/Home,Home,Personal Weapons,Minor Injury,C
234497636,210207220,2025-02-03,Plano,TX0430600,13B,W,W,N,M,48,R,Y,SE,Residence/Home,Home,Personal Weapons,Minor Injury,C
243224566,217828668,2025-02-03,Plano,TX0430600,13B,H,W,H,F,51,N,N,ST,Drug Store/Doctor's Office/Hospital,Hospital & Clinic,Personal Weapons,,C
230629182,206826874,2025-02-04,Plano,TX0430600,13B,H,W,H,M,17,R,N,AQ,School-Elementary/Secondary,K-12 School,Personal Weapons,Minor Injury,C
230629189,206826881,2025-02-04,Plano,TX0430600,13B,B,B,N,F,48,R,N,SB,Residence/Home,Home,Personal Weapons,Minor Injury,C
230629193,206826884,2025-02-04,Plano,TX0430600,13B,W,W,N,M,34,N,N,ST,Parking/Drop Lot/Garage,Parking Lot,Personal Weapons,,C
230629303,206826976,2025-02-04,Plano,TX0430600,13B,A,A,N,M,12,R,N,OK,School-Elementary/Secondary,K-12 School,Personal Weapons,,C
234496885,210206576,2025-02-04,Plano,TX0430600,13B,B,B,N,M,54,R,Y,SE,Residence/Home,Home,Personal Weapons,Minor Injury,C
236145370,211651759,2025-02-04,Plano,TX0430600,13B,W,W,N,F,16,R,N,FR,School-Elementary/Secondary,K-12 School,Personal Weapons,,C
230629225,206826912,2025-02-05,Plano,TX0430600,13B,B,B,N,M,13,R,N,OK,School-Elementary/Secondary,K-12 School,Personal Weapons,,C
230629226,206826913,2025-02-05,Plano,TX0430600,13B,B,B,N,M,13,R,N,AQ;OK,School-Elementary/Secondary,K-12 School,Personal Weapons,,C
233039923,208939770,2025-02-05,Plano,TX0430600,13B,W,W,N,F,42,R,Y,SE,Residence/Home,Home,Personal Weapons,Minor Injury,C
230629262,206826943,2025-02-06,Plano,TX0430600,13B,B,B,N,F,27,N,N,AQ,School-Elementary/Secondary,K-12 School,Personal Weapons,Minor Injury,C
230629273,206826954,2025-02-06,Plano,TX0430600,13B,H,W,H,M,14,R,N,FR;OK;VO,School-Elementary/Secondary,K-12 School,Personal Weapons,,C
230629274,206826954,2025-02-06,Plano,TX0430600,13B,B,B,N,M,36,R,N,AQ,School-Elementary/Secondary,K-12 School,Personal Weapons,Minor Injury,C
230629275,206826954,2025-02-06,Plano,TX0430600,13B,W,W,N,M,14,R,N,FR;OK;VO,School-Elementary/Secondary,K-12 School,Personal Weapons,,C
230629276,206826954,2025-02-06,Plano,TX0430600,13B,B,B,N,M,15,R,N,OK;VO,School-Elementary/Secondary,K-12 School,Personal Weapons,,C
230629284,206826961,2025-02-06,Plano,TX0430600,13B,H,W,H,F,42,R,Y,BG,Residence/Home,Home,Personal Weapons,Minor Injury,C
233038021,208938128,2025-02-06,Plano,TX0430600,13B,A,A,N,M,38,R,N,ST,Parking/Drop Lot/Garage,Parking Lot,Personal Weapons,Minor Injury,C
233038035,208938139,2025-02-06,Plano,TX0430600,13B,W,W,N,F,15,N,N,OK,Residence/Home,Home,Personal Weapons,,C
234496899,210206589,2025-02-06,Plano,TX0430600,13B,H,W,H,M,20,R,Y,VO;XR,Park/Playground,Park & Playground,Personal Weapons,Minor Injury,C
234496900,210206589,2025-02-06,Plano,TX0430600,13B,H,W,H,F,19,N,Y,VO;XR,Park/Playground,Park & Playground,Personal Weapons,,C
230629315,206826985,2025-02-07,Plano,TX0430600,13B,W,W,N,M,17,R,N,AQ,School-Elementary/Secondary,K-12 School,Personal Weapons,Minor Injury,C
230629319,206826989,2025-02-07,Plano,TX0430600,13B,H,W,H,F,15,R,N,AQ,School-Elementary/Secondary,K-12 School,Personal Weapons,Minor Injury,C
230629327,206826996,2025-02-07,Plano,TX0430600,13B,B,B,N,F,44,R,Y,BG,Hotel/Motel/Etc.,Hotel & Motel,Personal Weapons,Minor Injury,C
233038075,208938173,2025-02-08,Plano,TX0430600,13B,W,W,N,M,40,R,N,ST,Drug Store/Doctor's Office/Hospital,Hospital & Clinic,Personal Weapons,,C
230629348,206827014,2025-02-09,Plano,TX0430600,13B,B,B,N,F,18,R,Y,BG,Residence/Home,Home,Personal Weapons,Minor Injury,C
230629353,206827019,2025-02-09,Plano,TX0430600,13B,A,A,N,F,34,R,Y,BG;VO,Residence/Home,Home,Personal Weapons,,C
230629354,206827019,2025-02-09,Plano,TX0430600,13B,A,A,N,M,30,R,Y,BG;VO,Residence/Home,Home,Personal Weapons,,C
234496914,210206600,2025-02-09,Plano,TX0430600,13B,B,B,N,F,44,R,N,PA,Residence/Home,Home,Personal Weapons,Minor Injury,C
234496915,210206601,2025-02-09,Plano,TX0430600,13B,W,W,N,F,34,R,Y,SE,Residence/Home,Home,Personal Weapons,Minor Injury,C
230629364,206827028,2025-02-10,Plano,TX0430600,13B,W,W,N,F,21,R,N,CH,Residence/Home,Home,Personal Weapons,Minor Injury,C
230629385,206827047,2025-02-10,Plano,TX0430600,13B,B,B,N,F,17,R,N,CH,Highway/Road/Alley/Street/Sidewalk,Street & Sidewalk,Personal Weapons,Minor Injury,C
230629390,206827051,2025-02-11,Plano,TX0430600,13B,B,B,N,F,26,R,Y,BG,Residence/Home,Home,Personal Weapons,Minor Injury,C
230629407,206827068,2025-02-11,Plano,TX0430600,13B,B,B,N,M,17,R,N,FR;VO,School-Elementary/Secondary,K-12 School,Personal Weapons,,C
230629408,206827068,2025-02-11,Plano,TX0430600,13B,B,B,N,M,17,R,N,FR;VO,School-Elementary/Secondary,K-12 School,Personal Weapons,,C
230629411,206827071,2025-02-11,Plano,TX0430600,13B,H,W,H,F,34,R,Y,BG,Residence/Home,Home,Personal Weapons,,C
230629413,206827072,2025-02-11,Plano,TX0430600,13B,H,W,H,M,17,R,N,SB,Residence/Home,Home,Personal Weapons,Minor Injury,C
230629417,206827076,2025-02-11,Plano,TX0430600,13B,H,W,H,F,29,R,Y,BG,Residence/Home,Home,Personal Weapons,Minor Injury,C
230629421,206827080,2025-02-12,Plano,TX0430600,13B,W,W,N,F,43,R,Y,XR,Residence/Home,Home,Personal Weapons,Minor Injury,C
230629442,206827101,2025-02-12,Plano,TX0430600,13B,A,A,N,M,16,R,N,OK;VO,School-Elementary/Secondary,K-12 School,Personal Weapons,,C
230629443,206827101,2025-02-12,Plano,TX0430600,13B,H,W,H,M,16,R,N,OK;VO,School-Elementary/Secondary,K-12 School,Personal Weapons,Minor Injury,C
233038162,208938249,2025-02-12,Plano,TX0430600,13B,H,W,H,F,21,R,Y,BG,Hotel/Motel/Etc.,Hotel & Motel,Personal Weapons,,C
234496932,210206618,2025-02-12,Plano,TX0430600,13B,A,A,N,M,13,R,N,ST,Residence/Home,Home,Personal Weapons,Minor Injury,C
234496936,210206621,2025-02-12,Plano,TX0430600,13B,H,W,H,M,54,R,N,AQ,Hotel/Motel/Etc.,Hotel & Motel,Personal Weapons,Minor Injury,C
239750661,214801086,2025-02-12,Plano,TX0430600,13B,W,W,N,F,16,R,N,AQ,School-Elementary/Secondary,K-12 School,Personal Weapons,Minor Injury,C
244954836,219338131,2025-02-12,Plano,TX0430600,13B,B,B,N,M,3,R,N,OF,Residence/Home,Home,Personal Weapons,Minor Injury,C
230629460,206827116,2025-02-13,Plano,TX0430600,13B,H,W,H,F,43,R,N,PA,Residence/Home,Home,Personal Weapons,,C
230629487,206827139,2025-02-13,Plano,TX0430600,13B,H,W,H,M,16,R,N,OK,Department/Discount Store,Department Store,Personal Weapons,Minor Injury,C
233038193,208938274,2025-02-13,Plano,TX0430600,13B,W,W,N,F,20,N,Y,BG,Parking/Drop Lot/Garage,Parking Lot,Personal Weapons,Minor Injury,C
230629505,206827156,2025-02-14,Plano,TX0430600,13B,B,B,N,M,18,R,N,AQ;VO,School-Elementary/Secondary,K-12 School,Personal Weapons,,C
230629506,206827156,2025-02-14,Plano,TX0430600,13B,B,B,N,M,18,R,N,AQ;VO,School-Elementary/Secondary,K-12 School,Personal Weapons,Minor Injury,C
230629655,206827283,2025-02-14,Plano,TX0430600,13B,B,B,N,M,12,R,N,AQ;VO,School-Elementary/Secondary,K-12 School,Personal Weapons,,C
230629656,206827283,2025-02-14,Plano,TX0430600,13B,H,W,H,M,12,R,N,AQ;VO,School-Elementary/Secondary,K-12 School,Personal Weapons,,C
234496951,210206634,2025-02-14,Plano,TX0430600,13B,W,W,N,F,32,R,Y,BG,Residence/Home,Home,Personal Weapons,Minor Injury,C
236145422,211651799,2025-02-14,Plano,TX0430600,13B,A,A,N,F,91,R,N,OK,Residence/Home,Home,Personal Weapons,Minor Injury,C
230629529,206827177,2025-02-15,Plano,TX0430600,13B,B,B,N,F,20,R,Y,BG,Residence/Home,Home,Personal Weapons,Minor Injury,C
230629541,206827188,2025-02-15,Plano,TX0430600,13B,B,B,N,M,21,R,Y,BG,Residence/Home,Home,Personal Weapons,,C
234496953,210206636,2025-02-15,Plano,TX0430600,13B,B,B,N,F,21,N,N,OF,Parking/Drop Lot/Garage,Parking Lot,Personal Weapons,Minor Injury,C
234496954,210206637,2025-02-15,Plano,TX0430600,13B,W,W,N,F,33,N,Y,BG,Parking/Drop Lot/Garage,Parking Lot,Personal Weapons,Minor Injury,C
234496957,210206639,2025-02-15,Plano,TX0430600,13B,H,W,H,F,,U,N,ST,Jail/Prison/Penitentiary/Corrections Facility,Jail & Prison,Personal Weapons,,C
236145409,211651788,2025-02-15,Plano,TX0430600,13B,H,W,H,F,21,R,Y,XR,Residence/Home,Home,Personal Weapons,Minor Injury,C
237938837,213215416,2025-02-15,Plano,TX0430600,13B,B,B,N,M,31,N,N,ST,Bar/Nightclub,Bar & Nightclub,Personal Weapons,Minor Injury,C
237938838,213215416,2025-02-15,Plano,TX0430600,13B,B,B,N,F,35,N,N,ST,Bar/Nightclub,Bar & Nightclub,Personal Weapons,Minor Injury,C
230629566,206827211,2025-02-16,Plano,TX0430600,13B,A,A,N,M,16,R,N,AQ,Grocery/Supermarket,Grocery Store,Personal Weapons,,C
230629587,206827228,2025-02-16,Plano,TX0430600,13B,B,B,N,F,43,R,Y,SE,Residence/Home,Home,Personal Weapons,Minor Injury,C
234496960,210206640,2025-02-16,Plano,TX0430600,13B,B,B,N,F,23,N,Y,BG,Hotel/Motel/Etc.,Hotel & Motel,Personal Weapons,Minor Injury,C
233038252,208938327,2025-02-17,Plano,TX0430600,13B,A,A,N,F,22,R,Y,SE,Residence/Home,Home,Personal Weapons,Minor Injury,C
234496971,210206650,2025-02-17,Plano,TX0430600,13B,W,W,N,F,21,R,Y,XR,Residence/Home,Home,Personal Weapons,Minor Injury,C
243224571,217828673,2025-02-17,Plano,TX0430600,13B,W,W,N,M,38,R,N,ST,Residence/Home,Home,Personal Weapons,,C
233038286,208938352,2025-02-18,Plano,TX0430600,13B,B,B,N,F,32,R,Y,BG,Residence/Home,Home,Personal Weapons,Minor Injury,C
230629639,206827270,2025-02-19,Plano,TX0430600,13B,A,A,N,M,13,R,N,AQ,School-Elementary/Secondary,K-12 School,Personal Weapons,,C
233038316,208938379,2025-02-19,Plano,TX0430600,13B,W,W,N,M,61,R,N,SP,Residence/Home,Home,Personal Weapons,,C
233038323,208938386,2025-02-19,Plano,TX0430600,13B,W,W,N,F,38,R,N,OK,Residence/Home,Home,Personal Weapons,Minor Injury,C
230629660,206827287,2025-02-20,Plano,TX0430600,13B,B,B,N,M,22,R,Y,XR,Residence/Home,Home,Personal Weapons,,C
230629672,206827299,2025-02-20,Plano,TX0430600,13B,H,W,H,F,38,R,N,PA,Residence/Home,Home,Personal Weapons,,C
230629673,206827299,2025-02-20,Plano,TX0430600,13B,H,W,H,M,7,R,N,SB,Residence/Home,Home,Personal Weapons,Minor Injury,C
230629679,206827305,2025-02-20,Plano,TX0430600,13B,H,W,H,F,38,R,Y,SE,Residence/Home,Home,Personal Weapons,,C
230629681,206827307,2025-02-20,Plano,TX0430600,13B,W,W,N,F,35,R,Y,SE,Residence/Home,Home,Personal Weapons,Minor Injury,C
233038328,208938391,2025-02-20,Plano,TX0430600,13B,H,W,H,F,18,R,N,OF,Residence/Home,Home,Personal Weapons,Minor Injury,C
234496988,210206664,2025-02-20,Plano,TX0430600,13B,B,B,N,M,39,N,N,AQ,School-Elementary/Secondary,K-12 School,Personal Weapons,,C
234496992,210206668,2025-02-20,Plano,TX0430600,13B,B,B,N,M,31,R,Y,BG,Residence/Home,Home,Personal Weapons,Minor Injury,C
239750669,214801094,2025-02-20,Plano,TX0430600,13B,H,W,H,M,14,R,N,OK,School-Elementary/Secondary,K-12 School,Personal Weapons,Minor Injury,C
230629688,206827314,2025-02-21,Plano,TX0430600,13B,W,W,N,F,16,N,N,AQ,School-Elementary/Secondary,K-12 School,Personal Weapons,Minor Injury,C
230629692,206827316,2025-02-21,Plano,TX0430600,13B,H,W,H,M,17,R,N,AQ,School-Elementary/Secondary,K-12 School,Personal Weapons,Minor Injury,C
230629706,206827329,2025-02-21,Plano,TX0430600,13B,B,B,N,F,31,R,Y,BG,Parking/Drop Lot/Garage,Parking Lot,Personal Weapons,,C
234496995,210206671,2025-02-21,Plano,TX0430600,13B,H,W,H,F,24,R,Y,XR,Parking/Drop Lot/Garage,Parking Lot,Personal Weapons,,C
236145831,211652137,2025-02-21,Plano,TX0430600,13B,H,B,H,M,14,R,N,AQ,School-Elementary/Secondary,K-12 School,Personal Weapons,,C
239750715,214801135,2025-02-21,Plano,TX0430600,13B,W,W,N,M,13,N,N,ST,Church/Synagogue/Temple/Mosque,Religious Building,Personal Weapons,Minor Injury,C
233038368,208938429,2025-02-23,Plano,TX0430600,13B,W,W,N,M,32,N,N,ST,Bar/Nightclub,Bar & Nightclub,Personal Weapons,Minor Injury,C
233038386,208938446,2025-02-23,Plano,TX0430600,13B,B,B,N,F,30,R,Y,XR,Residence/Home,Home,Personal Weapons,Minor Injury,C
234497007,210206682,2025-02-23,Plano,TX0430600,13B,H,W,H,M,15,R,N,SB,Residence/Home,Home,Personal Weapons,Minor Injury,C
234497011,210206686,2025-02-23,Plano,TX0430600,13B,H,W,H,F,29,R,Y,BG,Residence/Home,Home,Personal Weapons,Minor Injury,C
230629785,206827377,2025-02-24,Plano,TX0430600,13B,B,B,N,M,30,N,N,AQ,Parking/Drop Lot/Garage,Parking Lot,Personal Weapons,,C
230629954,206827527,2025-02-24,Plano,TX0430600,13B,H,W,H,F,28,N,N,AQ,Drug Store/Doctor's Office/Hospital,Hospital & Clinic,Personal Weapons,,C
233038439,208938471,2025-02-24,Plano,TX0430600,13B,W,W,N,M,14,R,N,CH,Residence/Home,Home,Personal Weapons,Minor Injury,C
233038454,208938486,2025-02-25,Plano,TX0430600,13B,W,W,N,M,11,R,N,OK,School-Elementary/Secondary,K-12 School,Personal Weapons,Minor Injury,C
233038471,208938500,2025-02-25,Plano,TX0430600,13B,W,W,N,M,14,R,N,AQ;VO,School-Elementary/Secondary,K-12 School,Personal Weapons,Minor Injury,C
233038472,208938500,2025-02-25,Plano,TX0430600,13B,W,W,N,M,14,N,N,AQ;VO,School-Elementary/Secondary,K-12 School,Personal Weapons,Minor Injury,C
233038498,208938526,2025-02-25,Plano,TX0430600,13B,W,W,N,M,67,R,N,SP,Hotel/Motel/Etc.,Hotel & Motel,Personal Weapons,Minor Injury,C
234497026,210206701,2025-02-25,Plano,TX0430600,13B,B,B,N,F,46,R,Y,SE,Residence/Home,Home,Personal Weapons,Minor Injury,C
234497029,210206703,2025-02-25,Plano,TX0430600,13B,B,B,N,F,13,N,N,AQ;VO,School-Elementary/Secondary,K-12 School,Personal Weapons,,C
230629869,206827453,2025-02-26,Plano,TX0430600,13B,A,A,N,F,48,R,N,PA,Residence/Home,Home,Personal Weapons,,C
233038521,208938545,2025-02-26,Plano,TX0430600,13B,W,W,N,M,18,R,N,SB,Highway/Road/Alley/Street/Sidewalk,Street & Sidewalk,Personal Weapons,Minor Injury,C
244954843,219338139,2025-02-26,Plano,TX0430600,13B,H,W,H,F,27,R,Y,BG,Residence/Home,Home,Personal Weapons,Minor Injury,C
233038555,208938575,2025-02-27,Plano,TX0430600,13B,B,B,N,F,18,N,N,AQ;VO,School-Elementary/Secondary,K-12 School,Personal Weapons,,C
233038556,208938575,2025-02-27,Plano,TX0430600,13B,B,B,N,F,16,N,N,AQ;VO,School-Elementary/Secondary,K-12 School,Personal Weapons,,C
233038557,208938575,2025-02-27,Plano,TX0430600,13B,B,B,N,F,16,R,N,AQ;VO,School-Elementary/Secondary,K-12 School,Personal Weapons,,C
233038558,208938575,2025-02-27,Plano,TX0430600,13B,B,B,N,F,17,N,N,AQ;VO,School-Elementary/Secondary,K-12 School,Personal Weapons,,C
233038565,208938582,2025-02-27,Plano,TX0430600,13B,H,W,H,M,26,N,N,ST,Convenience Store,Convenience Store,Personal Weapons,,C
234497040,210206713,2025-02-27,Plano,TX0430600,13B,H,W,H,F,12,N,N,AQ;VO,Government/Public Building,Government Building,Personal Weapons,Minor Injury,C
234497041,210206713,2025-02-27,Plano,TX0430600,13B,H,W,H,F,12,N,N,AQ;VO,Government/Public Building,Government Building,Personal Weapons,Minor Injury,C
234497042,210206714,2025-02-27,Plano,TX0430600,13B,W,W,N,F,46,R,N,PA,Residence/Home,Home,Personal Weapons,Minor Injury,C
236145448,211651821,2025-02-27,Plano,TX0430600,13B,W,W,N,F,61,R,N,PA,Residence/Home,Home,Personal Weapons,Minor Injury,C
236145453,211651825,2025-02-27,Plano,TX0430600,13B,B,B,N,F,17,N,N,AQ,School-Elementary/Secondary,K-12 School,Personal Weapons,Minor Injury,C
236145454,211651826,2025-02-27,Plano,TX0430600,13B,B,B,N,M,16,R,N,OK,School-Elementary/Secondary,K-12 School,Personal Weapons,Minor Injury,C
236145455,211651827,2025-02-27,Plano,TX0430600,13B,A,A,N,M,32,R,Y,SE,Residence/Home,Home,Personal Weapons,Minor Injury,C
236145458,211651829,2025-02-27,Plano,TX0430600,13B,H,W,H,M,35,R,Y,BG;VO,Residence/Home,Home,Personal Weapons,Minor Injury,C
236145459,211651829,2025-02-27,Plano,TX0430600,13B,H,W,H,F,23,R,Y,BG;VO,Residence/Home,Home,Personal Weapons,Minor Injury,C
230629978,206827549,2025-02-28,Plano,TX0430600,13B,B,B,N,M,60,R,N,IL,Residence/Home,Home,Personal Weapons,Minor Injury,C
234497046,210206717,2025-02-28,Plano,TX0430600,13B,W,W,N,M,39,N,N,ST,Highway/Road/Alley/Street/Sidewalk,Street & Sidewalk,Personal Weapons,,C
234497054,210206725,2025-02-28,Plano,TX0430600,13B,W,W,N,M,61,R,Y,BG,Residence/Home,Home,Personal Weapons,Minor Injury,C
236145461,211651831,2025-02-28,Plano,TX0430600,13B,W,W,N,F,29,R,N,OF,Residence/Home,Home,Personal Weapons,Minor Injury,C
236145462,211651831,2025-02-28,Plano,TX0430600,13B,W,W,N,F,52,R,N,ST,Residence/Home,Home,Personal Weapons,Minor Injury,C
233038629,208938635,2025-03-01,Plano,TX0430600,13B,B,B,N,F,37,N,Y,XR,Parking/Drop Lot/Garage,Parking Lot,Personal Weapons,,C
233038636,208938641,2025-03-01,Plano,TX0430600,13B,A,A,N,F,26,R,N,FR,Parking/Drop Lot/Garage,Parking Lot,Personal Weapons,,C
236145467,211651836,2025-03-01,Plano,TX0430600,13B,B,B,N,F,26,R,Y,BG,Residence/Home,Home,Personal Weapons,,C
237939094,213215636,2025-03-01,Plano,TX0430600,13B,B,B,N,F,28,R,Y,BG,Residence/Home,Home,Personal Weapons,Minor Injury,C
239750684,214801106,2025-03-01,Plano,TX0430600,13B,B,B,N,M,19,R,N,ST;VO,Restaurant,Restaurant,Personal Weapons,Minor Injury,C
239750685,214801106,2025-03-01,Plano,TX0430600,13B,W,W,N,M,14,N,N,ST;VO,Restaurant,Restaurant,Personal Weapons,Minor Injury,C
241481618,216311730,2025-03-01,Plano,TX0430600,13B,A,A,N,M,36,N,Y,SE,Residence/Home,Home,Personal Weapons,Minor Injury,C
243226599,217830355,2025-03-01,Plano,TX0430600,13B,W,W,N,F,51,R,Y,BG,Residence/Home,Home,Personal Weapons,Minor Injury,C
233038649,208938651,2025-03-02,Plano,TX0430600,13B,B,B,N,F,30,N,Y,BG,Highway/Road/Alley/Street/Sidewalk,Street & Sidewalk,Personal Weapons,Minor Injury,C
236145469,211651837,2025-03-02,Plano,TX0430600,13B,H,W,H,M,28,R,Y,BG,Residence/Home,Home,Personal Weapons,Minor Injury,C
237939782,213216219,2025-03-02,Plano,TX0430600,13B,W,W,N,F,39,R,Y,BG,Residence/Home,Home,Personal Weapons,Minor Injury,C
233038684,208938679,2025-03-03,Plano,TX0430600,13B,B,B,N,F,37,N,N,ST,Parking/Drop Lot/Garage,Parking Lot,Personal Weapons,Minor Injury,C
233038689,208938684,2025-03-03,Plano,TX0430600,13B,W,W,N,M,25,R,N,SB,Residence/Home,Home,Personal Weapons,Minor Injury,C
233038716,208938706,2025-03-03,Plano,TX0430600,13B,B,B,N,F,17,R,N,AQ;VO,Parking/Drop Lot/Garage,Parking Lot,Personal Weapons,Minor Injury,C
233038717,208938706,2025-03-03,Plano,TX0430600,13B,H,W,H,F,18,N,N,AQ;VO,Parking/Drop Lot/Garage,Parking Lot,Personal Weapons,,C
233038736,208938724,2025-03-03,Plano,TX0430600,13B,H,W,H,F,34,R,N,ST,Park/Playground,Park & Playground,Personal Weapons,,C
234497066,210206735,2025-03-03,Plano,TX0430600,13B,H,W,H,F,15,R,N,FR;OK;VO,School-Elementary/Secondary,K-12 School,Personal Weapons,Minor Injury,C
234497067,210206735,2025-03-03,Plano,TX0430600,13B,H,W,H,F,15,R,N,FR;OK,School-Elementary/Secondary,K-12 School,Personal Weapons,Minor Injury,C
234497068,210206735,2025-03-03,Plano,TX0430600,13B,H,W,H,F,14,R,N,FR;OK,School-Elementary/Secondary,K-12 School,Personal Weapons,Minor Injury,C
236145470,211651838,2025-03-03,Plano,TX0430600,13B,B,B,N,F,30,R,Y,BG,Residence/Home,Home,Personal Weapons,Minor Injury,C
236145474,211651842,2025-03-03,Plano,TX0430600,13B,W,W,N,F,30,N,Y,XR,Residence/Home,Home,Personal Weapons,Minor Injury,C
236145479,211651847,2025-03-03,Plano,TX0430600,13B,B,B,N,M,21,N,Y,ST;XR,Amusement Park,Amusement Park,Personal Weapons,Minor Injury,C
236145482,211651850,2025-03-03,Plano,TX0430600,13B,B,B,N,M,20,R,Y,XR,Residence/Home,Home,Personal Weapons,Minor Injury,C
233038792,208938775,2025-03-04,Plano,TX0430600,13B,B,B,N,M,66,N,N,FR,Convenience Store,Convenience Store,Personal Weapons,Minor Injury,C
233038794,208938777,2025-03-04,Plano,TX0430600,13B,B,B,N,M,17,R,N,AQ;FR;VO,Parking/Drop Lot/Garage,Parking Lot,Personal Weapons,Minor Injury,C
233038795,208938777,2025-03-04,Plano,TX0430600,13B,B,B,N,M,16,R,N,AQ;OK;VO,Parking/Drop Lot/Garage,Parking Lot,Personal Weapons,,C
233038845,208938823,2025-03-05,Plano,TX0430600,13B,H,W,H,M,56,R,N,AQ,School-Elementary/Secondary,K-12 School,Personal Weapons,Minor Injury,C
233038852,208938829,2025-03-05,Plano,TX0430600,13B,W,W,N,F,18,N,N,ST,Highway/Road/Alley/Street/Sidewalk,Street & Sidewalk,Personal Weapons,,C
236145492,211651859,2025-03-05,Plano,TX0430600,13B,B,B,N,M,19,R,N,CH,Residence/Home,Home,Personal Weapons,Minor Injury,C
243224593,217828694,2025-03-05,Plano,TX0430600,13B,W,W,N,M,39,N,N,AQ,Commercial/Office Building,Office Building,Personal Weapons,,C
246876358,221026683,2025-03-05,Plano,TX0430600,13B,B,B,N,M,20,N,Y,BG,Parking/Drop Lot/Garage,Parking Lot,Personal Weapons,Minor Injury,C
233038891,208938862,2025-03-06,Plano,TX0430600,13B,B,B,N,M,21,R,Y,BG,Residence/Home,Home,Personal Weapons,Minor Injury,C
233038895,208938865,2025-03-06,Plano,TX0430600,13B,W,W,N,M,52,R,N,ST,Other/Unknown,Other & Unknown,Personal Weapons,,C
233039033,208938985,2025-03-06,Plano,TX0430600,13B,W,W,N,F,27,N,Y,SE,Residence/Home,Home,Personal Weapons,Minor Injury,C
234497100,210206762,2025-03-06,Plano,TX0430600,13B,A,A,N,F,12,R,N,OK,School-Elementary/Secondary,K-12 School,Personal Weapons,,C
236145505,211651870,2025-03-06,Plano,TX0430600,13B,W,W,N,M,36,N,N,SB,Residence/Home,Home,Personal Weapons,Minor Injury,C
237939089,213215631,2025-03-06,Plano,TX0430600,13B,A,A,N,F,33,R,Y,SE,Residence/Home,Home,Personal Weapons,Minor Injury,C
233038981,208938942,2025-03-07,Plano,TX0430600,13B,H,W,H,F,78,R,N,PA,Residence/Home,Home,Personal Weapons,Minor Injury,C
233039021,208938975,2025-03-07,Plano,TX0430600,13B,B,B,N,M,14,R,N,OK,School-Elementary/Secondary,K-12 School,Personal Weapons,,C
233039026,208938980,2025-03-07,Plano,TX0430600,13B,B,B,N,M,13,R,N,FR;OK;VO,Park/Playground,Park & Playground,Personal Weapons,,C
233039027,208938980,2025-03-07,Plano,TX0430600,13B,B,B,N,M,11,R,N,OK;VO,Park/Playground,Park & Playground,Personal Weapons,Minor Injury,C
233039028,208938980,2025-03-07,Plano,TX0430600,13B,B,B,N,M,13,N,N,FR;OK;VO,Park/Playground,Park & Playground,Personal Weapons,,C
233039039,208938990,2025-03-07,Plano,TX0430600,13B,B,B,N,F,16,N,N,ST,Parking/Drop Lot/Garage,Parking Lot,Personal Weapons,,C
234497101,210206763,2025-03-07,Plano,TX0430600,13B,B,B,N,M,17,R,N,AQ,School-Elementary/Secondary,K-12 School,Personal Weapons,Minor Injury,C
236145513,211651876,2025-03-07,Plano,TX0430600,13B,W,W,N,M,30,R,N,SB,Residence/Home,Home,Personal Weapons,Minor Injury,C
237939376,213215867,2025-03-07,Plano,TX0430600,13B,W,W,N,F,64,N,N,SB,Residence/Home,Home,Personal Weapons,Minor Injury,C
233039102,208939047,2025-03-08,Plano,TX0430600,13B,W,W,N,F,28,R,N,ST,Department/Discount Store,Department Store,Personal Weapons,,C
233039104,208939049,2025-03-08,Plano,TX0430600,13B,B,B,N,M,23,N,N,ST,Bar/Nightclub,Bar & Nightclub,Personal Weapons,Minor Injury,C
233039105,208939049,2025-03-08,Plano,TX0430600,13B,B,B,N,M,40,N,N,ST,Bar/Nightclub,Bar & Nightclub,Personal Weapons,,C
236145517,211651880,2025-03-09,Plano,TX0430600,13B,W,W,N,F,23,N,N,ST,Bar/Nightclub,Bar & Nightclub,Personal Weapons,Minor Injury,C
236145519,211651882,2025-03-09,Plano,TX0430600,13B,B,B,N,F,23,N,N,IL,Residence/Home,Home,Personal Weapons,Minor Injury,C
244954858,219338152,2025-03-09,Plano,TX0430600,13B,B,B,N,F,43,R,N,ST,Highway/Road/Alley/Street/Sidewalk,Street & Sidewalk,Personal Weapons,,C
233039207,208939141,2025-03-10,Plano,TX0430600,13B,H,W,H,M,28,R,N,AQ,Highway/Road/Alley/Street/Sidewalk,Street & Sidewalk,Personal Weapons,Minor Injury,C
236145536,211651898,2025-03-11,Plano,TX0430600,13B,W,W,N,F,21,R,Y,XR,Residence/Home,Home,Personal Weapons,Minor Injury,C
233039332,208939249,2025-03-12,Plano,TX0430600,13B,H,W,H,M,14,R,N,FR,School-Elementary/Secondary,K-12 School,Personal Weapons,Minor Injury,C
236145554,211651911,2025-03-13,Plano,TX0430600,13B,H,W,H,F,45,R,N,PA,Residence/Home,Home,Personal Weapons,Minor Injury,C
233039485,208939380,2025-03-14,Plano,TX0430600,13B,W,W,N,M,18,R,N,FR;VO,Parking/Drop Lot/Garage,Parking Lot,Personal Weapons,Minor Injury,C
233039486,208939380,2025-03-14,Plano,TX0430600,13B,W,W,N,M,16,R,N,FR;VO,Parking/Drop Lot/Garage,Parking Lot,Personal Weapons,Minor Injury,C
233039495,208939388,2025-03-14,Plano,TX0430600,13B,W,W,N,M,14,R,N,AQ;VO,School-Elementary/Secondary,K-12 School,Personal Weapons,Minor Injury,C
233039496,208939388,2025-03-14,Plano,TX0430600,13B,B,B,N,M,14,R,N,AQ;VO,School-Elementary/Secondary,K-12 School,Personal Weapons,Minor Injury,C
236145560,211651917,2025-03-14,Plano,TX0430600,13B,H,W,H,M,31,N,N,ST,Highway/Road/Alley/Street/Sidewalk,Street & Sidewalk,Personal Weapons,,C
241481072,216311291,2025-03-14,Plano,TX0430600,13B,W,W,N,M,30,N,N,ST,Residence/Home,Home,Personal Weapons,Minor Injury,C
234497153,210206809,2025-03-15,Plano,TX0430600,13B,W,W,N,M,49,R,Y,SE;VO,Residence/Home,Home,Personal Weapons,,C
234497154,210206809,2025-03-15,Plano,TX0430600,13B,W,W,N,F,43,R,Y,SE;VO,Residence/Home,Home,Personal Weapons,,C
236145570,211651926,2025-03-15,Plano,TX0430600,13B,W,W,N,F,22,N,Y,XR,Residence/Home,Home,Personal Weapons,Minor Injury,C
237938904,213215475,2025-03-15,Plano,TX0430600,13B,A,A,N,F,47,N,Y,BG,Hotel/Motel/Etc.,Hotel & Motel,Personal Weapons,Minor Injury,C
237938905,213215476,2025-03-15,Plano,TX0430600,13B,I,I,N,F,27,N,N,ST,Drug Store/Doctor's Office/Hospital,Hospital & Clinic,Personal Weapons,,C
233039614,208939487,2025-03-16,Plano,TX0430600,13B,W,W,N,F,17,R,N,SB,Residence/Home,Home,Personal Weapons,Minor Injury,C
233039717,208939577,2025-03-16,Plano,TX0430600,13B,A,A,N,M,30,N,N,ST,Bar/Nightclub,Bar & Nightclub,Personal Weapons,,C
234497156,210206811,2025-03-16,Plano,TX0430600,13B,H,W,H,F,52,R,N,SB,Residence/Home,Home,Personal Weapons,Minor Injury,C
234497157,210206811,2025-03-16,Plano,TX0430600,13B,H,W,H,F,1,R,N,GC,Residence/Home,Home,Personal Weapons,Minor Injury,C
236145572,211651928,2025-03-16,Plano,TX0430600,13B,B,B,N,F,20,R,N,CH,Residence/Home,Home,Personal Weapons,Minor Injury,C
233039651,208939521,2025-03-17,Plano,TX0430600,13B,W,W,N,F,31,R,Y,SE,Highway/Road/Alley/Street/Sidewalk,Street & Sidewalk,Personal Weapons,Minor Injury,C
237938915,213215485,2025-03-17,Plano,TX0430600,13B,B,B,N,F,33,R,Y,CS,Residence/Home,Home,Personal Weapons,Minor Injury,C
244955308,219338538,2025-03-17,Plano,TX0430600,13B,H,W,H,F,22,R,Y,BG,Hotel/Motel/Etc.,Hotel & Motel,Personal Weapons,Minor Injury,C
237938927,213215495,2025-03-18,Plano,TX0430600,13B,W,W,N,F,43,R,Y,BG,Hotel/Motel/Etc.,Hotel & Motel,Personal Weapons,Minor Injury,C
233039775,208939633,2025-03-19,Plano,TX0430600,13B,W,W,N,F,51,N,Y,XR,Commercial/Office Building,Office Building,Personal Weapons,Minor Injury,C
237938929,213215497,2025-03-19,Plano,TX0430600,13B,W,W,N,M,45,N,N,ST,Convenience Store,Convenience Store,Personal Weapons,Minor Injury,C
237938937,213215504,2025-03-20,Plano,TX0430600,13B,B,B,N,F,40,R,Y,BG,Residence/Home,Home,Personal Weapons,Minor Injury,C
237938945,213215510,2025-03-20,Plano,TX0430600,13B,W,W,N,M,12,R,N,CH,Residence/Home,Home,Personal Weapons,Minor Injury,C
237938946,213215511,2025-03-20,Plano,TX0430600,13B,W,W,N,F,28,R,Y,BG,Residence/Home,Home,Personal Weapons,Minor Injury,C
246876975,221027206,2025-03-20,Plano,TX0430600,13B,B,B,N,F,24,R,Y,BG,Residence/Home,Home,Personal Weapons,Minor Injury,C
233039917,208939764,2025-03-21,Plano,TX0430600,13B,W,W,N,F,36,R,Y,XR,Residence/Home,Home,Personal Weapons,,C
233040015,208939844,2025-03-21,Plano,TX0430600,13B,B,B,N,F,42,R,Y,SE,Residence/Home,Home,Personal Weapons,,C
233040308,208940100,2025-03-21,Plano,TX0430600,13B,B,B,N,F,20,N,Y,BG,Hotel/Motel/Etc.,Hotel & Motel,Personal Weapons,Minor Injury,C
236145601,211651955,2025-03-21,Plano,TX0430600,13B,B,B,N,F,54,R,Y,BG,Highway/Road/Alley/Street/Sidewalk,Street & Sidewalk,Personal Weapons,,C
233040040,208939861,2025-03-22,Plano,TX0430600,13B,W,W,N,M,43,N,N,ST;VO,Highway/Road/Alley/Street/Sidewalk,Street & Sidewalk,Personal Weapons,,C
233040041,208939861,2025-03-22,Plano,TX0430600,13B,W,W,N,M,61,N,N,ST;VO,Highway/Road/Alley/Street/Sidewalk,Street & Sidewalk,Personal Weapons,,C
233040194,208939995,2025-03-22,Plano,TX0430600,13B,W,W,N,M,59,R,Y,SE,Residence/Home,Home,Personal Weapons,Minor Injury,C
237938958,213215522,2025-03-22,Plano,TX0430600,13B,B,B,N,F,42,N,Y,SE,Parking/Drop Lot/Garage,Parking Lot,Personal Weapons,Minor Injury,C
237938964,213215526,2025-03-22,Plano,TX0430600,13B,W,W,N,M,19,N,N,ST,Highway/Road/Alley/Street/Sidewalk,Street & Sidewalk,Personal Weapons,Minor Injury,C
237938965,213215526,2025-03-22,Plano,TX0430600,13B,W,W,N,F,19,N,N,ST,Highway/Road/Alley/Street/Sidewalk,Street & Sidewalk,Personal Weapons,Minor Injury,C
237938967,213215528,2025-03-23,Plano,TX0430600,13B,H,W,H,F,25,N,Y,BG,Residence/Home,Home,Personal Weapons,Minor Injury,C
237938979,213215539,2025-03-24,Plano,TX0430600,13B,A,A,N,F,23,R,N,CH,Residence/Home,Home,Personal Weapons,Minor Injury,C
239750720,214801140,2025-03-24,Plano,TX0430600,13B,W,W,N,M,40,R,N,ST,Parking/Drop Lot/Garage,Parking Lot,Personal Weapons,Minor Injury,C
233040295,208940091,2025-03-26,Plano,TX0430600,13B,H,W,H,F,43,R,N,AQ,Bar/Nightclub,Bar & Nightclub,Personal Weapons,Minor Injury,C
234497262,210206909,2025-03-26,Plano,TX0430600,13B,B,B,N,F,30,N,N,ST,Daycare Facility,Daycare Facility,Personal Weapons,,C
237938999,213215555,2025-03-26,Plano,TX0430600,13B,B,B,N,F,37,N,N,ST,Highway/Road/Alley/Street/Sidewalk,Street & Sidewalk,Personal Weapons,,C
237939000,213215556,2025-03-26,Plano,TX0430600,13B,W,W,N,M,18,N,N,ST;VO,Parking/Drop Lot/Garage,Parking Lot,Personal Weapons,,C
237939001,213215556,2025-03-26,Plano,TX0430600,13B,H,W,H,M,19,R,N,ST;VO,Parking/Drop Lot/Garage,Parking Lot,Personal Weapons,,C
237975023,213247671,2025-03-26,Plano,TX0430600,13B,W,W,N,M,32,N,N,EE,Commercial/Office Building,Office Building,Personal Weapons,,C
234497240,210206887,2025-03-27,Plano,TX0430600,13B,B,B,N,F,28,R,Y,BG,Residence/Home,Home,Personal Weapons,Minor Injury,C
236145637,211651983,2025-03-27,Plano,TX0430600,13B,W,W,N,F,60,N,N,ST,Highway/Road/Alley/Street/Sidewalk,Street & Sidewalk,Personal Weapons,,C
234497241,210206888,2025-03-28,Plano,TX0430600,13B,W,W,N,F,24,U,N,AQ,School-Elementary/Secondary,K-12 School,Personal Weapons,Minor Injury,C
234497243,210206890,2025-03-28,Plano,TX0430600,13B,A,A,N,F,43,R,N,ST,Parking/Drop Lot/Garage,Parking Lot,Personal Weapons,,C
234497244,210206891,2025-03-28,Plano,TX0430600,13B,W,W,N,F,23,R,N,CH,Residence/Home,Home,Personal Weapons,Minor Injury,C
234497246,210206893,2025-03-28,Plano,TX0430600,13B,W,W,N,F,23,N,N,CH,Residence/Home,Home,Personal Weapons,Minor Injury,C
236145646,211651991,2025-03-28,Plano,TX0430600,13B,W,W,N,F,53,R,Y,XR,Residence/Home,Home,Personal Weapons,,C
233040506,208940282,2025-03-29,Plano,TX0430600,13B,H,W,H,M,31,N,N,AQ,Parking/Drop Lot/Garage,Parking Lot,Personal Weapons,,C
233040528,208940303,2025-03-29,Plano,TX0430600,13B,B,B,N,M,36,N,Y,BG,Hotel/Motel/Etc.,Hotel & Motel,Personal Weapons,Minor Injury,C
236145651,211651996,2025-03-29,Plano,TX0430600,13B,W,W,N,M,10,R,N,AQ,Park/Playground,Park & Playground,Personal Weapons,,C
239750726,214801146,2025-03-29,Plano,TX0430600,13B,H,W,H,F,29,R,Y,BG,Residence/Home,Home,Personal Weapons,Minor Injury,C
236145653,211651998,2025-03-30,Plano,TX0430600,13B,W,W,N,M,30,R,N,NE,Highway/Road/Alley/Street/Sidewalk,Street & Sidewalk,Personal Weapons,,C
237939036,213215586,2025-03-31,Plano,TX0430600,13B,H,W,H,M,50,R,Y,SE,Residence/Home,Home,Personal Weapons,Minor Injury,C
234497282,210206928,2025-04-01,Plano,TX0430600,13B,B,B,N,F,54,R,N,PA;VO,Residence/Home,Home,Personal Weapons,,C
234497283,210206928,2025-04-01,Plano,TX0430600,13B,B,B,N,M,31,R,N,CH;VO,Residence/Home,Home,Personal Weapons,Minor Injury,C
234497297,210206937,2025-04-02,Plano,TX0430600,13B,H,W,H,M,23,R,N,OK,Hotel/Motel/Etc.,Hotel & Motel,Personal Weapons,Minor Injury,C
234497308,210206948,2025-04-02,Plano,TX0430600,13B,H,W,H,M,52,N,N,ST,Residence/Home,Home,Personal Weapons,,C
234497330,210206967,2025-04-02,Plano,TX0430600,13B,H,W,H,M,12,R,N,AQ,School-Elementary/Secondary,K-12 School,Personal Weapons,,C
236145672,211652017,2025-04-02,Plano,TX0430600,13B,W,W,N,F,64,N,N,ST,Highway/Road/Alley/Street/Sidewalk,Street & Sidewalk,Personal Weapons,,C
236145673,211652017,2025-04-02,Plano,TX0430600,13B,W,W,N,F,43,N,N,OK,Highway/Road/Alley/Street/Sidewalk,Street & Sidewalk,Personal Weapons,,C
237939054,213215599,2025-04-02,Plano,TX0430600,13B,B,B,N,F,23,R,N,SB,Residence/Home,Home,Personal Weapons,Minor Injury,C
237939056,213215601,2025-04-02,Plano,TX0430600,13B,W,W,N,M,61,R,N,PA,Residence/Home,Home,Personal Weapons,Minor Injury,C
237939058,213215603,2025-04-02,Plano,TX0430600,13B,H,W,H,F,50,R,Y,XR,Residence/Home,Home,Personal Weapons,Minor Injury,C
248637626,222560669,2025-04-02,Plano,TX0430600,13B,B,B,N,M,16,N,N,ST;VO,School-Elementary/Secondary,K-12 School,Personal Weapons,Minor Injury,C
248637627,222560669,2025-04-02,Plano,TX0430600,13B,W,W,N,M,16,N,N,ST;VO,School-Elementary/Secondary,K-12 School,Personal Weapons,Minor Injury,C
234497333,210206970,2025-04-03,Plano,TX0430600,13B,W,W,N,M,26,R,Y,XR,Residence/Home,Home,Personal Weapons,Minor Injury,C
234497338,210206973,2025-04-03,Plano,TX0430600,13B,H,W,H,M,14,R,N,SB;VO,Parking/Drop Lot/Garage,Parking Lot,Personal Weapons,,C
234497339,210206973,2025-04-03,Plano,TX0430600,13B,W,W,N,M,13,R,N,SB;VO,Parking/Drop Lot/Garage,Parking Lot,Personal Weapons,,C
234497343,210206977,2025-04-03,Plano,TX0430600,13B,B,B,N,F,19,R,Y,BG;VO,Residence/Home,Home,Personal Weapons,,C
234497344,210206977,2025-04-03,Plano,TX0430600,13B,B,B,N,M,20,N,Y,BG;VO,Residence/Home,Home,Personal Weapons,Minor Injury,C
234497345,210206978,2025-04-03,Plano,TX0430600,13B,W,W,N,M,16,R,N,AQ;VO,School-Elementary/Secondary,K-12 School,Personal Weapons,Minor Injury,C
234497346,210206978,2025-04-03,Plano,TX0430600,13B,B,B,N,M,15,R,N,AQ;VO,School-Elementary/Secondary,K-12 School,Personal Weapons,Minor Injury,C
234497347,210206979,2025-04-03,Plano,TX0430600,13B,W,W,N,M,16,N,N,AQ,School-Elementary/Secondary,K-12 School,Personal Weapons,Minor Injury,C
234497366,210206996,2025-04-03,Plano,TX0430600,13B,B,B,N,F,13,R,N,AQ;FR;VO,Parking/Drop Lot/Garage,Parking Lot,Personal Weapons,,C
234497367,210206996,2025-04-03,Plano,TX0430600,13B,B,B,N,F,13,R,N,AQ;FR;OK;VO,Parking/Drop Lot/Garage,Parking Lot,Personal Weapons,,C
234497368,210206996,2025-04-03,Plano,TX0430600,13B,B,B,N,M,11,R,N,AQ;FR;OK;VO,Parking/Drop Lot/Garage,Parking Lot,Personal Weapons,,C
234497369,210206996,2025-04-03,Plano,TX0430600,13B,B,B,N,F,12,R,N,AQ;VO,Parking/Drop Lot/Garage,Parking Lot,Personal Weapons,,C
236145691,211652029,2025-04-03,Plano,TX0430600,13B,A,A,N,F,15,R,N,OK,School-Elementary/Secondary,K-12 School,Personal Weapons,Minor Injury,C
236145693,211652031,2025-04-03,Plano,TX0430600,13B,W,W,N,M,19,R,N,AQ,Restaurant,Restaurant,Personal Weapons,,C
234497378,210207005,2025-04-04,Plano,TX0430600,13B,H,W,H,F,55,R,N,PA,Residence/Home,Home,Personal Weapons,Minor Injury,C
234497418,210207042,2025-04-04,Plano,TX0430600,13B,W,W,N,M,12,R,N,AQ,School-Elementary/Secondary,K-12 School,Personal Weapons,,C
236145767,211652087,2025-04-04,Plano,TX0430600,13B,H,W,H,F,36,R,N,PA,Parking/Drop Lot/Garage,Parking Lot,Personal Weapons,,C
237939073,213215616,2025-04-04,Plano,TX0430600,13B,A,A,N,M,29,R,N,SB,Residence/Home,Home,Personal Weapons,Minor Injury,C
241481108,216311320,2025-04-04,Plano,TX0430600,13B,W,W,N,F,55,N,N,PA,Residence/Home,Home,Personal Weapons,Minor Injury,C
237939076,213215619,2025-04-05,Plano,TX0430600,13B,W,W,N,F,56,R,N,OK,Highway/Road/Alley/Street/Sidewalk,Street & Sidewalk,Personal Weapons,Minor Injury,C
237939083,213215625,2025-04-05,Plano,TX0430600,13B,H,W,H,F,36,R,Y,SE,Parking/Drop Lot/Garage,Parking Lot,Personal Weapons,,C
237939090,213215632,2025-04-06,Plano,TX0430600,13B,B,B,N,F,33,R,Y,XR,Residence/Home,Home,Personal Weapons,Minor Injury,C
239750739,214801159,2025-04-06,Plano,TX0430600,13B,W,W,N,M,12,R,N,CH,Residence/Home,Home,Personal Weapons,Minor Injury,C
234497442,210207062,2025-04-07,Plano,TX0430600,13B,B,B,N,F,42,N,N,PA,Hotel/Motel/Etc.,Hotel & Motel,Personal Weapons,Minor Injury,C
237939097,213215638,2025-04-07,Plano,TX0430600,13B,B,B,N,M,12,R,N,CH,Residence/Home,Home,Personal Weapons,Minor Injury,C
237939098,213215639,2025-04-07,Plano,TX0430600,13B,B,B,N,F,61,R,N,PA,Highway/Road/Alley/Street/Sidewalk,Street & Sidewalk,Personal Weapons,Minor Injury,C
244954911,219338202,2025-04-07,Plano,TX0430600,13B,B,B,N,F,18,R,Y,XR,School-Elementary/Secondary,K-12 School,Personal Weapons,,C
234497444,210207064,2025-04-08,Plano,TX0430600,13B,A,A,N,F,38,R,Y,BG;VO,Residence/Home,Home,Personal Weapons,,C
234497445,210207064,2025-04-08,Plano,TX0430600,13B,A,A,N,M,29,R,Y,BG;VO,Residence/Home,Home,Personal Weapons,,C
234497457,210207075,2025-04-08,Plano,TX0430600,13B,B,B,N,F,15,R,N,AQ;VO,School-Elementary/Secondary,K-12 School,Personal Weapons,,C
234497458,210207075,2025-04-08,Plano,TX0430600,13B,H,W,H,F,14,N,N,AQ;VO,School-Elementary/Secondary,K-12 School,Personal Weapons,,C
236145725,211652058,2025-04-08,Plano,TX0430600,13B,H,W,H,F,13,R,N,SB,Residence/Home,Home,Personal Weapons,Minor Injury,C
237939106,213215644,2025-04-08,Plano,TX0430600,13B,H,W,H,M,51,N,Y,BG,Highway/Road/Alley/Street/Sidewalk,Street & Sidewalk,Personal Weapons,Minor Injury,C
239750742,214801162,2025-04-08,Plano,TX0430600,13B,B,B,N,F,17,R,Y,XR,Other/Unknown,Other & Unknown,Personal Weapons,Minor Injury,C
234497495,210207104,2025-04-09,Plano,TX0430600,13B,H,W,H,F,26,R,Y,VO;XR,Highway/Road/Alley/Street/Sidewalk,Street & Sidewalk,Personal Weapons,,C
234497496,210207104,2025-04-09,Plano,TX0430600,13B,H,W,H,M,29,R,Y,VO;XR,Highway/Road/Alley/Street/Sidewalk,Street & Sidewalk,Personal Weapons,Minor Injury,C
236145728,211652061,2025-04-09,Plano,TX0430600,13B,I,I,N,F,32,R,Y,BG,Residence/Home,Home,Personal Weapons,,C
236145730,211652063,2025-04-09,Plano,TX0430600,13B,W,W,N,F,31,R,Y,SE,Residence/Home,Home,Personal Weapons,Minor Injury,C
236145732,211652065,2025-04-09,Plano,TX0430600,13B,H,W,H,M,43,R,N,SP,Residence/Home,Home,Personal Weapons,Minor Injury,C
236145733,211652065,2025-04-09,Plano,TX0430600,13B,H,W,H,F,43,R,N,PA,Residence/Home,Home,Personal Weapons,Minor Injury,C
239750745,214801165,2025-04-09,Plano,TX0430600,13B,W,W,N,F,34,R,Y,BG,Residence/Home,Home,Personal Weapons,Minor Injury,C
234497532,210207136,2025-04-10,Plano,TX0430600,13B,H,W,H,F,,R,N,ST,Highway/Road/Alley/Street/Sidewalk,Street & Sidewalk,Personal Weapons,Minor Injury,C
234497611,210207198,2025-04-10,Plano,TX0430600,13B,B,B,N,F,32,R,Y,XR,Hotel/Motel/Etc.,Hotel & Motel,Personal Weapons,Minor Injury,C
236145757,211652083,2025-04-10,Plano,TX0430600,13B,B,B,N,F,23,R,N,ST,Drug Store/Doctor's Office/Hospital,Hospital & Clinic,Personal Weapons,Minor Injury,C
239750747,214801166,2025-04-10,Plano,TX0430600,13B,A,A,N,F,50,R,N,ST;VO,Parking/Drop Lot/Garage,Parking Lot,Personal Weapons,Minor Injury,C
239750748,214801166,2025-04-10,Plano,TX0430600,13B,B,B,N,F,47,N,N,ST;VO,Parking/Drop Lot/Garage,Parking Lot,Personal Weapons,Minor Injury,C
243224612,217828712,2025-04-10,Plano,TX0430600,13B,B,B,N,F,20,R,Y,BG,Residence/Home,Home,Personal Weapons,Minor Injury,C
243224614,217828714,2025-04-10,Plano,TX0430600,13B,W,W,N,M,43,R,N,ST,Parking/Drop Lot/Garage,Parking Lot,Personal Weapons,,C
236145753,211652079,2025-04-11,Plano,TX0430600,13B,B,B,N,F,33,R,N,AQ,Residence/Home,Home,Personal Weapons,Minor Injury,C
236145781,211652100,2025-04-11,Plano,TX0430600,13B,B,B,N,M,15,R,N,OK;ST,School-Elementary/Secondary,K-12 School,Personal Weapons,Minor Injury,C
236145896,211652196,2025-04-11,Plano,TX0430600,13B,H,W,H,M,45,N,Y,BG,Residence/Home,Home,Personal Weapons,Minor Injury,C
246876372,221026695,2025-04-12,Plano,TX0430600,13B,B,B,N,M,23,N,N,OF,Parking/Drop Lot/Garage,Parking Lot,Personal Weapons,Minor Injury,C
246876373,221026695,2025-04-12,Plano,TX0430600,13B,B,B,N,M,27,N,N,AQ,Parking/Drop Lot/Garage,Parking Lot,Personal Weapons,Minor Injury,C
234497596,210207184,2025-04-13,Plano,TX0430600,13B,B,B,N,M,31,R,Y,SE,Hotel/Motel/Etc.,Hotel & Motel,Personal Weapons,,C
239750763,214801176,2025-04-13,Plano,TX0430600,13B,W,W,N,M,66,R,N,OK,Residence/Home,Home,Personal Weapons,Minor Injury,C
239750766,214801179,2025-04-13,Plano,TX0430600,13B,W,W,N,F,52,R,Y,SE,Residence/Home,Home,Personal Weapons,Minor Injury,C
234497618,210207205,2025-04-14,Plano,TX0430600,13B,H,W,H,F,12,R,N,FR;VO,School-Elementary/Secondary,K-12 School,Personal Weapons,,C
234497619,210207205,2025-04-14,Plano,TX0430600,13B,B,B,N,F,12,R,N,FR;VO,School-Elementary/Secondary,K-12 School,Personal Weapons,,C
236145777,211652097,2025-04-14,Plano,TX0430600,13B,H,W,H,F,32,R,Y,SE,Residence/Home,Home,Personal Weapons,Minor Injury,C
236145789,211652107,2025-04-14,Plano,TX0430600,13B,B,B,N,F,15,N,N,AQ;VO,School-Elementary/Secondary,K-12 School,Personal Weapons,,C
236145790,211652107,2025-04-14,Plano,TX0430600,13B,B,B,N,F,15,R,N,AQ;VO,School-Elementary/Secondary,K-12 School,Personal Weapons,Minor Injury,C
237939137,213215665,2025-04-14,Plano,TX0430600,13B,W,W,N,F,25,R,Y,XR,Residence/Home,Home,Personal Weapons,Minor Injury,C
234497639,210207223,2025-04-15,Plano,TX0430600,13B,W,W,N,F,63,R,N,PA,Residence/Home,Home,Personal Weapons,,C
234497670,210207248,2025-04-15,Plano,TX0430600,13B,B,B,N,F,35,R,N,PA,Residence/Home,Home,Personal Weapons,Minor Injury,C
234497695,210207269,2025-04-16,Plano,TX0430600,13B,W,W,N,M,41,N,N,ST,Parking/Drop Lot/Garage,Parking Lot,Personal Weapons,,C
239750786,214801198,2025-04-16,Plano,TX0430600,13B,H,W,H,F,16,N,Y,XR,Parking/Drop Lot/Garage,Parking Lot,Personal Weapons,,C
243224622,217828721,2025-04-16,Plano,TX0430600,13B,W,W,N,M,59,R,N,ST,Highway/Road/Alley/Street/Sidewalk,Street & Sidewalk,Personal Weapons,Minor Injury,C
234497700,210207274,2025-04-17,Plano,TX0430600,13B,W,W,N,M,12,R,N,ST,School-Elementary/Secondary,K-12 School,Personal Weapons,Minor Injury,C
234497704,210207278,2025-04-17,Plano,TX0430600,13B,H,W,H,M,14,R,N,AQ,School-Elementary/Secondary,K-12 School,Personal Weapons,,C
236145798,211652113,2025-04-17,Plano,TX0430600,13B,H,W,H,F,18,R,N,FR,School-Elementary/Secondary,K-12 School,Personal Weapons,,C
237939165,213215685,2025-04-17,Plano,TX0430600,13B,W,W,N,M,53,R,N,ST,Hotel/Motel/Etc.,Hotel & Motel,Personal Weapons,Minor Injury,C
239750780,214801192,2025-04-17,Plano,TX0430600,13B,B,B,N,F,25,R,Y,SE,Residence/Home,Home,Personal Weapons,Minor Injury,C
234497751,210207319,2025-04-18,Plano,TX0430600,13B,W,W,N,F,51,R,Y,BG;VO,Residence/Home,Home,Personal Weapons,Minor Injury,C
234497752,210207319,2025-04-18,Plano,TX0430600,13B,B,B,N,M,59,R,Y,BG;VO,Residence/Home,Home,Personal Weapons,Minor Injury,C
234497754,210207321,2025-04-19,Plano,TX0430600,13B,W,W,N,M,38,R,N,ST,Bar/Nightclub,Bar & Nightclub,Personal Weapons,Minor Injury,C
237939201,213215713,2025-04-19,Plano,TX0430600,13B,B,B,N,M,23,N,N,ST,Bar/Nightclub,Bar & Nightclub,Personal Weapons,,C
243224623,217828722,2025-04-19,Plano,TX0430600,13B,W,W,N,M,29,R,N,AQ,Highway/Road/Alley/Street/Sidewalk,Street & Sidewalk,Personal Weapons,Minor Injury,C
234497787,210207347,2025-04-20,Plano,TX0430600,13B,H,W,H,M,23,N,N,AQ,Restaurant,Restaurant,Personal Weapons,,C
236145828,211652134,2025-04-20,Plano,TX0430600,13B,B,B,N,M,19,R,N,ST,Residence/Home,Home,Personal Weapons,Minor Injury,C
239750795,214801207,2025-04-20,Plano,TX0430600,13B,B,B,N,M,56,R,N,PA,Residence/Home,Home,Personal Weapons,Minor Injury,C
234497801,210207359,2025-04-21,Plano,TX0430600,13B,H,W,H,M,12,R,N,OK;VO,School-Elementary/Secondary,K-12 School,Personal Weapons,,C
234497802,210207359,2025-04-21,Plano,TX0430600,13B,H,W,H,M,13,R,N,OK;VO,School-Elementary/Secondary,K-12 School,Personal Weapons,Minor Injury,C
234497823,210207379,2025-04-21,Plano,TX0430600,13B,B,B,N,M,13,R,N,AQ;VO,School-Elementary/Secondary,K-12 School,Personal Weapons,,C
234497824,210207379,2025-04-21,Plano,TX0430600,13B,B,B,N,M,13,R,N,AQ;VO,School-Elementary/Secondary,K-12 School,Personal Weapons,,C
236145835,211652140,2025-04-21,Plano,TX0430600,13B,A,A,N,F,40,R,Y,XR,Residence/Home,Home,Personal Weapons,,C
237939185,213215699,2025-04-21,Plano,TX0430600,13B,B,B,N,F,21,R,N,AQ,Parking/Drop Lot/Garage,Parking Lot,Personal Weapons,,C
239750797,214801209,2025-04-21,Plano,TX0430600,13B,B,B,N,M,16,N,N,AQ;VO,School-Elementary/Secondary,K-12 School,Personal Weapons,Minor Injury,C
239750798,214801209,2025-04-21,Plano,TX0430600,13B,B,B,N,M,,U,N,AQ;VO,School-Elementary/Secondary,K-12 School,Personal Weapons,,C
234497831,210207385,2025-04-22,Plano,TX0430600,13B,B,B,N,M,46,R,Y,XR,Residence/Home,Home,Personal Weapons,,C
234497879,210207427,2025-04-22,Plano,TX0430600,13B,A,A,N,F,12,R,N,OK,School-Elementary/Secondary,K-12 School,Personal Weapons,,C
236145840,211652145,2025-04-22,Plano,TX0430600,13B,W,W,N,F,61,R,N,PA,Residence/Home,Home,Personal Weapons,Minor Injury,C
236145847,211652151,2025-04-22,Plano,TX0430600,13B,B,B,N,F,26,N,N,ST,Highway/Road/Alley/Street/Sidewalk,Street & Sidewalk,Personal Weapons,,C
234497841,210207394,2025-04-23,Plano,TX0430600,13B,W,W,N,F,50,N,N,AQ,School-Elementary/Secondary,K-12 School,Personal Weapons,Minor Injury,C
234497842,210207394,2025-04-23,Plano,TX0430600,13B,B,B,N,F,51,R,N,AQ,School-Elementary/Secondary,K-12 School,Personal Weapons,Minor Injury,C
234497865,210207415,2025-04-23,Plano,TX0430600,13B,H,W,H,F,24,R,N,SB,Residence/Home,Home,Personal Weapons,Minor Injury,C
236145861,211652164,2025-04-23,Plano,TX0430600,13B,B,B,N,M,19,R,Y,BG;VO,Residence/Home,Home,Personal Weapons,,C
236145862,211652164,2025-04-23,Plano,TX0430600,13B,B,B,N,F,18,N,Y,BG;VO,Residence/Home,Home,Personal Weapons,,C
236145863,211652164,2025-04-23,Plano,TX0430600,13B,B,B,N,F,42,R,N,AQ;PA,Residence/Home,Home,Personal Weapons,Minor Injury,C
239750802,214801213,2025-04-23,Plano,TX0430600,13B,B,B,N,F,16,R,N,SB,Residence/Home,Home,Personal Weapons,Minor Injury,C
234497876,210207425,2025-04-24,Plano,TX0430600,13B,B,B,N,F,13,R,N,FR;VO,School-Elementary/Secondary,K-12 School,Personal Weapons,,C
234497877,210207425,2025-04-24,Plano,TX0430600,13B,B,B,N,F,14,R,N,FR;VO,School-Elementary/Secondary,K-12 School,Personal Weapons,,C
234497882,210207430,2025-04-24,Plano,TX0430600,13B,H,W,H,F,12,R,N,OK;VO,School-Elementary/Secondary,K-12 School,Personal Weapons,,C
234497883,210207430,2025-04-24,Plano,TX0430600,13B,H,W,H,F,12,R,N,OK;VO,School-Elementary/Secondary,K-12 School,Personal Weapons,,C
239750809,214801220,2025-04-24,Plano,TX0430600,13B,W,W,N,F,56,R,Y,BG,Residence/Home,Home,Personal Weapons,Minor Injury,C
234497909,210207455,2025-04-25,Plano,TX0430600,13B,W,W,N,M,54,R,Y,SE,Residence/Home,Home,Personal Weapons,,C
234497941,210207486,2025-04-26,Plano,TX0430600,13B,W,W,N,M,42,N,N,SB;VO,Bar/Nightclub,Bar & Nightclub,Personal Weapons,Minor Injury,C
234497942,210207486,2025-04-26,Plano,TX0430600,13B,W,W,N,M,38,N,N,SB;VO,Bar/Nightclub,Bar & Nightclub,Personal Weapons,Minor Injury,C
236145949,211652245,2025-04-26,Plano,TX0430600,13B,B,B,N,F,34,N,Y,SE,Highway/Road/Alley/Street/Sidewalk,Street & Sidewalk,Personal Weapons,,C
237939204,213215716,2025-04-26,Plano,TX0430600,13B,W,W,N,M,72,N,N,OK;VO,Restaurant,Restaurant,Personal Weapons,,C
237939205,213215716,2025-04-26,Plano,TX0430600,13B,H,W,H,M,58,U,N,OK;VO,Restaurant,Restaurant,Personal Weapons,Minor Injury,C
239750814,214801224,2025-04-26,Plano,TX0430600,13B,B,B,N,F,20,R,N,CH,Hotel/Motel/Etc.,Hotel & Motel,Personal Weapons,Minor Injury,C
239750815,214801225,2025-04-26,Plano,TX0430600,13B,W,W,N,M,54,R,N,SB,Residence/Home,Home,Personal Weapons,Minor Injury,C
239750816,214801226,2025-04-26,Plano,TX0430600,13B,W,W,N,F,59,R,N,PA,Residence/Home,Home,Personal Weapons,Minor Injury,C
239750817,214801227,2025-04-26,Plano,TX0430600,13B,H,W,H,F,49,R,N,AQ,Residence/Home,Home,Personal Weapons,,C
239750820,214801230,2025-04-26,Plano,TX0430600,13B,W,W,N,M,34,R,Y,XR,Residence/Home,Home,Personal Weapons,Minor Injury,C
234498050,210207584,2025-04-27,Plano,TX0430600,13B,W,W,N,M,13,R,N,AQ;VO,Highway/Road/Alley/Street/Sidewalk,Street & Sidewalk,Personal Weapons,,C
234498051,210207584,2025-04-27,Plano,TX0430600,13B,B,B,N,F,12,R,N,AQ;VO,Highway/Road/Alley/Street/Sidewalk,Street & Sidewalk,Personal Weapons,,C
236145926,211652224,2025-04-27,Plano,TX0430600,13B,W,W,N,M,47,N,Y,BG,Specialty Store,Specialty Store,Personal Weapons,Minor Injury,C
239750821,214801231,2025-04-27,Plano,TX0430600,13B,A,A,N,F,25,R,Y,BG,Parking/Drop Lot/Garage,Parking Lot,Personal Weapons,Minor Injury,C
239750823,214801232,2025-04-27,Plano,TX0430600,13B,H,W,H,M,56,R,N,PA,Residence/Home,Home,Personal Weapons,Minor Injury,C
241481171,216311375,2025-04-27,Plano,TX0430600,13B,W,W,N,F,21,N,Y,XR,Bar/Nightclub,Bar & Nightclub,Personal Weapons,,C
253000300,226373071,2025-04-27,Plano,TX0430600,13B,B,B,N,F,39,N,N,ST,Grocery/Supermarket,Grocery Store,Personal Weapons,,C
234497992,210207534,2025-04-28,Plano,TX0430600,13B,H,W,H,M,21,N,Y,AQ;BG;VO,Parking/Drop Lot/Garage,Parking Lot,Personal Weapons,Minor Injury,C
234497993,210207534,2025-04-28,Plano,TX0430600,13B,H,W,H,F,22,N,Y,BG;SB;VO,Parking/Drop Lot/Garage,Parking Lot,Personal Weapons,Minor Injury,C
234497994,210207534,2025-04-28,Plano,TX0430600,13B,H,W,H,M,24,N,N,AQ;SB;VO,Parking/Drop Lot/Garage,Parking Lot,Personal Weapons,,C
234497995,210207534,2025-04-28,Plano,TX0430600,13B,H,W,H,M,16,N,N,AQ;SB;VO,Parking/Drop Lot/Garage,Parking Lot,Personal Weapons,Minor Injury,C
236145902,211652201,2025-04-28,Plano,TX0430600,13B,B,B,N,F,22,R,Y,BG,Hotel/Motel/Etc.,Hotel & Motel,Personal Weapons,Minor Injury,C
236145921,211652219,2025-04-28,Plano,TX0430600,13B,B,B,N,F,14,N,N,CH,Residence/Home,Home,Personal Weapons,Minor Injury,C
237939224,213215733,2025-04-28,Plano,TX0430600,13B,A,A,N,M,10,R,N,CH,Residence/Home,Home,Personal Weapons,Minor Injury,C
239750828,214801237,2025-04-28,Plano,TX0430600,13B,W,W,N,F,44,R,Y,SE,Residence/Home,Home,Personal Weapons,Minor Injury,C
239751041,214801411,2025-04-28,Plano,TX0430600,13B,H,W,H,F,22,R,Y,BG,Hotel/Motel/Etc.,Hotel & Motel,Personal Weapons,Minor Injury,C
236145918,211652217,2025-04-29,Plano,TX0430600,13B,B,B,N,F,16,R,N,OK;VO,School-Elementary/Secondary,K-12 School,Personal Weapons,,C
236145919,211652217,2025-04-29,Plano,TX0430600,13B,B,B,N,F,15,R,N,OK;VO,School-Elementary/Secondary,K-12 School,Personal Weapons,Minor Injury,C
239750830,214801239,2025-04-29,Plano,TX0430600,13B,W,W,N,F,64,N,N,ST,Drug Store/Doctor's Office/Hospital,Hospital & Clinic,Personal Weapons,Minor Injury,C
234498043,210207578,2025-04-30,Plano,TX0430600,13B,B,B,N,F,13,R,N,AQ;VO,School-Elementary/Secondary,K-12 School,Personal Weapons,Minor Injury,C
234498044,210207578,2025-04-30,Plano,TX0430600,13B,B,B,N,F,14,R,N,AQ;VO,School-Elementary/Secondary,K-12 School,Personal Weapons,Minor Injury,C
236145942,211652238,2025-04-30,Plano,TX0430600,13B,H,W,H,F,20,N,N,ST,Parking/Drop Lot/Garage,Parking Lot,Personal Weapons,Minor Injury,C
239750839,214801246,2025-04-30,Plano,TX0430600,13B,A,A,N,F,54,R,Y,SE,Residence/Home,Home,Personal Weapons,Minor Injury,C
239750840,214801247,2025-04-30,Plano,TX0430600,13B,H,W,H,M,30,R,Y,SE,Residence/Home,Home,Personal Weapons,Minor Injury,C
239751891,214802153,2025-04-30,Plano,TX0430600,13B,A,A,N,F,34,R,Y,SE,Residence/Home,Home,Personal Weapons,,C
236145956,211652252,2025-05-01,Plano,TX0430600,13B,B,B,N,F,31,N,N,AQ,School-Elementary/Secondary,K-12 School,Personal Weapons,Minor Injury,C
236145957,211652252,2025-05-01,Plano,TX0430600,13B,B,B,N,M,,R,N,AQ,School-Elementary/Secondary,K-12 School,Personal Weapons,,C
236145965,211652260,2025-05-01,Plano,TX0430600,13B,B,B,N,F,42,R,N,PA,Residence/Home,Home,Personal Weapons,Minor Injury,C
236145971,211652266,2025-05-01,Plano,TX0430600,13B,B,B,N,F,12,R,N,AQ,School-Elementary/Secondary,K-12 School,Personal Weapons,Minor Injury,C
239750843,214801250,2025-05-01,Plano,TX0430600,13B,W,W,N,F,19,R,Y,BG,Residence/Home,Home,Personal Weapons,Minor Injury,C
239750846,214801253,2025-05-01,Plano,TX0430600,13B,W,W,N,F,51,R,Y,SE,Residence/Home,Home,Personal Weapons,Minor Injury,C
236145981,211652275,2025-05-02,Plano,TX0430600,13B,B,B,N,F,16,R,N,OK;VO,School-Elementary/Secondary,K-12 School,Personal Weapons,,C
236145982,211652275,2025-05-02,Plano,TX0430600,13B,B,B,N,F,15,R,N,OK;VO,School-Elementary/Secondary,K-12 School,Personal Weapons,,C
236145987,211652280,2025-05-02,Plano,TX0430600,13B,B,B,N,F,19,R,Y,XR,Residence/Home,Home,Personal Weapons,Minor Injury,C
236145988,211652281,2025-05-02,Plano,TX0430600,13B,H,W,H,F,55,R,N,SB,Residence/Home,Home,Personal Weapons,Minor Injury,C
236146010,211652301,2025-05-02,Plano,TX0430600,13B,W,W,N,M,43,R,Y,BG,Residence/Home,Home,Personal Weapons,,C
243224634,217828732,2025-05-02,Plano,TX0430600,13B,H,W,H,M,21,R,N,ST,Hotel/Motel/Etc.,Hotel & Motel,Personal Weapons,Minor Injury,C
243224643,217828739,2025-05-02,Plano,TX0430600,13B,B,B,N,M,1,R,N,AQ,Daycare Facility,Daycare Facility,Personal Weapons,Minor Injury,C
236146009,211652300,2025-05-03,Plano,TX0430600,13B,B,B,N,F,25,R,Y,BG,Residence/Home,Home,Personal Weapons,,C
236146030,211652318,2025-05-03,Plano,TX0430600,13B,W,W,N,F,45,R,Y,SE,Residence/Home,Home,Personal Weapons,Minor Injury,C
237939270,213215776,2025-05-03,Plano,TX0430600,13B,W,W,N,F,41,R,Y,XR,Parking/Drop Lot/Garage,Parking Lot,Personal Weapons,Minor Injury,C
239750852,214801258,2025-05-03,Plano,TX0430600,13B,H,W,H,F,27,R,Y,BG,Residence/Home,Home,Personal Weapons,Minor Injury,C
239750857,214801261,2025-05-03,Plano,TX0430600,13B,W,W,N,M,51,R,Y,XS,Residence/Home,Home,Personal Weapons,Minor Injury,C
236146023,211652312,2025-05-04,Plano,TX0430600,13B,B,B,N,M,41,R,N,FR,Residence/Home,Home,Personal Weapons,Minor Injury,C
236146024,211652313,2025-05-04,Plano,TX0430600,13B,H,W,H,M,48,R,Y,BG,Residence/Home,Home,Personal Weapons,Minor Injury,C
236146047,211652331,2025-05-04,Plano,TX0430600,13B,W,W,N,M,28,R,Y,BG,Residence/Home,Home,Personal Weapons,Minor Injury,C
236146092,211652371,2025-05-04,Plano,TX0430600,13B,W,W,N,F,36,N,Y,CS,Highway/Road/Alley/Street/Sidewalk,Street & Sidewalk,Personal Weapons,Minor Injury,C
236146048,211652332,2025-05-05,Plano,TX0430600,13B,B,B,N,F,43,N,N,OK,Convenience Store,Convenience Store,Personal Weapons,,C
236146052,211652336,2025-05-05,Plano,TX0430600,13B,H,W,H,M,21,N,Y,BG,Parking/Drop Lot/Garage,Parking Lot,Personal Weapons,Minor Injury,C
236146063,211652347,2025-05-05,Plano,TX0430600,13B,W,W,N,M,53,R,N,ST;VO,Parking/Drop Lot/Garage,Parking Lot,Personal Weapons,,C
236146064,211652347,2025-05-05,Plano,TX0430600,13B,H,W,H,M,42,N,N,ST;VO,Parking/Drop Lot/Garage,Parking Lot,Personal Weapons,,C
236146075,211652358,2025-05-05,Plano,TX0430600,13B,B,B,N,F,23,N,N,SB,Residence/Home,Home,Personal Weapons,Minor Injury,C
236146079,211652361,2025-05-05,Plano,TX0430600,13B,W,W,N,M,32,R,N,FR;VO,Parking/Drop Lot/Garage,Parking Lot,Personal Weapons,Minor Injury,C
237939283,213215787,2025-05-05,Plano,TX0430600,13B,H,W,H,M,28,N,N,ST,Residence/Home,Home,Personal Weapons,Minor Injury,C
237939293,213215797,2025-05-05,Plano,TX0430600,13B,H,W,H,M,16,N,N,ST,Parking/Drop Lot/Garage,Parking Lot,Personal Weapons,Minor Injury,C
236146088,211652367,2025-05-06,Plano,TX0430600,13B,B,B,N,M,30,N,Y,XR,Residence/Home,Home,Personal Weapons,,C
239750869,214801272,2025-05-06,Plano,TX0430600,13B,A,A,N,M,50,R,N,ST,Department/Discount Store,Department Store,Personal Weapons,Minor Injury,C
236146110,211652386,2025-05-07,Plano,TX0430600,13B,W,W,N,M,35,R,N,SB,Residence/Home,Home,Personal Weapons,Minor Injury,C
236146115,211652391,2025-05-07,Plano,TX0430600,13B,B,B,N,F,32,N,N,PA,Drug Store/Doctor's Office/Hospital,Hospital & Clinic,Personal Weapons,Minor Injury,C
236146127,211652402,2025-05-07,Plano,TX0430600,13B,H,W,H,M,41,R,N,FR,Residence/Home,Home,Personal Weapons,Minor Injury,C
239750871,214801274,2025-05-07,Plano,TX0430600,13B,W,W,N,F,45,N,N,SB,Residence/Home,Home,Personal Weapons,Minor Injury,C
236145178,211651590,2025-05-08,Plano,TX0430600,13B,B,B,N,M,14,R,N,AQ,Residence/Home,Home,Personal Weapons,Minor Injury,C
236146141,211652415,2025-05-08,Plano,TX0430600,13B,W,W,N,F,35,R,N,OK,Residence/Home,Home,Personal Weapons,Minor Injury,C
236146171,211652437,2025-05-08,Plano,TX0430600,13B,W,W,N,M,68,N,N,AQ,School-Elementary/Secondary,K-12 School,Personal Weapons,Minor Injury,C
236146172,211652438,2025-05-08,Plano,TX0430600,13B,B,B,N,M,13,R,N,AQ;VO,School-Elementary/Secondary,K-12 School,Personal Weapons,,C
236146173,211652438,2025-05-08,Plano,TX0430600,13B,W,W,N,M,14,N,N,AQ;VO,School-Elementary/Secondary,K-12 School,Personal Weapons,,C
237939338,213215831,2025-05-08,Plano,TX0430600,13B,H,W,H,F,30,R,Y,BG,Residence/Home,Home,Personal Weapons,Minor Injury,C
241481486,216311626,2025-05-08,Plano,TX0430600,13B,W,W,N,F,78,R,N,SB,Residence/Home,Home,Personal Weapons,Minor Injury,C
236145090,211651513,2025-05-09,Plano,TX0430600,13B,W,W,N,M,44,N,N,AQ,Drug Store/Doctor's Office/Hospital,Hospital & Clinic,Personal Weapons,Minor Injury,C
239750882,214801284,2025-05-09,Plano,TX0430600,13B,B,B,N,M,28,N,N,AQ;VO,Church/Synagogue/Temple/Mosque,Religious Building,Personal Weapons,Minor Injury,C
239750883,214801284,2025-05-09,Plano,TX0430600,13B,B,B,N,M,44,N,N,AQ;VO,Church/Synagogue/Temple/Mosque,Religious Building,Personal Weapons,,C
236145126,211651544,2025-05-10,Plano,TX0430600,13B,W,W,N,F,48,R,Y,BG,Residence/Home,Home,Personal Weapons,Minor Injury,C
237939352,213215845,2025-05-10,Plano,TX0430600,13B,H,W,H,M,27,R,Y,BG;VO,Residence/Home,Home,Personal Weapons,Minor Injury,C
248637710,222560741,2025-05-10,Plano,TX0430600,13B,I,I,N,F,20,R,Y,BG,Hotel/Motel/Etc.,Hotel & Motel,Personal Weapons,Minor Injury,C
236145133,211651551,2025-05-11,Plano,TX0430600,13B,W,W,N,M,66,N,N,ST;VO,Highway/Road/Alley/Street/Sidewalk,Street & Sidewalk,Personal Weapons,Minor Injury,C
236145137,211651553,2025-05-11,Plano,TX0430600,13B,B,B,N,F,21,N,Y,BG,Parking/Drop Lot/Garage,Parking Lot,Personal Weapons,Minor Injury,C
237939368,213215860,2025-05-11,Plano,TX0430600,13B,W,W,N,M,56,R,N,SB,Residence/Home,Home,Personal Weapons,Minor Injury,C
237939372,213215863,2025-05-11,Plano,TX0430600,13B,H,W,H,M,21,U,N,ST,Highway/Road/Alley/Street/Sidewalk,Street & Sidewalk,Personal Weapons,Minor Injury,C
239750897,214801296,2025-05-11,Plano,TX0430600,13B,W,W,N,F,19,N,Y,BG,Residence/Home,Home,Personal Weapons,Minor Injury,C
239750899,214801298,2025-05-11,Plano,TX0430600,13B,W,W,N,M,57,R,Y,SE,Residence/Home,Home,Personal Weapons,Minor Injury,C
246876383,221026704,2025-05-11,Plano,TX0430600,13B,A,A,N,F,28,N,N,ST,Parking/Drop Lot/Garage,Parking Lot,Personal Weapons,Minor Injury,C
236145155,211651568,2025-05-12,Plano,TX0430600,13B,B,B,N,F,15,R,N,OK;VO,School-Elementary/Secondary,K-12 School,Personal Weapons,,C
236145156,211651568,2025-05-12,Plano,TX0430600,13B,B,B,N,F,16,R,N,OK;VO,School-Elementary/Secondary,K-12 School,Personal Weapons,,C
236145160,211651572,2025-05-12,Plano,TX0430600,13B,H,W,H,F,24,R,Y,XR,Residence/Home,Home,Personal Weapons,Minor Injury,C
236145181,211651593,2025-05-12,Plano,TX0430600,13B,B,B,N,M,61,R,N,OK,Grocery/Supermarket,Grocery Store,Personal Weapons,Minor Injury,C
237939410,213215897,2025-05-12,Plano,TX0430600,13B,B,B,N,F,21,R,Y,BG,Residence/Home,Home,Personal Weapons,Minor Injury,C
236146187,211652449,2025-05-13,Plano,TX0430600,13B,H,W,H,M,21,N,N,ST,Highway/Road/Alley/Street/Sidewalk,Street & Sidewalk,Personal Weapons,Minor Injury,C
236146188,211652450,2025-05-13,Plano,TX0430600,13B,W,W,N,M,16,N,N,FR,School-Elementary/Secondary,K-12 School,Personal Weapons,Minor Injury,C
236146198,211652459,2025-05-13,Plano,TX0430600,13B,H,W,H,F,20,R,N,SB,Residence/Home,Home,Personal Weapons,Minor Injury,C
236146204,211652465,2025-05-13,Plano,TX0430600,13B,H,W,H,M,15,N,N,AQ,Highway/Road/Alley/Street/Sidewalk,Street & Sidewalk,Personal Weapons,Minor Injury,C
236146215,211652474,2025-05-13,Plano,TX0430600,13B,H,W,H,F,23,R,N,OK,Residence/Home,Home,Personal Weapons,,C
241481216,216311415,2025-05-13,Plano,TX0430600,13B,B,B,N,F,12,R,N,AQ;SB;VO,School-Elementary/Secondary,K-12 School,Personal Weapons,,C
241481217,216311415,2025-05-13,Plano,TX0430600,13B,B,B,N,F,12,R,N,AQ;SB;VO,School-Elementary/Secondary,K-12 School,Personal Weapons,,C
241481218,216311415,2025-05-13,Plano,TX0430600,13B,B,B,N,F,13,R,N,AQ;VO,School-Elementary/Secondary,K-12 School,Personal Weapons,,C
241481219,216311415,2025-05-13,Plano,TX0430600,13B,B,B,N,F,13,R,N,AQ,School-Elementary/Secondary,K-12 School,Personal Weapons,,C
236146230,211652486,2025-05-14,Plano,TX0430600,13B,W,W,N,M,16,R,N,SB,Residence/Home,Home,Personal Weapons,Minor Injury,C
236146283,211652535,2025-05-14,Plano,TX0430600,13B,B,B,N,M,11,R,N,OK,School-Elementary/Secondary,K-12 School,Personal Weapons,Minor Injury,C
237939412,213215899,2025-05-14,Plano,TX0430600,13B,W,W,N,M,34,N,N,ST,Highway/Road/Alley/Street/Sidewalk,Street & Sidewalk,Personal Weapons,Minor Injury,C
237939413,213215899,2025-05-14,Plano,TX0430600,13B,W,W,N,M,26,N,N,ST,Highway/Road/Alley/Street/Sidewalk,Street & Sidewalk,Personal Weapons,Minor Injury,C
236146279,211652532,2025-05-15,Plano,TX0430600,13B,W,W,N,M,9,R,N,AQ,Residence/Home,Home,Personal Weapons,Minor Injury,C
236146285,211652537,2025-05-15,Plano,TX0430600,13B,H,W,H,M,29,R,Y,SE,Residence/Home,Home,Personal Weapons,Minor Injury,C
239750914,214801312,2025-05-15,Plano,TX0430600,13B,B,B,N,F,16,N,N,ST,Parking/Drop Lot/Garage,Parking Lot,Personal Weapons,,C
236146289,211652541,2025-05-16,Plano,TX0430600,13B,B,B,N,M,61,R,Y,BG,Residence/Home,Home,Personal Weapons,Minor Injury,C
236146305,211652555,2025-05-16,Plano,TX0430600,13B,H,W,H,F,13,R,N,FR;VO,School-Elementary/Secondary,K-12 School,Personal Weapons,,C
236146306,211652555,2025-05-16,Plano,TX0430600,13B,H,W,H,F,13,R,N,FR;VO,School-Elementary/Secondary,K-12 School,Personal Weapons,,C
237939431,213215915,2025-05-16,Plano,TX0430600,13B,B,B,N,F,26,R,Y,BG,Residence/Home,Home,Personal Weapons,Minor Injury,C
237939441,213215924,2025-05-16,Plano,TX0430600,13B,W,W,N,F,52,R,Y,XR,Residence/Home,Home,Personal Weapons,,C
237939442,213215924,2025-05-16,Plano,TX0430600,13B,W,W,N,M,81,R,N,OK,Residence/Home,Home,Personal Weapons,,C
239750918,214801316,2025-05-16,Plano,TX0430600,13B,W,W,N,F,55,R,Y,BG,Residence/Home,Home,Personal Weapons,Minor Injury,C
236146321,211652566,2025-05-17,Plano,TX0430600,13B,W,W,N,M,55,R,N,ST,Highway/Road/Alley/Street/Sidewalk,Street & Sidewalk,Personal Weapons,,C
236146322,211652567,2025-05-17,Plano,TX0430600,13B,W,W,N,F,37,R,N,OK,Residence/Home,Home,Personal Weapons,Minor Injury,C
236146323,211652568,2025-05-17,Plano,TX0430600,13B,B,B,N,F,25,R,N,OK,Parking/Drop Lot/Garage,Parking Lot,Personal Weapons,,C
237939459,213215937,2025-05-17,Plano,TX0430600,13B,H,W,H,M,28,R,N,AQ;VO,Highway/Road/Alley/Street/Sidewalk,Street & Sidewalk,Personal Weapons,,C
241481229,216311424,2025-05-17,Plano,TX0430600,13B,B,B,N,F,50,R,N,IL;OF;SB;VO,Hotel/Motel/Etc.,Hotel & Motel,Personal Weapons,Minor Injury,C
241481230,216311424,2025-05-17,Plano,TX0430600,13B,B,B,N,F,47,,Y,PA;SB;SE;VO,Hotel/Motel/Etc.,Hotel & Motel,Personal Weapons,Minor Injury,C
236146343,211652585,2025-05-18,Plano,TX0430600,13B,A,A,N,F,37,R,N,PA,Residence/Home,Home,Personal Weapons,Minor Injury,C
237939458,213215936,2025-05-18,Plano,TX0430600,13B,W,W,N,F,47,N,Y,XS,Other/Unknown,Other & Unknown,Personal Weapons,,C
241481232,216311426,2025-05-18,Plano,TX0430600,13B,H,W,H,F,28,N,N,ST,Residence/Home,Home,Personal Weapons,Minor Injury,C
248637740,222560767,2025-05-18,Plano,TX0430600,13B,B,B,N,M,38,N,N,OK,Restaurant,Restaurant,Personal Weapons,Minor Injury,C
248638983,222561859,2025-05-18,Plano,TX0430600,13B,A,A,N,F,26,R,Y,SE,Residence/Home,Home,Personal Weapons,Minor Injury,C
236146373,211652609,2025-05-19,Plano,TX0430600,13B,H,W,H,F,15,R,N,OK;VO,School-Elementary/Secondary,K-12 School,Personal Weapons,Minor Injury,C
236146374,211652609,2025-05-19,Plano,TX0430600,13B,B,B,N,F,15,R,N,OK;VO,School-Elementary/Secondary,K-12 School,Personal Weapons,Minor Injury,C
236146386,211652620,2025-05-19,Plano,TX0430600,13B,B,B,N,F,31,R,Y,BG,Residence/Home,Home,Personal Weapons,Minor Injury,C
239750934,214801330,2025-05-19,Plano,TX0430600,13B,B,B,N,M,29,R,Y,BG,Hotel/Motel/Etc.,Hotel & Motel,Personal Weapons,Minor Injury,C
239750939,214801334,2025-05-19,Plano,TX0430600,13B,B,B,N,F,34,R,Y,BG,Residence/Home,Home,Personal Weapons,Minor Injury,C
241481240,216311432,2025-05-19,Plano,TX0430600,13B,H,W,H,F,15,R,N,OK;VO,School-Elementary/Secondary,K-12 School,Personal Weapons,Minor Injury,C
241481241,216311432,2025-05-19,Plano,TX0430600,13B,H,W,H,F,15,R,N,OK;VO,School-Elementary/Secondary,K-12 School,Personal Weapons,Minor Injury,C
236144728,211651203,2025-05-20,Plano,TX0430600,13B,B,B,N,M,50,R,N,PA,Residence/Home,Home,Personal Weapons,Minor Injury,C
236146392,211652625,2025-05-20,Plano,TX0430600,13B,B,B,N,M,56,N,N,ST,Parking/Drop Lot/Garage,Parking Lot,Personal Weapons,,C
236146404,211652637,2025-05-20,Plano,TX0430600,13B,W,W,N,F,67,R,N,AQ,School-Elementary/Secondary,K-12 School,Personal Weapons,Minor Injury,C
239750945,214801339,2025-05-20,Plano,TX0430600,13B,H,W,H,F,24,N,Y,SE,Parking/Drop Lot/Garage,Parking Lot,Personal Weapons,Minor Injury,C
244954975,219338258,2025-05-20,Plano,TX0430600,13B,W,W,N,F,27,R,N,AQ,Drug Store/Doctor's Office/Hospital,Hospital & Clinic,Personal Weapons,Minor Injury,C
236144733,211651207,2025-05-21,Plano,TX0430600,13B,H,W,H,M,17,R,N,SB,Residence/Home,Home,Personal Weapons,,C
236144738,211651212,2025-05-21,Plano,TX0430600,13B,W,W,N,M,60,R,Y,BG,Residence/Home,Home,Personal Weapons,,C
237939497,213215966,2025-05-21,Plano,TX0430600,13B,H,W,H,M,12,R,N,AQ,School-Elementary/Secondary,K-12 School,Personal Weapons,,C
239750950,214801343,2025-05-21,Plano,TX0430600,13B,W,W,N,F,70,R,N,PA,Residence/Home,Home,Personal Weapons,Minor Injury,C
239750953,214801346,2025-05-21,Plano,TX0430600,13B,H,W,H,M,22,R,N,SB,Residence/Home,Home,Personal Weapons,Minor Injury,C
241481245,216311436,2025-05-21,Plano,TX0430600,13B,H,W,H,M,13,R,N,OK,School-Elementary/Secondary,K-12 School,Personal Weapons,Minor Injury,C
237939504,213215973,2025-05-22,Plano,TX0430600,13B,W,W,N,F,79,R,Y,SE,Residence/Home,Home,Personal Weapons,Minor Injury,C
243224668,217828760,2025-05-22,Plano,TX0430600,13B,H,W,H,M,16,R,N,AQ,School-Elementary/Secondary,K-12 School,Personal Weapons,Minor Injury,C
243224669,217828760,2025-05-22,Plano,TX0430600,13B,W,W,N,M,17,R,N,AQ,School-Elementary/Secondary,K-12 School,Personal Weapons,Minor Injury,C
243224670,217828761,2025-05-22,Plano,TX0430600,13B,H,W,H,M,24,R,N,AQ,Restaurant,Restaurant,Personal Weapons,Minor Injury,C
243224671,217828762,2025-05-22,Plano,TX0430600,13B,H,W,H,F,25,N,Y,XR,Parking/Drop Lot/Garage,Parking Lot,Personal Weapons,Minor Injury,C
236144821,211651280,2025-05-23,Plano,TX0430600,13B,W,W,N,F,15,R,N,AQ,Parking/Drop Lot/Garage,Parking Lot,Personal Weapons,,C
239750964,214801354,2025-05-23,Plano,TX0430600,13B,W,W,N,M,37,R,Y,SE,Residence/Home,Home,Personal Weapons,Minor Injury,C
236144851,211651305,2025-05-24,Plano,TX0430600,13B,H,W,H,F,27,N,Y,XR,Parking/Drop Lot/Garage,Parking Lot,Personal Weapons,Minor Injury,C
237939526,213215989,2025-05-24,Plano,TX0430600,13B,H,W,H,M,15,R,N,SB,Parking/Drop Lot/Garage,Parking Lot,Personal Weapons,Minor Injury,C
244955729,219338886,2025-05-24,Plano,TX0430600,13B,A,A,N,F,53,N,Y,XR,Restaurant,Restaurant,Personal Weapons,Minor Injury,C
236144853,211651307,2025-05-25,Plano,TX0430600,13B,B,B,N,F,34,N,N,ST,Bar/Nightclub,Bar & Nightclub,Personal Weapons,,C
236144860,211651313,2025-05-25,Plano,TX0430600,13B,W,W,N,M,65,N,N,AQ,Park/Playground,Park & Playground,Personal Weapons,,C
237939531,213215994,2025-05-25,Plano,TX0430600,13B,B,B,N,F,64,R,N,PA,Highway/Road/Alley/Street/Sidewalk,Street & Sidewalk,Personal Weapons,Minor Injury,C
241481282,216311463,2025-05-25,Plano,TX0430600,13B,B,B,N,F,38,R,N,AQ;VO,Residence/Home,Home,Personal Weapons,,C
241481283,216311463,2025-05-25,Plano,TX0430600,13B,W,W,N,F,82,R,N,AQ;VO,Residence/Home,Home,Personal Weapons,Minor Injury,C
248639549,222562376,2025-05-25,Plano,TX0430600,13B,B,B,N,F,23,N,Y,XR,Highway/Road/Alley/Street/Sidewalk,Street & Sidewalk,Personal Weapons,Minor Injury,C
236144877,211651330,2025-05-26,Plano,TX0430600,13B,H,W,H,F,31,R,N,OK,Parking/Drop Lot/Garage,Parking Lot,Personal Weapons,Minor Injury,C
239750982,214801363,2025-05-26,Plano,TX0430600,13B,W,W,N,F,33,R,Y,SE,Residence/Home,Home,Personal Weapons,,C
241481292,216311471,2025-05-26,Plano,TX0430600,13B,H,W,H,M,22,R,N,SB,Residence/Home,Home,Personal Weapons,Minor Injury,C
237939542,213216003,2025-05-27,Plano,TX0430600,13B,B,B,N,F,43,N,N,ST,Residence/Home,Home,Personal Weapons,Minor Injury,C
252533638,225959981,2025-05-28,Plano,TX0430600,13B,B,B,N,M,29,N,N,ST,Shopping Mall,Shopping Mall,Personal Weapons,Minor Injury,C
237939591,213216048,2025-05-29,Plano,TX0430600,13B,W,W,N,M,71,R,N,ST,Highway/Road/Alley/Street/Sidewalk,Street & Sidewalk,Personal Weapons,Minor Injury,C
241481315,216311490,2025-05-29,Plano,TX0430600,13B,W,W,N,F,28,R,Y,SE,Hotel/Motel/Etc.,Hotel & Motel,Personal Weapons,Minor Injury,C
241481324,216311498,2025-05-29,Plano,TX0430600,13B,W,W,N,M,31,N,Y,XR,Parking/Drop Lot/Garage,Parking Lot,Personal Weapons,,C
236145032,211651463,2025-05-30,Plano,TX0430600,13B,B,B,N,M,31,R,N,ST,Other/Unknown,Other & Unknown,Personal Weapons,Minor Injury,C
237939619,213216071,2025-05-30,Plano,TX0430600,13B,W,W,N,F,40,R,N,AQ,Parking/Drop Lot/Garage,Parking Lot,Personal Weapons,,C
237939737,213216174,2025-05-30,Plano,TX0430600,13B,W,W,N,M,12,R,N,OK,Government/Public Building,Government Building,Personal Weapons,Minor Injury,C
241481326,216311500,2025-05-30,Plano,TX0430600,13B,B,B,N,F,41,N,Y,SE,Highway/Road/Alley/Street/Sidewalk,Street & Sidewalk,Personal Weapons,Minor Injury,C
236145045,211651474,2025-05-31,Plano,TX0430600,13B,W,W,N,M,15,,N,ST,Restaurant,Restaurant,Personal Weapons,Minor Injury,C
236145046,211651474,2025-05-31,Plano,TX0430600,13B,H,W,H,M,13,R,N,ST,Restaurant,Restaurant,Personal Weapons,Minor Injury,C
236145047,211651474,2025-05-31,Plano,TX0430600,13B,W,W,N,M,14,R,N,ST,Restaurant,Restaurant,Personal Weapons,Minor Injury,C
236145048,211651474,2025-05-31,Plano,TX0430600,13B,W,W,N,M,14,R,N,ST,Restaurant,Restaurant,Personal Weapons,Minor Injury,C
236145049,211651474,2025-05-31,Plano,TX0430600,13B,A,A,N,M,14,R,N,ST,Restaurant,Restaurant,Personal Weapons,Minor Injury,C
236145050,211651474,2025-05-31,Plano,TX0430600,13B,W,W,N,M,14,,N,ST,Restaurant,Restaurant,Personal Weapons,Minor Injury,C
237939622,213216074,2025-05-31,Plano,TX0430600,13B,W,W,N,F,23,R,Y,VO;XS,Residence/Home,Home,Personal Weapons,,C
237939623,213216074,2025-05-31,Plano,TX0430600,13B,W,W,N,M,26,R,Y,VO;XS,Residence/Home,Home,Personal Weapons,,C
237939629,213216079,2025-05-31,Plano,TX0430600,13B,H,W,H,M,12,N,N,ST,Park/Playground,Park & Playground,Personal Weapons,Minor Injury,C
239751003,214801379,2025-05-31,Plano,TX0430600,13B,B,B,N,F,43,R,N,OK,Residence/Home,Home,Personal Weapons,,C
250472032,224162452,2025-05-31,Plano,TX0430600,13B,W,W,N,F,59,R,N,NE,Residence/Home,Home,Personal Weapons,Minor Injury,C
237939636,213216084,2025-06-01,Plano,TX0430600,13B,H,W,H,F,26,R,Y,XR,Residence/Home,Home,Personal Weapons,Minor Injury,C
237939637,213216084,2025-06-01,Plano,TX0430600,13B,H,W,H,F,7,R,N,SC,Residence/Home,Home,Personal Weapons,Minor Injury,C
237939639,213216086,2025-06-01,Plano,TX0430600,13B,W,W,N,F,37,R,Y,SE,Highway/Road/Alley/Street/Sidewalk,Street & Sidewalk,Personal Weapons,Minor Injury,C
237939641,213216088,2025-06-01,Plano,TX0430600,13B,W,W,N,M,50,N,N,ST,Highway/Road/Alley/Street/Sidewalk,Street & Sidewalk,Personal Weapons,Minor Injury,C
237939644,213216091,2025-06-01,Plano,TX0430600,13B,B,B,N,F,32,R,Y,BG,Residence/Home,Home,Personal Weapons,Minor Injury,C
241481333,216311506,2025-06-01,Plano,TX0430600,13B,A,A,N,F,26,R,Y,SE,Residence/Home,Home,Personal Weapons,Minor Injury,C
241481354,216311521,2025-06-01,Plano,TX0430600,13B,W,W,N,M,35,R,Y,BG,Residence/Home,Home,Personal Weapons,Minor Injury,C
246876816,221027070,2025-06-01,Plano,TX0430600,13B,B,B,N,F,29,R,Y,BG,Residence/Home,Home,Personal Weapons,Minor Injury,C
237939688,213216127,2025-06-02,Plano,TX0430600,13B,A,A,N,M,16,R,N,FR,Highway/Road/Alley/Street/Sidewalk,Street & Sidewalk,Personal Weapons,Minor Injury,C
237939689,213216128,2025-06-02,Plano,TX0430600,13B,H,W,H,F,42,R,N,ST,Restaurant,Restaurant,Personal Weapons,,C
239751011,214801385,2025-06-02,Plano,TX0430600,13B,H,W,H,F,30,R,Y,CS,Residence/Home,Home,Personal Weapons,Minor Injury,C
241481344,216311515,2025-06-02,Plano,TX0430600,13B,W,W,N,F,16,R,N,CH,Residence/Home,Home,Personal Weapons,Minor Injury,C
241481362,216311528,2025-06-02,Plano,TX0430600,13B,W,W,N,M,16,R,N,ST,Park/Playground,Park & Playground,Personal Weapons,Minor Injury,C
243224696,217828783,2025-06-02,Plano,TX0430600,13B,B,B,N,F,37,R,Y,BG,Residence/Home,Home,Personal Weapons,Minor Injury,C
237939699,213216137,2025-06-03,Plano,TX0430600,13B,B,B,N,M,33,R,N,OK;VO,Residence/Home,Home,Personal Weapons,,C
237939700,213216137,2025-06-03,Plano,TX0430600,13B,B,B,N,M,18,R,N,OK;VO,Residence/Home,Home,Personal Weapons,,C
237939718,213216155,2025-06-03,Plano,TX0430600,13B,W,W,N,M,42,R,N,ST,Other/Unknown,Other & Unknown,Personal Weapons,Minor Injury,C
237939725,213216162,2025-06-03,Plano,TX0430600,13B,W,W,N,M,16,R,N,OK,Government/Public Building,Government Building,Personal Weapons,,C
241481370,216311535,2025-06-04,Plano,TX0430600,13B,W,W,N,F,44,R,Y,BG,Residence/Home,Home,Personal Weapons,Minor Injury,C
241481379,216311543,2025-06-05,Plano,TX0430600,13B,H,W,H,M,23,R,N,SB,Residence/Home,Home,Personal Weapons,Minor Injury,C
243225104,217829115,2025-06-05,Plano,TX0430600,13B,A,A,N,F,40,R,Y,BG,Residence/Home,Home,Personal Weapons,Minor Injury,C
237939817,213216253,2025-06-06,Plano,TX0430600,13B,W,W,N,M,69,R,N,ER,Parking/Drop Lot/Garage,Parking Lot,Personal Weapons,Minor Injury,C
237939830,213216266,2025-06-06,Plano,TX0430600,13B,W,W,N,F,59,R,Y,BG,Commercial/Office Building,Office Building,Personal Weapons,,C
237939835,213216271,2025-06-06,Plano,TX0430600,13B,A,A,N,F,57,R,N,ST,Parking/Drop Lot/Garage,Parking Lot,Personal Weapons,,C
237939860,213216292,2025-06-06,Plano,TX0430600,13B,B,B,N,F,50,R,N,PA,Residence/Home,Home,Personal Weapons,Minor Injury,C
239751039,214801409,2025-06-06,Plano,TX0430600,13B,B,B,N,F,41,R,Y,BG,Highway/Road/Alley/Street/Sidewalk,Street & Sidewalk,Personal Weapons,Minor Injury,C
241481411,216311570,2025-06-06,Plano,TX0430600,13B,H,W,H,F,45,U,Y,BG,Parking/Drop Lot/Garage,Parking Lot,Personal Weapons,Minor Injury,C
237939856,213216289,2025-06-07,Plano,TX0430600,13B,B,B,N,F,20,R,N,CH,Residence/Home,Home,Personal Weapons,Minor Injury,C
241481392,216311553,2025-06-07,Plano,TX0430600,13B,B,B,N,M,36,R,Y,BG,Residence/Home,Home,Personal Weapons,Minor Injury,C
243224720,217828798,2025-06-07,Plano,TX0430600,13B,B,B,N,F,52,N,Y,BG,Residence/Home,Home,Personal Weapons,Minor Injury,C
237939877,213216307,2025-06-08,Plano,TX0430600,13B,H,W,H,M,33,R,N,SB,Residence/Home,Home,Personal Weapons,Minor Injury,C
237939889,213216318,2025-06-08,Plano,TX0430600,13B,W,W,N,F,59,R,Y,SE,Residence/Home,Home,Personal Weapons,Minor Injury,C
237939905,213216333,2025-06-08,Plano,TX0430600,13B,W,W,N,F,38,R,Y,SE,Residence/Home,Home,Personal Weapons,Minor Injury,C
237939906,213216334,2025-06-08,Plano,TX0430600,13B,H,W,H,M,21,R,Y,XS,Residence/Home,Home,Personal Weapons,,C
237939910,213216338,2025-06-08,Plano,TX0430600,13B,W,W,N,F,31,R,Y,BG,Hotel/Motel/Etc.,Hotel & Motel,Personal Weapons,,C
237939948,213216375,2025-06-08,Plano,TX0430600,13B,B,B,N,F,53,R,N,OK,Residence/Home,Home,Personal Weapons,Minor Injury,C
241481404,216311564,2025-06-08,Plano,TX0430600,13B,W,W,N,M,20,R,Y,BG,Residence/Home,Home,Personal Weapons,Minor Injury,C
241481406,216311566,2025-06-08,Plano,TX0430600,13B,H,W,H,F,29,R,Y,BG,Residence/Home,Home,Personal Weapons,Minor Injury,C
237939911,213216339,2025-06-09,Plano,TX0430600,13B,W,W,N,F,38,N,Y,BG,Hotel/Motel/Etc.,Hotel & Motel,Personal Weapons,Minor Injury,C
237939927,213216355,2025-06-09,Plano,TX0430600,13B,B,B,N,M,45,R,Y,BG,Residence/Home,Home,Personal Weapons,,C
239751059,214801425,2025-06-11,Plano,TX0430600,13B,W,W,N,M,46,N,N,OK,Other/Unknown,Other & Unknown,Personal Weapons,,C
241481423,216311580,2025-06-11,Plano,TX0430600,13B,H,W,H,M,31,R,N,ST,Highway/Road/Alley/Street/Sidewalk,Street & Sidewalk,Personal Weapons,Minor Injury,C
237974615,213247304,2025-06-12,Plano,TX0430600,13B,W,W,N,M,30,R,N,SB,Residence/Home,Home,Personal Weapons,,C
237974658,213247339,2025-06-12,Plano,TX0430600,13B,B,B,N,F,67,R,N,IL,Residence/Home,Home,Personal Weapons,,C
237975090,213247731,2025-06-12,Plano,TX0430600,13B,B,B,N,M,6,N,N,GC,Residence/Home,Home,Personal Weapons,Minor Injury,C
237974668,213247348,2025-06-13,Plano,TX0430600,13B,B,B,N,M,8,R,N,SB,Parking/Drop Lot/Garage,Parking Lot,Personal Weapons,Minor Injury,C
237974669,213247348,2025-06-13,Plano,TX0430600,13B,B,B,N,M,6,R,N,SB,Parking/Drop Lot/Garage,Parking Lot,Personal Weapons,Minor Injury,C
239751066,214801432,2025-06-13,Plano,TX0430600,13B,H,W,H,F,35,R,N,ST,Highway/Road/Alley/Street/Sidewalk,Street & Sidewalk,Personal Weapons,,C
239751068,214801434,2025-06-13,Plano,TX0430600,13B,B,B,N,F,29,R,N,ST,Residence/Home,Home,Personal Weapons,,C
239751072,214801438,2025-06-13,Plano,TX0430600,13B,W,W,N,F,24,N,N,AQ,Restaurant,Restaurant,Personal Weapons,Minor Injury,C
248637801,222560819,2025-06-13,Plano,TX0430600,13B,H,W,H,F,48,N,N,OK;VO,Parking/Drop Lot/Garage,Parking Lot,Personal Weapons,Minor Injury,C
248637802,222560819,2025-06-13,Plano,TX0430600,13B,H,W,H,M,27,N,N,OK;VO,Parking/Drop Lot/Garage,Parking Lot,Personal Weapons,Minor Injury,C
237974703,213247379,2025-06-14,Plano,TX0430600,13B,W,W,N,F,36,R,N,FR,Hotel/Motel/Etc.,Hotel & Motel,Personal Weapons,,C
237974723,213247399,2025-06-14,Plano,TX0430600,13B,B,B,N,F,46,R,N,OK,Residence/Home,Home,Personal Weapons,,C
239751076,214801442,2025-06-14,Plano,TX0430600,13B,A,A,N,F,54,R,Y,SE,Residence/Home,Home,Personal Weapons,,C
239751077,214801443,2025-06-14,Plano,TX0430600,13B,W,W,N,F,36,R,Y,XR,Residence/Home,Home,Personal Weapons,Minor Injury,C
244955025,219338301,2025-06-14,Plano,TX0430600,13B,B,B,N,M,52,R,N,ST,Parking/Drop Lot/Garage,Parking Lot,Personal Weapons,Minor Injury,C
237974747,213247419,2025-06-15,Plano,TX0430600,13B,W,W,N,F,29,R,N,PA,Residence/Home,Home,Personal Weapons,Minor Injury,C
241481442,216311596,2025-06-15,Plano,TX0430600,13B,B,B,N,F,29,R,Y,XR,Residence/Home,Home,Personal Weapons,Minor Injury,C
241481443,216311597,2025-06-15,Plano,TX0430600,13B,H,W,H,M,73,R,N,PA,Residence/Home,Home,Personal Weapons,Minor Injury,C
244955027,219338303,2025-06-15,Plano,TX0430600,13B,H,W,H,M,21,R,N,NE,Highway/Road/Alley/Street/Sidewalk,Street & Sidewalk,Personal Weapons,Minor Injury,C
237974750,213247422,2025-06-16,Plano,TX0430600,13B,H,W,H,M,45,R,N,ST,Residence/Home,Home,Personal Weapons,Minor Injury,C
237974784,213247452,2025-06-16,Plano,TX0430600,13B,B,B,N,F,39,R,Y,XR,Residence/Home,Home,Personal Weapons,Minor Injury,C
237974787,213247455,2025-06-17,Plano,TX0430600,13B,A,A,N,M,60,R,N,ST,Drug Store/Doctor's Office/Hospital,Hospital & Clinic,Personal Weapons,,C
237974788,213247455,2025-06-17,Plano,TX0430600,13B,W,W,N,M,73,R,N,ST,Drug Store/Doctor's Office/Hospital,Hospital & Clinic,Personal Weapons,Minor Injury,C
237974815,213247482,2025-06-18,Plano,TX0430600,13B,H,W,H,F,49,R,N,PA,Residence/Home,Home,Personal Weapons,,C
239751091,214801456,2025-06-18,Plano,TX0430600,13B,W,W,N,M,2,R,N,ST,Residence/Home,Home,Personal Weapons,Minor Injury,C
244955029,219338305,2025-06-18,Plano,TX0430600,13B,B,B,N,F,39,R,Y,BG,Residence/Home,Home,Personal Weapons,Minor Injury,C
237974932,213247588,2025-06-19,Plano,TX0430600,13B,H,W,H,M,37,R,Y,BG,Residence/Home,Home,Personal Weapons,,C
239751103,214801466,2025-06-19,Plano,TX0430600,13B,W,W,N,F,42,R,N,ST,Convenience Store,Convenience Store,Personal Weapons,,C
239751104,214801467,2025-06-19,Plano,TX0430600,13B,B,B,N,F,34,R,Y,BG,Parking/Drop Lot/Garage,Parking Lot,Personal Weapons,Minor Injury,C
241481459,216311609,2025-06-19,Plano,TX0430600,13B,H,W,H,F,23,R,Y,BG,Residence/Home,Home,Personal Weapons,Minor Injury,C
241481465,216311613,2025-06-19,Plano,TX0430600,13B,W,W,N,F,44,R,N,ST,Parking/Drop Lot/Garage,Parking Lot,Personal Weapons,,C
243224809,217828866,2025-06-19,Plano,TX0430600,13B,W,W,N,F,33,N,Y,BG;VO,Hotel/Motel/Etc.,Hotel & Motel,Personal Weapons,,C
237974914,213247571,2025-06-20,Plano,TX0430600,13B,B,B,N,F,40,R,N,PA,Residence/Home,Home,Personal Weapons,Minor Injury,C
243224828,217828880,2025-06-21,Plano,TX0430600,13B,H,W,H,M,44,N,N,ST,Specialty Store,Specialty Store,Personal Weapons,Minor Injury,C
243224829,217828880,2025-06-21,Plano,TX0430600,13B,A,A,N,F,40,U,N,ST,Specialty Store,Specialty Store,Personal Weapons,Minor Injury,C
243224931,217828968,2025-06-21,Plano,TX0430600,13B,B,B,N,M,17,N,N,ST,Highway/Road/Alley/Street/Sidewalk,Street & Sidewalk,Personal Weapons,Minor Injury,C
244955039,219338315,2025-06-21,Plano,TX0430600,13B,B,B,N,M,23,N,Y,XR,Residence/Home,Home,Personal Weapons,Minor Injury,C
237975025,213247673,2025-06-22,Plano,TX0430600,13B,B,B,N,M,52,N,N,ST,Department/Discount Store,Department Store,Personal Weapons,,C
241481482,216311622,2025-06-22,Plano,TX0430600,13B,B,B,N,F,30,R,Y,SE,Residence/Home,Home,Personal Weapons,Minor Injury,C
241481483,216311623,2025-06-22,Plano,TX0430600,13B,H,W,H,F,22,R,Y,BG,Parking/Drop Lot/Garage,Parking Lot,Personal Weapons,Minor Injury,C
237975088,213247729,2025-06-23,Plano,TX0430600,13B,B,B,N,F,45,R,Y,XR,Grocery/Supermarket,Grocery Store,Personal Weapons,Minor Injury,C
237975095,213247736,2025-06-23,Plano,TX0430600,13B,B,B,N,F,48,N,N,ST,Arena/Stadium/Fairgrounds/Coliseum,Arena & Stadium,Personal Weapons,Minor Injury,C
237975100,213247741,2025-06-23,Plano,TX0430600,13B,B,B,N,F,29,N,N,AQ,Residence/Home,Home,Personal Weapons,Minor Injury,C
239751144,214801500,2025-06-23,Plano,TX0430600,13B,B,B,N,F,24,R,Y,XR,Residence/Home,Home,Personal Weapons,Minor Injury,C
239751145,214801501,2025-06-23,Plano,TX0430600,13B,B,B,N,F,32,R,Y,XR,Residence/Home,Home,Personal Weapons,Minor Injury,C
241481487,216311627,2025-06-23,Plano,TX0430600,13B,B,B,N,M,17,N,N,CH,Residence/Home,Home,Personal Weapons,Minor Injury,C
241481488,216311628,2025-06-23,Plano,TX0430600,13B,H,W,H,F,59,R,Y,SE,Residence/Home,Home,Personal Weapons,Minor Injury,C
241481490,216311630,2025-06-24,Plano,TX0430600,13B,B,B,N,F,32,N,Y,XR,Highway/Road/Alley/Street/Sidewalk,Street & Sidewalk,Personal Weapons,Minor Injury,C
241481492,216311632,2025-06-24,Plano,TX0430600,13B,H,W,H,F,61,R,Y,SE,Residence/Home,Home,Personal Weapons,Minor Injury,C
241481493,216311633,2025-06-24,Plano,TX0430600,13B,H,W,H,F,23,N,N,ST,Drug Store/Doctor's Office/Hospital,Hospital & Clinic,Personal Weapons,,C
244955045,219338321,2025-06-24,Plano,TX0430600,13B,W,W,N,F,39,N,N,FR,Hotel/Motel/Etc.,Hotel & Motel,Personal Weapons,Minor Injury,C
241481496,216311635,2025-06-25,Plano,TX0430600,13B,W,W,N,F,22,N,Y,BG,Highway/Road/Alley/Street/Sidewalk,Street & Sidewalk,Personal Weapons,Minor Injury,C
241481501,216311637,2025-06-25,Plano,TX0430600,13B,B,B,N,F,15,R,N,OK,Residence/Home,Home,Personal Weapons,Minor Injury,C
241481502,216311637,2025-06-25,Plano,TX0430600,13B,B,B,N,F,38,R,N,AQ,Residence/Home,Home,Personal Weapons,Minor Injury,C
237975212,213247835,2025-06-26,Plano,TX0430600,13B,H,W,H,M,35,R,N,SB,Residence/Home,Home,Personal Weapons,Minor Injury,C
237975252,213247873,2025-06-26,Plano,TX0430600,13B,B,B,N,M,17,N,Y,BG,Residence/Home,Home,Personal Weapons,Minor Injury,C
239751212,214801556,2025-06-26,Plano,TX0430600,13B,B,B,N,F,72,R,N,AQ,Specialty Store,Specialty Store,Personal Weapons,Minor Injury,C
250472046,224162464,2025-06-26,Plano,TX0430600,13B,W,W,N,F,62,N,N,ST,Highway/Road/Alley/Street/Sidewalk,Street & Sidewalk,Personal Weapons,Minor Injury,C
239751177,214801528,2025-06-28,Plano,TX0430600,13B,H,W,H,F,41,R,Y,BG,Hotel/Motel/Etc.,Hotel & Motel,Personal Weapons,,C
239751180,214801531,2025-06-28,Plano,TX0430600,13B,W,W,N,M,45,R,N,FR,Residence/Home,Home,Personal Weapons,Minor Injury,C
241482638,216312609,2025-06-28,Plano,TX0430600,13B,W,W,N,F,34,R,Y,BG,Residence/Home,Home,Personal Weapons,Minor Injury,C
250472049,224162467,2025-06-28,Plano,TX0430600,13B,B,B,N,M,13,N,N,ST,Amusement Park,Amusement Park,Personal Weapons,,C
237975333,213247944,2025-06-29,Plano,TX0430600,13B,H,W,H,M,43,R,Y,BG,Residence/Home,Home,Personal Weapons,Minor Injury,C
241481528,216311658,2025-06-29,Plano,TX0430600,13B,A,A,N,F,43,R,Y,SE,Residence/Home,Home,Personal Weapons,Minor Injury,C
243224882,217828930,2025-06-29,Plano,TX0430600,13B,B,B,N,F,48,R,Y,XR,Residence/Home,Home,Personal Weapons,Minor Injury,C
244955068,219338340,2025-06-29,Plano,TX0430600,13B,W,W,N,M,38,N,N,ST,Bar/Nightclub,Bar & Nightclub,Personal Weapons,,C
237975362,213247971,2025-06-30,Plano,TX0430600,13B,H,W,H,F,52,R,N,ST,Residence/Home,Home,Personal Weapons,,C
239751207,214801553,2025-06-30,Plano,TX0430600,13B,B,B,N,F,64,N,N,PA,Highway/Road/Alley/Street/Sidewalk,Street & Sidewalk,Personal Weapons,Minor Injury,C
241481548,216311674,2025-06-30,Plano,TX0430600,13B,W,W,N,F,51,N,Y,XR,Residence/Home,Home,Personal Weapons,Minor Injury,C
239751217,214801561,2025-07-01,Plano,TX0430600,13B,W,W,N,F,18,R,N,CH,Residence/Home,Home,Personal Weapons,Minor Injury,C
239751218,214801561,2025-07-01,Plano,TX0430600,13B,H,W,H,M,21,R,N,AQ,Residence/Home,Home,Personal Weapons,Minor Injury,C
241481541,216311667,2025-07-01,Plano,TX0430600,13B,A,A,N,F,34,R,Y,SE,Residence/Home,Home,Personal Weapons,Minor Injury,C
241482584,216312563,2025-07-01,Plano,TX0430600,13B,W,W,N,F,66,R,N,GP,Residence/Home,Home,Personal Weapons,,C
244955891,219339027,2025-07-01,Plano,TX0430600,13B,B,B,N,F,30,R,Y,XR,Parking/Drop Lot/Garage,Parking Lot,Personal Weapons,Minor Injury,C
239751227,214801570,2025-07-02,Plano,TX0430600,13B,W,W,N,F,23,R,Y,XR,Residence/Home,Home,Personal Weapons,Minor Injury,C
239751232,214801575,2025-07-02,Plano,TX0430600,13B,H,W,H,F,31,R,N,PA,Residence/Home,Home,Personal Weapons,Minor Injury,C
241481545,216311671,2025-07-02,Plano,TX0430600,13B,W,W,N,M,35,N,Y,BG,Parking/Drop Lot/Garage,Parking Lot,Personal Weapons,Minor Injury,C
241481554,216311679,2025-07-03,Plano,TX0430600,13B,B,B,N,M,61,R,N,OK;VO,Parking/Drop Lot/Garage,Parking Lot,Personal Weapons,,C
241481560,216311682,2025-07-03,Plano,TX0430600,13B,H,B,H,M,26,R,N,ST,Residence/Home,Home,Personal Weapons,,C
244955154,219338412,2025-07-03,Plano,TX0430600,13B,W,W,N,F,45,N,Y,XR,Residence/Home,Home,Personal Weapons,Minor Injury,C
239751293,214801630,2025-07-04,Plano,TX0430600,13B,B,B,N,M,45,N,N,IL,Residence/Home,Home,Personal Weapons,Minor Injury,C
239751294,214801630,2025-07-04,Plano,TX0430600,13B,B,B,N,F,32,N,N,ST,Residence/Home,Home,Personal Weapons,Minor Injury,C
239751298,214801634,2025-07-04,Plano,TX0430600,13B,B,B,N,F,14,R,N,OK,Parking/Drop Lot/Garage,Parking Lot,Personal Weapons,,C
241481561,216311683,2025-07-04,Plano,TX0430600,13B,H,W,H,F,26,R,Y,BG,Residence/Home,Home,Personal Weapons,Minor Injury,C
241481562,216311684,2025-07-04,Plano,TX0430600,13B,B,B,N,M,74,R,N,PA,Residence/Home,Home,Personal Weapons,Minor Injury,C
241481563,216311684,2025-07-04,Plano,TX0430600,13B,B,B,N,F,70,R,N,PA,Residence/Home,Home,Personal Weapons,Minor Injury,C
241481565,216311686,2025-07-04,Plano,TX0430600,13B,W,W,N,M,26,R,N,CH,Residence/Home,Home,Personal Weapons,Minor Injury,C
244955140,219338400,2025-07-04,Plano,TX0430600,13B,H,W,H,F,27,R,Y,XR,Parking/Drop Lot/Garage,Parking Lot,Personal Weapons,Minor Injury,C
241481568,216311688,2025-07-05,Plano,TX0430600,13B,W,W,N,F,50,R,Y,BG,Hotel/Motel/Etc.,Hotel & Motel,Personal Weapons,Minor Injury,C
241481569,216311689,2025-07-05,Plano,TX0430600,13B,A,A,N,M,38,R,Y,SE,Residence/Home,Home,Personal Weapons,Minor Injury,C
241481570,216311690,2025-07-05,Plano,TX0430600,13B,B,B,N,F,21,R,Y,BG,Residence/Home,Home,Personal Weapons,Minor Injury,C
241481594,216311710,2025-07-05,Plano,TX0430600,13B,B,B,N,M,7,R,N,CH,Parking/Drop Lot/Garage,Parking Lot,Personal Weapons,Minor Injury,C
246876428,221026749,2025-07-05,Plano,TX0430600,13B,W,W,N,M,30,R,N,OK,Residence/Home,Home,Personal Weapons,Minor Injury,C
239751346,214801676,2025-07-06,Plano,TX0430600,13B,H,I,H,F,31,R,N,SB,Residence/Home,Home,Personal Weapons,Minor Injury,C
241481574,216311693,2025-07-06,Plano,TX0430600,13B,B,B,N,F,37,N,N,AQ,Residence/Home,Home,Personal Weapons,Minor Injury,C
241481576,216311695,2025-07-06,Plano,TX0430600,13B,H,W,H,M,,U,N,ST,Jail/Prison/Penitentiary/Corrections Facility,Jail & Prison,Personal Weapons,,C
241481578,216311696,2025-07-06,Plano,TX0430600,13B,B,B,N,M,4,N,N,CH,Residence/Home,Home,Personal Weapons,Minor Injury,C
243224950,217828982,2025-07-06,Plano,TX0430600,13B,W,W,N,F,51,R,Y,BG,Residence/Home,Home,Personal Weapons,Minor Injury,C
250472058,224162476,2025-07-06,Plano,TX0430600,13B,B,B,N,F,37,R,Y,BG,Residence/Home,Home,Personal Weapons,Minor Injury,C
241481597,216311712,2025-07-07,Plano,TX0430600,13B,W,W,N,F,50,R,N,CH,Residence/Home,Home,Personal Weapons,Minor Injury,C
243224952,217828984,2025-07-07,Plano,TX0430600,13B,W,W,N,F,21,R,N,ST,Parking/Drop Lot/Garage,Parking Lot,Personal Weapons,Minor Injury,C
243224953,217828984,2025-07-07,Plano,TX0430600,13B,W,W,N,M,20,N,N,ST,Parking/Drop Lot/Garage,Parking Lot,Personal Weapons,Minor Injury,C
244955103,219338368,2025-07-07,Plano,TX0430600,13B,H,W,H,M,31,R,N,OK,Specialty Store,Specialty Store,Personal Weapons,Minor Injury,C
239751393,214801721,2025-07-08,Plano,TX0430600,13B,H,W,H,F,62,R,N,OK,Residence/Home,Home,Personal Weapons,Minor Injury,C
243224973,217829001,2025-07-08,Plano,TX0430600,13B,W,W,N,M,26,R,Y,SE,Residence/Home,Home,Personal Weapons,Minor Injury,C
241481590,216311707,2025-07-09,Plano,TX0430600,13B,H,W,H,F,70,R,N,ST,Specialty Store,Specialty Store,Personal Weapons,Minor Injury,C
241481650,216311758,2025-07-09,Plano,TX0430600,13B,W,W,N,F,33,R,Y,BG,Hotel/Motel/Etc.,Hotel & Motel,Personal Weapons,Minor Injury,C
239751433,214801756,2025-07-10,Plano,TX0430600,13B,B,B,N,M,44,R,Y,SE,Parking/Drop Lot/Garage,Parking Lot,Personal Weapons,,C
239751439,214801762,2025-07-10,Plano,TX0430600,13B,W,W,N,M,59,R,Y,BG,Residence/Home,Home,Personal Weapons,Minor Injury,C
239751451,214801771,2025-07-10,Plano,TX0430600,13B,W,W,N,M,54,R,N,PA,Residence/Home,Home,Personal Weapons,Minor Injury,C
239751452,214801771,2025-07-10,Plano,TX0430600,13B,W,W,N,F,49,R,N,PA,Residence/Home,Home,Personal Weapons,,C
243224985,217829013,2025-07-10,Plano,TX0430600,13B,B,B,N,F,20,R,Y,BG,Parking/Drop Lot/Garage,Parking Lot,Personal Weapons,,C
248637896,222560901,2025-07-10,Plano,TX0430600,13B,W,W,N,F,51,R,N,AQ,Highway/Road/Alley/Street/Sidewalk,Street & Sidewalk,Personal Weapons,,C
241481602,216311715,2025-07-11,Plano,TX0430600,13B,H,W,H,F,30,R,Y,XR,Residence/Home,Home,Personal Weapons,Minor Injury,C
241481603,216311716,2025-07-11,Plano,TX0430600,13B,W,W,N,F,62,R,Y,BG,Residence/Home,Home,Personal Weapons,Minor Injury,C
239751483,214801801,2025-07-12,Plano,TX0430600,13B,H,W,H,F,16,N,N,OK,Residence/Home,Home,Personal Weapons,Minor Injury,C
239751499,214801816,2025-07-12,Plano,TX0430600,13B,B,B,N,F,21,N,N,AQ,Parking/Drop Lot/Garage,Parking Lot,Personal Weapons,,C
243224997,217829025,2025-07-12,Plano,TX0430600,13B,H,W,H,M,20,R,Y,BG,Residence/Home,Home,Personal Weapons,Minor Injury,C
244955118,219338381,2025-07-12,Plano,TX0430600,13B,B,B,N,F,21,R,Y,BG,Residence/Home,Home,Personal Weapons,Minor Injury,C
239751507,214801823,2025-07-13,Plano,TX0430600,13B,A,A,N,M,45,N,N,AQ,Restaurant,Restaurant,Personal Weapons,,C
243225005,217829033,2025-07-13,Plano,TX0430600,13B,W,W,N,M,63,R,Y,SE,Residence/Home,Home,Personal Weapons,Minor Injury,C
243225009,217829037,2025-07-13,Plano,TX0430600,13B,H,W,H,M,37,R,Y,XR,Drug Store/Doctor's Office/Hospital,Hospital & Clinic,Personal Weapons,Minor Injury,C
248639138,222561999,2025-07-13,Plano,TX0430600,13B,B,B,N,M,56,R,Y,SE,Residence/Home,Home,Personal Weapons,Minor Injury,C
239751564,214801874,2025-07-14,Plano,TX0430600,13B,B,B,N,M,31,R,Y,XR,Parking/Drop Lot/Garage,Parking Lot,Personal Weapons,Minor Injury,C
241481616,216311728,2025-07-14,Plano,TX0430600,13B,A,A,N,M,73,R,N,ST,Department/Discount Store,Department Store,Personal Weapons,,C
244955133,219338394,2025-07-14,Plano,TX0430600,13B,A,A,N,F,61,R,N,ST,Department/Discount Store,Department Store,Personal Weapons,,C
239751586,214801889,2025-07-15,Plano,TX0430600,13B,W,W,N,F,56,R,Y,XR,Residence/Home,Home,Personal Weapons,,C
239751615,214801913,2025-07-15,Plano,TX0430600,13B,H,W,H,F,19,N,N,AQ,Drug Store/Doctor's Office/Hospital,Hospital & Clinic,Personal Weapons,,C
252533662,225960000,2025-07-15,Plano,TX0430600,13B,B,B,N,M,24,R,N,AQ;VO,Hotel/Motel/Etc.,Hotel & Motel,Personal Weapons,Minor Injury,C
243225046,217829068,2025-07-16,Plano,TX0430600,13B,B,B,N,F,26,N,Y,XR,Parking/Drop Lot/Garage,Parking Lot,Personal Weapons,Minor Injury,C
244955144,219338404,2025-07-16,Plano,TX0430600,13B,B,B,N,M,26,R,N,FR,Residence/Home,Home,Personal Weapons,Minor Injury,C
244955145,219338404,2025-07-16,Plano,TX0430600,13B,B,B,N,F,21,R,N,FR,Residence/Home,Home,Personal Weapons,Minor Injury,C
244955872,219339011,2025-07-16,Plano,TX0430600,13B,B,B,N,F,35,N,Y,XR,Highway/Road/Alley/Street/Sidewalk,Street & Sidewalk,Personal Weapons,Minor Injury,C
241481636,216311746,2025-07-17,Plano,TX0430600,13B,A,A,N,F,53,R,N,ST,Parking/Drop Lot/Garage,Parking Lot,Personal Weapons,,C
241481637,216311747,2025-07-17,Plano,TX0430600,13B,B,B,N,F,32,R,Y,BG,Residence/Home,Home,Personal Weapons,Minor Injury,C
252534805,225960981,2025-07-17,Plano,TX0430600,13B,A,A,N,F,37,R,Y,SE,Residence/Home,Home,Personal Weapons,Minor Injury,C
239751680,214801970,2025-07-18,Plano,TX0430600,13B,H,W,H,M,38,N,N,ST,Parking/Drop Lot/Garage,Parking Lot,Personal Weapons,Minor Injury,C
239751687,214801976,2025-07-19,Plano,TX0430600,13B,A,A,N,M,43,R,Y,SE,Residence/Home,Home,Personal Weapons,,C
243225092,217829104,2025-07-19,Plano,TX0430600,13B,W,W,N,F,21,R,Y,BG,Residence/Home,Home,Personal Weapons,Minor Injury,C
243225095,217829106,2025-07-19,Plano,TX0430600,13B,B,B,N,M,27,R,Y,BG,Residence/Home,Home,Personal Weapons,Minor Injury,C
243225101,217829112,2025-07-19,Plano,TX0430600,13B,A,A,N,M,23,N,N,ST,Parking/Drop Lot/Garage,Parking Lot,Personal Weapons,,C
243225102,217829113,2025-07-19,Plano,TX0430600,13B,H,W,H,M,18,N,Y,XR,Residence/Home,Home,Personal Weapons,,C
241481653,216311761,2025-07-20,Plano,TX0430600,13B,B,B,N,F,22,R,Y,XR,Residence/Home,Home,Personal Weapons,Minor Injury,C
241481654,216311761,2025-07-20,Plano,TX0430600,13B,B,B,N,F,26,R,N,OK,Residence/Home,Home,Personal Weapons,Minor Injury,C
243225106,217829117,2025-07-20,Plano,TX0430600,13B,A,A,N,F,34,R,N,OK,Residence/Home,Home,Personal Weapons,Minor Injury,C
241482270,216312290,2025-07-21,Plano,TX0430600,13B,B,B,N,F,29,R,Y,XR,Residence/Home,Home,Personal Weapons,Minor Injury,C
239751773,214802049,2025-07-22,Plano,TX0430600,13B,B,B,N,M,49,U,N,AQ,Parking/Drop Lot/Garage,Parking Lot,Personal Weapons,,C
239752028,214802267,2025-07-22,Plano,TX0430600,13B,H,W,H,M,25,N,N,AQ,Hotel/Motel/Etc.,Hotel & Motel,Personal Weapons,,C
248638860,222561751,2025-07-22,Plano,TX0430600,13B,A,A,N,F,34,R,Y,SE,Residence/Home,Home,Personal Weapons,,C
243225154,217829150,2025-07-23,Plano,TX0430600,13B,B,B,N,F,15,R,N,CH,Residence/Home,Home,Personal Weapons,Minor Injury,C
250472076,224162488,2025-07-23,Plano,TX0430600,13B,B,B,N,M,27,N,N,ST,Parking/Drop Lot/Garage,Parking Lot,Personal Weapons,Minor Injury,C
239751835,214802102,2025-07-24,Plano,TX0430600,13B,B,B,N,F,22,R,Y,XR,Residence/Home,Home,Personal Weapons,Minor Injury,C
241481686,216311786,2025-07-24,Plano,TX0430600,13B,H,W,H,F,27,R,Y,BG,Parking/Drop Lot/Garage,Parking Lot,Personal Weapons,Minor Injury,C
243225170,217829162,2025-07-24,Plano,TX0430600,13B,B,B,N,M,31,R,Y,SE,Residence/Home,Home,Personal Weapons,Minor Injury,C
239751855,214802119,2025-07-25,Plano,TX0430600,13B,H,W,H,F,46,R,N,OK,Parking/Drop Lot/Garage,Parking Lot,Personal Weapons,,C
239751861,214802125,2025-07-25,Plano,TX0430600,13B,B,B,U,M,,,Y,XR,Highway/Road/Alley/Street/Sidewalk,Street & Sidewalk,Personal Weapons,,C
241481693,216311792,2025-07-25,Plano,TX0430600,13B,B,B,N,M,60,R,N,SB,Residence/Home,Home,Personal Weapons,,C
241481702,216311800,2025-07-25,Plano,TX0430600,13B,W,W,N,F,39,R,Y,BG,Residence/Home,Home,Personal Weapons,Minor Injury,C
243225181,217829169,2025-07-25,Plano,TX0430600,13B,H,W,H,M,67,R,N,FR,Service/Gas Station,Gas Station,Personal Weapons,,C
243225386,217829339,2025-07-25,Plano,TX0430600,13B,W,W,N,F,50,R,N,ST,Government/Public Building,Government Building,Personal Weapons,,C
248637973,222560966,2025-07-25,Plano,TX0430600,13B,W,W,N,F,18,N,N,ST,Government/Public Building,Government Building,Personal Weapons,,C
241481694,216311793,2025-07-26,Plano,TX0430600,13B,A,A,N,F,32,R,Y,SE,Residence/Home,Home,Personal Weapons,,C
241481697,216311796,2025-07-26,Plano,TX0430600,13B,H,W,H,F,26,N,Y,XR,Residence/Home,Home,Personal Weapons,,C
241481749,216311839,2025-07-26,Plano,TX0430600,13B,H,W,H,F,29,R,Y,SE,Residence/Home,Home,Personal Weapons,Minor Injury,C
239751878,214802141,2025-07-27,Plano,TX0430600,13B,B,B,N,M,40,R,N,OK,Residence/Home,Home,Personal Weapons,,C
239751881,214802144,2025-07-27,Plano,TX0430600,13B,B,B,N,F,22,R,Y,BG,Residence/Home,Home,Personal Weapons,Minor Injury,C
243225191,217829176,2025-07-27,Plano,TX0430600,13B,W,W,N,M,35,R,N,OK,Residence/Home,Home,Personal Weapons,Minor Injury,C
243225195,217829179,2025-07-27,Plano,TX0430600,13B,B,B,N,F,26,R,N,OF,Residence/Home,Home,Personal Weapons,Minor Injury,C
243225196,217829179,2025-07-27,Plano,TX0430600,13B,B,B,N,F,22,N,N,OF,Residence/Home,Home,Personal Weapons,Minor Injury,C
243225214,217829189,2025-07-27,Plano,TX0430600,13B,B,B,N,F,25,R,N,SB,Residence/Home,Home,Personal Weapons,Minor Injury,C
239751938,214802188,2025-07-28,Plano,TX0430600,13B,B,B,N,F,36,R,N,PA,Residence/Home,Home,Personal Weapons,Minor Injury,C
241481711,216311805,2025-07-28,Plano,TX0430600,13B,H,W,H,F,24,N,N,ST,Specialty Store,Specialty Store,Personal Weapons,,C
241481714,216311808,2025-07-28,Plano,TX0430600,13B,B,B,N,F,17,R,N,FR,Residence/Home,Home,Personal Weapons,Minor Injury,C
241481716,216311810,2025-07-29,Plano,TX0430600,13B,B,B,N,F,25,R,Y,BG,Residence/Home,Home,Personal Weapons,,C
244955202,219338454,2025-07-29,Plano,TX0430600,13B,W,W,N,F,24,R,Y,SE,Residence/Home,Home,Personal Weapons,Minor Injury,C
241481731,216311823,2025-07-30,Plano,TX0430600,13B,H,W,H,F,30,R,Y,BG,Residence/Home,Home,Personal Weapons,Minor Injury,C
241481732,216311823,2025-07-30,Plano,TX0430600,13B,H,W,H,F,57,R,N,OK,Residence/Home,Home,Personal Weapons,Minor Injury,C
241481734,216311825,2025-07-30,Plano,TX0430600,13B,W,W,N,F,33,N,Y,XR,Residence/Home,Home,Personal Weapons,Minor Injury,C
243225250,217829218,2025-07-30,Plano,TX0430600,13B,B,B,N,F,28,N,Y,XR,Hotel/Motel/Etc.,Hotel & Motel,Personal Weapons,Minor Injury,C
243225259,217829227,2025-07-30,Plano,TX0430600,13B,B,B,N,M,37,R,Y,SE,Residence/Home,Home,Personal Weapons,Minor Injury,C
243225261,217829229,2025-07-30,Plano,TX0430600,13B,B,B,N,F,35,N,Y,SE,Parking/Drop Lot/Garage,Parking Lot,Personal Weapons,Minor Injury,C
243225263,217829231,2025-07-31,Plano,TX0430600,13B,H,W,H,F,18,N,N,FR,Bar/Nightclub,Bar & Nightclub,Personal Weapons,Minor Injury,C
252534111,225960373,2025-08-01,Plano,TX0430600,13B,A,A,N,F,22,R,Y,BG,Residence/Home,Home,Personal Weapons,Minor Injury,C
241481764,216311853,2025-08-02,Plano,TX0430600,13B,H,W,H,F,46,R,Y,CS,Residence/Home,Home,Personal Weapons,Minor Injury,C
244955221,219338472,2025-08-02,Plano,TX0430600,13B,W,W,N,F,36,R,N,ST,Bar/Nightclub,Bar & Nightclub,Personal Weapons,,C
244955222,219338472,2025-08-02,Plano,TX0430600,13B,B,B,N,M,41,N,N,ST,Bar/Nightclub,Bar & Nightclub,Personal Weapons,Minor Injury,C
241481797,216311879,2025-08-03,Plano,TX0430600,13B,W,W,N,M,32,R,N,SP,Residence/Home,Home,Personal Weapons,,C
241481800,216311882,2025-08-03,Plano,TX0430600,13B,A,A,N,F,39,N,Y,SE,Restaurant,Restaurant,Personal Weapons,,C
243225287,217829252,2025-08-03,Plano,TX0430600,13B,W,W,N,F,42,R,Y,SE,Residence/Home,Home,Personal Weapons,Minor Injury,C
243225288,217829252,2025-08-03,Plano,TX0430600,13B,H,W,H,F,19,R,N,CH,Residence/Home,Home,Personal Weapons,Minor Injury,C
241481838,216311916,2025-08-04,Plano,TX0430600,13B,W,W,N,F,39,R,N,PA,Residence/Home,Home,Personal Weapons,Minor Injury,C
243225291,217829255,2025-08-04,Plano,TX0430600,13B,B,B,N,F,29,R,Y,BG,Residence/Home,Home,Personal Weapons,Minor Injury,C
243225640,217829553,2025-08-04,Plano,TX0430600,13B,H,W,H,F,37,R,Y,XR,Residence/Home,Home,Personal Weapons,Minor Injury,C
241481872,216311943,2025-08-05,Plano,TX0430600,13B,W,W,N,F,51,R,Y,BG,Residence/Home,Home,Personal Weapons,,C
241481876,216311947,2025-08-06,Plano,TX0430600,13B,H,W,H,M,31,R,N,AQ,Hotel/Motel/Etc.,Hotel & Motel,Personal Weapons,Minor Injury,C
241481896,216311967,2025-08-06,Plano,TX0430600,13B,B,B,N,M,28,R,N,AQ,Drug Store/Doctor's Office/Hospital,Hospital & Clinic,Personal Weapons,,C
241481909,216311979,2025-08-06,Plano,TX0430600,13B,H,W,H,M,22,R,N,SC,Residence/Home,Home,Personal Weapons,,C
241481912,216311982,2025-08-06,Plano,TX0430600,13B,W,W,N,M,42,R,Y,SE;VO,Residence/Home,Home,Personal Weapons,,C
241481913,216311982,2025-08-06,Plano,TX0430600,13B,W,W,N,F,38,R,Y,SE;VO,Residence/Home,Home,Personal Weapons,Minor Injury,C
243225327,217829285,2025-08-06,Plano,TX0430600,13B,H,W,H,M,22,N,N,ST,Parking/Drop Lot/Garage,Parking Lot,Other,Minor Injury,C
244955230,219338478,2025-08-06,Plano,TX0430600,13B,W,W,N,M,45,N,N,AQ,Residence/Home,Home,Personal Weapons,Minor Injury,C
241481916,216311985,2025-08-07,Plano,TX0430600,13B,W,W,N,F,37,R,Y,BG,Residence/Home,Home,Personal Weapons,Minor Injury,C
241481917,216311986,2025-08-07,Plano,TX0430600,13B,W,W,N,M,57,R,N,SP,Residence/Home,Home,Personal Weapons,Minor Injury,C
241481938,216312004,2025-08-07,Plano,TX0430600,13B,W,W,N,F,66,R,N,PA,Residence/Home,Home,Personal Weapons,Minor Injury,C
241481939,216312004,2025-08-07,Plano,TX0430600,13B,W,W,N,M,69,R,N,PA,Residence/Home,Home,Personal Weapons,Minor Injury,C
241481946,216312010,2025-08-07,Plano,TX0430600,13B,W,W,N,F,43,R,Y,BG,Residence/Home,Home,Personal Weapons,,C
243225345,217829302,2025-08-07,Plano,TX0430600,13B,A,A,N,M,60,R,N,PA,Residence/Home,Home,Personal Weapons,Minor Injury,C
243225346,217829302,2025-08-07,Plano,TX0430600,13B,A,A,N,F,49,R,N,PA,Residence/Home,Home,Personal Weapons,Minor Injury,C
244955233,219338481,2025-08-07,Plano,TX0430600,13B,B,B,N,F,35,R,Y,SE;VO,Residence/Home,Home,Personal Weapons,,C
241481956,216312019,2025-08-08,Plano,TX0430600,13B,B,B,N,F,29,R,N,SB,Residence/Home,Home,Personal Weapons,Minor Injury,C
243225355,217829310,2025-08-08,Plano,TX0430600,13B,W,W,U,F,24,N,N,AQ,Residence/Home,Home,Personal Weapons,,C
243225357,217829312,2025-08-08,Plano,TX0430600,13B,H,W,H,F,36,N,Y,BG,Highway/Road/Alley/Street/Sidewalk,Street & Sidewalk,Personal Weapons,Minor Injury,C
248638011,222560999,2025-08-08,Plano,TX0430600,13B,H,W,H,F,18,R,N,CH,Residence/Home,Home,Personal Weapons,Minor Injury,C
241481980,216312041,2025-08-09,Plano,TX0430600,13B,B,B,N,F,18,R,N,CH,Residence/Home,Home,Personal Weapons,Minor Injury,C
241481981,216312042,2025-08-09,Plano,TX0430600,13B,W,W,N,F,64,N,N,PA,Hotel/Motel/Etc.,Hotel & Motel,Personal Weapons,Minor Injury,C
241481985,216312046,2025-08-09,Plano,TX0430600,13B,W,W,N,F,41,R,N,PA,Residence/Home,Home,Personal Weapons,,C
243225362,217829317,2025-08-09,Plano,TX0430600,13B,H,W,H,F,27,N,Y,BG,Amusement Park,Amusement Park,Personal Weapons,Minor Injury,C
243225365,217829320,2025-08-09,Plano,TX0430600,13B,H,W,H,M,28,R,Y,XR,Residence/Home,Home,Personal Weapons,Minor Injury,C
244955238,219338485,2025-08-09,Plano,TX0430600,13B,W,W,N,F,40,R,N,SP,Specialty Store,Specialty Store,Personal Weapons,Minor Injury,C
244955241,219338488,2025-08-09,Plano,TX0430600,13B,H,W,H,M,28,N,N,OF,Residence/Home,Home,Personal Weapons,Minor Injury,C
248638015,222561002,2025-08-09,Plano,TX0430600,13B,W,W,N,F,51,R,Y,SE,Residence/Home,Home,Personal Weapons,Minor Injury,C
248638018,222561005,2025-08-09,Plano,TX0430600,13B,H,W,H,M,33,N,N,ST,Bar/Nightclub,Bar & Nightclub,Personal Weapons,Minor Injury,C
248638019,222561005,2025-08-09,Plano,TX0430600,13B,W,W,N,F,32,N,N,ST,Bar/Nightclub,Bar & Nightclub,Personal Weapons,Minor Injury,C
241481999,216312060,2025-08-10,Plano,TX0430600,13B,W,W,N,M,52,R,N,SP,Residence/Home,Home,Personal Weapons,Minor Injury,C
241482000,216312060,2025-08-10,Plano,TX0430600,13B,W,W,N,F,35,N,N,SS,Residence/Home,Home,Personal Weapons,,C
244955244,219338491,2025-08-10,Plano,TX0430600,13B,B,B,N,F,19,R,Y,BG,Parking/Drop Lot/Garage,Parking Lot,Personal Weapons,Minor Injury,C
244955340,219338561,2025-08-10,Plano,TX0430600,13B,H,W,H,M,33,N,N,ST,Bar/Nightclub,Bar & Nightclub,Personal Weapons,Minor Injury,C
241482017,216312076,2025-08-11,Plano,TX0430600,13B,B,B,N,F,45,R,N,PA,Residence/Home,Home,Personal Weapons,Minor Injury,C
241482045,216312103,2025-08-11,Plano,TX0430600,13B,W,W,N,M,66,R,Y,XR,Residence/Home,Home,Personal Weapons,Minor Injury,C
243225379,217829333,2025-08-11,Plano,TX0430600,13B,W,W,N,F,29,N,N,ST,Restaurant,Restaurant,Personal Weapons,,C
243225382,217829335,2025-08-11,Plano,TX0430600,13B,W,W,N,F,43,R,Y,XS,Residence/Home,Home,Personal Weapons,Minor Injury,C
243225384,217829337,2025-08-11,Plano,TX0430600,13B,W,W,N,F,39,N,N,ST,Drug Store/Doctor's Office/Hospital,Hospital & Clinic,Personal Weapons,,C
241482052,216312110,2025-08-12,Plano,TX0430600,13B,A,A,N,F,54,R,Y,SE,Government/Public Building,Government Building,Personal Weapons,Minor Injury,C
241482053,216312111,2025-08-12,Plano,TX0430600,13B,W,W,N,F,33,R,Y,BG,Residence/Home,Home,Personal Weapons,Minor Injury,C
243225395,217829347,2025-08-12,Plano,TX0430600,13B,B,B,N,F,22,R,Y,BG,Highway/Road/Alley/Street/Sidewalk,Street & Sidewalk,Personal Weapons,Minor Injury,C
243225420,217829366,2025-08-12,Plano,TX0430600,13B,W,W,N,F,17,R,N,FR,School-Elementary/Secondary,K-12 School,Personal Weapons,,C
244955258,219338499,2025-08-12,Plano,TX0430600,13B,W,W,N,F,25,R,N,ST,Specialty Store,Specialty Store,Personal Weapons,,C
241482139,216312179,2025-08-13,Plano,TX0430600,13B,W,W,N,F,33,R,Y,SE,Residence/Home,Home,Personal Weapons,Minor Injury,C
243225418,217829364,2025-08-13,Plano,TX0430600,13B,W,W,N,M,43,R,Y,BG,Residence/Home,Home,Personal Weapons,,C
243225429,217829374,2025-08-13,Plano,TX0430600,13B,B,B,N,F,62,R,N,FR,Residence/Home,Home,Personal Weapons,Minor Injury,C
241482087,216312138,2025-08-14,Plano,TX0430600,13B,W,W,N,F,25,U,N,ST,Bar/Nightclub,Bar & Nightclub,Personal Weapons,Minor Injury,C
241482088,216312139,2025-08-14,Plano,TX0430600,13B,P,P,N,F,26,R,Y,BG,Residence/Home,Home,Personal Weapons,Minor Injury,C
241482098,216312149,2025-08-14,Plano,TX0430600,13B,W,W,N,F,20,R,Y,XR,Hotel/Motel/Etc.,Hotel & Motel,Personal Weapons,Minor Injury,C
241482105,216312155,2025-08-14,Plano,TX0430600,13B,W,W,N,M,88,R,N,PA,Residence/Home,Home,Personal Weapons,,C
241482106,216312156,2025-08-14,Plano,TX0430600,13B,H,W,H,F,25,R,Y,BG,Parking/Drop Lot/Garage,Parking Lot,Personal Weapons,Minor Injury,C
243225462,217829398,2025-08-14,Plano,TX0430600,13B,H,W,H,F,19,R,Y,XR,Residence/Home,Home,Personal Weapons,Minor Injury,C
241482117,216312161,2025-08-15,Plano,TX0430600,13B,H,W,H,M,12,R,N,AQ;VO,School-Elementary/Secondary,K-12 School,Personal Weapons,,C
241482118,216312161,2025-08-15,Plano,TX0430600,13B,H,W,H,M,12,R,N,AQ;VO,School-Elementary/Secondary,K-12 School,Personal Weapons,,C
241482131,216312172,2025-08-15,Plano,TX0430600,13B,B,B,N,F,69,R,Y,CS,Residence/Home,Home,Personal Weapons,,C
241482135,216312176,2025-08-15,Plano,TX0430600,13B,W,W,N,F,23,N,N,AQ,School-Elementary/Secondary,K-12 School,Personal Weapons,Minor Injury,C
241482142,216312182,2025-08-15,Plano,TX0430600,13B,H,W,H,M,23,N,N,ST,Highway/Road/Alley/Street/Sidewalk,Street & Sidewalk,Personal Weapons,Minor Injury,C
241482155,216312194,2025-08-15,Plano,TX0430600,13B,H,W,H,M,22,R,N,OK,Residence/Home,Home,Personal Weapons,Minor Injury,C
243225452,217829391,2025-08-15,Plano,TX0430600,13B,W,W,N,F,52,R,Y,SE,Residence/Home,Home,Personal Weapons,Minor Injury,C
244955268,219338507,2025-08-15,Plano,TX0430600,13B,W,W,N,F,24,N,N,ST;VO,Residence/Home,Home,Personal Weapons,,C
250472094,224162504,2025-08-15,Plano,TX0430600,13B,H,W,H,M,27,R,N,NE,Parking/Drop Lot/Garage,Parking Lot,Personal Weapons,Minor Injury,C
241482162,216312200,2025-08-16,Plano,TX0430600,13B,H,W,H,F,25,N,Y,BG,Residence/Home,Home,Personal Weapons,,C
241482230,216312255,2025-08-16,Plano,TX0430600,13B,B,B,N,F,28,N,Y,BG,Residence/Home,Home,Personal Weapons,Minor Injury,C
243225464,217829400,2025-08-16,Plano,TX0430600,13B,B,B,N,M,21,R,Y,ST;XR,Highway/Road/Alley/Street/Sidewalk,Street & Sidewalk,Personal Weapons,Minor Injury,C
243225465,217829400,2025-08-16,Plano,TX0430600,13B,B,B,N,F,19,N,N,OK;ST,Highway/Road/Alley/Street/Sidewalk,Street & Sidewalk,Personal Weapons,Minor Injury,C
241482274,216312294,2025-08-17,Plano,TX0430600,13B,B,B,N,F,45,R,N,PA,Residence/Home,Home,Personal Weapons,Minor Injury,C
241482314,216312332,2025-08-17,Plano,TX0430600,13B,B,B,N,F,37,R,Y,BG,Hotel/Motel/Etc.,Hotel & Motel,Personal Weapons,Minor Injury,C
241482350,216312361,2025-08-17,Plano,TX0430600,13B,H,W,H,F,46,R,Y,SE,Residence/Home,Home,Personal Weapons,Minor Injury,C
243225475,217829408,2025-08-17,Plano,TX0430600,13B,W,W,N,M,32,R,Y,SE,Residence/Home,Home,Personal Weapons,Minor Injury,C
243225483,217829415,2025-08-17,Plano,TX0430600,13B,W,W,N,M,52,R,N,PA,Residence/Home,Home,Personal Weapons,Minor Injury,C
243225485,217829417,2025-08-17,Plano,TX0430600,13B,W,W,N,M,40,R,Y,BG,Residence/Home,Home,Personal Weapons,Minor Injury,C
243225501,217829431,2025-08-17,Plano,TX0430600,13B,B,B,N,F,40,R,Y,BG,Hotel/Motel/Etc.,Hotel & Motel,Personal Weapons,Minor Injury,C
244955293,219338525,2025-08-17,Plano,TX0430600,13B,H,W,H,F,50,R,N,OK,Residence/Home,Home,Personal Weapons,Minor Injury,C
244955294,219338525,2025-08-17,Plano,TX0430600,13B,H,W,H,M,31,R,Y,XR,Residence/Home,Home,Personal Weapons,Minor Injury,C
241482298,216312316,2025-08-18,Plano,TX0430600,13B,B,B,N,M,38,R,Y,BG,Residence/Home,Home,Personal Weapons,,C
241482304,216312322,2025-08-18,Plano,TX0430600,13B,B,B,N,F,82,R,N,GP,Residence/Home,Home,Personal Weapons,,C
241482342,216312354,2025-08-18,Plano,TX0430600,13B,B,B,N,F,15,R,N,CH,Residence/Home,Home,Personal Weapons,Minor Injury,C
243225516,217829444,2025-08-18,Plano,TX0430600,13B,H,W,H,M,5,R,N,CH,Residence/Home,Home,Personal Weapons,Minor Injury,C
250472278,224162670,2025-08-18,Plano,TX0430600,13B,B,B,N,F,3,R,N,AQ,Daycare Facility,Daycare Facility,Personal Weapons,Minor Injury,C
250472279,224162670,2025-08-18,Plano,TX0430600,13B,B,B,N,M,4,R,N,AQ,Daycare Facility,Daycare Facility,Personal Weapons,Minor Injury,C
241482320,216312338,2025-08-19,Plano,TX0430600,13B,H,W,H,M,31,R,Y,SE,Residence/Home,Home,Personal Weapons,,C
241482321,216312339,2025-08-19,Plano,TX0430600,13B,H,W,H,M,37,R,N,AQ;VO,Residence/Home,Home,Personal Weapons,,C
241482322,216312339,2025-08-19,Plano,TX0430600,13B,W,W,N,M,32,N,N,AQ;VO,Residence/Home,Home,Personal Weapons,,C
241482381,216312390,2025-08-19,Plano,TX0430600,13B,P,P,N,F,39,R,Y,SE,Residence/Home,Home,Personal Weapons,Minor Injury,C
244955317,219338546,2025-08-19,Plano,TX0430600,13B,W,W,N,F,33,R,Y,XR,Residence/Home,Home,Personal Weapons,Minor Injury,C
243225547,217829468,2025-08-20,Plano,TX0430600,13B,H,W,H,F,21,R,Y,BG,Residence/Home,Home,Personal Weapons,Minor Injury,C
241482403,216312405,2025-08-21,Plano,TX0430600,13B,W,W,N,F,36,R,Y,SE,Residence/Home,Home,Personal Weapons,Minor Injury,C
241482432,216312433,2025-08-21,Plano,TX0430600,13B,A,A,N,M,61,R,N,PA,Residence/Home,Home,Personal Weapons,,C
241482433,216312433,2025-08-21,Plano,TX0430600,13B,A,A,N,F,61,R,N,PA,Residence/Home,Home,Personal Weapons,,C
241482436,216312436,2025-08-22,Plano,TX0430600,13B,B,B,N,F,17,R,N,AQ;VO,School-Elementary/Secondary,K-12 School,Personal Weapons,,C
241482437,216312436,2025-08-22,Plano,TX0430600,13B,B,B,N,F,17,R,N,AQ;VO,School-Elementary/Secondary,K-12 School,Personal Weapons,,C
241482632,216312604,2025-08-22,Plano,TX0430600,13B,B,B,U,M,14,N,N,AQ,School-Elementary/Secondary,K-12 School,Personal Weapons,Minor Injury,C
243225574,217829491,2025-08-22,Plano,TX0430600,13B,A,A,N,M,17,R,Y,BG,Residence/Home,Home,Personal Weapons,Minor Injury,C
243225582,217829499,2025-08-22,Plano,TX0430600,13B,I,I,N,M,34,N,N,ST,Auto Dealership New/Used,Auto Dealership,Personal Weapons,Minor Injury,C
243225631,217829546,2025-08-22,Plano,TX0430600,13B,H,W,H,M,14,R,N,OK;ST,School-Elementary/Secondary,K-12 School,Personal Weapons,Minor Injury,C
250472103,224162513,2025-08-22,Plano,TX0430600,13B,W,W,N,F,81,N,N,ST,Department/Discount Store,Department Store,Personal Weapons,Minor Injury,C
250472104,224162514,2025-08-22,Plano,TX0430600,13B,H,W,H,F,21,N,N,ST,Parking/Drop Lot/Garage,Parking Lot,Personal Weapons,Minor Injury,C
241482489,216312483,2025-08-23,Plano,TX0430600,13B,W,W,N,F,44,R,N,PA,Residence/Home,Home,Personal Weapons,,C
243225599,217829516,2025-08-23,Plano,TX0430600,13B,W,W,N,M,54,R,N,PA,Residence/Home,Home,Personal Weapons,Minor Injury,C
243225603,217829520,2025-08-23,Plano,TX0430600,13B,H,W,H,M,49,N,N,PA,Highway/Road/Alley/Street/Sidewalk,Street & Sidewalk,Personal Weapons,Minor Injury,C
241482514,216312502,2025-08-24,Plano,TX0430600,13B,W,W,N,F,41,R,N,ST,Bar/Nightclub,Bar & Nightclub,Personal Weapons,Minor Injury,C
243225618,217829534,2025-08-24,Plano,TX0430600,13B,W,W,N,F,18,R,N,AQ,Drug Store/Doctor's Office/Hospital,Hospital & Clinic,Personal Weapons,,C
243225621,217829536,2025-08-24,Plano,TX0430600,13B,B,B,N,F,42,R,Y,BG,Residence/Home,Home,Personal Weapons,,C
243225623,217829538,2025-08-24,Plano,TX0430600,13B,B,B,N,M,35,N,Y,XS,Restaurant,Restaurant,Personal Weapons,Minor Injury,C
246876502,221026811,2025-08-24,Plano,TX0430600,13B,B,B,N,F,16,R,N,FR;OK;VO,Residence/Home,Home,Personal Weapons,Minor Injury,C
248638823,222561716,2025-08-24,Plano,TX0430600,13B,W,W,N,F,24,N,N,OK,Specialty Store,Specialty Store,Personal Weapons,,C
241482518,216312506,2025-08-25,Plano,TX0430600,13B,H,W,H,M,18,R,N,AQ;VO,School-Elementary/Secondary,K-12 School,Personal Weapons,,C
241482519,216312506,2025-08-25,Plano,TX0430600,13B,H,W,H,M,18,R,N,AQ;VO,School-Elementary/Secondary,K-12 School,Personal Weapons,,C
241482520,216312506,2025-08-25,Plano,TX0430600,13B,H,W,H,M,18,R,N,AQ;VO,School-Elementary/Secondary,K-12 School,Personal Weapons,,C
241482536,216312520,2025-08-25,Plano,TX0430600,13B,H,W,H,F,15,R,N,OK;VO,School-Elementary/Secondary,K-12 School,Personal Weapons,Minor Injury,C
241482537,216312520,2025-08-25,Plano,TX0430600,13B,B,B,N,F,15,R,N,OK;VO,School-Elementary/Secondary,K-12 School,Personal Weapons,,C
243225661,217829572,2025-08-25,Plano,TX0430600,13B,W,W,N,M,69,R,N,OK,Residence/Home,Home,Personal Weapons,Minor Injury,C
250472107,224162517,2025-08-25,Plano,TX0430600,13B,W,W,N,M,54,N,N,ST,Parking/Drop Lot/Garage,Parking Lot,Personal Weapons,Minor Injury,C
243225658,217829569,2025-08-26,Plano,TX0430600,13B,B,B,N,F,30,R,N,ST,Parking/Drop Lot/Garage,Parking Lot,Personal Weapons,Minor Injury,C
243225660,217829571,2025-08-26,Plano,TX0430600,13B,B,B,N,F,50,R,Y,SE,Residence/Home,Home,Personal Weapons,Minor Injury,C
243225668,217829578,2025-08-26,Plano,TX0430600,13B,W,W,N,F,69,R,N,PA,Residence/Home,Home,Personal Weapons,Minor Injury,C
244955394,219338611,2025-08-26,Plano,TX0430600,13B,H,W,H,M,57,R,N,ST,Residence/Home,Home,Personal Weapons,Minor Injury,C
244955398,219338615,2025-08-26,Plano,TX0430600,13B,W,W,N,F,48,R,Y,BG,Residence/Home,Home,Personal Weapons,Minor Injury,C
244955404,219338620,2025-08-26,Plano,TX0430600,13B,H,W,H,M,54,R,N,OK,Residence/Home,Home,Personal Weapons,Minor Injury,C
243225673,217829582,2025-08-27,Plano,TX0430600,13B,B,B,N,F,24,U,N,AQ,School-Elementary/Secondary,K-12 School,Personal Weapons,Minor Injury,C
243225699,217829606,2025-08-27,Plano,TX0430600,13B,A,A,N,F,34,R,Y,XR,Residence/Home,Home,Personal Weapons,Minor Injury,C
244955411,219338626,2025-08-27,Plano,TX0430600,13B,H,W,H,F,28,R,Y,SE,Residence/Home,Home,Personal Weapons,Minor Injury,C
244955413,219338628,2025-08-27,Plano,TX0430600,13B,H,W,H,M,21,R,Y,XR,Residence/Home,Home,Personal Weapons,Minor Injury,C
248638114,222561095,2025-08-27,Plano,TX0430600,13B,W,W,N,M,20,N,N,ST,Highway/Road/Alley/Street/Sidewalk,Street & Sidewalk,Personal Weapons,Minor Injury,C
248638115,222561095,2025-08-27,Plano,TX0430600,13B,W,W,N,M,19,N,N,ST,Highway/Road/Alley/Street/Sidewalk,Street & Sidewalk,Personal Weapons,Minor Injury,C
243225689,217829597,2025-08-28,Plano,TX0430600,13B,W,W,N,F,48,N,N,AQ,Residence/Home,Home,Personal Weapons,Minor Injury,C
243225690,217829597,2025-08-28,Plano,TX0430600,13B,W,W,N,M,50,N,Y,XR,Residence/Home,Home,Personal Weapons,Minor Injury,C
243225696,217829603,2025-08-29,Plano,TX0430600,13B,H,W,H,F,15,R,N,AQ,School-Elementary/Secondary,K-12 School,Personal Weapons,Minor Injury,C
246876534,221026836,2025-08-29,Plano,TX0430600,13B,W,W,N,M,11,R,N,AQ,Highway/Road/Alley/Street/Sidewalk,Street & Sidewalk,Personal Weapons,Minor Injury,C
250472214,224162613,2025-08-29,Plano,TX0430600,13B,B,B,N,F,27,R,N,ST,Residence/Home,Home,Personal Weapons,Minor Injury,C
250472215,224162613,2025-08-29,Plano,TX0430600,13B,U,U,U,M,,,N,ST,Residence/Home,Home,Personal Weapons,,C
243225725,217829625,2025-08-30,Plano,TX0430600,13B,H,W,H,F,29,N,Y,SE,Restaurant,Restaurant,Personal Weapons,,C
243225736,217829636,2025-08-30,Plano,TX0430600,13B,B,B,N,F,18,R,Y,XR,Convenience Store,Convenience Store,Personal Weapons,,C
244955471,219338680,2025-08-30,Plano,TX0430600,13B,W,W,N,M,22,R,N,CH,Hotel/Motel/Etc.,Hotel & Motel,Personal Weapons,Minor Injury,C
241482714,216312676,2025-08-31,Plano,TX0430600,13B,W,W,N,F,54,R,N,OK,Residence/Home,Home,Personal Weapons,,C
243225747,217829642,2025-08-31,Plano,TX0430600,13B,B,B,N,F,19,R,Y,BG,Residence/Home,Home,Personal Weapons,,C
244955486,219338693,2025-08-31,Plano,TX0430600,13B,H,W,H,M,37,R,Y,BG,Parking/Drop Lot/Garage,Parking Lot,Personal Weapons,Minor Injury,C
244955488,219338695,2025-08-31,Plano,TX0430600,13B,W,W,N,F,50,R,Y,SE,Grocery/Supermarket,Grocery Store,Personal Weapons,,C
244955493,219338699,2025-08-31,Plano,TX0430600,13B,B,B,N,M,28,R,Y,SE,Parking/Drop Lot/Garage,Parking Lot,Personal Weapons,Minor Injury,C
243225795,217829685,2025-09-01,Plano,TX0430600,13B,A,A,N,M,20,R,N,CH;SB;VO,Residence/Home,Home,Personal Weapons,Minor Injury,C
243225796,217829685,2025-09-01,Plano,TX0430600,13B,A,A,N,M,23,R,N,CH;SB;VO,Residence/Home,Home,Personal Weapons,Minor Injury,C
243225797,217829685,2025-09-01,Plano,TX0430600,13B,A,A,N,F,39,R,N,PA;VO,Residence/Home,Home,Personal Weapons,Minor Injury,C
243225841,217829725,2025-09-02,Plano,TX0430600,13B,B,B,N,F,17,R,N,SB,Residence/Home,Home,Personal Weapons,Minor Injury,C
252533722,225960039,2025-09-02,Plano,TX0430600,13B,A,A,N,F,29,N,N,AQ,Bar/Nightclub,Bar & Nightclub,Personal Weapons,Minor Injury,C
243225896,217829769,2025-09-03,Plano,TX0430600,13B,B,B,N,F,28,R,Y,XR,Residence/Home,Home,Personal Weapons,Minor Injury,C
243225897,217829769,2025-09-03,Plano,TX0430600,13B,B,B,N,M,2,R,N,CH,Residence/Home,Home,Personal Weapons,Minor Injury,C
243225904,217829775,2025-09-03,Plano,TX0430600,13B,W,W,N,F,72,R,N,GP,Residence/Home,Home,Personal Weapons,,C
243225955,217829817,2025-09-03,Plano,TX0430600,13B,B,B,N,F,21,R,N,AQ,Highway/Road/Alley/Street/Sidewalk,Street & Sidewalk,Personal Weapons,Minor Injury,C
244955509,219338711,2025-09-03,Plano,TX0430600,13B,W,W,N,F,38,R,Y,BG,Hotel/Motel/Etc.,Hotel & Motel,Personal Weapons,Minor Injury,C
244955511,219338713,2025-09-03,Plano,TX0430600,13B,A,A,N,F,24,N,N,EE,Parking/Drop Lot/Garage,Parking Lot,Personal Weapons,,C
248638243,222561213,2025-09-03,Plano,TX0430600,13B,W,W,N,M,82,R,N,OK,Residence/Home,Home,Personal Weapons,,C
243225920,217829789,2025-09-04,Plano,TX0430600,13B,W,W,N,M,28,N,N,AQ,Highway/Road/Alley/Street/Sidewalk,Street & Sidewalk,Personal Weapons,Minor Injury,C
244955519,219338720,2025-09-04,Plano,TX0430600,13B,H,W,H,F,28,R,N,CH,Residence/Home,Home,Personal Weapons,Minor Injury,C
243226040,217829888,2025-09-05,Plano,TX0430600,13B,W,W,N,F,34,R,N,ST,Hotel/Motel/Etc.,Hotel & Motel,Personal Weapons,,C
243226075,217829908,2025-09-05,Plano,TX0430600,13B,B,B,N,F,29,N,N,OK,Hotel/Motel/Etc.,Hotel & Motel,Personal Weapons,Minor Injury,C
243226124,217829953,2025-09-05,Plano,TX0430600,13B,W,W,N,M,63,R,N,PA,Residence/Home,Home,Personal Weapons,Minor Injury,C
243226125,217829953,2025-09-05,Plano,TX0430600,13B,H,W,H,F,56,R,N,PA,Residence/Home,Home,Personal Weapons,,C
243226134,217829962,2025-09-05,Plano,TX0430600,13B,W,W,N,F,57,R,N,NE,Residence/Home,Home,Personal Weapons,,C
244955535,219338734,2025-09-05,Plano,TX0430600,13B,B,B,N,M,32,N,Y,BG,Highway/Road/Alley/Street/Sidewalk,Street & Sidewalk,Personal Weapons,Minor Injury,C
244955552,219338746,2025-09-05,Plano,TX0430600,13B,A,A,N,F,60,R,N,ST,Grocery/Supermarket,Grocery Store,Personal Weapons,Minor Injury,C
244955561,219338754,2025-09-05,Plano,TX0430600,13B,W,W,N,F,47,R,N,PA,Residence/Home,Home,Personal Weapons,Minor Injury,C
244955562,219338754,2025-09-05,Plano,TX0430600,13B,W,W,N,M,58,R,N,SP,Residence/Home,Home,Personal Weapons,Minor Injury,C
244955564,219338756,2025-09-05,Plano,TX0430600,13B,B,B,N,M,19,R,N,OK,Residence/Home,Home,Personal Weapons,Minor Injury,C
246876553,221026851,2025-09-05,Plano,TX0430600,13B,H,W,H,M,33,R,N,NE,Residence/Home,Home,Personal Weapons,Minor Injury,C
243226148,217829972,2025-09-06,Plano,TX0430600,13B,B,B,N,F,59,R,N,PA,Residence/Home,Home,Personal Weapons,Minor Injury,C
243226151,217829975,2025-09-06,Plano,TX0430600,13B,B,B,N,M,17,R,N,CH,Hotel/Motel/Etc.,Hotel & Motel,Personal Weapons,,C
243226185,217830006,2025-09-06,Plano,TX0430600,13B,H,W,H,F,25,R,Y,XR,Residence/Home,Home,Personal Weapons,Minor Injury,C
243226211,217830026,2025-09-06,Plano,TX0430600,13B,B,B,N,F,35,R,N,PA,Hotel/Motel/Etc.,Hotel & Motel,Personal Weapons,Minor Injury,C
243226223,217830037,2025-09-06,Plano,TX0430600,13B,H,W,H,F,24,N,Y,XR,Highway/Road/Alley/Street/Sidewalk,Street & Sidewalk,Personal Weapons,Minor Injury,C
244955581,219338773,2025-09-06,Plano,TX0430600,13B,B,B,N,M,30,N,Y,XR,Parking/Drop Lot/Garage,Parking Lot,Personal Weapons,Minor Injury,C
243226229,217830043,2025-09-07,Plano,TX0430600,13B,B,B,N,F,53,R,Y,SE,Residence/Home,Home,Personal Weapons,Minor Injury,C
248638207,222561181,2025-09-07,Plano,TX0430600,13B,B,B,N,M,65,R,N,ST,Parking/Drop Lot/Garage,Parking Lot,Personal Weapons,,C
248638211,222561183,2025-09-07,Plano,TX0430600,13B,U,U,U,F,53,U,N,ST,Parking/Drop Lot/Garage,Parking Lot,Personal Weapons,,C
243226284,217830084,2025-09-08,Plano,TX0430600,13B,W,W,N,M,19,N,N,EE,Residence/Home,Home,Personal Weapons,Minor Injury,C
243226363,217830153,2025-09-08,Plano,TX0430600,13B,H,W,H,M,24,R,N,OK,Parking/Drop Lot/Garage,Parking Lot,Personal Weapons,,C
243226377,217830165,2025-09-08,Plano,TX0430600,13B,B,B,N,F,57,R,N,SB,Residence/Home,Home,Personal Weapons,,C
244955607,219338795,2025-09-08,Plano,TX0430600,13B,W,W,N,F,34,R,Y,BG,Residence/Home,Home,Personal Weapons,Minor Injury,C
246876691,221026963,2025-09-08,Plano,TX0430600,13B,H,W,H,F,11,R,N,AQ,School-Elementary/Secondary,K-12 School,Personal Weapons,Minor Injury,C
243226453,217830233,2025-09-09,Plano,TX0430600,13B,W,W,N,F,16,R,N,OK,Parking/Drop Lot/Garage,Parking Lot,Personal Weapons,Minor Injury,C
243226472,217830247,2025-09-09,Plano,TX0430600,13B,B,B,N,F,31,N,Y,BG,Residence/Home,Home,Personal Weapons,Minor Injury,C
244955604,219338793,2025-09-09,Plano,TX0430600,13B,H,W,H,F,56,R,Y,SE,Residence/Home,Home,Personal Weapons,Minor Injury,C
246876562,221026860,2025-09-09,Plano,TX0430600,13B,B,B,N,M,15,R,N,AQ;VO,School-Elementary/Secondary,K-12 School,Personal Weapons,,C
246876563,221026860,2025-09-09,Plano,TX0430600,13B,B,B,N,M,14,R,N,AQ;VO,School-Elementary/Secondary,K-12 School,Personal Weapons,,C
248638258,222561228,2025-09-09,Plano,TX0430600,13B,H,W,H,F,73,R,N,PA,Residence/Home,Home,Personal Weapons,,C
243226478,217830253,2025-09-10,Plano,TX0430600,13B,A,A,N,F,69,R,Y,SE,Residence/Home,Home,Personal Weapons,,C
243226504,217830275,2025-09-10,Plano,TX0430600,13B,W,W,N,M,16,R,N,FR;VO,School-Elementary/Secondary,K-12 School,Personal Weapons,,C
243226505,217830275,2025-09-10,Plano,TX0430600,13B,W,W,N,M,16,R,N,FR;VO,School-Elementary/Secondary,K-12 School,Personal Weapons,,C
243226731,217830475,2025-09-10,Plano,TX0430600,13B,W,W,N,M,62,N,N,ST,Drug Store/Doctor's Office/Hospital,Hospital & Clinic,Personal Weapons,Minor Injury,C
244955635,219338812,2025-09-10,Plano,TX0430600,13B,W,W,N,F,51,R,N,PA,Residence/Home,Home,Personal Weapons,Minor Injury,C
244955666,219338831,2025-09-10,Plano,TX0430600,13B,W,W,N,M,49,N,Y,BG,Residence/Home,Home,Personal Weapons,Minor Injury,C
243226595,217830352,2025-09-11,Plano,TX0430600,13B,H,W,H,M,11,R,N,AQ;VO,School-Elementary/Secondary,K-12 School,Personal Weapons,,C
243226596,217830352,2025-09-11,Plano,TX0430600,13B,H,W,H,M,11,R,N,AQ;VO,School-Elementary/Secondary,K-12 School,Personal Weapons,Minor Injury,C
243226679,217830428,2025-09-11,Plano,TX0430600,13B,P,P,N,M,26,N,Y,SE,Highway/Road/Alley/Street/Sidewalk,Street & Sidewalk,Personal Weapons,Minor Injury,C
243227075,217830763,2025-09-11,Plano,TX0430600,13B,H,W,H,M,11,R,N,AQ;VO,Residence/Home,Home,Personal Weapons,Minor Injury,C
243227076,217830763,2025-09-11,Plano,TX0430600,13B,W,W,N,M,14,R,N,AQ;VO,Residence/Home,Home,Personal Weapons,,C
243226711,217830456,2025-09-12,Plano,TX0430600,13B,B,B,N,F,30,N,N,ST,Parking/Drop Lot/Garage,Parking Lot,Personal Weapons,,C
244955680,219338845,2025-09-12,Plano,TX0430600,13B,W,W,N,M,46,N,Y,BG,Hotel/Motel/Etc.,Hotel & Motel,Personal Weapons,Minor Injury,C
244955682,219338847,2025-09-12,Plano,TX0430600,13B,B,B,N,F,57,R,N,SB,Residence/Home,Home,Personal Weapons,Minor Injury,C
244955694,219338859,2025-09-13,Plano,TX0430600,13B,B,B,N,M,54,R,N,PA,Residence/Home,Home,Personal Weapons,Minor Injury,C
246876591,221026883,2025-09-13,Plano,TX0430600,13B,W,W,N,F,47,R,Y,BG,Hotel/Motel/Etc.,Hotel & Motel,Personal Weapons,Minor Injury,C
243226839,217830564,2025-09-14,Plano,TX0430600,13B,H,W,H,F,35,R,Y,BG,Residence/Home,Home,Personal Weapons,Minor Injury,C
243226843,217830567,2025-09-14,Plano,TX0430600,13B,B,B,N,F,31,R,N,FR;VO,Restaurant,Restaurant,Personal Weapons,,C
243226844,217830567,2025-09-14,Plano,TX0430600,13B,B,B,N,M,36,N,N,FR;VO,Restaurant,Restaurant,Personal Weapons,Minor Injury,C
243226867,217830585,2025-09-14,Plano,TX0430600,13B,W,W,N,M,32,R,N,OF,Residence/Home,Home,Personal Weapons,,C
243226872,217830590,2025-09-14,Plano,TX0430600,13B,W,W,N,M,30,R,Y,BG,Highway/Road/Alley/Street/Sidewalk,Street & Sidewalk,Personal Weapons,Minor Injury,C
243226917,217830629,2025-09-14,Plano,TX0430600,13B,W,W,N,F,61,R,Y,BG,Residence/Home,Home,Personal Weapons,Minor Injury,C
244955708,219338872,2025-09-14,Plano,TX0430600,13B,H,W,H,F,41,R,Y,SE,Residence/Home,Home,Personal Weapons,Minor Injury,C
243226914,217830626,2025-09-15,Plano,TX0430600,13B,W,W,N,F,54,N,N,ST,Parking/Drop Lot/Garage,Parking Lot,Personal Weapons,,C
243226922,217830634,2025-09-15,Plano,TX0430600,13B,A,A,N,F,40,R,Y,SE,Residence/Home,Home,Personal Weapons,Minor Injury,C
244955737,219338894,2025-09-15,Plano,TX0430600,13B,B,B,N,F,27,R,N,IL,Residence/Home,Home,Personal Weapons,Minor Injury,C
246876608,221026893,2025-09-15,Plano,TX0430600,13B,B,B,N,F,22,R,Y,XR,Residence/Home,Home,Personal Weapons,Minor Injury,C
243227029,217830724,2025-09-16,Plano,TX0430600,13B,H,W,H,F,13,R,N,AQ,School-Elementary/Secondary,K-12 School,Personal Weapons,Minor Injury,C
243227058,217830749,2025-09-17,Plano,TX0430600,13B,B,B,N,F,23,N,Y,XR,Parking/Drop Lot/Garage,Parking Lot,Personal Weapons,Minor Injury,C
246876614,221026899,2025-09-17,Plano,TX0430600,13B,B,B,N,M,23,N,N,ST;VO,Parking/Drop Lot/Garage,Parking Lot,Personal Weapons,Minor Injury,C
246876615,221026899,2025-09-17,Plano,TX0430600,13B,H,W,H,M,25,N,N,AQ;ST,Parking/Drop Lot/Garage,Parking Lot,Personal Weapons,,C
248638364,222561320,2025-09-17,Plano,TX0430600,13B,A,A,N,M,26,R,N,AQ;VO,Restaurant,Restaurant,Personal Weapons,Minor Injury,C
248638365,222561320,2025-09-17,Plano,TX0430600,13B,H,W,H,M,34,R,N,AQ;VO,Restaurant,Restaurant,Personal Weapons,Minor Injury,C
243227159,217830829,2025-09-18,Plano,TX0430600,13B,W,W,N,M,31,R,N,OK,Residence/Home,Home,Other,Minor Injury,C
243227228,217830883,2025-09-19,Plano,TX0430600,13B,H,W,H,M,11,R,N,AQ;VO,School-Elementary/Secondary,K-12 School,Personal Weapons,,C
243227229,217830883,2025-09-19,Plano,TX0430600,13B,H,W,H,M,11,R,N,AQ;VO,School-Elementary/Secondary,K-12 School,Personal Weapons,,C
243227264,217830911,2025-09-19,Plano,TX0430600,13B,A,A,N,M,14,R,N,FR,Highway/Road/Alley/Street/Sidewalk,Street & Sidewalk,Personal Weapons,Minor Injury,C
244955803,219338952,2025-09-20,Plano,TX0430600,13B,B,B,N,F,44,R,Y,SE,Residence/Home,Home,Personal Weapons,Minor Injury,C
243227310,217830950,2025-09-21,Plano,TX0430600,13B,H,W,H,F,22,R,Y,BG,Residence/Home,Home,Personal Weapons,,C
246876652,221026931,2025-09-21,Plano,TX0430600,13B,W,W,N,F,58,R,Y,BG,Residence/Home,Home,Personal Weapons,Minor Injury,C
243227364,217830997,2025-09-22,Plano,TX0430600,13B,H,W,H,F,27,R,Y,BG;VO,Parking/Drop Lot/Garage,Parking Lot,Personal Weapons,Minor Injury,C
243227365,217830997,2025-09-22,Plano,TX0430600,13B,H,W,H,M,30,R,Y,BG;VO,Parking/Drop Lot/Garage,Parking Lot,Personal Weapons,Minor Injury,C
244955853,219338993,2025-09-23,Plano,TX0430600,13B,W,W,N,F,20,N,Y,BG,Residence/Home,Home,Personal Weapons,Minor Injury,C
246876661,221026939,2025-09-23,Plano,TX0430600,13B,B,B,N,F,30,N,Y,SE,Parking/Drop Lot/Garage,Parking Lot,Personal Weapons,Minor Injury,C
246876667,221026945,2025-09-23,Plano,TX0430600,13B,W,W,N,F,33,R,Y,SE,Hotel/Motel/Etc.,Hotel & Motel,Personal Weapons,Minor Injury,C
250472172,224162574,2025-09-23,Plano,TX0430600,13B,B,B,N,F,27,N,N,ST,Parking/Drop Lot/Garage,Parking Lot,Personal Weapons,Minor Injury,C
250472174,224162576,2025-09-23,Plano,TX0430600,13B,A,A,N,M,15,R,N,OK;VO,School-Elementary/Secondary,K-12 School,Personal Weapons,Minor Injury,C
250472175,224162576,2025-09-23,Plano,TX0430600,13B,H,W,H,M,15,R,N,OK;VO,School-Elementary/Secondary,K-12 School,Personal Weapons,Minor Injury,C
252533754,225960068,2025-09-23,Plano,TX0430600,13B,H,W,H,M,16,R,N,OK;VO,School-Elementary/Secondary,K-12 School,Personal Weapons,Minor Injury,C
252533755,225960068,2025-09-23,Plano,TX0430600,13B,B,B,N,M,14,R,N,OK;VO,School-Elementary/Secondary,K-12 School,Personal Weapons,,C
252533758,225960071,2025-09-23,Plano,TX0430600,13B,W,W,N,M,12,R,N,AQ,School-Elementary/Secondary,K-12 School,Personal Weapons,,C
243227462,217831081,2025-09-24,Plano,TX0430600,13B,B,B,N,F,14,R,N,AQ;VO,School-Elementary/Secondary,K-12 School,Personal Weapons,,C
243227463,217831081,2025-09-24,Plano,TX0430600,13B,B,B,N,F,12,R,N,AQ;VO,School-Elementary/Secondary,K-12 School,Personal Weapons,Minor Injury,C
243227475,217831093,2025-09-24,Plano,TX0430600,13B,B,B,N,F,18,R,Y,BG;VO,Residence/Home,Home,Personal Weapons,,C
243227476,217831093,2025-09-24,Plano,TX0430600,13B,B,B,N,M,17,R,Y,BG;VO,Residence/Home,Home,Personal Weapons,Minor Injury,C
243227546,217831156,2025-09-24,Plano,TX0430600,13B,W,W,N,F,12,R,N,AQ,School-Elementary/Secondary,K-12 School,Personal Weapons,,C
243227562,217831171,2025-09-25,Plano,TX0430600,13B,W,W,N,M,8,R,N,ST,School-Elementary/Secondary,K-12 School,Personal Weapons,,C
243227574,217831183,2025-09-26,Plano,TX0430600,13B,H,W,H,M,12,R,N,AQ,School-Elementary/Secondary,K-12 School,Personal Weapons,,C
244955895,219339031,2025-09-26,Plano,TX0430600,13B,B,B,N,F,38,R,N,OK,Residence/Home,Home,Personal Weapons,Minor Injury,C
244955897,219339033,2025-09-26,Plano,TX0430600,13B,B,B,N,M,26,R,Y,XR,Residence/Home,Home,Personal Weapons,Minor Injury,C
248638469,222561396,2025-09-26,Plano,TX0430600,13B,B,B,N,F,41,R,N,OK,Highway/Road/Alley/Street/Sidewalk,Street & Sidewalk,Personal Weapons,Minor Injury,C
243227646,217831244,2025-09-27,Plano,TX0430600,13B,W,W,N,M,31,R,N,ST,Specialty Store,Specialty Store,Personal Weapons,,C
243227657,217831255,2025-09-27,Plano,TX0430600,13B,H,W,H,F,20,R,N,OK,Residence/Home,Home,Personal Weapons,Minor Injury,C
244955900,219339036,2025-09-27,Plano,TX0430600,13B,B,B,N,F,19,R,Y,BG,Hotel/Motel/Etc.,Hotel & Motel,Personal Weapons,Minor Injury,C
244955903,219339038,2025-09-27,Plano,TX0430600,13B,H,W,H,F,49,R,Y,SE,Residence/Home,Home,Personal Weapons,Minor Injury,C
244955908,219339042,2025-09-27,Plano,TX0430600,13B,W,W,N,F,38,R,Y,SE,Residence/Home,Home,Personal Weapons,Minor Injury,C
248638534,222561453,2025-09-27,Plano,TX0430600,13B,W,W,N,F,20,R,N,CH,Residence/Home,Home,Personal Weapons,Minor Injury,C
243227690,217831283,2025-09-28,Plano,TX0430600,13B,B,B,N,F,38,R,Y,SE,Residence/Home,Home,Personal Weapons,Minor Injury,C
244955910,219339044,2025-09-28,Plano,TX0430600,13B,H,W,H,M,47,N,N,ST,Highway/Road/Alley/Street/Sidewalk,Street & Sidewalk,Personal Weapons,Minor Injury,C
244955919,219339052,2025-09-28,Plano,TX0430600,13B,H,W,H,F,46,R,Y,SE,Residence/Home,Home,Personal Weapons,,C
246876711,221026978,2025-09-28,Plano,TX0430600,13B,A,A,N,F,6,R,N,ST,Residence/Home,Home,Personal Weapons,,C
248638490,222561415,2025-09-28,Plano,TX0430600,13B,B,B,N,M,25,R,N,ST,Bar/Nightclub,Bar & Nightclub,Personal Weapons,Minor Injury,C
248638491,222561415,2025-09-28,Plano,TX0430600,13B,B,B,N,M,56,N,N,ST,Bar/Nightclub,Bar & Nightclub,Personal Weapons,Minor Injury,C
248638492,222561415,2025-09-28,Plano,TX0430600,13B,B,B,N,M,31,R,N,ST,Bar/Nightclub,Bar & Nightclub,Personal Weapons,,C
248638493,222561415,2025-09-28,Plano,TX0430600,13B,A,A,N,F,27,R,N,ST,Bar/Nightclub,Bar & Nightclub,Personal Weapons,Minor Injury,C
248638497,222561419,2025-09-28,Plano,TX0430600,13B,W,W,N,M,37,N,N,OK,Bar/Nightclub,Bar & Nightclub,Personal Weapons,Minor Injury,C
246876719,221026984,2025-09-29,Plano,TX0430600,13B,W,W,N,F,45,R,N,PA,Residence/Home,Home,Personal Weapons,Minor Injury,C
243227761,217831352,2025-09-30,Plano,TX0430600,13B,W,W,N,F,25,R,N,ST,Convenience Store,Convenience Store,Personal Weapons,,C
243227765,217831356,2025-09-30,Plano,TX0430600,13B,B,B,N,M,17,N,N,AQ;VO,School-Elementary/Secondary,K-12 School,Personal Weapons,Minor Injury,C
243227766,217831356,2025-09-30,Plano,TX0430600,13B,W,W,N,M,17,N,N,AQ;VO,School-Elementary/Secondary,K-12 School,Personal Weapons,,C
244955944,219339074,2025-09-30,Plano,TX0430600,13B,A,A,N,F,46,R,N,ST,Grocery/Supermarket,Grocery Store,Personal Weapons,Minor Injury,C
244956028,219339141,2025-09-30,Plano,TX0430600,13B,A,A,N,M,10,N,N,AQ,School-Elementary/Secondary,K-12 School,Personal Weapons,,C
244956029,219339141,2025-09-30,Plano,TX0430600,13B,W,W,N,M,10,,N,OK,School-Elementary/Secondary,K-12 School,Personal Weapons,,C
244956263,219339336,2025-09-30,Plano,TX0430600,13B,B,B,N,F,13,N,N,AQ,School-Elementary/Secondary,K-12 School,Personal Weapons,Minor Injury,C
246876727,221026992,2025-09-30,Plano,TX0430600,13B,A,A,N,F,63,R,Y,SE,Residence/Home,Home,Personal Weapons,Minor Injury,C
244955965,219339093,2025-10-01,Plano,TX0430600,13B,W,W,N,M,36,R,N,OK,Residence/Home,Home,Personal Weapons,,C
244955971,219339099,2025-10-01,Plano,TX0430600,13B,H,W,H,F,16,N,N,AQ,School-Elementary/Secondary,K-12 School,Personal Weapons,Minor Injury,C
244955972,219339099,2025-10-01,Plano,TX0430600,13B,W,W,N,F,49,N,N,AQ,School-Elementary/Secondary,K-12 School,Personal Weapons,Minor Injury,C
244955973,219339099,2025-10-01,Plano,TX0430600,13B,H,W,H,F,15,N,N,AQ;VO,School-Elementary/Secondary,K-12 School,Personal Weapons,,C
244955974,219339099,2025-10-01,Plano,TX0430600,13B,H,W,H,F,14,N,N,AQ;VO,School-Elementary/Secondary,K-12 School,Personal Weapons,,C
244955985,219339108,2025-10-01,Plano,TX0430600,13B,A,A,N,F,55,R,N,PA,Residence/Home,Home,Personal Weapons,Minor Injury,C
246876737,221027001,2025-10-01,Plano,TX0430600,13B,W,W,N,M,31,R,Y,BG,Residence/Home,Home,Personal Weapons,Minor Injury,C
248638542,222561461,2025-10-01,Plano,TX0430600,13B,H,W,H,F,26,N,Y,XR,Parking/Drop Lot/Garage,Parking Lot,Personal Weapons,Minor Injury,C
244955999,219339118,2025-10-02,Plano,TX0430600,13B,B,B,N,M,11,R,N,AQ;VO,School-Elementary/Secondary,K-12 School,Personal Weapons,,C
244956000,219339118,2025-10-02,Plano,TX0430600,13B,B,B,N,M,11,R,N,AQ;VO,School-Elementary/Secondary,K-12 School,Personal Weapons,,C
244956010,219339128,2025-10-02,Plano,TX0430600,13B,W,W,N,M,12,R,N,AQ;SB;VO,School-Elementary/Secondary,K-12 School,Personal Weapons,,C
244956011,219339128,2025-10-02,Plano,TX0430600,13B,W,W,N,M,11,R,N,AQ;SB;VO,School-Elementary/Secondary,K-12 School,Personal Weapons,,C
244956012,219339128,2025-10-02,Plano,TX0430600,13B,H,W,H,M,11,R,N,AQ;VO,School-Elementary/Secondary,K-12 School,Personal Weapons,,C
244956483,219339530,2025-10-02,Plano,TX0430600,13B,W,W,N,M,18,R,N,CH,Residence/Home,Home,Personal Weapons,Minor Injury,C
246876749,221027010,2025-10-02,Plano,TX0430600,13B,A,A,N,F,35,U,Y,BG,Residence/Home,Home,Personal Weapons,Minor Injury,C
246876752,221027013,2025-10-02,Plano,TX0430600,13B,W,W,N,M,31,R,Y,BG,Residence/Home,Home,Personal Weapons,Minor Injury,C
244956070,219339180,2025-10-03,Plano,TX0430600,13B,H,W,H,M,31,R,Y,SE,Residence/Home,Home,Personal Weapons,Minor Injury,C
244956082,219339192,2025-10-03,Plano,TX0430600,13B,B,B,N,F,17,R,N,OK;VO,Arena/Stadium/Fairgrounds/Coliseum,Arena & Stadium,Personal Weapons,Minor Injury,C
244956083,219339192,2025-10-03,Plano,TX0430600,13B,W,W,N,F,17,R,N,OK;VO,Arena/Stadium/Fairgrounds/Coliseum,Arena & Stadium,Personal Weapons,Minor Injury,C
244956109,219339209,2025-10-03,Plano,TX0430600,13B,H,W,H,M,27,R,N,OK,Residence/Home,Home,Personal Weapons,Minor Injury,C
244956391,219339450,2025-10-03,Plano,TX0430600,13B,W,W,N,M,27,R,Y,SE,Residence/Home,Home,Personal Weapons,Minor Injury,C
244956392,219339450,2025-10-03,Plano,TX0430600,13B,W,W,N,M,44,R,N,OK,Residence/Home,Home,Personal Weapons,Minor Injury,C
246876757,221027018,2025-10-03,Plano,TX0430600,13B,A,A,N,F,28,N,Y,SE,Parking/Drop Lot/Garage,Parking Lot,Personal Weapons,Minor Injury,C
244956147,219339240,2025-10-04,Plano,TX0430600,13B,H,B,H,F,24,R,Y,XR,Residence/Home,Home,Personal Weapons,Minor Injury,C
244956155,219339248,2025-10-04,Plano,TX0430600,13B,W,W,N,F,68,R,N,PA,Residence/Home,Home,Personal Weapons,Minor Injury,C
244956164,219339256,2025-10-05,Plano,TX0430600,13B,W,W,N,M,45,R,Y,ST;XR,Residence/Home,Home,Personal Weapons,Minor Injury,C
244956172,219339263,2025-10-05,Plano,TX0430600,13B,H,W,H,M,26,R,N,ST,Highway/Road/Alley/Street/Sidewalk,Street & Sidewalk,Personal Weapons,Minor Injury,C
244956183,219339273,2025-10-05,Plano,TX0430600,13B,W,W,N,M,40,R,N,SB;VO,Residence/Home,Home,Personal Weapons,,C
244956184,219339273,2025-10-05,Plano,TX0430600,13B,W,W,N,M,48,R,N,SB;VO,Residence/Home,Home,Personal Weapons,,C
246876768,221027027,2025-10-05,Plano,TX0430600,13B,W,W,N,M,56,R,Y,BG,Residence/Home,Home,Personal Weapons,Minor Injury,C
248638618,222561532,2025-10-05,Plano,TX0430600,13B,W,W,N,M,33,N,N,ST,Jail/Prison/Penitentiary/Corrections Facility,Jail & Prison,Personal Weapons,Minor Injury,C
248638624,222561536,2025-10-05,Plano,TX0430600,13B,H,W,H,F,40,N,N,FR,Restaurant,Restaurant,Personal Weapons,Minor Injury,C
244956230,219339310,2025-10-06,Plano,TX0430600,13B,B,B,N,F,22,R,Y,XR,Residence/Home,Home,Personal Weapons,Minor Injury,C
246876777,221027034,2025-10-06,Plano,TX0430600,13B,A,A,N,F,26,R,Y,SE,Residence/Home,Home,Personal Weapons,Minor Injury,C
244956299,219339367,2025-10-07,Plano,TX0430600,13B,W,W,N,M,67,N,N,ST,Restaurant,Restaurant,Personal Weapons,Minor Injury,C
252533775,225960088,2025-10-07,Plano,TX0430600,13B,B,B,N,F,1,N,N,AQ,Daycare Facility,Daycare Facility,Personal Weapons,Minor Injury,C
244956319,219339386,2025-10-08,Plano,TX0430600,13B,A,A,N,M,17,R,N,AQ,School-Elementary/Secondary,K-12 School,Personal Weapons,,C
244956347,219339411,2025-10-08,Plano,TX0430600,13B,B,B,N,M,12,R,N,AQ,Highway/Road/Alley/Street/Sidewalk,Street & Sidewalk,Personal Weapons,Minor Injury,C
244956349,219339413,2025-10-08,Plano,TX0430600,13B,B,B,N,F,23,N,N,ST,Air/Bus/Train Terminal,Transit Station,Personal Weapons,Minor Injury,C
246876792,221027049,2025-10-08,Plano,TX0430600,13B,H,W,H,F,17,R,N,AQ,School-Elementary/Secondary,K-12 School,Personal Weapons,Minor Injury,C
248638720,222561627,2025-10-08,Plano,TX0430600,13B,W,W,N,F,12,R,N,AQ,School-Elementary/Secondary,K-12 School,Personal Weapons,,C
244956396,219339454,2025-10-09,Plano,TX0430600,13B,A,A,N,F,41,R,Y,SE,Residence/Home,Home,Personal Weapons,,C
248638716,222561623,2025-10-09,Plano,TX0430600,13B,A,A,N,M,36,R,N,ST,Convenience Store,Convenience Store,Personal Weapons,,C
244956431,219339485,2025-10-10,Plano,TX0430600,13B,W,W,N,F,44,R,N,ST,Other/Unknown,Other & Unknown,Personal Weapons,Minor Injury,C
246876812,221027067,2025-10-10,Plano,TX0430600,13B,H,W,H,M,37,R,Y,XR,Residence/Home,Home,Personal Weapons,Minor Injury,C
248638832,222561725,2025-10-10,Plano,TX0430600,13B,W,W,U,F,22,N,N,ST,Drug Store/Doctor's Office/Hospital,Hospital & Clinic,Personal Weapons,,C
244956456,219339506,2025-10-11,Plano,TX0430600,13B,W,W,N,M,35,R,N,SB,Residence/Home,Home,Personal Weapons,Minor Injury,C
244956458,219339506,2025-10-11,Plano,TX0430600,13B,U,U,U,M,35,,N,AQ,Residence/Home,Home,Personal Weapons,,C
248638772,222561673,2025-10-11,Plano,TX0430600,13B,W,W,N,M,21,R,N,AQ,Hotel/Motel/Etc.,Hotel & Motel,Personal Weapons,Minor Injury,C
248638934,222561815,2025-10-11,Plano,TX0430600,13B,H,W,H,F,42,N,Y,BG,Hotel/Motel/Etc.,Hotel & Motel,Personal Weapons,Minor Injury,C
248638992,222561867,2025-10-11,Plano,TX0430600,13B,A,A,N,F,3,R,N,CH;OF,Other/Unknown,Other & Unknown,Personal Weapons,Minor Injury,C
244956482,219339529,2025-10-12,Plano,TX0430600,13B,A,A,N,M,34,R,Y,SE,Residence/Home,Home,Personal Weapons,Minor Injury,C
244956493,219339539,2025-10-12,Plano,TX0430600,13B,H,W,H,F,44,R,N,PA,Residence/Home,Home,Personal Weapons,,C
244956499,219339545,2025-10-12,Plano,TX0430600,13B,W,W,N,F,33,R,Y,BG,Residence/Home,Home,Personal Weapons,Minor Injury,C
246876823,221027076,2025-10-12,Plano,TX0430600,13B,W,W,N,F,68,R,Y,SE,Residence/Home,Home,Personal Weapons,Minor Injury,C
248638743,222561647,2025-10-12,Plano,TX0430600,13B,H,W,H,M,22,R,N,ST,Restaurant,Restaurant,Personal Weapons,Minor Injury,C
244956538,219339574,2025-10-13,Plano,TX0430600,13B,B,B,N,F,27,R,Y,BG,Residence/Home,Home,Personal Weapons,,C
246876826,221027079,2025-10-13,Plano,TX0430600,13B,B,B,N,F,41,R,Y,SE,Residence/Home,Home,Personal Weapons,Minor Injury,C
246876836,221027087,2025-10-13,Plano,TX0430600,13B,H,W,H,M,21,R,Y,XR,Residence/Home,Home,Personal Weapons,Minor Injury,C
248638789,222561689,2025-10-13,Plano,TX0430600,13B,B,B,N,M,52,N,N,AQ,Commercial/Office Building,Office Building,Personal Weapons,,C
250472265,224162657,2025-10-13,Plano,TX0430600,13B,W,W,N,M,28,N,N,ST,Parking/Drop Lot/Garage,Parking Lot,Personal Weapons,Minor Injury,C
246876841,221027092,2025-10-14,Plano,TX0430600,13B,A,A,N,F,24,R,Y,BG,Residence/Home,Home,Personal Weapons,Minor Injury,C
248638776,222561677,2025-10-14,Plano,TX0430600,13B,W,W,N,F,27,N,N,ST,Specialty Store,Specialty Store,Personal Weapons,Minor Injury,C
248639336,222562177,2025-10-14,Plano,TX0430600,13B,B,B,N,F,60,R,N,PA,Residence/Home,Home,Personal Weapons,Minor Injury,C
250472270,224162662,2025-10-14,Plano,TX0430600,13B,W,W,N,M,32,R,N,OK,Residence/Home,Home,Personal Weapons,Minor Injury,C
248638791,222561691,2025-10-15,Plano,TX0430600,13B,A,A,N,F,40,R,Y,SE,Residence/Home,Home,Personal Weapons,Minor Injury,C
248638977,222561853,2025-10-15,Plano,TX0430600,13B,W,W,N,F,23,N,N,OK,Drug Store/Doctor's Office/Hospital,Hospital & Clinic,Personal Weapons,Minor Injury,C
244956689,219339702,2025-10-16,Plano,TX0430600,13B,W,W,N,M,32,R,N,ST,Parking/Drop Lot/Garage,Parking Lot,Personal Weapons,,C
246876864,221027114,2025-10-16,Plano,TX0430600,13B,H,W,H,F,28,R,Y,SE,Residence/Home,Home,Personal Weapons,Minor Injury,C
246876888,221027135,2025-10-16,Plano,TX0430600,13B,B,B,N,F,18,R,Y,XR,Residence/Home,Home,Personal Weapons,Minor Injury,C
248638799,222561697,2025-10-16,Plano,TX0430600,13B,H,W,H,M,36,R,Y,SE;VO,Residence/Home,Home,Personal Weapons,Minor Injury,C
248638800,222561697,2025-10-16,Plano,TX0430600,13B,B,B,N,F,33,R,Y,SE;VO,Residence/Home,Home,Personal Weapons,Minor Injury,C
244956772,219339776,2025-10-18,Plano,TX0430600,13B,W,W,N,F,50,R,Y,BG,Residence/Home,Home,Personal Weapons,,C
244956791,219339793,2025-10-18,Plano,TX0430600,13B,B,B,N,M,40,R,N,SP,Residence/Home,Home,Personal Weapons,,C
244956806,219339806,2025-10-18,Plano,TX0430600,13B,B,B,N,M,24,N,N,ST,Bar/Nightclub,Bar & Nightclub,Personal Weapons,Minor Injury,C
246876890,221027137,2025-10-18,Plano,TX0430600,13B,H,W,H,M,28,R,Y,BG,Residence/Home,Home,Personal Weapons,Minor Injury,C
250472320,224162706,2025-10-18,Plano,TX0430600,13B,W,W,N,M,15,R,N,OK,Residence/Home,Home,Personal Weapons,,C
246876929,221027171,2025-10-19,Plano,TX0430600,13B,W,W,N,F,52,R,N,OK,Residence/Home,Home,Personal Weapons,Minor Injury,C
250472301,224162689,2025-10-19,Plano,TX0430600,13B,B,B,N,M,62,R,N,OK,Residence/Home,Home,Personal Weapons,Minor Injury,C
244956887,219339877,2025-10-20,Plano,TX0430600,13B,W,W,N,F,37,R,N,FR,Hotel/Motel/Etc.,Hotel & Motel,Personal Weapons,Minor Injury,C
244956888,219339877,2025-10-20,Plano,TX0430600,13B,W,W,N,F,38,R,N,PA,Hotel/Motel/Etc.,Hotel & Motel,Personal Weapons,,C
244956893,219339881,2025-10-20,Plano,TX0430600,13B,B,B,N,M,19,R,N,ST,Parking/Drop Lot/Garage,Parking Lot,Personal Weapons,Minor Injury,C
244956912,219339898,2025-10-21,Plano,TX0430600,13B,W,W,N,F,16,N,N,AQ,School-Elementary/Secondary,K-12 School,Personal Weapons,,C
244956922,219339908,2025-10-21,Plano,TX0430600,13B,H,W,H,F,40,R,N,PA,Residence/Home,Home,Personal Weapons,Minor Injury,C
244956923,219339909,2025-10-21,Plano,TX0430600,13B,B,B,N,F,21,N,Y,BG,Hotel/Motel/Etc.,Hotel & Motel,Personal Weapons,,C
248638905,222561790,2025-10-21,Plano,TX0430600,13B,W,W,N,F,21,R,Y,XR,Residence/Home,Home,Personal Weapons,Minor Injury,C
248638925,222561807,2025-10-21,Plano,TX0430600,13B,W,W,N,F,18,R,N,OK,Residence/Home,Home,Personal Weapons,Minor Injury,C
248638944,222561824,2025-10-21,Plano,TX0430600,13B,W,W,N,F,19,N,Y,XR,Residence/Home,Home,Personal Weapons,Minor Injury,C
252533792,225960105,2025-10-22,Plano,TX0430600,13B,W,W,N,M,40,N,N,AQ;VO,Restaurant,Restaurant,Personal Weapons,,C
252533793,225960105,2025-10-22,Plano,TX0430600,13B,W,W,N,M,56,R,N,AQ;VO,Restaurant,Restaurant,Personal Weapons,Minor Injury,C
246876933,221027175,2025-10-23,Plano,TX0430600,13B,B,B,N,F,41,R,N,OK,Parking/Drop Lot/Garage,Parking Lot,Personal Weapons,Minor Injury,C
246876943,221027181,2025-10-23,Plano,TX0430600,13B,A,A,N,M,42,R,N,SB,Residence/Home,Home,Personal Weapons,Minor Injury,C
248639008,222561883,2025-10-23,Plano,TX0430600,13B,W,W,N,F,57,,N,PA,Residence/Home,Home,Personal Weapons,Minor Injury,C
244957116,219340069,2025-10-24,Plano,TX0430600,13B,W,W,N,F,35,N,Y,SE,Highway/Road/Alley/Street/Sidewalk,Street & Sidewalk,Personal Weapons,,C
248639030,222561905,2025-10-24,Plano,TX0430600,13B,H,W,H,M,32,R,N,ST,Parking/Drop Lot/Garage,Parking Lot,Personal Weapons,,C
248639034,222561908,2025-10-24,Plano,TX0430600,13B,W,W,N,F,38,R,N,RU,Residence/Home,Home,Personal Weapons,Minor Injury,C
248639038,222561911,2025-10-24,Plano,TX0430600,13B,A,A,N,F,34,N,N,ST,Bar/Nightclub,Bar & Nightclub,Personal Weapons,Minor Injury,C
248639039,222561911,2025-10-24,Plano,TX0430600,13B,W,W,N,F,30,N,N,ST,Bar/Nightclub,Bar & Nightclub,Personal Weapons,Minor Injury,C
252534445,225960671,2025-10-24,Plano,TX0430600,13B,B,B,N,F,12,R,N,FR;VO,School-Elementary/Secondary,K-12 School,Personal Weapons,,C
252534446,225960671,2025-10-24,Plano,TX0430600,13B,B,B,N,M,12,R,N,FR;VO,School-Elementary/Secondary,K-12 School,Personal Weapons,,C
244957128,219340079,2025-10-25,Plano,TX0430600,13B,W,W,N,F,39,R,Y,BG,Residence/Home,Home,Personal Weapons,Minor Injury,C
246876949,221027186,2025-10-25,Plano,TX0430600,13B,W,W,N,M,44,R,N,PA,Residence/Home,Home,Personal Weapons,Minor Injury,C
248639044,222561916,2025-10-25,Plano,TX0430600,13B,B,B,N,M,58,N,N,ST;VO,Highway/Road/Alley/Street/Sidewalk,Street & Sidewalk,Personal Weapons,,C
248639045,222561916,2025-10-25,Plano,TX0430600,13B,A,A,N,M,43,N,N,ST;VO,Highway/Road/Alley/Street/Sidewalk,Street & Sidewalk,Personal Weapons,Minor Injury,C
248639085,222561951,2025-10-25,Plano,TX0430600,13B,H,U,H,F,27,N,N,AQ,Residence/Home,Home,Personal Weapons,,C
244957222,219340167,2025-10-26,Plano,TX0430600,13B,H,W,H,F,41,R,N,PA,Residence/Home,Home,Personal Weapons,Minor Injury,C
246876963,221027198,2025-10-26,Plano,TX0430600,13B,W,W,N,F,61,R,Y,SE,Residence/Home,Home,Personal Weapons,Minor Injury,C
246876964,221027199,2025-10-26,Plano,TX0430600,13B,B,B,N,F,49,R,Y,BG,Residence/Home,Home,Personal Weapons,Minor Injury,C
246876971,221027204,2025-10-26,Plano,TX0430600,13B,W,W,N,M,70,R,Y,SE,Residence/Home,Home,Personal Weapons,Minor Injury,C
246876972,221027204,2025-10-26,Plano,TX0430600,13B,A,A,N,M,15,R,N,CH,Residence/Home,Home,Personal Weapons,,C
248639063,222561931,2025-10-26,Plano,TX0430600,13B,H,W,H,F,39,R,N,OK,Highway/Road/Alley/Street/Sidewalk,Street & Sidewalk,Personal Weapons,Minor Injury,C
248639082,222561948,2025-10-26,Plano,TX0430600,13B,W,W,N,F,16,N,N,AQ,Park/Playground,Park & Playground,Personal Weapons,Minor Injury,C
248639127,222561990,2025-10-26,Plano,TX0430600,13B,W,W,N,F,34,R,N,PA,Residence/Home,Home,Personal Weapons,,C
246876985,221027215,2025-10-27,Plano,TX0430600,13B,B,B,N,F,82,R,N,GP,Residence/Home,Home,Personal Weapons,Minor Injury,C
248639119,222561982,2025-10-27,Plano,TX0430600,13B,B,B,N,M,5,N,N,ST,Department/Discount Store,Department Store,Personal Weapons,Minor Injury,C
248639122,222561985,2025-10-27,Plano,TX0430600,13B,W,W,N,F,52,R,Y,BG,Residence/Home,Home,Personal Weapons,Minor Injury,C
252533797,225960109,2025-10-27,Plano,TX0430600,13B,W,W,N,F,47,N,N,ST,Grocery/Supermarket,Grocery Store,Personal Weapons,Minor Injury,C
244957345,219340278,2025-10-28,Plano,TX0430600,13B,H,B,H,M,18,N,N,FR,School-Elementary/Secondary,K-12 School,Personal Weapons,Minor Injury,C
246876988,221027218,2025-10-28,Plano,TX0430600,13B,W,W,N,F,51,R,N,PA,Highway/Road/Alley/Street/Sidewalk,Street & Sidewalk,Personal Weapons,,C
246876990,221027220,2025-10-28,Plano,TX0430600,13B,B,B,N,M,15,N,N,AQ,School-Elementary/Secondary,K-12 School,Personal Weapons,Minor Injury,C
246876991,221027220,2025-10-28,Plano,TX0430600,13B,W,W,N,F,28,N,N,AQ,School-Elementary/Secondary,K-12 School,Personal Weapons,,C
246877003,221027228,2025-10-28,Plano,TX0430600,13B,W,W,N,M,36,N,N,AQ,School-Elementary/Secondary,K-12 School,Personal Weapons,Minor Injury,C
246877004,221027228,2025-10-28,Plano,TX0430600,13B,W,W,N,M,43,N,N,AQ,School-Elementary/Secondary,K-12 School,Personal Weapons,Minor Injury,C
248639156,222562015,2025-10-28,Plano,TX0430600,13B,B,B,N,F,25,R,N,OK,Residence/Home,Home,Personal Weapons,Minor Injury,C
248639201,222562053,2025-10-28,Plano,TX0430600,13B,W,W,N,M,13,R,N,AQ,School-Elementary/Secondary,K-12 School,Personal Weapons,Minor Injury,C
248639175,222562032,2025-10-29,Plano,TX0430600,13B,B,B,N,F,19,R,Y,BG,Residence/Home,Home,Personal Weapons,Minor Injury,C
248639183,222562038,2025-10-29,Plano,TX0430600,13B,H,W,H,M,18,N,N,ST,Highway/Road/Alley/Street/Sidewalk,Street & Sidewalk,Personal Weapons,Minor Injury,C
248639188,222562043,2025-10-29,Plano,TX0430600,13B,W,W,N,F,77,R,Y,BG,Residence/Home,Home,Personal Weapons,Minor Injury,C
248639468,222562299,2025-10-29,Plano,TX0430600,13B,H,W,H,F,29,R,Y,SE,Residence/Home,Home,Personal Weapons,Minor Injury,C
244957482,219340393,2025-10-30,Plano,TX0430600,13B,W,W,N,F,31,R,Y,XR,Residence/Home,Home,Personal Weapons,,C
246877045,221027260,2025-10-30,Plano,TX0430600,13B,B,B,N,M,16,R,N,SB,Highway/Road/Alley/Street/Sidewalk,Street & Sidewalk,Personal Weapons,Minor Injury,C
248639198,222562050,2025-10-30,Plano,TX0430600,13B,W,W,N,M,15,R,N,ST,School-Elementary/Secondary,K-12 School,Personal Weapons,Minor Injury,C
248639483,222562313,2025-10-30,Plano,TX0430600,13B,W,W,N,F,21,N,N,EE,Residence/Home,Home,Personal Weapons,,C
244957527,219340435,2025-10-31,Plano,TX0430600,13B,A,A,N,F,49,R,N,PA,Residence/Home,Home,Personal Weapons,,C
246877066,221027277,2025-10-31,Plano,TX0430600,13B,W,W,N,M,35,N,Y,SE,Highway/Road/Alley/Street/Sidewalk,Street & Sidewalk,Personal Weapons,Minor Injury,C
246877068,221027279,2025-10-31,Plano,TX0430600,13B,W,W,N,M,18,N,N,ST,Arena/Stadium/Fairgrounds/Coliseum,Arena & Stadium,Personal Weapons,Minor Injury,C
246877070,221027281,2025-10-31,Plano,TX0430600,13B,H,W,H,M,40,R,Y,XR,Residence/Home,Home,Personal Weapons,Minor Injury,C
248639225,222562073,2025-10-31,Plano,TX0430600,13B,B,B,N,M,46,R,N,AQ,School-Elementary/Secondary,K-12 School,Personal Weapons,Minor Injury,C
248639226,222562073,2025-10-31,Plano,TX0430600,13B,H,W,H,F,13,R,N,AQ,School-Elementary/Secondary,K-12 School,Personal Weapons,,C
248639236,222562082,2025-10-31,Plano,TX0430600,13B,H,W,H,F,36,R,N,AQ,Residence/Home,Home,Personal Weapons,Minor Injury,C
250472374,224162752,2025-10-31,Plano,TX0430600,13B,A,A,N,M,32,N,N,ST,Bar/Nightclub,Bar & Nightclub,Personal Weapons,Minor Injury,C
246877071,221027282,2025-11-01,Plano,TX0430600,13B,B,B,N,M,22,N,Y,BG,Residence/Home,Home,Personal Weapons,Minor Injury,C
246877095,221027304,2025-11-01,Plano,TX0430600,13B,B,B,N,F,66,U,Y,SE,Residence/Home,Home,Personal Weapons,Minor Injury,C
246877106,221027313,2025-11-01,Plano,TX0430600,13B,H,W,H,F,61,N,Y,BG,Hotel/Motel/Etc.,Hotel & Motel,Personal Weapons,,C
248639252,222562097,2025-11-01,Plano,TX0430600,13B,H,W,H,M,54,R,N,PA,Drug Store/Doctor's Office/Hospital,Hospital & Clinic,Personal Weapons,Minor Injury,C
248639253,222562097,2025-11-01,Plano,TX0430600,13B,W,W,N,M,36,N,N,ST,Drug Store/Doctor's Office/Hospital,Hospital & Clinic,Personal Weapons,,C
248639254,222562097,2025-11-01,Plano,TX0430600,13B,W,W,N,M,27,N,N,ST,Drug Store/Doctor's Office/Hospital,Hospital & Clinic,Personal Weapons,,C
246877114,221027319,2025-11-02,Plano,TX0430600,13B,W,W,N,F,27,R,Y,BG,Residence/Home,Home,Personal Weapons,Minor Injury,C
246877131,221027333,2025-11-02,Plano,TX0430600,13B,B,B,N,F,37,R,Y,SE,Residence/Home,Home,Personal Weapons,Minor Injury,C
246877206,221027399,2025-11-03,Plano,TX0430600,13B,H,W,H,M,17,R,N,ST,Restaurant,Restaurant,Personal Weapons,Minor Injury,C
252534673,225960863,2025-11-03,Plano,TX0430600,13B,B,B,N,M,12,R,N,OK;VO,School-Elementary/Secondary,K-12 School,Personal Weapons,Minor Injury,C
252534674,225960863,2025-11-03,Plano,TX0430600,13B,W,W,N,M,9,,N,OK;VO,School-Elementary/Secondary,K-12 School,Personal Weapons,Minor Injury,C
246877223,221027412,2025-11-04,Plano,TX0430600,13B,W,W,N,M,57,N,N,PA,Restaurant,Restaurant,Personal Weapons,,C
246877236,221027425,2025-11-04,Plano,TX0430600,13B,A,A,N,F,42,R,Y,BG,Residence/Home,Home,Personal Weapons,Minor Injury,C
246877246,221027434,2025-11-05,Plano,TX0430600,13B,W,W,N,F,16,R,N,CH,Residence/Home,Home,Personal Weapons,,C
246877283,221027465,2025-11-05,Plano,TX0430600,13B,A,A,N,F,37,R,Y,SE,Residence/Home,Home,Personal Weapons,Minor Injury,C
250472386,224162762,2025-11-05,Plano,TX0430600,13B,B,B,N,F,37,R,N,AQ,Residence/Home,Home,Personal Weapons,Minor Injury,C
250472393,224162769,2025-11-05,Plano,TX0430600,13B,B,B,N,M,13,R,N,AQ,Parking/Drop Lot/Garage,Parking Lot,Personal Weapons,,C
246877304,221027485,2025-11-06,Plano,TX0430600,13B,B,B,N,F,14,N,N,AQ,School-Elementary/Secondary,K-12 School,Personal Weapons,Minor Injury,C
246877352,221027522,2025-11-06,Plano,TX0430600,13B,W,W,N,M,66,R,N,OK,Residence/Home,Home,Personal Weapons,Minor Injury,C
246877370,221027535,2025-11-06,Plano,TX0430600,13B,H,W,H,M,13,R,N,AQ,School-Elementary/Secondary,K-12 School,Personal Weapons,,C
248639360,222562199,2025-11-06,Plano,TX0430600,13B,B,B,N,F,24,R,N,SB,Parking/Drop Lot/Garage,Parking Lot,Personal Weapons,Minor Injury,C
248639373,222562211,2025-11-06,Plano,TX0430600,13B,W,W,N,M,47,R,Y,XR,Hotel/Motel/Etc.,Hotel & Motel,Personal Weapons,Minor Injury,C
246877387,221027551,2025-11-07,Plano,TX0430600,13B,B,B,N,F,15,R,N,AQ,School-Elementary/Secondary,K-12 School,Personal Weapons,,C
250472408,224162783,2025-11-07,Plano,TX0430600,13B,W,W,N,F,14,R,N,AQ,Government/Public Building,Government Building,Personal Weapons,Minor Injury,C
246877418,221027574,2025-11-08,Plano,TX0430600,13B,H,W,H,F,35,R,Y,XR,Residence/Home,Home,Personal Weapons,Minor Injury,C
246877624,221027756,2025-11-08,Plano,TX0430600,13B,B,B,N,F,30,N,N,ST,Residence/Home,Home,Personal Weapons,,C
248639376,222562214,2025-11-08,Plano,TX0430600,13B,H,W,H,F,35,N,Y,BG,Parking/Drop Lot/Garage,Parking Lot,Personal Weapons,Minor Injury,C
248639388,222562225,2025-11-08,Plano,TX0430600,13B,H,W,H,F,30,N,Y,BG,Residence/Home,Home,Personal Weapons,Minor Injury,C
250472416,224162790,2025-11-08,Plano,TX0430600,13B,H,W,H,F,16,R,N,CH,Residence/Home,Home,Personal Weapons,Minor Injury,C
246877434,221027589,2025-11-09,Plano,TX0430600,13B,H,W,H,F,46,R,Y,SE,Residence/Home,Home,Personal Weapons,,C
248639406,222562242,2025-11-09,Plano,TX0430600,13B,H,W,H,M,32,N,Y,BG,Hotel/Motel/Etc.,Hotel & Motel,Personal Weapons,Minor Injury,C
246877541,221027684,2025-11-10,Plano,TX0430600,13B,W,W,N,M,14,R,N,AQ,School-Elementary/Secondary,K-12 School,Personal Weapons,Minor Injury,C
248639431,222562266,2025-11-10,Plano,TX0430600,13B,H,W,H,F,22,R,N,AQ;VO,Highway/Road/Alley/Street/Sidewalk,Street & Sidewalk,Personal Weapons,,C
248639432,222562266,2025-11-10,Plano,TX0430600,13B,P,P,N,M,21,R,N,AQ;VO,Highway/Road/Alley/Street/Sidewalk,Street & Sidewalk,Personal Weapons,,C
246877506,221027652,2025-11-11,Plano,TX0430600,13B,H,W,H,M,15,N,N,AQ;VO,School-Elementary/Secondary,K-12 School,Personal Weapons,,C
246877507,221027652,2025-11-11,Plano,TX0430600,13B,W,W,N,M,17,R,N,AQ;VO,School-Elementary/Secondary,K-12 School,Personal Weapons,,C
246877526,221027670,2025-11-11,Plano,TX0430600,13B,B,B,N,M,18,R,N,FR,Government/Public Building,Government Building,Personal Weapons,Minor Injury,C
246877559,221027700,2025-11-12,Plano,TX0430600,13B,W,W,N,F,54,R,Y,BG,Residence/Home,Home,Personal Weapons,,C
246877563,221027704,2025-11-12,Plano,TX0430600,13B,A,A,N,F,32,R,Y,SE,Residence/Home,Home,Personal Weapons,,C
248639466,222562297,2025-11-12,Plano,TX0430600,13B,B,B,N,F,47,N,Y,BG,Hotel/Motel/Etc.,Hotel & Motel,Personal Weapons,Minor Injury,C
252534675,225960864,2025-11-12,Plano,TX0430600,13B,B,B,N,M,12,R,N,OK;VO,School-Elementary/Secondary,K-12 School,Personal Weapons,,C
252534676,225960864,2025-11-12,Plano,TX0430600,13B,B,B,N,M,9,,N,OK;VO,School-Elementary/Secondary,K-12 School,Personal Weapons,,C
246877573,221027714,2025-11-13,Plano,TX0430600,13B,B,B,N,F,15,R,N,OK,School-Elementary/Secondary,K-12 School,Personal Weapons,Minor Injury,C
250472434,224162807,2025-11-13,Plano,TX0430600,13B,W,W,N,M,14,R,N,ST,Other/Unknown,Other & Unknown,Personal Weapons,Minor Injury,C
252534677,225960865,2025-11-13,Plano,TX0430600,13B,B,B,N,M,12,R,N,OK;VO,School-Elementary/Secondary,K-12 School,Personal Weapons,,C
252534678,225960865,2025-11-13,Plano,TX0430600,13B,B,B,N,M,9,,N,OK;VO,School-Elementary/Secondary,K-12 School,Personal Weapons,,C
246877654,221027784,2025-11-14,Plano,TX0430600,13B,B,B,N,F,33,R,Y,BG,Residence/Home,Home,Personal Weapons,Minor Injury,C
246877656,221027786,2025-11-14,Plano,TX0430600,13B,B,B,N,M,50,R,N,PA,Residence/Home,Home,Personal Weapons,,C
248639520,222562348,2025-11-14,Plano,TX0430600,13B,W,W,N,M,13,R,N,AQ,School-Elementary/Secondary,K-12 School,Personal Weapons,,C
248639535,222562362,2025-11-14,Plano,TX0430600,13B,W,W,N,F,37,R,Y,XR,Residence/Home,Home,Personal Weapons,Minor Injury,C
248639764,222562572,2025-11-14,Plano,TX0430600,13B,A,A,N,F,24,N,N,ST,Specialty Store,Specialty Store,Personal Weapons,,C
250472445,224162817,2025-11-14,Plano,TX0430600,13B,W,W,N,M,44,N,N,OK,Hotel/Motel/Etc.,Hotel & Motel,Personal Weapons,,C
252534679,225960866,2025-11-14,Plano,TX0430600,13B,B,B,N,M,12,R,N,OK;VO,School-Elementary/Secondary,K-12 School,Personal Weapons,,C
252534680,225960866,2025-11-14,Plano,TX0430600,13B,B,B,N,M,9,,N,OK;VO,School-Elementary/Secondary,K-12 School,Personal Weapons,,C
246877679,221027808,2025-11-15,Plano,TX0430600,13B,H,W,H,M,28,R,N,ST,Highway/Road/Alley/Street/Sidewalk,Street & Sidewalk,Personal Weapons,,C
248639554,222562381,2025-11-15,Plano,TX0430600,13B,W,W,N,M,18,R,N,CH,Residence/Home,Home,Personal Weapons,Minor Injury,C
248639560,222562387,2025-11-15,Plano,TX0430600,13B,W,W,N,F,53,R,Y,SE,Residence/Home,Home,Personal Weapons,Minor Injury,C
248639563,222562390,2025-11-15,Plano,TX0430600,13B,W,W,N,F,43,R,Y,BG,Residence/Home,Home,Personal Weapons,,C
248639583,222562409,2025-11-16,Plano,TX0430600,13B,H,W,H,F,36,R,Y,BG,Residence/Home,Home,Personal Weapons,Minor Injury,C
248639589,222562415,2025-11-17,Plano,TX0430600,13B,B,B,N,M,41,N,N,ST,Hotel/Motel/Etc.,Hotel & Motel,Personal Weapons,,C
250472449,224162821,2025-11-17,Plano,TX0430600,13B,H,W,H,M,43,R,N,ST,Residence/Home,Home,Personal Weapons,Minor Injury,C
246877773,221027892,2025-11-18,Plano,TX0430600,13B,B,B,N,F,40,R,N,SB,Residence/Home,Home,Personal Weapons,,C
246877796,221027902,2025-11-18,Plano,TX0430600,13B,W,W,N,F,71,R,N,OK,Residence/Home,Home,Personal Weapons,,C
246877819,221027923,2025-11-18,Plano,TX0430600,13B,B,B,N,M,6,R,N,OF,Highway/Road/Alley/Street/Sidewalk,Street & Sidewalk,Personal Weapons,,C
248639639,222562460,2025-11-18,Plano,TX0430600,13B,B,B,N,M,12,R,N,AQ;OK,Parking/Drop Lot/Garage,Parking Lot,Personal Weapons,Minor Injury,C
246877828,221027929,2025-11-19,Plano,TX0430600,13B,A,A,N,M,47,N,N,AQ,Specialty Store,Specialty Store,Personal Weapons,,C
248639654,222562474,2025-11-19,Plano,TX0430600,13B,B,B,N,M,5,R,N,ST,Community Center,Community Center,Personal Weapons,Minor Injury,C
248639658,222562478,2025-11-19,Plano,TX0430600,13B,W,W,N,F,30,R,Y,CS,Hotel/Motel/Etc.,Hotel & Motel,Personal Weapons,Minor Injury,C
248639660,222562480,2025-11-19,Plano,TX0430600,13B,A,A,N,F,32,R,Y,SE,Residence/Home,Home,Personal Weapons,Minor Injury,C
246877883,221027980,2025-11-20,Plano,TX0430600,13B,W,W,N,M,40,N,N,AQ,School-Elementary/Secondary,K-12 School,Personal Weapons,,C
248639686,222562503,2025-11-20,Plano,TX0430600,13B,W,W,N,M,31,R,N,OK,Residence/Home,Home,Personal Weapons,Minor Injury,C
252533848,225960157,2025-11-20,Plano,TX0430600,13B,B,B,N,F,19,R,N,ST,Residence/Home,Home,Personal Weapons,Minor Injury,C
246877917,221028009,2025-11-21,Plano,TX0430600,13B,B,B,N,F,19,R,Y,BG,Residence/Home,Home,Personal Weapons,,C
246877919,221028011,2025-11-21,Plano,TX0430600,13B,A,A,N,F,58,R,N,ST,Parking/Drop Lot/Garage,Parking Lot,Personal Weapons,,C
246877954,221028043,2025-11-21,Plano,TX0430600,13B,W,W,N,F,38,R,Y,SE,Residence/Home,Home,Personal Weapons,,C
252533851,225960160,2025-11-22,Plano,TX0430600,13B,W,W,N,F,48,R,N,ST,Residence/Home,Home,Personal Weapons,,C
246878006,221028093,2025-11-23,Plano,TX0430600,13B,W,W,N,M,55,N,N,ST,Restaurant,Restaurant,Personal Weapons,,C
246878072,221028148,2025-11-23,Plano,TX0430600,13B,W,W,N,F,26,N,Y,BG,Parking/Drop Lot/Garage,Parking Lot,Personal Weapons,Minor Injury,C
248639748,222562558,2025-11-23,Plano,TX0430600,13B,A,A,N,M,34,R,Y,BG,Residence/Home,Home,Personal Weapons,Minor Injury,C
250472471,224162843,2025-11-23,Plano,TX0430600,13B,W,W,N,M,12,U,N,ST,Parking/Drop Lot/Garage,Parking Lot,Personal Weapons,,C
252533855,225960164,2025-11-23,Plano,TX0430600,13B,W,W,N,F,74,R,Y,SE,Residence/Home,Home,Personal Weapons,Minor Injury,C
248639784,222562592,2025-11-24,Plano,TX0430600,13B,W,W,N,F,46,R,Y,SE,Residence/Home,Home,Personal Weapons,,C
252533856,225960165,2025-11-24,Plano,TX0430600,13B,W,W,N,F,35,N,N,ST,Drug Store/Doctor's Office/Hospital,Hospital & Clinic,Personal Weapons,,C
246878093,221028167,2025-11-25,Plano,TX0430600,13B,W,W,N,F,38,R,N,ST,Highway/Road/Alley/Street/Sidewalk,Street & Sidewalk,Personal Weapons,,C
248639831,222562628,2025-11-25,Plano,TX0430600,13B,W,W,N,F,22,R,N,SB,Residence/Home,Home,Personal Weapons,Minor Injury,C
246878137,221028205,2025-11-26,Plano,TX0430600,13B,H,W,H,M,57,R,N,PA,Residence/Home,Home,Personal Weapons,Minor Injury,C
252533857,225960166,2025-11-26,Plano,TX0430600,13B,W,W,N,F,63,R,N,PA,Residence/Home,Home,Personal Weapons,Minor Injury,C
246878160,221028225,2025-11-27,Plano,TX0430600,13B,W,W,N,M,22,R,Y,BG,Residence/Home,Home,Personal Weapons,,C
248639886,222562674,2025-11-28,Plano,TX0430600,13B,B,B,N,M,32,R,Y,BG,Residence/Home,Home,Personal Weapons,Minor Injury,C
248639890,222562677,2025-11-28,Plano,TX0430600,13B,W,W,N,F,31,N,Y,XR,Hotel/Motel/Etc.,Hotel & Motel,Personal Weapons,Minor Injury,C
246878224,221028281,2025-11-29,Plano,TX0430600,13B,W,W,N,M,29,N,N,ST,Highway/Road/Alley/Street/Sidewalk,Street & Sidewalk,Personal Weapons,,C
248639913,222562693,2025-11-29,Plano,TX0430600,13B,A,A,N,F,38,R,Y,XR,Residence/Home,Home,Personal Weapons,Minor Injury,C
248639928,222562707,2025-11-29,Plano,TX0430600,13B,A,A,N,F,33,R,Y,SE,Residence/Home,Home,Personal Weapons,,C
248639934,222562712,2025-11-29,Plano,TX0430600,13B,W,W,N,F,8,N,N,ST,Amusement Park,Amusement Park,Personal Weapons,,C
248639937,222562715,2025-11-29,Plano,TX0430600,13B,W,W,N,F,34,N,Y,BG,Residence/Home,Home,Personal Weapons,Minor Injury,C
250472498,224162864,2025-11-29,Plano,TX0430600,13B,W,W,N,F,23,N,N,OK;SB;VO,Commercial/Office Building,Office Building,Personal Weapons,,C
250472499,224162864,2025-11-29,Plano,TX0430600,13B,A,A,N,F,29,R,Y,OK;SE;VO,Commercial/Office Building,Office Building,Personal Weapons,,C
250472500,224162864,2025-11-29,Plano,TX0430600,13B,A,A,N,F,49,N,N,OK;PA,Commercial/Office Building,Office Building,Personal Weapons,Minor Injury,C
250472501,224162864,2025-11-29,Plano,TX0430600,13B,A,A,N,M,30,R,Y,OK;SE;VO,Commercial/Office Building,Office Building,Personal Weapons,Minor Injury,C
250472502,224162864,2025-11-29,Plano,TX0430600,13B,A,A,N,M,31,N,N,OK,Commercial/Office Building,Office Building,Personal Weapons,,C
248639954,222562729,2025-11-30,Plano,TX0430600,13B,H,W,H,F,30,R,Y,SE,Parking/Drop Lot/Garage,Parking Lot,Personal Weapons,Minor Injury,C
252533865,225960172,2025-11-30,Plano,TX0430600,13B,B,B,N,F,31,N,Y,BG,Hotel/Motel/Etc.,Hotel & Motel,Personal Weapons,Minor Injury,C
248639996,222562766,2025-12-01,Plano,TX0430600,13B,W,W,N,F,27,R,Y,BG,Residence/Home,Home,Personal Weapons,,C
248640008,222562778,2025-12-01,Plano,TX0430600,13B,B,B,N,F,22,R,N,OK,Residence/Home,Home,Personal Weapons,Minor Injury,C
248641025,222563633,2025-12-01,Plano,TX0430600,13B,W,W,N,F,46,N,Y,BG,Highway/Road/Alley/Street/Sidewalk,Street & Sidewalk,Personal Weapons,,C
252533971,225960251,2025-12-01,Plano,TX0430600,13B,A,A,N,F,68,R,Y,SE,Residence/Home,Home,Personal Weapons,Minor Injury,C
248640014,222562783,2025-12-02,Plano,TX0430600,13B,B,B,N,F,12,R,N,OK;VO,School-Elementary/Secondary,K-12 School,Personal Weapons,Minor Injury,C
248640015,222562783,2025-12-02,Plano,TX0430600,13B,B,B,N,F,13,R,N,OK;VO,School-Elementary/Secondary,K-12 School,Personal Weapons,Minor Injury,C
248640030,222562792,2025-12-02,Plano,TX0430600,13B,B,B,N,M,41,R,Y,SE,Residence/Home,Home,Personal Weapons,Minor Injury,C
252533875,225960181,2025-12-02,Plano,TX0430600,13B,B,B,N,F,16,R,N,OK,Parking/Drop Lot/Garage,Parking Lot,Personal Weapons,,C
248640121,222562869,2025-12-03,Plano,TX0430600,13B,W,W,N,M,15,R,N,AQ,School-Elementary/Secondary,K-12 School,Personal Weapons,,C
248640130,222562878,2025-12-03,Plano,TX0430600,13B,A,A,N,M,44,R,Y,SE,Residence/Home,Home,Personal Weapons,Minor Injury,C
248640134,222562882,2025-12-03,Plano,TX0430600,13B,B,B,N,M,57,N,N,ST,Drug Store/Doctor's Office/Hospital,Hospital & Clinic,Personal Weapons,Minor Injury,C
248640140,222562888,2025-12-03,Plano,TX0430600,13B,W,W,N,F,33,N,Y,BG,Highway/Road/Alley/Street/Sidewalk,Street & Sidewalk,Personal Weapons,Minor Injury,C
250472527,224162888,2025-12-03,Plano,TX0430600,13B,H,W,H,M,13,R,N,AQ,Highway/Road/Alley/Street/Sidewalk,Street & Sidewalk,Personal Weapons,Minor Injury,C
250472528,224162889,2025-12-03,Plano,TX0430600,13B,W,W,N,F,45,R,Y,SE,Residence/Home,Home,Personal Weapons,Minor Injury,C
252533892,225960196,2025-12-03,Plano,TX0430600,13B,A,A,N,F,46,R,N,AQ,School-Elementary/Secondary,K-12 School,Personal Weapons,Minor Injury,C
248640163,222562909,2025-12-04,Plano,TX0430600,13B,B,B,N,M,29,N,N,ST,Restaurant,Restaurant,Personal Weapons,,C
248640257,222562973,2025-12-05,Plano,TX0430600,13B,H,W,H,M,50,R,N,ST,Residence/Home,Home,Personal Weapons,Minor Injury,C
252533887,225960191,2025-12-05,Plano,TX0430600,13B,B,B,N,M,15,R,N,AQ,School-Elementary/Secondary,K-12 School,Personal Weapons,Minor Injury,C
248640303,222563017,2025-12-06,Plano,TX0430600,13B,B,B,N,F,44,N,N,CH,Residence/Home,Home,Personal Weapons,Minor Injury,C
248640314,222563027,2025-12-06,Plano,TX0430600,13B,H,B,H,F,41,N,N,ST,Convenience Store,Convenience Store,Personal Weapons,Minor Injury,C
250472543,224162901,2025-12-06,Plano,TX0430600,13B,H,W,H,M,39,R,N,ST,Parking/Drop Lot/Garage,Parking Lot,Personal Weapons,Minor Injury,C
250472549,224162907,2025-12-06,Plano,TX0430600,13B,A,A,N,F,22,N,Y,SE,Restaurant,Restaurant,Personal Weapons,Minor Injury,C
248640380,222563079,2025-12-07,Plano,TX0430600,13B,H,W,H,F,29,R,Y,SE,Highway/Road/Alley/Street/Sidewalk,Street & Sidewalk,Personal Weapons,Minor Injury,C
250472548,224162906,2025-12-07,Plano,TX0430600,13B,B,B,N,F,17,R,N,OK,Residence/Home,Home,Personal Weapons,Minor Injury,C
248640453,222563147,2025-12-08,Plano,TX0430600,13B,H,W,H,M,47,N,N,ST,Parking/Drop Lot/Garage,Parking Lot,Personal Weapons,Minor Injury,C
250472554,224162912,2025-12-08,Plano,TX0430600,13B,B,B,N,F,19,R,Y,XR,Residence/Home,Home,Personal Weapons,Minor Injury,C
250472558,224162915,2025-12-08,Plano,TX0430600,13B,B,B,N,M,69,R,Y,SE,Residence/Home,Home,Personal Weapons,Minor Injury,C
248640502,222563193,2025-12-09,Plano,TX0430600,13B,B,B,N,F,45,R,N,PA;VO,Residence/Home,Home,Personal Weapons,,C
248640503,222563193,2025-12-09,Plano,TX0430600,13B,B,B,N,F,23,R,N,CH;VO,Residence/Home,Home,Personal Weapons,,C
248640518,222563205,2025-12-09,Plano,TX0430600,13B,B,B,N,M,45,R,Y,BG,Residence/Home,Home,Personal Weapons,,C
248640696,222563361,2025-12-09,Plano,TX0430600,13B,A,A,U,M,13,R,N,CH,Residence/Home,Home,Personal Weapons,Minor Injury,C
250472570,224162927,2025-12-09,Plano,TX0430600,13B,H,W,H,F,25,R,Y,XS,Residence/Home,Home,Personal Weapons,,C
252533889,225960193,2025-12-10,Plano,TX0430600,13B,W,W,N,F,36,R,N,FR,Residence/Home,Home,Personal Weapons,Minor Injury,C
248640666,222563336,2025-12-11,Plano,TX0430600,13B,B,B,N,F,26,R,Y,SE,Residence/Home,Home,Personal Weapons,,C
250472586,224162940,2025-12-11,Plano,TX0430600,13B,B,B,N,F,35,R,Y,XR,Residence/Home,Home,Personal Weapons,Minor Injury,C
250472589,224162943,2025-12-11,Plano,TX0430600,13B,H,W,H,F,49,R,N,AQ,School-Elementary/Secondary,K-12 School,Personal Weapons,Minor Injury,C
248640690,222563356,2025-12-12,Plano,TX0430600,13B,H,W,H,F,18,R,N,ST,School-Elementary/Secondary,K-12 School,Personal Weapons,,C
248640736,222563392,2025-12-12,Plano,TX0430600,13B,W,W,N,F,46,R,N,AQ,Residence/Home,Home,Personal Weapons,Minor Injury,C
250472618,224162969,2025-12-12,Plano,TX0430600,13B,B,B,N,F,30,R,Y,SE,Hotel/Motel/Etc.,Hotel & Motel,Personal Weapons,Minor Injury,C
250472622,224162973,2025-12-12,Plano,TX0430600,13B,W,W,N,F,46,N,Y,SE,Drug Store/Doctor's Office/Hospital,Hospital & Clinic,Personal Weapons,Minor Injury,C
248640769,222563423,2025-12-13,Plano,TX0430600,13B,W,W,N,M,43,R,N,ST,Department/Discount Store,Department Store,Personal Weapons,Minor Injury,C
248640777,222563431,2025-12-13,Plano,TX0430600,13B,B,B,N,M,35,R,Y,XR,Parking/Drop Lot/Garage,Parking Lot,Personal Weapons,Minor Injury,C
248640801,222563449,2025-12-13,Plano,TX0430600,13B,W,W,N,M,17,R,N,ST,Restaurant,Restaurant,Personal Weapons,,C
252533898,225960202,2025-12-13,Plano,TX0430600,13B,B,B,N,F,13,R,N,CH,Hotel/Motel/Etc.,Hotel & Motel,Personal Weapons,Minor Injury,C
252533926,225960225,2025-12-13,Plano,TX0430600,13B,B,B,N,F,18,R,Y,BG,Residence/Home,Home,Personal Weapons,Minor Injury,C
248640810,222563457,2025-12-14,Plano,TX0430600,13B,B,B,N,F,38,R,Y,BG,Hotel/Motel/Etc.,Hotel & Motel,Personal Weapons,,C
250472642,224162993,2025-12-14,Plano,TX0430600,13B,W,W,N,M,69,N,N,SP,Highway/Road/Alley/Street/Sidewalk,Street & Sidewalk,Personal Weapons,Minor Injury,C
248640922,222563551,2025-12-15,Plano,TX0430600,13B,A,A,N,F,26,R,N,OK,Residence/Home,Home,Personal Weapons,,C
250472662,224163008,2025-12-15,Plano,TX0430600,13B,W,W,N,F,54,R,N,ST,Drug Store/Doctor's Office/Hospital,Hospital & Clinic,Personal Weapons,,C
250472673,224163019,2025-12-15,Plano,TX0430600,13B,W,W,N,M,21,R,N,OK,Parking/Drop Lot/Garage,Parking Lot,Personal Weapons,Minor Injury,C
248640963,222563585,2025-12-16,Plano,TX0430600,13B,B,B,N,M,4,N,N,AQ,Drug Store/Doctor's Office/Hospital,Hospital & Clinic,Personal Weapons,Minor Injury,C
248641004,222563617,2025-12-16,Plano,TX0430600,13B,B,B,N,M,18,R,Y,BG,Highway/Road/Alley/Street/Sidewalk,Street & Sidewalk,Personal Weapons,,C
248641080,222563678,2025-12-17,Plano,TX0430600,13B,H,W,H,F,28,R,Y,BG,Residence/Home,Home,Personal Weapons,Minor Injury,C
250472698,224163042,2025-12-17,Plano,TX0430600,13B,A,A,N,F,30,R,Y,SE,Residence/Home,Home,Personal Weapons,Minor Injury,C
248641100,222563695,2025-12-18,Plano,TX0430600,13B,W,W,N,F,37,R,Y,XR,Residence/Home,Home,Personal Weapons,Minor Injury,C
248641117,222563711,2025-12-18,Plano,TX0430600,13B,W,W,N,F,63,R,N,PA,Residence/Home,Home,Personal Weapons,,C
248641144,222563735,2025-12-18,Plano,TX0430600,13B,A,A,N,M,13,R,N,ST,Park/Playground,Park & Playground,Personal Weapons,Minor Injury,C
248641201,222563786,2025-12-19,Plano,TX0430600,13B,W,W,N,F,77,R,N,GP,Residence/Home,Home,Personal Weapons,,C
250472731,224163070,2025-12-19,Plano,TX0430600,13B,A,A,N,M,30,N,N,CH,Residence/Home,Home,Personal Weapons,Minor Injury,C
250472750,224163085,2025-12-19,Plano,TX0430600,13B,W,W,N,F,24,R,Y,BG,Residence/Home,Home,Personal Weapons,Minor Injury,C
250472752,224163087,2025-12-19,Plano,TX0430600,13B,B,B,N,F,21,R,N,CH,Residence/Home,Home,Personal Weapons,,C
250472759,224163094,2025-12-19,Plano,TX0430600,13B,A,A,N,M,13,N,N,OK,Church/Synagogue/Temple/Mosque,Religious Building,Personal Weapons,,C
250472776,224163111,2025-12-19,Plano,TX0430600,13B,H,W,H,M,29,R,N,AQ,Grocery/Supermarket,Grocery Store,Personal Weapons,Minor Injury,C
252533923,225960222,2025-12-19,Plano,TX0430600,13B,W,W,N,M,16,R,N,AQ;FR,Park/Playground,Park & Playground,Personal Weapons,Minor Injury,C
250472778,224163113,2025-12-20,Plano,TX0430600,13B,W,W,N,F,28,R,Y,XR,Residence/Home,Home,Personal Weapons,,C
250472786,224163119,2025-12-20,Plano,TX0430600,13B,W,W,N,M,10,R,N,CH,Residence/Home,Home,Personal Weapons,Minor Injury,C
250473194,224163448,2025-12-20,Plano,TX0430600,13B,H,W,H,F,19,R,Y,XR,Residence/Home,Home,Personal Weapons,,C
250472794,224163127,2025-12-21,Plano,TX0430600,13B,B,B,N,F,16,N,N,CH,Government/Public Building,Government Building,Personal Weapons,,C
250472806,224163138,2025-12-21,Plano,TX0430600,13B,W,W,N,F,34,R,Y,SE,Residence/Home,Home,Personal Weapons,Minor Injury,C
250472810,224163142,2025-12-21,Plano,TX0430600,13B,H,W,H,F,40,R,Y,BG,Residence/Home,Home,Personal Weapons,Minor Injury,C
250472844,224163154,2025-12-21,Plano,TX0430600,13B,H,W,H,F,41,N,Y,BG,Church/Synagogue/Temple/Mosque,Religious Building,Personal Weapons,Minor Injury,C
248641297,222563874,2025-12-22,Plano,TX0430600,13B,H,W,H,F,45,R,N,ST,Specialty Store,Specialty Store,Personal Weapons,,C
248641331,222563904,2025-12-22,Plano,TX0430600,13B,H,W,H,M,20,R,N,CH;SB;SC,Residence/Home,Home,Personal Weapons,,C
250472868,224163177,2025-12-23,Plano,TX0430600,13B,W,W,N,F,61,R,Y,SE,Residence/Home,Home,Personal Weapons,Minor Injury,C
248641468,222564022,2025-12-24,Plano,TX0430600,13B,W,W,N,F,25,R,N,OF,Residence/Home,Home,Personal Weapons,,C
250472873,224163182,2025-12-24,Plano,TX0430600,13B,W,W,N,F,29,R,Y,SE,Residence/Home,Home,Personal Weapons,,C
250472886,224163194,2025-12-24,Plano,TX0430600,13B,W,W,N,F,49,N,N,ST,Restaurant,Restaurant,Personal Weapons,Minor Injury,C
250473069,224163330,2025-12-24,Plano,TX0430600,13B,A,A,N,M,57,N,N,AQ,Restaurant,Restaurant,Personal Weapons,,C
248641517,222564064,2025-12-26,Plano,TX0430600,13B,W,W,N,M,27,R,N,CH,Residence/Home,Home,Personal Weapons,Minor Injury,C
248641543,222564090,2025-12-26,Plano,TX0430600,13B,W,W,N,F,41,R,N,PA,Residence/Home,Home,Personal Weapons,,C
248641548,222564095,2025-12-26,Plano,TX0430600,13B,A,A,N,F,50,N,Y,SE,Restaurant,Restaurant,Personal Weapons,,C
250472898,224163203,2025-12-26,Plano,TX0430600,13B,A,A,N,F,64,R,N,PA,Residence/Home,Home,Personal Weapons,Minor Injury,C
250473032,224163306,2025-12-26,Plano,TX0430600,13B,B,B,N,F,29,N,Y,XR,Residence/Home,Home,Personal Weapons,,C
250472941,224163230,2025-12-27,Plano,TX0430600,13B,B,B,N,M,42,N,Y,OK;PA;SE;VO,Amusement Park,Amusement Park,Personal Weapons,,C
250472942,224163230,2025-12-27,Plano,TX0430600,13B,B,B,N,M,24,N,Y,CH;OK;SB;VO;XR,Amusement Park,Amusement Park,Personal Weapons,Minor Injury,C
250472943,224163230,2025-12-27,Plano,TX0430600,13B,B,B,N,F,21,N,N,CH;OK;SB;VO,Amusement Park,Amusement Park,Personal Weapons,Minor Injury,C
250472944,224163230,2025-12-27,Plano,TX0430600,13B,B,B,N,F,19,N,N,CH;OK;SB;VO,Amusement Park,Amusement Park,Personal Weapons,,C
250472945,224163230,2025-12-27,Plano,TX0430600,13B,B,B,N,F,17,N,N,CH;OK;SB;VO,Amusement Park,Amusement Park,Personal Weapons,Minor Injury,C
250472946,224163230,2025-12-27,Plano,TX0430600,13B,B,B,N,M,20,N,N,CH;OK;SB;VO,Amusement Park,Amusement Park,Personal Weapons,Minor Injury,C
250472947,224163230,2025-12-27,Plano,TX0430600,13B,B,B,N,F,47,N,Y,OK;PA;SE;VO,Amusement Park,Amusement Park,Personal Weapons,,C
250472948,224163230,2025-12-27,Plano,TX0430600,13B,B,B,N,F,43,N,N,OK;PA,Amusement Park,Amusement Park,Personal Weapons,Minor Injury,C
250472950,224163232,2025-12-27,Plano,TX0430600,13B,H,W,H,F,41,R,Y,XS,Residence/Home,Home,Personal Weapons,Minor Injury,C
250472958,224163238,2025-12-27,Plano,TX0430600,13B,A,A,N,M,14,R,N,ST,Residence/Home,Home,Personal Weapons,Minor Injury,C
250472959,224163238,2025-12-27,Plano,TX0430600,13B,A,A,N,M,14,R,N,ST,Residence/Home,Home,Personal Weapons,,C
250472960,224163238,2025-12-27,Plano,TX0430600,13B,A,A,N,M,14,R,N,ST,Residence/Home,Home,Personal Weapons,,C
250472969,224163247,2025-12-27,Plano,TX0430600,13B,B,B,N,M,32,N,Y,XS,Specialty Store,Specialty Store,Personal Weapons,,C
252533963,225960243,2025-12-27,Plano,TX0430600,13B,B,B,N,F,49,U,N,AQ,Parking/Drop Lot/Garage,Parking Lot,Personal Weapons,Minor Injury,C
248641674,222564184,2025-12-28,Plano,TX0430600,13B,W,W,N,F,31,R,N,IL,Residence/Home,Home,Personal Weapons,,C
250472963,224163241,2025-12-28,Plano,TX0430600,13B,B,B,N,F,21,N,Y,BG,Residence/Home,Home,Personal Weapons,Minor Injury,C
250472967,224163245,2025-12-28,Plano,TX0430600,13B,H,W,H,F,27,R,Y,BG,Residence/Home,Home,Personal Weapons,Minor Injury,C
252533965,225960245,2025-12-28,Plano,TX0430600,13B,W,W,N,M,71,R,N,PA,Residence/Home,Home,Personal Weapons,Minor Injury,C
250472998,224163275,2025-12-29,Plano,TX0430600,13B,A,A,N,M,71,R,N,PA,Residence/Home,Home,Personal Weapons,Minor Injury,C
248641786,222564278,2025-12-30,Plano,TX0430600,13B,A,A,N,M,18,R,N,OK,Community Center,Community Center,Personal Weapons,,C
248641787,222564278,2025-12-30,Plano,TX0430600,13B,A,A,N,M,18,R,N,OK,Community Center,Community Center,Personal Weapons,,C
250473002,224163277,2025-12-30,Plano,TX0430600,13B,W,W,N,M,43,R,Y,BG,Residence/Home,Home,Personal Weapons,Minor Injury,C
250473021,224163295,2025-12-30,Plano,TX0430600,13B,W,W,N,F,57,R,N,PA,Residence/Home,Home,Personal Weapons,Minor Injury,C
250473057,224163321,2025-12-31,Plano,TX0430600,13B,W,W,N,F,42,R,Y,BG,Residence/Home,Home,Personal Weapons,Minor Injury,C
252534002,225960277,2025-12-31,Plano,TX0430600,13B,W,W,N,M,76,R,Y,BG,Residence/Home,Home,Personal Weapons,Minor Injury,C
