victim_id,incident_id,incident_date,agency,ori,offense_code,race_group,race,ethnicity,sex,age,resident_status,partner,relationship,location,premise,weapon,injury,attempt_complete
165949234,150376519,2022-01-01,Buffalo,NY0140100,13A,B,B,N,M,25,R,N,,Highway/Road/Alley/Street/Sidewalk,Street & Sidewalk,Firearm,,C
182851591,165156300,2022-01-01,Buffalo,NY0140100,13A,B,B,N,F,25,R,Y,XS,Highway/Road/Alley/Street/Sidewalk,Street & Sidewalk,Firearm,,C
182851594,165156302,2022-01-01,Buffalo,NY0140100,13A,B,B,N,F,25,R,Y,BG,Residence/Home,Home,Knife/Cutting Instrument,Minor Injury,C
182851597,165156304,2022-01-01,Buffalo,NY0140100,13A,H,W,H,F,56,R,Y,BG,Residence/Home,Home,Blunt Object,Minor Injury,C
182851626,165156332,2022-01-01,Buffalo,NY0140100,13A,B,B,N,M,41,R,Y,BG,Highway/Road/Alley/Street/Sidewalk,Street & Sidewalk,Knife/Cutting Instrument,,C
182860124,165164029,2022-01-01,Buffalo,NY0140100,13A,B,B,N,M,37,R,N,PA,Residence/Home,Home,Firearm,,C
182934070,165229676,2022-01-01,Buffalo,NY0140100,13A,B,B,N,F,34,R,N,AQ,Highway/Road/Alley/Street/Sidewalk,Street & Sidewalk,Handgun,,C
165949431,150376703,2022-01-02,Buffalo,NY0140100,13A,B,B,N,M,22,R,N,,Highway/Road/Alley/Street/Sidewalk,Street & Sidewalk,Firearm,Other Major Injury;Possible Internal Injury,C
182864766,165168264,2022-01-02,Buffalo,NY0140100,13A,W,W,N,F,47,R,Y,XS,Residence/Home,Home,Knife/Cutting Instrument,Minor Injury,C
165969384,150394542,2022-01-03,Buffalo,NY0140100,13A,H,W,H,F,43,R,N,,Highway/Road/Alley/Street/Sidewalk,Street & Sidewalk,Knife/Cutting Instrument,,C
165971526,150396574,2022-01-03,Buffalo,NY0140100,13A,W,W,N,F,26,N,N,,Residence/Home,Home,Firearm,,C
165980141,150404077,2022-01-04,Buffalo,NY0140100,13A,B,B,N,M,18,R,N,,Highway/Road/Alley/Street/Sidewalk,Street & Sidewalk,Firearm,Severe Laceration,C
182888604,165189323,2022-01-04,Buffalo,NY0140100,13A,B,B,N,F,37,R,Y,XS,Hotel/Motel/Etc.,Hotel & Motel,Blunt Object,Minor Injury,C
182888698,165189409,2022-01-05,Buffalo,NY0140100,13A,B,B,N,M,17,R,N,AQ,Residence/Home,Home,Knife/Cutting Instrument,Possible Internal Injury;Severe Laceration,C
173466734,156958725,2022-01-06,Buffalo,NY0140100,13A,H,W,H,F,51,N,N,RU,Residence/Home,Home,Unknown,Minor Injury,C
183664592,165865058,2022-01-06,Buffalo,NY0140100,13A,W,W,N,F,52,R,N,PA,Residence/Home,Home,Firearm,Minor Injury,C
183664593,165865058,2022-01-06,Buffalo,NY0140100,13A,W,W,N,F,18,R,Y,XS,Residence/Home,Home,Firearm,,C
165949288,150376570,2022-01-07,Buffalo,NY0140100,13A,B,B,N,M,24,R,N,,Highway/Road/Alley/Street/Sidewalk,Street & Sidewalk,Firearm,,C
165949334,150376612,2022-01-07,Buffalo,NY0140100,13A,W,W,N,M,69,R,N,RU,Residence/Home,Home,Knife/Cutting Instrument,,C
165949340,150376617,2022-01-07,Buffalo,NY0140100,13A,W,W,N,M,25,R,N,,Residence/Home,Home,Firearm,Possible Internal Injury;Severe Laceration,C
165950844,150377996,2022-01-08,Buffalo,NY0140100,13A,W,W,N,M,27,R,N,,Highway/Road/Alley/Street/Sidewalk,Street & Sidewalk,Personal Weapons,,C
165950856,150378006,2022-01-08,Buffalo,NY0140100,13A,B,B,N,F,29,R,N,,Residence/Home,Home,Firearm,Severe Laceration,C
182888208,165188967,2022-01-08,Buffalo,NY0140100,13A,B,B,N,F,36,R,Y,XS,Residence/Home,Home,Personal Weapons,Minor Injury,C
165951757,150378832,2022-01-09,Buffalo,NY0140100,13A,B,B,N,M,28,R,N,,Highway/Road/Alley/Street/Sidewalk,Street & Sidewalk,Firearm,Possible Internal Injury,C
166007268,150428303,2022-01-09,Buffalo,NY0140100,13A,B,B,N,M,31,R,N,,Highway/Road/Alley/Street/Sidewalk,Street & Sidewalk,Firearm,Other Major Injury;Severe Laceration,C
182887738,165188535,2022-01-10,Buffalo,NY0140100,13A,W,W,N,M,26,R,N,FR,Residence/Home,Home,Knife/Cutting Instrument,,C
182932828,165228540,2022-01-10,Buffalo,NY0140100,13A,B,B,N,M,24,R,N,FR,Residence/Home,Home,Firearm,,C
187632886,169325177,2022-01-11,Buffalo,NY0140100,13A,B,B,N,F,31,R,Y,XS,Residence/Home,Home,Firearm,,C
182887067,165187954,2022-01-12,Buffalo,NY0140100,13A,B,B,N,F,35,R,Y,BG,Residence/Home,Home,Personal Weapons,Minor Injury;Unconscious,C
182888425,165189167,2022-01-12,Buffalo,NY0140100,13A,B,B,N,M,35,R,N,AQ,Highway/Road/Alley/Street/Sidewalk,Street & Sidewalk,Knife/Cutting Instrument,Minor Injury,C
165982629,150406306,2022-01-14,Buffalo,NY0140100,13A,H,W,H,M,24,R,N,,Highway/Road/Alley/Street/Sidewalk,Street & Sidewalk,Handgun,,C
165951767,150378842,2022-01-15,Buffalo,NY0140100,13A,B,B,N,M,26,R,N,,Convenience Store,Convenience Store,Knife/Cutting Instrument,,C
182888517,165189243,2022-01-15,Buffalo,NY0140100,13A,H,W,H,M,40,R,N,AQ,Highway/Road/Alley/Street/Sidewalk,Street & Sidewalk,Blunt Object,,C
182888519,165189245,2022-01-15,Buffalo,NY0140100,13A,B,B,N,F,26,R,N,ST,Residence/Home,Home,Other,,C
182888778,165189481,2022-01-15,Buffalo,NY0140100,13A,W,W,N,M,37,R,N,ST,Highway/Road/Alley/Street/Sidewalk,Street & Sidewalk,Blunt Object,,C
165969063,150394251,2022-01-16,Buffalo,NY0140100,13A,W,W,N,M,26,R,N,RU,Bar/Nightclub,Bar & Nightclub,Blunt Object,Minor Injury,C
165971353,150396412,2022-01-16,Buffalo,NY0140100,13A,B,B,N,M,27,R,N,,Highway/Road/Alley/Street/Sidewalk,Street & Sidewalk,Knife/Cutting Instrument,Minor Injury,C
182888704,165189414,2022-01-16,Buffalo,NY0140100,13A,W,W,N,M,23,R,N,ST,Convenience Store,Convenience Store,Firearm,,C
165993767,150416350,2022-01-18,Buffalo,NY0140100,13A,H,W,H,M,15,R,N,,Highway/Road/Alley/Street/Sidewalk,Street & Sidewalk,Handgun,,C
168442116,152566662,2022-01-19,Buffalo,NY0140100,13A,B,B,N,F,26,R,N,RU,Highway/Road/Alley/Street/Sidewalk,Street & Sidewalk,Firearm,,C
182856512,165160774,2022-01-19,Buffalo,NY0140100,13A,H,W,H,F,25,R,Y,BG,Residence/Home,Home,Firearm,,C
182856523,165160784,2022-01-19,Buffalo,NY0140100,13A,H,W,H,F,20,R,Y,BG,Residence/Home,Home,Knife/Cutting Instrument;Personal Weapons,Minor Injury,C
182856632,165160880,2022-01-20,Buffalo,NY0140100,13A,B,B,N,F,23,R,Y,BG,Residence/Home,Home,Handgun,Minor Injury,C
182856915,165161138,2022-01-20,Buffalo,NY0140100,13A,B,B,N,F,32,R,Y,XS,Highway/Road/Alley/Street/Sidewalk,Street & Sidewalk,Handgun,,C
182856919,165161141,2022-01-20,Buffalo,NY0140100,13A,B,B,N,F,28,R,Y,XS,Residence/Home,Home,Blunt Object;Personal Weapons,Minor Injury,C
182857288,165161475,2022-01-21,Buffalo,NY0140100,13A,W,W,N,M,19,R,N,ST,Highway/Road/Alley/Street/Sidewalk,Street & Sidewalk,Personal Weapons,Minor Injury,C
182857289,165161475,2022-01-21,Buffalo,NY0140100,13A,W,W,N,F,20,R,N,ST,Highway/Road/Alley/Street/Sidewalk,Street & Sidewalk,Personal Weapons,Minor Injury,C
165948723,150376028,2022-01-22,Buffalo,NY0140100,13A,B,B,N,F,37,R,N,,Residence/Home,Home,Blunt Object;Personal Weapons,Minor Injury,C
165948724,150376028,2022-01-22,Buffalo,NY0140100,13A,B,B,N,F,18,R,N,,Residence/Home,Home,Blunt Object;Personal Weapons,Minor Injury,C
165980599,150404469,2022-01-22,Buffalo,NY0140100,13A,B,B,N,M,27,R,N,,Residence/Home,Home,Firearm,Possible Internal Injury;Severe Laceration,C
182857438,165161607,2022-01-22,Buffalo,NY0140100,13A,B,B,N,F,27,R,Y,BG,Residence/Home,Home,Personal Weapons,Minor Injury;Unconscious,C
182902548,165201496,2022-01-22,Buffalo,NY0140100,13A,W,W,N,M,44,N,N,ER,Restaurant,Restaurant,Personal Weapons,Minor Injury,C
182857561,165161715,2022-01-23,Buffalo,NY0140100,13A,B,B,N,F,45,R,Y,BG,Residence/Home,Home,Knife/Cutting Instrument,,C
182857580,165161732,2022-01-23,Buffalo,NY0140100,13A,B,B,N,M,33,R,N,FR,Residence/Home,Home,Knife/Cutting Instrument,Severe Laceration,C
165951814,150378884,2022-01-24,Buffalo,NY0140100,13A,W,W,N,M,51,R,N,,Highway/Road/Alley/Street/Sidewalk,Street & Sidewalk,Blunt Object,Minor Injury,C
182856413,165160689,2022-01-24,Buffalo,NY0140100,13A,W,W,N,M,48,R,N,NE,Residence/Home,Home,Knife/Cutting Instrument,,C
182923709,165220397,2022-01-24,Buffalo,NY0140100,13A,H,W,H,M,60,R,N,ST,Residence/Home,Home,Blunt Object,Minor Injury;Possible Internal Injury,C
182934303,165229885,2022-01-24,Buffalo,NY0140100,13A,W,W,N,M,32,R,N,ST,Drug Store/Doctor's Office/Hospital,Hospital & Clinic,Other,,C
178209509,161095795,2022-01-25,Buffalo,NY0140100,13A,H,W,H,M,47,R,N,,Residence/Home,Home,Firearm,Possible Internal Injury;Severe Laceration,C
178209510,161095795,2022-01-25,Buffalo,NY0140100,13A,W,W,N,F,36,R,N,,Residence/Home,Home,Firearm,Other Major Injury,C
182856376,165160657,2022-01-25,Buffalo,NY0140100,13A,H,B,H,F,36,R,Y,BG,Residence/Home,Home,Other,Minor Injury,C
182856418,165160693,2022-01-25,Buffalo,NY0140100,13A,B,B,N,M,19,R,N,RU,Residence/Home,Home,Firearm,Other Major Injury,C
182856460,165160726,2022-01-25,Buffalo,NY0140100,13A,B,B,N,F,25,R,N,ST,Highway/Road/Alley/Street/Sidewalk,Street & Sidewalk,Handgun,,C
187632916,169325204,2022-01-25,Buffalo,NY0140100,13A,B,B,N,M,44,R,Y,SE,Residence/Home,Home,Knife/Cutting Instrument,Minor Injury,C
165951846,150378914,2022-01-26,Buffalo,NY0140100,13A,B,B,N,F,16,R,N,,Residence/Home,Home,Firearm,Severe Laceration,C
165976564,150400960,2022-01-26,Buffalo,NY0140100,13A,B,B,N,M,15,R,N,,Residence/Home,Home,Firearm,Other Major Injury;Possible Internal Injury,C
168389869,152520058,2022-01-26,Buffalo,NY0140100,13A,B,B,N,M,20,R,N,RU,Department/Discount Store,Department Store,Knife/Cutting Instrument,,C
182856451,165160718,2022-01-26,Buffalo,NY0140100,13A,B,B,N,F,33,R,Y,XS,Residence/Home,Home,Knife/Cutting Instrument,Minor Injury,C
165971628,150396672,2022-01-28,Buffalo,NY0140100,13A,B,B,N,M,18,R,N,,Convenience Store,Convenience Store,Knife/Cutting Instrument,,C
182952191,165245860,2022-01-28,Buffalo,NY0140100,13A,B,B,N,F,40,R,N,AQ,Residence/Home,Home,Other Firearm,,C
182952192,165245860,2022-01-28,Buffalo,NY0140100,13A,B,B,N,F,23,R,Y,XS,Residence/Home,Home,Other Firearm,,C
182857352,165161533,2022-01-29,Buffalo,NY0140100,13A,B,B,U,F,22,R,Y,BG,Highway/Road/Alley/Street/Sidewalk,Street & Sidewalk,Blunt Object,Minor Injury,C
165951800,150378871,2022-01-30,Buffalo,NY0140100,13A,B,B,N,M,51,R,N,,Residence/Home,Home,Handgun,Other Major Injury;Possible Internal Injury,C
165971365,150396424,2022-01-30,Buffalo,NY0140100,13A,B,B,N,F,18,R,Y,XS,Residence/Home,Home,Handgun,Minor Injury,C
182918529,165215736,2022-01-30,Buffalo,NY0140100,13A,B,B,N,M,32,N,N,AQ,Highway/Road/Alley/Street/Sidewalk,Street & Sidewalk,Knife/Cutting Instrument,Severe Laceration,C
183056489,165337393,2022-01-31,Buffalo,NY0140100,13A,B,B,N,M,28,R,N,AQ,Highway/Road/Alley/Street/Sidewalk,Street & Sidewalk,Knife/Cutting Instrument;Poison,,C
183056490,165337394,2022-01-31,Buffalo,NY0140100,13A,B,B,N,F,21,R,Y,BG,Residence/Home,Home,Knife/Cutting Instrument,,C
168433438,152558847,2022-02-01,Buffalo,NY0140100,13A,B,B,N,M,12,R,N,,Highway/Road/Alley/Street/Sidewalk,Street & Sidewalk,Personal Weapons,Minor Injury,C
168436298,152561320,2022-02-01,Buffalo,NY0140100,13A,U,U,N,M,49,R,N,,Grocery/Supermarket,Grocery Store,Firearm,,C
178102881,161001312,2022-02-01,Buffalo,NY0140100,13A,W,W,N,M,43,N,N,,Convenience Store,Convenience Store,Blunt Object,Minor Injury,C
182932837,165228547,2022-02-01,Buffalo,NY0140100,13A,U,U,U,M,35,R,N,AQ,Convenience Store,Convenience Store,Knife/Cutting Instrument,,C
168436463,152561474,2022-02-02,Buffalo,NY0140100,13A,B,B,N,M,60,R,N,,Park/Playground,Park & Playground,Knife/Cutting Instrument,Severe Laceration,C
173502748,156989974,2022-02-02,Buffalo,NY0140100,13A,B,B,N,M,47,R,N,,Highway/Road/Alley/Street/Sidewalk,Street & Sidewalk,Knife/Cutting Instrument,Minor Injury,C
182894638,165194526,2022-02-02,Buffalo,NY0140100,13A,B,B,N,F,,R,N,NE,Highway/Road/Alley/Street/Sidewalk,Street & Sidewalk,Firearm,,C
168436766,152561758,2022-02-03,Buffalo,NY0140100,13A,W,W,N,F,31,R,N,,Residence/Home,Home,Firearm,,C
182897902,165197421,2022-02-03,Buffalo,NY0140100,13A,W,W,N,F,42,R,Y,BG,Residence/Home,Home,Personal Weapons,Minor Injury,C
168436945,152561930,2022-02-04,Buffalo,NY0140100,13A,B,B,N,F,25,R,N,,Convenience Store,Convenience Store,Firearm,,C
168536119,152648065,2022-02-04,Buffalo,NY0140100,13A,H,W,H,M,30,R,N,RU,Residence/Home,Home,Firearm,Possible Internal Injury,C
168536120,152648065,2022-02-04,Buffalo,NY0140100,13A,H,W,H,F,30,R,N,RU,Residence/Home,Home,Firearm,Possible Internal Injury,C
168536121,152648065,2022-02-04,Buffalo,NY0140100,13A,H,W,H,M,21,R,N,RU,Residence/Home,Home,Firearm,Possible Internal Injury,C
182918961,165216123,2022-02-04,Buffalo,NY0140100,13A,W,W,N,M,54,R,N,ST,Parking/Drop Lot/Garage,Parking Lot,Firearm,,C
183124088,165397046,2022-02-04,Buffalo,NY0140100,13A,B,B,N,F,21,R,N,AQ,Residence/Home,Home,Handgun,,C
178103163,161001585,2022-02-05,Buffalo,NY0140100,13A,B,B,N,F,32,R,N,,Highway/Road/Alley/Street/Sidewalk,Street & Sidewalk,Firearm,,C
182897899,165197419,2022-02-05,Buffalo,NY0140100,13A,H,W,H,F,74,R,N,GP,Residence/Home,Home,Knife/Cutting Instrument,,C
182897912,165197431,2022-02-05,Buffalo,NY0140100,13A,H,W,H,M,27,R,Y,BG,Residence/Home,Home,Other,Minor Injury;Possible Internal Injury,C
182899475,165198766,2022-02-06,Buffalo,NY0140100,13A,B,B,N,M,60,R,Y,XS,Residence/Home,Home,Knife/Cutting Instrument,Minor Injury,C
182932839,165228549,2022-02-06,Buffalo,NY0140100,13A,W,W,N,F,36,N,N,ST,Parking/Drop Lot/Garage,Parking Lot,Personal Weapons,Apparent Broken Bones,C
187676925,169363852,2022-02-06,Buffalo,NY0140100,13A,A,A,N,M,20,R,N,RU,Residence/Home,Home,Personal Weapons,Apparent Broken Bones,C
168438238,152563120,2022-02-07,Buffalo,NY0140100,13A,H,W,H,F,14,R,N,RU,School-Elementary/Secondary,K-12 School,Personal Weapons,Minor Injury,C
182900381,165199562,2022-02-07,Buffalo,NY0140100,13A,B,B,N,M,56,R,Y,XS,Specialty Store,Specialty Store,Other,Minor Injury,C
168440028,152564765,2022-02-08,Buffalo,NY0140100,13A,B,B,N,M,55,R,N,,Convenience Store,Convenience Store,Blunt Object,Apparent Broken Bones,C
182901425,165200510,2022-02-08,Buffalo,NY0140100,13A,H,W,H,F,27,R,Y,XS,School-Elementary/Secondary,K-12 School,Handgun,,C
182918964,165216125,2022-02-08,Buffalo,NY0140100,13A,B,B,N,F,34,R,Y,BG,Residence/Home,Home,Knife/Cutting Instrument,Minor Injury,C
168439541,152564317,2022-02-09,Buffalo,NY0140100,13A,B,B,N,M,27,N,N,RU,School-Elementary/Secondary,K-12 School,Firearm;Knife/Cutting Instrument,Possible Internal Injury,C
168439542,152564317,2022-02-09,Buffalo,NY0140100,13A,B,B,N,M,14,R,N,RU,School-Elementary/Secondary,K-12 School,Firearm;Knife/Cutting Instrument,Possible Internal Injury;Severe Laceration,C
168439543,152564317,2022-02-09,Buffalo,NY0140100,13A,B,B,N,M,13,R,N,RU,School-Elementary/Secondary,K-12 School,Firearm;Knife/Cutting Instrument,Minor Injury,C
168439545,152564318,2022-02-09,Buffalo,NY0140100,13A,H,W,H,M,16,R,N,,Highway/Road/Alley/Street/Sidewalk,Street & Sidewalk,Knife/Cutting Instrument,Other Major Injury;Possible Internal Injury,C
168439563,152564336,2022-02-09,Buffalo,NY0140100,13A,W,W,N,M,30,R,N,,Highway/Road/Alley/Street/Sidewalk,Street & Sidewalk,Firearm,Severe Laceration,C
182897919,165197438,2022-02-09,Buffalo,NY0140100,13A,B,B,N,F,45,R,N,PA,Highway/Road/Alley/Street/Sidewalk,Street & Sidewalk,Firearm,,C
182901669,165200732,2022-02-09,Buffalo,NY0140100,13A,W,W,N,F,34,R,Y,SE,Residence/Home,Home,Personal Weapons,Minor Injury,C
168425205,152551492,2022-02-10,Buffalo,NY0140100,13A,H,W,H,M,33,R,N,,Highway/Road/Alley/Street/Sidewalk,Street & Sidewalk,Other,Minor Injury,C
168439568,152564340,2022-02-10,Buffalo,NY0140100,13A,W,W,N,M,49,R,N,RU,Highway/Road/Alley/Street/Sidewalk,Street & Sidewalk,Firearm,Possible Internal Injury;Severe Laceration,C
178433338,161295210,2022-02-10,Buffalo,NY0140100,13A,W,W,N,M,44,R,N,RU,Drug Store/Doctor's Office/Hospital,Hospital & Clinic,Personal Weapons,Other Major Injury,C
182902755,165201670,2022-02-10,Buffalo,NY0140100,13A,B,B,N,F,17,R,Y,BG,Residence/Home,Home,Knife/Cutting Instrument,Severe Laceration,C
168436371,152561389,2022-02-11,Buffalo,NY0140100,13A,H,U,H,M,37,R,N,RU,Drug Store/Doctor's Office/Hospital,Hospital & Clinic,Other,Minor Injury,C
168436523,152561532,2022-02-11,Buffalo,NY0140100,13A,B,B,N,M,27,R,N,,Residence/Home,Home,Firearm,Severe Laceration,C
182903954,165202748,2022-02-11,Buffalo,NY0140100,13A,W,W,N,F,37,R,Y,BG,Residence/Home,Home,Knife/Cutting Instrument,Minor Injury,C
168437020,152562002,2022-02-12,Buffalo,NY0140100,13A,W,W,N,M,47,R,N,,Highway/Road/Alley/Street/Sidewalk,Street & Sidewalk,Motor Vehicle/Vessel,Other Major Injury;Possible Internal Injury,C
168437444,152562394,2022-02-12,Buffalo,NY0140100,13A,H,W,H,F,29,R,N,RU,Residence/Home,Home,Firearm,,C
182905124,165203801,2022-02-12,Buffalo,NY0140100,13A,B,B,N,F,25,R,Y,BG,Residence/Home,Home,Knife/Cutting Instrument,Minor Injury,C
182893967,165193934,2022-02-13,Buffalo,NY0140100,13A,B,B,N,M,30,R,Y,BG,Residence/Home,Home,Knife/Cutting Instrument;Personal Weapons,Minor Injury,C
183124099,165397055,2022-02-13,Buffalo,NY0140100,13A,U,U,U,M,20,N,N,ST,Bar/Nightclub,Bar & Nightclub,Blunt Object;Knife/Cutting Instrument,,C
183664693,165865144,2022-02-13,Buffalo,NY0140100,13A,A,A,N,F,32,R,Y,SE,Residence/Home,Home,Knife/Cutting Instrument,Other Major Injury;Possible Internal Injury,C
168437816,152562730,2022-02-14,Buffalo,NY0140100,13A,B,B,N,M,40,R,N,,Highway/Road/Alley/Street/Sidewalk,Street & Sidewalk,Firearm,Possible Internal Injury,C
168437824,152562738,2022-02-14,Buffalo,NY0140100,13A,B,B,N,F,32,N,N,,Highway/Road/Alley/Street/Sidewalk,Street & Sidewalk,Firearm,,C
182897752,165197287,2022-02-14,Buffalo,NY0140100,13A,B,B,N,F,35,R,Y,XS,Residence/Home,Home,Personal Weapons,,C
168438097,152562994,2022-02-15,Buffalo,NY0140100,13A,W,W,N,F,42,R,N,,Highway/Road/Alley/Street/Sidewalk,Street & Sidewalk,Other,,C
168438098,152562994,2022-02-15,Buffalo,NY0140100,13A,W,W,N,F,14,R,N,,Highway/Road/Alley/Street/Sidewalk,Street & Sidewalk,Other,,C
168438099,152562994,2022-02-15,Buffalo,NY0140100,13A,W,W,N,F,14,R,N,,Highway/Road/Alley/Street/Sidewalk,Street & Sidewalk,Other,Minor Injury,C
182897416,165196980,2022-02-15,Buffalo,NY0140100,13A,W,W,N,F,31,R,Y,BG,Residence/Home,Home,Knife/Cutting Instrument;Personal Weapons,Minor Injury,C
182897782,165197315,2022-02-15,Buffalo,NY0140100,13A,W,W,N,F,44,R,Y,XS,Residence/Home,Home,Blunt Object;Knife/Cutting Instrument,Minor Injury,C
168438270,152563151,2022-02-16,Buffalo,NY0140100,13A,W,W,N,M,21,R,N,,Drug Store/Doctor's Office/Hospital,Hospital & Clinic,Knife/Cutting Instrument,,C
168439321,152564110,2022-02-16,Buffalo,NY0140100,13A,B,B,N,M,41,R,N,,Convenience Store,Convenience Store,Knife/Cutting Instrument,,C
168474586,152594944,2022-02-17,Buffalo,NY0140100,13A,B,B,N,M,52,R,N,,Highway/Road/Alley/Street/Sidewalk,Street & Sidewalk,Knife/Cutting Instrument,Minor Injury,C
182898240,165197672,2022-02-17,Buffalo,NY0140100,13A,B,B,N,F,25,R,Y,XS,Residence/Home,Home,Personal Weapons,Minor Injury;Unconscious,C
182898254,165197682,2022-02-17,Buffalo,NY0140100,13A,U,U,U,U,,R,N,AQ,Residence/Home,Home,Knife/Cutting Instrument,,C
182899120,165198453,2022-02-17,Buffalo,NY0140100,13A,W,W,N,M,20,N,N,ST,Highway/Road/Alley/Street/Sidewalk,Street & Sidewalk,Blunt Object;Knife/Cutting Instrument,,C
182899121,165198453,2022-02-17,Buffalo,NY0140100,13A,W,W,N,M,42,N,N,ST,Highway/Road/Alley/Street/Sidewalk,Street & Sidewalk,Blunt Object;Knife/Cutting Instrument,,C
168439571,152564342,2022-02-18,Buffalo,NY0140100,13A,B,B,N,M,19,R,N,,Highway/Road/Alley/Street/Sidewalk,Street & Sidewalk,Knife/Cutting Instrument,Severe Laceration,C
168439613,152564378,2022-02-19,Buffalo,NY0140100,13A,B,B,N,F,35,R,N,RU,Residence/Home,Home,Personal Weapons,Other Major Injury;Severe Laceration,C
182899808,165199069,2022-02-19,Buffalo,NY0140100,13A,W,W,N,F,41,R,Y,BG,Residence/Home,Home,Personal Weapons,Minor Injury;Possible Internal Injury,C
182941328,165236181,2022-02-19,Buffalo,NY0140100,13A,W,W,N,M,36,R,N,AQ;RU,Convenience Store,Convenience Store,Blunt Object,,C
168440131,152564864,2022-02-20,Buffalo,NY0140100,13A,B,B,N,M,19,R,N,,Highway/Road/Alley/Street/Sidewalk,Street & Sidewalk,Firearm,Possible Internal Injury,C
168538614,152650257,2022-02-20,Buffalo,NY0140100,13A,B,B,N,M,17,R,N,RU,Highway/Road/Alley/Street/Sidewalk,Street & Sidewalk,Firearm,Possible Internal Injury,C
182900728,165199879,2022-02-20,Buffalo,NY0140100,13A,B,B,N,F,33,R,Y,BG,Residence/Home,Home,Knife/Cutting Instrument,,C
182900753,165199901,2022-02-20,Buffalo,NY0140100,13A,W,W,N,M,47,R,N,ST,Highway/Road/Alley/Street/Sidewalk,Street & Sidewalk,Personal Weapons,Apparent Broken Bones,C
183664722,165865170,2022-02-21,Buffalo,NY0140100,13A,W,W,N,M,21,R,N,ST,Highway/Road/Alley/Street/Sidewalk,Street & Sidewalk,Blunt Object,,C
168436360,152561379,2022-02-22,Buffalo,NY0140100,13A,B,B,U,F,65,R,N,RU,Residence/Home,Home,Blunt Object,Severe Laceration,C
168436584,152561589,2022-02-23,Buffalo,NY0140100,13A,B,B,N,M,24,N,N,,Highway/Road/Alley/Street/Sidewalk,Street & Sidewalk,Firearm,Severe Laceration,C
168538689,152650327,2022-02-23,Buffalo,NY0140100,13A,B,B,N,M,40,R,N,,Residence/Home,Home,Firearm,,C
183055991,165336942,2022-02-23,Buffalo,NY0140100,13A,B,B,N,F,24,R,Y,XS,Residence/Home,Home,Handgun,,C
183105751,165381070,2022-02-23,Buffalo,NY0140100,13A,W,W,N,F,27,R,Y,BG,Residence/Home,Home,Personal Weapons,Minor Injury,C
182929737,165225767,2022-02-24,Buffalo,NY0140100,13A,B,B,N,M,22,R,N,FR,Highway/Road/Alley/Street/Sidewalk,Street & Sidewalk,Firearm,Minor Injury,C
183056268,165337192,2022-02-25,Buffalo,NY0140100,13A,B,B,N,F,55,R,Y,BG,Residence/Home,Home,Knife/Cutting Instrument,,C
182934439,165229995,2022-02-26,Buffalo,NY0140100,13A,B,B,N,F,23,R,Y,BG,Residence/Home,Home,,Minor Injury;Unconscious,C
183056315,165337234,2022-02-26,Buffalo,NY0140100,13A,W,W,N,F,36,R,N,PA,Residence/Home,Home,Knife/Cutting Instrument,,C
182894883,165194733,2022-02-27,Buffalo,NY0140100,13A,B,B,N,F,21,R,N,SB,Residence/Home,Home,Knife/Cutting Instrument,,C
168438325,152563206,2022-02-28,Buffalo,NY0140100,13A,B,B,N,M,24,R,N,,Specialty Store,Specialty Store,Firearm,Minor Injury,C
182896576,165196235,2022-02-28,Buffalo,NY0140100,13A,B,B,N,F,32,R,Y,XS,Residence/Home,Home,Knife/Cutting Instrument,,C
182896601,165196254,2022-02-28,Buffalo,NY0140100,13A,W,W,N,F,58,R,Y,SE,Residence/Home,Home,Knife/Cutting Instrument,,C
168527496,152640260,2022-03-01,Buffalo,NY0140100,13A,B,B,N,M,32,R,N,,Highway/Road/Alley/Street/Sidewalk,Street & Sidewalk,Firearm,Other Major Injury,C
182918752,165215932,2022-03-01,Buffalo,NY0140100,13A,H,W,H,M,36,R,N,AQ,Residence/Home,Home,Handgun,Minor Injury,C
168527563,152640320,2022-03-02,Buffalo,NY0140100,13A,B,B,N,M,40,R,N,RU,Highway/Road/Alley/Street/Sidewalk,Street & Sidewalk,Firearm,Other Major Injury,C
182918854,165216020,2022-03-02,Buffalo,NY0140100,13A,H,W,H,M,35,R,N,ST,Parking/Drop Lot/Garage,Parking Lot,Knife/Cutting Instrument,,C
182918855,165216021,2022-03-02,Buffalo,NY0140100,13A,W,W,N,M,41,R,N,ST,Highway/Road/Alley/Street/Sidewalk,Street & Sidewalk,Personal Weapons,Other Major Injury,C
183095757,165372252,2022-03-02,Buffalo,NY0140100,13A,W,W,N,F,60,R,N,AQ,Residence/Home,Home,Personal Weapons,,C
168529458,152641999,2022-03-03,Buffalo,NY0140100,13A,B,B,N,F,20,R,N,RU,Residence/Home,Home,Firearm,,C
182919397,165216514,2022-03-03,Buffalo,NY0140100,13A,B,B,N,M,40,R,N,PA,Highway/Road/Alley/Street/Sidewalk,Street & Sidewalk,Blunt Object,Minor Injury,C
182919409,165216526,2022-03-03,Buffalo,NY0140100,13A,W,W,N,M,39,R,Y,BG,Residence/Home,Home,Blunt Object,,C
182919423,165216539,2022-03-04,Buffalo,NY0140100,13A,U,U,U,M,22,R,N,AQ,Convenience Store,Convenience Store,Knife/Cutting Instrument,,C
182919424,165216540,2022-03-04,Buffalo,NY0140100,13A,B,B,N,F,32,R,Y,XS,Residence/Home,Home,,,C
173394366,156894687,2022-03-05,Buffalo,NY0140100,13A,W,W,N,M,29,R,N,RU,Residence/Home,Home,Firearm;Other,,C
173394372,156894691,2022-03-05,Buffalo,NY0140100,13A,B,B,N,M,28,R,N,,Highway/Road/Alley/Street/Sidewalk,Street & Sidewalk,Firearm,Other Major Injury,C
182920375,165217389,2022-03-05,Buffalo,NY0140100,13A,B,B,N,F,49,R,Y,BG,Residence/Home,Home,Personal Weapons,Minor Injury,C
182920395,165217408,2022-03-05,Buffalo,NY0140100,13A,B,B,N,F,,R,N,NE,Residence/Home,Home,Knife/Cutting Instrument,,C
182922312,165219113,2022-03-05,Buffalo,NY0140100,13A,B,B,N,F,29,R,N,OF,Highway/Road/Alley/Street/Sidewalk,Street & Sidewalk,Firearm,Minor Injury,C
178433367,161295237,2022-03-06,Buffalo,NY0140100,13A,H,W,H,M,28,R,N,RU,Bar/Nightclub,Bar & Nightclub,Knife/Cutting Instrument,Severe Laceration;Unconscious,C
182922585,165219369,2022-03-06,Buffalo,NY0140100,13A,B,B,N,M,20,R,N,AQ,Residence/Home,Home,Firearm,,C
168535481,152647488,2022-03-07,Buffalo,NY0140100,13A,B,B,N,M,22,R,N,,Residence/Home,Home,Firearm,,C
182923535,165220240,2022-03-07,Buffalo,NY0140100,13A,W,W,N,F,49,R,Y,BG,Residence/Home,Home,Other,,C
182923540,165220244,2022-03-07,Buffalo,NY0140100,13A,W,W,N,F,38,R,Y,XS,Residence/Home,Home,Knife/Cutting Instrument,,C
182923554,165220258,2022-03-07,Buffalo,NY0140100,13A,W,W,N,M,38,R,N,OK,Residence/Home,Home,Knife/Cutting Instrument,,C
182934447,165230003,2022-03-07,Buffalo,NY0140100,13A,B,B,N,M,13,N,N,AQ,School-Elementary/Secondary,K-12 School,Knife/Cutting Instrument,Minor Injury,C
178105585,161003765,2022-03-08,Buffalo,NY0140100,13A,B,B,N,M,47,R,N,RU,Residence/Home,Home,Firearm,Minor Injury,C
182923729,165220416,2022-03-08,Buffalo,NY0140100,13A,W,W,N,M,33,N,N,AQ,Drug Store/Doctor's Office/Hospital,Hospital & Clinic,Blunt Object;Personal Weapons,Minor Injury,C
168538729,152650363,2022-03-09,Buffalo,NY0140100,13A,U,U,U,F,,R,N,RU,School-Elementary/Secondary,K-12 School,Blunt Object;Personal Weapons,Minor Injury,C
182919176,165216311,2022-03-09,Buffalo,NY0140100,13A,B,B,N,F,22,R,Y,XS,Residence/Home,Home,Personal Weapons,Minor Injury,C
182918565,165215769,2022-03-10,Buffalo,NY0140100,13A,W,W,N,F,25,R,Y,BG,Highway/Road/Alley/Street/Sidewalk,Street & Sidewalk,Personal Weapons,Minor Injury;Possible Internal Injury;Unconscious,C
182918569,165215771,2022-03-10,Buffalo,NY0140100,13A,H,B,H,F,29,R,N,AQ,Residence/Home,Home,Firearm,,C
182918575,165215777,2022-03-10,Buffalo,NY0140100,13A,W,W,N,F,40,N,N,AQ,Residence/Home,Home,Knife/Cutting Instrument,,C
182918576,165215777,2022-03-10,Buffalo,NY0140100,13A,W,W,N,F,41,R,Y,BG,Residence/Home,Home,Knife/Cutting Instrument,,C
182919180,165216315,2022-03-10,Buffalo,NY0140100,13A,W,W,N,M,22,R,N,RU,Residence/Home,Home,Knife/Cutting Instrument,Minor Injury,C
182919181,165216315,2022-03-10,Buffalo,NY0140100,13A,W,W,N,M,24,R,N,RU,Residence/Home,Home,Knife/Cutting Instrument,,C
182919435,165216548,2022-03-10,Buffalo,NY0140100,13A,H,W,H,F,23,R,Y,BG,Highway/Road/Alley/Street/Sidewalk,Street & Sidewalk,Personal Weapons,Other Major Injury;Possible Internal Injury;Unconscious,C
168540399,152651803,2022-03-11,Buffalo,NY0140100,13A,H,W,H,M,21,N,N,,Highway/Road/Alley/Street/Sidewalk,Street & Sidewalk,Personal Weapons,Severe Laceration,C
182919044,165216196,2022-03-11,Buffalo,NY0140100,13A,B,B,N,F,33,R,Y,XS,Highway/Road/Alley/Street/Sidewalk,Street & Sidewalk,Motor Vehicle/Vessel,Possible Internal Injury,C
182923716,165220404,2022-03-12,Buffalo,NY0140100,13A,B,B,N,M,27,R,N,AQ,Parking/Drop Lot/Garage,Parking Lot,Knife/Cutting Instrument,,C
182931161,165227041,2022-03-12,Buffalo,NY0140100,13A,B,B,N,M,34,R,N,AQ,Highway/Road/Alley/Street/Sidewalk,Street & Sidewalk,Knife/Cutting Instrument,Possible Internal Injury,C
168530371,152642819,2022-03-13,Buffalo,NY0140100,13A,H,W,H,M,22,R,N,,Highway/Road/Alley/Street/Sidewalk,Street & Sidewalk,Firearm,Severe Laceration,C
168532470,152644678,2022-03-13,Buffalo,NY0140100,13A,W,W,N,F,37,R,N,,Restaurant,Restaurant,Personal Weapons,Minor Injury,C
182921127,165218054,2022-03-14,Buffalo,NY0140100,13A,B,B,N,M,30,R,N,SB,Residence/Home,Home,Knife/Cutting Instrument,Severe Laceration,C
182921140,165218066,2022-03-14,Buffalo,NY0140100,13A,W,W,N,F,48,R,N,ST,Highway/Road/Alley/Street/Sidewalk,Street & Sidewalk,Other,,C
168535623,152647619,2022-03-15,Buffalo,NY0140100,13A,H,W,H,M,40,R,N,RU,Residence/Home,Home,Other,,C
168536256,152648187,2022-03-15,Buffalo,NY0140100,13A,B,B,N,M,30,R,N,,Highway/Road/Alley/Street/Sidewalk,Street & Sidewalk,Firearm,Possible Internal Injury,C
182931176,165227052,2022-03-15,Buffalo,NY0140100,13A,W,W,N,M,34,R,Y,BG,Residence/Home,Home,Knife/Cutting Instrument,Minor Injury,C
182934605,165230140,2022-03-15,Buffalo,NY0140100,13A,B,B,N,F,39,R,Y,BG,Residence/Home,Home,Personal Weapons,Minor Injury,C
182934607,165230142,2022-03-15,Buffalo,NY0140100,13A,B,B,N,M,35,R,Y,XS,Highway/Road/Alley/Street/Sidewalk,Street & Sidewalk,Knife/Cutting Instrument,,C
182923313,165220027,2022-03-16,Buffalo,NY0140100,13A,B,B,N,F,33,R,Y,XS,Residence/Home,Home,Blunt Object,Minor Injury,C
182923538,165220243,2022-03-16,Buffalo,NY0140100,13A,B,B,N,F,35,R,Y,BG,Residence/Home,Home,Knife/Cutting Instrument,,C
182923565,165220269,2022-03-16,Buffalo,NY0140100,13A,B,B,N,M,22,R,Y,BG,Residence/Home,Home,Knife/Cutting Instrument,,C
168538873,152650493,2022-03-17,Buffalo,NY0140100,13A,B,B,N,M,39,N,N,,Residence/Home,Home,Knife/Cutting Instrument,,C
182923887,165220551,2022-03-17,Buffalo,NY0140100,13A,B,B,N,M,24,R,N,ST,Residence/Home,Home,Knife/Cutting Instrument,Minor Injury,C
168540457,152651855,2022-03-18,Buffalo,NY0140100,13A,B,B,N,M,50,R,N,RU,Highway/Road/Alley/Street/Sidewalk,Street & Sidewalk,Knife/Cutting Instrument,Minor Injury,C
182918617,165215814,2022-03-18,Buffalo,NY0140100,13A,W,W,N,M,50,N,N,AQ,Construction Site,Construction Site,Knife/Cutting Instrument,,C
183118824,165392546,2022-03-18,Buffalo,NY0140100,13A,B,B,N,M,26,R,N,RU,Residence/Home,Home,Knife/Cutting Instrument,,C
183118825,165392546,2022-03-18,Buffalo,NY0140100,13A,B,B,N,F,24,R,N,RU,Residence/Home,Home,Knife/Cutting Instrument,,C
168527689,152640432,2022-03-19,Buffalo,NY0140100,13A,B,B,N,M,28,R,N,,Drug Store/Doctor's Office/Hospital,Hospital & Clinic,Firearm,Other Major Injury,C
182918771,165215950,2022-03-19,Buffalo,NY0140100,13A,B,B,N,M,35,R,N,AQ,Highway/Road/Alley/Street/Sidewalk,Street & Sidewalk,Knife/Cutting Instrument,Possible Internal Injury;Severe Laceration,C
182918777,165215955,2022-03-19,Buffalo,NY0140100,13A,B,B,N,F,24,R,N,SB,Residence/Home,Home,Shotgun,,C
182918880,165216045,2022-03-19,Buffalo,NY0140100,13A,U,U,U,M,35,R,N,AQ,Highway/Road/Alley/Street/Sidewalk,Street & Sidewalk,Blunt Object;Firearm,,C
168528407,152641055,2022-03-20,Buffalo,NY0140100,13A,W,W,N,M,28,N,N,,Highway/Road/Alley/Street/Sidewalk,Street & Sidewalk,Firearm,Possible Internal Injury,C
182918884,165216048,2022-03-20,Buffalo,NY0140100,13A,W,W,N,F,23,R,Y,XS,Residence/Home,Home,Knife/Cutting Instrument,,C
178126155,161021914,2022-03-21,Buffalo,NY0140100,13A,B,B,N,M,8,R,N,,Highway/Road/Alley/Street/Sidewalk,Street & Sidewalk,Firearm,,C
168532664,152644856,2022-03-22,Buffalo,NY0140100,13A,B,B,N,M,27,R,N,,Highway/Road/Alley/Street/Sidewalk,Street & Sidewalk,Firearm,Possible Internal Injury,C
168533740,152645852,2022-03-22,Buffalo,NY0140100,13A,B,B,N,F,33,R,N,RU,Residence/Home,Home,Knife/Cutting Instrument,,C
183097333,165373642,2022-03-22,Buffalo,NY0140100,13A,B,B,N,M,,N,N,ST,Convenience Store,Convenience Store,Firearm,,C
168534849,152646907,2022-03-24,Buffalo,NY0140100,13A,B,B,N,F,45,R,N,,Highway/Road/Alley/Street/Sidewalk,Street & Sidewalk,Knife/Cutting Instrument,Minor Injury,C
182919488,165216598,2022-03-24,Buffalo,NY0140100,13A,B,B,N,F,32,R,Y,BG,Residence/Home,Home,Personal Weapons,Minor Injury,C
182923508,165220213,2022-03-24,Buffalo,NY0140100,13A,W,W,N,M,28,R,Y,BG,Residence/Home,Home,Personal Weapons,Minor Injury,C
182923634,165220330,2022-03-24,Buffalo,NY0140100,13A,B,B,N,M,19,R,Y,XS,Residence/Home,Home,Knife/Cutting Instrument,,C
182923703,165220391,2022-03-24,Buffalo,NY0140100,13A,H,W,H,F,57,R,N,NE,Highway/Road/Alley/Street/Sidewalk,Street & Sidewalk,Blunt Object,Minor Injury;Possible Internal Injury,C
173394158,156894497,2022-03-25,Buffalo,NY0140100,13A,B,B,U,M,26,R,N,,Drug Store/Doctor's Office/Hospital,Hospital & Clinic,Firearm,Other Major Injury,C
173394183,156894520,2022-03-25,Buffalo,NY0140100,13A,B,B,N,M,43,R,N,,Highway/Road/Alley/Street/Sidewalk,Street & Sidewalk,Firearm,Other Major Injury,C
182924004,165220659,2022-03-27,Buffalo,NY0140100,13A,W,W,N,M,25,N,N,ST,Highway/Road/Alley/Street/Sidewalk,Street & Sidewalk,Personal Weapons,Severe Laceration,C
182924007,165220662,2022-03-27,Buffalo,NY0140100,13A,W,W,N,F,51,N,Y,BG,Bar/Nightclub,Bar & Nightclub,Personal Weapons,Minor Injury,C
183056940,165337802,2022-03-27,Buffalo,NY0140100,13A,B,B,N,F,35,R,Y,XS,Residence/Home,Home,Knife/Cutting Instrument,Minor Injury,C
183120710,165394184,2022-03-27,Buffalo,NY0140100,13A,W,W,N,F,21,R,Y,BG,Residence/Home,Home,Personal Weapons,Minor Injury,C
182919141,165216277,2022-03-28,Buffalo,NY0140100,13A,W,W,N,F,44,R,N,AQ,Highway/Road/Alley/Street/Sidewalk,Street & Sidewalk,Firearm,,C
182919142,165216277,2022-03-28,Buffalo,NY0140100,13A,W,W,N,M,24,R,N,AQ,Highway/Road/Alley/Street/Sidewalk,Street & Sidewalk,Firearm,,C
183120765,165394235,2022-03-28,Buffalo,NY0140100,13A,B,B,N,M,27,R,N,,Residence/Home,Home,Other,Other Major Injury,C
182919146,165216281,2022-03-29,Buffalo,NY0140100,13A,W,W,N,F,26,R,Y,XS,Residence/Home,Home,Shotgun,,C
182919151,165216286,2022-03-29,Buffalo,NY0140100,13A,B,B,N,M,46,R,N,ST,Department/Discount Store,Department Store,Personal Weapons,Other Major Injury,C
182935073,165230552,2022-03-29,Buffalo,NY0140100,13A,B,B,N,M,37,N,N,ST,Highway/Road/Alley/Street/Sidewalk,Street & Sidewalk,Handgun,Minor Injury,C
182935074,165230552,2022-03-29,Buffalo,NY0140100,13A,W,W,N,M,27,N,N,ST,Highway/Road/Alley/Street/Sidewalk,Street & Sidewalk,Handgun,Possible Internal Injury,C
182935075,165230552,2022-03-29,Buffalo,NY0140100,13A,W,W,N,M,32,N,N,ST,Highway/Road/Alley/Street/Sidewalk,Street & Sidewalk,Handgun,Possible Internal Injury,C
183097570,165373850,2022-03-29,Buffalo,NY0140100,13A,B,B,N,M,60,R,N,SB,Highway/Road/Alley/Street/Sidewalk,Street & Sidewalk,Blunt Object,,C
183664546,165865013,2022-03-29,Buffalo,NY0140100,13A,B,B,N,M,59,R,N,OF,Residence/Home,Home,Blunt Object,Minor Injury,C
168529082,152641655,2022-03-30,Buffalo,NY0140100,13A,B,B,N,F,29,R,N,,Highway/Road/Alley/Street/Sidewalk,Street & Sidewalk,Firearm,,C
168529121,152641690,2022-03-30,Buffalo,NY0140100,13A,B,B,N,F,19,R,N,,Highway/Road/Alley/Street/Sidewalk,Street & Sidewalk,Firearm,,C
187677971,169364815,2022-03-30,Buffalo,NY0140100,13A,W,W,N,M,59,N,N,ST,Highway/Road/Alley/Street/Sidewalk,Street & Sidewalk,Knife/Cutting Instrument,,C
168529132,152641699,2022-03-31,Buffalo,NY0140100,13A,H,W,H,M,48,R,N,,Residence/Home,Home,Firearm,Minor Injury,C
168529643,152642162,2022-03-31,Buffalo,NY0140100,13A,B,B,N,M,14,R,N,,Highway/Road/Alley/Street/Sidewalk,Street & Sidewalk,Firearm,,C
182919489,165216599,2022-03-31,Buffalo,NY0140100,13A,B,B,N,F,55,R,Y,BG,Residence/Home,Home,Knife/Cutting Instrument,,C
182919490,165216599,2022-03-31,Buffalo,NY0140100,13A,B,B,N,M,12,R,N,CH,Residence/Home,Home,Knife/Cutting Instrument,,C
182927385,165223684,2022-04-01,Buffalo,NY0140100,13A,B,B,N,F,30,R,Y,BG,Residence/Home,Home,Firearm,Minor Injury,C
182927388,165223686,2022-04-01,Buffalo,NY0140100,13A,B,B,N,F,32,R,Y,XS,Residence/Home,Home,Personal Weapons,Minor Injury,C
182927396,165223694,2022-04-01,Buffalo,NY0140100,13A,W,W,N,F,27,R,Y,SE,Residence/Home,Home,Personal Weapons,Minor Injury,C
183097789,165374044,2022-04-01,Buffalo,NY0140100,13A,B,B,N,M,12,R,N,CH,Residence/Home,Home,Other;Personal Weapons,Minor Injury,C
187633408,169325657,2022-04-01,Buffalo,NY0140100,13A,W,W,N,M,47,R,Y,XS,Residence/Home,Home,Blunt Object;Personal Weapons,Minor Injury,C
178127521,161023119,2022-04-02,Buffalo,NY0140100,13A,B,B,N,M,26,R,N,,Residence/Home,Home,Firearm,Apparent Broken Bones;Severe Laceration,C
182927490,165223769,2022-04-02,Buffalo,NY0140100,13A,W,W,N,F,22,R,N,NE,Residence/Home,Home,Blunt Object,,C
173416874,156914118,2022-04-03,Buffalo,NY0140100,13A,B,B,N,F,38,N,N,,Bar/Nightclub,Bar & Nightclub,Firearm,Other Major Injury;Severe Laceration,C
173416875,156914118,2022-04-03,Buffalo,NY0140100,13A,B,B,N,M,23,R,N,,Bar/Nightclub,Bar & Nightclub,Firearm,Other Major Injury;Possible Internal Injury;Severe Laceration,C
173416876,156914118,2022-04-03,Buffalo,NY0140100,13A,B,B,N,M,16,R,N,,Bar/Nightclub,Bar & Nightclub,Firearm,Other Major Injury;Possible Internal Injury;Severe Laceration,C
173416877,156914118,2022-04-03,Buffalo,NY0140100,13A,B,B,N,M,39,R,N,,Bar/Nightclub,Bar & Nightclub,Firearm,Severe Laceration,C
173461477,156953934,2022-04-03,Buffalo,NY0140100,13A,B,B,N,M,18,U,N,,Residence/Home,Home,Firearm,Other Major Injury,C
173461478,156953934,2022-04-03,Buffalo,NY0140100,13A,B,B,N,F,19,R,N,,Residence/Home,Home,Firearm,Other Major Injury,C
173462979,156955303,2022-04-03,Buffalo,NY0140100,13A,B,B,N,M,17,R,N,,Highway/Road/Alley/Street/Sidewalk,Street & Sidewalk,Firearm,Other Major Injury,C
173502128,156989417,2022-04-03,Buffalo,NY0140100,13A,B,B,N,M,36,R,N,,Highway/Road/Alley/Street/Sidewalk,Street & Sidewalk,Firearm,Possible Internal Injury;Severe Laceration,C
173502129,156989417,2022-04-03,Buffalo,NY0140100,13A,B,B,N,M,31,R,N,,Highway/Road/Alley/Street/Sidewalk,Street & Sidewalk,Firearm,Other Major Injury;Possible Internal Injury;Severe Laceration,C
182926027,165222468,2022-04-03,Buffalo,NY0140100,13A,W,W,N,M,51,R,N,FR,Residence/Home,Home,Blunt Object,Severe Laceration,C
182926584,165222960,2022-04-03,Buffalo,NY0140100,13A,W,W,N,F,26,N,Y,XS,Highway/Road/Alley/Street/Sidewalk,Street & Sidewalk,Motor Vehicle/Vessel,Minor Injury,C
173441796,156935823,2022-04-05,Buffalo,NY0140100,13A,B,B,N,M,25,R,N,RU,Highway/Road/Alley/Street/Sidewalk,Street & Sidewalk,Firearm,,C
182926571,165222950,2022-04-05,Buffalo,NY0140100,13A,W,W,N,F,28,R,Y,BG,Residence/Home,Home,Firearm,,C
182926582,165222959,2022-04-05,Buffalo,NY0140100,13A,B,B,N,F,37,R,N,NE,Highway/Road/Alley/Street/Sidewalk,Street & Sidewalk,Firearm,,C
182926605,165222981,2022-04-05,Buffalo,NY0140100,13A,B,B,N,F,60,R,N,AQ,School-Elementary/Secondary,K-12 School,Knife/Cutting Instrument,,C
182931684,165227498,2022-04-05,Buffalo,NY0140100,13A,B,B,N,M,53,R,N,AQ,Residence/Home,Home,Knife/Cutting Instrument,Severe Laceration,C
173468331,156960158,2022-04-06,Buffalo,NY0140100,13A,W,W,N,F,20,R,N,RU,Drug Store/Doctor's Office/Hospital,Hospital & Clinic,Personal Weapons,Other Major Injury;Unconscious,C
182926589,165222965,2022-04-06,Buffalo,NY0140100,13A,B,B,N,F,53,R,Y,SE,Residence/Home,Home,Knife/Cutting Instrument,Minor Injury,C
182927321,165223625,2022-04-06,Buffalo,NY0140100,13A,B,B,N,M,48,R,N,AQ,Residence/Home,Home,Firearm,,C
182941332,165236184,2022-04-06,Buffalo,NY0140100,13A,H,W,H,F,60,R,Y,SE,Residence/Home,Home,Knife/Cutting Instrument,Minor Injury,C
173422881,156918924,2022-04-07,Buffalo,NY0140100,13A,W,W,N,M,41,N,N,RU,Highway/Road/Alley/Street/Sidewalk,Street & Sidewalk,Firearm,,C
182890194,165190709,2022-04-07,Buffalo,NY0140100,13A,B,B,N,F,29,R,Y,XS,Residence/Home,Home,Firearm,,C
182925821,165222279,2022-04-07,Buffalo,NY0140100,13A,H,W,H,M,32,R,N,SB,Residence/Home,Home,Blunt Object,,C
173458091,156950821,2022-04-08,Buffalo,NY0140100,13A,B,B,N,F,27,R,N,,Field/Woods,Field & Woods,Knife/Cutting Instrument,Severe Laceration,C
173468318,156960156,2022-04-08,Buffalo,NY0140100,13A,W,W,N,F,33,R,N,RU,Residence/Home,Home,Firearm,,C
173468319,156960156,2022-04-08,Buffalo,NY0140100,13A,W,W,N,M,30,R,N,RU,Residence/Home,Home,Firearm,,C
182926628,165223002,2022-04-08,Buffalo,NY0140100,13A,B,B,N,M,46,R,N,ST,Highway/Road/Alley/Street/Sidewalk,Street & Sidewalk,Handgun,,C
182938661,165233733,2022-04-08,Buffalo,NY0140100,13A,B,B,N,M,62,R,N,AQ,Residence/Home,Home,Blunt Object,Severe Laceration,C
182932207,165227963,2022-04-09,Buffalo,NY0140100,13A,W,W,N,M,50,R,N,AQ,Highway/Road/Alley/Street/Sidewalk,Street & Sidewalk,Blunt Object,Possible Internal Injury,C
182932208,165227964,2022-04-09,Buffalo,NY0140100,13A,B,B,N,M,32,R,Y,XS,Highway/Road/Alley/Street/Sidewalk,Street & Sidewalk,Knife/Cutting Instrument,Minor Injury,C
182932237,165227991,2022-04-09,Buffalo,NY0140100,13A,B,B,N,F,25,R,N,AQ,Residence/Home,Home,Blunt Object,Severe Laceration,C
182944130,165238619,2022-04-09,Buffalo,NY0140100,13A,B,B,N,F,29,R,Y,XS,Residence/Home,Home,Firearm,Minor Injury;Unconscious,C
173441720,156935760,2022-04-10,Buffalo,NY0140100,13A,B,B,N,F,20,R,N,,Specialty Store,Specialty Store,Firearm,,C
173441721,156935760,2022-04-10,Buffalo,NY0140100,13A,B,B,N,M,21,R,N,,Specialty Store,Specialty Store,Firearm,,C
173441723,156935761,2022-04-10,Buffalo,NY0140100,13A,H,B,H,M,35,R,N,,Highway/Road/Alley/Street/Sidewalk,Street & Sidewalk,Knife/Cutting Instrument,Minor Injury,C
173463180,156955494,2022-04-10,Buffalo,NY0140100,13A,B,B,N,M,48,R,N,,Highway/Road/Alley/Street/Sidewalk,Street & Sidewalk,Firearm,,C
182927600,165223868,2022-04-10,Buffalo,NY0140100,13A,B,B,N,F,36,R,N,AQ,Residence/Home,Home,Knife/Cutting Instrument,Minor Injury,C
183666113,165866338,2022-04-10,Buffalo,NY0140100,13A,W,W,N,M,44,R,N,,Hotel/Motel/Etc.,Hotel & Motel,Knife/Cutting Instrument,,C
182932085,165227849,2022-04-11,Buffalo,NY0140100,13A,W,W,N,F,34,N,N,FR,Highway/Road/Alley/Street/Sidewalk,Street & Sidewalk,Knife/Cutting Instrument,Minor Injury,C
182932086,165227850,2022-04-11,Buffalo,NY0140100,13A,W,W,N,F,38,R,Y,XS,Residence/Home,Home,Personal Weapons,Other Major Injury,C
182932092,165227856,2022-04-11,Buffalo,NY0140100,13A,W,W,N,F,29,R,Y,BG,Highway/Road/Alley/Street/Sidewalk,Street & Sidewalk,Knife/Cutting Instrument,Minor Injury,C
173420640,156916967,2022-04-12,Buffalo,NY0140100,13A,B,B,N,M,31,N,N,,Highway/Road/Alley/Street/Sidewalk,Street & Sidewalk,Firearm,Other Major Injury,C
173423875,156919848,2022-04-12,Buffalo,NY0140100,13A,B,B,N,M,23,R,N,RU,Residence/Home,Home,Blunt Object,,C
182932220,165227975,2022-04-12,Buffalo,NY0140100,13A,H,W,H,F,48,R,N,PA,Residence/Home,Home,Knife/Cutting Instrument,,C
183124033,165396998,2022-04-12,Buffalo,NY0140100,13A,W,W,N,F,50,R,Y,BG,Residence/Home,Home,Personal Weapons,Minor Injury;Possible Internal Injury,C
173457593,156950355,2022-04-13,Buffalo,NY0140100,13A,B,B,N,M,56,R,N,RU,Residence/Home,Home,Knife/Cutting Instrument,,C
173460906,156953411,2022-04-13,Buffalo,NY0140100,13A,W,W,N,M,53,R,N,RU,Highway/Road/Alley/Street/Sidewalk,Street & Sidewalk,Firearm,,C
182932451,165228197,2022-04-13,Buffalo,NY0140100,13A,B,B,N,M,50,R,N,SP,Highway/Road/Alley/Street/Sidewalk,Street & Sidewalk,Firearm,,C
182938845,165233900,2022-04-13,Buffalo,NY0140100,13A,B,B,N,F,34,R,N,SB,Residence/Home,Home,Handgun,,C
182941358,165236208,2022-04-13,Buffalo,NY0140100,13A,A,A,N,M,36,N,N,AQ,Convenience Store,Convenience Store,Knife/Cutting Instrument,Minor Injury,C
173421619,156917780,2022-04-14,Buffalo,NY0140100,13A,B,B,N,M,39,R,N,,Highway/Road/Alley/Street/Sidewalk,Street & Sidewalk,Firearm,Possible Internal Injury,C
182931704,165227516,2022-04-14,Buffalo,NY0140100,13A,H,W,H,F,22,R,Y,BG,Residence/Home,Home,Personal Weapons,Other Major Injury;Unconscious,C
182932176,165227936,2022-04-14,Buffalo,NY0140100,13A,B,B,N,M,50,R,N,AQ,Residence/Home,Home,Knife/Cutting Instrument,Minor Injury,C
182932732,165228458,2022-04-14,Buffalo,NY0140100,13A,B,B,N,F,38,R,Y,BG,Residence/Home,Home,Personal Weapons,Minor Injury;Unconscious,C
182892315,165192449,2022-04-15,Buffalo,NY0140100,13A,B,B,N,F,36,R,N,PA,Residence/Home,Home,Knife/Cutting Instrument,Minor Injury,C
182893300,165193334,2022-04-15,Buffalo,NY0140100,13A,W,W,N,F,23,R,Y,BG,Highway/Road/Alley/Street/Sidewalk,Street & Sidewalk,Firearm,,C
182909210,165207444,2022-04-15,Buffalo,NY0140100,13A,W,W,N,M,54,N,N,ST,Highway/Road/Alley/Street/Sidewalk,Street & Sidewalk,Knife/Cutting Instrument,,C
173460854,156953361,2022-04-16,Buffalo,NY0140100,13A,B,B,N,M,36,N,N,,Residence/Home,Home,Firearm,Other Major Injury,C
178433426,161295293,2022-04-16,Buffalo,NY0140100,13A,W,W,N,M,54,R,N,RU,Highway/Road/Alley/Street/Sidewalk,Street & Sidewalk,Knife/Cutting Instrument,,C
182909652,165207844,2022-04-16,Buffalo,NY0140100,13A,B,B,N,M,35,R,Y,BG,Highway/Road/Alley/Street/Sidewalk,Street & Sidewalk,Knife/Cutting Instrument;Personal Weapons,Minor Injury,C
182909666,165207857,2022-04-16,Buffalo,NY0140100,13A,B,B,N,F,23,R,Y,BG,Residence/Home,Home,Other,Minor Injury,C
182909670,165207861,2022-04-16,Buffalo,NY0140100,13A,H,W,H,F,31,R,Y,SE,Residence/Home,Home,Personal Weapons,Minor Injury,C
182909891,165208068,2022-04-17,Buffalo,NY0140100,13A,B,B,N,F,62,R,Y,XS,Residence/Home,Home,Firearm,Minor Injury,C
182909963,165208134,2022-04-18,Buffalo,NY0140100,13A,W,W,N,M,20,R,Y,XS,Parking/Drop Lot/Garage,Parking Lot,Motor Vehicle/Vessel,,C
182909451,165207663,2022-04-19,Buffalo,NY0140100,13A,H,W,H,M,22,R,Y,BG,Residence/Home,Home,Knife/Cutting Instrument,Severe Laceration,C
182909454,165207665,2022-04-19,Buffalo,NY0140100,13A,B,B,N,F,14,R,N,CH,Residence/Home,Home,Personal Weapons,Minor Injury,C
182909480,165207688,2022-04-19,Buffalo,NY0140100,13A,B,B,N,M,20,R,Y,BG,Residence/Home,Home,Knife/Cutting Instrument;Personal Weapons,Minor Injury,C
182938850,165233905,2022-04-19,Buffalo,NY0140100,13A,W,W,N,M,53,R,N,FR,Residence/Home,Home,Knife/Cutting Instrument,Minor Injury,C
173465378,156957485,2022-04-20,Buffalo,NY0140100,13A,B,B,N,M,15,R,N,,Residence/Home,Home,Firearm,,C
173465379,156957485,2022-04-20,Buffalo,NY0140100,13A,H,W,H,F,15,R,N,,Residence/Home,Home,Firearm,,C
182909910,165208087,2022-04-20,Buffalo,NY0140100,13A,B,B,N,F,40,R,Y,SE,Residence/Home,Home,Firearm,,C
173461435,156953895,2022-04-21,Buffalo,NY0140100,13A,B,B,N,F,28,R,Y,BG,Highway/Road/Alley/Street/Sidewalk,Street & Sidewalk,Firearm,,C
182906423,165204997,2022-04-21,Buffalo,NY0140100,13A,H,W,H,F,46,R,N,AQ,Residence/Home,Home,Blunt Object;Motor Vehicle/Vessel,,C
182906529,165205091,2022-04-22,Buffalo,NY0140100,13A,B,B,U,M,22,R,N,ST,Convenience Store,Convenience Store,Firearm,,C
182909375,165207594,2022-04-22,Buffalo,NY0140100,13A,H,W,H,F,16,R,Y,XS,Highway/Road/Alley/Street/Sidewalk,Street & Sidewalk,Knife/Cutting Instrument,Minor Injury,C
173468593,156960390,2022-04-23,Buffalo,NY0140100,13A,W,W,N,M,20,N,N,,Residence/Home,Home,Personal Weapons,Minor Injury,C
173468594,156960390,2022-04-23,Buffalo,NY0140100,13A,W,W,N,M,20,N,N,,Residence/Home,Home,Personal Weapons,Minor Injury,C
182909486,165207694,2022-04-23,Buffalo,NY0140100,13A,B,B,N,F,64,R,N,PA,Highway/Road/Alley/Street/Sidewalk,Street & Sidewalk,Personal Weapons,,C
182938860,165233912,2022-04-23,Buffalo,NY0140100,13A,W,W,N,F,31,R,Y,XS,Residence/Home,Home,Knife/Cutting Instrument,Minor Injury,C
173422485,156918571,2022-04-24,Buffalo,NY0140100,13A,B,B,N,F,16,R,N,RU,Residence/Home,Home,Firearm,,C
173422687,156918753,2022-04-24,Buffalo,NY0140100,13A,B,B,N,F,,R,N,,Park/Playground,Park & Playground,Knife/Cutting Instrument,,C
173422692,156918757,2022-04-24,Buffalo,NY0140100,13A,B,B,N,M,22,R,N,,Highway/Road/Alley/Street/Sidewalk,Street & Sidewalk,Firearm,Possible Internal Injury,C
173461911,156954329,2022-04-24,Buffalo,NY0140100,13A,B,B,N,M,21,R,N,,Residence/Home,Home,Firearm,Other Major Injury,C
173462236,156954611,2022-04-24,Buffalo,NY0140100,13A,B,B,N,M,21,R,N,,Residence/Home,Home,Firearm,Other Major Injury;Possible Internal Injury,C
173462237,156954611,2022-04-24,Buffalo,NY0140100,13A,B,B,N,F,16,R,N,,Residence/Home,Home,Firearm,Other Major Injury,C
182909560,165207756,2022-04-24,Buffalo,NY0140100,13A,I,I,N,F,23,R,Y,BG,Residence/Home,Home,Personal Weapons,Minor Injury;Possible Internal Injury;Unconscious,C
182910067,165208226,2022-04-24,Buffalo,NY0140100,13A,B,B,N,M,33,R,N,ST,Convenience Store,Convenience Store,Knife/Cutting Instrument,,C
182910104,165208260,2022-04-24,Buffalo,NY0140100,13A,B,B,N,F,31,R,Y,XS,Residence/Home,Home,Knife/Cutting Instrument,,C
182910221,165208369,2022-04-24,Buffalo,NY0140100,13A,B,B,N,F,35,R,N,AQ,Highway/Road/Alley/Street/Sidewalk,Street & Sidewalk,Shotgun,,C
182910231,165208376,2022-04-24,Buffalo,NY0140100,13A,W,W,N,F,24,R,Y,BG,Residence/Home,Home,Personal Weapons,Minor Injury,C
173459381,156951985,2022-04-25,Buffalo,NY0140100,13A,W,W,N,M,15,R,N,,Highway/Road/Alley/Street/Sidewalk,Street & Sidewalk,Personal Weapons,Minor Injury,C
173459388,156951992,2022-04-25,Buffalo,NY0140100,13A,B,B,N,F,36,R,N,,Drug Store/Doctor's Office/Hospital,Hospital & Clinic,Knife/Cutting Instrument,,C
182910240,165208384,2022-04-25,Buffalo,NY0140100,13A,W,W,N,M,25,R,N,SB,Residence/Home,Home,Blunt Object,,C
182938868,165233918,2022-04-25,Buffalo,NY0140100,13A,B,B,N,M,21,R,N,NE,Parking/Drop Lot/Garage,Parking Lot,Firearm,,C
182941387,165236233,2022-04-25,Buffalo,NY0140100,13A,W,W,N,F,50,R,N,AQ,Highway/Road/Alley/Street/Sidewalk,Street & Sidewalk,Firearm;Knife/Cutting Instrument,,C
182907494,165205942,2022-04-26,Buffalo,NY0140100,13A,W,W,N,F,23,N,N,RU,Highway/Road/Alley/Street/Sidewalk,Street & Sidewalk,Personal Weapons,Minor Injury,C
173458400,156951100,2022-04-27,Buffalo,NY0140100,13A,B,B,N,M,18,R,N,,Highway/Road/Alley/Street/Sidewalk,Street & Sidewalk,Firearm,Other Major Injury;Severe Laceration,C
173461151,156953639,2022-04-27,Buffalo,NY0140100,13A,W,W,N,M,54,R,N,RU,Highway/Road/Alley/Street/Sidewalk,Street & Sidewalk,Firearm,,C
173461364,156953835,2022-04-27,Buffalo,NY0140100,13A,W,W,N,F,36,N,N,,Highway/Road/Alley/Street/Sidewalk,Street & Sidewalk,Firearm,,C
182926664,165223037,2022-04-27,Buffalo,NY0140100,13A,H,W,H,F,22,R,Y,XS,Residence/Home,Home,Firearm,,C
182926680,165223053,2022-04-27,Buffalo,NY0140100,13A,B,B,N,F,22,N,N,AQ,Residence/Home,Home,Knife/Cutting Instrument,Minor Injury,C
182926681,165223053,2022-04-27,Buffalo,NY0140100,13A,B,B,N,F,20,R,N,AQ,Residence/Home,Home,Knife/Cutting Instrument,Minor Injury,C
173458106,156950835,2022-04-28,Buffalo,NY0140100,13A,U,U,U,F,23,R,N,,Highway/Road/Alley/Street/Sidewalk,Street & Sidewalk,Blunt Object,Other Major Injury,C
173458107,156950835,2022-04-28,Buffalo,NY0140100,13A,U,U,U,F,22,R,N,,Highway/Road/Alley/Street/Sidewalk,Street & Sidewalk,Blunt Object,Minor Injury,C
173458159,156950879,2022-04-28,Buffalo,NY0140100,13A,W,W,N,F,44,R,N,RU,Restaurant,Restaurant,Knife/Cutting Instrument,,C
173465613,156957705,2022-04-28,Buffalo,NY0140100,13A,W,W,N,F,16,R,N,RU,Residence/Home,Home,Firearm,Minor Injury,C
182927052,165223383,2022-04-28,Buffalo,NY0140100,13A,B,B,N,F,33,R,Y,XS,Residence/Home,Home,Blunt Object,Apparent Broken Bones;Other Major Injury;Severe Laceration,C
173486992,156976341,2022-04-29,Buffalo,NY0140100,13A,B,B,N,M,36,R,N,,Highway/Road/Alley/Street/Sidewalk,Street & Sidewalk,Firearm,,C
182933890,165229512,2022-04-29,Buffalo,NY0140100,13A,B,B,N,F,30,R,Y,XS,Residence/Home,Home,Knife/Cutting Instrument;Personal Weapons,,C
182933894,165229516,2022-04-29,Buffalo,NY0140100,13A,I,I,N,F,45,R,N,NE,Highway/Road/Alley/Street/Sidewalk,Street & Sidewalk,Firearm,,C
183124219,165397168,2022-04-29,Buffalo,NY0140100,13A,H,W,H,F,21,R,N,,Convenience Store,Convenience Store,Other,,C
173423797,156919774,2022-04-30,Buffalo,NY0140100,13A,W,W,N,M,22,R,N,,Bar/Nightclub,Bar & Nightclub,Firearm,,C
173441746,156935779,2022-04-30,Buffalo,NY0140100,13A,B,B,N,F,13,R,N,,Parking/Drop Lot/Garage,Parking Lot,Firearm,Minor Injury,C
182932388,165228136,2022-04-30,Buffalo,NY0140100,13A,B,B,N,M,49,R,Y,SE,Residence/Home,Home,Knife/Cutting Instrument,Minor Injury,C
173462454,156954819,2022-05-01,Buffalo,NY0140100,13A,H,U,H,M,32,U,N,,Residence/Home,Home,Firearm,Other Major Injury,C
173462852,156955191,2022-05-01,Buffalo,NY0140100,13A,B,B,N,M,29,R,N,,Bar/Nightclub,Bar & Nightclub,Unknown,Other Major Injury,C
182933899,165229521,2022-05-01,Buffalo,NY0140100,13A,B,B,N,F,26,R,Y,BG,Residence/Home,Home,Knife/Cutting Instrument,,C
182934085,165229690,2022-05-01,Buffalo,NY0140100,13A,W,W,N,M,,R,N,ST,Convenience Store,Convenience Store,Knife/Cutting Instrument,,C
173462854,156955193,2022-05-02,Buffalo,NY0140100,13A,B,B,N,M,30,R,N,,Highway/Road/Alley/Street/Sidewalk,Street & Sidewalk,Knife/Cutting Instrument,Severe Laceration,C
173469401,156961136,2022-05-02,Buffalo,NY0140100,13A,W,W,N,M,20,R,N,RU,Highway/Road/Alley/Street/Sidewalk,Street & Sidewalk,Handgun,,C
183124226,165397175,2022-05-02,Buffalo,NY0140100,13A,H,W,H,M,57,R,N,,Highway/Road/Alley/Street/Sidewalk,Street & Sidewalk,Knife/Cutting Instrument,Severe Laceration,C
178103887,161002238,2022-05-03,Buffalo,NY0140100,13A,H,W,H,F,57,R,N,,Department/Discount Store,Department Store,Knife/Cutting Instrument,,C
182933931,165229550,2022-05-03,Buffalo,NY0140100,13A,W,W,N,F,38,R,Y,BG,Residence/Home,Home,Knife/Cutting Instrument,Minor Injury,C
173465177,156957299,2022-05-04,Buffalo,NY0140100,13A,B,B,N,M,12,R,N,,Highway/Road/Alley/Street/Sidewalk,Street & Sidewalk,Firearm,,C
173468792,156960575,2022-05-04,Buffalo,NY0140100,13A,B,B,N,F,25,R,N,,Highway/Road/Alley/Street/Sidewalk,Street & Sidewalk,Firearm,,C
182934365,165229942,2022-05-04,Buffalo,NY0140100,13A,B,B,N,F,56,R,N,AQ,Residence/Home,Home,Knife/Cutting Instrument,Severe Laceration,C
182934366,165229943,2022-05-04,Buffalo,NY0140100,13A,B,B,N,F,57,R,N,SB,Residence/Home,Home,Blunt Object,Severe Laceration,C
173464487,156956656,2022-05-05,Buffalo,NY0140100,13A,W,W,N,M,33,R,N,,Highway/Road/Alley/Street/Sidewalk,Street & Sidewalk,Knife/Cutting Instrument,Severe Laceration,C
173489919,156978930,2022-05-05,Buffalo,NY0140100,13A,B,B,N,M,55,N,N,,Residence/Home,Home,Knife/Cutting Instrument,Severe Laceration,C
182934047,165229653,2022-05-05,Buffalo,NY0140100,13A,W,W,N,F,24,R,Y,XS,Residence/Home,Home,Personal Weapons,Minor Injury;Unconscious,C
182934532,165230077,2022-05-05,Buffalo,NY0140100,13A,B,B,N,F,23,R,Y,XS,Highway/Road/Alley/Street/Sidewalk,Street & Sidewalk,Blunt Object,Minor Injury,C
182934540,165230084,2022-05-05,Buffalo,NY0140100,13A,W,W,U,F,33,R,Y,BG,Residence/Home,Home,Personal Weapons,Minor Injury,C
182944134,165238623,2022-05-05,Buffalo,NY0140100,13A,H,W,H,M,37,R,N,RU,Highway/Road/Alley/Street/Sidewalk,Street & Sidewalk,Firearm,Other Major Injury;Severe Laceration,C
182939659,165234641,2022-05-06,Buffalo,NY0140100,13A,B,B,N,F,32,R,N,NE,Residence/Home,Home,Firearm,,C
182939662,165234644,2022-05-06,Buffalo,NY0140100,13A,B,B,N,F,31,N,Y,BG,Highway/Road/Alley/Street/Sidewalk,Street & Sidewalk,Firearm,Minor Injury,C
182939732,165234713,2022-05-06,Buffalo,NY0140100,13A,W,W,N,M,25,R,N,ST,Department/Discount Store,Department Store,Knife/Cutting Instrument,Other Major Injury,C
182941457,165236285,2022-05-06,Buffalo,NY0140100,13A,W,W,N,F,36,R,Y,BG,Residence/Home,Home,Personal Weapons,Minor Injury,C
187678028,169364866,2022-05-06,Buffalo,NY0140100,13A,B,B,N,F,17,R,N,,Park/Playground,Park & Playground,Blunt Object,Apparent Broken Bones,C
178105687,161003859,2022-05-07,Buffalo,NY0140100,13A,B,B,N,F,53,R,N,,Highway/Road/Alley/Street/Sidewalk,Street & Sidewalk,Blunt Object;Other,Minor Injury,C
178105688,161003859,2022-05-07,Buffalo,NY0140100,13A,B,B,N,F,25,R,N,,Highway/Road/Alley/Street/Sidewalk,Street & Sidewalk,Blunt Object;Other,Minor Injury,C
173465142,156957265,2022-05-08,Buffalo,NY0140100,13A,B,B,N,F,35,R,N,,Highway/Road/Alley/Street/Sidewalk,Street & Sidewalk,Motor Vehicle/Vessel,Minor Injury,C
182941488,165236314,2022-05-08,Buffalo,NY0140100,13A,H,W,H,F,25,R,Y,XS,Highway/Road/Alley/Street/Sidewalk,Street & Sidewalk,Blunt Object,Minor Injury,C
183105113,165380510,2022-05-08,Buffalo,NY0140100,13A,B,B,N,F,31,R,Y,XS,Residence/Home,Home,Knife/Cutting Instrument,,C
183105153,165380544,2022-05-09,Buffalo,NY0140100,13A,B,B,N,F,69,R,N,GP,Residence/Home,Home,Blunt Object,,C
183105411,165380774,2022-05-09,Buffalo,NY0140100,13A,B,B,N,M,61,R,N,OF,Residence/Home,Home,Knife/Cutting Instrument,Severe Laceration,C
183106008,165381298,2022-05-10,Buffalo,NY0140100,13A,B,B,N,M,23,R,Y,XS,Residence/Home,Home,Knife/Cutting Instrument,Severe Laceration,C
173464999,156957132,2022-05-11,Buffalo,NY0140100,13A,B,B,N,M,29,R,N,,Restaurant,Restaurant,Knife/Cutting Instrument,Minor Injury,C
173468969,156960745,2022-05-11,Buffalo,NY0140100,13A,B,B,N,M,29,R,N,RU,Highway/Road/Alley/Street/Sidewalk,Street & Sidewalk,Handgun,,C
173468970,156960745,2022-05-11,Buffalo,NY0140100,13A,B,B,N,M,24,R,N,RU,Highway/Road/Alley/Street/Sidewalk,Street & Sidewalk,Handgun,,C
173468972,156960746,2022-05-11,Buffalo,NY0140100,13A,B,B,N,M,42,R,N,RU,Highway/Road/Alley/Street/Sidewalk,Street & Sidewalk,Handgun,,C
178105932,161004083,2022-05-11,Buffalo,NY0140100,13A,W,W,N,M,43,R,N,RU,Residence/Home,Home,Firearm,Minor Injury,C
178105963,161004112,2022-05-11,Buffalo,NY0140100,13A,B,B,N,M,28,R,N,,Residence/Home,Home,Firearm,Minor Injury,C
182932349,165228098,2022-05-11,Buffalo,NY0140100,13A,B,B,N,M,57,R,N,OF,Residence/Home,Home,Blunt Object,Minor Injury,C
182938975,165234013,2022-05-11,Buffalo,NY0140100,13A,H,W,H,F,24,R,N,AQ,Residence/Home,Home,Blunt Object,Minor Injury,C
182938994,165234031,2022-05-11,Buffalo,NY0140100,13A,W,W,N,F,42,R,N,AQ,Residence/Home,Home,Personal Weapons,Other Major Injury;Possible Internal Injury,C
182939442,165234449,2022-05-11,Buffalo,NY0140100,13A,W,W,N,M,35,R,N,NE,Residence/Home,Home,Knife/Cutting Instrument,,C
173489996,156978996,2022-05-12,Buffalo,NY0140100,13A,B,B,N,M,32,N,N,,Highway/Road/Alley/Street/Sidewalk,Street & Sidewalk,Firearm,Possible Internal Injury,C
182939030,165234065,2022-05-12,Buffalo,NY0140100,13A,B,B,N,M,31,R,Y,XS,Residence/Home,Home,Blunt Object;Knife/Cutting Instrument,Minor Injury,C
183124695,165397605,2022-05-12,Buffalo,NY0140100,13A,H,W,H,F,29,R,N,AQ,Convenience Store,Convenience Store,Blunt Object,,C
183124698,165397608,2022-05-12,Buffalo,NY0140100,13A,W,W,N,M,63,R,N,AQ;RU,Highway/Road/Alley/Street/Sidewalk,Street & Sidewalk,Knife/Cutting Instrument,,C
173462653,156955005,2022-05-13,Buffalo,NY0140100,13A,H,W,H,M,52,R,N,RU,Highway/Road/Alley/Street/Sidewalk,Street & Sidewalk,Blunt Object,Minor Injury,C
173465809,156957878,2022-05-13,Buffalo,NY0140100,13A,B,B,N,F,25,R,N,,Highway/Road/Alley/Street/Sidewalk,Street & Sidewalk,Knife/Cutting Instrument,Severe Laceration,C
173467222,156959158,2022-05-13,Buffalo,NY0140100,13A,H,W,H,M,42,R,N,RU,Residence/Home,Home,Blunt Object,,C
178433651,161295499,2022-05-13,Buffalo,NY0140100,13A,B,B,N,M,16,R,N,,Park/Playground,Park & Playground,Firearm;Knife/Cutting Instrument,,C
187678033,169364871,2022-05-13,Buffalo,NY0140100,13A,B,B,N,M,27,R,N,,Convenience Store,Convenience Store,Personal Weapons,Minor Injury,C
173467227,156959163,2022-05-14,Buffalo,NY0140100,13A,B,B,N,M,66,R,N,RU,Highway/Road/Alley/Street/Sidewalk,Street & Sidewalk,Handgun,,C
182938912,165233955,2022-05-14,Buffalo,NY0140100,13A,W,W,N,F,25,R,Y,XS,Residence/Home,Home,Personal Weapons,Minor Injury,C
182938952,165233990,2022-05-14,Buffalo,NY0140100,13A,H,W,H,F,27,R,Y,XS,Highway/Road/Alley/Street/Sidewalk,Street & Sidewalk,Firearm,,C
182939502,165234498,2022-05-14,Buffalo,NY0140100,13A,B,B,N,F,25,R,N,AQ,Highway/Road/Alley/Street/Sidewalk,Street & Sidewalk,Motor Vehicle/Vessel,Apparent Broken Bones,C
183057104,165337936,2022-05-14,Buffalo,NY0140100,13A,W,W,N,M,55,N,N,ST,Grocery/Supermarket,Grocery Store,Handgun,Other Major Injury,C
183057105,165337936,2022-05-14,Buffalo,NY0140100,13A,B,B,N,M,20,R,N,ST,Grocery/Supermarket,Grocery Store,Handgun,Other Major Injury,C
183057106,165337936,2022-05-14,Buffalo,NY0140100,13A,W,W,N,F,50,N,N,ST,Grocery/Supermarket,Grocery Store,Handgun,Other Major Injury,C
173468041,156959894,2022-05-15,Buffalo,NY0140100,13A,B,B,N,M,34,R,N,,Residence/Home,Home,Firearm,Other Major Injury,C
182932499,165228243,2022-05-15,Buffalo,NY0140100,13A,H,W,H,F,71,R,N,PA,Residence/Home,Home,Knife/Cutting Instrument,,C
182932500,165228244,2022-05-15,Buffalo,NY0140100,13A,B,B,N,F,31,R,Y,XS,Residence/Home,Home,Personal Weapons,Minor Injury;Possible Internal Injury,C
182938920,165233962,2022-05-15,Buffalo,NY0140100,13A,B,B,N,F,24,R,N,NE,Highway/Road/Alley/Street/Sidewalk,Street & Sidewalk,Knife/Cutting Instrument,Minor Injury,C
182932501,165228245,2022-05-16,Buffalo,NY0140100,13A,H,W,H,F,46,R,N,PA,Residence/Home,Home,Handgun,,C
182932619,165228352,2022-05-16,Buffalo,NY0140100,13A,H,W,H,M,55,R,N,OF,Highway/Road/Alley/Street/Sidewalk,Street & Sidewalk,Personal Weapons,Apparent Broken Bones;Other Major Injury,C
182939044,165234078,2022-05-16,Buffalo,NY0140100,13A,W,W,N,F,35,R,Y,XS,Residence/Home,Home,Knife/Cutting Instrument,,C
187633665,169325888,2022-05-16,Buffalo,NY0140100,13A,B,B,N,F,27,R,Y,BG,Residence/Home,Home,Personal Weapons,Minor Injury;Unconscious,C
182939062,165234096,2022-05-17,Buffalo,NY0140100,13A,B,B,N,F,52,R,N,FR,Residence/Home,Home,Knife/Cutting Instrument,Severe Laceration,C
182939156,165234181,2022-05-17,Buffalo,NY0140100,13A,W,W,N,F,22,R,N,AQ,Highway/Road/Alley/Street/Sidewalk,Street & Sidewalk,Firearm,,C
182939168,165234192,2022-05-17,Buffalo,NY0140100,13A,B,B,N,F,29,R,Y,BG,Highway/Road/Alley/Street/Sidewalk,Street & Sidewalk,Firearm,,C
182939185,165234208,2022-05-17,Buffalo,NY0140100,13A,W,W,N,M,20,N,N,ST,Highway/Road/Alley/Street/Sidewalk,Street & Sidewalk,Firearm,,C
182939272,165234290,2022-05-17,Buffalo,NY0140100,13A,B,B,N,F,34,R,N,OF,Residence/Home,Home,Knife/Cutting Instrument,Minor Injury,C
182941496,165236321,2022-05-17,Buffalo,NY0140100,13A,B,B,N,M,57,R,N,AQ;RU,Specialty Store,Specialty Store,Blunt Object,Minor Injury,C
178125489,161021308,2022-05-18,Buffalo,NY0140100,13A,W,W,N,M,17,R,N,,Parking/Drop Lot/Garage,Parking Lot,Blunt Object,Minor Injury,C
182939266,165234284,2022-05-18,Buffalo,NY0140100,13A,B,B,N,F,28,R,N,AQ,Residence/Home,Home,Blunt Object;Personal Weapons,Minor Injury,C
182939353,165234367,2022-05-18,Buffalo,NY0140100,13A,H,W,H,F,25,R,Y,XS,Residence/Home,Home,Knife/Cutting Instrument,,C
182939355,165234369,2022-05-18,Buffalo,NY0140100,13A,W,W,N,M,,R,N,ST,Residence/Home,Home,Other,,C
182939511,165234507,2022-05-18,Buffalo,NY0140100,13A,B,B,N,M,48,R,N,ST,Highway/Road/Alley/Street/Sidewalk,Street & Sidewalk,Shotgun,,C
178125496,161021313,2022-05-19,Buffalo,NY0140100,13A,B,B,N,M,24,R,N,,Residence/Home,Home,Firearm,Minor Injury,C
178125499,161021316,2022-05-19,Buffalo,NY0140100,13A,B,B,N,F,57,R,N,,Highway/Road/Alley/Street/Sidewalk,Street & Sidewalk,Firearm,,C
178125511,161021327,2022-05-19,Buffalo,NY0140100,13A,H,W,H,F,30,R,N,RU,Parking/Drop Lot/Garage,Parking Lot,Blunt Object,Minor Injury,C
187672845,169360216,2022-05-19,Buffalo,NY0140100,13A,H,W,H,F,28,R,Y,RU;XS,Residence/Home,Home,Firearm,,C
182912654,165210521,2022-05-20,Buffalo,NY0140100,13A,W,W,N,F,17,R,Y,XS,Highway/Road/Alley/Street/Sidewalk,Street & Sidewalk,Firearm,,C
182939076,165234108,2022-05-20,Buffalo,NY0140100,13A,B,B,N,F,20,R,Y,BG,Residence/Home,Home,Knife/Cutting Instrument,,C
182939085,165234116,2022-05-20,Buffalo,NY0140100,13A,H,W,H,F,22,R,N,NE,Residence/Home,Home,Firearm,,C
182939086,165234116,2022-05-20,Buffalo,NY0140100,13A,B,B,N,M,25,R,N,NE,Residence/Home,Home,Firearm,,C
173469103,156960872,2022-05-21,Buffalo,NY0140100,13A,H,W,H,M,26,U,N,,Highway/Road/Alley/Street/Sidewalk,Street & Sidewalk,Firearm,Other Major Injury,C
173469710,156961413,2022-05-21,Buffalo,NY0140100,13A,B,B,N,M,19,R,N,,Highway/Road/Alley/Street/Sidewalk,Street & Sidewalk,Other,,C
182939377,165234390,2022-05-21,Buffalo,NY0140100,13A,W,W,N,F,54,R,N,PA,Residence/Home,Home,Knife/Cutting Instrument,,C
182939379,165234392,2022-05-21,Buffalo,NY0140100,13A,H,W,H,F,20,R,Y,BG,Residence/Home,Home,Other;Personal Weapons,Minor Injury,C
173464980,156957114,2022-05-22,Buffalo,NY0140100,13A,B,B,N,M,26,R,N,RU,Highway/Road/Alley/Street/Sidewalk,Street & Sidewalk,Firearm,,C
178125782,161021574,2022-05-22,Buffalo,NY0140100,13A,W,W,N,M,53,R,N,,Highway/Road/Alley/Street/Sidewalk,Street & Sidewalk,Blunt Object;Personal Weapons,Severe Laceration,C
182911705,165209688,2022-05-22,Buffalo,NY0140100,13A,W,W,N,M,20,R,N,AQ,Residence/Home,Home,Blunt Object,Apparent Broken Bones;Possible Internal Injury;Severe Laceration,C
182911754,165209729,2022-05-22,Buffalo,NY0140100,13A,W,W,N,M,55,R,N,AQ,Highway/Road/Alley/Street/Sidewalk,Street & Sidewalk,Firearm,,C
173465198,156957320,2022-05-23,Buffalo,NY0140100,13A,B,B,N,M,30,R,N,,Highway/Road/Alley/Street/Sidewalk,Street & Sidewalk,Other,,C
173465210,156957330,2022-05-23,Buffalo,NY0140100,13A,B,B,N,M,60,R,N,RU,Highway/Road/Alley/Street/Sidewalk,Street & Sidewalk,Knife/Cutting Instrument,Severe Laceration,C
182915768,165213268,2022-05-23,Buffalo,NY0140100,13A,H,W,H,M,37,R,N,EE,Highway/Road/Alley/Street/Sidewalk,Street & Sidewalk,Knife/Cutting Instrument,Minor Injury,C
182932062,165227827,2022-05-23,Buffalo,NY0140100,13A,W,W,N,F,17,N,Y,XS,Residence/Home,Home,Personal Weapons,,C
178126201,161021958,2022-05-24,Buffalo,NY0140100,13A,W,W,N,M,30,R,N,RU,Highway/Road/Alley/Street/Sidewalk,Street & Sidewalk,Firearm,Other Major Injury,C
182914980,165212575,2022-05-24,Buffalo,NY0140100,13A,B,B,N,F,59,R,Y,SE,Residence/Home,Home,Knife/Cutting Instrument,Minor Injury,C
182915814,165213310,2022-05-24,Buffalo,NY0140100,13A,H,W,H,F,41,R,Y,XS,Residence/Home,Home,Knife/Cutting Instrument,Minor Injury,C
182915816,165213312,2022-05-24,Buffalo,NY0140100,13A,W,W,N,M,20,R,N,FR,Parking/Drop Lot/Garage,Parking Lot,Knife/Cutting Instrument,,C
173467296,156959226,2022-05-25,Buffalo,NY0140100,13A,B,B,N,M,33,R,N,,Highway/Road/Alley/Street/Sidewalk,Street & Sidewalk,Firearm,Other Major Injury,C
173502878,156990092,2022-05-25,Buffalo,NY0140100,13A,B,B,N,M,49,R,N,,Highway/Road/Alley/Street/Sidewalk,Street & Sidewalk,Firearm,Other Major Injury,C
182915821,165213317,2022-05-25,Buffalo,NY0140100,13A,W,W,N,M,22,R,N,AQ,Residence/Home,Home,Other,,C
187633678,169325899,2022-05-25,Buffalo,NY0140100,13A,H,W,H,F,64,R,N,AQ;RU,Residence/Home,Home,Blunt Object,Severe Laceration,C
173502899,156990112,2022-05-26,Buffalo,NY0140100,13A,B,B,N,M,35,R,N,,Highway/Road/Alley/Street/Sidewalk,Street & Sidewalk,Firearm,Other Major Injury,C
182916013,165213489,2022-05-26,Buffalo,NY0140100,13A,B,B,N,F,58,R,N,FR,Residence/Home,Home,Personal Weapons,Minor Injury,C
182916084,165213556,2022-05-26,Buffalo,NY0140100,13A,B,B,N,F,47,R,Y,BG,Residence/Home,Home,Blunt Object,Minor Injury,C
173463230,156955540,2022-05-27,Buffalo,NY0140100,13A,B,B,N,M,34,R,N,,Highway/Road/Alley/Street/Sidewalk,Street & Sidewalk,Knife/Cutting Instrument,Minor Injury,C
173466630,156958630,2022-05-27,Buffalo,NY0140100,13A,B,B,N,M,40,R,N,,Highway/Road/Alley/Street/Sidewalk,Street & Sidewalk,Handgun,Other Major Injury;Possible Internal Injury,C
173470641,156962231,2022-05-27,Buffalo,NY0140100,13A,W,W,N,M,46,N,N,,Highway/Road/Alley/Street/Sidewalk,Street & Sidewalk,Blunt Object,,C
173470706,156962291,2022-05-27,Buffalo,NY0140100,13A,B,B,N,M,22,R,N,,Highway/Road/Alley/Street/Sidewalk,Street & Sidewalk,Firearm,Possible Internal Injury,C
182913477,165211234,2022-05-27,Buffalo,NY0140100,13A,B,B,N,M,33,R,N,AQ,Highway/Road/Alley/Street/Sidewalk,Street & Sidewalk,Knife/Cutting Instrument,Minor Injury,C
182913498,165211253,2022-05-27,Buffalo,NY0140100,13A,H,W,H,M,31,R,N,AQ,Residence/Home,Home,Firearm,Other Major Injury;Severe Laceration,C
173463492,156955766,2022-05-28,Buffalo,NY0140100,13A,W,W,N,F,42,N,N,,Highway/Road/Alley/Street/Sidewalk,Street & Sidewalk,Knife/Cutting Instrument,Minor Injury,C
182913634,165211372,2022-05-28,Buffalo,NY0140100,13A,U,U,U,F,28,R,N,AQ,Highway/Road/Alley/Street/Sidewalk,Street & Sidewalk,Blunt Object,Minor Injury,C
182913635,165211372,2022-05-28,Buffalo,NY0140100,13A,B,B,N,M,27,R,Y,XS,Highway/Road/Alley/Street/Sidewalk,Street & Sidewalk,Blunt Object,Minor Injury,C
182913790,165211518,2022-05-28,Buffalo,NY0140100,13A,B,B,N,F,28,R,N,AQ,Residence/Home,Home,Blunt Object;Personal Weapons,,C
182941499,165236324,2022-05-28,Buffalo,NY0140100,13A,W,W,N,F,33,R,Y,XS,Residence/Home,Home,,Minor Injury,C
183670060,165869833,2022-05-28,Buffalo,NY0140100,13A,B,B,N,M,32,R,N,,Residence/Home,Home,Other,Minor Injury,C
173463686,156955939,2022-05-29,Buffalo,NY0140100,13A,B,B,N,F,20,R,N,RU,Highway/Road/Alley/Street/Sidewalk,Street & Sidewalk,Knife/Cutting Instrument,Severe Laceration,C
182911882,165209846,2022-05-29,Buffalo,NY0140100,13A,B,B,N,M,24,N,Y,SE,Residence/Home,Home,Knife/Cutting Instrument,Minor Injury,C
182911930,165209890,2022-05-29,Buffalo,NY0140100,13A,B,B,N,M,34,R,N,AQ,Highway/Road/Alley/Street/Sidewalk,Street & Sidewalk,Firearm,,C
182912008,165209962,2022-05-29,Buffalo,NY0140100,13A,B,B,N,F,19,R,N,AQ,Residence/Home,Home,Firearm,,C
182912936,165210759,2022-05-29,Buffalo,NY0140100,13A,B,B,N,F,24,R,N,RU,Highway/Road/Alley/Street/Sidewalk,Street & Sidewalk,Firearm,,C
182915861,165213353,2022-05-29,Buffalo,NY0140100,13A,B,B,N,F,20,R,N,AQ,Bar/Nightclub,Bar & Nightclub,Knife/Cutting Instrument,Minor Injury,C
182915863,165213355,2022-05-29,Buffalo,NY0140100,13A,W,W,N,M,23,R,N,ST,Highway/Road/Alley/Street/Sidewalk,Street & Sidewalk,Knife/Cutting Instrument,,C
173468766,156960551,2022-05-30,Buffalo,NY0140100,13A,B,B,N,F,22,R,N,,Highway/Road/Alley/Street/Sidewalk,Street & Sidewalk,Knife/Cutting Instrument,Severe Laceration,C
173468767,156960551,2022-05-30,Buffalo,NY0140100,13A,B,B,N,F,25,R,N,,Highway/Road/Alley/Street/Sidewalk,Street & Sidewalk,Knife/Cutting Instrument,Severe Laceration,C
182916018,165213494,2022-05-30,Buffalo,NY0140100,13A,W,W,N,M,24,R,N,AQ,Highway/Road/Alley/Street/Sidewalk,Street & Sidewalk,Firearm,,C
182929965,165225976,2022-05-30,Buffalo,NY0140100,13A,W,W,N,F,33,R,Y,XS,Highway/Road/Alley/Street/Sidewalk,Street & Sidewalk,Blunt Object,Minor Injury,C
182929966,165225976,2022-05-30,Buffalo,NY0140100,13A,W,W,N,M,40,R,N,ST,Highway/Road/Alley/Street/Sidewalk,Street & Sidewalk,Blunt Object,Minor Injury,C
182931794,165227598,2022-05-30,Buffalo,NY0140100,13A,B,B,N,F,38,R,N,AQ,Residence/Home,Home,Blunt Object,Possible Internal Injury;Severe Laceration,C
183125390,165398207,2022-05-30,Buffalo,NY0140100,13A,W,W,N,F,46,R,N,PA,Residence/Home,Home,Blunt Object,Severe Laceration,C
183670071,165869844,2022-05-30,Buffalo,NY0140100,13A,B,B,N,M,57,R,N,AQ,Highway/Road/Alley/Street/Sidewalk,Street & Sidewalk,Knife/Cutting Instrument,Severe Laceration,C
173465637,156957728,2022-05-31,Buffalo,NY0140100,13A,B,B,N,M,28,R,N,,Residence/Home,Home,Firearm,Other Major Injury;Possible Internal Injury,C
173468494,156960299,2022-05-31,Buffalo,NY0140100,13A,B,B,N,M,27,R,N,,Highway/Road/Alley/Street/Sidewalk,Street & Sidewalk,Knife/Cutting Instrument,Minor Injury,C
178131919,161026992,2022-05-31,Buffalo,NY0140100,13A,B,B,U,M,19,R,N,RU,Service/Gas Station,Gas Station,Firearm,Other Major Injury,C
182916194,165213658,2022-05-31,Buffalo,NY0140100,13A,W,W,N,F,47,R,Y,XS,Lake/Waterway/Beach,Waterway & Beach,Firearm,Minor Injury,C
178102939,161001369,2022-06-01,Buffalo,NY0140100,13A,B,B,N,M,28,R,N,,Highway/Road/Alley/Street/Sidewalk,Street & Sidewalk,Firearm,Other Major Injury,C
178102952,161001382,2022-06-01,Buffalo,NY0140100,13A,B,B,N,F,22,R,N,RU,Highway/Road/Alley/Street/Sidewalk,Street & Sidewalk,Blunt Object,Severe Laceration,C
178129810,161025139,2022-06-01,Buffalo,NY0140100,13A,W,W,N,F,22,N,N,,Highway/Road/Alley/Street/Sidewalk,Street & Sidewalk,Firearm,,C
178105875,161004031,2022-06-02,Buffalo,NY0140100,13A,W,W,N,M,37,R,N,RU,Residence/Home,Home,Knife/Cutting Instrument,,C
178105885,161004041,2022-06-02,Buffalo,NY0140100,13A,B,B,N,F,24,R,Y,BG,Highway/Road/Alley/Street/Sidewalk,Street & Sidewalk,Personal Weapons,Minor Injury,C
178105899,161004053,2022-06-02,Buffalo,NY0140100,13A,W,W,N,M,60,R,N,RU,Convenience Store,Convenience Store,Firearm,Other Major Injury,C
178106212,161004341,2022-06-02,Buffalo,NY0140100,13A,B,B,N,F,14,R,N,,Highway/Road/Alley/Street/Sidewalk,Street & Sidewalk,Firearm,,C
178106213,161004341,2022-06-02,Buffalo,NY0140100,13A,W,W,N,M,16,R,N,,Highway/Road/Alley/Street/Sidewalk,Street & Sidewalk,Firearm,,C
178106497,161004610,2022-06-02,Buffalo,NY0140100,13A,H,W,H,M,21,R,N,RU,Residence/Home,Home,Knife/Cutting Instrument,Severe Laceration,C
178106508,161004620,2022-06-03,Buffalo,NY0140100,13A,B,B,N,M,59,R,N,,Convenience Store,Convenience Store,Knife/Cutting Instrument,,C
178133194,161028108,2022-06-03,Buffalo,NY0140100,13A,B,B,N,M,34,R,N,RU,Residence/Home,Home,Shotgun,,C
178433723,161295568,2022-06-03,Buffalo,NY0140100,13A,B,B,N,M,,R,N,,Residence/Home,Home,Personal Weapons,Apparent Broken Bones,C
178102558,161001025,2022-06-04,Buffalo,NY0140100,13A,B,B,N,F,54,R,N,RU,Residence/Home,Home,,Minor Injury,C
178102559,161001025,2022-06-04,Buffalo,NY0140100,13A,B,B,N,M,59,R,N,RU,Residence/Home,Home,,Other Major Injury,C
178103915,161002265,2022-06-04,Buffalo,NY0140100,13A,W,W,N,M,53,N,N,RU,Highway/Road/Alley/Street/Sidewalk,Street & Sidewalk,Firearm,,C
178126500,161022220,2022-06-04,Buffalo,NY0140100,13A,W,W,N,M,21,N,N,,Bar/Nightclub,Bar & Nightclub,Personal Weapons,Other Major Injury,C
178129711,161025050,2022-06-04,Buffalo,NY0140100,13A,B,B,N,F,23,N,N,RU,Highway/Road/Alley/Street/Sidewalk,Street & Sidewalk,Knife/Cutting Instrument,Severe Laceration,C
178129718,161025056,2022-06-04,Buffalo,NY0140100,13A,B,B,N,F,,N,N,,Parking/Drop Lot/Garage,Parking Lot,Personal Weapons,Minor Injury,C
178129719,161025056,2022-06-04,Buffalo,NY0140100,13A,B,B,N,F,25,R,N,,Parking/Drop Lot/Garage,Parking Lot,Personal Weapons,Minor Injury,C
178129723,161025060,2022-06-04,Buffalo,NY0140100,13A,B,B,N,F,57,R,N,RU,Residence/Home,Home,Rifle,,C
178129729,161025066,2022-06-04,Buffalo,NY0140100,13A,B,B,N,F,35,R,N,,Residence/Home,Home,Firearm,,C
178103508,161001901,2022-06-05,Buffalo,NY0140100,13A,B,B,N,F,26,R,N,,Highway/Road/Alley/Street/Sidewalk,Street & Sidewalk,Firearm,,C
178129768,161025100,2022-06-05,Buffalo,NY0140100,13A,U,U,U,M,60,R,N,RU,Parking/Drop Lot/Garage,Parking Lot,Knife/Cutting Instrument,Other Major Injury,C
178105914,161004065,2022-06-06,Buffalo,NY0140100,13A,B,B,N,M,52,R,N,RU,Residence/Home,Home,Firearm,,C
178105941,161004091,2022-06-06,Buffalo,NY0140100,13A,B,B,N,M,35,R,N,,Highway/Road/Alley/Street/Sidewalk,Street & Sidewalk,Firearm,Possible Internal Injury,C
178105947,161004097,2022-06-06,Buffalo,NY0140100,13A,B,B,N,M,17,R,N,RU,Residence/Home,Home,Other,,C
178106218,161004346,2022-06-06,Buffalo,NY0140100,13A,B,B,N,M,30,N,N,RU,Highway/Road/Alley/Street/Sidewalk,Street & Sidewalk,Blunt Object,Minor Injury,C
178133715,161028570,2022-06-06,Buffalo,NY0140100,13A,W,W,N,M,40,R,N,RU,Highway/Road/Alley/Street/Sidewalk,Street & Sidewalk,Shotgun,,C
178106222,161004350,2022-06-07,Buffalo,NY0140100,13A,B,B,N,M,37,R,N,,Residence/Home,Home,Firearm,Severe Laceration,C
178106231,161004359,2022-06-07,Buffalo,NY0140100,13A,B,B,N,M,49,R,Y,BG,Residence/Home,Home,Shotgun,Minor Injury,C
178126179,161021938,2022-06-07,Buffalo,NY0140100,13A,B,B,N,F,26,R,Y,XS,Residence/Home,Home,Personal Weapons,Minor Injury,C
178243479,161127101,2022-06-07,Buffalo,NY0140100,13A,W,W,N,F,33,N,Y,BG,Highway/Road/Alley/Street/Sidewalk,Street & Sidewalk,Firearm;Knife/Cutting Instrument,Minor Injury,C
178251121,161134073,2022-06-07,Buffalo,NY0140100,13A,B,B,N,F,47,R,N,RU,Residence/Home,Home,Knife/Cutting Instrument,Minor Injury,C
178126885,161022561,2022-06-08,Buffalo,NY0140100,13A,B,B,N,M,31,R,N,,Residence/Home,Home,Knife/Cutting Instrument,Severe Laceration,C
178127634,161023218,2022-06-08,Buffalo,NY0140100,13A,B,B,N,M,28,R,N,,Highway/Road/Alley/Street/Sidewalk,Street & Sidewalk,Personal Weapons,Other Major Injury,C
178243683,161127287,2022-06-08,Buffalo,NY0140100,13A,B,B,N,F,52,R,N,RU,Highway/Road/Alley/Street/Sidewalk,Street & Sidewalk,Firearm,,C
178102959,161001388,2022-06-09,Buffalo,NY0140100,13A,B,B,N,M,32,R,N,RU,Highway/Road/Alley/Street/Sidewalk,Street & Sidewalk,Handgun,Minor Injury,C
178106328,161004456,2022-06-09,Buffalo,NY0140100,13A,B,B,N,F,31,R,Y,XS,Residence/Home,Home,Personal Weapons,Unconscious,C
178128773,161024216,2022-06-09,Buffalo,NY0140100,13A,B,B,N,M,29,R,N,,Highway/Road/Alley/Street/Sidewalk,Street & Sidewalk,Firearm,Other Major Injury,C
178128774,161024216,2022-06-09,Buffalo,NY0140100,13A,B,B,N,M,31,R,N,,Highway/Road/Alley/Street/Sidewalk,Street & Sidewalk,Firearm,Other Major Injury;Possible Internal Injury,C
178128777,161024219,2022-06-09,Buffalo,NY0140100,13A,A,A,N,F,45,R,N,RU,Residence/Home,Home,Blunt Object,Minor Injury,C
178126548,161022265,2022-06-10,Buffalo,NY0140100,13A,B,B,N,F,19,R,N,RU,Residence/Home,Home,Blunt Object,Minor Injury,C
178126550,161022267,2022-06-10,Buffalo,NY0140100,13A,B,B,N,M,17,R,N,,Highway/Road/Alley/Street/Sidewalk,Street & Sidewalk,Knife/Cutting Instrument,Severe Laceration,C
178126551,161022268,2022-06-10,Buffalo,NY0140100,13A,W,W,N,M,31,R,N,RU,Highway/Road/Alley/Street/Sidewalk,Street & Sidewalk,Firearm,,C
178193570,161081686,2022-06-10,Buffalo,NY0140100,13A,H,W,H,F,35,R,Y,XS,Highway/Road/Alley/Street/Sidewalk,Street & Sidewalk,Knife/Cutting Instrument,,C
178209596,161095873,2022-06-10,Buffalo,NY0140100,13A,W,W,N,M,51,R,N,RU,Highway/Road/Alley/Street/Sidewalk,Street & Sidewalk,Firearm,,C
178102322,161000819,2022-06-11,Buffalo,NY0140100,13A,B,B,N,M,20,R,N,RU,Residence/Home,Home,Firearm,,C
178126564,161022280,2022-06-11,Buffalo,NY0140100,13A,B,B,N,M,32,R,N,,Highway/Road/Alley/Street/Sidewalk,Street & Sidewalk,Firearm,Possible Internal Injury,C
178126567,161022283,2022-06-11,Buffalo,NY0140100,13A,H,W,H,M,25,R,N,RU,Residence/Home,Home,Knife/Cutting Instrument,Minor Injury,C
178126916,161022591,2022-06-11,Buffalo,NY0140100,13A,B,B,N,F,40,R,N,RU,Highway/Road/Alley/Street/Sidewalk,Street & Sidewalk,Firearm,,C
178126921,161022596,2022-06-11,Buffalo,NY0140100,13A,B,B,N,M,51,N,N,RU,Highway/Road/Alley/Street/Sidewalk,Street & Sidewalk,Knife/Cutting Instrument,,C
178126922,161022596,2022-06-11,Buffalo,NY0140100,13A,B,B,N,M,20,N,N,RU,Highway/Road/Alley/Street/Sidewalk,Street & Sidewalk,Knife/Cutting Instrument,,C
178126923,161022596,2022-06-11,Buffalo,NY0140100,13A,B,B,N,M,30,R,N,RU,Highway/Road/Alley/Street/Sidewalk,Street & Sidewalk,Knife/Cutting Instrument,,C
178126937,161022610,2022-06-11,Buffalo,NY0140100,13A,B,B,N,M,32,R,N,,Highway/Road/Alley/Street/Sidewalk,Street & Sidewalk,Firearm,Possible Internal Injury,C
178126945,161022617,2022-06-11,Buffalo,NY0140100,13A,W,W,N,M,53,R,N,RU,Highway/Road/Alley/Street/Sidewalk,Street & Sidewalk,Rifle,,C
178127730,161023303,2022-06-12,Buffalo,NY0140100,13A,B,B,N,M,28,R,N,RU,Highway/Road/Alley/Street/Sidewalk,Street & Sidewalk,Motor Vehicle/Vessel,Minor Injury,C
178127922,161023473,2022-06-12,Buffalo,NY0140100,13A,B,B,N,F,43,R,Y,XS,Residence/Home,Home,Knife/Cutting Instrument,,C
178128987,161024402,2022-06-12,Buffalo,NY0140100,13A,W,W,N,M,23,R,N,RU,Highway/Road/Alley/Street/Sidewalk,Street & Sidewalk,Handgun,,C
178129045,161024457,2022-06-12,Buffalo,NY0140100,13A,B,B,N,F,33,R,N,RU,Highway/Road/Alley/Street/Sidewalk,Street & Sidewalk,Firearm,,C
178135645,161030301,2022-06-12,Buffalo,NY0140100,13A,B,B,N,M,22,R,N,RU,Restaurant,Restaurant,Firearm,,C
178125857,161021641,2022-06-13,Buffalo,NY0140100,13A,W,W,N,F,36,R,Y,XS,Residence/Home,Home,Personal Weapons,Minor Injury;Possible Internal Injury,C
178128785,161024226,2022-06-13,Buffalo,NY0140100,13A,B,B,U,F,,R,N,,Residence/Home,Home,Blunt Object,Minor Injury,C
178129950,161025260,2022-06-13,Buffalo,NY0140100,13A,B,B,N,M,50,R,N,,Residence/Home,Home,Firearm,Possible Internal Injury,C
178129951,161025260,2022-06-13,Buffalo,NY0140100,13A,B,B,N,M,47,R,N,,Residence/Home,Home,Firearm,Possible Internal Injury,C
178130002,161025304,2022-06-13,Buffalo,NY0140100,13A,B,B,N,M,35,R,N,,Highway/Road/Alley/Street/Sidewalk,Street & Sidewalk,Firearm,Possible Internal Injury,C
178103645,161002021,2022-06-14,Buffalo,NY0140100,13A,W,W,N,F,33,R,N,RU,Residence/Home,Home,Knife/Cutting Instrument;Personal Weapons,Minor Injury,C
178104145,161002469,2022-06-14,Buffalo,NY0140100,13A,H,W,H,M,22,R,N,,Department/Discount Store,Department Store,Firearm,,C
178105654,161003827,2022-06-14,Buffalo,NY0140100,13A,B,B,N,M,41,R,N,,Highway/Road/Alley/Street/Sidewalk,Street & Sidewalk,Blunt Object,Minor Injury,C
178106027,161004173,2022-06-15,Buffalo,NY0140100,13A,B,B,N,M,63,R,N,RU,Residence/Home,Home,Knife/Cutting Instrument,,C
178125575,161021390,2022-06-15,Buffalo,NY0140100,13A,W,W,N,F,42,R,N,RU,Residence/Home,Home,Blunt Object,Minor Injury,C
178125580,161021395,2022-06-15,Buffalo,NY0140100,13A,B,B,N,M,33,R,N,RU,Residence/Home,Home,Other,Minor Injury,C
178102326,161000823,2022-06-16,Buffalo,NY0140100,13A,W,W,N,M,,R,N,RU,Highway/Road/Alley/Street/Sidewalk,Street & Sidewalk,Knife/Cutting Instrument,,C
178102336,161000831,2022-06-16,Buffalo,NY0140100,13A,B,B,N,F,24,R,Y,BG,Park/Playground,Park & Playground,Motor Vehicle/Vessel,Possible Internal Injury,C
178125892,161021676,2022-06-16,Buffalo,NY0140100,13A,W,W,N,F,52,R,Y,XS,Highway/Road/Alley/Street/Sidewalk,Street & Sidewalk,Blunt Object,Minor Injury,C
178127948,161023497,2022-06-16,Buffalo,NY0140100,13A,B,B,N,M,22,R,N,RU,Highway/Road/Alley/Street/Sidewalk,Street & Sidewalk,Firearm,,C
178128926,161024348,2022-06-16,Buffalo,NY0140100,13A,W,W,N,M,24,R,N,RU,Other/Unknown,Other & Unknown,Other,,C
178128941,161024362,2022-06-16,Buffalo,NY0140100,13A,B,B,N,F,62,R,N,RU,Residence/Home,Home,Shotgun,,C
178102279,161000776,2022-06-17,Buffalo,NY0140100,13A,B,B,N,M,21,R,N,,Other/Unknown,Other & Unknown,Firearm,Other Major Injury;Severe Laceration,C
178102712,161001163,2022-06-17,Buffalo,NY0140100,13A,B,B,U,F,37,R,Y,BG,Residence/Home,Home,Blunt Object;Personal Weapons,Minor Injury;Possible Internal Injury,C
178103340,161001744,2022-06-17,Buffalo,NY0140100,13A,B,B,N,M,31,R,N,,Other/Unknown,Other & Unknown,Unknown,Minor Injury,C
182944485,165238952,2022-06-17,Buffalo,NY0140100,13A,B,B,N,M,24,R,Y,XS,Other/Unknown,Other & Unknown,Knife/Cutting Instrument,Severe Laceration,C
182944486,165238952,2022-06-17,Buffalo,NY0140100,13A,W,W,N,F,25,N,Y,XS,Other/Unknown,Other & Unknown,Knife/Cutting Instrument,,C
187673166,169360512,2022-06-17,Buffalo,NY0140100,13A,W,W,U,M,20,R,N,ST,Highway/Road/Alley/Street/Sidewalk,Street & Sidewalk,Motor Vehicle/Vessel,Other Major Injury;Unconscious,C
187673167,169360513,2022-06-17,Buffalo,NY0140100,13A,H,W,H,F,33,R,N,AQ,Residence/Home,Home,Firearm,,C
178103296,161001705,2022-06-18,Buffalo,NY0140100,13A,W,W,N,F,32,R,Y,BG,Residence/Home,Home,Knife/Cutting Instrument,,C
178103298,161001706,2022-06-18,Buffalo,NY0140100,13A,B,B,N,F,24,R,Y,XS,Highway/Road/Alley/Street/Sidewalk,Street & Sidewalk,Blunt Object;Personal Weapons,Minor Injury,C
178103347,161001751,2022-06-18,Buffalo,NY0140100,13A,W,W,N,M,33,R,N,,Park/Playground,Park & Playground,Knife/Cutting Instrument,Minor Injury,C
178103351,161001755,2022-06-18,Buffalo,NY0140100,13A,W,W,N,M,39,R,N,,Highway/Road/Alley/Street/Sidewalk,Street & Sidewalk,Knife/Cutting Instrument,Minor Injury,C
178103356,161001760,2022-06-18,Buffalo,NY0140100,13A,B,B,N,F,34,R,N,,Bar/Nightclub,Bar & Nightclub,Knife/Cutting Instrument,Minor Injury,C
178103361,161001765,2022-06-18,Buffalo,NY0140100,13A,B,B,N,F,26,R,Y,BG,Residence/Home,Home,Personal Weapons,Minor Injury,C
178103602,161001982,2022-06-18,Buffalo,NY0140100,13A,W,W,N,M,45,R,N,RU,Residence/Home,Home,Knife/Cutting Instrument,,C
178102234,161000733,2022-06-19,Buffalo,NY0140100,13A,B,B,N,M,30,R,Y,XS,Residence/Home,Home,Knife/Cutting Instrument,,C
178103908,161002258,2022-06-19,Buffalo,NY0140100,13A,B,B,N,M,29,R,N,,Highway/Road/Alley/Street/Sidewalk,Street & Sidewalk,Personal Weapons,Other Major Injury;Possible Internal Injury,C
178105646,161003819,2022-06-19,Buffalo,NY0140100,13A,W,W,N,M,18,R,N,,Highway/Road/Alley/Street/Sidewalk,Street & Sidewalk,Knife/Cutting Instrument,Severe Laceration,C
178105974,161004123,2022-06-19,Buffalo,NY0140100,13A,W,W,N,M,24,R,N,RU,Highway/Road/Alley/Street/Sidewalk,Street & Sidewalk,Blunt Object,Minor Injury,C
178105993,161004141,2022-06-19,Buffalo,NY0140100,13A,H,W,H,M,31,R,N,RU,Highway/Road/Alley/Street/Sidewalk,Street & Sidewalk,Firearm;Knife/Cutting Instrument,,C
178106278,161004406,2022-06-19,Buffalo,NY0140100,13A,W,W,N,F,32,R,Y,XS,Residence/Home,Home,Personal Weapons,Minor Injury,C
178106284,161004412,2022-06-19,Buffalo,NY0140100,13A,B,B,N,F,40,R,Y,XS,Residence/Home,Home,Knife/Cutting Instrument,,C
178106294,161004422,2022-06-19,Buffalo,NY0140100,13A,B,B,N,F,45,R,Y,BG,Residence/Home,Home,Knife/Cutting Instrument,,C
178433825,161295662,2022-06-19,Buffalo,NY0140100,13A,B,B,N,M,37,R,Y,BG,Residence/Home,Home,Knife/Cutting Instrument,Minor Injury,C
178102253,161000752,2022-06-20,Buffalo,NY0140100,13A,B,B,N,F,20,R,N,RU,Residence/Home,Home,Firearm,Minor Injury,C
178102260,161000759,2022-06-20,Buffalo,NY0140100,13A,W,W,N,M,34,N,N,,Highway/Road/Alley/Street/Sidewalk,Street & Sidewalk,Blunt Object,Severe Laceration,C
178244311,161127860,2022-06-20,Buffalo,NY0140100,13A,B,B,N,F,26,R,Y,XS,Residence/Home,Home,Personal Weapons,Minor Injury;Possible Internal Injury,C
178244315,161127864,2022-06-20,Buffalo,NY0140100,13A,B,B,N,F,23,R,N,RU,Residence/Home,Home,Handgun,,C
178102600,161001063,2022-06-21,Buffalo,NY0140100,13A,H,W,H,F,38,R,Y,BG,Residence/Home,Home,Knife/Cutting Instrument,,C
178104016,161002357,2022-06-21,Buffalo,NY0140100,13A,H,U,H,F,50,R,Y,XS,Residence/Home,Home,Knife/Cutting Instrument,,C
178104058,161002391,2022-06-21,Buffalo,NY0140100,13A,B,B,N,M,29,R,N,RU,Residence/Home,Home,Knife/Cutting Instrument,,C
178126245,161021998,2022-06-21,Buffalo,NY0140100,13A,B,B,N,F,37,R,N,RU,Residence/Home,Home,Shotgun,Minor Injury,C
178104458,161002738,2022-06-22,Buffalo,NY0140100,13A,W,W,N,F,36,R,Y,BG,Residence/Home,Home,Blunt Object;Personal Weapons,Minor Injury,C
178105661,161003834,2022-06-22,Buffalo,NY0140100,13A,B,B,N,M,36,R,N,RU,Highway/Road/Alley/Street/Sidewalk,Street & Sidewalk,Firearm,,C
178105747,161003912,2022-06-22,Buffalo,NY0140100,13A,B,B,N,F,19,R,N,,Highway/Road/Alley/Street/Sidewalk,Street & Sidewalk,Firearm,Other Major Injury,C
178105748,161003912,2022-06-22,Buffalo,NY0140100,13A,B,B,N,F,21,R,N,,Highway/Road/Alley/Street/Sidewalk,Street & Sidewalk,Firearm,Other Major Injury,C
178106307,161004435,2022-06-22,Buffalo,NY0140100,13A,B,B,N,M,41,R,N,,Parking/Drop Lot/Garage,Parking Lot,Firearm,Possible Internal Injury,C
178106309,161004437,2022-06-22,Buffalo,NY0140100,13A,B,B,N,M,27,R,N,,Highway/Road/Alley/Street/Sidewalk,Street & Sidewalk,Handgun,Apparent Broken Bones;Other Major Injury;Possible Internal Injury,C
178125551,161021366,2022-06-23,Buffalo,NY0140100,13A,H,W,H,F,44,R,N,RU,Residence/Home,Home,Blunt Object;Personal Weapons,,C
178125587,161021402,2022-06-23,Buffalo,NY0140100,13A,B,B,N,F,64,R,N,RU,Residence/Home,Home,Other,,C
178125858,161021642,2022-06-23,Buffalo,NY0140100,13A,W,W,U,F,33,R,N,,Highway/Road/Alley/Street/Sidewalk,Street & Sidewalk,Blunt Object;Poison,,C
178125862,161021646,2022-06-23,Buffalo,NY0140100,13A,W,W,N,M,27,N,N,RU,Residence/Home,Home,Blunt Object,Minor Injury,C
178126589,161022304,2022-06-23,Buffalo,NY0140100,13A,B,B,N,F,21,R,Y,XS,Residence/Home,Home,Firearm,,C
178099254,160998090,2022-06-24,Buffalo,NY0140100,13A,W,W,N,M,33,R,N,,Other/Unknown,Other & Unknown,Personal Weapons,Other Major Injury;Possible Internal Injury;Unconscious,C
178102316,161000813,2022-06-24,Buffalo,NY0140100,13A,W,W,N,M,43,R,N,RU,Convenience Store,Convenience Store,Firearm,,C
178102342,161000837,2022-06-25,Buffalo,NY0140100,13A,B,B,N,M,32,R,N,,Highway/Road/Alley/Street/Sidewalk,Street & Sidewalk,Firearm,Minor Injury;Possible Internal Injury,C
178102346,161000841,2022-06-25,Buffalo,NY0140100,13A,B,B,N,M,21,R,N,,Department/Discount Store,Department Store,Knife/Cutting Instrument,,C
178136609,161031168,2022-06-25,Buffalo,NY0140100,13A,B,B,N,F,33,R,N,RU,Park/Playground,Park & Playground,Handgun,Minor Injury,C
178248800,161131915,2022-06-25,Buffalo,NY0140100,13A,W,W,N,M,59,R,N,RU,Highway/Road/Alley/Street/Sidewalk,Street & Sidewalk,Blunt Object,Minor Injury,C
178102978,161001407,2022-06-26,Buffalo,NY0140100,13A,B,B,N,F,24,R,Y,XS,Highway/Road/Alley/Street/Sidewalk,Street & Sidewalk,Other,Minor Injury,C
178125627,161021434,2022-06-26,Buffalo,NY0140100,13A,B,B,N,M,62,R,N,RU,Residence/Home,Home,Firearm,,C
178125641,161021448,2022-06-26,Buffalo,NY0140100,13A,B,B,N,F,32,R,Y,XS,Residence/Home,Home,Firearm,,C
178125651,161021456,2022-06-26,Buffalo,NY0140100,13A,H,W,H,M,27,R,N,RU,Highway/Road/Alley/Street/Sidewalk,Street & Sidewalk,Knife/Cutting Instrument,Severe Laceration,C
178125653,161021458,2022-06-26,Buffalo,NY0140100,13A,W,W,N,M,28,R,N,RU,Residence/Home,Home,Personal Weapons,Minor Injury,C
178193852,161081941,2022-06-26,Buffalo,NY0140100,13A,B,B,N,M,59,R,N,RU,Residence/Home,Home,Knife/Cutting Instrument,,C
178194771,161082751,2022-06-26,Buffalo,NY0140100,13A,H,W,H,F,22,R,Y,BG,Residence/Home,Home,Blunt Object;Personal Weapons,Minor Injury,C
178104498,161002771,2022-06-27,Buffalo,NY0140100,13A,B,B,N,F,29,R,N,RU,Highway/Road/Alley/Street/Sidewalk,Street & Sidewalk,Knife/Cutting Instrument,,C
178125666,161021468,2022-06-27,Buffalo,NY0140100,13A,B,B,N,M,21,R,N,,Parking/Drop Lot/Garage,Parking Lot,Firearm,Possible Internal Injury,C
178125667,161021468,2022-06-27,Buffalo,NY0140100,13A,B,B,N,F,19,R,N,,Parking/Drop Lot/Garage,Parking Lot,Firearm,Possible Internal Injury,C
178125917,161021700,2022-06-27,Buffalo,NY0140100,13A,W,W,N,M,26,R,N,RU,Residence/Home,Home,Knife/Cutting Instrument,,C
178090800,160990755,2022-06-28,Buffalo,NY0140100,13A,B,B,N,F,16,U,N,RU,Park/Playground,Park & Playground,Personal Weapons,Other Major Injury,C
178102354,161000848,2022-06-28,Buffalo,NY0140100,13A,W,W,N,M,52,R,N,RU,Highway/Road/Alley/Street/Sidewalk,Street & Sidewalk,Knife/Cutting Instrument,,C
178102366,161000858,2022-06-28,Buffalo,NY0140100,13A,W,W,N,F,36,R,Y,XS,Highway/Road/Alley/Street/Sidewalk,Street & Sidewalk,Knife/Cutting Instrument,Severe Laceration,C
178103015,161001444,2022-06-28,Buffalo,NY0140100,13A,W,W,N,F,22,R,N,RU,Highway/Road/Alley/Street/Sidewalk,Street & Sidewalk,Firearm,,C
178103419,161001818,2022-06-28,Buffalo,NY0140100,13A,H,W,H,M,21,R,N,,Highway/Road/Alley/Street/Sidewalk,Street & Sidewalk,Firearm,Other Major Injury,C
178103688,161002058,2022-06-28,Buffalo,NY0140100,13A,U,U,U,M,,R,N,RU,Residence/Home,Home,Knife/Cutting Instrument,Minor Injury,C
178104631,161002888,2022-06-28,Buffalo,NY0140100,13A,B,B,N,M,26,R,N,,Grocery/Supermarket,Grocery Store,Firearm,Possible Internal Injury,C
178106107,161004247,2022-06-28,Buffalo,NY0140100,13A,B,B,N,M,38,N,N,RU,Residence/Home,Home,Firearm,Minor Injury,C
178433830,161295667,2022-06-28,Buffalo,NY0140100,13A,B,B,N,M,37,R,N,RU,Residence/Home,Home,Firearm,Possible Internal Injury,C
178433831,161295667,2022-06-28,Buffalo,NY0140100,13A,B,B,N,F,2,R,N,RU,Residence/Home,Home,Firearm,Possible Internal Injury,C
178106109,161004249,2022-06-29,Buffalo,NY0140100,13A,B,B,N,F,24,R,N,,Highway/Road/Alley/Street/Sidewalk,Street & Sidewalk,Firearm,Severe Laceration,C
178106118,161004256,2022-06-29,Buffalo,NY0140100,13A,B,B,N,M,59,R,N,RU,Residence/Home,Home,Firearm,,C
178126282,161022034,2022-06-29,Buffalo,NY0140100,13A,W,W,N,M,24,N,N,,Construction Site,Construction Site,Firearm,,C
178126292,161022044,2022-06-29,Buffalo,NY0140100,13A,B,B,N,M,20,R,N,,Highway/Road/Alley/Street/Sidewalk,Street & Sidewalk,Firearm,Other Major Injury;Possible Internal Injury,C
178126671,161022375,2022-06-29,Buffalo,NY0140100,13A,W,W,N,M,22,R,N,,Highway/Road/Alley/Street/Sidewalk,Street & Sidewalk,Handgun,Other Major Injury,C
178126694,161022397,2022-06-29,Buffalo,NY0140100,13A,B,B,N,F,13,R,N,RU,Highway/Road/Alley/Street/Sidewalk,Street & Sidewalk,Personal Weapons,Minor Injury,C
178126695,161022397,2022-06-29,Buffalo,NY0140100,13A,B,B,N,F,22,R,N,RU,Highway/Road/Alley/Street/Sidewalk,Street & Sidewalk,Personal Weapons,Minor Injury,C
178129197,161024595,2022-06-29,Buffalo,NY0140100,13A,B,B,N,M,25,R,N,RU,Residence/Home,Home,Shotgun,,C
187673177,169360522,2022-06-29,Buffalo,NY0140100,13A,W,W,N,F,21,R,Y,BG,Highway/Road/Alley/Street/Sidewalk,Street & Sidewalk,Personal Weapons,Minor Injury,C
178098815,160997702,2022-06-30,Buffalo,NY0140100,13A,W,W,N,F,28,R,N,RU,Highway/Road/Alley/Street/Sidewalk,Street & Sidewalk,Firearm,,C
178099246,160998083,2022-06-30,Buffalo,NY0140100,13A,B,B,N,F,59,R,N,RU,Highway/Road/Alley/Street/Sidewalk,Street & Sidewalk,Knife/Cutting Instrument,,C
178099247,160998083,2022-06-30,Buffalo,NY0140100,13A,B,B,N,F,40,R,N,RU,Highway/Road/Alley/Street/Sidewalk,Street & Sidewalk,Knife/Cutting Instrument,,C
178099784,160998552,2022-06-30,Buffalo,NY0140100,13A,B,B,N,F,45,R,N,RU,Residence/Home,Home,Firearm,,C
178099799,160998567,2022-06-30,Buffalo,NY0140100,13A,W,W,N,M,22,R,N,,Grocery/Supermarket,Grocery Store,Other,,C
178100243,160998959,2022-06-30,Buffalo,NY0140100,13A,B,B,N,M,54,R,N,,Highway/Road/Alley/Street/Sidewalk,Street & Sidewalk,Firearm,Other Major Injury;Possible Internal Injury,C
178100244,160998959,2022-06-30,Buffalo,NY0140100,13A,B,B,N,M,36,R,N,,Highway/Road/Alley/Street/Sidewalk,Street & Sidewalk,Firearm,Other Major Injury,C
178100287,160999000,2022-06-30,Buffalo,NY0140100,13A,H,W,H,M,20,R,N,RU,Highway/Road/Alley/Street/Sidewalk,Street & Sidewalk,Firearm,,C
178137538,161032002,2022-07-01,Buffalo,NY0140100,13A,B,B,N,F,20,R,N,RU,Residence/Home,Home,Firearm,,C
178133732,161028583,2022-07-02,Buffalo,NY0140100,13A,B,B,N,F,49,R,Y,XS,Residence/Home,Home,Personal Weapons,Minor Injury,C
178139331,161033609,2022-07-02,Buffalo,NY0140100,13A,W,W,N,M,33,R,N,,Highway/Road/Alley/Street/Sidewalk,Street & Sidewalk,Firearm,Possible Internal Injury;Severe Laceration,C
178433840,161295675,2022-07-02,Buffalo,NY0140100,13A,B,B,N,F,36,R,N,RU,Highway/Road/Alley/Street/Sidewalk,Street & Sidewalk,Knife/Cutting Instrument,,C
183659223,165860275,2022-07-02,Buffalo,NY0140100,13A,W,W,N,F,53,R,Y,XS,Residence/Home,Home,Personal Weapons,Minor Injury,C
178139351,161033627,2022-07-03,Buffalo,NY0140100,13A,W,W,N,F,21,R,Y,XS,Residence/Home,Home,Knife/Cutting Instrument,,C
178140300,161034459,2022-07-03,Buffalo,NY0140100,13A,B,B,N,F,33,R,N,RU,Residence/Home,Home,Personal Weapons,,C
178140671,161034792,2022-07-03,Buffalo,NY0140100,13A,B,B,N,M,24,R,N,,Highway/Road/Alley/Street/Sidewalk,Street & Sidewalk,Knife/Cutting Instrument,,C
178130807,161025993,2022-07-04,Buffalo,NY0140100,13A,B,B,N,M,23,R,N,,Highway/Road/Alley/Street/Sidewalk,Street & Sidewalk,Firearm,Possible Internal Injury,C
178130907,161026081,2022-07-04,Buffalo,NY0140100,13A,B,B,N,F,24,R,Y,XS,Highway/Road/Alley/Street/Sidewalk,Street & Sidewalk,Knife/Cutting Instrument,,C
178130918,161026091,2022-07-04,Buffalo,NY0140100,13A,W,W,N,M,30,R,N,,Parking/Drop Lot/Garage,Parking Lot,Firearm,,C
178130928,161026098,2022-07-04,Buffalo,NY0140100,13A,W,W,N,M,21,R,N,,Department/Discount Store,Department Store,Personal Weapons,Loss of Teeth;Other Major Injury,C
187635682,169327612,2022-07-04,Buffalo,NY0140100,13A,B,B,N,F,29,R,N,AQ,Highway/Road/Alley/Street/Sidewalk,Street & Sidewalk,Firearm,,C
187635683,169327612,2022-07-04,Buffalo,NY0140100,13A,B,B,N,F,28,N,Y,XS,Highway/Road/Alley/Street/Sidewalk,Street & Sidewalk,Firearm,,C
178132088,161027152,2022-07-05,Buffalo,NY0140100,13A,B,B,N,M,63,R,N,,Highway/Road/Alley/Street/Sidewalk,Street & Sidewalk,Firearm,Severe Laceration,C
178132140,161027202,2022-07-05,Buffalo,NY0140100,13A,B,B,N,F,47,R,N,RU,Residence/Home,Home,Firearm,Minor Injury,C
178133147,161028066,2022-07-05,Buffalo,NY0140100,13A,U,U,N,M,44,R,N,,Residence/Home,Home,Fire/Incendiary Device,Minor Injury,C
178210163,161096398,2022-07-05,Buffalo,NY0140100,13A,B,B,N,M,20,R,N,RU,Residence/Home,Home,Knife/Cutting Instrument,,C
178210168,161096403,2022-07-05,Buffalo,NY0140100,13A,W,W,N,M,21,R,Y,XS,Residence/Home,Home,Blunt Object,Minor Injury,C
178251914,161134798,2022-07-05,Buffalo,NY0140100,13A,B,B,N,F,28,R,Y,XS,Highway/Road/Alley/Street/Sidewalk,Street & Sidewalk,Firearm,,C
178251922,161134804,2022-07-05,Buffalo,NY0140100,13A,H,W,H,M,20,R,N,RU,Highway/Road/Alley/Street/Sidewalk,Street & Sidewalk,Firearm,Severe Laceration,C
178144815,161038501,2022-07-06,Buffalo,NY0140100,13A,B,B,N,F,10,R,N,RU,Highway/Road/Alley/Street/Sidewalk,Street & Sidewalk,Blunt Object,Other Major Injury,C
178210226,161096458,2022-07-06,Buffalo,NY0140100,13A,W,W,N,F,43,R,Y,BG,Residence/Home,Home,Knife/Cutting Instrument,,C
178210229,161096461,2022-07-06,Buffalo,NY0140100,13A,B,B,N,M,49,R,Y,BG,Residence/Home,Home,Knife/Cutting Instrument,Minor Injury,C
178147449,161040882,2022-07-07,Buffalo,NY0140100,13A,B,B,N,F,36,N,N,RU,Highway/Road/Alley/Street/Sidewalk,Street & Sidewalk,Firearm,,C
178147481,161040909,2022-07-07,Buffalo,NY0140100,13A,B,B,N,M,36,R,N,RU,Highway/Road/Alley/Street/Sidewalk,Street & Sidewalk,Handgun,Minor Injury,C
178143571,161037357,2022-07-08,Buffalo,NY0140100,13A,W,W,N,F,,R,N,RU,Residence/Home,Home,Knife/Cutting Instrument,,C
178143572,161037358,2022-07-08,Buffalo,NY0140100,13A,W,W,N,M,35,R,N,,Highway/Road/Alley/Street/Sidewalk,Street & Sidewalk,Knife/Cutting Instrument,,C
178143638,161037418,2022-07-08,Buffalo,NY0140100,13A,B,B,N,M,36,R,N,RU,Highway/Road/Alley/Street/Sidewalk,Street & Sidewalk,Handgun,,C
178143650,161037429,2022-07-08,Buffalo,NY0140100,13A,W,W,N,M,31,R,N,,Highway/Road/Alley/Street/Sidewalk,Street & Sidewalk,Handgun,,C
178143651,161037430,2022-07-08,Buffalo,NY0140100,13A,B,B,N,F,28,R,Y,XS,Highway/Road/Alley/Street/Sidewalk,Street & Sidewalk,Firearm,,C
178143653,161037432,2022-07-08,Buffalo,NY0140100,13A,B,B,N,F,21,R,Y,BG,Residence/Home,Home,Blunt Object;Personal Weapons,Minor Injury,C
178148382,161041743,2022-07-08,Buffalo,NY0140100,13A,B,B,N,F,30,R,Y,XS,Residence/Home,Home,Handgun,Minor Injury,C
178148385,161041746,2022-07-08,Buffalo,NY0140100,13A,B,B,N,F,24,R,Y,XS,Residence/Home,Home,Firearm;Personal Weapons,,C
178248872,161131982,2022-07-08,Buffalo,NY0140100,13A,B,B,N,F,30,R,Y,BG,Highway/Road/Alley/Street/Sidewalk,Street & Sidewalk,Personal Weapons,Minor Injury,C
178144419,161038131,2022-07-09,Buffalo,NY0140100,13A,B,B,N,F,24,N,Y,BG,Bar/Nightclub,Bar & Nightclub,Firearm,Minor Injury,C
178145712,161039317,2022-07-09,Buffalo,NY0140100,13A,B,B,N,F,38,R,Y,BG,Residence/Home,Home,Personal Weapons,Minor Injury,C
178147911,161041308,2022-07-11,Buffalo,NY0140100,13A,W,W,N,F,37,R,Y,BG,Residence/Home,Home,Knife/Cutting Instrument,Severe Laceration,C
178149137,161042401,2022-07-11,Buffalo,NY0140100,13A,B,B,N,M,19,R,Y,XS,Residence/Home,Home,Knife/Cutting Instrument,,C
178149138,161042401,2022-07-11,Buffalo,NY0140100,13A,B,B,N,F,17,R,N,RU,Residence/Home,Home,Knife/Cutting Instrument,,C
178149139,161042401,2022-07-11,Buffalo,NY0140100,13A,B,B,N,F,44,R,N,RU,Residence/Home,Home,Knife/Cutting Instrument,,C
178249879,161132934,2022-07-11,Buffalo,NY0140100,13A,B,B,N,M,34,N,N,RU,Highway/Road/Alley/Street/Sidewalk,Street & Sidewalk,Knife/Cutting Instrument,,C
178249895,161132948,2022-07-11,Buffalo,NY0140100,13A,B,B,N,F,49,R,N,,Highway/Road/Alley/Street/Sidewalk,Street & Sidewalk,Firearm,,C
182944647,165239104,2022-07-11,Buffalo,NY0140100,13A,B,B,N,F,24,R,Y,XS,Highway/Road/Alley/Street/Sidewalk,Street & Sidewalk,Personal Weapons,Minor Injury,C
178143028,161036859,2022-07-12,Buffalo,NY0140100,13A,B,B,N,M,14,R,N,,Highway/Road/Alley/Street/Sidewalk,Street & Sidewalk,Firearm,Possible Internal Injury,C
178143095,161036923,2022-07-12,Buffalo,NY0140100,13A,B,B,N,F,23,R,Y,XS,Highway/Road/Alley/Street/Sidewalk,Street & Sidewalk,Personal Weapons,Apparent Broken Bones,C
178144024,161037769,2022-07-12,Buffalo,NY0140100,13A,B,B,N,F,53,R,Y,BG,Residence/Home,Home,Firearm,,C
178245317,161128778,2022-07-12,Buffalo,NY0140100,13A,W,W,N,M,59,R,N,RU,Highway/Road/Alley/Street/Sidewalk,Street & Sidewalk,Knife/Cutting Instrument,,C
178144013,161037758,2022-07-13,Buffalo,NY0140100,13A,B,B,N,F,27,R,Y,BG,Residence/Home,Home,Personal Weapons,Unconscious,C
178144017,161037762,2022-07-13,Buffalo,NY0140100,13A,B,B,N,F,23,R,Y,BG,Residence/Home,Home,Firearm,,C
178145741,161039345,2022-07-13,Buffalo,NY0140100,13A,B,B,N,F,28,R,N,RU,Residence/Home,Home,Knife/Cutting Instrument,,C
178145772,161039371,2022-07-13,Buffalo,NY0140100,13A,B,B,N,F,35,R,N,RU,Residence/Home,Home,Knife/Cutting Instrument,,C
178145782,161039378,2022-07-13,Buffalo,NY0140100,13A,B,B,N,F,19,R,N,,Highway/Road/Alley/Street/Sidewalk,Street & Sidewalk,Other,,C
178245329,161128790,2022-07-13,Buffalo,NY0140100,13A,B,B,N,M,41,R,Y,XS,Residence/Home,Home,Knife/Cutting Instrument,,C
178146640,161040167,2022-07-14,Buffalo,NY0140100,13A,B,B,N,F,40,R,Y,XS,Residence/Home,Home,Personal Weapons,Minor Injury,C
178147091,161040560,2022-07-14,Buffalo,NY0140100,13A,W,W,N,M,67,N,N,,Residence/Home,Home,Knife/Cutting Instrument,,C
178147105,161040572,2022-07-14,Buffalo,NY0140100,13A,B,B,N,M,22,R,Y,BG,Highway/Road/Alley/Street/Sidewalk,Street & Sidewalk,Knife/Cutting Instrument,,C
178147169,161040630,2022-07-14,Buffalo,NY0140100,13A,B,B,N,M,29,R,N,,Highway/Road/Alley/Street/Sidewalk,Street & Sidewalk,Firearm,Severe Laceration,C
178392496,161258633,2022-07-14,Buffalo,NY0140100,13A,B,B,N,F,36,R,Y,XS,Residence/Home,Home,Knife/Cutting Instrument,,C
178147176,161040637,2022-07-15,Buffalo,NY0140100,13A,B,B,N,F,65,R,N,RU,Residence/Home,Home,Knife/Cutting Instrument,Severe Laceration,C
178147178,161040639,2022-07-15,Buffalo,NY0140100,13A,B,B,N,F,37,R,N,,Highway/Road/Alley/Street/Sidewalk,Street & Sidewalk,Firearm,Possible Internal Injury,C
178147420,161040857,2022-07-15,Buffalo,NY0140100,13A,B,B,N,F,29,R,Y,XS,Specialty Store,Specialty Store,Knife/Cutting Instrument,,C
178147925,161041321,2022-07-15,Buffalo,NY0140100,13A,B,B,N,M,27,R,N,,Highway/Road/Alley/Street/Sidewalk,Street & Sidewalk,Knife/Cutting Instrument,Severe Laceration,C
178147928,161041324,2022-07-15,Buffalo,NY0140100,13A,B,B,N,F,17,R,Y,XS,Highway/Road/Alley/Street/Sidewalk,Street & Sidewalk,Firearm;Personal Weapons,,C
178143573,161037359,2022-07-16,Buffalo,NY0140100,13A,B,B,N,M,57,R,N,RU,Residence/Home,Home,Knife/Cutting Instrument,,C
178143654,161037433,2022-07-16,Buffalo,NY0140100,13A,B,B,N,M,21,R,N,,Highway/Road/Alley/Street/Sidewalk,Street & Sidewalk,Blunt Object,Minor Injury,C
178148402,161041761,2022-07-16,Buffalo,NY0140100,13A,H,W,H,M,25,R,N,,Highway/Road/Alley/Street/Sidewalk,Street & Sidewalk,Blunt Object,Minor Injury,C
178148403,161041761,2022-07-16,Buffalo,NY0140100,13A,B,B,U,M,18,R,N,,Highway/Road/Alley/Street/Sidewalk,Street & Sidewalk,Blunt Object,Minor Injury,C
178149442,161042669,2022-07-16,Buffalo,NY0140100,13A,W,W,N,F,17,R,N,,Highway/Road/Alley/Street/Sidewalk,Street & Sidewalk,Knife/Cutting Instrument,Minor Injury,C
178249863,161132920,2022-07-16,Buffalo,NY0140100,13A,B,B,N,M,20,N,N,RU,Residence/Home,Home,Personal Weapons,Minor Injury,C
187673398,169360727,2022-07-16,Buffalo,NY0140100,13A,B,B,N,F,49,R,Y,BG;RU,Residence/Home,Home,Knife/Cutting Instrument,Minor Injury,C
178143643,161037422,2022-07-17,Buffalo,NY0140100,13A,B,B,N,M,34,R,N,,Highway/Road/Alley/Street/Sidewalk,Street & Sidewalk,Knife/Cutting Instrument,Severe Laceration,C
178249807,161132867,2022-07-17,Buffalo,NY0140100,13A,B,B,N,F,21,R,N,RU,Highway/Road/Alley/Street/Sidewalk,Street & Sidewalk,Knife/Cutting Instrument,Severe Laceration,C
178250470,161133479,2022-07-17,Buffalo,NY0140100,13A,W,W,N,F,36,R,N,RU,Residence/Home,Home,Knife/Cutting Instrument;Personal Weapons,Minor Injury,C
178147151,161040613,2022-07-18,Buffalo,NY0140100,13A,W,W,N,M,29,R,N,,Highway/Road/Alley/Street/Sidewalk,Street & Sidewalk,Firearm,,C
178147494,161040921,2022-07-18,Buffalo,NY0140100,13A,B,B,N,F,30,R,N,RU,Residence/Home,Home,Firearm;Personal Weapons,,C
178147499,161040926,2022-07-18,Buffalo,NY0140100,13A,W,W,U,M,28,R,N,,Residence/Home,Home,Firearm,Severe Laceration,C
178147500,161040926,2022-07-18,Buffalo,NY0140100,13A,W,W,N,F,36,R,N,,Residence/Home,Home,Firearm,Severe Laceration,C
178147505,161040931,2022-07-18,Buffalo,NY0140100,13A,B,B,N,M,16,R,N,RU,Highway/Road/Alley/Street/Sidewalk,Street & Sidewalk,Knife/Cutting Instrument,Severe Laceration,C
182944654,165239111,2022-07-18,Buffalo,NY0140100,13A,B,B,N,M,30,R,N,,Service/Gas Station,Gas Station,Personal Weapons,Minor Injury,C
178147520,161040943,2022-07-19,Buffalo,NY0140100,13A,B,B,N,F,43,R,N,,Residence/Home,Home,Other,Severe Laceration,C
178147888,161041286,2022-07-19,Buffalo,NY0140100,13A,B,B,N,F,22,R,Y,BG,Residence/Home,Home,Personal Weapons,Minor Injury,C
178147891,161041289,2022-07-19,Buffalo,NY0140100,13A,B,B,N,F,25,R,N,RU,Highway/Road/Alley/Street/Sidewalk,Street & Sidewalk,Personal Weapons,Other Major Injury,C
178147936,161041332,2022-07-19,Buffalo,NY0140100,13A,W,W,N,M,30,R,N,,Residence/Home,Home,Firearm,,C
178148872,161042164,2022-07-19,Buffalo,NY0140100,13A,B,B,N,F,29,R,N,RU,Highway/Road/Alley/Street/Sidewalk,Street & Sidewalk,Knife/Cutting Instrument,Severe Laceration,C
178148873,161042164,2022-07-19,Buffalo,NY0140100,13A,B,B,N,F,33,R,Y,XS,Highway/Road/Alley/Street/Sidewalk,Street & Sidewalk,Knife/Cutting Instrument,,C
178148874,161042165,2022-07-19,Buffalo,NY0140100,13A,B,B,N,M,33,R,N,RU,Residence/Home,Home,Blunt Object,Minor Injury,C
178148876,161042167,2022-07-19,Buffalo,NY0140100,13A,B,B,N,F,33,R,Y,XS,Residence/Home,Home,Knife/Cutting Instrument,,C
178148877,161042167,2022-07-19,Buffalo,NY0140100,13A,B,B,N,F,29,R,N,RU,Residence/Home,Home,Knife/Cutting Instrument,Severe Laceration,C
178149143,161042404,2022-07-19,Buffalo,NY0140100,13A,W,W,N,M,39,U,N,,Highway/Road/Alley/Street/Sidewalk,Street & Sidewalk,Knife/Cutting Instrument;Personal Weapons,Other Major Injury,C
178144439,161038151,2022-07-20,Buffalo,NY0140100,13A,B,B,N,M,24,R,N,,Highway/Road/Alley/Street/Sidewalk,Street & Sidewalk,Firearm,Possible Internal Injury,C
178149498,161042724,2022-07-20,Buffalo,NY0140100,13A,B,B,N,F,21,R,Y,BG,Residence/Home,Home,Personal Weapons,Minor Injury,C
178149505,161042731,2022-07-20,Buffalo,NY0140100,13A,B,B,N,F,27,R,N,,Highway/Road/Alley/Street/Sidewalk,Street & Sidewalk,Firearm,Severe Laceration,C
178209460,161095755,2022-07-21,Buffalo,NY0140100,13A,B,B,N,F,30,R,Y,XS,Highway/Road/Alley/Street/Sidewalk,Street & Sidewalk,Firearm,,C
178249813,161132873,2022-07-21,Buffalo,NY0140100,13A,B,B,N,F,56,R,Y,BG,Residence/Home,Home,Personal Weapons,Minor Injury,C
178432947,161294847,2022-07-21,Buffalo,NY0140100,13A,B,B,N,F,33,R,Y,XS,Residence/Home,Home,Handgun,,C
178146749,161040266,2022-07-22,Buffalo,NY0140100,13A,B,B,N,M,31,R,N,,Highway/Road/Alley/Street/Sidewalk,Street & Sidewalk,Firearm,Other Major Injury,C
178146750,161040266,2022-07-22,Buffalo,NY0140100,13A,B,B,N,M,37,R,N,,Highway/Road/Alley/Street/Sidewalk,Street & Sidewalk,Firearm,Other Major Injury,C
178146752,161040268,2022-07-22,Buffalo,NY0140100,13A,B,B,N,F,35,R,Y,BG,Residence/Home,Home,Knife/Cutting Instrument,Minor Injury,C
178146753,161040269,2022-07-22,Buffalo,NY0140100,13A,W,W,N,F,32,R,N,RU,Residence/Home,Home,Firearm,,C
178147209,161040666,2022-07-22,Buffalo,NY0140100,13A,W,W,N,M,42,R,N,,Convenience Store,Convenience Store,Blunt Object,Minor Injury,C
178195396,161083316,2022-07-22,Buffalo,NY0140100,13A,B,B,N,F,40,R,Y,XS,Residence/Home,Home,Personal Weapons,,C
178195426,161083345,2022-07-22,Buffalo,NY0140100,13A,B,B,N,F,30,R,N,,Residence/Home,Home,Knife/Cutting Instrument,Severe Laceration,C
178432962,161294859,2022-07-22,Buffalo,NY0140100,13A,H,W,H,F,42,R,N,RU,Residence/Home,Home,Other;Personal Weapons,Minor Injury,C
178147215,161040669,2022-07-23,Buffalo,NY0140100,13A,B,B,N,M,19,R,N,,Residence/Home,Home,Firearm,Other Major Injury,C
178147968,161041363,2022-07-23,Buffalo,NY0140100,13A,B,B,N,M,60,R,N,RU,Residence/Home,Home,Knife/Cutting Instrument,,C
178147983,161041377,2022-07-23,Buffalo,NY0140100,13A,B,B,N,F,31,N,Y,XS,Highway/Road/Alley/Street/Sidewalk,Street & Sidewalk,Shotgun,,C
178148477,161041829,2022-07-23,Buffalo,NY0140100,13A,W,W,N,F,30,R,Y,BG,Residence/Home,Home,Other,Minor Injury,C
178143116,161036942,2022-07-24,Buffalo,NY0140100,13A,B,B,N,F,27,R,Y,BG,Residence/Home,Home,Other;Personal Weapons,Minor Injury,C
178148486,161041838,2022-07-24,Buffalo,NY0140100,13A,B,B,N,F,44,R,N,RU,Highway/Road/Alley/Street/Sidewalk,Street & Sidewalk,Shotgun,,C
178149163,161042423,2022-07-24,Buffalo,NY0140100,13A,W,W,N,F,31,R,N,,Restaurant,Restaurant,Knife/Cutting Instrument;Personal Weapons,,C
178149509,161042735,2022-07-24,Buffalo,NY0140100,13A,B,B,N,F,35,R,N,,Highway/Road/Alley/Street/Sidewalk,Street & Sidewalk,Handgun,Other Major Injury;Severe Laceration,C
178249957,161133005,2022-07-24,Buffalo,NY0140100,13A,W,W,N,M,41,R,N,RU,Residence/Home,Home,Knife/Cutting Instrument,,C
178252351,161135197,2022-07-24,Buffalo,NY0140100,13A,W,W,N,M,29,N,N,RU,Residence/Home,Home,Firearm,,C
178144060,161037802,2022-07-25,Buffalo,NY0140100,13A,W,W,N,F,56,R,N,RU,Parking/Drop Lot/Garage,Parking Lot,Knife/Cutting Instrument,,C
178144112,161037850,2022-07-25,Buffalo,NY0140100,13A,H,W,H,F,18,R,Y,BG,Residence/Home,Home,Personal Weapons,Minor Injury,C
178144589,161038291,2022-07-25,Buffalo,NY0140100,13A,B,B,N,F,61,R,N,RU,Residence/Home,Home,Firearm,,C
178149586,161042807,2022-07-25,Buffalo,NY0140100,13A,B,B,N,F,32,R,N,RU,Highway/Road/Alley/Street/Sidewalk,Street & Sidewalk,Knife/Cutting Instrument,,C
178252357,161135202,2022-07-25,Buffalo,NY0140100,13A,B,B,N,F,47,R,N,RU,Residence/Home,Home,Blunt Object;Personal Weapons,Minor Injury,C
178144483,161038194,2022-07-26,Buffalo,NY0140100,13A,B,B,N,F,53,R,N,RU,Residence/Home,Home,Knife/Cutting Instrument,,C
178146402,161039950,2022-07-26,Buffalo,NY0140100,13A,B,B,N,M,22,R,Y,XS,Residence/Home,Home,Knife/Cutting Instrument,Minor Injury,C
178147566,161040987,2022-07-26,Buffalo,NY0140100,13A,B,B,N,M,39,R,Y,XS,Residence/Home,Home,Knife/Cutting Instrument,,C
178148531,161041876,2022-07-26,Buffalo,NY0140100,13A,H,W,H,F,29,R,N,RU,Service/Gas Station,Gas Station,Firearm,Minor Injury,C
178249816,161132876,2022-07-26,Buffalo,NY0140100,13A,B,B,N,F,39,N,Y,XS,Residence/Home,Home,Knife/Cutting Instrument,Minor Injury,C
183659247,165860297,2022-07-26,Buffalo,NY0140100,13A,H,W,H,F,27,R,Y,XS,Residence/Home,Home,Handgun,,C
187673403,169360730,2022-07-26,Buffalo,NY0140100,13A,B,B,N,F,53,R,N,OF,Residence/Home,Home,Blunt Object,,C
187673404,169360731,2022-07-26,Buffalo,NY0140100,13A,W,W,N,M,18,R,N,,Highway/Road/Alley/Street/Sidewalk,Street & Sidewalk,Knife/Cutting Instrument,,C
178143747,161037521,2022-07-27,Buffalo,NY0140100,13A,W,W,N,F,39,R,N,RU,Residence/Home,Home,Knife/Cutting Instrument,,C
178144965,161038633,2022-07-27,Buffalo,NY0140100,13A,W,W,N,F,21,N,N,RU,Highway/Road/Alley/Street/Sidewalk,Street & Sidewalk,Blunt Object,,C
178145940,161039524,2022-07-27,Buffalo,NY0140100,13A,B,B,N,F,59,R,Y,XS,Highway/Road/Alley/Street/Sidewalk,Street & Sidewalk,Firearm,,C
178146784,161040297,2022-07-27,Buffalo,NY0140100,13A,B,B,N,F,31,R,N,,Highway/Road/Alley/Street/Sidewalk,Street & Sidewalk,Firearm,,C
178146786,161040299,2022-07-27,Buffalo,NY0140100,13A,H,W,H,F,23,R,N,RU,Highway/Road/Alley/Street/Sidewalk,Street & Sidewalk,Knife/Cutting Instrument,,C
178146787,161040299,2022-07-27,Buffalo,NY0140100,13A,H,W,H,F,24,N,N,RU,Highway/Road/Alley/Street/Sidewalk,Street & Sidewalk,Knife/Cutting Instrument,,C
178148543,161041883,2022-07-27,Buffalo,NY0140100,13A,B,B,N,M,31,R,N,RU,Residence/Home,Home,Knife/Cutting Instrument,Severe Laceration,C
178149166,161042426,2022-07-27,Buffalo,NY0140100,13A,W,W,N,F,41,N,N,,Highway/Road/Alley/Street/Sidewalk,Street & Sidewalk,Knife/Cutting Instrument,Minor Injury,C
178142475,161036352,2022-07-28,Buffalo,NY0140100,13A,H,W,H,M,27,R,N,,Highway/Road/Alley/Street/Sidewalk,Street & Sidewalk,Knife/Cutting Instrument,Severe Laceration,C
178144494,161038204,2022-07-28,Buffalo,NY0140100,13A,B,B,N,F,38,N,N,RU,Highway/Road/Alley/Street/Sidewalk,Street & Sidewalk,Knife/Cutting Instrument,,C
178147619,161041040,2022-07-28,Buffalo,NY0140100,13A,B,B,N,F,34,R,Y,XS,Highway/Road/Alley/Street/Sidewalk,Street & Sidewalk,Knife/Cutting Instrument,,C
178145798,161039393,2022-07-29,Buffalo,NY0140100,13A,W,W,N,M,31,N,N,RU,Park/Playground,Park & Playground,Blunt Object,Severe Laceration,C
178145803,161039398,2022-07-29,Buffalo,NY0140100,13A,B,B,U,M,35,N,N,,Highway/Road/Alley/Street/Sidewalk,Street & Sidewalk,Firearm,,C
178145806,161039401,2022-07-29,Buffalo,NY0140100,13A,B,B,N,F,40,R,Y,XS,Residence/Home,Home,Firearm,,C
187673406,169360733,2022-07-29,Buffalo,NY0140100,13A,B,B,N,M,63,R,N,AQ,Residence/Home,Home,Knife/Cutting Instrument;Personal Weapons,,C
178146248,161039807,2022-07-30,Buffalo,NY0140100,13A,B,B,N,M,20,R,N,RU,Highway/Road/Alley/Street/Sidewalk,Street & Sidewalk,Other,,C
178146249,161039807,2022-07-30,Buffalo,NY0140100,13A,B,B,N,M,17,R,N,RU,Highway/Road/Alley/Street/Sidewalk,Street & Sidewalk,Other,,C
178147550,161040972,2022-07-30,Buffalo,NY0140100,13A,B,B,N,M,49,R,N,,Highway/Road/Alley/Street/Sidewalk,Street & Sidewalk,Personal Weapons,Apparent Broken Bones;Loss of Teeth,C
178147552,161040974,2022-07-30,Buffalo,NY0140100,13A,H,W,H,M,29,R,N,,Highway/Road/Alley/Street/Sidewalk,Street & Sidewalk,Knife/Cutting Instrument;Personal Weapons,Minor Injury;Possible Internal Injury,C
178147560,161040982,2022-07-30,Buffalo,NY0140100,13A,B,B,N,F,29,R,Y,XS,Highway/Road/Alley/Street/Sidewalk,Street & Sidewalk,Shotgun,,C
178149148,161042409,2022-07-30,Buffalo,NY0140100,13A,B,B,N,M,62,R,N,,Highway/Road/Alley/Street/Sidewalk,Street & Sidewalk,Firearm,Minor Injury,C
178251108,161134062,2022-07-30,Buffalo,NY0140100,13A,B,B,N,F,35,R,Y,XS,Highway/Road/Alley/Street/Sidewalk,Street & Sidewalk,Knife/Cutting Instrument,,C
183095460,165371990,2022-07-30,Buffalo,NY0140100,13A,W,W,N,M,50,R,N,,Other/Unknown,Other & Unknown,Knife/Cutting Instrument,,C
178147969,161041364,2022-07-31,Buffalo,NY0140100,13A,W,W,N,F,24,R,N,,Bar/Nightclub,Bar & Nightclub,Blunt Object,Possible Internal Injury,C
178147981,161041375,2022-07-31,Buffalo,NY0140100,13A,B,B,N,M,28,R,N,,Highway/Road/Alley/Street/Sidewalk,Street & Sidewalk,Personal Weapons,Possible Internal Injury,C
178148481,161041833,2022-07-31,Buffalo,NY0140100,13A,B,B,N,F,20,R,Y,XS,Highway/Road/Alley/Street/Sidewalk,Street & Sidewalk,Firearm,,C
178148507,161041858,2022-07-31,Buffalo,NY0140100,13A,B,B,N,M,14,R,N,RU,Highway/Road/Alley/Street/Sidewalk,Street & Sidewalk,Knife/Cutting Instrument,Minor Injury,C
178148522,161041869,2022-07-31,Buffalo,NY0140100,13A,B,B,N,F,41,R,N,,Highway/Road/Alley/Street/Sidewalk,Street & Sidewalk,Firearm,,C
178148523,161041869,2022-07-31,Buffalo,NY0140100,13A,B,B,N,F,19,R,N,,Highway/Road/Alley/Street/Sidewalk,Street & Sidewalk,Firearm,,C
178149116,161042381,2022-07-31,Buffalo,NY0140100,13A,W,W,N,M,27,R,N,RU,Bar/Nightclub,Bar & Nightclub,Personal Weapons,Minor Injury;Possible Internal Injury,C
178250684,161133678,2022-07-31,Buffalo,NY0140100,13A,B,B,N,F,42,R,N,RU,Residence/Home,Home,Firearm,,C
178252377,161135219,2022-07-31,Buffalo,NY0140100,13A,B,B,N,F,21,R,N,RU,Highway/Road/Alley/Street/Sidewalk,Street & Sidewalk,Firearm,,C
183095469,165371999,2022-07-31,Buffalo,NY0140100,13A,B,B,N,M,15,R,N,ST,Highway/Road/Alley/Street/Sidewalk,Street & Sidewalk,Other,,C
183095470,165371999,2022-07-31,Buffalo,NY0140100,13A,B,B,N,M,14,R,N,ST,Highway/Road/Alley/Street/Sidewalk,Street & Sidewalk,Other,,C
183095471,165371999,2022-07-31,Buffalo,NY0140100,13A,B,B,N,M,14,R,N,NE,Highway/Road/Alley/Street/Sidewalk,Street & Sidewalk,Other,,C
183095472,165371999,2022-07-31,Buffalo,NY0140100,13A,B,B,N,M,14,R,N,ST,Highway/Road/Alley/Street/Sidewalk,Street & Sidewalk,Other,,C
178394918,161260894,2022-08-01,Buffalo,NY0140100,13A,H,W,H,F,37,R,N,RU,Industrial Site,Industrial Site,Personal Weapons,Minor Injury;Unconscious,C
183659257,165860306,2022-08-01,Buffalo,NY0140100,13A,B,B,N,F,60,R,N,AQ;RU,Residence/Home,Home,Knife/Cutting Instrument,,C
187681688,169368132,2022-08-01,Buffalo,NY0140100,13A,B,B,N,M,37,R,N,SB,Highway/Road/Alley/Street/Sidewalk,Street & Sidewalk,Knife/Cutting Instrument,Severe Laceration,C
178251080,161134036,2022-08-02,Buffalo,NY0140100,13A,B,B,N,M,36,R,N,,Bar/Nightclub,Bar & Nightclub,Firearm,Other Major Injury,C
178393024,161259110,2022-08-02,Buffalo,NY0140100,13A,B,B,U,M,21,R,N,,Highway/Road/Alley/Street/Sidewalk,Street & Sidewalk,Firearm,Severe Laceration,C
178395359,161261308,2022-08-02,Buffalo,NY0140100,13A,B,B,N,F,35,R,Y,XS,Residence/Home,Home,Knife/Cutting Instrument,,C
178396643,161262404,2022-08-02,Buffalo,NY0140100,13A,W,W,N,M,39,N,N,RU,Specialty Store,Specialty Store,Knife/Cutting Instrument,Minor Injury,C
178396649,161262409,2022-08-02,Buffalo,NY0140100,13A,W,W,N,M,40,R,Y,BG,Residence/Home,Home,Knife/Cutting Instrument,Minor Injury,C
178396685,161262444,2022-08-02,Buffalo,NY0140100,13A,B,B,N,F,47,R,N,RU,Highway/Road/Alley/Street/Sidewalk,Street & Sidewalk,Firearm,,C
182944804,165239238,2022-08-02,Buffalo,NY0140100,13A,B,B,N,M,18,R,N,AQ,Park/Playground,Park & Playground,Blunt Object,Minor Injury;Possible Internal Injury,C
178250612,161133610,2022-08-03,Buffalo,NY0140100,13A,W,W,N,M,53,R,N,RU,Highway/Road/Alley/Street/Sidewalk,Street & Sidewalk,Personal Weapons,Minor Injury,C
178250625,161133622,2022-08-03,Buffalo,NY0140100,13A,B,B,N,M,37,R,N,RU,Convenience Store,Convenience Store,Knife/Cutting Instrument,,C
178252229,161135083,2022-08-03,Buffalo,NY0140100,13A,H,W,H,M,38,N,N,,Highway/Road/Alley/Street/Sidewalk,Street & Sidewalk,Knife/Cutting Instrument,Severe Laceration,C
178393224,161259291,2022-08-03,Buffalo,NY0140100,13A,W,W,N,M,46,R,N,RU,Highway/Road/Alley/Street/Sidewalk,Street & Sidewalk,Knife/Cutting Instrument,Minor Injury,C
178433038,161294930,2022-08-03,Buffalo,NY0140100,13A,B,B,N,M,49,R,N,RU,Residence/Home,Home,Blunt Object,Minor Injury,C
178393227,161259294,2022-08-04,Buffalo,NY0140100,13A,W,W,N,F,43,R,N,RU,Residence/Home,Home,Personal Weapons,Loss of Teeth;Other Major Injury;Possible Internal Injury;Severe Laceration;Unconscious,C
178393228,161259295,2022-08-04,Buffalo,NY0140100,13A,B,B,N,M,44,R,N,,Residence/Home,Home,Firearm,,C
178393962,161259971,2022-08-04,Buffalo,NY0140100,13A,B,B,N,M,64,R,N,RU,Residence/Home,Home,Knife/Cutting Instrument,Severe Laceration,C
178395197,161261158,2022-08-04,Buffalo,NY0140100,13A,B,B,N,M,54,R,N,,Highway/Road/Alley/Street/Sidewalk,Street & Sidewalk,Firearm,Apparent Broken Bones;Other Major Injury,C
178210859,161097022,2022-08-05,Buffalo,NY0140100,13A,B,B,N,M,58,R,N,,Highway/Road/Alley/Street/Sidewalk,Street & Sidewalk,Firearm,,C
178211605,161097720,2022-08-05,Buffalo,NY0140100,13A,W,W,N,M,13,R,N,,Park/Playground,Park & Playground,Firearm,Minor Injury,C
178243981,161127562,2022-08-05,Buffalo,NY0140100,13A,B,B,N,M,24,R,N,,Park/Playground,Park & Playground,Personal Weapons,Minor Injury,C
178433045,161294936,2022-08-05,Buffalo,NY0140100,13A,W,W,N,M,74,R,N,RU,Residence/Home,Home,Blunt Object,,C
178433046,161294937,2022-08-05,Buffalo,NY0140100,13A,W,W,N,F,26,N,N,RU,Highway/Road/Alley/Street/Sidewalk,Street & Sidewalk,Knife/Cutting Instrument,Minor Injury,C
178211576,161097696,2022-08-06,Buffalo,NY0140100,13A,B,B,N,M,31,R,N,,Residence/Home,Home,Handgun,Other Major Injury;Severe Laceration,C
178396864,161262609,2022-08-06,Buffalo,NY0140100,13A,H,W,H,F,21,N,N,RU,Highway/Road/Alley/Street/Sidewalk,Street & Sidewalk,Knife/Cutting Instrument,,C
178396867,161262612,2022-08-06,Buffalo,NY0140100,13A,B,B,N,F,33,R,Y,XS,Residence/Home,Home,Knife/Cutting Instrument,,C
178433095,161294983,2022-08-06,Buffalo,NY0140100,13A,B,B,N,M,26,R,N,,Highway/Road/Alley/Street/Sidewalk,Street & Sidewalk,Knife/Cutting Instrument,Minor Injury,C
178234095,161118593,2022-08-07,Buffalo,NY0140100,13A,B,B,N,F,20,R,N,RU,Residence/Home,Home,Knife/Cutting Instrument,Severe Laceration,C
178234096,161118594,2022-08-07,Buffalo,NY0140100,13A,B,B,N,M,17,N,N,,Highway/Road/Alley/Street/Sidewalk,Street & Sidewalk,Blunt Object,Minor Injury,C
178236053,161120339,2022-08-07,Buffalo,NY0140100,13A,B,B,N,F,21,R,N,RU,Residence/Home,Home,Knife/Cutting Instrument,Minor Injury,C
178236064,161120349,2022-08-07,Buffalo,NY0140100,13A,B,B,N,M,37,R,N,,Highway/Road/Alley/Street/Sidewalk,Street & Sidewalk,Knife/Cutting Instrument,Minor Injury,C
178237596,161121775,2022-08-07,Buffalo,NY0140100,13A,W,W,N,F,30,R,Y,XS,Residence/Home,Home,Knife/Cutting Instrument,Severe Laceration,C
178243278,161126933,2022-08-07,Buffalo,NY0140100,13A,W,W,N,M,36,R,N,,Highway/Road/Alley/Street/Sidewalk,Street & Sidewalk,Personal Weapons,Minor Injury,C
178433098,161294986,2022-08-07,Buffalo,NY0140100,13A,H,W,H,M,35,R,N,RU,Highway/Road/Alley/Street/Sidewalk,Street & Sidewalk,Firearm,Other Major Injury;Severe Laceration,C
178237566,161121745,2022-08-08,Buffalo,NY0140100,13A,B,B,N,F,40,R,N,RU,Government/Public Building,Government Building,Personal Weapons,Severe Laceration,C
178243259,161126916,2022-08-08,Buffalo,NY0140100,13A,B,B,N,F,25,N,Y,XS,Highway/Road/Alley/Street/Sidewalk,Street & Sidewalk,Firearm,Minor Injury,C
183659669,165860669,2022-08-08,Buffalo,NY0140100,13A,W,W,N,M,,R,N,RU;ST,Service/Gas Station,Gas Station,Knife/Cutting Instrument,,C
178243487,161127109,2022-08-09,Buffalo,NY0140100,13A,B,B,N,F,37,R,N,RU,Residence/Home,Home,Personal Weapons,,C
178243512,161127133,2022-08-09,Buffalo,NY0140100,13A,B,B,N,M,46,R,N,,Highway/Road/Alley/Street/Sidewalk,Street & Sidewalk,Firearm,Other Major Injury,C
178395301,161261254,2022-08-09,Buffalo,NY0140100,13A,B,B,N,F,27,R,N,,Highway/Road/Alley/Street/Sidewalk,Street & Sidewalk,Firearm,Possible Internal Injury;Severe Laceration;Unconscious,C
178395302,161261254,2022-08-09,Buffalo,NY0140100,13A,B,B,N,M,57,R,N,,Highway/Road/Alley/Street/Sidewalk,Street & Sidewalk,Firearm,Possible Internal Injury;Severe Laceration;Unconscious,C
178396647,161262408,2022-08-10,Buffalo,NY0140100,13A,B,B,N,M,34,R,N,RU,Residence/Home,Home,Knife/Cutting Instrument,,C
178396653,161262413,2022-08-10,Buffalo,NY0140100,13A,B,B,N,M,36,R,N,,Highway/Road/Alley/Street/Sidewalk,Street & Sidewalk,Knife/Cutting Instrument,Severe Laceration,C
178396861,161262606,2022-08-10,Buffalo,NY0140100,13A,B,B,U,M,47,R,N,RU,Other/Unknown,Other & Unknown,Blunt Object,Minor Injury,C
178250573,161133575,2022-08-11,Buffalo,NY0140100,13A,W,W,N,F,22,R,N,RU,Highway/Road/Alley/Street/Sidewalk,Street & Sidewalk,Other,Minor Injury,C
178251081,161134037,2022-08-11,Buffalo,NY0140100,13A,B,B,N,F,21,R,Y,BG,Residence/Home,Home,Firearm,Other Major Injury,C
178392917,161259008,2022-08-11,Buffalo,NY0140100,13A,B,B,N,M,43,R,Y,BG,Highway/Road/Alley/Street/Sidewalk,Street & Sidewalk,Knife/Cutting Instrument,Minor Injury,C
178393229,161259296,2022-08-12,Buffalo,NY0140100,13A,B,B,N,F,29,R,N,RU,Highway/Road/Alley/Street/Sidewalk,Street & Sidewalk,Firearm,,C
178393971,161259980,2022-08-12,Buffalo,NY0140100,13A,I,I,N,M,35,R,N,RU,Liquor Store,Liquor Store,Blunt Object;Personal Weapons,Minor Injury,C
178393976,161259985,2022-08-12,Buffalo,NY0140100,13A,H,W,H,F,22,R,Y,BG,Residence/Home,Home,Knife/Cutting Instrument,,C
178396708,161262463,2022-08-12,Buffalo,NY0140100,13A,I,I,N,M,52,R,N,RU,Residence/Home,Home,Personal Weapons,Minor Injury,C
178211250,161097390,2022-08-13,Buffalo,NY0140100,13A,W,W,N,M,65,R,N,RU,Highway/Road/Alley/Street/Sidewalk,Street & Sidewalk,Blunt Object,Possible Internal Injury;Severe Laceration,C
178395148,161261112,2022-08-13,Buffalo,NY0140100,13A,W,W,N,M,60,R,N,RU,Residence/Home,Home,Blunt Object,Minor Injury,C
178236065,161120350,2022-08-14,Buffalo,NY0140100,13A,B,B,N,M,18,R,N,RU,Highway/Road/Alley/Street/Sidewalk,Street & Sidewalk,Motor Vehicle/Vessel,Minor Injury,C
178236322,161120577,2022-08-14,Buffalo,NY0140100,13A,W,W,N,F,29,R,N,RU,Residence/Home,Home,Personal Weapons,Minor Injury,C
178236326,161120580,2022-08-14,Buffalo,NY0140100,13A,B,B,N,M,26,R,N,,Residence/Home,Home,Handgun,Other Major Injury;Possible Internal Injury,C
178236364,161120617,2022-08-15,Buffalo,NY0140100,13A,W,W,N,F,28,R,Y,BG,Residence/Home,Home,Knife/Cutting Instrument,,C
178236371,161120624,2022-08-15,Buffalo,NY0140100,13A,B,B,N,F,38,R,N,RU,Residence/Home,Home,Blunt Object;Personal Weapons,Apparent Broken Bones;Severe Laceration,C
178236630,161120867,2022-08-15,Buffalo,NY0140100,13A,B,B,N,F,43,R,Y,BG,Residence/Home,Home,Personal Weapons,Minor Injury;Possible Internal Injury,C
178236647,161120884,2022-08-15,Buffalo,NY0140100,13A,B,B,N,M,23,R,Y,XS,Highway/Road/Alley/Street/Sidewalk,Street & Sidewalk,Blunt Object;Personal Weapons,Minor Injury,C
178237239,161121447,2022-08-15,Buffalo,NY0140100,13A,A,A,N,M,62,R,N,RU,Highway/Road/Alley/Street/Sidewalk,Street & Sidewalk,Other,Minor Injury,C
178237997,161122135,2022-08-16,Buffalo,NY0140100,13A,H,W,H,F,32,R,Y,XS,Residence/Home,Home,Knife/Cutting Instrument,,C
178211294,161097432,2022-08-17,Buffalo,NY0140100,13A,B,B,N,F,25,R,N,RU,Residence/Home,Home,,Minor Injury,C
178235787,161120102,2022-08-17,Buffalo,NY0140100,13A,B,B,N,M,37,R,N,,Highway/Road/Alley/Street/Sidewalk,Street & Sidewalk,Knife/Cutting Instrument,Severe Laceration,C
178236679,161120913,2022-08-18,Buffalo,NY0140100,13A,H,W,H,M,46,R,N,RU,Residence/Home,Home,Knife/Cutting Instrument,,C
178237156,161121367,2022-08-18,Buffalo,NY0140100,13A,B,B,N,M,30,R,N,,Highway/Road/Alley/Street/Sidewalk,Street & Sidewalk,Shotgun,,C
178237255,161121463,2022-08-18,Buffalo,NY0140100,13A,H,W,H,F,37,N,N,RU,Highway/Road/Alley/Street/Sidewalk,Street & Sidewalk,Knife/Cutting Instrument,,C
178210700,161096881,2022-08-19,Buffalo,NY0140100,13A,H,W,H,M,45,R,N,,Highway/Road/Alley/Street/Sidewalk,Street & Sidewalk,Firearm,Severe Laceration,C
178238740,161122815,2022-08-19,Buffalo,NY0140100,13A,B,B,N,F,40,R,Y,XS,Residence/Home,Home,Knife/Cutting Instrument,,C
178244553,161128086,2022-08-20,Buffalo,NY0140100,13A,H,W,H,F,51,R,N,RU,Residence/Home,Home,Firearm,,C
178251873,161134760,2022-08-20,Buffalo,NY0140100,13A,B,B,N,M,35,R,N,RU,Other/Unknown,Other & Unknown,Firearm,Minor Injury,C
178211705,161097814,2022-08-21,Buffalo,NY0140100,13A,W,W,N,F,33,R,Y,BG,Residence/Home,Home,Other,,C
178244693,161128212,2022-08-21,Buffalo,NY0140100,13A,B,B,N,F,21,R,N,,Highway/Road/Alley/Street/Sidewalk,Street & Sidewalk,Personal Weapons,Minor Injury,C
178244974,161128465,2022-08-21,Buffalo,NY0140100,13A,H,W,H,M,24,R,N,RU,Highway/Road/Alley/Street/Sidewalk,Street & Sidewalk,Blunt Object,Minor Injury,C
178248876,161131986,2022-08-21,Buffalo,NY0140100,13A,H,W,H,M,55,R,N,RU,Residence/Home,Home,Knife/Cutting Instrument,Severe Laceration,C
178248877,161131986,2022-08-21,Buffalo,NY0140100,13A,W,W,N,F,43,R,N,RU,Residence/Home,Home,Knife/Cutting Instrument,Minor Injury,C
178234131,161118628,2022-08-22,Buffalo,NY0140100,13A,B,B,N,F,29,R,Y,XS,Residence/Home,Home,Personal Weapons,Minor Injury,C
178235211,161119583,2022-08-22,Buffalo,NY0140100,13A,B,B,N,M,23,R,Y,BG,Residence/Home,Home,Knife/Cutting Instrument,Severe Laceration,C
178235219,161119590,2022-08-22,Buffalo,NY0140100,13A,B,B,N,F,49,R,Y,XS,Highway/Road/Alley/Street/Sidewalk,Street & Sidewalk,Firearm;Personal Weapons,,C
178236740,161120972,2022-08-22,Buffalo,NY0140100,13A,B,B,N,F,20,R,N,RU,Residence/Home,Home,Blunt Object,Severe Laceration,C
178238721,161122797,2022-08-23,Buffalo,NY0140100,13A,W,W,N,M,38,R,N,RU,Residence/Home,Home,Knife/Cutting Instrument,Minor Injury,C
178211254,161097393,2022-08-24,Buffalo,NY0140100,13A,B,B,N,M,65,R,Y,BG,Residence/Home,Home,Blunt Object,Minor Injury,C
178234102,161118600,2022-08-24,Buffalo,NY0140100,13A,B,B,N,F,30,R,Y,XS,Residence/Home,Home,Firearm,,C
178234143,161118639,2022-08-24,Buffalo,NY0140100,13A,B,B,N,M,60,R,N,RU,Highway/Road/Alley/Street/Sidewalk,Street & Sidewalk,Other,,C
178234149,161118645,2022-08-24,Buffalo,NY0140100,13A,B,B,N,F,30,R,N,RU,Highway/Road/Alley/Street/Sidewalk,Street & Sidewalk,Firearm,,C
178238449,161122548,2022-08-24,Buffalo,NY0140100,13A,B,B,N,F,55,R,Y,XS,Residence/Home,Home,Handgun,,C
178433215,161295096,2022-08-24,Buffalo,NY0140100,13A,B,B,N,M,17,R,N,RU,Highway/Road/Alley/Street/Sidewalk,Street & Sidewalk,Motor Vehicle/Vessel,Minor Injury,C
178235788,161120103,2022-08-25,Buffalo,NY0140100,13A,B,B,N,M,36,R,N,RU,Residence/Home,Home,Knife/Cutting Instrument,Minor Injury,C
178236665,161120899,2022-08-25,Buffalo,NY0140100,13A,B,B,N,M,40,R,N,,Highway/Road/Alley/Street/Sidewalk,Street & Sidewalk,Firearm,,C
178237605,161121783,2022-08-25,Buffalo,NY0140100,13A,B,B,N,M,67,R,N,RU,Highway/Road/Alley/Street/Sidewalk,Street & Sidewalk,Knife/Cutting Instrument,,C
178237643,161121819,2022-08-25,Buffalo,NY0140100,13A,B,B,N,F,17,R,N,,Highway/Road/Alley/Street/Sidewalk,Street & Sidewalk,Firearm,Severe Laceration,C
178237644,161121819,2022-08-25,Buffalo,NY0140100,13A,B,B,N,M,19,R,N,,Highway/Road/Alley/Street/Sidewalk,Street & Sidewalk,Firearm,Possible Internal Injury,C
178210476,161096682,2022-08-26,Buffalo,NY0140100,13A,B,B,N,M,25,R,N,RU,Parking/Drop Lot/Garage,Parking Lot,Knife/Cutting Instrument,Minor Injury,C
178210495,161096700,2022-08-26,Buffalo,NY0140100,13A,W,W,N,F,23,N,N,,Highway/Road/Alley/Street/Sidewalk,Street & Sidewalk,Firearm,,C
178210928,161097089,2022-08-26,Buffalo,NY0140100,13A,W,W,N,M,25,R,N,RU,Park/Playground,Park & Playground,Blunt Object,Minor Injury,C
178238074,161122208,2022-08-26,Buffalo,NY0140100,13A,B,B,N,F,38,R,N,RU,Highway/Road/Alley/Street/Sidewalk,Street & Sidewalk,Firearm,Minor Injury,C
178244542,161128077,2022-08-26,Buffalo,NY0140100,13A,B,B,N,F,45,R,Y,XS,Highway/Road/Alley/Street/Sidewalk,Street & Sidewalk,Firearm,,C
178210944,161097105,2022-08-27,Buffalo,NY0140100,13A,B,B,N,F,23,R,N,RU,Residence/Home,Home,Personal Weapons,Unconscious,C
178210948,161097109,2022-08-27,Buffalo,NY0140100,13A,U,U,N,M,41,R,N,RU,Highway/Road/Alley/Street/Sidewalk,Street & Sidewalk,Other,Minor Injury,C
178210953,161097114,2022-08-27,Buffalo,NY0140100,13A,B,B,N,M,58,R,N,RU,Commercial/Office Building,Office Building,Firearm,Minor Injury,C
178210954,161097115,2022-08-27,Buffalo,NY0140100,13A,W,W,N,M,42,R,N,RU,Residence/Home,Home,Blunt Object,,C
187673655,169360957,2022-08-27,Buffalo,NY0140100,13A,W,W,N,M,34,R,N,ST,Residence/Home,Home,Blunt Object;Handgun;Knife/Cutting Instrument,Minor Injury,C
187673656,169360957,2022-08-27,Buffalo,NY0140100,13A,W,W,N,M,38,R,N,ST,Residence/Home,Home,Blunt Object;Handgun;Knife/Cutting Instrument,Other Major Injury,C
178211685,161097796,2022-08-28,Buffalo,NY0140100,13A,W,W,N,M,53,R,N,RU,Residence/Home,Home,Knife/Cutting Instrument,,C
178211691,161097801,2022-08-28,Buffalo,NY0140100,13A,B,B,N,F,53,R,Y,XS,Residence/Home,Home,Knife/Cutting Instrument,,C
178234128,161118625,2022-08-28,Buffalo,NY0140100,13A,B,B,N,F,22,R,Y,XS,Residence/Home,Home,Personal Weapons,Minor Injury,C
178235223,161119594,2022-08-28,Buffalo,NY0140100,13A,H,W,H,F,33,R,N,RU,Residence/Home,Home,Shotgun,,C
178235815,161120128,2022-08-28,Buffalo,NY0140100,13A,B,B,N,F,30,N,N,RU,Highway/Road/Alley/Street/Sidewalk,Street & Sidewalk,Handgun,,C
178235824,161120136,2022-08-28,Buffalo,NY0140100,13A,U,U,N,M,50,R,N,,Restaurant,Restaurant,Firearm,,C
178235825,161120136,2022-08-28,Buffalo,NY0140100,13A,U,U,N,M,50,R,N,,Restaurant,Restaurant,Firearm,,C
178236079,161120362,2022-08-28,Buffalo,NY0140100,13A,W,W,N,F,66,N,N,RU,Park/Playground,Park & Playground,Blunt Object,Possible Internal Injury;Severe Laceration,C
178433249,161295128,2022-08-28,Buffalo,NY0140100,13A,B,B,N,F,28,R,Y,XS,Highway/Road/Alley/Street/Sidewalk,Street & Sidewalk,Firearm,,C
178236418,161120668,2022-08-29,Buffalo,NY0140100,13A,B,B,N,M,27,R,Y,XS,Residence/Home,Home,Knife/Cutting Instrument,,C
178237170,161121380,2022-08-29,Buffalo,NY0140100,13A,B,B,N,F,31,R,N,RU,Residence/Home,Home,Knife/Cutting Instrument,Minor Injury,C
178237214,161121423,2022-08-29,Buffalo,NY0140100,13A,B,B,N,F,36,R,N,RU,Residence/Home,Home,Knife/Cutting Instrument,,C
178237674,161121848,2022-08-29,Buffalo,NY0140100,13A,B,B,N,M,18,R,N,,Residence/Home,Home,Handgun,Other Major Injury;Possible Internal Injury,C
178237675,161121848,2022-08-29,Buffalo,NY0140100,13A,B,B,N,M,20,R,N,,Residence/Home,Home,Handgun,Apparent Broken Bones;Other Major Injury;Possible Internal Injury,C
178238472,161122571,2022-08-29,Buffalo,NY0140100,13A,B,B,N,F,30,R,Y,XS,Parking/Drop Lot/Garage,Parking Lot,Firearm,,C
178431349,161293354,2022-08-29,Buffalo,NY0140100,13A,B,B,N,F,33,R,N,,Highway/Road/Alley/Street/Sidewalk,Street & Sidewalk,Motor Vehicle/Vessel;Personal Weapons,Other Major Injury,C
183664817,165865246,2022-08-29,Buffalo,NY0140100,13A,B,B,N,F,17,R,N,SB,Residence/Home,Home,Personal Weapons,Minor Injury,C
187650452,169340504,2022-08-29,Buffalo,NY0140100,13A,B,B,N,F,28,R,Y,XS,Residence/Home,Home,Personal Weapons,Loss of Teeth;Other Major Injury;Severe Laceration,C
187673661,169360962,2022-08-29,Buffalo,NY0140100,13A,B,B,N,M,25,R,Y,XS,Residence/Home,Home,Knife/Cutting Instrument;Other,,C
178237830,161121985,2022-08-30,Buffalo,NY0140100,13A,B,B,N,M,39,R,N,RU,Auto Dealership New/Used,Auto Dealership,Firearm,,C
178433254,161295133,2022-08-30,Buffalo,NY0140100,13A,W,W,N,F,37,R,Y,XS,Highway/Road/Alley/Street/Sidewalk,Street & Sidewalk,Firearm,,C
178433256,161295135,2022-08-30,Buffalo,NY0140100,13A,B,B,N,M,41,R,N,RU,Highway/Road/Alley/Street/Sidewalk,Street & Sidewalk,Firearm,Apparent Broken Bones;Possible Internal Injury,C
178238100,161122232,2022-08-31,Buffalo,NY0140100,13A,U,U,N,M,38,R,N,RU,Residence/Home,Home,Knife/Cutting Instrument,Severe Laceration,C
178238107,161122237,2022-08-31,Buffalo,NY0140100,13A,B,B,N,M,37,R,N,,Park/Playground,Park & Playground,Knife/Cutting Instrument,Minor Injury,C
178238159,161122280,2022-08-31,Buffalo,NY0140100,13A,B,B,U,M,62,R,N,,Highway/Road/Alley/Street/Sidewalk,Street & Sidewalk,Blunt Object,Possible Internal Injury,C
187650404,169340459,2022-08-31,Buffalo,NY0140100,13A,W,W,N,M,35,R,N,AQ,Residence/Home,Home,Other,Minor Injury,C
178433436,161295302,2022-09-01,Buffalo,NY0140100,13A,W,W,N,M,21,R,N,RU,Residence/Home,Home,Knife/Cutting Instrument,,C
178433437,161295303,2022-09-01,Buffalo,NY0140100,13A,H,W,H,M,23,R,N,RU,Residence/Home,Home,Knife/Cutting Instrument,,C
178433728,161295573,2022-09-01,Buffalo,NY0140100,13A,W,W,N,M,37,R,N,RU,Residence/Home,Home,Blunt Object,Minor Injury,C
178433734,161295579,2022-09-01,Buffalo,NY0140100,13A,B,B,N,M,31,N,N,RU,Residence/Home,Home,Blunt Object,,C
178433736,161295581,2022-09-01,Buffalo,NY0140100,13A,W,W,N,M,65,R,N,RU,Highway/Road/Alley/Street/Sidewalk,Street & Sidewalk,Other,,C
178433742,161295586,2022-09-01,Buffalo,NY0140100,13A,B,B,N,F,41,R,N,RU,Highway/Road/Alley/Street/Sidewalk,Street & Sidewalk,Firearm,,C
183109593,165384370,2022-09-01,Buffalo,NY0140100,13A,B,B,N,F,60,R,Y,XS,Residence/Home,Home,Other,,C
187666531,169354493,2022-09-01,Buffalo,NY0140100,13A,B,B,N,F,47,R,Y,SE,Residence/Home,Home,Blunt Object;Personal Weapons,Minor Injury,C
187666540,169354502,2022-09-01,Buffalo,NY0140100,13A,W,W,N,M,22,R,N,AQ,Park/Playground,Park & Playground,Personal Weapons,Apparent Broken Bones;Loss of Teeth,C
187673609,169360913,2022-09-01,Buffalo,NY0140100,13A,W,W,N,M,31,R,Y,XS,Residence/Home,Home,Blunt Object,Minor Injury,C
178433785,161295625,2022-09-02,Buffalo,NY0140100,13A,B,B,U,M,32,R,N,,Highway/Road/Alley/Street/Sidewalk,Street & Sidewalk,Firearm,Severe Laceration,C
178433794,161295634,2022-09-02,Buffalo,NY0140100,13A,U,U,N,M,32,R,N,RU,Highway/Road/Alley/Street/Sidewalk,Street & Sidewalk,Blunt Object,,C
178433920,161295750,2022-09-02,Buffalo,NY0140100,13A,W,W,N,F,36,R,Y,XS,Other/Unknown,Other & Unknown,Rifle,,C
182945477,165239846,2022-09-03,Buffalo,NY0140100,13A,B,B,N,M,26,R,Y,XS,Highway/Road/Alley/Street/Sidewalk,Street & Sidewalk,Knife/Cutting Instrument,Severe Laceration,C
178432848,161294754,2022-09-04,Buffalo,NY0140100,13A,B,B,N,M,27,R,N,,Highway/Road/Alley/Street/Sidewalk,Street & Sidewalk,Firearm,Severe Laceration,C
178432867,161294772,2022-09-04,Buffalo,NY0140100,13A,B,B,N,M,27,R,N,RU,Residence/Home,Home,Other,Minor Injury,C
178432523,161294438,2022-09-05,Buffalo,NY0140100,13A,W,W,N,F,23,R,N,RU,Residence/Home,Home,Knife/Cutting Instrument,,C
178433233,161295114,2022-09-05,Buffalo,NY0140100,13A,W,W,N,M,54,N,N,RU,Highway/Road/Alley/Street/Sidewalk,Street & Sidewalk,Knife/Cutting Instrument,Severe Laceration,C
178433301,161295177,2022-09-05,Buffalo,NY0140100,13A,B,B,N,M,43,R,N,,Highway/Road/Alley/Street/Sidewalk,Street & Sidewalk,Firearm,Other Major Injury,C
178433642,161295491,2022-09-06,Buffalo,NY0140100,13A,B,B,N,M,30,R,N,,Residence/Home,Home,Firearm,Other Major Injury;Possible Internal Injury;Severe Laceration,C
178433691,161295538,2022-09-06,Buffalo,NY0140100,13A,B,B,N,F,33,R,N,,Residence/Home,Home,Other,,C
178433698,161295545,2022-09-06,Buffalo,NY0140100,13A,W,W,N,F,59,R,N,RU,Residence/Home,Home,Blunt Object,Severe Laceration,C
178433755,161295595,2022-09-06,Buffalo,NY0140100,13A,B,B,N,M,22,N,N,RU,Parking/Drop Lot/Garage,Parking Lot,Knife/Cutting Instrument,,C
178433763,161295603,2022-09-06,Buffalo,NY0140100,13A,H,B,H,M,17,R,N,,School-Elementary/Secondary,K-12 School,Knife/Cutting Instrument,,C
178433777,161295617,2022-09-06,Buffalo,NY0140100,13A,W,W,N,F,33,R,N,RU,Residence/Home,Home,Knife/Cutting Instrument,Minor Injury,C
178433779,161295619,2022-09-06,Buffalo,NY0140100,13A,B,B,N,M,52,R,N,RU,Residence/Home,Home,Knife/Cutting Instrument,Severe Laceration,C
178433891,161295721,2022-09-06,Buffalo,NY0140100,13A,B,B,N,F,48,R,N,RU,Highway/Road/Alley/Street/Sidewalk,Street & Sidewalk,Firearm,,C
178432875,161294780,2022-09-07,Buffalo,NY0140100,13A,B,B,N,F,33,R,N,RU,Residence/Home,Home,Knife/Cutting Instrument,,C
178432888,161294791,2022-09-07,Buffalo,NY0140100,13A,H,B,H,F,34,R,Y,XS,Residence/Home,Home,Other,,C
178432893,161294796,2022-09-07,Buffalo,NY0140100,13A,H,W,H,M,47,R,N,RU,Residence/Home,Home,Blunt Object,,C
178433012,161294905,2022-09-07,Buffalo,NY0140100,13A,B,B,N,F,42,R,N,RU,Residence/Home,Home,Other;Personal Weapons,Minor Injury,C
178431854,161293811,2022-09-08,Buffalo,NY0140100,13A,B,B,N,M,2,R,N,RU,Residence/Home,Home,Blunt Object;Other,Minor Injury,C
178432011,161293962,2022-09-08,Buffalo,NY0140100,13A,B,B,N,F,20,R,Y,BG,Residence/Home,Home,Personal Weapons,Minor Injury;Possible Internal Injury,C
178432027,161293977,2022-09-08,Buffalo,NY0140100,13A,B,B,N,M,24,R,Y,XS,Residence/Home,Home,Blunt Object,Minor Injury,C
178432155,161294096,2022-09-08,Buffalo,NY0140100,13A,W,W,N,F,50,R,N,RU,Residence/Home,Home,Other,,C
178432336,161294270,2022-09-08,Buffalo,NY0140100,13A,B,B,N,F,,R,N,RU,Highway/Road/Alley/Street/Sidewalk,Street & Sidewalk,Knife/Cutting Instrument,Severe Laceration,C
178433025,161294917,2022-09-08,Buffalo,NY0140100,13A,W,W,N,M,36,R,N,,Residence/Home,Home,Personal Weapons,Minor Injury,C
178432221,161294159,2022-09-09,Buffalo,NY0140100,13A,H,W,H,F,33,R,N,RU,Highway/Road/Alley/Street/Sidewalk,Street & Sidewalk,Knife/Cutting Instrument;Personal Weapons,Severe Laceration,C
178432283,161294219,2022-09-09,Buffalo,NY0140100,13A,H,W,H,F,50,R,Y,XS,Residence/Home,Home,Personal Weapons,Minor Injury,C
178432978,161294872,2022-09-09,Buffalo,NY0140100,13A,W,W,N,F,15,R,N,RU,Field/Woods,Field & Woods,Other;Personal Weapons,Minor Injury,C
178433912,161295742,2022-09-09,Buffalo,NY0140100,13A,U,U,U,F,19,R,N,RU,Highway/Road/Alley/Street/Sidewalk,Street & Sidewalk,Firearm,,C
178432870,161294775,2022-09-10,Buffalo,NY0140100,13A,W,W,N,F,35,R,N,,Highway/Road/Alley/Street/Sidewalk,Street & Sidewalk,Firearm,,C
178433143,161295026,2022-09-10,Buffalo,NY0140100,13A,B,B,N,F,27,R,Y,BG,Residence/Home,Home,Handgun,,C
183110240,165384934,2022-09-10,Buffalo,NY0140100,13A,W,W,N,F,32,R,N,NE,Residence/Home,Home,Blunt Object,Minor Injury,C
178433222,161295103,2022-09-11,Buffalo,NY0140100,13A,B,B,N,M,35,R,N,,Highway/Road/Alley/Street/Sidewalk,Street & Sidewalk,Firearm,Possible Internal Injury,C
178433281,161295158,2022-09-11,Buffalo,NY0140100,13A,H,W,H,F,42,R,N,RU,Residence/Home,Home,Firearm;Personal Weapons,Minor Injury,C
178433378,161295248,2022-09-11,Buffalo,NY0140100,13A,B,B,N,M,40,R,N,,Highway/Road/Alley/Street/Sidewalk,Street & Sidewalk,Personal Weapons,Other Major Injury,C
178433395,161295264,2022-09-11,Buffalo,NY0140100,13A,B,B,N,M,51,R,N,RU,Residence/Home,Home,Knife/Cutting Instrument,,C
182945268,165239658,2022-09-11,Buffalo,NY0140100,13A,W,W,N,M,59,R,N,NE,Residence/Home,Home,Knife/Cutting Instrument,,C
182945582,165239948,2022-09-11,Buffalo,NY0140100,13A,W,W,N,F,34,R,Y,XS,Residence/Home,Home,Knife/Cutting Instrument,Minor Injury,C
178433617,161295468,2022-09-12,Buffalo,NY0140100,13A,B,B,N,M,19,R,N,RU,Residence/Home,Home,Blunt Object,Minor Injury,C
178433627,161295476,2022-09-12,Buffalo,NY0140100,13A,B,B,N,F,59,R,N,RU,Residence/Home,Home,Firearm,,C
178433713,161295560,2022-09-12,Buffalo,NY0140100,13A,B,B,N,F,27,R,Y,XS,Residence/Home,Home,Handgun,,C
178433775,161295615,2022-09-12,Buffalo,NY0140100,13A,B,B,N,M,19,R,N,,Highway/Road/Alley/Street/Sidewalk,Street & Sidewalk,Firearm,Possible Internal Injury,C
178433888,161295718,2022-09-12,Buffalo,NY0140100,13A,H,W,H,F,19,R,N,RU,Residence/Home,Home,Knife/Cutting Instrument,,C
178433897,161295727,2022-09-12,Buffalo,NY0140100,13A,B,B,N,M,50,R,N,,Highway/Road/Alley/Street/Sidewalk,Street & Sidewalk,Knife/Cutting Instrument,Severe Laceration,C
178432879,161294783,2022-09-13,Buffalo,NY0140100,13A,B,B,N,F,17,N,N,RU,School-Elementary/Secondary,K-12 School,Knife/Cutting Instrument,Severe Laceration,C
178432901,161294804,2022-09-13,Buffalo,NY0140100,13A,B,B,N,F,26,R,N,RU,Residence/Home,Home,Blunt Object;Knife/Cutting Instrument,,C
178433972,161295802,2022-09-13,Buffalo,NY0140100,13A,B,B,N,F,30,R,N,RU,Highway/Road/Alley/Street/Sidewalk,Street & Sidewalk,Knife/Cutting Instrument,,C
178431703,161293666,2022-09-14,Buffalo,NY0140100,13A,H,W,H,M,31,R,N,,Highway/Road/Alley/Street/Sidewalk,Street & Sidewalk,Handgun,,C
182945727,165240082,2022-09-14,Buffalo,NY0140100,13A,B,B,N,M,39,R,N,AQ,Residence/Home,Home,Blunt Object,,C
178431712,161293674,2022-09-15,Buffalo,NY0140100,13A,B,B,N,F,16,R,N,RU,Residence/Home,Home,Firearm,,C
178431869,161293825,2022-09-15,Buffalo,NY0140100,13A,B,B,U,M,19,R,N,,Drug Store/Doctor's Office/Hospital,Hospital & Clinic,Firearm,Minor Injury,C
178432048,161293997,2022-09-15,Buffalo,NY0140100,13A,W,W,N,M,68,N,N,RU,Convenience Store,Convenience Store,Personal Weapons,Minor Injury,C
178432050,161293997,2022-09-15,Buffalo,NY0140100,13A,W,W,N,M,,R,N,RU,Convenience Store,Convenience Store,Personal Weapons,Minor Injury,C
178432088,161294033,2022-09-15,Buffalo,NY0140100,13A,B,B,N,M,61,R,N,RU,Residence/Home,Home,Personal Weapons,,C
178432190,161294128,2022-09-15,Buffalo,NY0140100,13A,B,B,N,F,35,R,Y,BG,Residence/Home,Home,Personal Weapons,Minor Injury;Possible Internal Injury;Unconscious,C
178432450,161294378,2022-09-15,Buffalo,NY0140100,13A,B,B,N,F,24,R,N,RU,Highway/Road/Alley/Street/Sidewalk,Street & Sidewalk,Blunt Object,Minor Injury,C
178432477,161294399,2022-09-16,Buffalo,NY0140100,13A,B,B,N,M,33,R,N,,Highway/Road/Alley/Street/Sidewalk,Street & Sidewalk,Firearm,Possible Internal Injury,C
178432528,161294443,2022-09-16,Buffalo,NY0140100,13A,B,B,N,M,34,R,Y,BG,Residence/Home,Home,Knife/Cutting Instrument,Minor Injury,C
178432509,161294428,2022-09-17,Buffalo,NY0140100,13A,B,B,N,F,22,R,N,RU,Highway/Road/Alley/Street/Sidewalk,Street & Sidewalk,Personal Weapons,Severe Laceration,C
178432552,161294467,2022-09-17,Buffalo,NY0140100,13A,B,B,N,F,28,R,Y,BG,Residence/Home,Home,Personal Weapons,,C
178432599,161294513,2022-09-17,Buffalo,NY0140100,13A,W,W,N,F,41,R,N,RU,Residence/Home,Home,Other,,C
187651686,169341619,2022-09-17,Buffalo,NY0140100,13A,U,U,U,F,,R,N,ST,Highway/Road/Alley/Street/Sidewalk,Street & Sidewalk,Blunt Object,Minor Injury,C
178432613,161294527,2022-09-18,Buffalo,NY0140100,13A,B,B,N,M,35,R,N,,Highway/Road/Alley/Street/Sidewalk,Street & Sidewalk,Firearm,Severe Laceration,C
178432690,161294603,2022-09-18,Buffalo,NY0140100,13A,W,W,N,F,33,R,Y,XS,Residence/Home,Home,Personal Weapons,Minor Injury,C
182945745,165240099,2022-09-18,Buffalo,NY0140100,13A,B,B,N,M,21,R,N,ST,Residence/Home,Home,Handgun,,C
182945750,165240104,2022-09-18,Buffalo,NY0140100,13A,B,B,N,M,60,R,N,,Highway/Road/Alley/Street/Sidewalk,Street & Sidewalk,Firearm,,C
183112533,165386933,2022-09-18,Buffalo,NY0140100,13A,B,B,N,F,24,R,N,OF,Highway/Road/Alley/Street/Sidewalk,Street & Sidewalk,Personal Weapons,Minor Injury,C
178431678,161293643,2022-09-19,Buffalo,NY0140100,13A,W,W,N,M,34,R,N,RU,Bar/Nightclub,Bar & Nightclub,Blunt Object,Minor Injury,C
178431768,161293727,2022-09-19,Buffalo,NY0140100,13A,W,W,N,F,20,R,N,RU,Highway/Road/Alley/Street/Sidewalk,Street & Sidewalk,Blunt Object,Minor Injury,C
178449666,161309654,2022-09-19,Buffalo,NY0140100,13A,H,W,H,F,37,R,Y,XS,Convenience Store,Convenience Store,Blunt Object;Personal Weapons,Minor Injury,C
178431961,161293914,2022-09-20,Buffalo,NY0140100,13A,B,B,N,F,40,R,N,,Other/Unknown,Other & Unknown,Firearm,Other Major Injury,C
178431972,161293925,2022-09-20,Buffalo,NY0140100,13A,B,B,N,F,19,R,Y,BG,Residence/Home,Home,Personal Weapons,Minor Injury;Unconscious,C
178431986,161293938,2022-09-20,Buffalo,NY0140100,13A,B,B,N,F,18,R,N,RU,Residence/Home,Home,Knife/Cutting Instrument,Minor Injury,C
178432175,161294115,2022-09-20,Buffalo,NY0140100,13A,B,B,N,M,38,R,N,,Parking/Drop Lot/Garage,Parking Lot,Handgun,Possible Internal Injury,C
178435619,161297283,2022-09-20,Buffalo,NY0140100,13A,H,W,H,M,28,R,N,,Bar/Nightclub,Bar & Nightclub,Personal Weapons,Apparent Broken Bones;Loss of Teeth,C
178449383,161309399,2022-09-21,Buffalo,NY0140100,13A,U,U,U,F,,R,Y,XS,Residence/Home,Home,Other;Personal Weapons,Minor Injury,C
182945757,165240110,2022-09-21,Buffalo,NY0140100,13A,W,W,N,F,30,N,Y,BG,Residence/Home,Home,Firearm,Minor Injury,C
183659269,165860318,2022-09-21,Buffalo,NY0140100,13A,B,B,N,M,23,R,N,AQ,Residence/Home,Home,Knife/Cutting Instrument,,C
178437011,161298489,2022-09-22,Buffalo,NY0140100,13A,B,B,N,F,36,R,N,,Residence/Home,Home,Firearm,Other Major Injury,C
178442941,161303831,2022-09-22,Buffalo,NY0140100,13A,H,B,H,F,42,R,N,RU,Highway/Road/Alley/Street/Sidewalk,Street & Sidewalk,Firearm,,C
182945763,165240116,2022-09-22,Buffalo,NY0140100,13A,B,B,N,F,21,R,Y,XS,Residence/Home,Home,Blunt Object,Severe Laceration,C
182945883,165240225,2022-09-22,Buffalo,NY0140100,13A,W,W,N,F,20,R,N,,Residence/Home,Home,Blunt Object,,C
178432387,161294315,2022-09-23,Buffalo,NY0140100,13A,H,W,H,F,39,R,N,RU,Highway/Road/Alley/Street/Sidewalk,Street & Sidewalk,Blunt Object,Severe Laceration,C
178432540,161294455,2022-09-23,Buffalo,NY0140100,13A,B,B,N,M,52,R,N,,Residence/Home,Home,Firearm,,C
187652001,169341899,2022-09-23,Buffalo,NY0140100,13A,B,B,N,F,31,R,Y,RU;XS,Residence/Home,Home,Knife/Cutting Instrument,Minor Injury,C
178432668,161294581,2022-09-24,Buffalo,NY0140100,13A,B,B,N,F,50,R,N,RU,Residence/Home,Home,Blunt Object,Minor Injury,C
178431617,161293590,2022-09-25,Buffalo,NY0140100,13A,B,B,N,F,25,R,Y,XS,Residence/Home,Home,Firearm,,C
178431627,161293600,2022-09-25,Buffalo,NY0140100,13A,W,W,N,M,42,R,N,RU,Service/Gas Station,Gas Station,Firearm;Knife/Cutting Instrument,,C
178431665,161293633,2022-09-25,Buffalo,NY0140100,13A,W,W,N,M,,R,N,RU,Restaurant,Restaurant,Knife/Cutting Instrument,Apparent Broken Bones;Severe Laceration,C
182952710,165246317,2022-09-25,Buffalo,NY0140100,13A,B,B,N,F,33,R,Y,BG,Residence/Home,Home,Personal Weapons,Other Major Injury;Unconscious,C
178431745,161293705,2022-09-26,Buffalo,NY0140100,13A,H,W,H,F,24,R,Y,XS,Residence/Home,Home,Personal Weapons,Minor Injury,C
178432162,161294103,2022-09-26,Buffalo,NY0140100,13A,B,B,N,F,27,R,N,RU,Residence/Home,Home,Other,Minor Injury,C
178432174,161294114,2022-09-26,Buffalo,NY0140100,13A,W,W,N,M,36,R,N,RU,Service/Gas Station,Gas Station,Knife/Cutting Instrument,,C
178431912,161293866,2022-09-27,Buffalo,NY0140100,13A,B,B,N,F,27,R,N,RU,Residence/Home,Home,Other Firearm,,C
178431927,161293881,2022-09-27,Buffalo,NY0140100,13A,W,W,N,M,53,N,N,RU,Parking/Drop Lot/Garage,Parking Lot,Knife/Cutting Instrument,,C
178432120,161294064,2022-09-27,Buffalo,NY0140100,13A,B,B,N,M,2,R,N,RU,Residence/Home,Home,Blunt Object,Minor Injury,C
178449194,161309238,2022-09-27,Buffalo,NY0140100,13A,W,W,N,F,35,R,Y,BG,Residence/Home,Home,Knife/Cutting Instrument,Minor Injury,C
182945897,165240239,2022-09-27,Buffalo,NY0140100,13A,W,W,N,F,24,R,Y,BG,Residence/Home,Home,Personal Weapons,Minor Injury,C
178431939,161293892,2022-09-28,Buffalo,NY0140100,13A,B,B,N,M,46,R,N,,Other/Unknown,Other & Unknown,Firearm,Other Major Injury;Possible Internal Injury;Severe Laceration,C
178434581,161296362,2022-09-28,Buffalo,NY0140100,13A,B,B,N,M,60,R,N,,Residence/Home,Home,Blunt Object,Severe Laceration,C
178434627,161296405,2022-09-28,Buffalo,NY0140100,13A,B,B,N,M,24,N,N,RU,Bar/Nightclub,Bar & Nightclub,Firearm,,C
178449467,161309478,2022-09-28,Buffalo,NY0140100,13A,B,B,N,F,37,R,N,RU,Residence/Home,Home,Knife/Cutting Instrument,,C
178449469,161309480,2022-09-28,Buffalo,NY0140100,13A,B,B,N,M,29,R,N,,Highway/Road/Alley/Street/Sidewalk,Street & Sidewalk,Firearm,Other Major Injury,C
182952715,165246321,2022-09-28,Buffalo,NY0140100,13A,W,W,N,M,39,R,N,PA,Residence/Home,Home,Knife/Cutting Instrument,Minor Injury,C
178434670,161296442,2022-09-29,Buffalo,NY0140100,13A,B,B,N,M,,R,N,RU,Residence/Home,Home,Other,Severe Laceration,C
178435629,161297292,2022-09-29,Buffalo,NY0140100,13A,W,W,N,M,17,R,N,,Highway/Road/Alley/Street/Sidewalk,Street & Sidewalk,Handgun,,C
178449365,161309381,2022-09-29,Buffalo,NY0140100,13A,W,W,N,F,19,N,Y,XS,Residence/Home,Home,Firearm,,C
178449422,161309436,2022-09-29,Buffalo,NY0140100,13A,B,B,N,F,37,R,N,RU,Highway/Road/Alley/Street/Sidewalk,Street & Sidewalk,Knife/Cutting Instrument,,C
178434023,161295851,2022-09-30,Buffalo,NY0140100,13A,B,B,N,M,32,R,N,,Highway/Road/Alley/Street/Sidewalk,Street & Sidewalk,Firearm,Other Major Injury,C
178434034,161295860,2022-09-30,Buffalo,NY0140100,13A,B,B,N,M,63,R,Y,XS,Highway/Road/Alley/Street/Sidewalk,Street & Sidewalk,Blunt Object,Minor Injury,C
178437035,161298510,2022-09-30,Buffalo,NY0140100,13A,B,B,N,M,57,R,N,RU,Residence/Home,Home,Knife/Cutting Instrument,,C
178443193,161304066,2022-09-30,Buffalo,NY0140100,13A,B,B,N,M,62,R,N,RU,Highway/Road/Alley/Street/Sidewalk,Street & Sidewalk,Knife/Cutting Instrument,Severe Laceration,C
182945870,165240215,2022-09-30,Buffalo,NY0140100,13A,B,B,N,F,49,R,N,PA,Highway/Road/Alley/Street/Sidewalk,Street & Sidewalk,Handgun,,C
182945871,165240215,2022-09-30,Buffalo,NY0140100,13A,B,B,N,F,22,R,N,SB,Highway/Road/Alley/Street/Sidewalk,Street & Sidewalk,Handgun,,C
182945872,165240216,2022-09-30,Buffalo,NY0140100,13A,B,B,N,F,29,R,N,SB,Residence/Home,Home,Knife/Cutting Instrument,Minor Injury,C
182945911,165240253,2022-10-01,Buffalo,NY0140100,13A,B,B,N,M,63,R,Y,BG,Residence/Home,Home,Knife/Cutting Instrument,Minor Injury,C
182946081,165240411,2022-10-01,Buffalo,NY0140100,13A,H,W,H,F,20,R,Y,BG,Residence/Home,Home,Knife/Cutting Instrument;Personal Weapons,Minor Injury,C
182944041,165238535,2022-10-02,Buffalo,NY0140100,13A,H,W,H,F,32,R,Y,BG,Residence/Home,Home,Firearm;Personal Weapons,,C
182944141,165238629,2022-10-03,Buffalo,NY0140100,13A,B,B,N,M,56,R,N,SB,Highway/Road/Alley/Street/Sidewalk,Street & Sidewalk,Blunt Object;Personal Weapons,Severe Laceration,C
182944288,165238768,2022-10-04,Buffalo,NY0140100,13A,U,U,U,M,31,R,N,AQ,Residence/Home,Home,Knife/Cutting Instrument,Severe Laceration,C
182944313,165238792,2022-10-04,Buffalo,NY0140100,13A,H,W,H,F,54,R,Y,XS,Residence/Home,Home,Knife/Cutting Instrument,,C
182944325,165238803,2022-10-04,Buffalo,NY0140100,13A,B,B,N,M,15,R,N,AQ,Park/Playground,Park & Playground,Firearm,,C
183659292,165860339,2022-10-04,Buffalo,NY0140100,13A,W,W,N,F,25,R,Y,RU;XS,Highway/Road/Alley/Street/Sidewalk,Street & Sidewalk,Knife/Cutting Instrument,,C
182944829,165239262,2022-10-05,Buffalo,NY0140100,13A,W,W,N,F,31,R,Y,BG,Highway/Road/Alley/Street/Sidewalk,Street & Sidewalk,Firearm,,C
182945076,165239483,2022-10-07,Buffalo,NY0140100,13A,H,W,H,F,34,R,Y,BG,Residence/Home,Home,Blunt Object;Knife/Cutting Instrument;Personal Weapons,Minor Injury,C
182945246,165239638,2022-10-07,Buffalo,NY0140100,13A,H,W,H,F,32,R,N,ST,Parking/Drop Lot/Garage,Parking Lot,Handgun,,C
182945247,165239638,2022-10-07,Buffalo,NY0140100,13A,H,W,H,M,1,R,N,ST,Parking/Drop Lot/Garage,Parking Lot,Handgun,,C
182945265,165239655,2022-10-07,Buffalo,NY0140100,13A,B,B,N,F,43,R,N,AQ,Residence/Home,Home,Knife/Cutting Instrument,,C
182945280,165239670,2022-10-07,Buffalo,NY0140100,13A,H,W,H,F,71,R,N,PA,Residence/Home,Home,Personal Weapons,,C
182945281,165239670,2022-10-07,Buffalo,NY0140100,13A,H,W,H,M,10,R,N,CH,Residence/Home,Home,Personal Weapons,,C
182945282,165239670,2022-10-07,Buffalo,NY0140100,13A,H,W,H,M,10,R,N,CH,Residence/Home,Home,Personal Weapons,,C
182945284,165239672,2022-10-07,Buffalo,NY0140100,13A,B,B,N,F,45,R,N,PA,Residence/Home,Home,Knife/Cutting Instrument,,C
182945285,165239672,2022-10-07,Buffalo,NY0140100,13A,B,B,N,F,47,R,N,SP,Residence/Home,Home,Knife/Cutting Instrument,,C
182945412,165239789,2022-10-08,Buffalo,NY0140100,13A,W,W,N,F,18,N,N,,Highway/Road/Alley/Street/Sidewalk,Street & Sidewalk,Personal Weapons,Other Major Injury,C
182945428,165239802,2022-10-08,Buffalo,NY0140100,13A,W,W,N,M,42,R,Y,XS,Highway/Road/Alley/Street/Sidewalk,Street & Sidewalk,Knife/Cutting Instrument,,C
182945429,165239802,2022-10-08,Buffalo,NY0140100,13A,W,W,N,F,58,R,N,AQ,Highway/Road/Alley/Street/Sidewalk,Street & Sidewalk,Knife/Cutting Instrument,,C
182945438,165239809,2022-10-08,Buffalo,NY0140100,13A,U,U,N,M,53,R,N,,Residence/Home,Home,Knife/Cutting Instrument,,C
182945764,165240117,2022-10-09,Buffalo,NY0140100,13A,B,B,N,F,56,R,Y,XS,Residence/Home,Home,Poison,Minor Injury,C
182945768,165240121,2022-10-09,Buffalo,NY0140100,13A,B,B,N,M,22,R,Y,XS,Residence/Home,Home,Blunt Object;Knife/Cutting Instrument,,C
182945777,165240130,2022-10-09,Buffalo,NY0140100,13A,B,B,N,M,39,R,N,,Highway/Road/Alley/Street/Sidewalk,Street & Sidewalk,Firearm,Minor Injury,C
182945795,165240146,2022-10-09,Buffalo,NY0140100,13A,B,B,N,F,41,R,Y,BG,Residence/Home,Home,Handgun,Minor Injury,C
182945797,165240147,2022-10-09,Buffalo,NY0140100,13A,B,B,N,M,38,R,N,OK,Residence/Home,Home,Firearm,,C
182945912,165240254,2022-10-09,Buffalo,NY0140100,13A,W,W,N,F,54,N,N,RU,Parking/Drop Lot/Garage,Parking Lot,Personal Weapons,Loss of Teeth;Other Major Injury,C
182945914,165240256,2022-10-09,Buffalo,NY0140100,13A,W,W,N,M,53,R,N,AQ,Residence/Home,Home,Knife/Cutting Instrument,Minor Injury,C
182945917,165240259,2022-10-09,Buffalo,NY0140100,13A,W,W,N,F,27,R,Y,BG,Residence/Home,Home,Rifle,,C
182945924,165240266,2022-10-10,Buffalo,NY0140100,13A,B,B,N,M,27,R,Y,BG,Highway/Road/Alley/Street/Sidewalk,Street & Sidewalk,Motor Vehicle/Vessel,Minor Injury,C
182946297,165240611,2022-10-10,Buffalo,NY0140100,13A,B,B,N,F,60,R,N,RU,Other/Unknown,Other & Unknown,Personal Weapons,,C
182943953,165238454,2022-10-11,Buffalo,NY0140100,13A,W,W,N,F,35,R,N,NE,Residence/Home,Home,Blunt Object;Personal Weapons,,C
182860017,165163926,2022-10-12,Buffalo,NY0140100,13A,H,W,H,M,17,R,N,ST,Highway/Road/Alley/Street/Sidewalk,Street & Sidewalk,Firearm,,C
182859636,165163582,2022-10-13,Buffalo,NY0140100,13A,W,W,N,M,86,N,N,ST,Highway/Road/Alley/Street/Sidewalk,Street & Sidewalk,Knife/Cutting Instrument,,C
182956625,165249894,2022-10-13,Buffalo,NY0140100,13A,B,B,N,F,28,R,Y,XS,Residence/Home,Home,Firearm,Possible Internal Injury,C
182859594,165163544,2022-10-14,Buffalo,NY0140100,13A,W,W,N,M,10,R,N,CH,Residence/Home,Home,Personal Weapons,Minor Injury,C
182860374,165164265,2022-10-14,Buffalo,NY0140100,13A,W,W,N,F,46,R,N,PA,Residence/Home,Home,Knife/Cutting Instrument,Minor Injury,C
182860392,165164282,2022-10-14,Buffalo,NY0140100,13A,B,B,N,M,25,R,N,FR,Residence/Home,Home,Other,Other Major Injury,C
182860394,165164284,2022-10-14,Buffalo,NY0140100,13A,B,B,N,M,32,R,N,,Highway/Road/Alley/Street/Sidewalk,Street & Sidewalk,Firearm,,C
183093425,165370145,2022-10-14,Buffalo,NY0140100,13A,B,B,N,F,25,R,Y,XS,Residence/Home,Home,Personal Weapons,,C
183125200,165398039,2022-10-14,Buffalo,NY0140100,13A,W,W,N,F,31,R,N,ST,Park/Playground,Park & Playground,Motor Vehicle/Vessel,,C
182957127,165250374,2022-10-15,Buffalo,NY0140100,13A,B,B,N,M,51,R,N,AQ,Residence/Home,Home,Other,,C
182957384,165250607,2022-10-16,Buffalo,NY0140100,13A,W,W,N,F,39,N,Y,BG,Residence/Home,Home,Personal Weapons,Minor Injury,C
182957391,165250614,2022-10-16,Buffalo,NY0140100,13A,H,W,H,M,35,R,N,,Highway/Road/Alley/Street/Sidewalk,Street & Sidewalk,Firearm,,C
182860396,165164285,2022-10-17,Buffalo,NY0140100,13A,B,B,N,M,38,R,Y,XS,Highway/Road/Alley/Street/Sidewalk,Street & Sidewalk,Knife/Cutting Instrument,,C
182954447,165247895,2022-10-17,Buffalo,NY0140100,13A,W,W,N,M,57,R,N,IL,Residence/Home,Home,Personal Weapons,Minor Injury,C
182860285,165164184,2022-10-18,Buffalo,NY0140100,13A,H,W,H,F,25,R,Y,XS,Residence/Home,Home,Knife/Cutting Instrument,,C
182858466,165162537,2022-10-19,Buffalo,NY0140100,13A,H,W,H,F,24,R,N,ST,Department/Discount Store,Department Store,Firearm;Personal Weapons,Minor Injury,C
183092654,165369447,2022-10-19,Buffalo,NY0140100,13A,H,W,H,F,28,R,Y,XS,Residence/Home,Home,Knife/Cutting Instrument,Minor Injury,C
182860207,165164110,2022-10-20,Buffalo,NY0140100,13A,B,B,N,F,26,R,Y,XS,Residence/Home,Home,Other,Minor Injury,C
182860133,165164038,2022-10-21,Buffalo,NY0140100,13A,B,B,N,F,34,R,Y,BG,Residence/Home,Home,Knife/Cutting Instrument,,C
182860142,165164047,2022-10-21,Buffalo,NY0140100,13A,W,W,N,M,19,R,N,NE,Residence/Home,Home,Blunt Object,Minor Injury,C
182860290,165164186,2022-10-21,Buffalo,NY0140100,13A,H,W,H,F,32,R,N,AQ,Other/Unknown,Other & Unknown,Knife/Cutting Instrument,,C
182955239,165248629,2022-10-21,Buffalo,NY0140100,13A,H,B,H,M,30,R,N,,Highway/Road/Alley/Street/Sidewalk,Street & Sidewalk,Handgun,Apparent Broken Bones;Other Major Injury;Possible Internal Injury;Severe Laceration,C
182955035,165248441,2022-10-22,Buffalo,NY0140100,13A,B,B,N,F,38,R,Y,XS,Residence/Home,Home,Personal Weapons,Minor Injury,C
182955276,165248661,2022-10-22,Buffalo,NY0140100,13A,W,W,N,F,13,R,N,,Residence/Home,Home,Personal Weapons,Other Major Injury,C
182955278,165248663,2022-10-22,Buffalo,NY0140100,13A,W,W,N,F,62,R,N,PA,Residence/Home,Home,Personal Weapons,Other Major Injury,C
182955524,165248888,2022-10-22,Buffalo,NY0140100,13A,A,A,N,F,47,R,Y,BG,Residence/Home,Home,Blunt Object,,C
182955525,165248889,2022-10-22,Buffalo,NY0140100,13A,B,B,N,M,29,R,Y,XS,Residence/Home,Home,Personal Weapons,,C
182955526,165248889,2022-10-22,Buffalo,NY0140100,13A,H,W,H,M,,R,N,ST,Residence/Home,Home,Personal Weapons,Minor Injury,C
182955527,165248889,2022-10-22,Buffalo,NY0140100,13A,U,U,U,M,,R,N,ST,Residence/Home,Home,Personal Weapons,Minor Injury,C
182955528,165248889,2022-10-22,Buffalo,NY0140100,13A,U,U,U,M,,R,N,ST,Residence/Home,Home,Personal Weapons,Minor Injury,C
182955531,165248891,2022-10-22,Buffalo,NY0140100,13A,B,B,N,M,45,R,Y,XS,Residence/Home,Home,Personal Weapons,,C
182955556,165248914,2022-10-22,Buffalo,NY0140100,13A,B,B,N,F,32,R,N,CH,Residence/Home,Home,Personal Weapons,Minor Injury,C
182955695,165249040,2022-10-22,Buffalo,NY0140100,13A,B,B,N,F,26,R,N,,Residence/Home,Home,Firearm,,C
183125547,165398355,2022-10-22,Buffalo,NY0140100,13A,B,B,N,M,9,R,N,,Highway/Road/Alley/Street/Sidewalk,Street & Sidewalk,Firearm,,C
183125548,165398355,2022-10-22,Buffalo,NY0140100,13A,B,B,N,M,7,R,N,,Highway/Road/Alley/Street/Sidewalk,Street & Sidewalk,Firearm,,C
183125549,165398355,2022-10-22,Buffalo,NY0140100,13A,W,W,N,M,15,R,N,,Highway/Road/Alley/Street/Sidewalk,Street & Sidewalk,Firearm,,C
183659891,165860863,2022-10-22,Buffalo,NY0140100,13A,B,B,N,F,22,R,N,NE,Residence/Home,Home,Knife/Cutting Instrument,,C
182955707,165249048,2022-10-23,Buffalo,NY0140100,13A,H,W,H,F,32,R,Y,XS,Residence/Home,Home,Personal Weapons,Minor Injury,C
182956469,165249749,2022-10-23,Buffalo,NY0140100,13A,B,B,N,F,42,R,Y,SE,Residence/Home,Home,Knife/Cutting Instrument,Minor Injury,C
183093621,165370327,2022-10-23,Buffalo,NY0140100,13A,B,B,N,M,30,R,N,AQ,Residence/Home,Home,Knife/Cutting Instrument,,C
187667178,169355073,2022-10-24,Buffalo,NY0140100,13A,B,B,N,M,,R,N,,Commercial/Office Building,Office Building,Personal Weapons,Apparent Broken Bones,C
182954797,165248217,2022-10-25,Buffalo,NY0140100,13A,B,B,N,M,12,R,N,AQ,Highway/Road/Alley/Street/Sidewalk,Street & Sidewalk,Firearm,Minor Injury,C
182955051,165248457,2022-10-25,Buffalo,NY0140100,13A,B,B,N,F,40,R,Y,BG,Residence/Home,Home,Blunt Object,Minor Injury,C
182955739,165249080,2022-10-27,Buffalo,NY0140100,13A,B,B,N,F,34,R,Y,BG,Highway/Road/Alley/Street/Sidewalk,Street & Sidewalk,Other,Severe Laceration,C
182956493,165249768,2022-10-27,Buffalo,NY0140100,13A,B,B,U,F,55,R,N,,Highway/Road/Alley/Street/Sidewalk,Street & Sidewalk,Blunt Object,Possible Internal Injury,C
187628797,169321476,2022-10-27,Buffalo,NY0140100,13A,W,W,N,M,57,R,N,OK,Residence/Home,Home,Personal Weapons,,C
182955057,165248463,2022-10-29,Buffalo,NY0140100,13A,B,B,N,M,23,R,N,,Bar/Nightclub,Bar & Nightclub,Personal Weapons,Minor Injury,C
182955312,165248693,2022-10-29,Buffalo,NY0140100,13A,W,W,N,F,27,R,Y,BG,Residence/Home,Home,Knife/Cutting Instrument,Minor Injury,C
182954667,165248092,2022-10-30,Buffalo,NY0140100,13A,W,W,N,M,25,N,N,,Parking/Drop Lot/Garage,Parking Lot,Personal Weapons;Poison,Minor Injury,C
182957174,165250417,2022-10-30,Buffalo,NY0140100,13A,H,W,H,M,45,R,N,NE,Residence/Home,Home,Blunt Object,Loss of Teeth,C
183125918,165398667,2022-10-30,Buffalo,NY0140100,13A,B,B,N,F,23,R,Y,XS,Residence/Home,Home,Personal Weapons,Minor Injury;Unconscious,C
182954476,165247924,2022-10-31,Buffalo,NY0140100,13A,B,B,N,F,47,R,Y,XS,Residence/Home,Home,Personal Weapons,Minor Injury,C
182954637,165248064,2022-10-31,Buffalo,NY0140100,13A,B,B,N,F,39,R,Y,BG,Residence/Home,Home,Handgun,,C
183124039,165397002,2022-11-01,Buffalo,NY0140100,13A,B,B,N,F,15,R,N,AQ,Highway/Road/Alley/Street/Sidewalk,Street & Sidewalk,Other;Personal Weapons;Poison,,C
183124047,165397009,2022-11-01,Buffalo,NY0140100,13A,B,B,N,F,19,R,N,AQ,Residence/Home,Home,Firearm,,C
183124051,165397013,2022-11-01,Buffalo,NY0140100,13A,B,B,N,F,40,R,Y,XS,Highway/Road/Alley/Street/Sidewalk,Street & Sidewalk,Firearm,,C
183124191,165397140,2022-11-01,Buffalo,NY0140100,13A,B,B,N,M,43,R,N,NE,Residence/Home,Home,Knife/Cutting Instrument,,C
183124232,165397181,2022-11-01,Buffalo,NY0140100,13A,W,W,N,F,28,R,N,NE,Residence/Home,Home,Firearm,,C
183108584,165383480,2022-11-03,Buffalo,NY0140100,13A,B,B,N,F,25,R,Y,XS,Residence/Home,Home,Personal Weapons,,C
183109543,165384333,2022-11-03,Buffalo,NY0140100,13A,W,W,N,M,57,R,N,SB,Residence/Home,Home,Knife/Cutting Instrument,Minor Injury,C
183110047,165384767,2022-11-03,Buffalo,NY0140100,13A,W,W,N,M,50,R,N,,Convenience Store,Convenience Store,Firearm,,C
183110058,165384777,2022-11-03,Buffalo,NY0140100,13A,H,B,H,M,22,R,N,,Highway/Road/Alley/Street/Sidewalk,Street & Sidewalk,Firearm,Possible Internal Injury,C
187629060,169321720,2022-11-03,Buffalo,NY0140100,13A,U,U,N,M,31,R,N,SB,Residence/Home,Home,Personal Weapons,Minor Injury;Possible Internal Injury,C
183109585,165384364,2022-11-04,Buffalo,NY0140100,13A,B,B,N,F,44,R,Y,XS,Residence/Home,Home,Knife/Cutting Instrument,Possible Internal Injury;Severe Laceration,C
183112515,165386915,2022-11-04,Buffalo,NY0140100,13A,B,B,N,M,15,R,N,,Park/Playground,Park & Playground,Personal Weapons,Minor Injury;Possible Internal Injury,C
183110598,165385238,2022-11-05,Buffalo,NY0140100,13A,W,W,N,M,35,R,N,RU,Bar/Nightclub,Bar & Nightclub,Knife/Cutting Instrument,Severe Laceration,C
183110824,165385423,2022-11-05,Buffalo,NY0140100,13A,B,B,N,M,64,R,N,PA,Residence/Home,Home,Rifle,,C
183112827,165387210,2022-11-05,Buffalo,NY0140100,13A,B,B,N,M,33,R,N,,Highway/Road/Alley/Street/Sidewalk,Street & Sidewalk,Knife/Cutting Instrument,Severe Laceration,C
183112841,165387220,2022-11-05,Buffalo,NY0140100,13A,B,B,N,F,27,R,Y,XS,Highway/Road/Alley/Street/Sidewalk,Street & Sidewalk,Firearm,,C
183635304,165839121,2022-11-06,Buffalo,NY0140100,13A,W,W,N,F,41,R,Y,XS,Highway/Road/Alley/Street/Sidewalk,Street & Sidewalk,Firearm,,C
183110975,165385553,2022-11-07,Buffalo,NY0140100,13A,W,W,N,F,40,R,N,NE,Highway/Road/Alley/Street/Sidewalk,Street & Sidewalk,Personal Weapons,Minor Injury,C
183111043,165385604,2022-11-07,Buffalo,NY0140100,13A,W,W,N,F,34,R,Y,XS,Residence/Home,Home,Personal Weapons,Other Major Injury,C
183109826,165384579,2022-11-08,Buffalo,NY0140100,13A,W,W,N,M,38,R,N,,Convenience Store,Convenience Store,Other;Personal Weapons,Minor Injury;Possible Internal Injury,C
183113894,165388137,2022-11-09,Buffalo,NY0140100,13A,H,W,H,F,33,R,N,AQ,Highway/Road/Alley/Street/Sidewalk,Street & Sidewalk,Knife/Cutting Instrument,,C
183124523,165397442,2022-11-09,Buffalo,NY0140100,13A,W,W,N,F,22,N,Y,XS,Residence/Home,Home,Personal Weapons,,C
183124001,165396971,2022-11-10,Buffalo,NY0140100,13A,B,B,N,F,36,R,Y,SE,Residence/Home,Home,Blunt Object,Minor Injury,C
183124120,165397074,2022-11-10,Buffalo,NY0140100,13A,U,U,U,F,47,R,N,RU,Residence/Home,Home,Firearm,Possible Internal Injury,C
183124885,165397765,2022-11-11,Buffalo,NY0140100,13A,B,B,N,M,50,R,N,AQ,Highway/Road/Alley/Street/Sidewalk,Street & Sidewalk,Knife/Cutting Instrument,,C
183124895,165397771,2022-11-11,Buffalo,NY0140100,13A,B,B,N,F,28,R,Y,XS,Highway/Road/Alley/Street/Sidewalk,Street & Sidewalk,Other,Minor Injury,C
183124912,165397787,2022-11-11,Buffalo,NY0140100,13A,B,B,N,F,33,R,Y,XS,Residence/Home,Home,Firearm,,C
183109451,165384252,2022-11-12,Buffalo,NY0140100,13A,B,B,N,M,29,R,Y,BG,Residence/Home,Home,Knife/Cutting Instrument,Minor Injury,C
183109791,165384547,2022-11-12,Buffalo,NY0140100,13A,B,B,N,F,24,R,Y,BG,Highway/Road/Alley/Street/Sidewalk,Street & Sidewalk,Firearm,,C
183109841,165384590,2022-11-12,Buffalo,NY0140100,13A,W,W,N,M,29,R,N,ST,Highway/Road/Alley/Street/Sidewalk,Street & Sidewalk,Knife/Cutting Instrument,,C
183109889,165384630,2022-11-12,Buffalo,NY0140100,13A,B,B,N,F,23,R,Y,BG,Residence/Home,Home,Other;Personal Weapons,Minor Injury;Unconscious,C
183111584,165386072,2022-11-12,Buffalo,NY0140100,13A,B,B,N,M,34,R,Y,XS,Residence/Home,Home,Knife/Cutting Instrument,,C
187674219,169361422,2022-11-12,Buffalo,NY0140100,13A,H,W,H,M,30,R,N,AQ,Residence/Home,Home,Other,Minor Injury,C
183111666,165386151,2022-11-13,Buffalo,NY0140100,13A,B,B,N,F,53,R,Y,BG,Residence/Home,Home,Knife/Cutting Instrument,,C
183114261,165388494,2022-11-13,Buffalo,NY0140100,13A,B,B,N,M,20,R,Y,XS,Residence/Home,Home,Knife/Cutting Instrument,Minor Injury,C
187674221,169361423,2022-11-13,Buffalo,NY0140100,13A,B,B,N,M,63,R,Y,XS,Residence/Home,Home,Knife/Cutting Instrument,,C
183122785,165395957,2022-11-15,Buffalo,NY0140100,13A,B,B,N,M,23,R,N,AQ,Highway/Road/Alley/Street/Sidewalk,Street & Sidewalk,Firearm,,C
183124594,165397510,2022-11-16,Buffalo,NY0140100,13A,W,W,N,M,51,R,N,AQ,Residence/Home,Home,Other;Personal Weapons,Minor Injury,C
183125272,165398101,2022-11-16,Buffalo,NY0140100,13A,B,B,N,F,20,R,N,CH,Residence/Home,Home,Knife/Cutting Instrument,,C
183125277,165398105,2022-11-16,Buffalo,NY0140100,13A,W,W,N,M,55,R,N,ST,Highway/Road/Alley/Street/Sidewalk,Street & Sidewalk,Blunt Object,,C
183125310,165398135,2022-11-16,Buffalo,NY0140100,13A,H,W,H,M,39,R,N,AQ,Residence/Home,Home,Knife/Cutting Instrument,,C
183113117,165387465,2022-11-17,Buffalo,NY0140100,13A,W,W,N,M,32,R,N,ST,Convenience Store,Convenience Store,Firearm,,C
183125604,165398407,2022-11-17,Buffalo,NY0140100,13A,W,W,N,F,33,R,N,AQ,Residence/Home,Home,Handgun,,C
183125605,165398407,2022-11-17,Buffalo,NY0140100,13A,B,B,N,M,52,R,N,AQ,Residence/Home,Home,Handgun,,C
183661252,165862060,2022-11-17,Buffalo,NY0140100,13A,B,B,U,F,24,R,Y,XS,Highway/Road/Alley/Street/Sidewalk,Street & Sidewalk,Firearm,,C
183661260,165862066,2022-11-17,Buffalo,NY0140100,13A,H,W,H,F,25,R,Y,XS,Highway/Road/Alley/Street/Sidewalk,Street & Sidewalk,Firearm,,C
183109207,165384038,2022-11-18,Buffalo,NY0140100,13A,H,W,H,M,60,R,N,NE,Residence/Home,Home,Other,Minor Injury,C
183109737,165384500,2022-11-18,Buffalo,NY0140100,13A,W,W,N,M,36,R,N,SS,Residence/Home,Home,Knife/Cutting Instrument,Minor Injury,C
183113664,165387924,2022-11-19,Buffalo,NY0140100,13A,B,B,N,M,62,R,N,AQ,Highway/Road/Alley/Street/Sidewalk,Street & Sidewalk,Knife/Cutting Instrument,,C
183113417,165387711,2022-11-21,Buffalo,NY0140100,13A,B,B,N,F,33,R,Y,XS,Residence/Home,Home,Firearm,,C
183119924,165393486,2022-11-21,Buffalo,NY0140100,13A,W,W,N,F,31,R,Y,XS,Residence/Home,Home,Knife/Cutting Instrument,,C
183121951,165395275,2022-11-21,Buffalo,NY0140100,13A,H,W,H,F,28,R,Y,XS,Residence/Home,Home,Personal Weapons,Minor Injury,C
183123968,165396944,2022-11-22,Buffalo,NY0140100,13A,B,B,N,M,52,R,N,AQ,Highway/Road/Alley/Street/Sidewalk,Street & Sidewalk,Firearm,,C
183123969,165396944,2022-11-22,Buffalo,NY0140100,13A,W,W,N,F,33,R,Y,XS,Highway/Road/Alley/Street/Sidewalk,Street & Sidewalk,Firearm,,C
183124357,165397301,2022-11-22,Buffalo,NY0140100,13A,B,B,N,M,28,R,N,NE,Residence/Home,Home,Knife/Cutting Instrument,Severe Laceration,C
183125673,165398459,2022-11-23,Buffalo,NY0140100,13A,B,B,N,F,31,R,Y,BG,Highway/Road/Alley/Street/Sidewalk,Street & Sidewalk,Personal Weapons,Minor Injury;Unconscious,C
183125591,165398394,2022-11-24,Buffalo,NY0140100,13A,B,B,N,M,44,R,N,AQ,Residence/Home,Home,Firearm,,C
183125651,165398442,2022-11-24,Buffalo,NY0140100,13A,B,B,N,F,23,R,N,NE,Residence/Home,Home,Shotgun,,C
183125664,165398454,2022-11-24,Buffalo,NY0140100,13A,B,B,N,F,36,R,N,AQ,Highway/Road/Alley/Street/Sidewalk,Street & Sidewalk,Other,Minor Injury,C
187674536,169361703,2022-11-24,Buffalo,NY0140100,13A,W,W,N,M,38,R,N,RU;ST,Convenience Store,Convenience Store,Knife/Cutting Instrument,,C
183109457,165384257,2022-11-25,Buffalo,NY0140100,13A,B,B,N,M,34,R,N,AQ,Residence/Home,Home,Blunt Object,Minor Injury,C
187631161,169323612,2022-11-26,Buffalo,NY0140100,13A,B,B,N,F,28,R,Y,BG,Residence/Home,Home,Personal Weapons,Minor Injury,C
183661295,165862095,2022-11-27,Buffalo,NY0140100,13A,B,B,N,F,32,R,Y,XS,Parking/Drop Lot/Garage,Parking Lot,Personal Weapons,Minor Injury,C
183661298,165862098,2022-11-27,Buffalo,NY0140100,13A,B,B,N,F,28,R,N,ST,Bar/Nightclub,Bar & Nightclub,Personal Weapons,Minor Injury,C
183124607,165397522,2022-11-28,Buffalo,NY0140100,13A,W,W,N,F,36,R,Y,SE,Residence/Home,Home,Firearm,,C
187674885,169362019,2022-11-28,Buffalo,NY0140100,13A,B,B,N,F,31,R,N,SB,Residence/Home,Home,Knife/Cutting Instrument,Other Major Injury;Severe Laceration,C
183356498,165593709,2022-11-29,Buffalo,NY0140100,13A,B,B,N,F,27,R,Y,XS,Residence/Home,Home,Personal Weapons,Minor Injury;Unconscious,C
183661345,165862140,2022-11-29,Buffalo,NY0140100,13A,W,W,N,F,52,R,N,NE,Residence/Home,Home,Blunt Object,Minor Injury,C
183633949,165837926,2022-11-30,Buffalo,NY0140100,13A,B,B,N,M,24,R,N,,Highway/Road/Alley/Street/Sidewalk,Street & Sidewalk,Firearm,Possible Internal Injury,C
183634393,165838288,2022-11-30,Buffalo,NY0140100,13A,B,B,N,F,34,R,Y,XS,Residence/Home,Home,Knife/Cutting Instrument,,C
183661632,165862384,2022-11-30,Buffalo,NY0140100,13A,W,W,N,F,41,R,Y,BG,Residence/Home,Home,Handgun,,C
187631190,169323640,2022-11-30,Buffalo,NY0140100,13A,B,B,N,F,30,R,Y,SE,Residence/Home,Home,Personal Weapons,Minor Injury,C
183661971,165862679,2022-12-01,Buffalo,NY0140100,13A,W,W,N,M,39,R,N,AQ,Residence/Home,Home,Knife/Cutting Instrument,,C
183661979,165862687,2022-12-01,Buffalo,NY0140100,13A,B,B,N,F,21,R,Y,XS,Residence/Home,Home,Knife/Cutting Instrument,,C
183692412,165889363,2022-12-02,Buffalo,NY0140100,13A,W,W,N,M,47,R,N,AQ,Residence/Home,Home,Knife/Cutting Instrument,Minor Injury,C
183692543,165889479,2022-12-02,Buffalo,NY0140100,13A,W,W,N,M,57,R,N,AQ,Highway/Road/Alley/Street/Sidewalk,Street & Sidewalk,Shotgun,,C
183662679,165863305,2022-12-03,Buffalo,NY0140100,13A,B,B,N,F,61,R,Y,BG,Residence/Home,Home,Knife/Cutting Instrument,Minor Injury,C
187667357,169355230,2022-12-03,Buffalo,NY0140100,13A,W,W,N,M,41,N,N,ST,Parking/Drop Lot/Garage,Parking Lot,Knife/Cutting Instrument,,C
187667372,169355243,2022-12-03,Buffalo,NY0140100,13A,B,B,N,M,53,R,Y,XS,Residence/Home,Home,Knife/Cutting Instrument,Severe Laceration,C
183666712,165866877,2022-12-04,Buffalo,NY0140100,13A,B,B,N,F,28,R,N,SB,Residence/Home,Home,Knife/Cutting Instrument,,C
183659301,165860347,2022-12-05,Buffalo,NY0140100,13A,W,W,N,F,49,R,Y,XS,Residence/Home,Home,Blunt Object;Personal Weapons,Minor Injury,C
183669865,165869656,2022-12-05,Buffalo,NY0140100,13A,B,B,N,F,33,R,Y,BG,Residence/Home,Home,Knife/Cutting Instrument,Minor Injury,C
183659633,165860638,2022-12-06,Buffalo,NY0140100,13A,B,B,N,M,63,R,Y,XS,Residence/Home,Home,Knife/Cutting Instrument,,C
183635567,165839371,2022-12-07,Buffalo,NY0140100,13A,B,B,N,F,27,R,Y,XS,Parking/Drop Lot/Garage,Parking Lot,Firearm,Possible Internal Injury,C
183635568,165839371,2022-12-07,Buffalo,NY0140100,13A,B,B,N,M,51,R,N,ST,Parking/Drop Lot/Garage,Parking Lot,Firearm,Possible Internal Injury,C
183644121,165847023,2022-12-07,Buffalo,NY0140100,13A,B,B,N,F,26,R,Y,XS,Residence/Home,Home,Firearm,,C
183644248,165847141,2022-12-07,Buffalo,NY0140100,13A,W,W,N,F,53,R,N,AQ,Residence/Home,Home,Other,Minor Injury,C
183644252,165847145,2022-12-07,Buffalo,NY0140100,13A,H,B,H,M,14,R,N,,Highway/Road/Alley/Street/Sidewalk,Street & Sidewalk,Other;Personal Weapons,Minor Injury;Possible Internal Injury,C
183644276,165847167,2022-12-07,Buffalo,NY0140100,13A,B,B,N,M,26,R,Y,XS,Residence/Home,Home,Motor Vehicle/Vessel,,C
183659685,165860682,2022-12-07,Buffalo,NY0140100,13A,W,W,N,M,52,R,N,OF,Residence/Home,Home,Firearm,,C
187631710,169324112,2022-12-07,Buffalo,NY0140100,13A,W,W,U,M,53,R,N,,Residence/Home,Home,Knife/Cutting Instrument,,C
187667411,169355276,2022-12-07,Buffalo,NY0140100,13A,B,B,N,M,22,R,Y,RU;SE,Residence/Home,Home,Knife/Cutting Instrument,Minor Injury,C
183635860,165839609,2022-12-08,Buffalo,NY0140100,13A,B,B,N,F,31,R,Y,RU;XS,School-Elementary/Secondary,K-12 School,Knife/Cutting Instrument,Severe Laceration,C
187667525,169355378,2022-12-08,Buffalo,NY0140100,13A,W,W,N,M,40,R,N,,Convenience Store,Convenience Store,Knife/Cutting Instrument,,C
183635979,165839718,2022-12-09,Buffalo,NY0140100,13A,B,B,N,F,26,R,Y,XS,Residence/Home,Home,Personal Weapons,Minor Injury,C
183636052,165839777,2022-12-09,Buffalo,NY0140100,13A,W,W,N,F,25,R,Y,BG,Residence/Home,Home,Personal Weapons,Minor Injury,C
183636240,165839944,2022-12-09,Buffalo,NY0140100,13A,B,B,N,F,20,R,N,SB,Residence/Home,Home,Knife/Cutting Instrument,Apparent Broken Bones,C
183636097,165839818,2022-12-10,Buffalo,NY0140100,13A,B,B,N,F,38,R,Y,SE,Residence/Home,Home,Personal Weapons,Severe Laceration,C
183636119,165839837,2022-12-10,Buffalo,NY0140100,13A,B,B,N,F,44,R,Y,BG,Residence/Home,Home,Knife/Cutting Instrument,,C
183636130,165839845,2022-12-10,Buffalo,NY0140100,13A,W,W,N,F,43,R,Y,BG,Residence/Home,Home,Shotgun,,C
183636208,165839912,2022-12-10,Buffalo,NY0140100,13A,W,W,N,M,27,R,N,AQ,Arena/Stadium/Fairgrounds/Coliseum,Arena & Stadium,Blunt Object,Loss of Teeth;Severe Laceration,C
187686146,169372126,2022-12-10,Buffalo,NY0140100,13A,W,W,N,F,55,R,N,,Convenience Store,Convenience Store,Firearm,,C
183636575,165840233,2022-12-11,Buffalo,NY0140100,13A,B,B,N,M,37,R,N,,Residence/Home,Home,Firearm,,C
183636576,165840233,2022-12-11,Buffalo,NY0140100,13A,B,B,N,F,33,R,N,,Residence/Home,Home,Firearm,,C
183637012,165840629,2022-12-12,Buffalo,NY0140100,13A,B,B,N,F,20,R,Y,BG,Residence/Home,Home,Knife/Cutting Instrument,Minor Injury,C
183637127,165840730,2022-12-13,Buffalo,NY0140100,13A,W,W,N,M,56,R,N,,Parking/Drop Lot/Garage,Parking Lot,Firearm,,C
183637235,165840828,2022-12-13,Buffalo,NY0140100,13A,B,B,N,F,16,R,Y,XS,Residence/Home,Home,Blunt Object,Minor Injury,C
183637246,165840839,2022-12-13,Buffalo,NY0140100,13A,B,B,N,F,16,R,Y,XS,Residence/Home,Home,Other;Personal Weapons,Minor Injury;Possible Internal Injury,C
183691863,165888861,2022-12-13,Buffalo,NY0140100,13A,H,W,H,F,34,R,Y,XS,Highway/Road/Alley/Street/Sidewalk,Street & Sidewalk,Knife/Cutting Instrument,,C
183692824,165889730,2022-12-13,Buffalo,NY0140100,13A,B,B,N,F,27,R,Y,XS,Residence/Home,Home,Firearm,Minor Injury,C
187632119,169324496,2022-12-14,Buffalo,NY0140100,13A,B,B,N,F,21,R,Y,XS,Highway/Road/Alley/Street/Sidewalk,Street & Sidewalk,Firearm,,C
183644176,165847076,2022-12-16,Buffalo,NY0140100,13A,B,B,N,F,21,R,Y,BG,Residence/Home,Home,Firearm,,C
183644194,165847093,2022-12-16,Buffalo,NY0140100,13A,B,B,N,F,25,R,Y,SE,Residence/Home,Home,Personal Weapons,Minor Injury,C
183636169,165839883,2022-12-17,Buffalo,NY0140100,13A,B,B,N,F,50,R,Y,BG,Residence/Home,Home,Firearm,,C
183637212,165840807,2022-12-17,Buffalo,NY0140100,13A,B,B,N,M,31,R,Y,BG,Residence/Home,Home,Blunt Object,Minor Injury,C
183636870,165840498,2022-12-18,Buffalo,NY0140100,13A,B,B,N,F,28,R,Y,BG,Residence/Home,Home,Knife/Cutting Instrument,Minor Injury,C
183637050,165840660,2022-12-19,Buffalo,NY0140100,13A,H,W,H,F,22,R,N,NE,Highway/Road/Alley/Street/Sidewalk,Street & Sidewalk,Firearm,,C
183637051,165840660,2022-12-19,Buffalo,NY0140100,13A,H,W,H,F,21,R,N,NE,Highway/Road/Alley/Street/Sidewalk,Street & Sidewalk,Firearm,,C
183637067,165840674,2022-12-19,Buffalo,NY0140100,13A,H,W,H,M,36,R,Y,BG,Residence/Home,Home,Knife/Cutting Instrument,Minor Injury,C
183637216,165840810,2022-12-20,Buffalo,NY0140100,13A,B,B,N,F,23,R,Y,XS,Residence/Home,Home,Firearm,,C
183637273,165840864,2022-12-20,Buffalo,NY0140100,13A,H,W,H,F,55,R,Y,XS,Residence/Home,Home,Knife/Cutting Instrument,,C
183637442,165841014,2022-12-20,Buffalo,NY0140100,13A,B,B,N,M,12,R,N,CH,Residence/Home,Home,Firearm,,C
183637443,165841014,2022-12-20,Buffalo,NY0140100,13A,B,B,N,M,9,R,N,CH,Residence/Home,Home,Firearm,,C
187632332,169324693,2022-12-21,Buffalo,NY0140100,13A,H,W,H,M,31,R,N,PA,Residence/Home,Home,Knife/Cutting Instrument,Other Major Injury,C
187667553,169355403,2022-12-22,Buffalo,NY0140100,13A,W,W,N,F,45,R,Y,XS,Highway/Road/Alley/Street/Sidewalk,Street & Sidewalk,Knife/Cutting Instrument,,C
187667554,169355403,2022-12-22,Buffalo,NY0140100,13A,W,W,N,M,21,R,N,CF,Highway/Road/Alley/Street/Sidewalk,Street & Sidewalk,Knife/Cutting Instrument,,C
183640952,165844215,2022-12-23,Buffalo,NY0140100,13A,W,W,N,F,29,R,Y,XS,Residence/Home,Home,Personal Weapons,Minor Injury;Unconscious,C
183692143,165889107,2022-12-23,Buffalo,NY0140100,13A,B,B,N,F,28,R,Y,BG,Residence/Home,Home,Personal Weapons,Minor Injury;Unconscious,C
187632337,169324698,2022-12-23,Buffalo,NY0140100,13A,H,W,H,F,20,N,Y,BG,Residence/Home,Home,Personal Weapons,,C
183641144,165844386,2022-12-24,Buffalo,NY0140100,13A,B,B,U,F,,R,Y,SE,Residence/Home,Home,Firearm,,C
187634461,169326572,2022-12-25,Buffalo,NY0140100,13A,B,B,N,F,24,R,N,OF,Residence/Home,Home,Knife/Cutting Instrument,Minor Injury,C
183641650,165844819,2022-12-26,Buffalo,NY0140100,13A,B,B,N,F,43,R,Y,XS,Residence/Home,Home,Firearm,,C
183643007,165846028,2022-12-26,Buffalo,NY0140100,13A,B,B,N,M,61,R,N,,Parking/Drop Lot/Garage,Parking Lot,Motor Vehicle/Vessel,Minor Injury,C
183643097,165846100,2022-12-26,Buffalo,NY0140100,13A,B,B,N,F,56,R,Y,BG,Residence/Home,Home,Knife/Cutting Instrument,,C
187632345,169324705,2022-12-26,Buffalo,NY0140100,13A,W,W,N,M,41,R,N,,Residence/Home,Home,Knife/Cutting Instrument,Possible Internal Injury;Severe Laceration,C
183644304,165847195,2022-12-27,Buffalo,NY0140100,13A,B,B,N,F,28,R,Y,XS,Residence/Home,Home,Firearm,,C
187632363,169324720,2022-12-27,Buffalo,NY0140100,13A,B,B,N,M,42,R,N,,Highway/Road/Alley/Street/Sidewalk,Street & Sidewalk,Knife/Cutting Instrument,Severe Laceration,C
183637720,165841263,2022-12-28,Buffalo,NY0140100,13A,B,B,N,M,31,R,Y,BG,Residence/Home,Home,Knife/Cutting Instrument,Minor Injury,C
183638168,165841686,2022-12-28,Buffalo,NY0140100,13A,B,B,N,M,23,R,N,AQ,Residence/Home,Home,Handgun,,C
183638169,165841686,2022-12-28,Buffalo,NY0140100,13A,B,B,N,F,51,R,N,AQ,Residence/Home,Home,Handgun,,C
187667567,169355415,2022-12-28,Buffalo,NY0140100,13A,B,B,N,M,68,R,N,ST,Other/Unknown,Other & Unknown,Firearm,,C
187668238,169356036,2022-12-28,Buffalo,NY0140100,13A,B,B,N,F,43,R,N,AQ,Residence/Home,Home,Other,Minor Injury,C
183641894,165845042,2022-12-29,Buffalo,NY0140100,13A,H,W,H,M,64,U,N,,Parking/Drop Lot/Garage,Parking Lot,Firearm,,C
187667589,169355436,2022-12-29,Buffalo,NY0140100,13A,W,W,N,M,62,R,N,ST,Highway/Road/Alley/Street/Sidewalk,Street & Sidewalk,Firearm,,C
183643817,165846745,2022-12-30,Buffalo,NY0140100,13A,B,B,N,M,55,R,N,AQ,Highway/Road/Alley/Street/Sidewalk,Street & Sidewalk,Blunt Object,Minor Injury,C
183644214,165847112,2022-12-30,Buffalo,NY0140100,13A,B,B,N,M,15,R,N,ST,Convenience Store,Convenience Store,Firearm,,C
183644324,165847215,2022-12-30,Buffalo,NY0140100,13A,B,B,N,F,33,R,N,PA,Residence/Home,Home,Knife/Cutting Instrument,,C
183644326,165847217,2022-12-30,Buffalo,NY0140100,13A,W,W,N,M,54,R,N,SB,Residence/Home,Home,Blunt Object,Minor Injury,C
183635630,165839429,2022-12-31,Buffalo,NY0140100,13A,H,W,H,F,33,R,Y,XS,Residence/Home,Home,Other,Other Major Injury,C
183635723,165839516,2022-12-31,Buffalo,NY0140100,13A,W,W,U,M,36,R,N,RU,Residence/Home,Home,Personal Weapons,Loss of Teeth;Unconscious,C
187622500,169315773,2022-12-31,Buffalo,NY0140100,13A,H,W,H,F,24,R,Y,BG,Residence/Home,Home,Personal Weapons,Minor Injury,C
187632644,169324969,2023-01-01,Buffalo,NY0140100,13A,B,B,N,M,59,R,Y,XS,Residence/Home,Home,Knife/Cutting Instrument,Minor Injury,C
187632646,169324971,2023-01-01,Buffalo,NY0140100,13A,B,B,N,M,25,R,N,AQ,Highway/Road/Alley/Street/Sidewalk,Street & Sidewalk,Knife/Cutting Instrument,Minor Injury,C
187632652,169324977,2023-01-01,Buffalo,NY0140100,13A,B,B,N,M,24,R,N,SB,Residence/Home,Home,Firearm,,C
187633111,169325384,2023-01-01,Buffalo,NY0140100,13A,B,B,N,M,66,R,N,AQ,Shelter-Mission/Homeless,Shelter,Other,Minor Injury,C
187633152,169325423,2023-01-01,Buffalo,NY0140100,13A,W,W,N,M,20,N,N,OK,Bar/Nightclub,Bar & Nightclub,Personal Weapons,Apparent Broken Bones,C
187633179,169325449,2023-01-01,Buffalo,NY0140100,13A,H,W,H,F,42,R,Y,BG,Residence/Home,Home,Firearm,,C
193669430,174592630,2023-01-01,Buffalo,NY0140100,13A,W,W,N,F,42,N,N,RU,Highway/Road/Alley/Street/Sidewalk,Street & Sidewalk,Knife/Cutting Instrument,Minor Injury,C
193803512,174709830,2023-01-01,Buffalo,NY0140100,13A,B,B,U,F,45,N,N,RU,Highway/Road/Alley/Street/Sidewalk,Street & Sidewalk,Firearm,,C
193808210,174713756,2023-01-01,Buffalo,NY0140100,13A,W,W,N,M,18,R,N,RU,Highway/Road/Alley/Street/Sidewalk,Street & Sidewalk,Firearm,Other Major Injury,C
193808211,174713756,2023-01-01,Buffalo,NY0140100,13A,B,B,N,M,18,R,N,RU,Highway/Road/Alley/Street/Sidewalk,Street & Sidewalk,Firearm,Other Major Injury,C
193808212,174713757,2023-01-01,Buffalo,NY0140100,13A,B,B,N,M,54,R,N,RU,Residence/Home,Home,Firearm,,C
193808761,174714224,2023-01-01,Buffalo,NY0140100,13A,B,B,N,M,25,R,N,RU,Highway/Road/Alley/Street/Sidewalk,Street & Sidewalk,Firearm,Severe Laceration,C
187633191,169325460,2023-01-02,Buffalo,NY0140100,13A,B,B,N,F,50,R,Y,BG,Residence/Home,Home,Knife/Cutting Instrument,Minor Injury,C
187633689,169325909,2023-01-02,Buffalo,NY0140100,13A,B,B,N,F,80,R,N,GP,Residence/Home,Home,Knife/Cutting Instrument,,C
187667842,169355673,2023-01-02,Buffalo,NY0140100,13A,H,W,H,F,32,R,N,SB,Residence/Home,Home,Knife/Cutting Instrument,,C
193808799,174714255,2023-01-02,Buffalo,NY0140100,13A,W,W,N,M,38,R,N,RU,Highway/Road/Alley/Street/Sidewalk,Street & Sidewalk,Firearm,Apparent Broken Bones;Severe Laceration,C
187648726,169338913,2023-01-03,Buffalo,NY0140100,13A,B,B,N,F,25,R,Y,BG,Residence/Home,Home,Firearm,,C
187621523,169314892,2023-01-04,Buffalo,NY0140100,13A,B,B,N,F,26,R,N,AQ,Highway/Road/Alley/Street/Sidewalk,Street & Sidewalk,Knife/Cutting Instrument,Minor Injury,C
187622476,169315750,2023-01-04,Buffalo,NY0140100,13A,B,B,N,F,28,R,Y,BG,Residence/Home,Home,Knife/Cutting Instrument,Minor Injury,C
193808659,174714137,2023-01-04,Buffalo,NY0140100,13A,B,B,N,M,40,R,N,RU,Residence/Home,Home,Firearm,Possible Internal Injury,C
187622519,169315792,2023-01-05,Buffalo,NY0140100,13A,H,U,H,F,26,R,Y,XS,Residence/Home,Home,Personal Weapons,Minor Injury,C
193808668,174714145,2023-01-05,Buffalo,NY0140100,13A,B,B,N,M,31,R,N,ST,Residence/Home,Home,Handgun,Apparent Broken Bones;Other Major Injury;Possible Internal Injury,C
187623994,169317138,2023-01-06,Buffalo,NY0140100,13A,B,B,N,F,17,R,N,AQ,Highway/Road/Alley/Street/Sidewalk,Street & Sidewalk,Personal Weapons,Minor Injury,C
187648737,169338923,2023-01-06,Buffalo,NY0140100,13A,W,W,N,F,48,R,Y,XS,Residence/Home,Home,Firearm,,C
187648974,169339148,2023-01-06,Buffalo,NY0140100,13A,B,B,N,F,52,R,N,PA,Jail/Prison/Penitentiary/Corrections Facility,Jail & Prison,Knife/Cutting Instrument,,C
187648975,169339148,2023-01-06,Buffalo,NY0140100,13A,B,B,N,F,26,N,N,OF,Jail/Prison/Penitentiary/Corrections Facility,Jail & Prison,Knife/Cutting Instrument,,C
187648976,169339148,2023-01-06,Buffalo,NY0140100,13A,B,B,N,M,18,R,N,OF,Jail/Prison/Penitentiary/Corrections Facility,Jail & Prison,Knife/Cutting Instrument,Minor Injury,C
187650727,169340749,2023-01-06,Buffalo,NY0140100,13A,H,W,H,F,28,R,N,,Highway/Road/Alley/Street/Sidewalk,Street & Sidewalk,Firearm,,C
187623609,169316792,2023-01-07,Buffalo,NY0140100,13A,A,A,N,M,31,N,N,AQ,Highway/Road/Alley/Street/Sidewalk,Street & Sidewalk,Blunt Object,Minor Injury,C
187635846,169327756,2023-01-07,Buffalo,NY0140100,13A,U,U,U,F,30,R,Y,XS,Restaurant,Restaurant,Knife/Cutting Instrument,,C
189168894,170665020,2023-01-07,Buffalo,NY0140100,13A,B,B,N,M,24,R,N,,Other/Unknown,Other & Unknown,Firearm,,C
193808675,174714152,2023-01-07,Buffalo,NY0140100,13A,U,U,U,F,18,R,N,RU,Residence/Home,Home,Firearm,Other Major Injury,C
187624006,169317150,2023-01-08,Buffalo,NY0140100,13A,H,B,H,F,61,R,N,AQ,Highway/Road/Alley/Street/Sidewalk,Street & Sidewalk,Firearm,,C
187624008,169317152,2023-01-08,Buffalo,NY0140100,13A,B,B,N,M,31,R,N,AQ,Highway/Road/Alley/Street/Sidewalk,Street & Sidewalk,Other,Minor Injury,C
187624466,169317579,2023-01-08,Buffalo,NY0140100,13A,W,W,N,M,21,R,N,,Highway/Road/Alley/Street/Sidewalk,Street & Sidewalk,Firearm,,C
193807533,174713133,2023-01-08,Buffalo,NY0140100,13A,B,B,N,F,13,R,N,RU,Residence/Home,Home,Firearm,Severe Laceration,C
187631445,169323867,2023-01-09,Buffalo,NY0140100,13A,B,B,N,M,31,R,N,ST,Convenience Store,Convenience Store,Firearm,,C
187635831,169327743,2023-01-09,Buffalo,NY0140100,13A,B,B,N,M,65,R,N,PA,Residence/Home,Home,Knife/Cutting Instrument,,C
187636059,169327946,2023-01-09,Buffalo,NY0140100,13A,B,B,N,F,28,R,N,CH,Residence/Home,Home,Knife/Cutting Instrument,Minor Injury,C
187636064,169327951,2023-01-09,Buffalo,NY0140100,13A,B,B,N,F,21,R,Y,XS,Residence/Home,Home,Knife/Cutting Instrument,Minor Injury,C
193807541,174713141,2023-01-09,Buffalo,NY0140100,13A,B,B,N,F,51,R,N,AQ,Residence/Home,Home,Blunt Object,Other Major Injury,C
209644692,188555270,2023-01-09,Buffalo,NY0140100,13A,W,W,N,F,27,R,Y,XS,Highway/Road/Alley/Street/Sidewalk,Street & Sidewalk,Blunt Object,,C
187629072,169321732,2023-01-10,Buffalo,NY0140100,13A,B,B,N,M,24,R,N,FR,Residence/Home,Home,Firearm,,C
187629124,169321779,2023-01-10,Buffalo,NY0140100,13A,B,B,N,M,38,R,N,ST,Highway/Road/Alley/Street/Sidewalk,Street & Sidewalk,Personal Weapons,,C
187631173,169323623,2023-01-10,Buffalo,NY0140100,13A,W,W,N,F,23,R,Y,BG,Residence/Home,Home,Personal Weapons,Minor Injury,C
193807551,174713150,2023-01-10,Buffalo,NY0140100,13A,B,B,N,M,29,R,N,RU,Department/Discount Store,Department Store,Firearm,,C
193879308,174777038,2023-01-10,Buffalo,NY0140100,13A,B,B,N,F,,R,N,ST,Residence/Home,Home,Blunt Object,,C
187631164,169323615,2023-01-11,Buffalo,NY0140100,13A,W,W,N,F,32,R,Y,BG,Residence/Home,Home,Knife/Cutting Instrument,,C
187631449,169323871,2023-01-11,Buffalo,NY0140100,13A,B,B,N,F,40,R,Y,SE,Residence/Home,Home,Handgun,,C
187631452,169323873,2023-01-11,Buffalo,NY0140100,13A,B,B,N,M,65,R,N,ST,Convenience Store,Convenience Store,Blunt Object,,C
193879309,174777039,2023-01-11,Buffalo,NY0140100,13A,B,B,N,M,24,R,N,RU,Highway/Road/Alley/Street/Sidewalk,Street & Sidewalk,Other,Severe Laceration,C
187624463,169317576,2023-01-12,Buffalo,NY0140100,13A,W,W,N,F,31,R,Y,BG,Residence/Home,Home,Personal Weapons,Minor Injury,C
187624880,169317970,2023-01-12,Buffalo,NY0140100,13A,H,W,H,M,15,R,N,SC,Residence/Home,Home,Firearm;Handgun,,C
187631729,169324129,2023-01-12,Buffalo,NY0140100,13A,W,W,N,F,32,R,Y,SE,Residence/Home,Home,Firearm,Minor Injury,C
187631731,169324131,2023-01-12,Buffalo,NY0140100,13A,W,W,N,M,33,R,Y,XS,Residence/Home,Home,Knife/Cutting Instrument,Minor Injury,C
199467530,179675300,2023-01-12,Buffalo,NY0140100,13A,H,W,H,M,15,R,N,AQ,Highway/Road/Alley/Street/Sidewalk,Street & Sidewalk,Knife/Cutting Instrument,Other Major Injury,C
187632149,169324524,2023-01-14,Buffalo,NY0140100,13A,B,B,N,M,19,R,Y,XS,Residence/Home,Home,Knife/Cutting Instrument,Minor Injury,C
187668280,169356076,2023-01-14,Buffalo,NY0140100,13A,B,B,N,F,36,R,Y,SE,Residence/Home,Home,Firearm,,C
193655028,174579788,2023-01-14,Buffalo,NY0140100,13A,B,B,N,F,40,R,N,OF,Residence/Home,Home,Knife/Cutting Instrument,,C
193807796,174713369,2023-01-14,Buffalo,NY0140100,13A,B,B,N,F,22,R,N,RU,Highway/Road/Alley/Street/Sidewalk,Street & Sidewalk,Other,,C
193807797,174713369,2023-01-14,Buffalo,NY0140100,13A,B,B,N,M,30,R,N,RU,Highway/Road/Alley/Street/Sidewalk,Street & Sidewalk,Other,Minor Injury,C
193809241,174714633,2023-01-14,Buffalo,NY0140100,13A,B,B,N,M,64,R,N,ST,Residence/Home,Home,Knife/Cutting Instrument;Personal Weapons,,C
187668487,169356265,2023-01-15,Buffalo,NY0140100,13A,U,U,U,M,,R,N,ST,Convenience Store,Convenience Store,Firearm,,C
193808661,174714139,2023-01-15,Buffalo,NY0140100,13A,B,B,N,M,31,R,N,RU,Park/Playground,Park & Playground,Knife/Cutting Instrument,Severe Laceration,C
193811288,174716505,2023-01-15,Buffalo,NY0140100,13A,B,B,N,F,41,R,Y,BG;RU,Residence/Home,Home,Knife/Cutting Instrument,Minor Injury,C
193825194,174728803,2023-01-15,Buffalo,NY0140100,13A,W,W,N,F,21,R,N,SB,Residence/Home,Home,Other,Minor Injury,C
193879939,174777606,2023-01-15,Buffalo,NY0140100,13A,B,B,N,F,19,R,N,AQ,Residence/Home,Home,Knife/Cutting Instrument,Minor Injury,C
187631487,169323904,2023-01-16,Buffalo,NY0140100,13A,B,B,N,F,19,R,Y,XS,Residence/Home,Home,Firearm,Minor Injury,C
187648995,169339162,2023-01-16,Buffalo,NY0140100,13A,B,B,N,M,54,R,Y,SE,Highway/Road/Alley/Street/Sidewalk,Street & Sidewalk,Firearm,,C
187649025,169339188,2023-01-16,Buffalo,NY0140100,13A,B,B,N,F,29,R,Y,BG,Residence/Home,Home,Firearm,,C
193807534,174713134,2023-01-16,Buffalo,NY0140100,13A,B,B,N,F,64,R,N,RU,Drug Store/Doctor's Office/Hospital,Hospital & Clinic,Unknown,Apparent Broken Bones,C
187632684,169325007,2023-01-17,Buffalo,NY0140100,13A,H,W,H,F,22,R,Y,BG,Residence/Home,Home,Firearm,,C
187632716,169325034,2023-01-17,Buffalo,NY0140100,13A,B,B,N,F,27,R,Y,XS,Residence/Home,Home,Knife/Cutting Instrument,,C
187632723,169325041,2023-01-17,Buffalo,NY0140100,13A,B,B,N,M,25,R,N,,Restaurant,Restaurant,Firearm,,C
187632927,169325213,2023-01-17,Buffalo,NY0140100,13A,B,B,N,F,24,R,N,ST,Highway/Road/Alley/Street/Sidewalk,Street & Sidewalk,Firearm,,C
187633197,169325466,2023-01-18,Buffalo,NY0140100,13A,W,W,N,F,47,R,Y,BG,Residence/Home,Home,Knife/Cutting Instrument,Minor Injury,C
187633488,169325726,2023-01-18,Buffalo,NY0140100,13A,U,U,U,M,,R,N,ST,Specialty Store,Specialty Store,Firearm,,C
187633743,169325960,2023-01-18,Buffalo,NY0140100,13A,B,B,N,M,38,R,N,AQ,Highway/Road/Alley/Street/Sidewalk,Street & Sidewalk,Firearm,,C
193656851,174581432,2023-01-18,Buffalo,NY0140100,13A,B,B,N,F,33,R,N,ST,Highway/Road/Alley/Street/Sidewalk,Street & Sidewalk,Firearm,,C
193451686,174402193,2023-01-19,Buffalo,NY0140100,13A,B,B,N,M,28,R,N,RU,Parking/Drop Lot/Garage,Parking Lot,Firearm,Minor Injury,C
187626196,169319123,2023-01-20,Buffalo,NY0140100,13A,B,B,N,M,26,R,N,ST,Highway/Road/Alley/Street/Sidewalk,Street & Sidewalk,Motor Vehicle/Vessel,Minor Injury,C
187626497,169319403,2023-01-20,Buffalo,NY0140100,13A,W,W,N,F,35,R,N,SB,Residence/Home,Home,Knife/Cutting Instrument,,C
187626504,169319410,2023-01-20,Buffalo,NY0140100,13A,B,B,N,F,37,R,N,AQ,Residence/Home,Home,Personal Weapons,,C
187626505,169319410,2023-01-20,Buffalo,NY0140100,13A,A,A,N,M,30,R,N,ST,Residence/Home,Home,Personal Weapons,Minor Injury,C
187626514,169319418,2023-01-20,Buffalo,NY0140100,13A,B,B,N,F,28,R,Y,XS,Residence/Home,Home,Personal Weapons,Minor Injury,C
187627103,169319958,2023-01-21,Buffalo,NY0140100,13A,B,B,N,M,59,R,N,,Residence/Home,Home,Knife/Cutting Instrument,,C
187627116,169319968,2023-01-21,Buffalo,NY0140100,13A,W,W,N,M,38,R,N,,Highway/Road/Alley/Street/Sidewalk,Street & Sidewalk,Knife/Cutting Instrument,Severe Laceration,C
187627123,169319973,2023-01-21,Buffalo,NY0140100,13A,H,B,H,F,1,R,N,CH,Residence/Home,Home,Handgun,,C
187627118,169319970,2023-01-22,Buffalo,NY0140100,13A,B,B,N,M,46,R,N,PA,Residence/Home,Home,Firearm,,C
187627120,169319971,2023-01-22,Buffalo,NY0140100,13A,W,W,N,M,29,R,N,NE,Residence/Home,Home,Knife/Cutting Instrument,Severe Laceration,C
187627125,169319974,2023-01-22,Buffalo,NY0140100,13A,B,B,N,F,29,N,N,,Highway/Road/Alley/Street/Sidewalk,Street & Sidewalk,Firearm,Possible Internal Injury,C
187627135,169319984,2023-01-22,Buffalo,NY0140100,13A,B,B,N,F,32,R,Y,XS,Residence/Home,Home,Firearm;Personal Weapons,,C
187627475,169320289,2023-01-22,Buffalo,NY0140100,13A,B,B,N,M,40,R,Y,XS,Residence/Home,Home,Firearm,Minor Injury,C
187627479,169320293,2023-01-22,Buffalo,NY0140100,13A,B,B,N,F,23,R,N,AQ,Highway/Road/Alley/Street/Sidewalk,Street & Sidewalk,Motor Vehicle/Vessel,Apparent Broken Bones,C
187668715,169356476,2023-01-22,Buffalo,NY0140100,13A,B,B,N,M,20,R,N,AQ,Highway/Road/Alley/Street/Sidewalk,Street & Sidewalk,Firearm,,C
187668936,169356677,2023-01-23,Buffalo,NY0140100,13A,W,W,N,F,34,R,Y,XS,Government/Public Building,Government Building,Personal Weapons,,C
189173527,170669217,2023-01-23,Buffalo,NY0140100,13A,B,B,N,F,38,R,N,PA,Residence/Home,Home,Knife/Cutting Instrument,,C
187629153,169321803,2023-01-24,Buffalo,NY0140100,13A,B,B,N,F,43,R,Y,XS,Residence/Home,Home,Knife/Cutting Instrument,Minor Injury,C
187629184,169321834,2023-01-24,Buffalo,NY0140100,13A,B,B,N,M,36,R,Y,XS,Residence/Home,Home,Knife/Cutting Instrument,Severe Laceration,C
187668962,169356700,2023-01-24,Buffalo,NY0140100,13A,H,W,H,F,58,R,N,AQ,Residence/Home,Home,Knife/Cutting Instrument,,C
193807678,174713260,2023-01-24,Buffalo,NY0140100,13A,B,B,N,M,26,R,N,RU,Residence/Home,Home,Knife/Cutting Instrument,Severe Laceration,C
187649318,169339461,2023-01-25,Buffalo,NY0140100,13A,W,W,N,M,22,R,N,OF,Residence/Home,Home,Knife/Cutting Instrument,,C
187649422,169339561,2023-01-25,Buffalo,NY0140100,13A,B,B,N,M,,R,N,FR,Residence/Home,Home,Knife/Cutting Instrument,Severe Laceration,C
187674903,169362033,2023-01-25,Buffalo,NY0140100,13A,W,W,N,F,46,N,N,AQ,Residence/Home,Home,Personal Weapons,Apparent Broken Bones;Severe Laceration,C
187674906,169362036,2023-01-25,Buffalo,NY0140100,13A,B,B,N,F,21,R,Y,XS,Residence/Home,Home,Knife/Cutting Instrument,,C
187622554,169315824,2023-01-26,Buffalo,NY0140100,13A,B,B,N,F,62,R,N,NE,Residence/Home,Home,Handgun,,C
187649401,169339540,2023-01-26,Buffalo,NY0140100,13A,B,B,N,F,35,R,Y,XS,Residence/Home,Home,Knife/Cutting Instrument,,C
187649432,169339570,2023-01-26,Buffalo,NY0140100,13A,B,B,N,F,32,R,Y,BG,Residence/Home,Home,Blunt Object;Personal Weapons,Minor Injury,C
187649589,169339716,2023-01-26,Buffalo,NY0140100,13A,H,W,H,M,22,R,N,FR,Residence/Home,Home,Knife/Cutting Instrument;Personal Weapons,Minor Injury,C
187649590,169339716,2023-01-26,Buffalo,NY0140100,13A,H,W,H,M,18,R,N,FR,Residence/Home,Home,Knife/Cutting Instrument;Personal Weapons,Minor Injury,C
187674924,169362053,2023-01-26,Buffalo,NY0140100,13A,B,B,N,F,18,R,Y,XS,Residence/Home,Home,Knife/Cutting Instrument,Minor Injury,C
187623150,169316391,2023-01-27,Buffalo,NY0140100,13A,B,B,N,F,23,R,Y,BG,Residence/Home,Home,Personal Weapons,Minor Injury,C
187623160,169316400,2023-01-27,Buffalo,NY0140100,13A,B,B,N,M,41,R,N,,Highway/Road/Alley/Street/Sidewalk,Street & Sidewalk,Knife/Cutting Instrument,Other Major Injury,C
193807547,174713146,2023-01-27,Buffalo,NY0140100,13A,W,W,N,M,41,R,N,NE,Residence/Home,Home,Personal Weapons,Minor Injury,C
193808164,174713719,2023-01-27,Buffalo,NY0140100,13A,H,W,H,M,21,R,N,AQ,Residence/Home,Home,Personal Weapons,Minor Injury,C
187623164,169316404,2023-01-28,Buffalo,NY0140100,13A,W,W,N,F,37,R,Y,BG,Residence/Home,Home,Other,Minor Injury,C
187623165,169316405,2023-01-28,Buffalo,NY0140100,13A,B,B,N,M,32,R,Y,BG,Residence/Home,Home,Knife/Cutting Instrument,Severe Laceration,C
187666556,169354518,2023-01-28,Buffalo,NY0140100,13A,W,W,N,F,30,R,Y,BG,Residence/Home,Home,Personal Weapons,Minor Injury,C
193807543,174713142,2023-01-28,Buffalo,NY0140100,13A,W,W,N,M,44,R,N,AQ,Highway/Road/Alley/Street/Sidewalk,Street & Sidewalk,Knife/Cutting Instrument,,C
193807554,174713152,2023-01-28,Buffalo,NY0140100,13A,B,B,N,M,20,R,N,RU,Highway/Road/Alley/Street/Sidewalk,Street & Sidewalk,Firearm,Other Major Injury;Possible Internal Injury,C
193825156,174728767,2023-01-28,Buffalo,NY0140100,13A,B,B,N,M,24,R,N,RU,Highway/Road/Alley/Street/Sidewalk,Street & Sidewalk,Knife/Cutting Instrument,Severe Laceration,C
187631488,169323905,2023-01-29,Buffalo,NY0140100,13A,B,B,N,F,25,R,Y,BG,Residence/Home,Home,Personal Weapons,Minor Injury,C
193807549,174713148,2023-01-29,Buffalo,NY0140100,13A,B,B,N,F,49,R,N,RU,Bar/Nightclub,Bar & Nightclub,Firearm,Other Major Injury;Possible Internal Injury,C
193807550,174713149,2023-01-29,Buffalo,NY0140100,13A,W,W,N,M,36,R,N,RU,Parking/Drop Lot/Garage,Parking Lot,Firearm,Other Major Injury,C
187623643,169316819,2023-01-30,Buffalo,NY0140100,13A,B,B,N,F,53,R,Y,XS,Residence/Home,Home,Knife/Cutting Instrument,Minor Injury,C
187631773,169324172,2023-01-30,Buffalo,NY0140100,13A,B,B,N,F,19,R,Y,BG,Residence/Home,Home,Knife/Cutting Instrument,,C
187623693,169316866,2023-01-31,Buffalo,NY0140100,13A,B,B,N,F,37,R,Y,BG,Residence/Home,Home,Other,Minor Injury,C
187624034,169317178,2023-01-31,Buffalo,NY0140100,13A,B,B,N,M,36,R,N,,Residence/Home,Home,Firearm,,C
187624072,169317214,2023-01-31,Buffalo,NY0140100,13A,A,A,N,M,66,R,N,PA,Residence/Home,Home,Knife/Cutting Instrument;Personal Weapons,Minor Injury,C
187624073,169317214,2023-01-31,Buffalo,NY0140100,13A,A,A,N,M,37,R,N,SB,Residence/Home,Home,Knife/Cutting Instrument;Personal Weapons,Minor Injury,C
189176261,170671762,2023-01-31,Buffalo,NY0140100,13A,B,B,N,F,25,R,N,FR,Residence/Home,Home,Other,Minor Injury,C
193807647,174713233,2023-01-31,Buffalo,NY0140100,13A,A,A,N,M,41,R,N,RU,Convenience Store,Convenience Store,Firearm,,C
193807669,174713253,2023-01-31,Buffalo,NY0140100,13A,B,B,N,M,30,R,N,RU,Parking/Drop Lot/Garage,Parking Lot,Firearm,Severe Laceration,C
187666559,169354521,2023-02-02,Buffalo,NY0140100,13A,W,W,N,F,45,R,N,ST,Highway/Road/Alley/Street/Sidewalk,Street & Sidewalk,Knife/Cutting Instrument,,C
187666581,169354538,2023-02-02,Buffalo,NY0140100,13A,B,B,N,F,32,R,Y,BG,Residence/Home,Home,Knife/Cutting Instrument,,C
187669434,169357129,2023-02-02,Buffalo,NY0140100,13A,B,B,N,M,34,N,N,,Highway/Road/Alley/Street/Sidewalk,Street & Sidewalk,Blunt Object;Personal Weapons,Apparent Broken Bones;Severe Laceration,C
187669441,169357136,2023-02-02,Buffalo,NY0140100,13A,W,W,N,M,39,R,N,NE,Residence/Home,Home,Knife/Cutting Instrument,Minor Injury,C
193809123,174714531,2023-02-02,Buffalo,NY0140100,13A,B,B,N,M,32,R,N,AQ,Residence/Home,Home,Knife/Cutting Instrument,,C
203642701,183321645,2023-02-02,Buffalo,NY0140100,13A,B,B,N,F,54,R,N,RU;ST,Highway/Road/Alley/Street/Sidewalk,Street & Sidewalk,Personal Weapons,Other Major Injury,C
205846651,185244592,2023-02-02,Buffalo,NY0140100,13A,W,W,N,F,36,R,Y,BG,Residence/Home,Home,Personal Weapons,Minor Injury,C
187666807,169354746,2023-02-03,Buffalo,NY0140100,13A,B,B,N,F,96,R,N,GP,Residence/Home,Home,Personal Weapons,,C
189179069,170674381,2023-02-03,Buffalo,NY0140100,13A,W,W,N,M,39,R,N,ST,Highway/Road/Alley/Street/Sidewalk,Street & Sidewalk,Firearm,,C
189179070,170674381,2023-02-03,Buffalo,NY0140100,13A,A,A,N,M,25,R,N,ST,Highway/Road/Alley/Street/Sidewalk,Street & Sidewalk,Firearm,,C
209558608,188477794,2023-02-03,Buffalo,NY0140100,13A,W,W,N,M,32,R,N,,Service/Gas Station,Gas Station,Personal Weapons,Apparent Broken Bones,C
187667237,169355128,2023-02-04,Buffalo,NY0140100,13A,B,B,N,F,49,R,Y,BG,Residence/Home,Home,Knife/Cutting Instrument,Minor Injury,C
193808579,174714080,2023-02-04,Buffalo,NY0140100,13A,W,W,N,M,21,N,N,AQ,Bar/Nightclub,Bar & Nightclub,Blunt Object,Loss of Teeth,C
187667425,169355289,2023-02-05,Buffalo,NY0140100,13A,B,B,N,M,19,R,N,,Highway/Road/Alley/Street/Sidewalk,Street & Sidewalk,Firearm,Possible Internal Injury,C
187675676,169362750,2023-02-05,Buffalo,NY0140100,13A,W,W,N,M,27,R,N,,Highway/Road/Alley/Street/Sidewalk,Street & Sidewalk,Other,Minor Injury,C
187675677,169362750,2023-02-05,Buffalo,NY0140100,13A,W,W,N,F,37,R,N,,Highway/Road/Alley/Street/Sidewalk,Street & Sidewalk,Other,Minor Injury,C
187667597,169355444,2023-02-06,Buffalo,NY0140100,13A,H,W,H,F,25,R,Y,BG,Residence/Home,Home,Personal Weapons,Minor Injury,C
187680670,169367251,2023-02-07,Buffalo,NY0140100,13A,W,W,N,M,61,N,N,,Highway/Road/Alley/Street/Sidewalk,Street & Sidewalk,Firearm,,C
189182106,170677236,2023-02-07,Buffalo,NY0140100,13A,B,B,N,M,58,R,N,,Highway/Road/Alley/Street/Sidewalk,Street & Sidewalk,Firearm,,C
193808606,174714099,2023-02-07,Buffalo,NY0140100,13A,B,B,N,M,28,R,N,RU,Highway/Road/Alley/Street/Sidewalk,Street & Sidewalk,Firearm,Possible Internal Injury,C
193808730,174714198,2023-02-07,Buffalo,NY0140100,13A,W,W,N,M,28,R,N,RU,Highway/Road/Alley/Street/Sidewalk,Street & Sidewalk,Firearm,Other Major Injury,C
193808920,174714360,2023-02-07,Buffalo,NY0140100,13A,H,W,H,M,61,R,N,FR,Residence/Home,Home,Blunt Object,Other Major Injury;Unconscious,C
187676064,169363094,2023-02-08,Buffalo,NY0140100,13A,B,B,N,F,37,R,Y,XS,Residence/Home,Home,Handgun,,C
187677076,169363993,2023-02-08,Buffalo,NY0140100,13A,B,B,N,F,39,R,Y,XS,Residence/Home,Home,Blunt Object;Personal Weapons,,C
187677094,169364010,2023-02-08,Buffalo,NY0140100,13A,W,W,U,F,21,R,N,,Highway/Road/Alley/Street/Sidewalk,Street & Sidewalk,Firearm,,C
193670106,174593235,2023-02-08,Buffalo,NY0140100,13A,B,B,N,F,30,R,Y,RU;XS,Residence/Home,Home,Personal Weapons,,C
187673028,169360382,2023-02-09,Buffalo,NY0140100,13A,W,W,N,M,39,R,N,AQ,Highway/Road/Alley/Street/Sidewalk,Street & Sidewalk,Firearm,,C
187673037,169360390,2023-02-09,Buffalo,NY0140100,13A,B,B,N,M,22,R,N,SB,Residence/Home,Home,Knife/Cutting Instrument,Minor Injury,C
187673207,169360551,2023-02-09,Buffalo,NY0140100,13A,B,B,N,M,34,R,N,PA,Residence/Home,Home,Knife/Cutting Instrument,,C
187678056,169364890,2023-02-09,Buffalo,NY0140100,13A,W,W,N,M,19,R,N,AQ,Residence/Home,Home,Firearm,,C
187673418,169360742,2023-02-10,Buffalo,NY0140100,13A,W,W,N,M,65,N,N,ST,Drug Store/Doctor's Office/Hospital,Hospital & Clinic,Knife/Cutting Instrument,,C
187673439,169360761,2023-02-10,Buffalo,NY0140100,13A,B,B,N,M,30,R,N,ST,Residence/Home,Home,Knife/Cutting Instrument,Severe Laceration,C
187673947,169361169,2023-02-11,Buffalo,NY0140100,13A,B,B,N,F,35,R,Y,XS,Residence/Home,Home,Firearm,,C
193808582,174714083,2023-02-11,Buffalo,NY0140100,13A,W,W,N,M,50,R,N,RU,Highway/Road/Alley/Street/Sidewalk,Street & Sidewalk,Blunt Object,Severe Laceration,C
187685157,169371254,2023-02-12,Buffalo,NY0140100,13A,B,B,U,M,23,R,N,RU,Highway/Road/Alley/Street/Sidewalk,Street & Sidewalk,Shotgun,Minor Injury,C
187693370,169378272,2023-02-12,Buffalo,NY0140100,13A,W,W,N,F,27,R,Y,SE,Residence/Home,Home,Personal Weapons,Minor Injury;Unconscious,C
199523873,179726297,2023-02-12,Buffalo,NY0140100,13A,H,W,H,M,59,R,N,ST,Bar/Nightclub,Bar & Nightclub,Firearm,Possible Internal Injury,C
199523874,179726297,2023-02-12,Buffalo,NY0140100,13A,B,B,N,M,51,R,N,ST,Bar/Nightclub,Bar & Nightclub,Firearm,Possible Internal Injury,C
187674586,169361746,2023-02-13,Buffalo,NY0140100,13A,W,W,N,F,35,R,Y,XS,Highway/Road/Alley/Street/Sidewalk,Street & Sidewalk,,,C
187674607,169361765,2023-02-13,Buffalo,NY0140100,13A,B,B,N,F,42,R,N,ST,Parking/Drop Lot/Garage,Parking Lot,Other,,C
187674945,169362072,2023-02-13,Buffalo,NY0140100,13A,B,B,N,F,19,R,N,OF,Residence/Home,Home,Personal Weapons,Minor Injury,C
187675237,169362344,2023-02-14,Buffalo,NY0140100,13A,B,B,N,F,22,R,Y,XS,Residence/Home,Home,Firearm,,C
187675504,169362587,2023-02-14,Buffalo,NY0140100,13A,H,W,H,F,52,R,N,GP,Residence/Home,Home,Knife/Cutting Instrument,,C
187675766,169362828,2023-02-14,Buffalo,NY0140100,13A,B,B,U,M,42,R,N,,Highway/Road/Alley/Street/Sidewalk,Street & Sidewalk,Firearm,Severe Laceration,C
187675767,169362828,2023-02-14,Buffalo,NY0140100,13A,B,B,U,M,14,R,N,,Highway/Road/Alley/Street/Sidewalk,Street & Sidewalk,Firearm,Severe Laceration,C
187675768,169362828,2023-02-14,Buffalo,NY0140100,13A,B,B,U,F,14,R,N,,Highway/Road/Alley/Street/Sidewalk,Street & Sidewalk,Firearm,Severe Laceration,C
187675769,169362828,2023-02-14,Buffalo,NY0140100,13A,B,B,U,F,13,R,N,,Highway/Road/Alley/Street/Sidewalk,Street & Sidewalk,Firearm,Severe Laceration,C
187675770,169362828,2023-02-14,Buffalo,NY0140100,13A,B,B,U,F,16,R,N,,Highway/Road/Alley/Street/Sidewalk,Street & Sidewalk,Firearm,Severe Laceration,C
193808594,174714091,2023-02-14,Buffalo,NY0140100,13A,B,B,N,F,17,R,N,OF,Residence/Home,Home,Knife/Cutting Instrument,,C
193808597,174714093,2023-02-14,Buffalo,NY0140100,13A,W,W,N,M,61,R,N,RU,Bar/Nightclub,Bar & Nightclub,Personal Weapons,Minor Injury,C
208329230,187410236,2023-02-14,Buffalo,NY0140100,13A,B,B,N,F,41,R,N,RU,Residence/Home,Home,Personal Weapons,,C
187676074,169363103,2023-02-15,Buffalo,NY0140100,13A,B,B,N,F,19,R,Y,BG,Residence/Home,Home,Knife/Cutting Instrument,Minor Injury,C
187676075,169363104,2023-02-15,Buffalo,NY0140100,13A,B,B,N,F,38,R,Y,XS,Highway/Road/Alley/Street/Sidewalk,Street & Sidewalk,Firearm,,C
187676235,169363240,2023-02-15,Buffalo,NY0140100,13A,B,B,N,F,27,R,Y,XS,Residence/Home,Home,Other,Severe Laceration,C
187676245,169363250,2023-02-15,Buffalo,NY0140100,13A,B,B,N,F,41,R,Y,SE,Residence/Home,Home,Personal Weapons,,C
193808602,174714096,2023-02-15,Buffalo,NY0140100,13A,H,W,H,M,18,R,N,RU,Highway/Road/Alley/Street/Sidewalk,Street & Sidewalk,Rifle,Severe Laceration,C
193808603,174714096,2023-02-15,Buffalo,NY0140100,13A,B,B,N,M,18,R,N,RU,Highway/Road/Alley/Street/Sidewalk,Street & Sidewalk,Rifle,Severe Laceration,C
193808607,174714100,2023-02-15,Buffalo,NY0140100,13A,B,B,N,M,51,R,N,RU,Residence/Home,Home,Knife/Cutting Instrument,Severe Laceration,C
187668306,169356101,2023-02-16,Buffalo,NY0140100,13A,B,B,N,F,33,R,Y,XS,Highway/Road/Alley/Street/Sidewalk,Street & Sidewalk,Other,,C
193878967,174776763,2023-02-16,Buffalo,NY0140100,13A,B,B,N,M,50,R,N,RU,Highway/Road/Alley/Street/Sidewalk,Street & Sidewalk,Other,Severe Laceration,C
187668358,169356149,2023-02-17,Buffalo,NY0140100,13A,B,B,N,M,32,R,Y,BG,Residence/Home,Home,Knife/Cutting Instrument,,C
187668569,169356344,2023-02-17,Buffalo,NY0140100,13A,W,W,N,M,85,N,N,ST,Highway/Road/Alley/Street/Sidewalk,Street & Sidewalk,Knife/Cutting Instrument;Other,,C
193655102,174579857,2023-02-17,Buffalo,NY0140100,13A,B,B,N,M,25,R,N,RU,Highway/Road/Alley/Street/Sidewalk,Street & Sidewalk,Firearm,,C
193879310,174777040,2023-02-17,Buffalo,NY0140100,13A,W,W,N,M,50,R,N,RU,Bar/Nightclub,Bar & Nightclub,Knife/Cutting Instrument,Possible Internal Injury;Severe Laceration,C
195858491,176508072,2023-02-17,Buffalo,NY0140100,13A,H,W,H,F,52,R,Y,XS,Residence/Home,Home,Knife/Cutting Instrument,,C
193808921,174714361,2023-02-18,Buffalo,NY0140100,13A,H,W,H,F,30,R,N,RU,Parking/Drop Lot/Garage,Parking Lot,Firearm,,C
187668989,169356727,2023-02-19,Buffalo,NY0140100,13A,B,B,N,F,21,R,Y,BG,Residence/Home,Home,Personal Weapons,Minor Injury,C
187668993,169356731,2023-02-19,Buffalo,NY0140100,13A,B,B,U,M,29,R,Y,BG,Residence/Home,Home,Knife/Cutting Instrument,Other Major Injury,C
187669002,169356739,2023-02-19,Buffalo,NY0140100,13A,W,W,N,F,55,R,N,PA,Residence/Home,Home,Personal Weapons,Minor Injury,C
187669004,169356741,2023-02-19,Buffalo,NY0140100,13A,W,W,U,M,21,R,N,,Residence/Home,Home,Personal Weapons,Minor Injury,C
193451998,174402470,2023-02-19,Buffalo,NY0140100,13A,B,B,N,M,41,R,N,ST,Highway/Road/Alley/Street/Sidewalk,Street & Sidewalk,Knife/Cutting Instrument,,C
193808924,174714364,2023-02-19,Buffalo,NY0140100,13A,B,B,U,M,41,R,N,RU,Highway/Road/Alley/Street/Sidewalk,Street & Sidewalk,Knife/Cutting Instrument,Minor Injury,C
187669470,169357161,2023-02-20,Buffalo,NY0140100,13A,B,B,N,F,20,R,Y,BG,Residence/Home,Home,Firearm,,C
189183734,170678772,2023-02-20,Buffalo,NY0140100,13A,B,B,N,M,19,R,N,OF,Convenience Store,Convenience Store,Blunt Object;Personal Weapons,Minor Injury,C
193808928,174714367,2023-02-20,Buffalo,NY0140100,13A,B,B,U,M,21,R,N,RU,Residence/Home,Home,Firearm,Other Major Injury,C
193808929,174714368,2023-02-20,Buffalo,NY0140100,13A,B,B,N,M,14,R,N,RU,Highway/Road/Alley/Street/Sidewalk,Street & Sidewalk,Firearm,Apparent Broken Bones;Possible Internal Injury,C
187666643,169354597,2023-02-21,Buffalo,NY0140100,13A,B,B,U,F,23,R,Y,XS,Residence/Home,Home,Blunt Object,Minor Injury,C
187666646,169354600,2023-02-21,Buffalo,NY0140100,13A,U,U,N,M,58,R,N,,Convenience Store,Convenience Store,Knife/Cutting Instrument,,C
187666647,169354600,2023-02-21,Buffalo,NY0140100,13A,U,U,N,M,44,R,N,,Convenience Store,Convenience Store,Knife/Cutting Instrument,,C
187667059,169354972,2023-02-22,Buffalo,NY0140100,13A,B,B,U,F,29,R,Y,BG,Residence/Home,Home,Personal Weapons,Minor Injury,C
187667286,169355176,2023-02-22,Buffalo,NY0140100,13A,B,B,N,F,26,R,N,RU,Residence/Home,Home,Knife/Cutting Instrument,,C
187667619,169355464,2023-02-22,Buffalo,NY0140100,13A,B,B,N,F,31,R,Y,XS,Residence/Home,Home,Knife/Cutting Instrument,Minor Injury,C
193759447,174671174,2023-02-22,Buffalo,NY0140100,13A,W,W,N,F,42,R,N,AQ,Residence/Home,Home,Personal Weapons,,C
187667658,169355501,2023-02-23,Buffalo,NY0140100,13A,B,B,N,M,31,R,Y,BG,Residence/Home,Home,Shotgun,,C
187667665,169355507,2023-02-23,Buffalo,NY0140100,13A,B,B,N,F,22,R,Y,XS,Residence/Home,Home,Personal Weapons,Minor Injury,C
193808580,174714081,2023-02-23,Buffalo,NY0140100,13A,W,W,N,F,54,R,N,AQ,Residence/Home,Home,Knife/Cutting Instrument,,C
187667928,169355754,2023-02-24,Buffalo,NY0140100,13A,B,B,N,M,37,R,Y,BG,Residence/Home,Home,Knife/Cutting Instrument,Severe Laceration,C
187668089,169355903,2023-02-25,Buffalo,NY0140100,13A,B,B,N,F,34,R,N,NE,Residence/Home,Home,Knife/Cutting Instrument;Personal Weapons,Severe Laceration,C
187668386,169356175,2023-02-25,Buffalo,NY0140100,13A,B,B,N,F,45,R,Y,XS,Residence/Home,Home,Other,Other Major Injury;Possible Internal Injury,C
189185800,170680695,2023-02-25,Buffalo,NY0140100,13A,B,B,N,F,55,R,Y,BG,Residence/Home,Home,Knife/Cutting Instrument,Minor Injury,C
199468383,179676089,2023-02-25,Buffalo,NY0140100,13A,H,W,H,M,25,R,N,NE,Residence/Home,Home,Knife/Cutting Instrument,,C
208329234,187410239,2023-02-26,Buffalo,NY0140100,13A,B,B,N,M,37,R,Y,BG,Residence/Home,Home,Knife/Cutting Instrument,,C
187677107,169364020,2023-02-27,Buffalo,NY0140100,13A,B,B,N,M,35,R,N,AQ,Parking/Drop Lot/Garage,Parking Lot,Knife/Cutting Instrument,Severe Laceration,C
193879228,174776976,2023-02-27,Buffalo,NY0140100,13A,U,U,N,M,50,R,N,RU,Highway/Road/Alley/Street/Sidewalk,Street & Sidewalk,Firearm,,C
187672861,169360230,2023-02-28,Buffalo,NY0140100,13A,W,W,N,F,27,R,N,NE,Highway/Road/Alley/Street/Sidewalk,Street & Sidewalk,Knife/Cutting Instrument,,C
187672877,169360245,2023-02-28,Buffalo,NY0140100,13A,B,B,N,F,45,R,N,AQ,Highway/Road/Alley/Street/Sidewalk,Street & Sidewalk,Motor Vehicle/Vessel,,C
189205621,170698439,2023-02-28,Buffalo,NY0140100,13A,B,B,N,F,18,R,Y,BG,Residence/Home,Home,Knife/Cutting Instrument,Other Major Injury;Possible Internal Injury,C
193808598,174714094,2023-02-28,Buffalo,NY0140100,13A,B,B,N,M,41,R,N,AQ,Convenience Store,Convenience Store,Knife/Cutting Instrument,Minor Injury,C
193808604,174714097,2023-02-28,Buffalo,NY0140100,13A,W,W,N,M,56,R,N,RU,Highway/Road/Alley/Street/Sidewalk,Street & Sidewalk,Knife/Cutting Instrument,Severe Laceration,C
193810632,174715911,2023-02-28,Buffalo,NY0140100,13A,B,B,N,M,47,R,N,SB,Residence/Home,Home,Knife/Cutting Instrument;Personal Weapons,Severe Laceration,C
189205628,170698446,2023-03-01,Buffalo,NY0140100,13A,W,W,N,M,36,R,N,AQ,Residence/Home,Home,Knife/Cutting Instrument,Minor Injury,C
189205888,170698687,2023-03-01,Buffalo,NY0140100,13A,W,W,N,F,47,R,N,PA,Residence/Home,Home,Knife/Cutting Instrument,Minor Injury,C
189205913,170698712,2023-03-01,Buffalo,NY0140100,13A,B,B,N,F,57,R,Y,BG,Residence/Home,Home,Firearm,,C
193808833,174714278,2023-03-01,Buffalo,NY0140100,13A,B,B,N,F,15,R,N,RU,Highway/Road/Alley/Street/Sidewalk,Street & Sidewalk,Firearm,,C
189242784,170731711,2023-03-02,Buffalo,NY0140100,13A,W,W,N,M,57,R,N,NE,Residence/Home,Home,Other,Minor Injury,C
189242806,170731733,2023-03-02,Buffalo,NY0140100,13A,B,B,N,F,18,R,Y,XS,Residence/Home,Home,Handgun,,C
189169322,170665402,2023-03-03,Buffalo,NY0140100,13A,B,B,N,M,22,R,Y,XS,Highway/Road/Alley/Street/Sidewalk,Street & Sidewalk,Motor Vehicle/Vessel;Other,Minor Injury,C
189169417,170665490,2023-03-03,Buffalo,NY0140100,13A,W,W,N,F,47,R,N,PA,Residence/Home,Home,Other,Severe Laceration,C
189169547,170665602,2023-03-03,Buffalo,NY0140100,13A,B,B,N,F,21,R,N,AQ,Residence/Home,Home,Knife/Cutting Instrument,,C
189176488,170671969,2023-03-04,Buffalo,NY0140100,13A,B,B,N,F,20,R,N,,Highway/Road/Alley/Street/Sidewalk,Street & Sidewalk,Firearm,,C
189176907,170672359,2023-03-04,Buffalo,NY0140100,13A,B,B,N,F,21,N,Y,XS,Residence/Home,Home,Other,Other Major Injury,C
189257288,170744767,2023-03-04,Buffalo,NY0140100,13A,W,W,N,F,60,R,N,OF,Residence/Home,Home,Personal Weapons,Minor Injury,C
189257293,170744772,2023-03-04,Buffalo,NY0140100,13A,B,B,N,F,26,R,Y,BG,Residence/Home,Home,Personal Weapons,Minor Injury;Unconscious,C
189179461,170674741,2023-03-05,Buffalo,NY0140100,13A,W,W,N,F,39,R,N,AQ,Highway/Road/Alley/Street/Sidewalk,Street & Sidewalk,Firearm,,C
189179611,170674886,2023-03-05,Buffalo,NY0140100,13A,B,B,N,M,39,R,N,,Residence/Home,Home,Knife/Cutting Instrument,Minor Injury,C
189182510,170677623,2023-03-05,Buffalo,NY0140100,13A,B,B,N,F,30,R,Y,XS,Residence/Home,Home,Firearm,,C
193449578,174400278,2023-03-05,Buffalo,NY0140100,13A,W,W,N,F,37,N,N,SB,Residence/Home,Home,Personal Weapons,Minor Injury,C
193808840,174714285,2023-03-05,Buffalo,NY0140100,13A,U,U,U,M,15,R,N,RU,Highway/Road/Alley/Street/Sidewalk,Street & Sidewalk,Firearm,Other Major Injury,C
189183763,170678801,2023-03-06,Buffalo,NY0140100,13A,B,B,N,F,42,N,N,OF,Residence/Home,Home,Firearm,,C
193808301,174713832,2023-03-06,Buffalo,NY0140100,13A,W,W,N,F,39,R,N,RU,Highway/Road/Alley/Street/Sidewalk,Street & Sidewalk,Firearm,,C
189185984,170680868,2023-03-07,Buffalo,NY0140100,13A,B,B,U,F,36,N,Y,XS,Residence/Home,Home,Knife/Cutting Instrument,Minor Injury,C
209559688,188478819,2023-03-07,Buffalo,NY0140100,13A,B,B,N,F,26,R,N,,Convenience Store,Convenience Store,Knife/Cutting Instrument,,C
189199515,170693081,2023-03-08,Buffalo,NY0140100,13A,B,B,N,F,28,R,Y,XS,Residence/Home,Home,Personal Weapons,Minor Injury;Unconscious,C
193808308,174713838,2023-03-08,Buffalo,NY0140100,13A,B,B,N,F,55,R,N,AQ,Residence/Home,Home,Knife/Cutting Instrument,,C
193808309,174713839,2023-03-08,Buffalo,NY0140100,13A,B,B,N,M,44,R,N,RU,Highway/Road/Alley/Street/Sidewalk,Street & Sidewalk,Firearm,Severe Laceration,C
209560127,188479234,2023-03-09,Buffalo,NY0140100,13A,B,B,N,F,33,R,N,,Highway/Road/Alley/Street/Sidewalk,Street & Sidewalk,Firearm,,C
189208148,170700738,2023-03-10,Buffalo,NY0140100,13A,H,W,H,F,31,R,Y,XS,Residence/Home,Home,Blunt Object,Minor Injury,C
189173662,170669342,2023-03-11,Buffalo,NY0140100,13A,W,W,N,F,25,R,N,ST,Highway/Road/Alley/Street/Sidewalk,Street & Sidewalk,Firearm,Minor Injury,C
189173663,170669342,2023-03-11,Buffalo,NY0140100,13A,W,W,N,M,28,R,N,ST,Highway/Road/Alley/Street/Sidewalk,Street & Sidewalk,Firearm,Minor Injury,C
193808837,174714282,2023-03-11,Buffalo,NY0140100,13A,W,W,N,M,19,N,N,AQ,School-Elementary/Secondary,K-12 School,Knife/Cutting Instrument,,C
189166886,170663305,2023-03-12,Buffalo,NY0140100,13A,B,B,N,F,26,R,Y,BG,Residence/Home,Home,Blunt Object,Minor Injury,C
189169957,170665965,2023-03-12,Buffalo,NY0140100,13A,B,B,N,F,29,R,Y,XS,Residence/Home,Home,Firearm,Minor Injury,C
189173674,170669352,2023-03-12,Buffalo,NY0140100,13A,B,B,N,F,19,R,Y,XS,Residence/Home,Home,Knife/Cutting Instrument,,C
189173789,170669459,2023-03-12,Buffalo,NY0140100,13A,B,B,N,M,37,R,Y,XS,Residence/Home,Home,Knife/Cutting Instrument,Minor Injury,C
193808835,174714280,2023-03-12,Buffalo,NY0140100,13A,W,W,N,M,43,R,N,RU,Convenience Store,Convenience Store,Personal Weapons,Minor Injury;Possible Internal Injury;Unconscious,C
189173799,170669469,2023-03-13,Buffalo,NY0140100,13A,B,B,N,F,26,R,Y,XS,Residence/Home,Home,Personal Weapons,Other Major Injury;Unconscious,C
189258182,170745600,2023-03-13,Buffalo,NY0140100,13A,H,W,H,F,17,R,N,NE,Residence/Home,Home,Knife/Cutting Instrument,,C
189258266,170745677,2023-03-13,Buffalo,NY0140100,13A,W,W,N,M,50,R,N,AQ,Highway/Road/Alley/Street/Sidewalk,Street & Sidewalk,Knife/Cutting Instrument,,C
189258280,170745691,2023-03-13,Buffalo,NY0140100,13A,B,B,N,F,47,R,Y,BG,Residence/Home,Home,Knife/Cutting Instrument,,C
189205679,170698495,2023-03-14,Buffalo,NY0140100,13A,B,B,N,F,30,R,Y,BG,Highway/Road/Alley/Street/Sidewalk,Street & Sidewalk,Blunt Object,Severe Laceration,C
189205973,170698770,2023-03-14,Buffalo,NY0140100,13A,B,B,N,F,17,R,Y,XS,Residence/Home,Home,Knife/Cutting Instrument,Minor Injury,C
189259583,170746828,2023-03-14,Buffalo,NY0140100,13A,B,B,N,F,51,R,N,NE,Residence/Home,Home,Knife/Cutting Instrument,Minor Injury,C
193657233,174581774,2023-03-14,Buffalo,NY0140100,13A,B,B,N,F,24,R,Y,BG,Residence/Home,Home,Personal Weapons,Minor Injury,C
189205972,170698769,2023-03-15,Buffalo,NY0140100,13A,B,B,N,F,23,R,Y,XS,Residence/Home,Home,Personal Weapons,,C
189206253,170699033,2023-03-15,Buffalo,NY0140100,13A,B,B,N,F,26,R,Y,BG,Residence/Home,Home,Personal Weapons,Minor Injury,C
193879019,174776793,2023-03-15,Buffalo,NY0140100,13A,B,B,N,F,16,R,N,AQ,Highway/Road/Alley/Street/Sidewalk,Street & Sidewalk,Blunt Object,Minor Injury,C
193879020,174776793,2023-03-15,Buffalo,NY0140100,13A,B,B,N,F,16,R,N,AQ,Highway/Road/Alley/Street/Sidewalk,Street & Sidewalk,Blunt Object,Minor Injury,C
189167435,170663771,2023-03-16,Buffalo,NY0140100,13A,W,W,N,M,52,R,N,RU,Residence/Home,Home,Personal Weapons,Minor Injury,C
189180307,170675550,2023-03-17,Buffalo,NY0140100,13A,B,B,N,F,33,R,Y,BG,Residence/Home,Home,Other;Personal Weapons,Minor Injury,C
193808306,174713836,2023-03-17,Buffalo,NY0140100,13A,B,B,N,F,16,R,N,RU,Highway/Road/Alley/Street/Sidewalk,Street & Sidewalk,Other,Minor Injury,C
189183428,170678498,2023-03-18,Buffalo,NY0140100,13A,B,B,N,F,75,R,N,GP,Residence/Home,Home,Other;Personal Weapons,,C
189183452,170678522,2023-03-18,Buffalo,NY0140100,13A,B,B,N,F,20,N,N,AQ,Highway/Road/Alley/Street/Sidewalk,Street & Sidewalk,Firearm;Knife/Cutting Instrument,,C
189183454,170678522,2023-03-18,Buffalo,NY0140100,13A,B,B,N,F,24,N,N,AQ,Highway/Road/Alley/Street/Sidewalk,Street & Sidewalk,Firearm;Knife/Cutting Instrument,,C
189186519,170681361,2023-03-18,Buffalo,NY0140100,13A,W,W,N,M,26,N,N,ST,Bar/Nightclub,Bar & Nightclub,Firearm,,C
199869405,180032230,2023-03-18,Buffalo,NY0140100,13A,H,W,H,F,27,R,Y,XS,Highway/Road/Alley/Street/Sidewalk,Street & Sidewalk,Personal Weapons,Minor Injury,C
193810980,174716233,2023-03-19,Buffalo,NY0140100,13A,B,B,N,M,23,R,Y,XS,Highway/Road/Alley/Street/Sidewalk,Street & Sidewalk,Motor Vehicle/Vessel,,C
193810981,174716233,2023-03-19,Buffalo,NY0140100,13A,H,W,H,F,23,R,N,AQ,Highway/Road/Alley/Street/Sidewalk,Street & Sidewalk,Motor Vehicle/Vessel,,C
195774491,176433307,2023-03-19,Buffalo,NY0140100,13A,W,W,N,F,40,N,N,RU,Shelter-Mission/Homeless,Shelter,Knife/Cutting Instrument,,C
189206639,170699390,2023-03-20,Buffalo,NY0140100,13A,B,B,N,F,42,R,N,ST,Highway/Road/Alley/Street/Sidewalk,Street & Sidewalk,Personal Weapons,Minor Injury,C
193808830,174714275,2023-03-20,Buffalo,NY0140100,13A,B,B,N,M,51,R,N,RU,Highway/Road/Alley/Street/Sidewalk,Street & Sidewalk,Personal Weapons,Minor Injury,C
203610749,183293363,2023-03-20,Buffalo,NY0140100,13A,B,B,N,M,17,R,N,RU,Highway/Road/Alley/Street/Sidewalk,Street & Sidewalk,Motor Vehicle/Vessel,Other Major Injury,C
203610750,183293363,2023-03-20,Buffalo,NY0140100,13A,B,B,N,M,18,R,N,RU,Highway/Road/Alley/Street/Sidewalk,Street & Sidewalk,Motor Vehicle/Vessel,Other Major Injury,C
203610751,183293363,2023-03-20,Buffalo,NY0140100,13A,B,B,N,M,18,R,N,RU,Highway/Road/Alley/Street/Sidewalk,Street & Sidewalk,Motor Vehicle/Vessel,Other Major Injury,C
203610752,183293363,2023-03-20,Buffalo,NY0140100,13A,B,B,N,M,19,R,N,RU,Highway/Road/Alley/Street/Sidewalk,Street & Sidewalk,Motor Vehicle/Vessel,Other Major Injury,C
209641524,188552281,2023-03-20,Buffalo,NY0140100,13A,W,W,N,M,32,N,N,AQ,Parking/Drop Lot/Garage,Parking Lot,Knife/Cutting Instrument,Severe Laceration,C
193879318,174777048,2023-03-21,Buffalo,NY0140100,13A,B,B,N,M,14,R,N,SB,Residence/Home,Home,Firearm,Other Major Injury,C
189183006,170678104,2023-03-22,Buffalo,NY0140100,13A,B,B,N,M,27,R,N,NE,Residence/Home,Home,Knife/Cutting Instrument,,C
189205420,170698261,2023-03-23,Buffalo,NY0140100,13A,H,W,H,M,21,R,N,SB,Residence/Home,Home,Blunt Object,Severe Laceration,C
193808302,174713833,2023-03-24,Buffalo,NY0140100,13A,B,B,N,F,,U,N,RU,Highway/Road/Alley/Street/Sidewalk,Street & Sidewalk,Personal Weapons,,C
189227055,170717686,2023-03-25,Buffalo,NY0140100,13A,B,B,N,F,,R,Y,SE,Residence/Home,Home,Knife/Cutting Instrument,,C
193879311,174777041,2023-03-25,Buffalo,NY0140100,13A,B,B,N,M,54,N,N,RU,Convenience Store,Convenience Store,Unknown,Other Major Injury;Possible Internal Injury;Severe Laceration;Unconscious,C
189174004,170669662,2023-03-26,Buffalo,NY0140100,13A,B,B,N,F,14,R,Y,XS,Residence/Home,Home,Knife/Cutting Instrument,Minor Injury,C
193665080,174588683,2023-03-27,Buffalo,NY0140100,13A,B,B,N,F,26,R,N,AQ,Highway/Road/Alley/Street/Sidewalk,Street & Sidewalk,Motor Vehicle/Vessel,Minor Injury,C
193808312,174713842,2023-03-27,Buffalo,NY0140100,13A,U,U,U,M,45,R,N,RU,Highway/Road/Alley/Street/Sidewalk,Street & Sidewalk,Firearm,Severe Laceration,C
202883567,182657653,2023-03-27,Buffalo,NY0140100,13A,W,W,N,M,58,N,N,RU,Convenience Store,Convenience Store,Knife/Cutting Instrument;Other,,C
189186610,170681446,2023-03-28,Buffalo,NY0140100,13A,W,W,N,M,55,R,Y,XS,Residence/Home,Home,Knife/Cutting Instrument;Personal Weapons,,C
189243435,170732285,2023-03-28,Buffalo,NY0140100,13A,W,W,N,F,21,R,N,CH,Residence/Home,Home,Knife/Cutting Instrument,,C
189177741,170673124,2023-03-29,Buffalo,NY0140100,13A,W,W,N,F,13,R,N,CH,Residence/Home,Home,Firearm,Minor Injury,C
189243639,170732474,2023-03-29,Buffalo,NY0140100,13A,B,B,N,F,27,R,Y,XS,Highway/Road/Alley/Street/Sidewalk,Street & Sidewalk,Handgun,Minor Injury,C
189260241,170747457,2023-03-30,Buffalo,NY0140100,13A,B,B,N,M,62,R,N,GP,Residence/Home,Home,Knife/Cutting Instrument,Minor Injury,C
193447973,174398833,2023-03-30,Buffalo,NY0140100,13A,W,W,N,F,51,R,Y,XS,Residence/Home,Home,Personal Weapons,Minor Injury,C
193808839,174714284,2023-03-30,Buffalo,NY0140100,13A,W,W,N,F,37,N,N,RU,Residence/Home,Home,Knife/Cutting Instrument,Severe Laceration,C
193879031,174776803,2023-03-31,Buffalo,NY0140100,13A,H,W,H,M,28,R,N,RU,Highway/Road/Alley/Street/Sidewalk,Street & Sidewalk,Firearm,,C
193879032,174776803,2023-03-31,Buffalo,NY0140100,13A,H,W,H,F,26,R,N,RU,Highway/Road/Alley/Street/Sidewalk,Street & Sidewalk,Firearm,,C
193463439,174412809,2023-04-01,Buffalo,NY0140100,13A,B,B,N,M,25,R,N,ST,Service/Gas Station,Gas Station,Firearm;Personal Weapons,,C
193649563,174574996,2023-04-01,Buffalo,NY0140100,13A,B,B,N,M,31,R,N,SB,Residence/Home,Home,Firearm,,C
193461520,174411124,2023-04-02,Buffalo,NY0140100,13A,H,W,H,F,30,R,Y,XS,Residence/Home,Home,Handgun,Minor Injury,C
193462794,174412213,2023-04-02,Buffalo,NY0140100,13A,B,B,N,F,34,R,N,ST,Highway/Road/Alley/Street/Sidewalk,Street & Sidewalk,Firearm,,C
193464442,174413715,2023-04-02,Buffalo,NY0140100,13A,B,B,N,F,46,R,N,ST,Residence/Home,Home,Firearm,Minor Injury,C
193464779,174414032,2023-04-02,Buffalo,NY0140100,13A,B,B,N,M,41,R,N,OF,Residence/Home,Home,Knife/Cutting Instrument,,C
193459465,174409302,2023-04-03,Buffalo,NY0140100,13A,W,W,N,F,60,R,Y,SE,Residence/Home,Home,Blunt Object,Minor Injury,C
193459524,174409358,2023-04-03,Buffalo,NY0140100,13A,B,B,N,F,20,R,Y,BG,Residence/Home,Home,Personal Weapons,Minor Injury;Unconscious,C
193459733,174409553,2023-04-03,Buffalo,NY0140100,13A,H,W,H,M,16,R,N,RU,Residence/Home,Home,Firearm,Other Major Injury,C
193460008,174409811,2023-04-03,Buffalo,NY0140100,13A,B,B,N,M,24,R,N,NE,Residence/Home,Home,Firearm,,C
193464513,174413784,2023-04-03,Buffalo,NY0140100,13A,W,W,N,M,21,N,N,ST,Highway/Road/Alley/Street/Sidewalk,Street & Sidewalk,Other,,C
193464519,174413789,2023-04-03,Buffalo,NY0140100,13A,A,A,N,M,41,R,N,RU,Convenience Store,Convenience Store,Firearm,,C
193463756,174413101,2023-04-04,Buffalo,NY0140100,13A,B,B,N,F,26,R,N,RU,Highway/Road/Alley/Street/Sidewalk,Street & Sidewalk,Firearm,Other Major Injury,C
193669224,174592440,2023-04-04,Buffalo,NY0140100,13A,U,U,N,F,28,R,N,AQ,Residence/Home,Home,Firearm,Minor Injury,C
193463529,174412894,2023-04-05,Buffalo,NY0140100,13A,B,B,N,F,46,R,N,NE,Residence/Home,Home,Personal Weapons,Minor Injury,C
193463530,174412894,2023-04-05,Buffalo,NY0140100,13A,B,B,N,M,38,R,N,NE,Residence/Home,Home,Personal Weapons,Minor Injury,C
193463753,174413098,2023-04-05,Buffalo,NY0140100,13A,B,B,N,F,23,R,Y,BG,Highway/Road/Alley/Street/Sidewalk,Street & Sidewalk,Personal Weapons,Minor Injury;Possible Internal Injury,C
193462860,174412275,2023-04-06,Buffalo,NY0140100,13A,B,B,N,M,26,R,N,RU,Highway/Road/Alley/Street/Sidewalk,Street & Sidewalk,Firearm,Possible Internal Injury,C
193464073,174413393,2023-04-06,Buffalo,NY0140100,13A,B,B,N,M,35,R,N,RU,Residence/Home,Home,Blunt Object,Apparent Broken Bones,C
193476667,174424460,2023-04-06,Buffalo,NY0140100,13A,W,W,N,M,34,R,N,AQ,Residence/Home,Home,Knife/Cutting Instrument,Severe Laceration,C
193476795,174424575,2023-04-06,Buffalo,NY0140100,13A,H,W,H,F,26,R,Y,BG,Residence/Home,Home,Knife/Cutting Instrument,,C
193464095,174413412,2023-04-07,Buffalo,NY0140100,13A,W,W,N,M,16,N,N,AQ,Park/Playground,Park & Playground,Other,Severe Laceration,C
193464631,174413896,2023-04-07,Buffalo,NY0140100,13A,B,B,N,M,27,R,N,NE,Residence/Home,Home,Blunt Object;Other,Minor Injury,C
193476811,174424586,2023-04-07,Buffalo,NY0140100,13A,B,B,N,M,27,R,N,RU,Highway/Road/Alley/Street/Sidewalk,Street & Sidewalk,Firearm,Other Major Injury;Possible Internal Injury,C
193462252,174411727,2023-04-08,Buffalo,NY0140100,13A,H,W,H,F,28,R,Y,XS,Residence/Home,Home,Other,Minor Injury,C
193462630,174412058,2023-04-08,Buffalo,NY0140100,13A,B,B,N,F,28,R,Y,XS,Residence/Home,Home,Knife/Cutting Instrument,Severe Laceration,C
193464097,174413414,2023-04-08,Buffalo,NY0140100,13A,W,W,U,M,20,R,N,FR,Residence/Home,Home,Personal Weapons,Loss of Teeth;Severe Laceration,C
202834573,182614942,2023-04-08,Buffalo,NY0140100,13A,W,W,N,M,26,R,N,RU,Highway/Road/Alley/Street/Sidewalk,Street & Sidewalk,Knife/Cutting Instrument,Minor Injury,C
193458201,174408118,2023-04-09,Buffalo,NY0140100,13A,B,B,N,M,25,R,N,RU,Residence/Home,Home,Firearm,,C
193463201,174412593,2023-04-09,Buffalo,NY0140100,13A,B,B,N,F,23,N,N,RU,Bar/Nightclub,Bar & Nightclub,Personal Weapons,Possible Internal Injury,C
193463206,174412598,2023-04-09,Buffalo,NY0140100,13A,B,B,N,M,26,R,Y,XS,Highway/Road/Alley/Street/Sidewalk,Street & Sidewalk,Other,Minor Injury,C
193463233,174412622,2023-04-09,Buffalo,NY0140100,13A,B,B,N,F,36,N,Y,XS,Residence/Home,Home,Firearm;Knife/Cutting Instrument,,C
193458402,174408307,2023-04-10,Buffalo,NY0140100,13A,B,B,N,F,18,R,N,AQ,Residence/Home,Home,Firearm,,C
193458226,174408142,2023-04-11,Buffalo,NY0140100,13A,B,B,N,F,,R,N,RU,Highway/Road/Alley/Street/Sidewalk,Street & Sidewalk,Knife/Cutting Instrument,Severe Laceration,C
193462759,174412178,2023-04-11,Buffalo,NY0140100,13A,B,B,N,F,22,R,Y,BG,Residence/Home,Home,Personal Weapons,Minor Injury,C
193464750,174414005,2023-04-12,Buffalo,NY0140100,13A,W,W,N,M,47,R,N,AQ,Highway/Road/Alley/Street/Sidewalk,Street & Sidewalk,Other,,C
193459492,174409329,2023-04-13,Buffalo,NY0140100,13A,H,W,H,F,33,R,N,RU,Residence/Home,Home,Blunt Object,Possible Internal Injury;Severe Laceration,C
193463410,174412782,2023-04-13,Buffalo,NY0140100,13A,B,B,N,F,23,R,N,RU,Highway/Road/Alley/Street/Sidewalk,Street & Sidewalk,Firearm,Possible Internal Injury,C
193458384,174408290,2023-04-14,Buffalo,NY0140100,13A,B,B,N,M,29,R,N,OK,Drug Store/Doctor's Office/Hospital,Hospital & Clinic,Other,Severe Laceration,C
193463067,174412466,2023-04-14,Buffalo,NY0140100,13A,B,B,N,M,19,R,N,RU,Park/Playground,Park & Playground,Firearm,Severe Laceration,C
193459283,174409128,2023-04-15,Buffalo,NY0140100,13A,B,B,N,F,25,R,Y,BG,Residence/Home,Home,Knife/Cutting Instrument;Personal Weapons,,C
193665704,174589238,2023-04-15,Buffalo,NY0140100,13A,B,B,N,F,22,R,N,RU,Highway/Road/Alley/Street/Sidewalk,Street & Sidewalk,Knife/Cutting Instrument,Minor Injury,C
193665705,174589238,2023-04-15,Buffalo,NY0140100,13A,B,B,N,F,20,N,N,ST,Highway/Road/Alley/Street/Sidewalk,Street & Sidewalk,Knife/Cutting Instrument,Minor Injury,C
193459588,174409414,2023-04-16,Buffalo,NY0140100,13A,B,B,N,M,35,R,N,RU,Highway/Road/Alley/Street/Sidewalk,Street & Sidewalk,Firearm,Other Major Injury,C
193459598,174409424,2023-04-16,Buffalo,NY0140100,13A,B,B,N,M,37,R,N,RU,Convenience Store,Convenience Store,Firearm,Minor Injury,C
193459762,174409581,2023-04-16,Buffalo,NY0140100,13A,B,B,N,M,63,R,N,AQ,Residence/Home,Home,Knife/Cutting Instrument,,C
193459790,174409604,2023-04-16,Buffalo,NY0140100,13A,H,W,H,F,29,R,N,AQ,Residence/Home,Home,Firearm,Severe Laceration,C
209544481,188464257,2023-04-16,Buffalo,NY0140100,13A,B,B,N,M,32,R,N,,Highway/Road/Alley/Street/Sidewalk,Street & Sidewalk,Knife/Cutting Instrument,Severe Laceration,C
193458343,174408250,2023-04-17,Buffalo,NY0140100,13A,B,B,N,M,22,R,N,RU,Residence/Home,Home,Firearm,Severe Laceration,C
193458355,174408262,2023-04-17,Buffalo,NY0140100,13A,B,B,N,F,33,R,Y,XS,Residence/Home,Home,Firearm,,C
193458359,174408266,2023-04-17,Buffalo,NY0140100,13A,W,W,N,M,54,R,N,FR,Residence/Home,Home,Blunt Object,Severe Laceration,C
193460105,174409903,2023-04-17,Buffalo,NY0140100,13A,B,B,N,F,42,R,Y,SE,Residence/Home,Home,Handgun,,C
193460119,174409917,2023-04-17,Buffalo,NY0140100,13A,W,W,N,M,35,R,N,RU,Residence/Home,Home,Firearm,,C
193666177,174589660,2023-04-17,Buffalo,NY0140100,13A,B,B,U,M,27,R,N,NE,Highway/Road/Alley/Street/Sidewalk,Street & Sidewalk,Knife/Cutting Instrument,Minor Injury,C
193666240,174589715,2023-04-18,Buffalo,NY0140100,13A,B,B,N,F,23,R,N,AQ,Highway/Road/Alley/Street/Sidewalk,Street & Sidewalk,Personal Weapons,Minor Injury,C
193666241,174589715,2023-04-18,Buffalo,NY0140100,13A,B,B,N,F,3,R,N,BE,Highway/Road/Alley/Street/Sidewalk,Street & Sidewalk,Personal Weapons,,C
203645234,183324030,2023-04-18,Buffalo,NY0140100,13A,B,B,U,M,14,R,N,AQ,Restaurant,Restaurant,Other;Personal Weapons,Minor Injury,C
193458876,174408750,2023-04-19,Buffalo,NY0140100,13A,B,B,N,M,28,R,N,ST,Highway/Road/Alley/Street/Sidewalk,Street & Sidewalk,Personal Weapons,Minor Injury,C
193459635,174409461,2023-04-19,Buffalo,NY0140100,13A,B,B,N,M,38,R,N,RU,Residence/Home,Home,Knife/Cutting Instrument,Minor Injury,C
193459637,174409463,2023-04-19,Buffalo,NY0140100,13A,B,B,N,M,40,R,N,AQ,Highway/Road/Alley/Street/Sidewalk,Street & Sidewalk,Firearm,,C
193464175,174413469,2023-04-19,Buffalo,NY0140100,13A,B,B,N,F,64,R,N,RU,Residence/Home,Home,Handgun,,C
193464207,174413496,2023-04-19,Buffalo,NY0140100,13A,B,B,N,F,18,R,N,FR,Residence/Home,Home,Firearm,,C
193458983,174408848,2023-04-20,Buffalo,NY0140100,13A,H,W,H,F,25,N,Y,XS,Highway/Road/Alley/Street/Sidewalk,Street & Sidewalk,Firearm,,C
193463767,174413111,2023-04-20,Buffalo,NY0140100,13A,B,B,N,F,37,R,N,SB,Highway/Road/Alley/Street/Sidewalk,Street & Sidewalk,Motor Vehicle/Vessel,Minor Injury,C
193809332,174714722,2023-04-20,Buffalo,NY0140100,13A,W,W,N,F,54,R,N,PA;RU,Residence/Home,Home,Personal Weapons,Other Major Injury,C
199468036,179675771,2023-04-20,Buffalo,NY0140100,13A,W,W,N,F,27,R,N,RU,Residence/Home,Home,Motor Vehicle/Vessel,Minor Injury;Possible Internal Injury,C
209544483,188464259,2023-04-20,Buffalo,NY0140100,13A,B,B,N,M,39,R,N,,Convenience Store,Convenience Store,Blunt Object,Severe Laceration,C
193459445,174409283,2023-04-21,Buffalo,NY0140100,13A,W,W,N,M,54,R,Y,XS,Residence/Home,Home,Blunt Object,Severe Laceration,C
193463366,174412740,2023-04-21,Buffalo,NY0140100,13A,W,W,N,F,25,R,Y,XS,Residence/Home,Home,Personal Weapons,,C
193463377,174412751,2023-04-21,Buffalo,NY0140100,13A,W,W,N,F,29,N,N,AQ,Residence/Home,Home,Personal Weapons,Minor Injury;Possible Internal Injury;Unconscious,C
193458471,174408368,2023-04-22,Buffalo,NY0140100,13A,H,W,H,M,18,R,N,AQ,Residence/Home,Home,Blunt Object;Personal Weapons,Minor Injury,C
193462971,174412376,2023-04-22,Buffalo,NY0140100,13A,B,B,N,F,51,R,N,PA,Residence/Home,Home,Blunt Object;Personal Weapons,Minor Injury,C
193463586,174412944,2023-04-22,Buffalo,NY0140100,13A,B,B,N,M,24,R,Y,BG,Residence/Home,Home,Knife/Cutting Instrument,Severe Laceration,C
193651974,174577040,2023-04-22,Buffalo,NY0140100,13A,W,W,N,F,54,R,Y,BG,Residence/Home,Home,Firearm,,C
193665709,174589242,2023-04-22,Buffalo,NY0140100,13A,H,W,H,F,38,R,Y,XS,Residence/Home,Home,Other,,C
193809335,174714724,2023-04-22,Buffalo,NY0140100,13A,B,B,N,M,29,R,N,AQ,Bar/Nightclub,Bar & Nightclub,Personal Weapons,,C
195821251,176474706,2023-04-22,Buffalo,NY0140100,13A,W,W,N,M,56,R,N,PA,Residence/Home,Home,Other,,C
193462968,174412373,2023-04-23,Buffalo,NY0140100,13A,B,B,U,F,43,R,N,NE,Residence/Home,Home,Blunt Object,Minor Injury,C
193462979,174412384,2023-04-23,Buffalo,NY0140100,13A,B,B,N,F,48,R,N,AQ,Residence/Home,Home,Firearm,,C
193652961,174577921,2023-04-23,Buffalo,NY0140100,13A,B,B,N,F,35,R,Y,XS,Highway/Road/Alley/Street/Sidewalk,Street & Sidewalk,Firearm,Minor Injury,C
193809343,174714731,2023-04-23,Buffalo,NY0140100,13A,B,B,N,F,15,R,N,AQ,Highway/Road/Alley/Street/Sidewalk,Street & Sidewalk,Blunt Object,Minor Injury,C
193462951,174412358,2023-04-24,Buffalo,NY0140100,13A,W,W,N,F,33,R,Y,BG,Residence/Home,Home,Other,Minor Injury,C
193463699,174413052,2023-04-24,Buffalo,NY0140100,13A,B,B,N,F,44,R,N,RU,Highway/Road/Alley/Street/Sidewalk,Street & Sidewalk,Blunt Object,Minor Injury,C
193463968,174413299,2023-04-24,Buffalo,NY0140100,13A,A,A,N,F,40,R,Y,SE,Residence/Home,Home,Knife/Cutting Instrument,Minor Injury,C
193463975,174413305,2023-04-25,Buffalo,NY0140100,13A,B,B,N,F,29,R,Y,SE,Residence/Home,Home,Firearm,,C
193463980,174413310,2023-04-25,Buffalo,NY0140100,13A,B,B,N,F,54,R,Y,BG,Residence/Home,Home,Knife/Cutting Instrument,Minor Injury,C
193460130,174409928,2023-04-26,Buffalo,NY0140100,13A,B,B,U,F,52,R,Y,BG,Residence/Home,Home,Blunt Object,Minor Injury,C
193809486,174714852,2023-04-26,Buffalo,NY0140100,13A,W,W,N,F,38,R,N,AQ,Residence/Home,Home,Personal Weapons,Minor Injury,C
193462390,174411842,2023-04-27,Buffalo,NY0140100,13A,B,B,N,F,29,R,Y,SE,Highway/Road/Alley/Street/Sidewalk,Street & Sidewalk,Firearm,,C
193462391,174411842,2023-04-27,Buffalo,NY0140100,13A,B,B,N,M,30,R,N,AQ,Highway/Road/Alley/Street/Sidewalk,Street & Sidewalk,Firearm,,C
193462403,174411854,2023-04-27,Buffalo,NY0140100,13A,B,B,N,F,18,R,Y,XS,Residence/Home,Home,Personal Weapons,Possible Internal Injury,C
199522548,179725077,2023-04-27,Buffalo,NY0140100,13A,B,B,N,F,75,R,N,NE,Highway/Road/Alley/Street/Sidewalk,Street & Sidewalk,Blunt Object,Minor Injury,C
202835006,182615318,2023-04-27,Buffalo,NY0140100,13A,W,W,U,M,60,R,N,ST,Highway/Road/Alley/Street/Sidewalk,Street & Sidewalk,Firearm,,C
193464227,174413515,2023-04-28,Buffalo,NY0140100,13A,W,W,N,M,60,R,N,ST,Residence/Home,Home,Knife/Cutting Instrument,,C
193459804,174409617,2023-04-29,Buffalo,NY0140100,13A,H,W,H,M,29,R,N,OF,Residence/Home,Home,Knife/Cutting Instrument,,C
193459820,174409633,2023-04-29,Buffalo,NY0140100,13A,B,B,N,F,62,R,N,AQ,Residence/Home,Home,Blunt Object,Minor Injury,C
193459822,174409635,2023-04-29,Buffalo,NY0140100,13A,W,W,N,F,32,R,N,AQ,Residence/Home,Home,Knife/Cutting Instrument,Severe Laceration,C
193462841,174412257,2023-04-29,Buffalo,NY0140100,13A,W,W,N,M,54,R,N,PA,Residence/Home,Home,Knife/Cutting Instrument,,C
193459836,174409648,2023-04-30,Buffalo,NY0140100,13A,H,W,H,M,33,N,N,ST,Parking/Drop Lot/Garage,Parking Lot,Knife/Cutting Instrument,,C
193459920,174409726,2023-04-30,Buffalo,NY0140100,13A,B,B,N,F,43,R,Y,SE,Residence/Home,Home,Blunt Object;Other;Personal Weapons,Minor Injury,C
193658202,174582674,2023-04-30,Buffalo,NY0140100,13A,B,B,N,M,45,R,N,RU,Highway/Road/Alley/Street/Sidewalk,Street & Sidewalk,Firearm,Severe Laceration,C
193768567,174679198,2023-04-30,Buffalo,NY0140100,13A,B,B,N,F,22,R,N,FR,Residence/Home,Home,Personal Weapons,Minor Injury;Unconscious,C
193769247,174679780,2023-04-30,Buffalo,NY0140100,13A,W,W,N,M,22,R,N,RU,Parking/Drop Lot/Garage,Parking Lot,Personal Weapons,Apparent Broken Bones,C
209647459,188557862,2023-04-30,Buffalo,NY0140100,13A,W,W,N,F,28,R,N,AQ,Bar/Nightclub,Bar & Nightclub,Blunt Object,Severe Laceration,C
193699738,174619621,2023-05-01,Buffalo,NY0140100,13A,H,W,H,F,,R,N,ST,Highway/Road/Alley/Street/Sidewalk,Street & Sidewalk,Firearm,,C
193699760,174619643,2023-05-01,Buffalo,NY0140100,13A,W,W,N,M,33,R,N,RU,Convenience Store,Convenience Store,Handgun,,C
193699836,174619708,2023-05-01,Buffalo,NY0140100,13A,B,B,N,F,14,R,N,CH,Residence/Home,Home,Personal Weapons,Minor Injury,C
202885102,182658938,2023-05-01,Buffalo,NY0140100,13A,B,B,N,F,30,R,Y,BG,Parking/Drop Lot/Garage,Parking Lot,Personal Weapons,Minor Injury,C
193657289,174581828,2023-05-02,Buffalo,NY0140100,13A,W,W,N,M,49,R,N,RU,Residence/Home,Home,Blunt Object;Other;Personal Weapons,Minor Injury,C
193699879,174619749,2023-05-02,Buffalo,NY0140100,13A,H,W,H,F,44,R,Y,XS,Residence/Home,Home,Blunt Object,Severe Laceration,C
193699880,174619749,2023-05-02,Buffalo,NY0140100,13A,H,W,H,M,11,R,N,AQ,Residence/Home,Home,Blunt Object,Other Major Injury,C
193666401,174589860,2023-05-04,Buffalo,NY0140100,13A,W,W,N,M,50,R,N,OF,Residence/Home,Home,Other,,C
193669284,174592497,2023-05-04,Buffalo,NY0140100,13A,W,W,N,F,23,R,Y,BG,Residence/Home,Home,Personal Weapons,Apparent Broken Bones,C
193669355,174592566,2023-05-05,Buffalo,NY0140100,13A,W,W,N,M,41,R,N,RU,Highway/Road/Alley/Street/Sidewalk,Street & Sidewalk,Firearm,,C
193669365,174592574,2023-05-05,Buffalo,NY0140100,13A,W,W,N,M,38,R,N,AQ,Highway/Road/Alley/Street/Sidewalk,Street & Sidewalk,Blunt Object,Minor Injury,C
193669401,174592605,2023-05-05,Buffalo,NY0140100,13A,W,W,N,F,31,N,N,AQ,Highway/Road/Alley/Street/Sidewalk,Street & Sidewalk,Firearm,,C
193669402,174592605,2023-05-05,Buffalo,NY0140100,13A,W,W,N,M,39,N,N,AQ,Highway/Road/Alley/Street/Sidewalk,Street & Sidewalk,Firearm,,C
193669841,174592996,2023-05-05,Buffalo,NY0140100,13A,W,W,N,M,39,R,Y,XS,Highway/Road/Alley/Street/Sidewalk,Street & Sidewalk,Personal Weapons,Minor Injury,C
193670206,174593326,2023-05-05,Buffalo,NY0140100,13A,W,W,N,F,61,R,N,AQ,Highway/Road/Alley/Street/Sidewalk,Street & Sidewalk,Knife/Cutting Instrument,,C
209641398,188552162,2023-05-05,Buffalo,NY0140100,13A,H,W,H,M,25,R,N,ST,Parking/Drop Lot/Garage,Parking Lot,Blunt Object,,C
193665761,174589288,2023-05-06,Buffalo,NY0140100,13A,B,B,N,M,39,R,N,RU,Highway/Road/Alley/Street/Sidewalk,Street & Sidewalk,Firearm,Possible Internal Injury,C
193666253,174589727,2023-05-06,Buffalo,NY0140100,13A,B,B,N,F,24,R,N,AQ,Highway/Road/Alley/Street/Sidewalk,Street & Sidewalk,Firearm,,C
193666254,174589727,2023-05-06,Buffalo,NY0140100,13A,B,B,N,F,19,R,N,AQ,Highway/Road/Alley/Street/Sidewalk,Street & Sidewalk,Firearm,,C
193666266,174589739,2023-05-06,Buffalo,NY0140100,13A,W,W,N,F,53,R,N,AQ,Residence/Home,Home,Knife/Cutting Instrument,,C
193668029,174591336,2023-05-06,Buffalo,NY0140100,13A,W,W,N,F,35,R,N,RU,Highway/Road/Alley/Street/Sidewalk,Street & Sidewalk,Firearm,Other Major Injury,C
193668030,174591336,2023-05-06,Buffalo,NY0140100,13A,W,W,N,F,37,R,N,RU,Highway/Road/Alley/Street/Sidewalk,Street & Sidewalk,Firearm,Other Major Injury,C
193668032,174591338,2023-05-06,Buffalo,NY0140100,13A,B,B,N,F,26,R,Y,BG,Residence/Home,Home,Personal Weapons,Minor Injury,C
193669405,174592607,2023-05-06,Buffalo,NY0140100,13A,W,W,N,M,59,R,N,RU,Highway/Road/Alley/Street/Sidewalk,Street & Sidewalk,Other,Minor Injury,C
205846660,185244599,2023-05-06,Buffalo,NY0140100,13A,B,B,U,F,,R,N,ST,Residence/Home,Home,Firearm,,C
193655859,174580557,2023-05-07,Buffalo,NY0140100,13A,B,B,N,F,29,R,Y,XS,Residence/Home,Home,Handgun,,C
193658611,174583055,2023-05-07,Buffalo,NY0140100,13A,B,B,N,M,31,R,N,AQ,Residence/Home,Home,Knife/Cutting Instrument,Minor Injury,C
193661790,174585837,2023-05-07,Buffalo,NY0140100,13A,B,B,N,F,37,R,N,AQ,Residence/Home,Home,Other,Minor Injury,C
193794663,174702373,2023-05-07,Buffalo,NY0140100,13A,H,U,H,F,25,R,Y,XS,Residence/Home,Home,Personal Weapons,Minor Injury,C
195853576,176503603,2023-05-07,Buffalo,NY0140100,13A,W,W,N,F,35,R,Y,XS,Residence/Home,Home,Personal Weapons,Minor Injury;Unconscious,C
193651961,174577028,2023-05-08,Buffalo,NY0140100,13A,W,W,N,M,29,R,N,RU,Highway/Road/Alley/Street/Sidewalk,Street & Sidewalk,Blunt Object,Minor Injury,C
193652242,174577282,2023-05-08,Buffalo,NY0140100,13A,B,B,N,F,30,R,Y,XS,Residence/Home,Home,Firearm,,C
193661504,174585599,2023-05-08,Buffalo,NY0140100,13A,W,W,N,M,39,R,N,FR,Residence/Home,Home,Blunt Object;Personal Weapons,Severe Laceration,C
193794728,174702423,2023-05-08,Buffalo,NY0140100,13A,B,B,N,F,38,R,N,SB,Highway/Road/Alley/Street/Sidewalk,Street & Sidewalk,Knife/Cutting Instrument,,C
193653110,174578059,2023-05-09,Buffalo,NY0140100,13A,W,W,N,M,21,R,N,NE,Residence/Home,Home,Personal Weapons,Minor Injury,C
193655137,174579892,2023-05-09,Buffalo,NY0140100,13A,B,B,N,F,18,R,N,AQ,School-Elementary/Secondary,K-12 School,Personal Weapons,Other Major Injury,C
193788834,174697140,2023-05-09,Buffalo,NY0140100,13A,W,W,N,F,37,R,Y,BG,Residence/Home,Home,Personal Weapons,Possible Internal Injury,C
193652092,174577145,2023-05-10,Buffalo,NY0140100,13A,W,W,N,M,69,R,Y,SE,Residence/Home,Home,Blunt Object,,C
193655552,174580271,2023-05-10,Buffalo,NY0140100,13A,H,W,H,F,16,R,Y,BG,Residence/Home,Home,Firearm,Minor Injury,C
193656080,174580746,2023-05-10,Buffalo,NY0140100,13A,W,W,N,M,52,N,N,ER,Residence/Home,Home,Handgun,,C
193657302,174581840,2023-05-10,Buffalo,NY0140100,13A,B,B,N,F,20,R,Y,BG,Highway/Road/Alley/Street/Sidewalk,Street & Sidewalk,Knife/Cutting Instrument;Other,Minor Injury,C
193652094,174577147,2023-05-11,Buffalo,NY0140100,13A,B,B,N,F,24,R,N,RU,Highway/Road/Alley/Street/Sidewalk,Street & Sidewalk,Firearm,,C
193652095,174577147,2023-05-11,Buffalo,NY0140100,13A,B,B,N,M,26,R,N,RU,Highway/Road/Alley/Street/Sidewalk,Street & Sidewalk,Firearm,,C
193653364,174578267,2023-05-11,Buffalo,NY0140100,13A,W,W,N,F,24,R,Y,BG,Highway/Road/Alley/Street/Sidewalk,Street & Sidewalk,Motor Vehicle/Vessel,Minor Injury,C
193653369,174578272,2023-05-11,Buffalo,NY0140100,13A,B,B,N,F,24,R,Y,XS,Parking/Drop Lot/Garage,Parking Lot,Firearm,,C
193658356,174582821,2023-05-11,Buffalo,NY0140100,13A,B,B,N,M,23,R,Y,XS,Residence/Home,Home,Firearm,,C
193665440,174588998,2023-05-11,Buffalo,NY0140100,13A,B,B,N,F,54,R,Y,XS,Highway/Road/Alley/Street/Sidewalk,Street & Sidewalk,Firearm,,C
203666551,183343203,2023-05-11,Buffalo,NY0140100,13A,U,U,U,F,20,R,N,RU,Residence/Home,Home,Firearm,,C
193653261,174578176,2023-05-12,Buffalo,NY0140100,13A,B,B,N,F,24,R,Y,XS,Restaurant,Restaurant,Personal Weapons,Apparent Broken Bones,C
193653278,174578192,2023-05-12,Buffalo,NY0140100,13A,B,B,U,M,22,R,N,RU,Highway/Road/Alley/Street/Sidewalk,Street & Sidewalk,Firearm,Other Major Injury,C
195847250,176498004,2023-05-12,Buffalo,NY0140100,13A,W,W,U,M,45,N,N,RU,Highway/Road/Alley/Street/Sidewalk,Street & Sidewalk,Blunt Object;Other,Minor Injury,C
193653290,174578202,2023-05-13,Buffalo,NY0140100,13A,B,B,N,M,22,R,N,RU,Bar/Nightclub,Bar & Nightclub,Firearm,Possible Internal Injury,C
193669834,174592989,2023-05-13,Buffalo,NY0140100,13A,B,B,N,F,65,R,N,RU,Residence/Home,Home,Knife/Cutting Instrument;Personal Weapons,,C
193670128,174593255,2023-05-13,Buffalo,NY0140100,13A,B,B,N,M,23,R,N,SB,Residence/Home,Home,Firearm,,C
193667223,174590596,2023-05-14,Buffalo,NY0140100,13A,B,B,N,M,24,R,N,RU,Residence/Home,Home,Knife/Cutting Instrument,Severe Laceration,C
193667233,174590605,2023-05-14,Buffalo,NY0140100,13A,B,B,N,M,57,R,N,PA,Residence/Home,Home,Knife/Cutting Instrument,Severe Laceration,C
193670135,174593262,2023-05-14,Buffalo,NY0140100,13A,H,W,H,F,24,R,Y,XS,Residence/Home,Home,Knife/Cutting Instrument,,C
193670469,174593563,2023-05-14,Buffalo,NY0140100,13A,B,B,N,M,25,R,Y,BG,Residence/Home,Home,Knife/Cutting Instrument,,C
193670470,174593564,2023-05-14,Buffalo,NY0140100,13A,W,W,U,M,37,R,N,RU,Highway/Road/Alley/Street/Sidewalk,Street & Sidewalk,Firearm,,C
193670475,174593569,2023-05-14,Buffalo,NY0140100,13A,H,W,H,M,29,R,N,RU,Highway/Road/Alley/Street/Sidewalk,Street & Sidewalk,Knife/Cutting Instrument,Minor Injury,C
203666570,183343222,2023-05-14,Buffalo,NY0140100,13A,B,B,N,F,28,R,Y,BG,Highway/Road/Alley/Street/Sidewalk,Street & Sidewalk,Motor Vehicle/Vessel;Personal Weapons,Apparent Broken Bones;Possible Internal Injury;Unconscious,C
193666386,174589846,2023-05-15,Buffalo,NY0140100,13A,B,B,N,M,34,R,N,RU,Highway/Road/Alley/Street/Sidewalk,Street & Sidewalk,Knife/Cutting Instrument,Minor Injury,C
193666409,174589868,2023-05-15,Buffalo,NY0140100,13A,B,B,N,M,15,R,N,SB,Residence/Home,Home,Knife/Cutting Instrument,Severe Laceration,C
195828791,176481414,2023-05-15,Buffalo,NY0140100,13A,H,W,H,F,45,R,N,AQ,Highway/Road/Alley/Street/Sidewalk,Street & Sidewalk,Blunt Object,,C
205846669,185244606,2023-05-15,Buffalo,NY0140100,13A,W,W,N,M,21,N,N,AQ,Bar/Nightclub,Bar & Nightclub,Personal Weapons,Minor Injury,C
193666708,174590148,2023-05-16,Buffalo,NY0140100,13A,W,W,N,M,37,R,N,ST,Highway/Road/Alley/Street/Sidewalk,Street & Sidewalk,Knife/Cutting Instrument;Personal Weapons,Severe Laceration,C
193668565,174591818,2023-05-16,Buffalo,NY0140100,13A,H,W,H,M,28,R,N,SP,Residence/Home,Home,Knife/Cutting Instrument,,C
208322084,187403909,2023-05-16,Buffalo,NY0140100,13A,B,B,N,F,30,R,Y,BG,Residence/Home,Home,Personal Weapons,,C
193653631,174578514,2023-05-17,Buffalo,NY0140100,13A,B,B,N,M,60,R,Y,BG,Residence/Home,Home,Knife/Cutting Instrument,Minor Injury,C
202885360,182659169,2023-05-17,Buffalo,NY0140100,13A,B,B,N,M,72,R,N,AQ,Amusement Park,Amusement Park,Blunt Object,Minor Injury,C
193652041,174577100,2023-05-18,Buffalo,NY0140100,13A,B,B,N,F,32,R,Y,XS,Highway/Road/Alley/Street/Sidewalk,Street & Sidewalk,Handgun,,C
193653104,174578053,2023-05-18,Buffalo,NY0140100,13A,H,W,H,F,21,R,Y,BG,Residence/Home,Home,Blunt Object,Minor Injury,C
193666284,174589756,2023-05-18,Buffalo,NY0140100,13A,W,W,N,M,67,N,N,RU,Highway/Road/Alley/Street/Sidewalk,Street & Sidewalk,Firearm,,C
193653712,174578592,2023-05-19,Buffalo,NY0140100,13A,W,W,N,M,39,N,N,ST,Highway/Road/Alley/Street/Sidewalk,Street & Sidewalk,Knife/Cutting Instrument;Personal Weapons,Severe Laceration,C
193656044,174580717,2023-05-19,Buffalo,NY0140100,13A,B,B,N,M,13,R,N,ST,Park/Playground,Park & Playground,Knife/Cutting Instrument,Minor Injury,C
193788810,174697119,2023-05-19,Buffalo,NY0140100,13A,B,B,N,F,66,R,N,SB,Residence/Home,Home,Firearm,,C
193653354,174578258,2023-05-20,Buffalo,NY0140100,13A,W,W,N,M,29,R,N,AQ,Residence/Home,Home,Blunt Object,,C
193656733,174581328,2023-05-20,Buffalo,NY0140100,13A,H,W,H,M,25,R,N,RU,Highway/Road/Alley/Street/Sidewalk,Street & Sidewalk,Firearm,Other Major Injury,C
193824912,174728553,2023-05-20,Buffalo,NY0140100,13A,B,B,N,F,22,N,N,AQ,Residence/Home,Home,Personal Weapons,Severe Laceration,C
193653852,174578718,2023-05-21,Buffalo,NY0140100,13A,B,B,N,F,24,R,Y,BG,Residence/Home,Home,Personal Weapons,Minor Injury,C
193654297,174579119,2023-05-21,Buffalo,NY0140100,13A,B,B,N,M,22,R,N,RU,Commercial/Office Building,Office Building,Firearm,,C
193789091,174697367,2023-05-21,Buffalo,NY0140100,13A,B,B,N,M,15,R,N,RU,Highway/Road/Alley/Street/Sidewalk,Street & Sidewalk,Firearm,,C
193665304,174588877,2023-05-22,Buffalo,NY0140100,13A,B,B,N,M,16,R,Y,XS,Residence/Home,Home,Knife/Cutting Instrument,Minor Injury,C
202880677,182655215,2023-05-22,Buffalo,NY0140100,13A,B,B,N,M,23,R,N,ST,Highway/Road/Alley/Street/Sidewalk,Street & Sidewalk,Firearm,,C
193649546,174574981,2023-05-23,Buffalo,NY0140100,13A,B,B,N,F,33,R,Y,BG,Residence/Home,Home,Personal Weapons,Minor Injury,C
193656462,174581084,2023-05-23,Buffalo,NY0140100,13A,B,B,N,M,23,R,N,AQ,Residence/Home,Home,Personal Weapons,Minor Injury,C
193667438,174590791,2023-05-23,Buffalo,NY0140100,13A,B,B,N,M,28,R,Y,XS,Residence/Home,Home,Knife/Cutting Instrument,Minor Injury,C
193655212,174579958,2023-05-24,Buffalo,NY0140100,13A,W,W,N,F,55,R,Y,BG,Residence/Home,Home,Personal Weapons,Minor Injury;Unconscious,C
193666928,174590348,2023-05-24,Buffalo,NY0140100,13A,W,W,N,M,37,R,Y,BG,Residence/Home,Home,Knife/Cutting Instrument,Severe Laceration,C
193669088,174592314,2023-05-24,Buffalo,NY0140100,13A,B,B,N,F,46,R,Y,XS,Residence/Home,Home,Firearm,Minor Injury,C
193824907,174728548,2023-05-25,Buffalo,NY0140100,13A,B,B,N,M,35,R,N,AQ,Highway/Road/Alley/Street/Sidewalk,Street & Sidewalk,Handgun,,C
193655034,174579793,2023-05-26,Buffalo,NY0140100,13A,B,B,N,M,46,R,N,AQ,Residence/Home,Home,Blunt Object,Minor Injury,C
193811017,174716266,2023-05-26,Buffalo,NY0140100,13A,B,B,N,M,9,R,N,AQ,Residence/Home,Home,Personal Weapons,Minor Injury,C
193811074,174716317,2023-05-26,Buffalo,NY0140100,13A,H,W,H,F,22,R,Y,XS,Highway/Road/Alley/Street/Sidewalk,Street & Sidewalk,Firearm,Minor Injury,C
193811077,174716319,2023-05-26,Buffalo,NY0140100,13A,W,W,N,M,62,R,Y,XS,Residence/Home,Home,Blunt Object,Minor Injury,C
193824900,174728541,2023-05-26,Buffalo,NY0140100,13A,W,W,N,M,47,R,N,ST,Highway/Road/Alley/Street/Sidewalk,Street & Sidewalk,Blunt Object,Minor Injury,C
193656481,174581100,2023-05-27,Buffalo,NY0140100,13A,B,B,N,M,38,R,Y,XS,Highway/Road/Alley/Street/Sidewalk,Street & Sidewalk,Firearm,,C
193656487,174581104,2023-05-27,Buffalo,NY0140100,13A,B,B,N,F,38,N,N,PA,Residence/Home,Home,Personal Weapons,,C
193811174,174716403,2023-05-27,Buffalo,NY0140100,13A,B,B,U,M,29,R,N,RU,Highway/Road/Alley/Street/Sidewalk,Street & Sidewalk,Firearm,,C
193654674,174579469,2023-05-28,Buffalo,NY0140100,13A,W,W,N,F,32,R,N,AQ,Residence/Home,Home,Personal Weapons,Minor Injury;Possible Internal Injury,C
193656293,174580933,2023-05-28,Buffalo,NY0140100,13A,B,B,N,M,30,R,N,RU,Highway/Road/Alley/Street/Sidewalk,Street & Sidewalk,Firearm,Possible Internal Injury,C
193656307,174580946,2023-05-28,Buffalo,NY0140100,13A,B,B,N,F,37,R,Y,XS,Residence/Home,Home,Personal Weapons,Minor Injury,C
193656322,174580960,2023-05-28,Buffalo,NY0140100,13A,B,B,N,M,29,R,N,RU,Parking/Drop Lot/Garage,Parking Lot,Knife/Cutting Instrument,Other Major Injury;Severe Laceration,C
193656713,174581311,2023-05-28,Buffalo,NY0140100,13A,B,B,N,M,46,R,N,AQ,Residence/Home,Home,Firearm,,C
193656742,174581335,2023-05-28,Buffalo,NY0140100,13A,B,B,N,F,17,R,Y,BG,Residence/Home,Home,Personal Weapons,Minor Injury,C
193661799,174585846,2023-05-28,Buffalo,NY0140100,13A,H,W,H,F,32,R,N,NE,Residence/Home,Home,Blunt Object,Severe Laceration,C
193661803,174585850,2023-05-28,Buffalo,NY0140100,13A,B,B,U,M,53,R,N,RU,Highway/Road/Alley/Street/Sidewalk,Street & Sidewalk,Knife/Cutting Instrument,,C
193661864,174585894,2023-05-28,Buffalo,NY0140100,13A,W,W,N,F,22,R,Y,BG,Residence/Home,Home,Firearm,,C
193661895,174585920,2023-05-28,Buffalo,NY0140100,13A,A,A,N,M,62,R,N,RU,Highway/Road/Alley/Street/Sidewalk,Street & Sidewalk,Firearm,,C
195821497,176474933,2023-05-28,Buffalo,NY0140100,13A,B,B,N,F,25,N,N,FR;RU,Highway/Road/Alley/Street/Sidewalk,Street & Sidewalk,Knife/Cutting Instrument,,C
195821541,176474972,2023-05-28,Buffalo,NY0140100,13A,W,W,U,M,25,R,N,NE,Residence/Home,Home,Knife/Cutting Instrument,Minor Injury,C
195821542,176474972,2023-05-28,Buffalo,NY0140100,13A,W,W,N,F,26,R,N,NE,Residence/Home,Home,Knife/Cutting Instrument,Minor Injury,C
195821543,176474972,2023-05-28,Buffalo,NY0140100,13A,W,W,N,M,20,N,N,NE,Residence/Home,Home,Knife/Cutting Instrument,Minor Injury,C
193654318,174579138,2023-05-29,Buffalo,NY0140100,13A,B,B,N,M,28,R,N,RU,Highway/Road/Alley/Street/Sidewalk,Street & Sidewalk,Firearm,Possible Internal Injury,C
193654728,174579519,2023-05-29,Buffalo,NY0140100,13A,W,W,N,F,19,R,Y,BG,Residence/Home,Home,Other,Minor Injury,C
193654738,174579529,2023-05-29,Buffalo,NY0140100,13A,W,W,N,M,63,R,N,NE,Residence/Home,Home,Blunt Object;Personal Weapons,,C
193664562,174588215,2023-05-29,Buffalo,NY0140100,13A,B,B,N,F,32,R,Y,XS,Residence/Home,Home,Firearm,,C
193811148,174716379,2023-05-29,Buffalo,NY0140100,13A,H,W,H,F,41,R,Y,XS,Residence/Home,Home,Other;Personal Weapons,Minor Injury,C
193811149,174716379,2023-05-29,Buffalo,NY0140100,13A,B,B,N,M,47,N,N,ST,Residence/Home,Home,Other;Personal Weapons,Minor Injury,C
209641359,188552131,2023-05-29,Buffalo,NY0140100,13A,B,B,N,M,59,R,N,NE,Residence/Home,Home,Blunt Object,Minor Injury,C
193656267,174580908,2023-05-30,Buffalo,NY0140100,13A,B,B,N,F,24,R,Y,BG,Residence/Home,Home,Blunt Object,Minor Injury,C
193665910,174589425,2023-05-30,Buffalo,NY0140100,13A,B,B,N,M,36,R,N,RU,Highway/Road/Alley/Street/Sidewalk,Street & Sidewalk,Firearm,Possible Internal Injury,C
193810931,174716193,2023-05-30,Buffalo,NY0140100,13A,I,I,N,F,28,R,Y,XS,Residence/Home,Home,Personal Weapons,Minor Injury,C
209641389,188552155,2023-05-30,Buffalo,NY0140100,13A,W,W,N,M,60,R,N,ST,Highway/Road/Alley/Street/Sidewalk,Street & Sidewalk,Personal Weapons,Minor Injury,C
193654670,174579465,2023-05-31,Buffalo,NY0140100,13A,W,W,N,M,41,R,N,ST,Parking/Drop Lot/Garage,Parking Lot,Blunt Object,Severe Laceration,C
193654686,174579480,2023-05-31,Buffalo,NY0140100,13A,B,B,N,F,33,R,N,AQ,Residence/Home,Home,Other,Minor Injury,C
193668359,174591637,2023-05-31,Buffalo,NY0140100,13A,B,B,N,M,16,R,N,RU,Highway/Road/Alley/Street/Sidewalk,Street & Sidewalk,Personal Weapons,Minor Injury,C
195774857,176433652,2023-05-31,Buffalo,NY0140100,13A,W,W,N,F,28,R,Y,BG,Residence/Home,Home,Personal Weapons,Severe Laceration;Unconscious,C
203106937,182855133,2023-05-31,Buffalo,NY0140100,13A,I,I,N,M,45,R,N,RU;ST,Highway/Road/Alley/Street/Sidewalk,Street & Sidewalk,Firearm,,C
209641387,188552153,2023-05-31,Buffalo,NY0140100,13A,W,W,N,F,59,R,N,,Residence/Home,Home,Firearm;Personal Weapons,Minor Injury,C
193811234,174716457,2023-06-02,Buffalo,NY0140100,13A,B,B,N,M,40,R,N,ST,Highway/Road/Alley/Street/Sidewalk,Street & Sidewalk,Knife/Cutting Instrument,Severe Laceration,C
193811235,174716457,2023-06-02,Buffalo,NY0140100,13A,B,B,N,F,34,R,N,ST,Highway/Road/Alley/Street/Sidewalk,Street & Sidewalk,Knife/Cutting Instrument,Severe Laceration,C
193811296,174716513,2023-06-02,Buffalo,NY0140100,13A,B,B,N,M,26,R,Y,XS,Residence/Home,Home,Personal Weapons,Minor Injury,C
193790962,174699076,2023-06-03,Buffalo,NY0140100,13A,B,B,N,M,64,R,N,NE,Residence/Home,Home,Other,Minor Injury,C
193804916,174710961,2023-06-03,Buffalo,NY0140100,13A,B,B,N,F,22,R,Y,XS,Highway/Road/Alley/Street/Sidewalk,Street & Sidewalk,Motor Vehicle/Vessel;Personal Weapons,Other Major Injury,C
193805032,174711034,2023-06-03,Buffalo,NY0140100,13A,B,B,N,F,60,R,Y,SE,Residence/Home,Home,Knife/Cutting Instrument,,C
205920594,185311882,2023-06-04,Buffalo,NY0140100,13A,B,B,N,M,14,R,N,RU,Highway/Road/Alley/Street/Sidewalk,Street & Sidewalk,Personal Weapons,,C
205920595,185311882,2023-06-04,Buffalo,NY0140100,13A,B,B,N,M,14,R,N,RU,Highway/Road/Alley/Street/Sidewalk,Street & Sidewalk,Personal Weapons,,C
193808497,174714009,2023-06-05,Buffalo,NY0140100,13A,U,U,U,F,29,R,Y,XS,Residence/Home,Home,Personal Weapons,,C
193810217,174715521,2023-06-05,Buffalo,NY0140100,13A,B,B,N,M,34,R,N,RU,Highway/Road/Alley/Street/Sidewalk,Street & Sidewalk,Knife/Cutting Instrument,Minor Injury,C
193789411,174697645,2023-06-06,Buffalo,NY0140100,13A,W,W,U,F,42,R,Y,SE,Highway/Road/Alley/Street/Sidewalk,Street & Sidewalk,Personal Weapons,,C
193789418,174697652,2023-06-07,Buffalo,NY0140100,13A,W,W,N,M,37,R,N,SB,Residence/Home,Home,Other,Minor Injury,C
193789478,174697708,2023-06-07,Buffalo,NY0140100,13A,B,B,N,M,37,R,N,AQ,Highway/Road/Alley/Street/Sidewalk,Street & Sidewalk,Knife/Cutting Instrument,Other Major Injury,C
193807989,174713554,2023-06-07,Buffalo,NY0140100,13A,H,W,H,F,29,R,N,NE,Residence/Home,Home,Firearm,,C
193808502,174714014,2023-06-07,Buffalo,NY0140100,13A,U,U,U,M,26,R,N,ST,Convenience Store,Convenience Store,Knife/Cutting Instrument,,C
193793688,174701530,2023-06-08,Buffalo,NY0140100,13A,B,B,N,F,45,R,N,RU,Residence/Home,Home,Knife/Cutting Instrument,,C
193791212,174699309,2023-06-09,Buffalo,NY0140100,13A,W,W,N,F,36,N,Y,XS,Highway/Road/Alley/Street/Sidewalk,Street & Sidewalk,Personal Weapons,Minor Injury,C
193791463,174699527,2023-06-09,Buffalo,NY0140100,13A,U,U,N,F,53,R,N,PA,Residence/Home,Home,Knife/Cutting Instrument,,C
193793551,174701411,2023-06-09,Buffalo,NY0140100,13A,W,W,N,F,38,R,N,AQ,Residence/Home,Home,Blunt Object;Personal Weapons,Minor Injury,C
193807745,174713322,2023-06-09,Buffalo,NY0140100,13A,W,W,N,M,32,R,N,AQ,Highway/Road/Alley/Street/Sidewalk,Street & Sidewalk,Knife/Cutting Instrument,,C
193807767,174713343,2023-06-09,Buffalo,NY0140100,13A,B,B,N,M,54,R,N,RU,Department/Discount Store,Department Store,Knife/Cutting Instrument,,C
193807773,174713348,2023-06-09,Buffalo,NY0140100,13A,H,W,H,F,22,R,N,RU,Convenience Store,Convenience Store,Firearm,,C
203645386,183324180,2023-06-09,Buffalo,NY0140100,13A,B,B,N,F,35,R,N,RU;ST,Residence/Home,Home,Other,,C
193792615,174700587,2023-06-10,Buffalo,NY0140100,13A,W,W,U,M,18,R,N,RU,Residence/Home,Home,Knife/Cutting Instrument,,C
193792619,174700591,2023-06-10,Buffalo,NY0140100,13A,H,W,H,M,19,R,N,RU,Highway/Road/Alley/Street/Sidewalk,Street & Sidewalk,Firearm,Severe Laceration,C
193793627,174701484,2023-06-10,Buffalo,NY0140100,13A,W,W,N,M,35,N,N,RU,Highway/Road/Alley/Street/Sidewalk,Street & Sidewalk,Other,Severe Laceration,C
193789132,174697402,2023-06-11,Buffalo,NY0140100,13A,B,B,N,M,21,R,N,RU,Residence/Home,Home,Knife/Cutting Instrument,Minor Injury,C
193789133,174697402,2023-06-11,Buffalo,NY0140100,13A,B,B,N,M,36,R,N,RU,Residence/Home,Home,Knife/Cutting Instrument,Minor Injury,C
193789134,174697402,2023-06-11,Buffalo,NY0140100,13A,B,B,N,M,23,R,N,RU,Residence/Home,Home,Knife/Cutting Instrument,Minor Injury,C
193789135,174697402,2023-06-11,Buffalo,NY0140100,13A,B,B,N,M,26,R,N,RU,Residence/Home,Home,Knife/Cutting Instrument,Minor Injury,C
193789136,174697402,2023-06-11,Buffalo,NY0140100,13A,B,B,N,M,26,R,N,RU,Residence/Home,Home,Knife/Cutting Instrument,Minor Injury,C
193789145,174697410,2023-06-11,Buffalo,NY0140100,13A,W,W,N,M,41,R,N,RU,Highway/Road/Alley/Street/Sidewalk,Street & Sidewalk,Motor Vehicle/Vessel,Apparent Broken Bones;Severe Laceration,C
193789711,174697923,2023-06-11,Buffalo,NY0140100,13A,U,U,U,M,21,R,N,RU,Highway/Road/Alley/Street/Sidewalk,Street & Sidewalk,Firearm,Other Major Injury,C
193807935,174713500,2023-06-11,Buffalo,NY0140100,13A,B,B,N,F,23,R,Y,XS,Highway/Road/Alley/Street/Sidewalk,Street & Sidewalk,Firearm,,C
193807936,174713501,2023-06-11,Buffalo,NY0140100,13A,B,B,N,F,25,R,Y,BG,Residence/Home,Home,Knife/Cutting Instrument,Severe Laceration,C
199902078,180061341,2023-06-11,Buffalo,NY0140100,13A,B,B,N,F,37,R,N,RU,Highway/Road/Alley/Street/Sidewalk,Street & Sidewalk,Motor Vehicle/Vessel,Possible Internal Injury,C
202831892,182612530,2023-06-11,Buffalo,NY0140100,13A,H,W,H,M,27,R,N,NE,Highway/Road/Alley/Street/Sidewalk,Street & Sidewalk,Personal Weapons,Severe Laceration,C
193792256,174700248,2023-06-12,Buffalo,NY0140100,13A,B,B,N,F,40,R,Y,BG,Residence/Home,Home,Other,Minor Injury,C
193789754,174697965,2023-06-13,Buffalo,NY0140100,13A,B,B,N,F,40,R,Y,BG,Residence/Home,Home,Firearm,,C
193790495,174698650,2023-06-13,Buffalo,NY0140100,13A,W,W,N,F,,R,N,AQ,Residence/Home,Home,Knife/Cutting Instrument,,C
199468935,179676597,2023-06-13,Buffalo,NY0140100,13A,B,B,N,F,20,R,Y,BG,Residence/Home,Home,Other,Minor Injury;Possible Internal Injury,C
193788899,174697194,2023-06-14,Buffalo,NY0140100,13A,H,U,H,F,43,R,N,PA,Residence/Home,Home,Knife/Cutting Instrument,,C
193790273,174698444,2023-06-14,Buffalo,NY0140100,13A,B,B,N,M,55,R,Y,BG,Residence/Home,Home,Knife/Cutting Instrument,Possible Internal Injury;Severe Laceration,C
193789252,174697501,2023-06-15,Buffalo,NY0140100,13A,B,B,U,M,50,R,N,RU,Highway/Road/Alley/Street/Sidewalk,Street & Sidewalk,Knife/Cutting Instrument,Severe Laceration,C
193789855,174698061,2023-06-16,Buffalo,NY0140100,13A,B,B,N,M,36,R,N,AQ,Residence/Home,Home,Firearm,,C
193790590,174698735,2023-06-16,Buffalo,NY0140100,13A,B,B,N,F,55,N,Y,SE,Residence/Home,Home,Other;Personal Weapons,Minor Injury,C
193790594,174698739,2023-06-16,Buffalo,NY0140100,13A,B,B,N,M,27,R,N,RU,Parking/Drop Lot/Garage,Parking Lot,Firearm,,C
193791211,174699308,2023-06-16,Buffalo,NY0140100,13A,B,B,N,F,33,R,N,ST,Highway/Road/Alley/Street/Sidewalk,Street & Sidewalk,Knife/Cutting Instrument,,C
199479505,179686069,2023-06-16,Buffalo,NY0140100,13A,B,B,N,M,31,R,N,RU,Highway/Road/Alley/Street/Sidewalk,Street & Sidewalk,Personal Weapons,Minor Injury,C
193790194,174698371,2023-06-17,Buffalo,NY0140100,13A,B,B,N,M,31,R,N,RU,Highway/Road/Alley/Street/Sidewalk,Street & Sidewalk,Firearm,Other Major Injury,C
193791222,174699318,2023-06-17,Buffalo,NY0140100,13A,B,B,N,M,30,R,N,CH,Residence/Home,Home,Knife/Cutting Instrument,Severe Laceration,C
193791244,174699334,2023-06-17,Buffalo,NY0140100,13A,B,B,N,F,21,R,Y,SE,Residence/Home,Home,Blunt Object;Knife/Cutting Instrument,,C
193791637,174699682,2023-06-17,Buffalo,NY0140100,13A,B,B,N,M,18,R,N,RU,Highway/Road/Alley/Street/Sidewalk,Street & Sidewalk,Firearm,Other Major Injury,C
195785496,176443257,2023-06-17,Buffalo,NY0140100,13A,W,W,N,F,45,R,N,RU,Highway/Road/Alley/Street/Sidewalk,Street & Sidewalk,Personal Weapons,,C
193792159,174700157,2023-06-18,Buffalo,NY0140100,13A,B,B,N,F,25,R,Y,XS,Residence/Home,Home,Personal Weapons,Minor Injury;Unconscious,C
193809072,174714488,2023-06-18,Buffalo,NY0140100,13A,W,W,N,F,28,R,Y,BG,Residence/Home,Home,Blunt Object,Minor Injury,C
193809333,174714723,2023-06-18,Buffalo,NY0140100,13A,B,B,N,F,32,R,Y,XS,Residence/Home,Home,Firearm,Minor Injury,C
193809360,174714745,2023-06-18,Buffalo,NY0140100,13A,B,B,N,M,30,N,N,RU,Highway/Road/Alley/Street/Sidewalk,Street & Sidewalk,Firearm,Other Major Injury,C
193809362,174714747,2023-06-18,Buffalo,NY0140100,13A,B,B,N,M,16,R,N,RU,Highway/Road/Alley/Street/Sidewalk,Street & Sidewalk,Firearm,Possible Internal Injury,C
193811292,174716509,2023-06-18,Buffalo,NY0140100,13A,B,B,N,F,40,R,Y,XS,Residence/Home,Home,Personal Weapons,Minor Injury;Possible Internal Injury,C
195793466,176450149,2023-06-19,Buffalo,NY0140100,13A,B,B,N,F,26,R,N,OF,Residence/Home,Home,Personal Weapons,Minor Injury,C
202830744,182611525,2023-06-19,Buffalo,NY0140100,13A,H,W,H,F,33,R,N,ST,Parking/Drop Lot/Garage,Parking Lot,Firearm,,C
193789087,174697363,2023-06-20,Buffalo,NY0140100,13A,W,W,N,M,25,R,N,RU,Highway/Road/Alley/Street/Sidewalk,Street & Sidewalk,Firearm,,C
193792165,174700163,2023-06-20,Buffalo,NY0140100,13A,W,W,N,F,19,N,Y,BG,Residence/Home,Home,Knife/Cutting Instrument,Minor Injury,C
195793606,176450264,2023-06-20,Buffalo,NY0140100,13A,H,W,H,F,32,R,N,AQ,Highway/Road/Alley/Street/Sidewalk,Street & Sidewalk,Knife/Cutting Instrument,,C
193792181,174700179,2023-06-21,Buffalo,NY0140100,13A,U,U,U,F,30,R,N,AQ,Highway/Road/Alley/Street/Sidewalk,Street & Sidewalk,Firearm,,C
193813516,174718581,2023-06-21,Buffalo,NY0140100,13A,A,A,N,M,48,R,N,AQ,Convenience Store,Convenience Store,Personal Weapons,,C
193812278,174717414,2023-06-22,Buffalo,NY0140100,13A,W,W,N,F,28,R,N,NE,Highway/Road/Alley/Street/Sidewalk,Street & Sidewalk,Personal Weapons,Minor Injury,C
193812279,174717414,2023-06-22,Buffalo,NY0140100,13A,W,W,N,M,57,R,N,NE,Highway/Road/Alley/Street/Sidewalk,Street & Sidewalk,Personal Weapons,Minor Injury;Possible Internal Injury,C
193812837,174717943,2023-06-22,Buffalo,NY0140100,13A,B,B,N,M,37,R,N,RU,Highway/Road/Alley/Street/Sidewalk,Street & Sidewalk,Firearm,Possible Internal Injury,C
193812841,174717947,2023-06-22,Buffalo,NY0140100,13A,B,B,N,M,45,R,N,RU,Highway/Road/Alley/Street/Sidewalk,Street & Sidewalk,Firearm,Severe Laceration,C
193812880,174717986,2023-06-22,Buffalo,NY0140100,13A,B,B,N,M,48,R,N,AQ,School-Elementary/Secondary,K-12 School,Knife/Cutting Instrument,Minor Injury,C
195819296,176472985,2023-06-22,Buffalo,NY0140100,13A,B,B,N,M,29,R,Y,XS,Residence/Home,Home,Blunt Object,Minor Injury,C
209645048,188555608,2023-06-22,Buffalo,NY0140100,13A,B,B,N,M,18,R,N,ST,Residence/Home,Home,Firearm,,C
193809840,174715182,2023-06-23,Buffalo,NY0140100,13A,H,W,H,F,51,R,N,RU,Highway/Road/Alley/Street/Sidewalk,Street & Sidewalk,Blunt Object,,C
193810277,174715575,2023-06-23,Buffalo,NY0140100,13A,B,B,N,F,67,R,N,PA,Residence/Home,Home,Knife/Cutting Instrument,,C
199904634,180063617,2023-06-23,Buffalo,NY0140100,13A,W,W,N,F,32,R,N,ST,Residence/Home,Home,Knife/Cutting Instrument,Severe Laceration,C
203692304,183366828,2023-06-23,Buffalo,NY0140100,13A,H,W,H,F,43,R,N,PA;RU,Residence/Home,Home,Blunt Object,Other Major Injury;Possible Internal Injury,C
193810483,174715766,2023-06-24,Buffalo,NY0140100,13A,B,B,N,M,41,R,N,RU,Residence/Home,Home,Firearm,Severe Laceration,C
193811217,174716440,2023-06-24,Buffalo,NY0140100,13A,B,B,N,M,23,R,N,RU,Highway/Road/Alley/Street/Sidewalk,Street & Sidewalk,Knife/Cutting Instrument,Minor Injury,C
193811259,174716479,2023-06-24,Buffalo,NY0140100,13A,B,B,U,M,66,R,N,RU,Highway/Road/Alley/Street/Sidewalk,Street & Sidewalk,Firearm,Severe Laceration,C
193811284,174716503,2023-06-24,Buffalo,NY0140100,13A,B,B,N,F,43,N,N,AQ,Highway/Road/Alley/Street/Sidewalk,Street & Sidewalk,Knife/Cutting Instrument,Minor Injury,C
193809625,174714977,2023-06-25,Buffalo,NY0140100,13A,W,W,N,M,42,R,N,RU,Residence/Home,Home,Knife/Cutting Instrument,Minor Injury;Unconscious,C
193809813,174715155,2023-06-25,Buffalo,NY0140100,13A,B,B,N,M,38,R,Y,XS,Residence/Home,Home,Knife/Cutting Instrument,,C
193811200,174716423,2023-06-25,Buffalo,NY0140100,13A,B,B,N,F,44,R,N,RU,Highway/Road/Alley/Street/Sidewalk,Street & Sidewalk,Rifle,,C
193811324,174716537,2023-06-25,Buffalo,NY0140100,13A,B,B,N,M,30,R,N,SB,Residence/Home,Home,Firearm,,C
193811327,174716539,2023-06-25,Buffalo,NY0140100,13A,B,B,N,F,32,R,Y,BG,Residence/Home,Home,Personal Weapons,Minor Injury,C
193809663,174715013,2023-06-26,Buffalo,NY0140100,13A,W,W,N,M,47,R,N,AQ,Residence/Home,Home,Other,Other Major Injury,C
193810319,174715615,2023-06-26,Buffalo,NY0140100,13A,W,W,N,M,30,R,N,AQ,Residence/Home,Home,Knife/Cutting Instrument,,C
193810328,174715623,2023-06-26,Buffalo,NY0140100,13A,B,B,N,M,58,R,N,OK,Highway/Road/Alley/Street/Sidewalk,Street & Sidewalk,Blunt Object,Minor Injury,C
193810329,174715623,2023-06-26,Buffalo,NY0140100,13A,B,B,N,M,58,R,N,OK,Highway/Road/Alley/Street/Sidewalk,Street & Sidewalk,Blunt Object,Minor Injury,C
193810415,174715702,2023-06-26,Buffalo,NY0140100,13A,B,B,N,F,38,R,Y,XS,Residence/Home,Home,Knife/Cutting Instrument,,C
202881269,182655741,2023-06-26,Buffalo,NY0140100,13A,H,W,H,F,34,R,N,ST,Highway/Road/Alley/Street/Sidewalk,Street & Sidewalk,Motor Vehicle/Vessel,Minor Injury,C
193792736,174700701,2023-06-28,Buffalo,NY0140100,13A,B,B,N,M,33,R,Y,SE,Residence/Home,Home,Blunt Object,Minor Injury,C
193812683,174717798,2023-06-28,Buffalo,NY0140100,13A,H,W,H,M,30,U,N,RU,Residence/Home,Home,Knife/Cutting Instrument,,C
193811620,174716808,2023-06-29,Buffalo,NY0140100,13A,W,W,N,M,30,R,N,RU,Restaurant,Restaurant,Knife/Cutting Instrument,,C
193811629,174716817,2023-06-29,Buffalo,NY0140100,13A,H,W,H,M,47,N,N,AQ,Highway/Road/Alley/Street/Sidewalk,Street & Sidewalk,Firearm,,C
193813030,174718127,2023-06-29,Buffalo,NY0140100,13A,B,B,N,F,29,R,N,RU,Residence/Home,Home,Knife/Cutting Instrument,Severe Laceration,C
193813856,174718903,2023-06-29,Buffalo,NY0140100,13A,B,B,N,M,25,R,N,RU,Highway/Road/Alley/Street/Sidewalk,Street & Sidewalk,Firearm,Other Major Injury,C
195819258,176472952,2023-06-29,Buffalo,NY0140100,13A,B,B,N,F,27,R,Y,BG,Residence/Home,Home,Personal Weapons,Minor Injury;Possible Internal Injury,C
195848468,176499085,2023-06-29,Buffalo,NY0140100,13A,W,W,N,F,61,R,N,NE,Residence/Home,Home,Other,,C
195820206,176473769,2023-06-30,Buffalo,NY0140100,13A,W,W,N,M,40,N,N,ST,Parking/Drop Lot/Garage,Parking Lot,Knife/Cutting Instrument,,C
195854193,176504172,2023-06-30,Buffalo,NY0140100,13A,W,W,N,M,63,R,N,AQ,Highway/Road/Alley/Street/Sidewalk,Street & Sidewalk,Other,Minor Injury,C
195820236,176473790,2023-07-01,Buffalo,NY0140100,13A,B,B,N,F,45,R,N,NE,Residence/Home,Home,Other,,C
195820257,176473808,2023-07-01,Buffalo,NY0140100,13A,H,W,H,F,27,R,Y,XS,Residence/Home,Home,Firearm,,C
195821154,176474615,2023-07-01,Buffalo,NY0140100,13A,B,B,N,M,27,R,N,RU,Service/Gas Station,Gas Station,Firearm,Other Major Injury;Possible Internal Injury,C
195857412,176507077,2023-07-01,Buffalo,NY0140100,13A,B,B,N,F,,R,N,RU,Highway/Road/Alley/Street/Sidewalk,Street & Sidewalk,Firearm,,C
199487027,179692823,2023-07-01,Buffalo,NY0140100,13A,H,W,H,F,40,R,N,AQ,Residence/Home,Home,Firearm,,C
195823462,176476671,2023-07-02,Buffalo,NY0140100,13A,H,W,H,M,23,R,N,RU,Residence/Home,Home,Firearm,Possible Internal Injury,C
195831412,176483798,2023-07-02,Buffalo,NY0140100,13A,B,B,N,M,21,R,N,RU,Highway/Road/Alley/Street/Sidewalk,Street & Sidewalk,Firearm,Other Major Injury,C
195857418,176507081,2023-07-02,Buffalo,NY0140100,13A,B,B,N,M,27,R,N,RU,Highway/Road/Alley/Street/Sidewalk,Street & Sidewalk,Firearm,Severe Laceration,C
202886058,182659788,2023-07-02,Buffalo,NY0140100,13A,H,I,H,F,30,R,N,RU,Highway/Road/Alley/Street/Sidewalk,Street & Sidewalk,Firearm,,C
195822235,176475602,2023-07-03,Buffalo,NY0140100,13A,B,B,N,M,47,R,N,RU,Convenience Store,Convenience Store,Knife/Cutting Instrument,Minor Injury,C
195825596,176478560,2023-07-03,Buffalo,NY0140100,13A,U,U,N,F,30,R,N,OF,Residence/Home,Home,Personal Weapons,Minor Injury,C
195825683,176478637,2023-07-03,Buffalo,NY0140100,13A,B,B,N,F,21,R,N,AQ,Highway/Road/Alley/Street/Sidewalk,Street & Sidewalk,Motor Vehicle/Vessel,Other Major Injury;Severe Laceration,C
195828330,176480999,2023-07-03,Buffalo,NY0140100,13A,B,B,N,M,28,R,Y,XS,Residence/Home,Home,Blunt Object;Personal Weapons,Minor Injury,C
195822283,176475647,2023-07-04,Buffalo,NY0140100,13A,W,W,U,M,56,R,N,OK,Residence/Home,Home,Knife/Cutting Instrument,Minor Injury,C
195839959,176491502,2023-07-04,Buffalo,NY0140100,13A,B,B,N,M,54,R,N,RU,Highway/Road/Alley/Street/Sidewalk,Street & Sidewalk,Knife/Cutting Instrument;Personal Weapons,Other Major Injury;Severe Laceration,C
195850998,176501254,2023-07-04,Buffalo,NY0140100,13A,B,B,N,M,23,R,N,AQ,Highway/Road/Alley/Street/Sidewalk,Street & Sidewalk,Knife/Cutting Instrument,Minor Injury,C
195851013,176501263,2023-07-04,Buffalo,NY0140100,13A,B,B,N,M,25,R,N,RU,Highway/Road/Alley/Street/Sidewalk,Street & Sidewalk,Knife/Cutting Instrument,Severe Laceration,C
195856166,176505969,2023-07-04,Buffalo,NY0140100,13A,B,B,N,M,46,R,N,AQ,Residence/Home,Home,Blunt Object,Minor Injury,C
199486669,179692505,2023-07-04,Buffalo,NY0140100,13A,B,B,N,F,47,R,Y,XS,Highway/Road/Alley/Street/Sidewalk,Street & Sidewalk,Personal Weapons,Minor Injury,C
199486671,179692507,2023-07-04,Buffalo,NY0140100,13A,B,B,N,M,39,R,N,FR;RU,Residence/Home,Home,Knife/Cutting Instrument;Other,Severe Laceration,C
199878517,180040150,2023-07-04,Buffalo,NY0140100,13A,B,B,N,M,36,R,N,RU,Highway/Road/Alley/Street/Sidewalk,Street & Sidewalk,Firearm,Minor Injury;Possible Internal Injury,C
195803142,176458786,2023-07-05,Buffalo,NY0140100,13A,W,W,N,M,22,N,N,AQ,Residence/Home,Home,Personal Weapons,Minor Injury,C
195840116,176491637,2023-07-05,Buffalo,NY0140100,13A,B,B,N,M,40,N,N,RU,Highway/Road/Alley/Street/Sidewalk,Street & Sidewalk,Firearm,Other Major Injury;Possible Internal Injury,C
195856179,176505981,2023-07-05,Buffalo,NY0140100,13A,W,W,N,F,32,R,N,ST,Residence/Home,Home,Firearm,,C
209646084,188556583,2023-07-05,Buffalo,NY0140100,13A,W,W,N,F,27,R,N,FR,Convenience Store,Convenience Store,Other,Minor Injury,C
195774555,176433363,2023-07-06,Buffalo,NY0140100,13A,B,B,N,F,21,R,N,RU,Residence/Home,Home,Knife/Cutting Instrument,,C
195778830,176437177,2023-07-06,Buffalo,NY0140100,13A,W,W,N,F,41,R,N,RU,Highway/Road/Alley/Street/Sidewalk,Street & Sidewalk,Firearm,,C
195856732,176506471,2023-07-06,Buffalo,NY0140100,13A,H,W,H,F,21,R,Y,BG,Residence/Home,Home,Personal Weapons,Minor Injury;Unconscious,C
195780804,176438976,2023-07-07,Buffalo,NY0140100,13A,B,B,N,F,25,R,Y,XS,Highway/Road/Alley/Street/Sidewalk,Street & Sidewalk,Firearm,,C
195781516,176439624,2023-07-07,Buffalo,NY0140100,13A,B,B,N,M,63,R,Y,XS,Residence/Home,Home,Knife/Cutting Instrument,,C
195781563,176439671,2023-07-07,Buffalo,NY0140100,13A,B,B,N,F,23,R,N,NE,Residence/Home,Home,Firearm,Minor Injury,C
195781564,176439671,2023-07-07,Buffalo,NY0140100,13A,U,U,N,F,65,R,N,NE,Residence/Home,Home,Firearm,Minor Injury,C
209648652,188558917,2023-07-07,Buffalo,NY0140100,13A,H,B,H,M,22,R,Y,XS,Parking/Drop Lot/Garage,Parking Lot,Personal Weapons,Minor Injury,C
209648653,188558917,2023-07-07,Buffalo,NY0140100,13A,B,B,N,F,22,R,N,AQ,Parking/Drop Lot/Garage,Parking Lot,Personal Weapons,Minor Injury,C
209648654,188558917,2023-07-07,Buffalo,NY0140100,13A,B,B,N,M,22,R,N,AQ,Parking/Drop Lot/Garage,Parking Lot,Personal Weapons,Minor Injury,C
195774781,176433577,2023-07-08,Buffalo,NY0140100,13A,W,W,N,F,25,R,N,RU,Residence/Home,Home,Firearm;Knife/Cutting Instrument;Personal Weapons,Minor Injury,C
195780805,176438977,2023-07-08,Buffalo,NY0140100,13A,H,W,H,F,28,R,N,AQ,Residence/Home,Home,Knife/Cutting Instrument;Other;Personal Weapons,,C
195780815,176438985,2023-07-08,Buffalo,NY0140100,13A,H,W,H,F,28,R,N,OK,Residence/Home,Home,Knife/Cutting Instrument;Personal Weapons,Minor Injury;Unconscious,C
195780823,176438993,2023-07-08,Buffalo,NY0140100,13A,B,B,N,F,25,R,Y,XS,Residence/Home,Home,Firearm,,C
195780835,176439004,2023-07-08,Buffalo,NY0140100,13A,B,B,N,M,24,R,N,OK,Highway/Road/Alley/Street/Sidewalk,Street & Sidewalk,Firearm,,C
195780836,176439004,2023-07-08,Buffalo,NY0140100,13A,W,W,U,F,30,R,N,OK,Highway/Road/Alley/Street/Sidewalk,Street & Sidewalk,Firearm,,C
195822173,176475546,2023-07-08,Buffalo,NY0140100,13A,W,W,N,M,56,R,Y,BG,Residence/Home,Home,Blunt Object;Personal Weapons,Minor Injury,C
195822179,176475551,2023-07-08,Buffalo,NY0140100,13A,W,W,N,M,46,R,N,NE,Highway/Road/Alley/Street/Sidewalk,Street & Sidewalk,Other,Minor Injury,C
195822180,176475551,2023-07-08,Buffalo,NY0140100,13A,W,W,N,F,55,R,N,NE,Highway/Road/Alley/Street/Sidewalk,Street & Sidewalk,Other,,C
195822181,176475551,2023-07-08,Buffalo,NY0140100,13A,W,W,N,F,27,R,N,NE,Highway/Road/Alley/Street/Sidewalk,Street & Sidewalk,Other,,C
195822182,176475551,2023-07-08,Buffalo,NY0140100,13A,B,B,N,M,27,R,N,NE,Highway/Road/Alley/Street/Sidewalk,Street & Sidewalk,Other,,C
195821143,176474607,2023-07-09,Buffalo,NY0140100,13A,B,B,U,F,30,R,N,OK,Highway/Road/Alley/Street/Sidewalk,Street & Sidewalk,Knife/Cutting Instrument,,C
195821144,176474607,2023-07-09,Buffalo,NY0140100,13A,B,B,U,F,37,R,N,OK,Highway/Road/Alley/Street/Sidewalk,Street & Sidewalk,Knife/Cutting Instrument,,C
199487023,179692820,2023-07-09,Buffalo,NY0140100,13A,B,B,N,F,32,R,N,RU,Highway/Road/Alley/Street/Sidewalk,Street & Sidewalk,Firearm,,C
199487024,179692820,2023-07-09,Buffalo,NY0140100,13A,B,B,N,M,33,R,N,RU,Highway/Road/Alley/Street/Sidewalk,Street & Sidewalk,Firearm,,C
203668540,183344989,2023-07-09,Buffalo,NY0140100,13A,B,B,N,F,29,R,N,AQ;RU,Residence/Home,Home,Blunt Object,Minor Injury,C
195774807,176433603,2023-07-10,Buffalo,NY0140100,13A,B,B,N,M,42,R,N,RU,Highway/Road/Alley/Street/Sidewalk,Street & Sidewalk,Firearm,Other Major Injury,C
195774815,176433611,2023-07-10,Buffalo,NY0140100,13A,B,B,N,M,19,R,N,RU,Residence/Home,Home,Firearm,,C
195774822,176433618,2023-07-10,Buffalo,NY0140100,13A,W,W,N,M,23,N,N,RU,Liquor Store,Liquor Store,Knife/Cutting Instrument,,C
195774833,176433629,2023-07-10,Buffalo,NY0140100,13A,B,B,N,F,28,R,N,AQ,Residence/Home,Home,Other,,C
195774848,176433643,2023-07-10,Buffalo,NY0140100,13A,W,W,N,M,45,R,N,ST,Convenience Store,Convenience Store,Knife/Cutting Instrument,,C
202878779,182653483,2023-07-10,Buffalo,NY0140100,13A,W,W,N,M,26,R,N,RU,Highway/Road/Alley/Street/Sidewalk,Street & Sidewalk,Firearm,,C
195830614,176483068,2023-07-11,Buffalo,NY0140100,13A,B,B,N,F,41,R,Y,XS,Residence/Home,Home,Personal Weapons,Minor Injury;Unconscious,C
195841277,176492689,2023-07-11,Buffalo,NY0140100,13A,B,B,N,M,50,R,N,RU,Residence/Home,Home,Knife/Cutting Instrument,,C
195841278,176492689,2023-07-11,Buffalo,NY0140100,13A,B,B,N,M,27,R,N,RU,Residence/Home,Home,Knife/Cutting Instrument,,C
195843706,176494799,2023-07-11,Buffalo,NY0140100,13A,H,W,H,M,39,R,N,RU,Highway/Road/Alley/Street/Sidewalk,Street & Sidewalk,Firearm,Other Major Injury,C
195843760,176494849,2023-07-11,Buffalo,NY0140100,13A,H,W,H,M,52,R,N,RU,Residence/Home,Home,Firearm,Other Major Injury,C
195856255,176506051,2023-07-11,Buffalo,NY0140100,13A,B,B,N,F,21,R,N,AQ,Residence/Home,Home,Firearm,,C
195877153,176524874,2023-07-11,Buffalo,NY0140100,13A,B,B,N,M,20,R,N,AQ,Highway/Road/Alley/Street/Sidewalk,Street & Sidewalk,Personal Weapons,Severe Laceration,C
203734108,183403671,2023-07-11,Buffalo,NY0140100,13A,B,B,N,M,26,R,N,ST,Highway/Road/Alley/Street/Sidewalk,Street & Sidewalk,Firearm,Minor Injury,C
195847281,176498033,2023-07-12,Buffalo,NY0140100,13A,B,B,N,F,17,R,N,AQ,Residence/Home,Home,Other,,C
199521652,179724238,2023-07-12,Buffalo,NY0140100,13A,B,B,N,M,59,R,N,AQ,Highway/Road/Alley/Street/Sidewalk,Street & Sidewalk,Firearm,,C
205897848,185290875,2023-07-12,Buffalo,NY0140100,13A,B,B,N,M,38,R,N,ST,Highway/Road/Alley/Street/Sidewalk,Street & Sidewalk,Handgun,,C
195823964,176477127,2023-07-13,Buffalo,NY0140100,13A,W,W,N,F,27,R,N,ST,Highway/Road/Alley/Street/Sidewalk,Street & Sidewalk,Personal Weapons,Minor Injury,C
195829376,176481957,2023-07-13,Buffalo,NY0140100,13A,B,B,N,F,33,R,N,RU,Highway/Road/Alley/Street/Sidewalk,Street & Sidewalk,Blunt Object,Severe Laceration,C
195842144,176493426,2023-07-13,Buffalo,NY0140100,13A,B,B,N,F,39,R,Y,XS,Residence/Home,Home,Personal Weapons,Minor Injury,C
195853859,176503869,2023-07-13,Buffalo,NY0140100,13A,B,B,N,F,32,R,Y,SE,Highway/Road/Alley/Street/Sidewalk,Street & Sidewalk,Firearm,Minor Injury,C
195853872,176503882,2023-07-13,Buffalo,NY0140100,13A,B,B,N,F,32,R,N,RU,Highway/Road/Alley/Street/Sidewalk,Street & Sidewalk,Blunt Object,Minor Injury,C
208227950,187319067,2023-07-13,Buffalo,NY0140100,13A,B,B,N,F,51,R,N,AQ,Residence/Home,Home,Personal Weapons,Minor Injury,C
195857652,176507294,2023-07-14,Buffalo,NY0140100,13A,W,W,N,F,30,R,Y,BG,Residence/Home,Home,Knife/Cutting Instrument,Minor Injury,C
195858145,176507747,2023-07-14,Buffalo,NY0140100,13A,H,W,H,F,63,R,N,RU,Residence/Home,Home,Knife/Cutting Instrument,Minor Injury,C
195858358,176507948,2023-07-14,Buffalo,NY0140100,13A,B,B,N,F,29,R,Y,BG,Residence/Home,Home,Firearm,Minor Injury;Possible Internal Injury,C
195858362,176507952,2023-07-14,Buffalo,NY0140100,13A,B,B,N,M,26,R,N,RU,Highway/Road/Alley/Street/Sidewalk,Street & Sidewalk,Knife/Cutting Instrument,Possible Internal Injury,C
209642041,188552767,2023-07-14,Buffalo,NY0140100,13A,B,B,N,M,16,R,N,,Highway/Road/Alley/Street/Sidewalk,Street & Sidewalk,Knife/Cutting Instrument,Severe Laceration,C
195780761,176438939,2023-07-15,Buffalo,NY0140100,13A,B,B,N,F,26,R,N,NE,Residence/Home,Home,Rifle,,C
195780762,176438939,2023-07-15,Buffalo,NY0140100,13A,B,B,N,F,25,R,N,NE,Residence/Home,Home,Rifle,,C
195780770,176438947,2023-07-15,Buffalo,NY0140100,13A,B,B,N,M,14,R,N,OF,Residence/Home,Home,Firearm,Possible Internal Injury,C
195780870,176439037,2023-07-15,Buffalo,NY0140100,13A,W,W,N,M,37,R,N,ST,Highway/Road/Alley/Street/Sidewalk,Street & Sidewalk,Personal Weapons,,C
195780876,176439042,2023-07-15,Buffalo,NY0140100,13A,B,B,N,F,62,R,N,NE,Highway/Road/Alley/Street/Sidewalk,Street & Sidewalk,Other Firearm,,C
195780877,176439042,2023-07-15,Buffalo,NY0140100,13A,B,B,N,F,55,R,N,ST,Highway/Road/Alley/Street/Sidewalk,Street & Sidewalk,Other Firearm,,C
195780878,176439042,2023-07-15,Buffalo,NY0140100,13A,B,B,N,F,31,R,N,ST,Highway/Road/Alley/Street/Sidewalk,Street & Sidewalk,Other Firearm,,C
195780890,176439054,2023-07-15,Buffalo,NY0140100,13A,H,W,H,F,49,R,N,RU,Residence/Home,Home,Firearm,,C
195780895,176439059,2023-07-15,Buffalo,NY0140100,13A,B,B,N,M,50,R,Y,SE,Residence/Home,Home,Knife/Cutting Instrument,Minor Injury,C
195780899,176439062,2023-07-15,Buffalo,NY0140100,13A,B,B,N,M,36,R,N,ST,Highway/Road/Alley/Street/Sidewalk,Street & Sidewalk,Firearm,,C
195780873,176439039,2023-07-16,Buffalo,NY0140100,13A,B,B,N,F,31,R,Y,XS,Residence/Home,Home,Blunt Object,Minor Injury,C
195789018,176446360,2023-07-16,Buffalo,NY0140100,13A,W,W,N,M,39,R,N,RU,Bar/Nightclub,Bar & Nightclub,Firearm,Minor Injury,C
195792098,176449014,2023-07-16,Buffalo,NY0140100,13A,B,B,N,M,25,R,Y,BG,Residence/Home,Home,Other,,C
195792178,176449090,2023-07-16,Buffalo,NY0140100,13A,W,W,N,M,61,R,N,RU,Park/Playground,Park & Playground,Knife/Cutting Instrument,Minor Injury,C
195794393,176450960,2023-07-16,Buffalo,NY0140100,13A,B,B,N,F,33,R,Y,XS,Residence/Home,Home,Firearm,,C
195854246,176504221,2023-07-16,Buffalo,NY0140100,13A,H,W,H,F,42,R,N,CH,Residence/Home,Home,Knife/Cutting Instrument,,C
195854691,176504614,2023-07-16,Buffalo,NY0140100,13A,B,B,N,F,21,R,N,OF,Residence/Home,Home,Personal Weapons,Apparent Broken Bones;Loss of Teeth,C
195848836,176499401,2023-07-17,Buffalo,NY0140100,13A,B,B,N,F,30,R,N,RU,Service/Gas Station,Gas Station,Knife/Cutting Instrument,Minor Injury,C
195854073,176504059,2023-07-17,Buffalo,NY0140100,13A,B,B,N,F,17,R,Y,XS,Residence/Home,Home,Personal Weapons,Minor Injury,C
195854489,176504436,2023-07-17,Buffalo,NY0140100,13A,W,W,N,F,24,R,N,RU,Residence/Home,Home,Firearm,,C
195854490,176504436,2023-07-17,Buffalo,NY0140100,13A,W,W,N,M,26,R,N,RU,Residence/Home,Home,Firearm,Minor Injury,C
195854684,176504607,2023-07-17,Buffalo,NY0140100,13A,H,W,H,M,57,R,N,ST,Park/Playground,Park & Playground,Personal Weapons,Other Major Injury;Possible Internal Injury;Unconscious,C
195854738,176504656,2023-07-17,Buffalo,NY0140100,13A,W,W,N,M,46,R,N,RU,Residence/Home,Home,Knife/Cutting Instrument,Minor Injury,C
195854750,176504668,2023-07-17,Buffalo,NY0140100,13A,B,B,N,F,50,R,N,RU,Highway/Road/Alley/Street/Sidewalk,Street & Sidewalk,Knife/Cutting Instrument,Minor Injury,C
199475910,179682826,2023-07-17,Buffalo,NY0140100,13A,B,B,N,M,30,R,N,AQ,Highway/Road/Alley/Street/Sidewalk,Street & Sidewalk,Knife/Cutting Instrument,Severe Laceration,C
202873451,182648681,2023-07-17,Buffalo,NY0140100,13A,B,B,N,F,56,R,N,ST,Residence/Home,Home,Knife/Cutting Instrument,,C
195848503,176499116,2023-07-18,Buffalo,NY0140100,13A,B,B,N,F,25,R,Y,BG,Residence/Home,Home,Firearm,,C
195851659,176501828,2023-07-18,Buffalo,NY0140100,13A,U,U,U,F,54,R,N,ST,Highway/Road/Alley/Street/Sidewalk,Street & Sidewalk,Firearm,,C
195896151,176542267,2023-07-18,Buffalo,NY0140100,13A,H,W,H,M,67,R,N,NE,Highway/Road/Alley/Street/Sidewalk,Street & Sidewalk,Blunt Object;Knife/Cutting Instrument,,C
195874702,176522631,2023-07-19,Buffalo,NY0140100,13A,B,B,N,M,66,R,N,RU,Highway/Road/Alley/Street/Sidewalk,Street & Sidewalk,Knife/Cutting Instrument,Severe Laceration,C
195874874,176522791,2023-07-19,Buffalo,NY0140100,13A,B,B,N,M,42,R,N,ST,Residence/Home,Home,Firearm,,C
195886150,176533031,2023-07-19,Buffalo,NY0140100,13A,H,B,H,F,45,R,Y,BG,Residence/Home,Home,Personal Weapons,,C
195896093,176542217,2023-07-19,Buffalo,NY0140100,13A,B,B,N,F,31,R,Y,BG,Residence/Home,Home,Knife/Cutting Instrument,Minor Injury,C
199479535,179686098,2023-07-19,Buffalo,NY0140100,13A,B,B,N,M,40,R,N,NE,Residence/Home,Home,Knife/Cutting Instrument,Minor Injury,C
199479576,179686135,2023-07-19,Buffalo,NY0140100,13A,B,B,N,M,36,R,N,RU;ST,Department/Discount Store,Department Store,Firearm,,C
199479577,179686135,2023-07-19,Buffalo,NY0140100,13A,B,B,N,F,,R,N,RU;ST,Department/Discount Store,Department Store,Firearm,,C
209647953,188558320,2023-07-19,Buffalo,NY0140100,13A,B,B,N,M,66,R,N,,Highway/Road/Alley/Street/Sidewalk,Street & Sidewalk,Knife/Cutting Instrument,Severe Laceration,C
195874925,176522837,2023-07-20,Buffalo,NY0140100,13A,B,B,N,M,33,R,Y,BG,Residence/Home,Home,Knife/Cutting Instrument,,C
195874933,176522845,2023-07-20,Buffalo,NY0140100,13A,B,B,N,M,21,R,N,RU,Highway/Road/Alley/Street/Sidewalk,Street & Sidewalk,Firearm,Other Major Injury,C
195880428,176527836,2023-07-20,Buffalo,NY0140100,13A,B,B,N,F,18,R,N,CH,Residence/Home,Home,Other;Personal Weapons,Severe Laceration,C
209647962,188558329,2023-07-20,Buffalo,NY0140100,13A,B,B,N,F,26,R,Y,XS,Amusement Park,Amusement Park,Firearm,,C
195848124,176498770,2023-07-21,Buffalo,NY0140100,13A,B,B,N,M,35,R,N,AQ,Residence/Home,Home,Blunt Object,Minor Injury,C
195854123,176504106,2023-07-21,Buffalo,NY0140100,13A,W,W,N,M,62,R,N,AQ,Residence/Home,Home,Personal Weapons,,C
195854125,176504108,2023-07-21,Buffalo,NY0140100,13A,W,W,N,M,56,R,N,RU,Highway/Road/Alley/Street/Sidewalk,Street & Sidewalk,Firearm,Severe Laceration,C
195873572,176521628,2023-07-21,Buffalo,NY0140100,13A,B,B,N,F,61,R,N,SB,Residence/Home,Home,Knife/Cutting Instrument,,C
195874611,176522550,2023-07-21,Buffalo,NY0140100,13A,B,B,N,M,61,R,N,RU,Residence/Home,Home,Knife/Cutting Instrument,Minor Injury,C
195875152,176523044,2023-07-21,Buffalo,NY0140100,13A,W,W,N,M,45,R,N,RU,Highway/Road/Alley/Street/Sidewalk,Street & Sidewalk,Knife/Cutting Instrument,,C
195875250,176523123,2023-07-21,Buffalo,NY0140100,13A,B,B,N,M,58,R,Y,BG,Residence/Home,Home,Other,Minor Injury,C
195848375,176498996,2023-07-22,Buffalo,NY0140100,13A,U,U,U,M,24,R,N,ST,Drug Store/Doctor's Office/Hospital,Hospital & Clinic,Personal Weapons,Minor Injury,C
195853894,176503903,2023-07-22,Buffalo,NY0140100,13A,W,W,N,F,29,N,N,RU,Park/Playground,Park & Playground,Knife/Cutting Instrument,,C
195854183,176504163,2023-07-22,Buffalo,NY0140100,13A,B,B,N,F,27,R,N,CH,Service/Gas Station,Gas Station,Firearm,,C
195874263,176522244,2023-07-22,Buffalo,NY0140100,13A,B,B,N,F,46,R,N,AQ,Highway/Road/Alley/Street/Sidewalk,Street & Sidewalk,Other,Minor Injury,C
199901381,180060753,2023-07-22,Buffalo,NY0140100,13A,B,B,N,M,33,N,N,RU,Highway/Road/Alley/Street/Sidewalk,Street & Sidewalk,Firearm,Apparent Broken Bones,C
199901382,180060753,2023-07-22,Buffalo,NY0140100,13A,B,B,N,M,44,R,N,RU,Highway/Road/Alley/Street/Sidewalk,Street & Sidewalk,Firearm,Apparent Broken Bones;Other Major Injury,C
199901383,180060753,2023-07-22,Buffalo,NY0140100,13A,B,B,N,M,30,R,N,RU,Highway/Road/Alley/Street/Sidewalk,Street & Sidewalk,Firearm,Apparent Broken Bones,C
203668561,183345008,2023-07-22,Buffalo,NY0140100,13A,B,B,N,M,40,R,N,NE,Residence/Home,Home,Firearm,,C
205942207,185332195,2023-07-22,Buffalo,NY0140100,13A,W,W,N,M,78,N,N,RU;ST,Highway/Road/Alley/Street/Sidewalk,Street & Sidewalk,Knife/Cutting Instrument,,C
195846973,176497752,2023-07-23,Buffalo,NY0140100,13A,B,B,N,F,35,R,Y,SE,Residence/Home,Home,Personal Weapons,Unconscious,C
195848553,176499164,2023-07-23,Buffalo,NY0140100,13A,B,B,N,M,,R,Y,BG,Residence/Home,Home,Knife/Cutting Instrument;Personal Weapons,Minor Injury,C
195854227,176504204,2023-07-23,Buffalo,NY0140100,13A,B,B,N,F,32,R,Y,BG,Residence/Home,Home,Handgun;Knife/Cutting Instrument,,C
195882538,176529757,2023-07-23,Buffalo,NY0140100,13A,B,B,N,F,47,R,N,ST,Convenience Store,Convenience Store,Firearm,,C
195899474,176545101,2023-07-23,Buffalo,NY0140100,13A,A,A,N,F,24,R,N,RU,Highway/Road/Alley/Street/Sidewalk,Street & Sidewalk,Motor Vehicle/Vessel,Apparent Broken Bones;Other Major Injury;Possible Internal Injury;Severe Laceration,C
195902209,176547597,2023-07-23,Buffalo,NY0140100,13A,W,W,N,F,30,R,N,AQ,Highway/Road/Alley/Street/Sidewalk,Street & Sidewalk,Firearm,,C
195902210,176547597,2023-07-23,Buffalo,NY0140100,13A,W,W,N,F,56,N,N,AQ,Highway/Road/Alley/Street/Sidewalk,Street & Sidewalk,Firearm,,C
195902211,176547597,2023-07-23,Buffalo,NY0140100,13A,W,W,N,F,21,N,N,AQ,Highway/Road/Alley/Street/Sidewalk,Street & Sidewalk,Firearm,,C
195848539,176499151,2023-07-24,Buffalo,NY0140100,13A,B,B,N,F,38,R,Y,XS,Residence/Home,Home,Personal Weapons,Minor Injury;Unconscious,C
195882618,176529826,2023-07-24,Buffalo,NY0140100,13A,B,B,N,M,41,R,Y,BG,Residence/Home,Home,Blunt Object,Minor Injury,C
195882665,176529867,2023-07-24,Buffalo,NY0140100,13A,H,W,H,M,37,N,N,RU,Highway/Road/Alley/Street/Sidewalk,Street & Sidewalk,Knife/Cutting Instrument,Severe Laceration,C
195886184,176533065,2023-07-24,Buffalo,NY0140100,13A,W,W,N,M,19,N,Y,XS,Residence/Home,Home,Blunt Object,,C
199479591,179686149,2023-07-25,Buffalo,NY0140100,13A,B,B,N,F,30,N,N,AQ,Residence/Home,Home,Personal Weapons,Unconscious,C
199949157,180104534,2023-07-25,Buffalo,NY0140100,13A,H,W,H,M,43,R,N,RU,Highway/Road/Alley/Street/Sidewalk,Street & Sidewalk,Blunt Object,Loss of Teeth,C
195848380,176499001,2023-07-26,Buffalo,NY0140100,13A,W,W,N,F,36,R,N,AQ,Highway/Road/Alley/Street/Sidewalk,Street & Sidewalk,Firearm;Personal Weapons,,C
195848389,176499010,2023-07-26,Buffalo,NY0140100,13A,B,B,N,F,63,R,Y,BG,Residence/Home,Home,Blunt Object,Severe Laceration,C
195873396,176521471,2023-07-26,Buffalo,NY0140100,13A,B,B,N,M,27,N,N,RU,Service/Gas Station,Gas Station,Knife/Cutting Instrument,,C
195875555,176523393,2023-07-26,Buffalo,NY0140100,13A,B,B,N,M,55,R,N,RU,Park/Playground,Park & Playground,Knife/Cutting Instrument,Minor Injury,C
199521991,179724556,2023-07-26,Buffalo,NY0140100,13A,W,W,N,M,41,N,N,RU,Parking/Drop Lot/Garage,Parking Lot,Knife/Cutting Instrument,,C
199901705,180061033,2023-07-26,Buffalo,NY0140100,13A,B,B,N,U,15,R,N,AQ,Park/Playground,Park & Playground,Personal Weapons,Minor Injury,C
195848595,176499200,2023-07-27,Buffalo,NY0140100,13A,W,W,N,M,65,R,N,RU,Highway/Road/Alley/Street/Sidewalk,Street & Sidewalk,Other,Minor Injury,C
195851873,176502017,2023-07-27,Buffalo,NY0140100,13A,H,W,H,M,56,N,Y,XS,Parking/Drop Lot/Garage,Parking Lot,Other;Personal Weapons,Minor Injury,C
209644608,188555187,2023-07-27,Buffalo,NY0140100,13A,W,W,N,F,26,R,Y,BG,Residence/Home,Home,Personal Weapons,,C
195822655,176475959,2023-07-28,Buffalo,NY0140100,13A,B,B,N,F,20,R,N,RU,Highway/Road/Alley/Street/Sidewalk,Street & Sidewalk,Firearm,Other Major Injury;Possible Internal Injury,C
195847099,176497863,2023-07-28,Buffalo,NY0140100,13A,H,B,H,M,16,R,N,ST,Highway/Road/Alley/Street/Sidewalk,Street & Sidewalk,Firearm,,C
195847877,176498540,2023-07-28,Buffalo,NY0140100,13A,B,B,N,F,51,R,Y,XS,Residence/Home,Home,Firearm,Minor Injury,C
195848112,176498758,2023-07-28,Buffalo,NY0140100,13A,B,B,N,F,24,R,N,NE,Highway/Road/Alley/Street/Sidewalk,Street & Sidewalk,Other,Minor Injury,C
195850046,176500429,2023-07-28,Buffalo,NY0140100,13A,B,B,N,M,32,R,N,RU,Residence/Home,Home,Knife/Cutting Instrument,Minor Injury,C
202836329,182616475,2023-07-28,Buffalo,NY0140100,13A,W,W,N,F,33,R,Y,BG,Residence/Home,Home,Personal Weapons,,C
209645078,188555638,2023-07-28,Buffalo,NY0140100,13A,B,B,N,F,60,R,N,AQ,Parking/Drop Lot/Garage,Parking Lot,Knife/Cutting Instrument,,C
195822700,176476001,2023-07-29,Buffalo,NY0140100,13A,B,B,N,F,28,R,Y,XS,Residence/Home,Home,Personal Weapons,,C
195823349,176476567,2023-07-29,Buffalo,NY0140100,13A,B,B,N,F,41,R,Y,SE,Residence/Home,Home,Knife/Cutting Instrument,Minor Injury,C
195823371,176476583,2023-07-29,Buffalo,NY0140100,13A,B,B,N,F,40,R,Y,XS,Residence/Home,Home,Personal Weapons,Minor Injury,C
195852652,176502742,2023-07-29,Buffalo,NY0140100,13A,W,W,N,M,37,R,N,AQ,Residence/Home,Home,Knife/Cutting Instrument;Personal Weapons,Severe Laceration,C
195851269,176501496,2023-07-30,Buffalo,NY0140100,13A,B,B,N,M,26,R,N,AQ,Residence/Home,Home,Blunt Object,Other Major Injury,C
195852955,176503025,2023-07-30,Buffalo,NY0140100,13A,W,W,N,F,24,R,N,RU,Residence/Home,Home,Personal Weapons,,C
195853742,176503759,2023-07-30,Buffalo,NY0140100,13A,H,W,H,F,26,R,N,IL,Residence/Home,Home,Blunt Object;Other,Minor Injury,C
199522380,179724920,2023-07-30,Buffalo,NY0140100,13A,B,B,N,M,56,R,N,AQ,Bar/Nightclub,Bar & Nightclub,Other;Personal Weapons,Unconscious,C
199902635,180061829,2023-07-30,Buffalo,NY0140100,13A,H,I,H,M,47,R,N,OF,Highway/Road/Alley/Street/Sidewalk,Street & Sidewalk,Blunt Object,Minor Injury,C
199902643,180061834,2023-07-30,Buffalo,NY0140100,13A,B,B,N,M,19,R,N,RU,Highway/Road/Alley/Street/Sidewalk,Street & Sidewalk,Firearm,Other Major Injury,C
209648017,188558380,2023-07-30,Buffalo,NY0140100,13A,B,B,N,M,29,R,N,NE,Residence/Home,Home,Blunt Object;Personal Weapons,Minor Injury,C
195848291,176498922,2023-07-31,Buffalo,NY0140100,13A,W,W,U,M,36,R,Y,XS,Highway/Road/Alley/Street/Sidewalk,Street & Sidewalk,Blunt Object,Minor Injury,C
199520941,179723590,2023-08-01,Buffalo,NY0140100,13A,B,B,N,M,,R,N,AQ,Residence/Home,Home,Blunt Object;Personal Weapons,Other Major Injury;Severe Laceration;Unconscious,C
199523391,179725857,2023-08-01,Buffalo,NY0140100,13A,W,W,N,F,59,R,N,RU;SS,Residence/Home,Home,Personal Weapons,,C
199902798,180061973,2023-08-01,Buffalo,NY0140100,13A,B,B,N,M,62,R,N,GP,Commercial/Office Building,Office Building,Knife/Cutting Instrument,,C
200015039,180165363,2023-08-01,Buffalo,NY0140100,13A,B,B,N,M,30,R,N,NE,Residence/Home,Home,Knife/Cutting Instrument,,C
202836366,182616510,2023-08-01,Buffalo,NY0140100,13A,W,W,N,M,25,N,N,FR,Highway/Road/Alley/Street/Sidewalk,Street & Sidewalk,Firearm,,C
202836456,182616596,2023-08-02,Buffalo,NY0140100,13A,B,B,U,M,31,R,N,SC,Residence/Home,Home,Firearm,,C
199498848,179703455,2023-08-03,Buffalo,NY0140100,13A,B,B,N,F,31,R,N,NE,Residence/Home,Home,Knife/Cutting Instrument,,C
199524553,179726932,2023-08-03,Buffalo,NY0140100,13A,B,B,N,F,27,R,Y,XS,Residence/Home,Home,Other,Minor Injury,C
199524562,179726940,2023-08-03,Buffalo,NY0140100,13A,B,B,N,M,29,R,N,RU,Highway/Road/Alley/Street/Sidewalk,Street & Sidewalk,Other,Other Major Injury;Severe Laceration,C
199524009,179726427,2023-08-04,Buffalo,NY0140100,13A,B,B,N,M,43,R,N,RU,Highway/Road/Alley/Street/Sidewalk,Street & Sidewalk,Knife/Cutting Instrument,Severe Laceration,C
199524011,179726429,2023-08-04,Buffalo,NY0140100,13A,B,B,N,M,43,R,N,RU,Highway/Road/Alley/Street/Sidewalk,Street & Sidewalk,Knife/Cutting Instrument,Minor Injury,C
199524012,179726429,2023-08-04,Buffalo,NY0140100,13A,H,W,H,M,41,R,N,RU,Highway/Road/Alley/Street/Sidewalk,Street & Sidewalk,Knife/Cutting Instrument,Minor Injury,C
199524013,179726430,2023-08-04,Buffalo,NY0140100,13A,B,B,N,M,54,R,N,PA,Highway/Road/Alley/Street/Sidewalk,Street & Sidewalk,Blunt Object,Minor Injury,C
202836856,182616946,2023-08-04,Buffalo,NY0140100,13A,B,B,N,M,27,R,N,RU,Department/Discount Store,Department Store,Knife/Cutting Instrument,,C
203684354,183359585,2023-08-04,Buffalo,NY0140100,13A,W,W,N,F,41,R,N,AQ,Highway/Road/Alley/Street/Sidewalk,Street & Sidewalk,Knife/Cutting Instrument,,C
199524191,179726600,2023-08-05,Buffalo,NY0140100,13A,B,B,N,M,54,N,N,RU,Highway/Road/Alley/Street/Sidewalk,Street & Sidewalk,Firearm,Possible Internal Injury,C
199520770,179723429,2023-08-06,Buffalo,NY0140100,13A,A,A,N,F,23,R,N,AQ,Residence/Home,Home,Knife/Cutting Instrument;Personal Weapons,Minor Injury,C
199520775,179723434,2023-08-06,Buffalo,NY0140100,13A,W,W,N,M,53,N,N,AQ,Parking/Drop Lot/Garage,Parking Lot,Motor Vehicle/Vessel,Minor Injury,C
199523074,179725572,2023-08-06,Buffalo,NY0140100,13A,B,B,N,F,30,R,N,AQ,Residence/Home,Home,Firearm,,C
202842165,182621485,2023-08-06,Buffalo,NY0140100,13A,H,U,H,M,22,R,N,RU,Highway/Road/Alley/Street/Sidewalk,Street & Sidewalk,Knife/Cutting Instrument,Severe Laceration,C
199521899,179724469,2023-08-07,Buffalo,NY0140100,13A,W,W,N,F,36,R,Y,XS,Residence/Home,Home,,Minor Injury,C
199522168,179724721,2023-08-07,Buffalo,NY0140100,13A,B,B,N,M,23,R,N,RU,Highway/Road/Alley/Street/Sidewalk,Street & Sidewalk,Firearm,Possible Internal Injury,C
199522576,179725103,2023-08-07,Buffalo,NY0140100,13A,B,B,N,F,19,R,N,CH,Residence/Home,Home,,Minor Injury;Unconscious,C
209648032,188558394,2023-08-07,Buffalo,NY0140100,13A,B,B,N,M,43,R,N,FR,Residence/Home,Home,Knife/Cutting Instrument,Minor Injury,C
199521937,179724505,2023-08-08,Buffalo,NY0140100,13A,B,B,N,F,21,R,N,ST,Residence/Home,Home,Firearm,,C
199521939,179724507,2023-08-08,Buffalo,NY0140100,13A,W,W,N,M,28,R,N,ST,Drug Store/Doctor's Office/Hospital,Hospital & Clinic,Other,,C
199521952,179724519,2023-08-08,Buffalo,NY0140100,13A,B,B,N,F,58,R,Y,SE,Residence/Home,Home,Knife/Cutting Instrument,,C
199522606,179725133,2023-08-08,Buffalo,NY0140100,13A,H,W,H,F,51,R,N,AQ,Residence/Home,Home,Other,,C
199522792,179725311,2023-08-08,Buffalo,NY0140100,13A,B,B,N,M,59,R,N,NE,Residence/Home,Home,Knife/Cutting Instrument,,C
199522793,179725311,2023-08-08,Buffalo,NY0140100,13A,B,B,N,M,56,R,N,NE,Residence/Home,Home,Knife/Cutting Instrument,,C
199850046,180015281,2023-08-08,Buffalo,NY0140100,13A,W,W,N,M,30,R,N,AQ,Highway/Road/Alley/Street/Sidewalk,Street & Sidewalk,Blunt Object,Minor Injury,C
199522118,179724673,2023-08-09,Buffalo,NY0140100,13A,B,B,N,M,53,R,N,SP,Residence/Home,Home,Knife/Cutting Instrument,,C
199522121,179724676,2023-08-09,Buffalo,NY0140100,13A,B,B,N,F,18,R,Y,XS,Residence/Home,Home,Blunt Object,,C
199902830,180062000,2023-08-09,Buffalo,NY0140100,13A,B,B,U,M,16,R,N,RU,Residence/Home,Home,Knife/Cutting Instrument,Minor Injury,C
199520786,179723444,2023-08-11,Buffalo,NY0140100,13A,H,W,H,M,18,R,N,RU,Highway/Road/Alley/Street/Sidewalk,Street & Sidewalk,Firearm,Possible Internal Injury,C
199522009,179724574,2023-08-11,Buffalo,NY0140100,13A,U,U,N,F,1,R,N,NE,Highway/Road/Alley/Street/Sidewalk,Street & Sidewalk,Other,Minor Injury,C
199522333,179724877,2023-08-11,Buffalo,NY0140100,13A,B,B,N,M,18,R,N,RU,Highway/Road/Alley/Street/Sidewalk,Street & Sidewalk,Firearm,Possible Internal Injury,C
199522342,179724884,2023-08-11,Buffalo,NY0140100,13A,W,W,N,F,29,R,N,AQ,Parking/Drop Lot/Garage,Parking Lot,Personal Weapons,Minor Injury,C
199524603,179726978,2023-08-11,Buffalo,NY0140100,13A,B,B,N,M,29,R,N,RU,Specialty Store,Specialty Store,Knife/Cutting Instrument,Other Major Injury,C
199524605,179726980,2023-08-11,Buffalo,NY0140100,13A,B,B,U,F,17,R,N,ST,Residence/Home,Home,Rifle,,C
199524632,179727005,2023-08-11,Buffalo,NY0140100,13A,H,W,H,F,25,R,Y,BG,Residence/Home,Home,Knife/Cutting Instrument,,C
199520813,179723471,2023-08-12,Buffalo,NY0140100,13A,B,B,N,M,35,R,N,RU,Highway/Road/Alley/Street/Sidewalk,Street & Sidewalk,Firearm,Possible Internal Injury,C
199520818,179723476,2023-08-12,Buffalo,NY0140100,13A,W,W,N,M,26,R,N,RU,Highway/Road/Alley/Street/Sidewalk,Street & Sidewalk,Firearm,Possible Internal Injury,C
199521424,179724030,2023-08-12,Buffalo,NY0140100,13A,W,W,N,M,45,N,Y,BG,Residence/Home,Home,Other,Minor Injury,C
199521446,179724051,2023-08-12,Buffalo,NY0140100,13A,B,B,N,M,33,R,N,RU,Residence/Home,Home,Firearm,Other Major Injury,C
199521449,179724054,2023-08-12,Buffalo,NY0140100,13A,B,B,N,M,24,R,N,RU,Highway/Road/Alley/Street/Sidewalk,Street & Sidewalk,Firearm,Severe Laceration,C
199521993,179724558,2023-08-12,Buffalo,NY0140100,13A,B,B,N,F,27,R,Y,BG,Residence/Home,Home,Knife/Cutting Instrument;Other,Minor Injury,C
199522030,179724591,2023-08-12,Buffalo,NY0140100,13A,W,W,N,M,37,R,N,RU,Highway/Road/Alley/Street/Sidewalk,Street & Sidewalk,Blunt Object,Minor Injury,C
199520657,179723327,2023-08-13,Buffalo,NY0140100,13A,B,B,N,F,23,R,Y,BG,Residence/Home,Home,Firearm,Minor Injury,C
199521072,179723713,2023-08-13,Buffalo,NY0140100,13A,B,B,N,F,12,R,N,ST,Highway/Road/Alley/Street/Sidewalk,Street & Sidewalk,Other Firearm,,C
199521073,179723713,2023-08-13,Buffalo,NY0140100,13A,B,B,N,F,6,R,N,ST,Highway/Road/Alley/Street/Sidewalk,Street & Sidewalk,Other Firearm,,C
199521084,179723724,2023-08-13,Buffalo,NY0140100,13A,W,W,N,F,35,N,Y,BG,Highway/Road/Alley/Street/Sidewalk,Street & Sidewalk,Personal Weapons,Minor Injury,C
199522253,179724802,2023-08-13,Buffalo,NY0140100,13A,W,W,N,F,42,R,Y,BG,Residence/Home,Home,Personal Weapons,Minor Injury;Unconscious,C
199522837,179725355,2023-08-13,Buffalo,NY0140100,13A,B,B,N,F,37,N,N,RU,Highway/Road/Alley/Street/Sidewalk,Street & Sidewalk,Firearm,Possible Internal Injury,C
199523108,179725598,2023-08-13,Buffalo,NY0140100,13A,B,B,N,M,14,R,N,RU,Parking/Drop Lot/Garage,Parking Lot,Motor Vehicle/Vessel,Minor Injury;Possible Internal Injury,C
199523114,179725604,2023-08-13,Buffalo,NY0140100,13A,W,W,N,M,28,R,N,RU,Highway/Road/Alley/Street/Sidewalk,Street & Sidewalk,Firearm,Severe Laceration,C
199850050,180015284,2023-08-13,Buffalo,NY0140100,13A,H,W,H,F,27,R,Y,SE,Residence/Home,Home,Knife/Cutting Instrument,,C
199850073,180015305,2023-08-13,Buffalo,NY0140100,13A,U,U,N,F,24,R,Y,XS,Residence/Home,Home,Knife/Cutting Instrument,Minor Injury,C
199521082,179723722,2023-08-14,Buffalo,NY0140100,13A,B,B,N,M,,U,N,RU,Parking/Drop Lot/Garage,Parking Lot,Knife/Cutting Instrument,Severe Laceration,C
199521085,179723725,2023-08-14,Buffalo,NY0140100,13A,B,B,U,M,74,R,N,NE,Residence/Home,Home,Knife/Cutting Instrument,Minor Injury,C
199521087,179723727,2023-08-14,Buffalo,NY0140100,13A,B,B,N,M,21,R,N,RU,Highway/Road/Alley/Street/Sidewalk,Street & Sidewalk,Firearm,Severe Laceration,C
199521101,179723739,2023-08-14,Buffalo,NY0140100,13A,B,B,N,F,30,R,N,AQ,Residence/Home,Home,Other,Minor Injury,C
199521102,179723740,2023-08-14,Buffalo,NY0140100,13A,B,B,N,M,24,R,N,RU,Bar/Nightclub,Bar & Nightclub,Firearm,Severe Laceration,C
199521592,179724184,2023-08-14,Buffalo,NY0140100,13A,W,W,N,M,53,R,N,NE,Residence/Home,Home,Blunt Object,Minor Injury;Possible Internal Injury,C
199523262,179725739,2023-08-14,Buffalo,NY0140100,13A,B,B,N,F,24,R,N,AQ,Residence/Home,Home,Firearm,Minor Injury,C
199523269,179725745,2023-08-14,Buffalo,NY0140100,13A,B,B,N,M,27,N,N,RU,Residence/Home,Home,Firearm,Possible Internal Injury,C
199521620,179724208,2023-08-15,Buffalo,NY0140100,13A,B,B,N,F,37,R,Y,XS,Residence/Home,Home,Personal Weapons,Minor Injury,C
199521624,179724212,2023-08-15,Buffalo,NY0140100,13A,B,B,N,F,57,R,Y,BG,Residence/Home,Home,Personal Weapons,,C
199524189,179726598,2023-08-15,Buffalo,NY0140100,13A,B,B,N,M,16,R,N,RU,Residence/Home,Home,Blunt Object,Minor Injury,C
199901657,180060993,2023-08-15,Buffalo,NY0140100,13A,B,B,N,M,85,R,N,NE,Residence/Home,Home,Knife/Cutting Instrument,,C
199522570,179725098,2023-08-16,Buffalo,NY0140100,13A,W,W,N,M,,R,N,ST,Highway/Road/Alley/Street/Sidewalk,Street & Sidewalk,Firearm;Personal Weapons,,C
199523986,179726405,2023-08-16,Buffalo,NY0140100,13A,B,B,N,F,29,R,N,RU,Residence/Home,Home,Knife/Cutting Instrument,,C
199524394,179726787,2023-08-16,Buffalo,NY0140100,13A,B,B,N,F,32,R,N,RU,Residence/Home,Home,Explosives,Minor Injury,C
199901929,180061216,2023-08-16,Buffalo,NY0140100,13A,W,W,N,M,52,R,N,RU,Highway/Road/Alley/Street/Sidewalk,Street & Sidewalk,Motor Vehicle/Vessel,,C
199523022,179725527,2023-08-17,Buffalo,NY0140100,13A,W,W,N,M,43,R,N,RU,Bar/Nightclub,Bar & Nightclub,Firearm,,C
199523039,179725541,2023-08-17,Buffalo,NY0140100,13A,W,W,N,M,41,R,N,SP,Highway/Road/Alley/Street/Sidewalk,Street & Sidewalk,Knife/Cutting Instrument,Possible Internal Injury;Severe Laceration,C
199523040,179725542,2023-08-18,Buffalo,NY0140100,13A,B,B,N,F,25,R,N,RU,Highway/Road/Alley/Street/Sidewalk,Street & Sidewalk,Firearm;Personal Weapons,Minor Injury,C
199523306,179725778,2023-08-18,Buffalo,NY0140100,13A,B,B,N,F,30,R,Y,XS,Residence/Home,Home,Knife/Cutting Instrument,,C
199522381,179724921,2023-08-19,Buffalo,NY0140100,13A,W,W,N,F,45,R,N,AQ,Highway/Road/Alley/Street/Sidewalk,Street & Sidewalk,Personal Weapons,Possible Internal Injury,C
199522405,179724941,2023-08-19,Buffalo,NY0140100,13A,W,W,N,F,23,R,Y,XS,Highway/Road/Alley/Street/Sidewalk,Street & Sidewalk,Knife/Cutting Instrument,,C
199850076,180015308,2023-08-19,Buffalo,NY0140100,13A,B,B,N,F,21,R,N,RU,Highway/Road/Alley/Street/Sidewalk,Street & Sidewalk,Motor Vehicle/Vessel,Minor Injury,C
199850077,180015308,2023-08-19,Buffalo,NY0140100,13A,B,B,N,F,22,R,N,RU,Highway/Road/Alley/Street/Sidewalk,Street & Sidewalk,Motor Vehicle/Vessel,Minor Injury,C
199522080,179724639,2023-08-20,Buffalo,NY0140100,13A,B,B,N,M,41,R,N,RU,Highway/Road/Alley/Street/Sidewalk,Street & Sidewalk,Knife/Cutting Instrument;Personal Weapons,Apparent Broken Bones;Other Major Injury;Possible Internal Injury;Severe Laceration;Unconscious,C
199522805,179725323,2023-08-20,Buffalo,NY0140100,13A,W,W,U,F,35,R,Y,SE,Parking/Drop Lot/Garage,Parking Lot,Knife/Cutting Instrument,Minor Injury,C
199522830,179725348,2023-08-20,Buffalo,NY0140100,13A,W,W,N,F,33,N,Y,BG,Park/Playground,Park & Playground,Blunt Object,Minor Injury,C
199523097,179725589,2023-08-20,Buffalo,NY0140100,13A,B,B,N,M,32,R,N,RU,Highway/Road/Alley/Street/Sidewalk,Street & Sidewalk,Knife/Cutting Instrument,Minor Injury,C
199524046,179726461,2023-08-20,Buffalo,NY0140100,13A,B,B,N,F,12,R,N,RU,Highway/Road/Alley/Street/Sidewalk,Street & Sidewalk,Firearm,,C
199850042,180015277,2023-08-20,Buffalo,NY0140100,13A,B,B,N,M,33,R,N,RU,Highway/Road/Alley/Street/Sidewalk,Street & Sidewalk,Firearm,Possible Internal Injury,C
199850059,180015292,2023-08-20,Buffalo,NY0140100,13A,W,W,N,F,56,R,Y,BG,Residence/Home,Home,Firearm,Minor Injury;Possible Internal Injury,C
199850060,180015293,2023-08-20,Buffalo,NY0140100,13A,H,W,H,M,26,R,N,AQ,Residence/Home,Home,Firearm;Knife/Cutting Instrument,,C
199912688,180070854,2023-08-20,Buffalo,NY0140100,13A,W,W,N,F,40,R,Y,XS,Residence/Home,Home,Knife/Cutting Instrument,,C
199913088,180071224,2023-08-20,Buffalo,NY0140100,13A,B,B,N,F,34,R,N,RU,Grocery/Supermarket,Grocery Store,Knife/Cutting Instrument,,C
203687313,183362241,2023-08-20,Buffalo,NY0140100,13A,B,B,N,F,37,R,Y,XS,Residence/Home,Home,Firearm,,C
199520592,179723266,2023-08-21,Buffalo,NY0140100,13A,H,W,H,F,30,R,Y,XS,Residence/Home,Home,,Minor Injury;Unconscious,C
199520636,179723307,2023-08-21,Buffalo,NY0140100,13A,W,W,U,F,23,N,N,OF,Residence/Home,Home,Blunt Object,Minor Injury,C
199524135,179726548,2023-08-21,Buffalo,NY0140100,13A,B,B,N,M,29,R,Y,BG,Residence/Home,Home,Other,Minor Injury,C
199849956,180015199,2023-08-21,Buffalo,NY0140100,13A,B,B,N,F,32,R,N,SB,Residence/Home,Home,Other,Minor Injury,C
199850093,180015324,2023-08-21,Buffalo,NY0140100,13A,H,W,H,F,33,N,N,RU,Residence/Home,Home,Blunt Object;Personal Weapons,Minor Injury,C
199520649,179723320,2023-08-22,Buffalo,NY0140100,13A,B,B,N,F,27,R,N,AQ,Residence/Home,Home,Firearm,,C
199520651,179723322,2023-08-22,Buffalo,NY0140100,13A,W,W,N,F,39,R,N,PA,Residence/Home,Home,Knife/Cutting Instrument,,C
199525578,179727852,2023-08-22,Buffalo,NY0140100,13A,B,B,U,F,21,R,Y,XS,Residence/Home,Home,Blunt Object;Personal Weapons,Apparent Broken Bones;Unconscious,C
209646752,188557206,2023-08-22,Buffalo,NY0140100,13A,B,B,N,F,33,R,Y,BG,Residence/Home,Home,Personal Weapons,Possible Internal Injury,C
199520911,179723561,2023-08-23,Buffalo,NY0140100,13A,W,W,N,M,21,R,N,RU,Highway/Road/Alley/Street/Sidewalk,Street & Sidewalk,Other,,C
199526474,179728671,2023-08-23,Buffalo,NY0140100,13A,B,B,N,M,35,R,N,RU,Parking/Drop Lot/Garage,Parking Lot,Knife/Cutting Instrument,,C
202876457,182651373,2023-08-23,Buffalo,NY0140100,13A,B,B,N,M,32,N,N,RU,Restaurant,Restaurant,Firearm,,C
199525029,179727371,2023-08-24,Buffalo,NY0140100,13A,B,B,N,F,19,R,Y,BG,Residence/Home,Home,,Minor Injury,C
199525049,179727390,2023-08-24,Buffalo,NY0140100,13A,B,B,N,M,20,R,N,RU,Residence/Home,Home,Firearm,Severe Laceration,C
199525308,179727622,2023-08-24,Buffalo,NY0140100,13A,B,B,U,M,29,R,N,RU,Highway/Road/Alley/Street/Sidewalk,Street & Sidewalk,Firearm,Other Major Injury,C
199525336,179727646,2023-08-24,Buffalo,NY0140100,13A,H,W,H,M,48,R,N,RU,Residence/Home,Home,Firearm,Minor Injury,C
199525553,179727829,2023-08-24,Buffalo,NY0140100,13A,H,W,H,M,45,R,N,RU,Residence/Home,Home,Personal Weapons,Minor Injury;Possible Internal Injury,C
199921408,180078524,2023-08-24,Buffalo,NY0140100,13A,H,W,H,M,47,R,Y,BG,Residence/Home,Home,Other,,C
199525304,179727619,2023-08-25,Buffalo,NY0140100,13A,B,B,N,F,21,R,N,CH,Residence/Home,Home,Personal Weapons,Minor Injury,C
199525366,179727673,2023-08-25,Buffalo,NY0140100,13A,B,B,U,M,23,R,N,RU,Bar/Nightclub,Bar & Nightclub,Knife/Cutting Instrument,Severe Laceration,C
199526373,179728574,2023-08-25,Buffalo,NY0140100,13A,B,B,N,M,36,R,N,RU,Residence/Home,Home,Firearm,Other Major Injury;Possible Internal Injury,C
199525236,179727559,2023-08-26,Buffalo,NY0140100,13A,W,W,N,M,50,R,N,PA,Residence/Home,Home,Personal Weapons,Other Major Injury;Possible Internal Injury;Unconscious,C
199525249,179727569,2023-08-26,Buffalo,NY0140100,13A,B,B,N,F,31,R,N,RU,Residence/Home,Home,Firearm,,C
199526389,179728590,2023-08-26,Buffalo,NY0140100,13A,W,W,N,F,60,R,Y,BG,Residence/Home,Home,Personal Weapons,,C
199526397,179728598,2023-08-26,Buffalo,NY0140100,13A,B,B,N,F,40,R,Y,XS,Residence/Home,Home,Knife/Cutting Instrument,Minor Injury,C
199526686,179728865,2023-08-26,Buffalo,NY0140100,13A,B,B,N,M,24,R,N,RU,Highway/Road/Alley/Street/Sidewalk,Street & Sidewalk,Firearm,Other Major Injury,C
199850129,180015356,2023-08-26,Buffalo,NY0140100,13A,B,B,N,M,38,R,N,RU,Highway/Road/Alley/Street/Sidewalk,Street & Sidewalk,Knife/Cutting Instrument,Minor Injury,C
199524819,179727178,2023-08-27,Buffalo,NY0140100,13A,W,W,N,M,36,R,N,FR,Residence/Home,Home,Blunt Object,Minor Injury;Possible Internal Injury,C
199524829,179727188,2023-08-27,Buffalo,NY0140100,13A,W,W,N,F,37,R,N,NE,Residence/Home,Home,Knife/Cutting Instrument,,C
199526932,179729081,2023-08-27,Buffalo,NY0140100,13A,W,W,N,M,57,R,Y,SE,Residence/Home,Home,Knife/Cutting Instrument,Minor Injury,C
199527021,179729163,2023-08-27,Buffalo,NY0140100,13A,B,B,N,F,38,R,N,AQ,Highway/Road/Alley/Street/Sidewalk,Street & Sidewalk,Blunt Object,,C
199527024,179729166,2023-08-27,Buffalo,NY0140100,13A,B,B,N,F,21,R,N,AQ,Highway/Road/Alley/Street/Sidewalk,Street & Sidewalk,Other,,C
199905059,180064010,2023-08-27,Buffalo,NY0140100,13A,B,B,N,F,21,R,Y,XS,Highway/Road/Alley/Street/Sidewalk,Street & Sidewalk,Motor Vehicle/Vessel,Minor Injury,C
199905062,180064013,2023-08-27,Buffalo,NY0140100,13A,B,B,N,F,44,R,N,PA,Residence/Home,Home,Personal Weapons,Minor Injury,C
199905065,180064016,2023-08-27,Buffalo,NY0140100,13A,W,W,N,F,38,R,N,RU,Highway/Road/Alley/Street/Sidewalk,Street & Sidewalk,Knife/Cutting Instrument,Minor Injury,C
202876736,182651632,2023-08-27,Buffalo,NY0140100,13A,H,W,H,F,39,R,Y,BG,Residence/Home,Home,Personal Weapons,Apparent Broken Bones,C
205852528,185249983,2023-08-27,Buffalo,NY0140100,13A,B,B,N,F,19,R,Y,BG;RU,Residence/Home,Home,Knife/Cutting Instrument,Minor Injury,C
199524466,179726856,2023-08-28,Buffalo,NY0140100,13A,B,B,N,M,32,N,N,FR,Highway/Road/Alley/Street/Sidewalk,Street & Sidewalk,Firearm,,C
199905082,180064031,2023-08-28,Buffalo,NY0140100,13A,W,W,N,F,42,R,N,ST,Residence/Home,Home,Motor Vehicle/Vessel,,C
203687326,183362253,2023-08-28,Buffalo,NY0140100,13A,W,W,N,M,48,R,N,RU;ST,Grocery/Supermarket,Grocery Store,Knife/Cutting Instrument,,C
199523378,179725844,2023-08-29,Buffalo,NY0140100,13A,B,B,N,F,20,R,Y,XS,Residence/Home,Home,Firearm,Minor Injury,C
199905090,180064039,2023-08-29,Buffalo,NY0140100,13A,B,B,N,M,34,R,N,ST,Highway/Road/Alley/Street/Sidewalk,Street & Sidewalk,Knife/Cutting Instrument,,C
199522517,179725048,2023-08-30,Buffalo,NY0140100,13A,B,B,N,F,38,R,N,PA,Residence/Home,Home,Firearm,,C
199521845,179724419,2023-08-31,Buffalo,NY0140100,13A,W,W,N,F,34,R,Y,BG,Residence/Home,Home,Blunt Object;Personal Weapons,Minor Injury,C
199523240,179725718,2023-08-31,Buffalo,NY0140100,13A,B,B,U,F,23,R,N,AQ,Highway/Road/Alley/Street/Sidewalk,Street & Sidewalk,Other,Minor Injury,C
199905280,180064205,2023-08-31,Buffalo,NY0140100,13A,B,B,N,M,30,R,Y,XS,Residence/Home,Home,Knife/Cutting Instrument,Minor Injury,C
199913745,180071808,2023-09-01,Buffalo,NY0140100,13A,B,B,N,M,26,R,N,OF,Residence/Home,Home,Knife/Cutting Instrument,Possible Internal Injury;Severe Laceration,C
199921028,180078231,2023-09-01,Buffalo,NY0140100,13A,B,B,N,M,54,R,N,OK,Highway/Road/Alley/Street/Sidewalk,Street & Sidewalk,Blunt Object,Minor Injury,C
199921122,180078312,2023-09-01,Buffalo,NY0140100,13A,B,B,N,M,26,R,N,RU,Highway/Road/Alley/Street/Sidewalk,Street & Sidewalk,Firearm,Minor Injury,C
199921170,180078355,2023-09-01,Buffalo,NY0140100,13A,W,W,U,M,46,R,Y,XS,Residence/Home,Home,Firearm,,C
199904795,180063768,2023-09-02,Buffalo,NY0140100,13A,B,B,N,M,24,R,Y,BG,Residence/Home,Home,Knife/Cutting Instrument,,C
199915235,180073172,2023-09-02,Buffalo,NY0140100,13A,B,B,N,M,40,R,N,OF,Drug Store/Doctor's Office/Hospital,Hospital & Clinic,Personal Weapons,Minor Injury,C
199921766,180078826,2023-09-02,Buffalo,NY0140100,13A,B,B,N,M,25,R,N,RU,Highway/Road/Alley/Street/Sidewalk,Street & Sidewalk,Knife/Cutting Instrument,Severe Laceration,C
199921859,180078906,2023-09-02,Buffalo,NY0140100,13A,H,W,H,F,41,R,Y,XS,Highway/Road/Alley/Street/Sidewalk,Street & Sidewalk,Knife/Cutting Instrument;Personal Weapons,Minor Injury,C
199902590,180061787,2023-09-03,Buffalo,NY0140100,13A,W,W,N,M,56,R,N,RU,Residence/Home,Home,Firearm,,C
199915249,180073185,2023-09-03,Buffalo,NY0140100,13A,B,B,N,F,87,R,N,GP,Residence/Home,Home,Knife/Cutting Instrument,,C
199922395,180079390,2023-09-03,Buffalo,NY0140100,13A,W,W,N,F,33,R,Y,BG,Highway/Road/Alley/Street/Sidewalk,Street & Sidewalk,Knife/Cutting Instrument;Personal Weapons,Minor Injury,C
199922410,180079405,2023-09-03,Buffalo,NY0140100,13A,W,W,N,F,34,R,Y,BG,Residence/Home,Home,Knife/Cutting Instrument,Minor Injury,C
202873481,182648709,2023-09-03,Buffalo,NY0140100,13A,B,B,N,M,31,R,N,RU,Highway/Road/Alley/Street/Sidewalk,Street & Sidewalk,Firearm,Severe Laceration,C
202873482,182648709,2023-09-03,Buffalo,NY0140100,13A,B,B,N,M,25,R,N,RU,Highway/Road/Alley/Street/Sidewalk,Street & Sidewalk,Firearm,Severe Laceration,C
199895891,180055803,2023-09-04,Buffalo,NY0140100,13A,B,B,N,M,59,R,N,AQ,Highway/Road/Alley/Street/Sidewalk,Street & Sidewalk,Personal Weapons,Possible Internal Injury;Unconscious,C
199900518,180059965,2023-09-04,Buffalo,NY0140100,13A,B,B,N,M,41,R,Y,XS,Residence/Home,Home,Blunt Object;Knife/Cutting Instrument,,C
199900629,180060061,2023-09-04,Buffalo,NY0140100,13A,B,B,N,M,40,R,N,AQ,Residence/Home,Home,Other,Minor Injury,C
199901679,180061012,2023-09-05,Buffalo,NY0140100,13A,B,B,N,F,25,R,N,RU,Highway/Road/Alley/Street/Sidewalk,Street & Sidewalk,Knife/Cutting Instrument,Minor Injury,C
202871765,182647143,2023-09-05,Buffalo,NY0140100,13A,B,B,N,M,43,R,N,RU,Residence/Home,Home,Blunt Object,Minor Injury,C
203529122,183220408,2023-09-05,Buffalo,NY0140100,13A,B,B,U,F,,R,N,RU,Residence/Home,Home,Blunt Object,Severe Laceration,C
199896302,180056157,2023-09-06,Buffalo,NY0140100,13A,W,W,U,M,39,R,N,RU,Highway/Road/Alley/Street/Sidewalk,Street & Sidewalk,Other,Minor Injury,C
199897689,180057402,2023-09-06,Buffalo,NY0140100,13A,W,W,N,M,62,R,N,PA,Residence/Home,Home,Blunt Object,Minor Injury,C
199902223,180061467,2023-09-06,Buffalo,NY0140100,13A,H,W,H,M,35,R,N,ST,Highway/Road/Alley/Street/Sidewalk,Street & Sidewalk,Firearm,,C
199902609,180061804,2023-09-06,Buffalo,NY0140100,13A,H,W,H,F,29,R,Y,SE,Residence/Home,Home,Personal Weapons,Minor Injury;Unconscious,C
199902615,180061810,2023-09-06,Buffalo,NY0140100,13A,W,W,N,M,36,N,N,SB,Residence/Home,Home,Shotgun,,C
199905798,180064689,2023-09-07,Buffalo,NY0140100,13A,B,B,N,M,46,R,N,ST,Highway/Road/Alley/Street/Sidewalk,Street & Sidewalk,Knife/Cutting Instrument,,C
199906716,180065523,2023-09-07,Buffalo,NY0140100,13A,B,B,N,M,16,N,N,RU,Highway/Road/Alley/Street/Sidewalk,Street & Sidewalk,Firearm,Severe Laceration,C
199908920,180067423,2023-09-07,Buffalo,NY0140100,13A,W,W,N,M,51,N,N,RU,Highway/Road/Alley/Street/Sidewalk,Street & Sidewalk,Unknown,Apparent Broken Bones;Severe Laceration,C
199908951,180067448,2023-09-07,Buffalo,NY0140100,13A,B,B,N,F,39,R,Y,SE,Residence/Home,Home,Knife/Cutting Instrument,Minor Injury,C
202873566,182648785,2023-09-07,Buffalo,NY0140100,13A,B,B,N,F,33,R,N,RU,Highway/Road/Alley/Street/Sidewalk,Street & Sidewalk,Handgun,,C
208326513,187407854,2023-09-07,Buffalo,NY0140100,13A,B,B,N,M,26,R,N,ST,Highway/Road/Alley/Street/Sidewalk,Street & Sidewalk,Knife/Cutting Instrument,Severe Laceration,C
199901886,180061179,2023-09-08,Buffalo,NY0140100,13A,W,W,N,M,49,R,N,RU,Residence/Home,Home,Knife/Cutting Instrument;Personal Weapons,Minor Injury,C
199904801,180063774,2023-09-08,Buffalo,NY0140100,13A,W,W,U,F,28,R,Y,SE,Residence/Home,Home,Personal Weapons,Minor Injury,C
199918373,180075953,2023-09-09,Buffalo,NY0140100,13A,B,B,N,F,31,R,N,ST,Highway/Road/Alley/Street/Sidewalk,Street & Sidewalk,Knife/Cutting Instrument,Severe Laceration,C
199918374,180075953,2023-09-09,Buffalo,NY0140100,13A,B,B,N,M,36,R,N,ST,Highway/Road/Alley/Street/Sidewalk,Street & Sidewalk,Knife/Cutting Instrument,Severe Laceration,C
199920432,180077723,2023-09-09,Buffalo,NY0140100,13A,B,B,N,M,23,R,N,CH,Residence/Home,Home,Knife/Cutting Instrument,,C
199913307,180071414,2023-09-10,Buffalo,NY0140100,13A,B,B,N,F,21,R,Y,BG,Residence/Home,Home,Personal Weapons,Minor Injury,C
199925462,180082239,2023-09-10,Buffalo,NY0140100,13A,B,B,N,M,54,R,N,RU,Highway/Road/Alley/Street/Sidewalk,Street & Sidewalk,Knife/Cutting Instrument,Severe Laceration,C
199925476,180082253,2023-09-10,Buffalo,NY0140100,13A,B,B,N,F,25,R,Y,XS,Residence/Home,Home,Personal Weapons,Minor Injury,C
209645087,188555644,2023-09-10,Buffalo,NY0140100,13A,W,W,N,M,21,U,N,,Highway/Road/Alley/Street/Sidewalk,Street & Sidewalk,Personal Weapons,Apparent Broken Bones;Other Major Injury;Possible Internal Injury;Unconscious,C
199925816,180082575,2023-09-11,Buffalo,NY0140100,13A,H,W,H,M,41,R,N,AQ,Highway/Road/Alley/Street/Sidewalk,Street & Sidewalk,Knife/Cutting Instrument,Minor Injury,C
199925821,180082579,2023-09-11,Buffalo,NY0140100,13A,B,B,N,M,22,R,N,OK,Residence/Home,Home,Personal Weapons,Minor Injury,C
209648014,188558377,2023-09-11,Buffalo,NY0140100,13A,B,B,N,M,45,R,N,,Highway/Road/Alley/Street/Sidewalk,Street & Sidewalk,Firearm,,C
199906172,180065021,2023-09-12,Buffalo,NY0140100,13A,B,B,N,F,19,R,N,AQ,Residence/Home,Home,Firearm,Minor Injury,C
199906191,180065036,2023-09-12,Buffalo,NY0140100,13A,B,B,N,F,56,R,N,RU,Residence/Home,Home,Firearm,,C
199906805,180065606,2023-09-12,Buffalo,NY0140100,13A,W,W,U,F,21,R,N,RU,Highway/Road/Alley/Street/Sidewalk,Street & Sidewalk,Knife/Cutting Instrument,,C
200014318,180164689,2023-09-12,Buffalo,NY0140100,13A,U,U,N,F,38,R,Y,SE,Residence/Home,Home,Knife/Cutting Instrument,,C
199904671,180063652,2023-09-13,Buffalo,NY0140100,13A,B,B,N,M,59,R,N,RU,Parking/Drop Lot/Garage,Parking Lot,Handgun,,C
199904676,180063656,2023-09-13,Buffalo,NY0140100,13A,B,B,N,M,37,R,N,RU,Residence/Home,Home,Firearm,Other Major Injury,C
199904885,180063849,2023-09-13,Buffalo,NY0140100,13A,W,W,N,M,51,R,N,RU,Highway/Road/Alley/Street/Sidewalk,Street & Sidewalk,Blunt Object,Possible Internal Injury,C
199912989,180071133,2023-09-13,Buffalo,NY0140100,13A,B,B,U,F,37,R,N,RU,Highway/Road/Alley/Street/Sidewalk,Street & Sidewalk,Firearm,Severe Laceration,C
199912990,180071134,2023-09-13,Buffalo,NY0140100,13A,W,W,N,F,42,R,Y,BG,Residence/Home,Home,Knife/Cutting Instrument;Personal Weapons,Minor Injury,C
202829627,182610559,2023-09-13,Buffalo,NY0140100,13A,W,W,N,M,61,R,N,RU,Highway/Road/Alley/Street/Sidewalk,Street & Sidewalk,Personal Weapons,Possible Internal Injury;Severe Laceration,C
199917975,180075605,2023-09-14,Buffalo,NY0140100,13A,W,W,N,F,40,R,N,AQ,Residence/Home,Home,Personal Weapons,Apparent Broken Bones,C
199921394,180078510,2023-09-14,Buffalo,NY0140100,13A,W,W,N,M,17,N,N,RU,Highway/Road/Alley/Street/Sidewalk,Street & Sidewalk,Handgun,,C
205884992,185279482,2023-09-14,Buffalo,NY0140100,13A,W,W,N,M,32,R,N,NE,Residence/Home,Home,Knife/Cutting Instrument,,C
205884993,185279482,2023-09-14,Buffalo,NY0140100,13A,B,B,N,M,27,N,N,NE,Residence/Home,Home,Knife/Cutting Instrument,,C
209645596,188556118,2023-09-14,Buffalo,NY0140100,13A,B,B,N,F,42,R,N,PA,Residence/Home,Home,Firearm,,C
199901937,180061224,2023-09-15,Buffalo,NY0140100,13A,B,B,N,M,27,R,N,IL,Residence/Home,Home,Blunt Object,Minor Injury,C
199901966,180061250,2023-09-15,Buffalo,NY0140100,13A,B,B,N,M,19,N,N,ST,Highway/Road/Alley/Street/Sidewalk,Street & Sidewalk,Knife/Cutting Instrument,,C
199904989,180063946,2023-09-15,Buffalo,NY0140100,13A,B,B,N,M,26,R,N,ST,Service/Gas Station,Gas Station,Blunt Object;Knife/Cutting Instrument,,C
199922886,180079849,2023-09-15,Buffalo,NY0140100,13A,B,B,N,M,24,R,N,AQ,Highway/Road/Alley/Street/Sidewalk,Street & Sidewalk,Firearm,,C
203533271,183224018,2023-09-15,Buffalo,NY0140100,13A,H,W,H,F,41,R,Y,XS,Highway/Road/Alley/Street/Sidewalk,Street & Sidewalk,Personal Weapons,Minor Injury,C
203533321,183224063,2023-09-15,Buffalo,NY0140100,13A,B,B,N,M,37,R,N,ST,ATM Separate from Bank,Cash Machine,Knife/Cutting Instrument,Minor Injury,C
205884998,185279486,2023-09-15,Buffalo,NY0140100,13A,B,B,N,F,30,R,Y,BG,Highway/Road/Alley/Street/Sidewalk,Street & Sidewalk,Knife/Cutting Instrument,Minor Injury,C
199916042,180073848,2023-09-16,Buffalo,NY0140100,13A,H,W,H,F,44,R,Y,BG,Residence/Home,Home,Other,Minor Injury,C
199916085,180073889,2023-09-16,Buffalo,NY0140100,13A,B,B,U,F,20,R,Y,XS,Highway/Road/Alley/Street/Sidewalk,Street & Sidewalk,Personal Weapons,Minor Injury,C
199918014,180075642,2023-09-16,Buffalo,NY0140100,13A,B,B,N,F,40,N,N,RU,Restaurant,Restaurant,Other,Minor Injury,C
199921341,180078463,2023-09-16,Buffalo,NY0140100,13A,H,W,H,M,42,R,N,NE,Residence/Home,Home,Knife/Cutting Instrument,,C
199913684,180071753,2023-09-17,Buffalo,NY0140100,13A,W,W,U,F,26,R,N,AQ,Residence/Home,Home,Personal Weapons,Apparent Broken Bones;Other Major Injury,C
199915939,180073762,2023-09-17,Buffalo,NY0140100,13A,B,B,N,F,29,R,N,NE,Residence/Home,Home,Handgun,,C
199917937,180075569,2023-09-17,Buffalo,NY0140100,13A,B,B,N,F,29,R,Y,XS,Residence/Home,Home,Firearm,Minor Injury,C
199918849,180076358,2023-09-17,Buffalo,NY0140100,13A,B,B,U,F,30,R,Y,XS,Residence/Home,Home,Firearm,,C
202882059,182656416,2023-09-17,Buffalo,NY0140100,13A,B,B,N,F,33,R,Y,BG,Residence/Home,Home,Firearm,,C
199913906,180071953,2023-09-18,Buffalo,NY0140100,13A,H,W,H,M,,R,N,AQ,Residence/Home,Home,Knife/Cutting Instrument,,C
199913916,180071963,2023-09-18,Buffalo,NY0140100,13A,B,B,N,F,36,R,Y,BG,Residence/Home,Home,Blunt Object,Minor Injury;Unconscious,C
199913991,180072034,2023-09-18,Buffalo,NY0140100,13A,B,B,N,F,30,R,Y,XS,Highway/Road/Alley/Street/Sidewalk,Street & Sidewalk,Personal Weapons,Minor Injury;Unconscious,C
199915160,180073100,2023-09-18,Buffalo,NY0140100,13A,H,W,H,M,32,R,N,RU,Highway/Road/Alley/Street/Sidewalk,Street & Sidewalk,Firearm,,C
199918012,180075641,2023-09-18,Buffalo,NY0140100,13A,B,B,N,F,38,R,N,PA,Highway/Road/Alley/Street/Sidewalk,Street & Sidewalk,Motor Vehicle/Vessel,,C
199918013,180075641,2023-09-18,Buffalo,NY0140100,13A,B,B,N,M,41,R,N,PA,Highway/Road/Alley/Street/Sidewalk,Street & Sidewalk,Motor Vehicle/Vessel,,C
199918597,180076143,2023-09-18,Buffalo,NY0140100,13A,B,B,N,F,38,R,N,PA,Parking/Drop Lot/Garage,Parking Lot,Blunt Object,,C
199915178,180073117,2023-09-19,Buffalo,NY0140100,13A,B,B,N,F,47,R,N,RU,Highway/Road/Alley/Street/Sidewalk,Street & Sidewalk,Firearm,Possible Internal Injury,C
199915186,180073125,2023-09-19,Buffalo,NY0140100,13A,W,W,N,F,59,R,N,FR,Residence/Home,Home,Knife/Cutting Instrument,,C
199915187,180073126,2023-09-19,Buffalo,NY0140100,13A,H,W,H,F,48,R,N,RU,Residence/Home,Home,Firearm,,C
199918157,180075768,2023-09-19,Buffalo,NY0140100,13A,B,B,N,F,21,R,Y,BG,Park/Playground,Park & Playground,Blunt Object,Minor Injury,C
202873578,182648797,2023-09-19,Buffalo,NY0140100,13A,B,B,N,M,39,R,N,RU,Highway/Road/Alley/Street/Sidewalk,Street & Sidewalk,Knife/Cutting Instrument,Possible Internal Injury;Severe Laceration,C
199916175,180073969,2023-09-20,Buffalo,NY0140100,13A,B,B,U,F,60,R,N,PA,Residence/Home,Home,Knife/Cutting Instrument,Minor Injury,C
199914858,180072818,2023-09-21,Buffalo,NY0140100,13A,B,B,N,M,14,R,N,RU,Residence/Home,Home,Firearm,Severe Laceration,C
199881722,180043013,2023-09-22,Buffalo,NY0140100,13A,B,B,N,F,29,R,Y,XS,Highway/Road/Alley/Street/Sidewalk,Street & Sidewalk,Personal Weapons,Minor Injury,C
199881783,180043068,2023-09-22,Buffalo,NY0140100,13A,H,W,H,F,59,R,N,NE,Highway/Road/Alley/Street/Sidewalk,Street & Sidewalk,Other,Minor Injury,C
199881791,180043076,2023-09-22,Buffalo,NY0140100,13A,W,W,N,M,37,R,N,RU,Highway/Road/Alley/Street/Sidewalk,Street & Sidewalk,Knife/Cutting Instrument,,C
199881793,180043078,2023-09-22,Buffalo,NY0140100,13A,W,W,N,M,35,N,N,RU,Highway/Road/Alley/Street/Sidewalk,Street & Sidewalk,Knife/Cutting Instrument,Possible Internal Injury;Severe Laceration,C
199915247,180073183,2023-09-22,Buffalo,NY0140100,13A,B,B,N,M,29,R,N,CH,Highway/Road/Alley/Street/Sidewalk,Street & Sidewalk,Blunt Object,,C
202867135,182643077,2023-09-22,Buffalo,NY0140100,13A,B,B,N,F,34,R,N,AQ,Highway/Road/Alley/Street/Sidewalk,Street & Sidewalk,Knife/Cutting Instrument,Minor Injury,C
209646158,188556652,2023-09-22,Buffalo,NY0140100,13A,W,W,N,F,43,R,Y,XS,Residence/Home,Home,Knife/Cutting Instrument,,C
199882770,180043980,2023-09-23,Buffalo,NY0140100,13A,W,W,N,F,49,R,N,AQ,Highway/Road/Alley/Street/Sidewalk,Street & Sidewalk,Firearm,,C
199882772,180043982,2023-09-23,Buffalo,NY0140100,13A,B,B,N,F,73,R,Y,XS,Residence/Home,Home,Blunt Object,,C
205884585,185279116,2023-09-23,Buffalo,NY0140100,13A,B,B,N,F,52,R,N,NE,Highway/Road/Alley/Street/Sidewalk,Street & Sidewalk,Firearm,,C
209646710,188557171,2023-09-23,Buffalo,NY0140100,13A,B,B,U,M,24,R,N,OK,Convenience Store,Convenience Store,Firearm,Other Major Injury,C
209646712,188557172,2023-09-23,Buffalo,NY0140100,13A,B,B,N,F,32,R,Y,SE,Residence/Home,Home,Knife/Cutting Instrument;Other,Minor Injury,C
199905321,180064245,2023-09-24,Buffalo,NY0140100,13A,B,B,N,F,44,R,N,AQ,Residence/Home,Home,Firearm,Minor Injury,C
199919449,180076882,2023-09-24,Buffalo,NY0140100,13A,W,W,U,M,45,N,N,RU,Highway/Road/Alley/Street/Sidewalk,Street & Sidewalk,Firearm,,C
199920289,180077616,2023-09-24,Buffalo,NY0140100,13A,B,B,N,M,29,R,N,RU,Highway/Road/Alley/Street/Sidewalk,Street & Sidewalk,Firearm,Possible Internal Injury,C
199920341,180077651,2023-09-24,Buffalo,NY0140100,13A,B,B,N,F,21,R,Y,SE,Residence/Home,Home,Knife/Cutting Instrument,Minor Injury,C
199922682,180079658,2023-09-24,Buffalo,NY0140100,13A,H,W,H,F,39,R,Y,XS,Residence/Home,Home,Firearm,Minor Injury,C
199922683,180079658,2023-09-24,Buffalo,NY0140100,13A,H,W,H,F,18,R,N,AQ,Residence/Home,Home,Firearm,Minor Injury,C
202867151,182643091,2023-09-24,Buffalo,NY0140100,13A,W,W,N,F,59,R,N,ST,Highway/Road/Alley/Street/Sidewalk,Street & Sidewalk,Personal Weapons,Minor Injury,C
199924790,180081637,2023-09-25,Buffalo,NY0140100,13A,W,W,N,F,61,R,Y,XS,Residence/Home,Home,Knife/Cutting Instrument,Minor Injury;Unconscious,C
199925441,180082220,2023-09-25,Buffalo,NY0140100,13A,B,B,N,M,35,R,N,AQ,Highway/Road/Alley/Street/Sidewalk,Street & Sidewalk,Knife/Cutting Instrument,Severe Laceration,C
199913487,180071564,2023-09-26,Buffalo,NY0140100,13A,B,B,N,F,18,R,Y,BG,Highway/Road/Alley/Street/Sidewalk,Street & Sidewalk,Personal Weapons,Minor Injury,C
202870517,182646042,2023-09-26,Buffalo,NY0140100,13A,B,B,N,M,18,R,N,AQ,Highway/Road/Alley/Street/Sidewalk,Street & Sidewalk,Firearm,,C
203083037,182834091,2023-09-27,Buffalo,NY0140100,13A,B,B,N,F,24,R,Y,XS,Highway/Road/Alley/Street/Sidewalk,Street & Sidewalk,Firearm,,C
205884604,185279133,2023-09-27,Buffalo,NY0140100,13A,W,W,N,M,47,N,N,OK,Highway/Road/Alley/Street/Sidewalk,Street & Sidewalk,Personal Weapons,Minor Injury,C
199903811,180062874,2023-09-28,Buffalo,NY0140100,13A,B,B,N,F,18,R,Y,XS,Parking/Drop Lot/Garage,Parking Lot,Personal Weapons,Possible Internal Injury,C
199903818,180062880,2023-09-28,Buffalo,NY0140100,13A,B,B,N,F,16,R,N,AQ,Highway/Road/Alley/Street/Sidewalk,Street & Sidewalk,Personal Weapons,Minor Injury;Possible Internal Injury,C
199903819,180062880,2023-09-28,Buffalo,NY0140100,13A,H,W,H,M,16,R,N,AQ,Highway/Road/Alley/Street/Sidewalk,Street & Sidewalk,Personal Weapons,Minor Injury,C
199903820,180062880,2023-09-28,Buffalo,NY0140100,13A,H,W,H,F,17,R,N,AQ,Highway/Road/Alley/Street/Sidewalk,Street & Sidewalk,Personal Weapons,Minor Injury;Possible Internal Injury,C
199907288,180066017,2023-09-28,Buffalo,NY0140100,13A,B,B,N,F,38,R,N,NE,Residence/Home,Home,Knife/Cutting Instrument,Severe Laceration,C
202866138,182642192,2023-09-28,Buffalo,NY0140100,13A,W,W,N,F,55,R,N,RU,Highway/Road/Alley/Street/Sidewalk,Street & Sidewalk,Knife/Cutting Instrument,,C
209646739,188557194,2023-09-28,Buffalo,NY0140100,13A,B,B,N,F,87,R,Y,BG,Residence/Home,Home,Knife/Cutting Instrument,Severe Laceration,C
199942112,180097929,2023-09-29,Buffalo,NY0140100,13A,U,U,U,F,36,R,N,PA,Residence/Home,Home,Blunt Object,Minor Injury,C
199942114,180097931,2023-09-29,Buffalo,NY0140100,13A,W,W,N,M,18,N,N,RU,Highway/Road/Alley/Street/Sidewalk,Street & Sidewalk,Firearm,,C
199948457,180103872,2023-09-30,Buffalo,NY0140100,13A,B,B,N,F,40,R,N,RU,Highway/Road/Alley/Street/Sidewalk,Street & Sidewalk,Knife/Cutting Instrument,Minor Injury,C
199949179,180104556,2023-09-30,Buffalo,NY0140100,13A,B,B,N,M,55,R,Y,SE,Residence/Home,Home,Blunt Object,Minor Injury,C
199949233,180104608,2023-09-30,Buffalo,NY0140100,13A,B,B,N,F,34,R,Y,XS,Residence/Home,Home,Firearm,,C
202870132,182645701,2023-09-30,Buffalo,NY0140100,13A,W,W,N,M,42,R,N,RU,Highway/Road/Alley/Street/Sidewalk,Street & Sidewalk,Firearm,,C
202870133,182645701,2023-09-30,Buffalo,NY0140100,13A,W,W,N,M,11,R,N,RU,Highway/Road/Alley/Street/Sidewalk,Street & Sidewalk,Firearm,,C
202874256,182649421,2023-09-30,Buffalo,NY0140100,13A,B,B,N,F,33,R,Y,XS,Residence/Home,Home,Knife/Cutting Instrument,Minor Injury,C
203107073,182855253,2023-09-30,Buffalo,NY0140100,13A,B,B,N,F,60,R,N,GP,Residence/Home,Home,Firearm,,C
209640663,188551480,2023-09-30,Buffalo,NY0140100,13A,B,B,N,F,23,R,Y,XS,Residence/Home,Home,Knife/Cutting Instrument,Minor Injury,C
202829747,182610665,2023-10-01,Buffalo,NY0140100,13A,B,B,N,F,31,R,N,AQ,Residence/Home,Home,Firearm,,C
202829750,182610668,2023-10-01,Buffalo,NY0140100,13A,B,B,N,F,37,R,N,RU,Highway/Road/Alley/Street/Sidewalk,Street & Sidewalk,Personal Weapons,Apparent Broken Bones,C
202832078,182612708,2023-10-01,Buffalo,NY0140100,13A,W,W,N,M,22,N,N,ST,Highway/Road/Alley/Street/Sidewalk,Street & Sidewalk,Personal Weapons,Apparent Broken Bones,C
202832448,182613051,2023-10-01,Buffalo,NY0140100,13A,H,W,H,F,26,R,N,RU,Highway/Road/Alley/Street/Sidewalk,Street & Sidewalk,Firearm,Possible Internal Injury,C
202832449,182613051,2023-10-01,Buffalo,NY0140100,13A,U,U,U,M,35,R,N,RU,Highway/Road/Alley/Street/Sidewalk,Street & Sidewalk,Firearm,Possible Internal Injury,C
202835188,182615480,2023-10-01,Buffalo,NY0140100,13A,B,B,N,F,26,R,Y,BG,Residence/Home,Home,Personal Weapons,Apparent Broken Bones;Possible Internal Injury;Unconscious,C
202901347,182673279,2023-10-01,Buffalo,NY0140100,13A,W,W,N,M,20,R,N,SC,Residence/Home,Home,Personal Weapons,Minor Injury,C
202902641,182674400,2023-10-01,Buffalo,NY0140100,13A,H,W,H,F,26,R,N,AQ,Residence/Home,Home,Firearm,,C
203107135,182855314,2023-10-01,Buffalo,NY0140100,13A,B,B,N,F,24,R,N,ST,Parking/Drop Lot/Garage,Parking Lot,Other,Severe Laceration,C
202880374,182654951,2023-10-02,Buffalo,NY0140100,13A,B,B,N,F,36,R,Y,XS,Residence/Home,Home,Blunt Object,Minor Injury,C
202886205,182659924,2023-10-02,Buffalo,NY0140100,13A,B,B,N,M,47,R,N,AQ,Specialty Store,Specialty Store,Knife/Cutting Instrument,,C
202902335,182674114,2023-10-02,Buffalo,NY0140100,13A,B,B,N,F,57,R,N,RU,Highway/Road/Alley/Street/Sidewalk,Street & Sidewalk,Blunt Object;Personal Weapons,Severe Laceration,C
202902693,182674449,2023-10-02,Buffalo,NY0140100,13A,W,W,N,F,32,N,N,RU,Park/Playground,Park & Playground,Firearm,,C
202903030,182674767,2023-10-02,Buffalo,NY0140100,13A,B,B,N,M,30,R,Y,XS,Residence/Home,Home,Knife/Cutting Instrument,Minor Injury,C
202903187,182674913,2023-10-02,Buffalo,NY0140100,13A,B,B,N,M,27,R,N,RU,Highway/Road/Alley/Street/Sidewalk,Street & Sidewalk,Firearm,Possible Internal Injury,C
202903250,182674973,2023-10-02,Buffalo,NY0140100,13A,H,W,H,M,31,R,N,AQ,Highway/Road/Alley/Street/Sidewalk,Street & Sidewalk,Blunt Object,,C
203107107,182855286,2023-10-02,Buffalo,NY0140100,13A,B,B,N,M,,R,N,AQ,Residence/Home,Home,Knife/Cutting Instrument,,C
202884983,182658834,2023-10-03,Buffalo,NY0140100,13A,B,B,N,M,46,R,N,RU,Highway/Road/Alley/Street/Sidewalk,Street & Sidewalk,Knife/Cutting Instrument,Severe Laceration,C
202886216,182659935,2023-10-03,Buffalo,NY0140100,13A,W,W,N,F,44,R,Y,BG,Residence/Home,Home,Blunt Object,Minor Injury,C
202886492,182660196,2023-10-03,Buffalo,NY0140100,13A,B,B,N,M,37,R,N,OK,Convenience Store,Convenience Store,Knife/Cutting Instrument,,C
202886868,182660549,2023-10-03,Buffalo,NY0140100,13A,U,U,N,M,22,R,N,RU,Highway/Road/Alley/Street/Sidewalk,Street & Sidewalk,Blunt Object,Minor Injury,C
202886873,182660554,2023-10-03,Buffalo,NY0140100,13A,W,W,N,F,28,R,Y,XS,Residence/Home,Home,Personal Weapons,,C
202887166,182660834,2023-10-03,Buffalo,NY0140100,13A,B,B,N,F,28,R,N,RU,Residence/Home,Home,Firearm,,C
202887167,182660835,2023-10-03,Buffalo,NY0140100,13A,B,B,N,M,51,R,N,AQ,Residence/Home,Home,Firearm,Minor Injury,C
202878323,182653091,2023-10-04,Buffalo,NY0140100,13A,B,B,N,M,18,N,N,RU,School-Elementary/Secondary,K-12 School,Knife/Cutting Instrument;Personal Weapons,Minor Injury;Possible Internal Injury,C
202885535,182659327,2023-10-04,Buffalo,NY0140100,13A,B,B,N,F,38,R,N,RU,Highway/Road/Alley/Street/Sidewalk,Street & Sidewalk,Knife/Cutting Instrument,Minor Injury,C
208331513,187412252,2023-10-04,Buffalo,NY0140100,13A,B,B,N,F,32,R,Y,BG,Residence/Home,Home,Personal Weapons,Minor Injury,C
209646721,188557179,2023-10-04,Buffalo,NY0140100,13A,B,B,N,M,25,R,N,ST,Highway/Road/Alley/Street/Sidewalk,Street & Sidewalk,Other,Minor Injury,C
202879092,182653773,2023-10-05,Buffalo,NY0140100,13A,B,B,N,F,42,R,Y,BG,Residence/Home,Home,Personal Weapons,Minor Injury,C
202879308,182653972,2023-10-05,Buffalo,NY0140100,13A,B,B,N,M,40,R,Y,XS,Residence/Home,Home,Personal Weapons,Other Major Injury,C
202879450,182654098,2023-10-05,Buffalo,NY0140100,13A,H,W,H,M,23,R,N,RU,Highway/Road/Alley/Street/Sidewalk,Street & Sidewalk,Firearm,Severe Laceration,C
203546570,183235812,2023-10-05,Buffalo,NY0140100,13A,U,U,U,M,10,R,N,RU,Residence/Home,Home,Other,Minor Injury,C
202880136,182654728,2023-10-06,Buffalo,NY0140100,13A,B,B,N,M,26,R,N,RU,Residence/Home,Home,Firearm,Apparent Broken Bones;Severe Laceration,C
202883293,182657414,2023-10-06,Buffalo,NY0140100,13A,B,B,N,M,47,R,N,RU,Highway/Road/Alley/Street/Sidewalk,Street & Sidewalk,Firearm,Possible Internal Injury,C
202905162,182676651,2023-10-06,Buffalo,NY0140100,13A,B,B,N,F,34,N,N,EE,Highway/Road/Alley/Street/Sidewalk,Street & Sidewalk,Handgun,,C
202905167,182676655,2023-10-07,Buffalo,NY0140100,13A,B,B,N,M,49,R,Y,BG,Residence/Home,Home,Firearm,,C
202905420,182676888,2023-10-07,Buffalo,NY0140100,13A,B,B,N,M,66,R,N,RU,Highway/Road/Alley/Street/Sidewalk,Street & Sidewalk,Knife/Cutting Instrument,Severe Laceration,C
208332396,187413082,2023-10-07,Buffalo,NY0140100,13A,B,B,N,F,33,R,N,AQ,Residence/Home,Home,Knife/Cutting Instrument,Minor Injury,C
202880447,182655015,2023-10-08,Buffalo,NY0140100,13A,H,W,H,F,35,R,N,RU,Highway/Road/Alley/Street/Sidewalk,Street & Sidewalk,Knife/Cutting Instrument,Minor Injury,C
202903951,182675617,2023-10-08,Buffalo,NY0140100,13A,W,W,N,F,43,R,N,AQ,Residence/Home,Home,Knife/Cutting Instrument,,C
202904622,182676192,2023-10-08,Buffalo,NY0140100,13A,W,W,N,M,26,N,N,RU,Highway/Road/Alley/Street/Sidewalk,Street & Sidewalk,Firearm,,C
202907244,182678594,2023-10-08,Buffalo,NY0140100,13A,B,B,N,F,26,R,Y,BG,Residence/Home,Home,Personal Weapons,Minor Injury,C
202904814,182676348,2023-10-09,Buffalo,NY0140100,13A,W,W,N,F,37,R,Y,SE,Residence/Home,Home,Blunt Object;Personal Weapons,Minor Injury,C
202905036,182676542,2023-10-09,Buffalo,NY0140100,13A,W,W,N,F,46,R,Y,BG,Residence/Home,Home,Personal Weapons,Minor Injury,C
202906362,182677766,2023-10-09,Buffalo,NY0140100,13A,W,W,U,M,28,R,N,RU,Residence/Home,Home,Blunt Object,Severe Laceration,C
202901226,182673177,2023-10-10,Buffalo,NY0140100,13A,H,W,H,F,17,R,Y,XS,Residence/Home,Home,Other,,C
202901227,182673177,2023-10-10,Buffalo,NY0140100,13A,W,W,N,M,19,R,N,RU,Residence/Home,Home,Other,,C
202893035,182666016,2023-10-11,Buffalo,NY0140100,13A,B,B,N,M,17,R,N,ST,Highway/Road/Alley/Street/Sidewalk,Street & Sidewalk,Blunt Object,,C
202893089,182666066,2023-10-11,Buffalo,NY0140100,13A,H,W,H,M,34,R,N,RU,Department/Discount Store,Department Store,Knife/Cutting Instrument;Personal Weapons,,C
202899649,182671831,2023-10-11,Buffalo,NY0140100,13A,W,W,N,M,33,R,N,RU,Restaurant,Restaurant,Knife/Cutting Instrument,Minor Injury,C
202901877,182673704,2023-10-11,Buffalo,NY0140100,13A,W,W,U,F,39,R,Y,BG,Residence/Home,Home,Personal Weapons,Minor Injury,C
202886352,182660062,2023-10-12,Buffalo,NY0140100,13A,B,B,N,M,36,R,N,FR,Highway/Road/Alley/Street/Sidewalk,Street & Sidewalk,Firearm,,C
202886650,182660343,2023-10-12,Buffalo,NY0140100,13A,B,B,N,F,36,R,Y,SE,Residence/Home,Home,Knife/Cutting Instrument,Minor Injury,C
202886659,182660352,2023-10-12,Buffalo,NY0140100,13A,B,B,N,F,22,R,Y,XS,Residence/Home,Home,Firearm,,C
202902580,182674343,2023-10-12,Buffalo,NY0140100,13A,B,B,N,F,52,R,N,PA,Residence/Home,Home,Other,,C
202902609,182674368,2023-10-12,Buffalo,NY0140100,13A,B,B,N,M,25,R,N,RU,Highway/Road/Alley/Street/Sidewalk,Street & Sidewalk,Firearm,Other Major Injury;Possible Internal Injury;Severe Laceration,C
202886657,182660349,2023-10-13,Buffalo,NY0140100,13A,B,B,N,M,31,R,Y,XS,Highway/Road/Alley/Street/Sidewalk,Street & Sidewalk,Knife/Cutting Instrument,,C
202903786,182675461,2023-10-13,Buffalo,NY0140100,13A,B,B,N,F,37,R,Y,SE,Residence/Home,Home,Knife/Cutting Instrument,,C
205885031,185279517,2023-10-13,Buffalo,NY0140100,13A,B,B,N,M,35,R,N,AQ,Residence/Home,Home,Blunt Object,Minor Injury,C
205885032,185279517,2023-10-13,Buffalo,NY0140100,13A,B,B,N,F,19,R,N,SB,Residence/Home,Home,Blunt Object,Minor Injury,C
202900257,182672361,2023-10-14,Buffalo,NY0140100,13A,B,B,N,M,20,R,N,ST,Drug Store/Doctor's Office/Hospital,Hospital & Clinic,Personal Weapons,Other Major Injury,C
203526331,183218004,2023-10-14,Buffalo,NY0140100,13A,B,B,N,M,47,R,N,SP,Residence/Home,Home,Personal Weapons,Minor Injury,C
202885511,182659304,2023-10-15,Buffalo,NY0140100,13A,W,W,U,M,24,N,N,ST,Highway/Road/Alley/Street/Sidewalk,Street & Sidewalk,Other,Minor Injury,C
202885725,182659495,2023-10-15,Buffalo,NY0140100,13A,B,B,U,M,51,R,N,RU,Highway/Road/Alley/Street/Sidewalk,Street & Sidewalk,Other,,C
202885729,182659499,2023-10-15,Buffalo,NY0140100,13A,B,B,N,F,37,R,Y,XS,Residence/Home,Home,Firearm,,C
202885730,182659499,2023-10-15,Buffalo,NY0140100,13A,B,B,N,M,59,R,N,ST,Residence/Home,Home,Firearm,Minor Injury,C
202886795,182660479,2023-10-15,Buffalo,NY0140100,13A,W,W,N,F,43,N,Y,BG,Highway/Road/Alley/Street/Sidewalk,Street & Sidewalk,Knife/Cutting Instrument,Minor Injury,C
202886800,182660484,2023-10-15,Buffalo,NY0140100,13A,A,A,N,F,20,N,N,RU,Bar/Nightclub,Bar & Nightclub,Personal Weapons,Other Major Injury,C
202886807,182660491,2023-10-15,Buffalo,NY0140100,13A,W,W,U,M,30,R,N,RU,Highway/Road/Alley/Street/Sidewalk,Street & Sidewalk,Knife/Cutting Instrument,Other Major Injury;Possible Internal Injury;Severe Laceration,C
202886816,182660498,2023-10-15,Buffalo,NY0140100,13A,B,B,N,M,35,R,N,ST,Parking/Drop Lot/Garage,Parking Lot,Blunt Object,Apparent Broken Bones;Loss of Teeth;Severe Laceration,C
202886906,182660585,2023-10-15,Buffalo,NY0140100,13A,W,W,N,M,32,R,N,ST,Highway/Road/Alley/Street/Sidewalk,Street & Sidewalk,Other,,C
202886907,182660585,2023-10-15,Buffalo,NY0140100,13A,W,W,N,F,34,R,N,ST,Highway/Road/Alley/Street/Sidewalk,Street & Sidewalk,Other,,C
202887386,182661044,2023-10-15,Buffalo,NY0140100,13A,B,B,N,F,12,R,N,RU,Highway/Road/Alley/Street/Sidewalk,Street & Sidewalk,Firearm,,C
202887387,182661044,2023-10-15,Buffalo,NY0140100,13A,B,B,N,F,12,R,N,RU,Highway/Road/Alley/Street/Sidewalk,Street & Sidewalk,Firearm,,C
202887388,182661044,2023-10-15,Buffalo,NY0140100,13A,B,B,N,F,12,R,N,RU,Highway/Road/Alley/Street/Sidewalk,Street & Sidewalk,Firearm,,C
202882757,182656981,2023-10-16,Buffalo,NY0140100,13A,B,B,N,F,42,R,Y,BG,Residence/Home,Home,Personal Weapons,Minor Injury,C
202884152,182658159,2023-10-16,Buffalo,NY0140100,13A,W,W,N,F,40,R,Y,BG,Residence/Home,Home,Knife/Cutting Instrument,Minor Injury,C
202885738,182659506,2023-10-16,Buffalo,NY0140100,13A,B,B,N,F,48,R,N,RU,Residence/Home,Home,Firearm,,C
203529393,183220649,2023-10-16,Buffalo,NY0140100,13A,B,B,N,F,39,R,N,NE,Residence/Home,Home,Other,,C
202876933,182651817,2023-10-17,Buffalo,NY0140100,13A,B,B,N,F,23,R,Y,XS,Residence/Home,Home,Firearm,,C
202879440,182654090,2023-10-17,Buffalo,NY0140100,13A,B,B,N,F,31,R,Y,XS,Highway/Road/Alley/Street/Sidewalk,Street & Sidewalk,Knife/Cutting Instrument,Minor Injury,C
203529299,183220573,2023-10-17,Buffalo,NY0140100,13A,W,W,N,F,24,R,N,AQ,Residence/Home,Home,Knife/Cutting Instrument,,C
202877695,182652517,2023-10-18,Buffalo,NY0140100,13A,B,B,N,F,22,R,Y,BG,Residence/Home,Home,Other,Minor Injury,C
203529311,183220584,2023-10-18,Buffalo,NY0140100,13A,W,W,N,M,26,R,N,RU,Convenience Store,Convenience Store,Knife/Cutting Instrument,,C
202889252,182662617,2023-10-19,Buffalo,NY0140100,13A,B,B,N,F,31,R,Y,SE,Residence/Home,Home,Knife/Cutting Instrument,Minor Injury,C
202897686,182670132,2023-10-19,Buffalo,NY0140100,13A,W,W,N,F,30,R,Y,SE,Residence/Home,Home,Other;Personal Weapons,Minor Injury,C
202899068,182671341,2023-10-19,Buffalo,NY0140100,13A,W,W,N,F,20,N,Y,BG,Residence/Home,Home,Personal Weapons,Minor Injury,C
202899073,182671346,2023-10-19,Buffalo,NY0140100,13A,B,B,N,M,50,R,N,RU,Highway/Road/Alley/Street/Sidewalk,Street & Sidewalk,Firearm,Possible Internal Injury,C
202899074,182671346,2023-10-19,Buffalo,NY0140100,13A,B,B,N,M,40,R,N,RU,Highway/Road/Alley/Street/Sidewalk,Street & Sidewalk,Firearm,Possible Internal Injury,C
202899075,182671346,2023-10-19,Buffalo,NY0140100,13A,B,B,N,M,35,R,N,RU,Highway/Road/Alley/Street/Sidewalk,Street & Sidewalk,Firearm,Possible Internal Injury,C
203597305,183281333,2023-10-19,Buffalo,NY0140100,13A,H,W,H,F,26,R,N,ST,Highway/Road/Alley/Street/Sidewalk,Street & Sidewalk,Knife/Cutting Instrument,,C
202902883,182674628,2023-10-20,Buffalo,NY0140100,13A,B,B,U,F,15,R,N,RU,Park/Playground,Park & Playground,Blunt Object,Minor Injury,C
203531734,183222690,2023-10-20,Buffalo,NY0140100,13A,W,W,N,M,24,N,N,ST,Bar/Nightclub,Bar & Nightclub,Personal Weapons,Minor Injury,C
202889698,182663020,2023-10-21,Buffalo,NY0140100,13A,B,B,N,F,40,R,Y,BG,Residence/Home,Home,Firearm,,C
202891567,182664705,2023-10-21,Buffalo,NY0140100,13A,B,B,N,F,38,R,N,RU,Residence/Home,Home,Firearm,,C
202903438,182675145,2023-10-21,Buffalo,NY0140100,13A,B,B,N,F,26,R,Y,BG,Residence/Home,Home,Personal Weapons,Minor Injury,C
202903678,182675364,2023-10-21,Buffalo,NY0140100,13A,B,B,N,F,37,R,N,RU,Highway/Road/Alley/Street/Sidewalk,Street & Sidewalk,Firearm,Possible Internal Injury,C
202886388,182660094,2023-10-22,Buffalo,NY0140100,13A,B,B,U,M,69,R,N,PA,Residence/Home,Home,Blunt Object,Minor Injury,C
202887317,182660978,2023-10-22,Buffalo,NY0140100,13A,B,B,N,F,31,R,Y,BG,Highway/Road/Alley/Street/Sidewalk,Street & Sidewalk,Knife/Cutting Instrument,,C
202888525,182662007,2023-10-22,Buffalo,NY0140100,13A,W,W,N,M,63,R,N,ST,Grocery/Supermarket,Grocery Store,Other,,C
209646728,188557186,2023-10-22,Buffalo,NY0140100,13A,H,W,H,M,22,R,N,,Restaurant,Restaurant,Firearm,,C
202879755,182654379,2023-10-23,Buffalo,NY0140100,13A,U,U,N,F,44,R,Y,SE,Residence/Home,Home,Personal Weapons,Minor Injury,C
202886717,182660407,2023-10-23,Buffalo,NY0140100,13A,B,B,N,M,71,R,N,NE,Residence/Home,Home,Knife/Cutting Instrument,Minor Injury,C
202887435,182661087,2023-10-23,Buffalo,NY0140100,13A,B,B,N,M,48,R,N,NE,Residence/Home,Home,Blunt Object,,C
202892687,182665718,2023-10-23,Buffalo,NY0140100,13A,B,B,N,F,54,R,N,AQ,Residence/Home,Home,Personal Weapons,Minor Injury,C
202896536,182669116,2023-10-23,Buffalo,NY0140100,13A,B,B,N,M,34,R,N,NE,Highway/Road/Alley/Street/Sidewalk,Street & Sidewalk,Blunt Object,,C
202879686,182654317,2023-10-24,Buffalo,NY0140100,13A,B,B,N,F,24,R,Y,XS,Residence/Home,Home,Firearm,,C
202880196,182654783,2023-10-24,Buffalo,NY0140100,13A,B,B,N,M,68,R,N,NE,Highway/Road/Alley/Street/Sidewalk,Street & Sidewalk,Knife/Cutting Instrument,,C
202885539,182659331,2023-10-24,Buffalo,NY0140100,13A,W,W,N,M,45,R,N,AQ,Residence/Home,Home,Personal Weapons,Minor Injury;Possible Internal Injury,C
202885560,182659350,2023-10-24,Buffalo,NY0140100,13A,W,W,N,F,38,R,Y,XS,Residence/Home,Home,Personal Weapons,,C
202875290,182650302,2023-10-25,Buffalo,NY0140100,13A,B,B,N,F,,R,N,ST,Residence/Home,Home,Knife/Cutting Instrument;Shotgun,,C
202878027,182652810,2023-10-25,Buffalo,NY0140100,13A,W,W,N,F,28,R,N,RU,Highway/Road/Alley/Street/Sidewalk,Street & Sidewalk,Handgun,,C
202885180,182659012,2023-10-26,Buffalo,NY0140100,13A,W,W,N,M,,R,N,AQ,Convenience Store,Convenience Store,Other Firearm,,C
202885438,182659238,2023-10-26,Buffalo,NY0140100,13A,B,B,N,F,40,R,N,AQ,Highway/Road/Alley/Street/Sidewalk,Street & Sidewalk,Motor Vehicle/Vessel;Personal Weapons,Possible Internal Injury;Unconscious,C
202885445,182659245,2023-10-26,Buffalo,NY0140100,13A,H,W,H,M,34,R,N,AQ,Highway/Road/Alley/Street/Sidewalk,Street & Sidewalk,Other,Severe Laceration,C
202885446,182659246,2023-10-26,Buffalo,NY0140100,13A,W,W,N,F,49,R,Y,XS,Residence/Home,Home,Other;Personal Weapons,Minor Injury,C
202884871,182658762,2023-10-27,Buffalo,NY0140100,13A,H,W,H,M,34,R,N,ST,Highway/Road/Alley/Street/Sidewalk,Street & Sidewalk,Firearm,,C
202884872,182658762,2023-10-27,Buffalo,NY0140100,13A,W,W,N,F,34,R,N,ST,Highway/Road/Alley/Street/Sidewalk,Street & Sidewalk,Firearm,,C
202884973,182658825,2023-10-27,Buffalo,NY0140100,13A,B,B,N,F,55,R,N,RU,Highway/Road/Alley/Street/Sidewalk,Street & Sidewalk,Firearm,,C
202885300,182659116,2023-10-28,Buffalo,NY0140100,13A,B,B,N,F,26,R,N,SB,Residence/Home,Home,Knife/Cutting Instrument;Personal Weapons,Minor Injury,C
202904152,182675804,2023-10-28,Buffalo,NY0140100,13A,B,B,N,F,29,R,N,RU,Bar/Nightclub,Bar & Nightclub,Personal Weapons,Other Major Injury,C
202905316,182676792,2023-10-28,Buffalo,NY0140100,13A,B,B,N,M,39,R,N,AQ,Residence/Home,Home,Firearm,,C
203646503,183325224,2023-10-28,Buffalo,NY0140100,13A,B,B,N,F,27,R,Y,XS,Residence/Home,Home,Firearm,Minor Injury,C
202907262,182678612,2023-10-29,Buffalo,NY0140100,13A,W,W,N,F,27,R,Y,XS,Residence/Home,Home,Knife/Cutting Instrument,Minor Injury,C
202907422,182678764,2023-10-29,Buffalo,NY0140100,13A,W,W,N,M,47,R,Y,SE,Residence/Home,Home,Knife/Cutting Instrument,Severe Laceration,C
202907423,182678763,2023-10-29,Buffalo,NY0140100,13A,W,W,N,M,28,R,N,RU,Highway/Road/Alley/Street/Sidewalk,Street & Sidewalk,Personal Weapons,Minor Injury,C
202907431,182678772,2023-10-29,Buffalo,NY0140100,13A,B,B,N,F,25,R,Y,BG,Residence/Home,Home,Personal Weapons,,C
202907434,182678775,2023-10-29,Buffalo,NY0140100,13A,W,W,N,F,32,R,Y,BG,Residence/Home,Home,Other,,C
202907631,182678960,2023-10-29,Buffalo,NY0140100,13A,H,W,H,F,27,R,Y,XS,Residence/Home,Home,Knife/Cutting Instrument,,C
203584772,183270065,2023-10-29,Buffalo,NY0140100,13A,W,W,N,M,39,N,N,ST,Bar/Nightclub,Bar & Nightclub,Personal Weapons,Apparent Broken Bones;Other Major Injury,C
209642016,188552746,2023-10-29,Buffalo,NY0140100,13A,B,B,N,M,30,R,N,RU,Bar/Nightclub,Bar & Nightclub,Firearm,Possible Internal Injury,C
209642017,188552746,2023-10-29,Buffalo,NY0140100,13A,B,B,N,F,30,R,N,RU,Bar/Nightclub,Bar & Nightclub,Firearm,Possible Internal Injury,C
209642018,188552746,2023-10-29,Buffalo,NY0140100,13A,B,B,N,M,31,R,N,RU,Bar/Nightclub,Bar & Nightclub,Firearm,Possible Internal Injury,C
202901128,182673089,2023-10-30,Buffalo,NY0140100,13A,B,B,N,F,36,R,N,SB,Residence/Home,Home,Firearm,,C
202902464,182674231,2023-10-30,Buffalo,NY0140100,13A,B,B,N,M,26,R,Y,XS,Residence/Home,Home,Blunt Object,Minor Injury,C
203586663,183271751,2023-10-31,Buffalo,NY0140100,13A,W,W,N,M,,R,N,ST,Convenience Store,Convenience Store,Firearm,,C
209646774,188557227,2023-10-31,Buffalo,NY0140100,13A,W,W,N,M,47,N,N,ST,Highway/Road/Alley/Street/Sidewalk,Street & Sidewalk,Knife/Cutting Instrument,Severe Laceration;Unconscious,C
203602763,183286318,2023-11-01,Buffalo,NY0140100,13A,B,B,N,F,41,R,Y,BG,Residence/Home,Home,Blunt Object,,C
203610232,183292900,2023-11-01,Buffalo,NY0140100,13A,W,W,U,M,28,R,N,RU,Highway/Road/Alley/Street/Sidewalk,Street & Sidewalk,Handgun,,C
203724190,183394660,2023-11-01,Buffalo,NY0140100,13A,B,B,N,M,30,R,N,RU,Highway/Road/Alley/Street/Sidewalk,Street & Sidewalk,Firearm,Other Major Injury,C
209646781,188557234,2023-11-01,Buffalo,NY0140100,13A,B,B,U,M,36,R,N,SB,Residence/Home,Home,Knife/Cutting Instrument,Minor Injury,C
203611968,183294497,2023-11-02,Buffalo,NY0140100,13A,W,W,N,M,,R,N,ST,Residence/Home,Home,Blunt Object,,C
203623597,183304310,2023-11-03,Buffalo,NY0140100,13A,B,B,N,M,27,R,N,RU,Highway/Road/Alley/Street/Sidewalk,Street & Sidewalk,Personal Weapons,Minor Injury,C
203633897,183313652,2023-11-04,Buffalo,NY0140100,13A,B,B,N,F,29,R,Y,SE,Residence/Home,Home,Knife/Cutting Instrument,,C
203633927,183313681,2023-11-04,Buffalo,NY0140100,13A,B,B,N,F,11,R,N,RU,Park/Playground,Park & Playground,Blunt Object;Personal Weapons,Minor Injury,C
203658343,183335823,2023-11-04,Buffalo,NY0140100,13A,B,B,U,M,17,R,Y,BG,Residence/Home,Home,Knife/Cutting Instrument,Possible Internal Injury;Severe Laceration,C
203658503,183335968,2023-11-04,Buffalo,NY0140100,13A,W,W,N,F,38,R,Y,XS,Residence/Home,Home,Knife/Cutting Instrument,Minor Injury;Unconscious,C
203678329,183353983,2023-11-04,Buffalo,NY0140100,13A,B,B,U,M,40,R,N,AQ,Residence/Home,Home,Blunt Object;Personal Weapons,,C
203629258,183309293,2023-11-05,Buffalo,NY0140100,13A,B,B,N,F,22,R,Y,XS,Residence/Home,Home,Firearm,Minor Injury,C
203630147,183310107,2023-11-06,Buffalo,NY0140100,13A,B,B,N,F,31,R,Y,BG,Residence/Home,Home,Personal Weapons,Minor Injury;Unconscious,C
203635237,183314932,2023-11-06,Buffalo,NY0140100,13A,W,W,N,M,18,R,N,ST,Highway/Road/Alley/Street/Sidewalk,Street & Sidewalk,Knife/Cutting Instrument,,C
203635238,183314932,2023-11-06,Buffalo,NY0140100,13A,B,B,N,M,16,R,N,ST,Highway/Road/Alley/Street/Sidewalk,Street & Sidewalk,Knife/Cutting Instrument,,C
203635694,183315367,2023-11-06,Buffalo,NY0140100,13A,B,B,N,M,22,R,N,RU,Highway/Road/Alley/Street/Sidewalk,Street & Sidewalk,Knife/Cutting Instrument,Minor Injury,C
203626970,183307142,2023-11-07,Buffalo,NY0140100,13A,W,W,N,F,34,N,Y,XS,Highway/Road/Alley/Street/Sidewalk,Street & Sidewalk,Firearm,,C
203627559,183307702,2023-11-07,Buffalo,NY0140100,13A,W,W,U,M,38,R,N,AQ,Highway/Road/Alley/Street/Sidewalk,Street & Sidewalk,Knife/Cutting Instrument,Severe Laceration,C
203627871,183307998,2023-11-07,Buffalo,NY0140100,13A,B,B,N,F,27,R,Y,XS,Residence/Home,Home,Knife/Cutting Instrument,,C
205884703,185279222,2023-11-07,Buffalo,NY0140100,13A,B,B,N,F,30,R,Y,XS,Residence/Home,Home,Personal Weapons,Minor Injury;Possible Internal Injury,C
205884705,185279224,2023-11-07,Buffalo,NY0140100,13A,B,B,N,F,21,R,N,AQ,Highway/Road/Alley/Street/Sidewalk,Street & Sidewalk,Firearm,,C
209646141,188556636,2023-11-07,Buffalo,NY0140100,13A,B,B,N,F,44,R,Y,BG,Residence/Home,Home,Knife/Cutting Instrument,Minor Injury,C
209646143,188556637,2023-11-07,Buffalo,NY0140100,13A,H,W,H,F,25,R,N,AQ,Residence/Home,Home,Firearm,,C
209646149,188556643,2023-11-07,Buffalo,NY0140100,13A,H,W,H,F,37,R,Y,XS,Residence/Home,Home,Knife/Cutting Instrument,,C
203623611,183304324,2023-11-08,Buffalo,NY0140100,13A,B,B,N,M,60,R,Y,XS,Residence/Home,Home,Knife/Cutting Instrument,Minor Injury,C
203624241,183304912,2023-11-08,Buffalo,NY0140100,13A,B,B,N,F,20,R,Y,XS,Residence/Home,Home,Firearm,,C
209647912,188558284,2023-11-08,Buffalo,NY0140100,13A,B,B,N,F,27,R,Y,XS,Residence/Home,Home,Knife/Cutting Instrument,Minor Injury,C
203628670,183308744,2023-11-09,Buffalo,NY0140100,13A,A,A,N,F,42,R,Y,XS,Highway/Road/Alley/Street/Sidewalk,Street & Sidewalk,Blunt Object,,C
203628679,183308752,2023-11-09,Buffalo,NY0140100,13A,B,B,N,M,30,R,N,ST,Bar/Nightclub,Bar & Nightclub,Handgun,,C
203698330,183372315,2023-11-09,Buffalo,NY0140100,13A,W,W,N,F,45,R,N,PA,Residence/Home,Home,Knife/Cutting Instrument,,C
209642030,188552755,2023-11-09,Buffalo,NY0140100,13A,A,A,N,F,38,R,Y,SE,Residence/Home,Home,Other,,C
203635278,183314972,2023-11-10,Buffalo,NY0140100,13A,B,B,N,F,23,R,N,RU,Residence/Home,Home,Knife/Cutting Instrument,Possible Internal Injury;Severe Laceration,C
203701611,183375348,2023-11-10,Buffalo,NY0140100,13A,B,B,N,M,30,R,N,ST,Highway/Road/Alley/Street/Sidewalk,Street & Sidewalk,Knife/Cutting Instrument,Severe Laceration,C
208275422,187362343,2023-11-10,Buffalo,NY0140100,13A,B,B,N,M,21,R,Y,XS,Residence/Home,Home,Other,Minor Injury,C
209555397,188474730,2023-11-10,Buffalo,NY0140100,13A,W,W,N,F,52,R,N,,Convenience Store,Convenience Store,Other,Minor Injury,C
209555398,188474730,2023-11-10,Buffalo,NY0140100,13A,W,W,N,M,51,R,N,,Convenience Store,Convenience Store,Other,Minor Injury,C
203622691,183303492,2023-11-11,Buffalo,NY0140100,13A,B,B,N,F,44,R,N,ST,Bar/Nightclub,Bar & Nightclub,Knife/Cutting Instrument,Severe Laceration,C
203623036,183303793,2023-11-11,Buffalo,NY0140100,13A,W,W,N,F,54,R,N,AQ,Residence/Home,Home,Blunt Object,,C
203623037,183303793,2023-11-11,Buffalo,NY0140100,13A,W,W,N,F,25,R,N,AQ,Residence/Home,Home,Blunt Object,Minor Injury,C
203623048,183303804,2023-11-11,Buffalo,NY0140100,13A,W,W,N,M,65,R,N,NE,Residence/Home,Home,Blunt Object,,C
203623053,183303809,2023-11-11,Buffalo,NY0140100,13A,W,W,N,M,42,N,N,RU,Parking/Drop Lot/Garage,Parking Lot,Firearm,,C
203627404,183307558,2023-11-11,Buffalo,NY0140100,13A,B,B,N,M,39,R,N,FR,Residence/Home,Home,Firearm;Knife/Cutting Instrument;Personal Weapons,,C
203627952,183308077,2023-11-11,Buffalo,NY0140100,13A,A,A,N,F,26,R,N,RU,Residence/Home,Home,Personal Weapons,Minor Injury,C
203627965,183308090,2023-11-11,Buffalo,NY0140100,13A,B,B,N,F,36,R,Y,XS,Residence/Home,Home,Personal Weapons,,C
209644605,188555184,2023-11-11,Buffalo,NY0140100,13A,B,B,N,F,21,R,Y,BG,Residence/Home,Home,Personal Weapons,Minor Injury,C
203626441,183306650,2023-11-12,Buffalo,NY0140100,13A,B,B,N,F,20,R,Y,XS,Highway/Road/Alley/Street/Sidewalk,Street & Sidewalk,Firearm,,C
203741200,183410165,2023-11-12,Buffalo,NY0140100,13A,W,W,N,F,52,R,Y,BG,Residence/Home,Home,Blunt Object;Personal Weapons,Minor Injury,C
205885112,185279591,2023-11-12,Buffalo,NY0140100,13A,B,B,U,F,27,R,N,NE,Residence/Home,Home,Blunt Object,Minor Injury,C
203709307,183381987,2023-11-13,Buffalo,NY0140100,13A,H,W,H,F,31,R,Y,XS,Residence/Home,Home,Personal Weapons,,C
203742010,183410924,2023-11-13,Buffalo,NY0140100,13A,B,B,N,M,36,R,N,RU,Highway/Road/Alley/Street/Sidewalk,Street & Sidewalk,Firearm,Other Major Injury,C
203710391,183382952,2023-11-14,Buffalo,NY0140100,13A,B,B,N,F,30,R,Y,BG,Residence/Home,Home,Other,Minor Injury,C
203741712,183410641,2023-11-14,Buffalo,NY0140100,13A,W,W,N,F,23,R,N,RU,Service/Gas Station,Gas Station,Other,,C
205885236,185279710,2023-11-14,Buffalo,NY0140100,13A,B,B,N,M,60,R,N,AQ,Residence/Home,Home,Knife/Cutting Instrument,Minor Injury,C
208322960,187404735,2023-11-14,Buffalo,NY0140100,13A,H,B,H,F,19,R,N,NE,Residence/Home,Home,Firearm,,C
203658819,183336239,2023-11-15,Buffalo,NY0140100,13A,B,B,U,M,60,R,N,ST,Highway/Road/Alley/Street/Sidewalk,Street & Sidewalk,Knife/Cutting Instrument,Severe Laceration,C
203660335,183337662,2023-11-15,Buffalo,NY0140100,13A,B,B,N,F,30,R,Y,XS,Residence/Home,Home,Firearm,Minor Injury,C
203660337,183337664,2023-11-15,Buffalo,NY0140100,13A,B,B,N,M,13,R,N,CH,Residence/Home,Home,Blunt Object,Minor Injury,C
203662139,183339361,2023-11-15,Buffalo,NY0140100,13A,W,W,U,M,35,R,N,ST,Bar/Nightclub,Bar & Nightclub,Knife/Cutting Instrument,,C
203662140,183339361,2023-11-15,Buffalo,NY0140100,13A,W,W,N,M,29,R,N,AQ,Bar/Nightclub,Bar & Nightclub,Knife/Cutting Instrument,Minor Injury,C
203670357,183346653,2023-11-16,Buffalo,NY0140100,13A,H,W,H,F,23,R,Y,BG,Residence/Home,Home,Firearm,Minor Injury,C
203670379,183346673,2023-11-16,Buffalo,NY0140100,13A,B,B,N,M,17,R,N,ST,Department/Discount Store,Department Store,Firearm,,C
203670380,183346673,2023-11-16,Buffalo,NY0140100,13A,B,B,N,M,15,R,N,ST,Department/Discount Store,Department Store,Firearm,,C
203718661,183390151,2023-11-16,Buffalo,NY0140100,13A,B,B,N,M,44,R,Y,XS,Residence/Home,Home,Knife/Cutting Instrument,Minor Injury,C
205885250,185279720,2023-11-16,Buffalo,NY0140100,13A,W,W,N,F,28,R,Y,SE,Residence/Home,Home,Blunt Object,Possible Internal Injury,C
203718630,183390122,2023-11-17,Buffalo,NY0140100,13A,B,B,N,M,51,R,N,FR,Highway/Road/Alley/Street/Sidewalk,Street & Sidewalk,Knife/Cutting Instrument,Minor Injury,C
203718656,183390147,2023-11-17,Buffalo,NY0140100,13A,B,B,N,M,27,R,Y,BG,Residence/Home,Home,Knife/Cutting Instrument;Personal Weapons,Minor Injury,C
209542729,188462549,2023-11-17,Buffalo,NY0140100,13A,W,W,N,M,53,R,N,,Residence/Home,Home,Firearm,,C
203700527,183374349,2023-11-18,Buffalo,NY0140100,13A,B,B,N,F,23,R,Y,BG,Residence/Home,Home,Personal Weapons,Minor Injury,C
203741778,183410701,2023-11-18,Buffalo,NY0140100,13A,H,W,H,F,20,R,Y,BG,Residence/Home,Home,Knife/Cutting Instrument,,C
203741807,183410729,2023-11-18,Buffalo,NY0140100,13A,W,W,N,M,45,R,N,ST,Highway/Road/Alley/Street/Sidewalk,Street & Sidewalk,Blunt Object,Severe Laceration,C
209640669,188551485,2023-11-18,Buffalo,NY0140100,13A,W,W,N,F,55,N,Y,BG,Residence/Home,Home,Other,Minor Injury,C
209645081,188555640,2023-11-18,Buffalo,NY0140100,13A,B,B,N,M,17,R,N,,Highway/Road/Alley/Street/Sidewalk,Street & Sidewalk,Knife/Cutting Instrument,Severe Laceration,C
209645082,188555640,2023-11-18,Buffalo,NY0140100,13A,B,B,N,M,20,R,N,,Highway/Road/Alley/Street/Sidewalk,Street & Sidewalk,Knife/Cutting Instrument,Minor Injury,C
203595903,183280078,2023-11-19,Buffalo,NY0140100,13A,W,W,N,M,64,R,N,AQ,Residence/Home,Home,Knife/Cutting Instrument,,C
203705154,183378402,2023-11-19,Buffalo,NY0140100,13A,B,B,N,M,34,R,N,AQ,Highway/Road/Alley/Street/Sidewalk,Street & Sidewalk,Firearm,Other Major Injury,C
203705235,183378469,2023-11-19,Buffalo,NY0140100,13A,B,B,N,F,44,R,N,RU,Highway/Road/Alley/Street/Sidewalk,Street & Sidewalk,Knife/Cutting Instrument,,C
203717954,183389504,2023-11-19,Buffalo,NY0140100,13A,B,B,N,F,30,R,Y,XS,Residence/Home,Home,Firearm,Other Major Injury,C
203741757,183410682,2023-11-19,Buffalo,NY0140100,13A,B,B,N,F,27,R,N,ST,Specialty Store,Specialty Store,Firearm,Minor Injury,C
203741984,183410898,2023-11-19,Buffalo,NY0140100,13A,B,B,N,F,25,R,Y,BG,Residence/Home,Home,Personal Weapons,Minor Injury;Unconscious,C
208324269,187405833,2023-11-19,Buffalo,NY0140100,13A,B,B,N,F,21,R,Y,XS,Residence/Home,Home,Firearm,,C
203611852,183294393,2023-11-21,Buffalo,NY0140100,13A,W,W,N,M,24,R,N,ST,Highway/Road/Alley/Street/Sidewalk,Street & Sidewalk,Knife/Cutting Instrument,,C
203707270,183380235,2023-11-22,Buffalo,NY0140100,13A,B,B,N,F,24,R,N,SB,Residence/Home,Home,Knife/Cutting Instrument,Minor Injury;Possible Internal Injury,C
203662158,183339378,2023-11-23,Buffalo,NY0140100,13A,W,W,N,F,40,R,Y,BG,Residence/Home,Home,Personal Weapons,Severe Laceration,C
203660281,183337609,2023-11-24,Buffalo,NY0140100,13A,W,W,N,F,61,R,N,RU,Highway/Road/Alley/Street/Sidewalk,Street & Sidewalk,Firearm,,C
209646188,188556679,2023-11-24,Buffalo,NY0140100,13A,W,W,N,M,31,N,N,ST,Convenience Store,Convenience Store,Firearm,,C
203700971,183374764,2023-11-25,Buffalo,NY0140100,13A,W,W,N,M,32,R,N,AQ,Parking/Drop Lot/Garage,Parking Lot,Knife/Cutting Instrument,,C
203717237,183388872,2023-11-25,Buffalo,NY0140100,13A,H,W,H,F,,R,Y,BG,Residence/Home,Home,Knife/Cutting Instrument,,C
203702467,183376082,2023-11-26,Buffalo,NY0140100,13A,B,B,N,M,14,R,N,RU,Highway/Road/Alley/Street/Sidewalk,Street & Sidewalk,Firearm,Other Major Injury,C
203704963,183378237,2023-11-26,Buffalo,NY0140100,13A,B,B,N,M,41,R,N,RU,Highway/Road/Alley/Street/Sidewalk,Street & Sidewalk,Firearm,,C
203668759,183345195,2023-11-27,Buffalo,NY0140100,13A,A,A,N,M,24,R,N,RU,Convenience Store,Convenience Store,Other,Minor Injury,C
203670348,183346644,2023-11-27,Buffalo,NY0140100,13A,B,B,N,M,28,R,N,AQ,Residence/Home,Home,Knife/Cutting Instrument,Severe Laceration,C
203671346,183347551,2023-11-27,Buffalo,NY0140100,13A,H,W,H,M,64,R,N,AQ,Residence/Home,Home,Handgun,,C
203671347,183347551,2023-11-27,Buffalo,NY0140100,13A,H,W,H,F,20,R,Y,XS,Residence/Home,Home,Handgun,,C
205855470,185252700,2023-11-27,Buffalo,NY0140100,13A,B,B,N,F,43,R,N,RU,Residence/Home,Home,Personal Weapons,Minor Injury;Unconscious,C
205855105,185252363,2023-11-28,Buffalo,NY0140100,13A,W,W,N,F,48,N,Y,XS,Highway/Road/Alley/Street/Sidewalk,Street & Sidewalk,Personal Weapons,Minor Injury;Unconscious,C
203701146,183374916,2023-11-29,Buffalo,NY0140100,13A,B,B,N,F,34,R,N,AQ,Department/Discount Store,Department Store,Firearm,,C
203701157,183374925,2023-11-29,Buffalo,NY0140100,13A,B,B,N,F,67,R,N,SB,Residence/Home,Home,Knife/Cutting Instrument,,C
203701638,183375375,2023-11-29,Buffalo,NY0140100,13A,B,B,N,M,29,R,N,RU,Highway/Road/Alley/Street/Sidewalk,Street & Sidewalk,Firearm,Severe Laceration,C
203700510,183374334,2023-11-30,Buffalo,NY0140100,13A,B,B,U,F,44,R,N,RU,Highway/Road/Alley/Street/Sidewalk,Street & Sidewalk,Firearm,Severe Laceration,C
203701645,183375382,2023-11-30,Buffalo,NY0140100,13A,H,W,H,F,27,N,Y,XS,Highway/Road/Alley/Street/Sidewalk,Street & Sidewalk,Blunt Object,,C
205848126,185245955,2023-12-01,Buffalo,NY0140100,13A,W,W,N,M,58,R,Y,XS,Residence/Home,Home,Blunt Object,Minor Injury,C
205859386,185256283,2023-12-01,Buffalo,NY0140100,13A,B,B,N,M,67,R,N,NE,Residence/Home,Home,Personal Weapons,Minor Injury,C
205850339,185247997,2023-12-02,Buffalo,NY0140100,13A,A,A,N,M,55,R,Y,BG,Residence/Home,Home,Knife/Cutting Instrument,Severe Laceration,C
205851797,185249316,2023-12-02,Buffalo,NY0140100,13A,B,B,N,M,57,R,Y,BG,Residence/Home,Home,Personal Weapons,Apparent Broken Bones;Severe Laceration,C
205884249,185278804,2023-12-03,Buffalo,NY0140100,13A,B,B,N,F,34,R,Y,BG,Residence/Home,Home,Other;Personal Weapons,Possible Internal Injury;Severe Laceration,C
205908445,185300584,2023-12-03,Buffalo,NY0140100,13A,H,W,H,M,30,R,N,RU,Bar/Nightclub,Bar & Nightclub,Firearm,Possible Internal Injury;Severe Laceration,C
205849110,185246865,2023-12-04,Buffalo,NY0140100,13A,B,B,N,F,34,R,Y,XS,Residence/Home,Home,Knife/Cutting Instrument,Minor Injury,C
205849111,185246866,2023-12-04,Buffalo,NY0140100,13A,W,W,N,F,18,R,Y,XS,Residence/Home,Home,Rifle,,C
205849112,185246866,2023-12-04,Buffalo,NY0140100,13A,H,W,H,F,38,R,N,OK,Residence/Home,Home,Rifle,,C
205857457,185254538,2023-12-04,Buffalo,NY0140100,13A,H,W,H,F,14,R,Y,BG,Parking/Drop Lot/Garage,Parking Lot,Other,Minor Injury,C
205859249,185256156,2023-12-05,Buffalo,NY0140100,13A,B,B,N,F,28,R,N,AQ,Parking/Drop Lot/Garage,Parking Lot,Motor Vehicle/Vessel,,C
209648680,188558942,2023-12-05,Buffalo,NY0140100,13A,B,B,N,F,39,R,Y,XS,Highway/Road/Alley/Street/Sidewalk,Street & Sidewalk,Other,,C
205852885,185250313,2023-12-06,Buffalo,NY0140100,13A,B,B,N,F,19,R,Y,XS,Residence/Home,Home,Shotgun,,C
205861286,185258053,2023-12-07,Buffalo,NY0140100,13A,B,B,N,F,55,R,N,ST,Service/Gas Station,Gas Station,Knife/Cutting Instrument,,C
205861287,185258053,2023-12-07,Buffalo,NY0140100,13A,W,W,N,F,,R,N,ST,Service/Gas Station,Gas Station,Knife/Cutting Instrument,,C
205855471,185252701,2023-12-08,Buffalo,NY0140100,13A,B,B,N,M,43,R,N,RU,Highway/Road/Alley/Street/Sidewalk,Street & Sidewalk,Knife/Cutting Instrument,Severe Laceration,C
205857821,185254880,2023-12-08,Buffalo,NY0140100,13A,B,B,N,M,22,R,N,RU,Highway/Road/Alley/Street/Sidewalk,Street & Sidewalk,Knife/Cutting Instrument,Minor Injury,C
205856551,185253719,2023-12-09,Buffalo,NY0140100,13A,B,B,N,M,35,R,Y,SE,Residence/Home,Home,Knife/Cutting Instrument,Minor Injury,C
205859876,185256744,2023-12-09,Buffalo,NY0140100,13A,B,B,N,M,49,R,N,AQ,Residence/Home,Home,Firearm,,C
205860776,185257592,2023-12-09,Buffalo,NY0140100,13A,B,B,U,M,42,R,N,RU,Residence/Home,Home,Firearm,Minor Injury,C
205850369,185248025,2023-12-10,Buffalo,NY0140100,13A,W,W,N,M,36,R,N,RU,Highway/Road/Alley/Street/Sidewalk,Street & Sidewalk,Firearm,,C
205859983,185256840,2023-12-10,Buffalo,NY0140100,13A,B,B,N,M,29,R,N,RU,Highway/Road/Alley/Street/Sidewalk,Street & Sidewalk,Firearm,Other Major Injury,C
205859989,185256844,2023-12-10,Buffalo,NY0140100,13A,B,B,N,M,40,R,N,RU,Parking/Drop Lot/Garage,Parking Lot,Firearm,Possible Internal Injury,C
205859990,185256844,2023-12-10,Buffalo,NY0140100,13A,B,B,N,M,44,R,N,RU,Parking/Drop Lot/Garage,Parking Lot,Firearm,Possible Internal Injury,C
205861121,185257901,2023-12-10,Buffalo,NY0140100,13A,U,U,N,M,,R,N,ST,Grocery/Supermarket,Grocery Store,Knife/Cutting Instrument,Minor Injury,C
205847529,185245392,2023-12-11,Buffalo,NY0140100,13A,B,B,N,M,55,R,N,AQ,Residence/Home,Home,Blunt Object,Other Major Injury,C
205849770,185247474,2023-12-11,Buffalo,NY0140100,13A,B,B,N,F,20,R,Y,XS,Residence/Home,Home,Firearm,Minor Injury,C
205861155,185257933,2023-12-11,Buffalo,NY0140100,13A,B,B,N,F,41,R,Y,XS,Residence/Home,Home,Personal Weapons,Minor Injury;Unconscious,C
205842924,185241350,2023-12-12,Buffalo,NY0140100,13A,B,B,N,F,,R,Y,BG,Residence/Home,Home,Personal Weapons,,C
205842931,185241357,2023-12-12,Buffalo,NY0140100,13A,W,W,N,F,61,R,N,ST,Highway/Road/Alley/Street/Sidewalk,Street & Sidewalk,Motor Vehicle/Vessel,Apparent Broken Bones,C
205860627,185257449,2023-12-12,Buffalo,NY0140100,13A,B,B,N,F,18,R,Y,XS,Residence/Home,Home,Personal Weapons,,C
205860654,185257476,2023-12-12,Buffalo,NY0140100,13A,B,B,N,F,44,R,Y,XS,Residence/Home,Home,Blunt Object,Minor Injury,C
205860784,185257600,2023-12-13,Buffalo,NY0140100,13A,B,B,N,F,25,R,Y,BG,Residence/Home,Home,Personal Weapons,Minor Injury,C
205851474,185249025,2023-12-14,Buffalo,NY0140100,13A,B,B,N,M,41,R,N,RU,Highway/Road/Alley/Street/Sidewalk,Street & Sidewalk,Firearm,Possible Internal Injury,C
205851498,185249048,2023-12-14,Buffalo,NY0140100,13A,B,B,N,F,28,N,N,FR,Highway/Road/Alley/Street/Sidewalk,Street & Sidewalk,Knife/Cutting Instrument,,C
208277003,187363751,2023-12-14,Buffalo,NY0140100,13A,H,W,H,F,26,R,Y,XS,Highway/Road/Alley/Street/Sidewalk,Street & Sidewalk,Firearm,,C
209542372,188462201,2023-12-14,Buffalo,NY0140100,13A,H,W,H,M,23,R,N,,Highway/Road/Alley/Street/Sidewalk,Street & Sidewalk,Firearm,,C
205852938,185250365,2023-12-15,Buffalo,NY0140100,13A,B,B,N,M,35,R,Y,BG,Residence/Home,Home,Knife/Cutting Instrument,,C
209648006,188558369,2023-12-15,Buffalo,NY0140100,13A,B,B,N,F,25,R,Y,BG,Residence/Home,Home,Firearm,Possible Internal Injury,C
205849317,185247063,2023-12-16,Buffalo,NY0140100,13A,B,B,N,F,21,R,Y,BG,Abandoned/Condemned Structure,Abandoned Building,Personal Weapons,Minor Injury,C
205850428,185248079,2023-12-17,Buffalo,NY0140100,13A,B,B,U,M,27,R,N,RU,Residence/Home,Home,Firearm,Other Major Injury;Severe Laceration,C
205860315,185257150,2023-12-17,Buffalo,NY0140100,13A,B,B,N,F,20,R,N,SB,Residence/Home,Home,Knife/Cutting Instrument,Minor Injury,C
205860324,185257158,2023-12-17,Buffalo,NY0140100,13A,B,B,N,F,59,R,Y,XS,Residence/Home,Home,Knife/Cutting Instrument,,C
205853051,185250469,2023-12-18,Buffalo,NY0140100,13A,W,W,N,F,44,R,Y,XS,Residence/Home,Home,Personal Weapons,,C
205855544,185252772,2023-12-18,Buffalo,NY0140100,13A,B,B,N,M,27,R,N,ST,Parking/Drop Lot/Garage,Parking Lot,Blunt Object;Other;Personal Weapons,Severe Laceration,C
205860496,185257326,2023-12-18,Buffalo,NY0140100,13A,H,B,H,M,64,R,N,RU,Highway/Road/Alley/Street/Sidewalk,Street & Sidewalk,Handgun,,C
205887401,185281684,2023-12-18,Buffalo,NY0140100,13A,B,B,N,M,57,R,N,AQ,Residence/Home,Home,Knife/Cutting Instrument,Other Major Injury;Severe Laceration,C
205887411,185281694,2023-12-18,Buffalo,NY0140100,13A,U,U,N,M,23,R,N,ST,Grocery/Supermarket,Grocery Store,Knife/Cutting Instrument;Personal Weapons,,C
205851568,185249110,2023-12-19,Buffalo,NY0140100,13A,B,B,N,F,20,R,N,NE,Highway/Road/Alley/Street/Sidewalk,Street & Sidewalk,Knife/Cutting Instrument,Possible Internal Injury;Severe Laceration,C
205861355,185258111,2023-12-19,Buffalo,NY0140100,13A,B,B,N,F,25,R,N,OF,Residence/Home,Home,Knife/Cutting Instrument,,C
205848072,185245903,2023-12-20,Buffalo,NY0140100,13A,W,W,N,F,39,N,N,RU,Highway/Road/Alley/Street/Sidewalk,Street & Sidewalk,Knife/Cutting Instrument,Minor Injury,C
205857369,185254454,2023-12-20,Buffalo,NY0140100,13A,W,W,N,F,48,R,Y,BG,Residence/Home,Home,Personal Weapons,Severe Laceration,C
205859153,185256071,2023-12-20,Buffalo,NY0140100,13A,B,B,N,M,61,R,N,RU,Residence/Home,Home,Other,Apparent Broken Bones;Other Major Injury,C
205861923,185258651,2023-12-20,Buffalo,NY0140100,13A,B,B,N,M,36,R,N,RU,Highway/Road/Alley/Street/Sidewalk,Street & Sidewalk,Firearm,Minor Injury,C
209647415,188557822,2023-12-20,Buffalo,NY0140100,13A,B,B,N,M,62,R,N,,Parking/Drop Lot/Garage,Parking Lot,Firearm,,C
205857412,185254495,2023-12-21,Buffalo,NY0140100,13A,W,W,U,F,30,R,Y,XS,Residence/Home,Home,Firearm,,C
205859152,185256070,2023-12-21,Buffalo,NY0140100,13A,H,W,H,F,36,R,Y,XS,Highway/Road/Alley/Street/Sidewalk,Street & Sidewalk,Knife/Cutting Instrument,Minor Injury,C
205859173,185256090,2023-12-21,Buffalo,NY0140100,13A,B,B,N,M,41,R,N,RU,Service/Gas Station,Gas Station,Firearm,Severe Laceration,C
205859317,185256221,2023-12-21,Buffalo,NY0140100,13A,W,W,N,F,40,R,N,ST,Specialty Store,Specialty Store,Blunt Object,,C
209542492,188462320,2023-12-21,Buffalo,NY0140100,13A,U,U,U,F,28,R,N,,Department/Discount Store,Department Store,Knife/Cutting Instrument,,C
205854335,185251637,2023-12-22,Buffalo,NY0140100,13A,B,B,N,M,41,R,N,PA,Residence/Home,Home,Knife/Cutting Instrument,Severe Laceration,C
205854859,185252136,2023-12-22,Buffalo,NY0140100,13A,W,W,N,M,79,R,N,RU,Service/Gas Station,Gas Station,Firearm,,C
205848609,185246399,2023-12-23,Buffalo,NY0140100,13A,B,B,N,M,39,R,N,RU,Highway/Road/Alley/Street/Sidewalk,Street & Sidewalk,Personal Weapons,Loss of Teeth;Other Major Injury,C
205848731,185246514,2023-12-23,Buffalo,NY0140100,13A,B,B,N,F,63,R,N,PA,Residence/Home,Home,Knife/Cutting Instrument,,C
205851022,185248614,2023-12-23,Buffalo,NY0140100,13A,B,B,N,F,35,R,N,AQ,Highway/Road/Alley/Street/Sidewalk,Street & Sidewalk,Firearm;Personal Weapons,,C
205851079,185248666,2023-12-23,Buffalo,NY0140100,13A,W,W,N,F,25,R,Y,XS,Residence/Home,Home,Knife/Cutting Instrument,,C
205855604,185252829,2023-12-23,Buffalo,NY0140100,13A,W,W,N,M,45,R,N,FR,Residence/Home,Home,Knife/Cutting Instrument,,C
205856167,185253358,2023-12-23,Buffalo,NY0140100,13A,U,U,U,M,41,N,N,RU,Residence/Home,Home,Firearm,Other Major Injury,C
205856168,185253358,2023-12-23,Buffalo,NY0140100,13A,B,B,N,F,37,R,Y,XS,Residence/Home,Home,Firearm,,C
209647419,188557826,2023-12-23,Buffalo,NY0140100,13A,B,B,N,F,24,R,Y,XS,Residence/Home,Home,Personal Weapons,,C
209647420,188557827,2023-12-23,Buffalo,NY0140100,13A,B,B,U,M,43,R,N,ST,Highway/Road/Alley/Street/Sidewalk,Street & Sidewalk,Firearm,Severe Laceration,C
205858965,185255900,2023-12-24,Buffalo,NY0140100,13A,B,B,N,M,28,R,Y,BG,Residence/Home,Home,Knife/Cutting Instrument,Severe Laceration,C
205858968,185255902,2023-12-24,Buffalo,NY0140100,13A,B,B,N,M,31,R,N,RU,Commercial/Office Building,Office Building,Firearm,Other Major Injury;Possible Internal Injury,C
205858969,185255902,2023-12-24,Buffalo,NY0140100,13A,B,B,N,M,29,R,N,RU,Commercial/Office Building,Office Building,Firearm,Other Major Injury,C
205858970,185255902,2023-12-24,Buffalo,NY0140100,13A,B,B,N,F,28,N,N,RU,Commercial/Office Building,Office Building,Firearm,Other Major Injury;Severe Laceration,C
205860144,185256991,2023-12-24,Buffalo,NY0140100,13A,B,B,N,F,31,R,N,RU,Highway/Road/Alley/Street/Sidewalk,Street & Sidewalk,Blunt Object,,C
205861011,185257814,2023-12-25,Buffalo,NY0140100,13A,B,B,N,F,36,R,Y,BG,Residence/Home,Home,Knife/Cutting Instrument,,C
205861073,185257858,2023-12-25,Buffalo,NY0140100,13A,B,B,N,M,38,N,N,RU,Convenience Store,Convenience Store,Firearm,Other Major Injury,C
205861674,185258416,2023-12-25,Buffalo,NY0140100,13A,H,W,H,F,32,R,Y,XS,Residence/Home,Home,Firearm,,C
205969631,185356363,2023-12-25,Buffalo,NY0140100,13A,B,B,N,M,59,R,Y,XS,Residence/Home,Home,Knife/Cutting Instrument,,C
205860734,185257552,2023-12-26,Buffalo,NY0140100,13A,W,W,N,M,42,R,N,ST,Highway/Road/Alley/Street/Sidewalk,Street & Sidewalk,Knife/Cutting Instrument,Possible Internal Injury;Severe Laceration,C
205860820,185257634,2023-12-27,Buffalo,NY0140100,13A,B,B,N,M,25,R,N,RU,Highway/Road/Alley/Street/Sidewalk,Street & Sidewalk,Firearm,Possible Internal Injury,C
205860821,185257634,2023-12-27,Buffalo,NY0140100,13A,B,B,U,M,38,R,N,RU,Highway/Road/Alley/Street/Sidewalk,Street & Sidewalk,Firearm,Possible Internal Injury,C
205848092,185245923,2023-12-28,Buffalo,NY0140100,13A,B,B,N,F,27,R,Y,BG,Residence/Home,Home,Firearm,Minor Injury,C
205848094,185245925,2023-12-28,Buffalo,NY0140100,13A,B,B,N,F,56,R,N,ST,Residence/Home,Home,Knife/Cutting Instrument,Minor Injury,C
205854956,185252226,2023-12-28,Buffalo,NY0140100,13A,B,B,N,F,30,R,Y,XS,Residence/Home,Home,Personal Weapons,Minor Injury;Possible Internal Injury,C
205854958,185252228,2023-12-28,Buffalo,NY0140100,13A,W,W,N,F,31,R,N,AQ,Residence/Home,Home,Knife/Cutting Instrument,,C
205861922,185258650,2023-12-28,Buffalo,NY0140100,13A,B,B,N,F,24,R,Y,XS,Residence/Home,Home,Personal Weapons,Apparent Broken Bones,C
205849346,185247091,2023-12-29,Buffalo,NY0140100,13A,B,B,N,M,35,R,Y,BG,Residence/Home,Home,Knife/Cutting Instrument,Minor Injury,C
205853272,185250664,2023-12-29,Buffalo,NY0140100,13A,B,B,N,F,33,R,Y,BG,Residence/Home,Home,Shotgun,,C
205853274,185250666,2023-12-29,Buffalo,NY0140100,13A,B,B,N,M,41,R,N,RU,Parking/Drop Lot/Garage,Parking Lot,Knife/Cutting Instrument,Severe Laceration,C
205850264,185247930,2023-12-30,Buffalo,NY0140100,13A,B,B,N,F,61,R,Y,XS,Residence/Home,Home,Handgun,Minor Injury,C
205854287,185251589,2023-12-30,Buffalo,NY0140100,13A,H,W,H,M,22,R,N,ST,Residence/Home,Home,Firearm,,C
205857802,185254861,2023-12-30,Buffalo,NY0140100,13A,B,B,N,F,22,R,Y,XS,Residence/Home,Home,Knife/Cutting Instrument,Minor Injury,C
205851120,185248702,2023-12-31,Buffalo,NY0140100,13A,H,B,H,F,24,R,N,AQ,Residence/Home,Home,Personal Weapons,Minor Injury,C
205859195,185256110,2023-12-31,Buffalo,NY0140100,13A,B,B,N,F,23,R,N,AQ,Highway/Road/Alley/Street/Sidewalk,Street & Sidewalk,Other;Personal Weapons,Minor Injury,C
208341421,187421355,2024-01-01,Buffalo,NY0140100,13A,W,W,N,F,44,R,N,RU,Residence/Home,Home,Personal Weapons,Minor Injury,C
208342065,187421958,2024-01-01,Buffalo,NY0140100,13A,W,W,N,F,31,R,Y,XS,Parking/Drop Lot/Garage,Parking Lot,Other,Minor Injury,C
211430953,190105729,2024-01-01,Buffalo,NY0140100,13A,B,B,N,F,33,R,N,,Parking/Drop Lot/Garage,Parking Lot,Motor Vehicle/Vessel,,C
211430954,190105729,2024-01-01,Buffalo,NY0140100,13A,B,B,N,F,18,R,N,,Parking/Drop Lot/Garage,Parking Lot,Motor Vehicle/Vessel,,C
211430955,190105729,2024-01-01,Buffalo,NY0140100,13A,B,B,N,F,18,R,N,,Parking/Drop Lot/Garage,Parking Lot,Motor Vehicle/Vessel,Minor Injury,C
211430956,190105729,2024-01-01,Buffalo,NY0140100,13A,B,B,N,F,17,N,N,,Parking/Drop Lot/Garage,Parking Lot,Motor Vehicle/Vessel,Minor Injury,C
216794229,194770770,2024-01-01,Buffalo,NY0140100,13A,B,B,N,F,27,R,Y,XS,Residence/Home,Home,Firearm,,C
208334724,187415236,2024-01-02,Buffalo,NY0140100,13A,B,B,N,M,38,R,N,AQ,Residence/Home,Home,Knife/Cutting Instrument,,C
209547531,188467195,2024-01-02,Buffalo,NY0140100,13A,B,B,N,M,54,R,N,,Residence/Home,Home,Knife/Cutting Instrument,Severe Laceration,C
208330430,187411258,2024-01-03,Buffalo,NY0140100,13A,B,B,N,F,23,R,Y,XS,Residence/Home,Home,Personal Weapons,Minor Injury;Possible Internal Injury,C
208339692,187419793,2024-01-03,Buffalo,NY0140100,13A,B,B,N,F,38,R,N,OF,Residence/Home,Home,Firearm,,C
209547223,188466897,2024-01-03,Buffalo,NY0140100,13A,H,W,H,M,50,R,N,,Highway/Road/Alley/Street/Sidewalk,Street & Sidewalk,Firearm,Other Major Injury,C
208330444,187411271,2024-01-04,Buffalo,NY0140100,13A,W,W,N,F,43,R,Y,XS,Residence/Home,Home,Knife/Cutting Instrument,,C
208337347,187417649,2024-01-04,Buffalo,NY0140100,13A,W,W,U,M,,R,N,NE,Residence/Home,Home,Fire/Incendiary Device,Minor Injury,C
209548669,188468281,2024-01-04,Buffalo,NY0140100,13A,B,B,N,F,46,R,N,,Other/Unknown,Other & Unknown,Firearm,Minor Injury,C
208339978,187420056,2024-01-06,Buffalo,NY0140100,13A,W,W,N,M,28,R,N,RU,Bar/Nightclub,Bar & Nightclub,Firearm,Other Major Injury;Severe Laceration,C
208339979,187420056,2024-01-06,Buffalo,NY0140100,13A,B,B,N,M,36,N,N,RU,Bar/Nightclub,Bar & Nightclub,Firearm,Other Major Injury;Possible Internal Injury,C
208339980,187420056,2024-01-06,Buffalo,NY0140100,13A,B,B,N,M,28,R,N,RU,Bar/Nightclub,Bar & Nightclub,Firearm,Other Major Injury;Severe Laceration,C
208341702,187421616,2024-01-06,Buffalo,NY0140100,13A,W,W,N,F,42,R,Y,XS,Residence/Home,Home,Firearm,,C
208354371,187433362,2024-01-06,Buffalo,NY0140100,13A,B,B,N,F,26,R,Y,XS,Highway/Road/Alley/Street/Sidewalk,Street & Sidewalk,Firearm,,C
208354379,187433370,2024-01-06,Buffalo,NY0140100,13A,H,W,H,F,29,R,Y,SE,Residence/Home,Home,Personal Weapons,,C
208354386,187433376,2024-01-06,Buffalo,NY0140100,13A,B,B,N,F,23,R,Y,XS,Residence/Home,Home,Blunt Object;Personal Weapons,,C
208332917,187413571,2024-01-07,Buffalo,NY0140100,13A,H,W,H,F,52,R,N,AQ,Residence/Home,Home,Firearm,,C
208332918,187413571,2024-01-07,Buffalo,NY0140100,13A,H,W,H,F,22,R,Y,XS,Residence/Home,Home,Firearm,,C
208335318,187415777,2024-01-08,Buffalo,NY0140100,13A,B,B,N,M,14,R,N,RU,Highway/Road/Alley/Street/Sidewalk,Street & Sidewalk,Firearm,,C
209550768,188470313,2024-01-08,Buffalo,NY0140100,13A,B,B,N,M,31,R,N,,Highway/Road/Alley/Street/Sidewalk,Street & Sidewalk,Firearm,Possible Internal Injury,C
209550769,188470313,2024-01-08,Buffalo,NY0140100,13A,B,B,U,M,27,N,N,,Highway/Road/Alley/Street/Sidewalk,Street & Sidewalk,Firearm,Possible Internal Injury,C
209642094,188552816,2024-01-08,Buffalo,NY0140100,13A,W,W,N,F,22,R,Y,BG,Residence/Home,Home,Other,Minor Injury,C
219909824,197478984,2024-01-08,Buffalo,NY0140100,13A,B,B,N,M,20,R,N,RU,Highway/Road/Alley/Street/Sidewalk,Street & Sidewalk,Firearm,,C
225434274,202287356,2024-01-08,Buffalo,NY0140100,13A,U,U,U,F,28,N,N,RU,Highway/Road/Alley/Street/Sidewalk,Street & Sidewalk,Knife/Cutting Instrument,,C
209642104,188552825,2024-01-09,Buffalo,NY0140100,13A,W,W,U,F,27,R,Y,BG,Residence/Home,Home,Personal Weapons,Minor Injury,C
225368255,202225874,2024-01-09,Buffalo,NY0140100,13A,B,B,N,F,35,R,Y,AQ;BG,Residence/Home,Home,Personal Weapons,Minor Injury;Possible Internal Injury,C
208342885,187422700,2024-01-10,Buffalo,NY0140100,13A,W,W,N,F,44,R,N,OK,Community Center,Community Center,Other,Minor Injury,C
209547051,188466735,2024-01-10,Buffalo,NY0140100,13A,B,B,N,F,24,R,N,,Government/Public Building,Government Building,Knife/Cutting Instrument,,C
209547052,188466735,2024-01-10,Buffalo,NY0140100,13A,B,B,N,F,27,R,N,,Government/Public Building,Government Building,Knife/Cutting Instrument,,C
208334990,187415472,2024-01-12,Buffalo,NY0140100,13A,H,W,H,F,34,R,N,ST,Department/Discount Store,Department Store,Handgun,,C
209548530,188468154,2024-01-12,Buffalo,NY0140100,13A,B,B,N,M,25,R,N,,Highway/Road/Alley/Street/Sidewalk,Street & Sidewalk,Handgun,,C
208355928,187434839,2024-01-13,Buffalo,NY0140100,13A,B,B,N,F,32,R,Y,SE,Residence/Home,Home,Knife/Cutting Instrument,,C
227813714,204363869,2024-01-13,Buffalo,NY0140100,13A,I,I,N,M,,R,N,OK,Other/Unknown,Other & Unknown,Firearm,,C
208358296,187437018,2024-01-14,Buffalo,NY0140100,13A,B,B,N,F,39,R,N,PA,Residence/Home,Home,Firearm,,C
209642025,188552752,2024-01-14,Buffalo,NY0140100,13A,A,A,U,M,43,R,N,,Liquor Store,Liquor Store,Knife/Cutting Instrument,,C
208334939,187415424,2024-01-15,Buffalo,NY0140100,13A,W,W,N,F,49,R,Y,XS,Residence/Home,Home,Knife/Cutting Instrument,Possible Internal Injury,C
211398078,190074639,2024-01-15,Buffalo,NY0140100,13A,B,B,N,M,66,R,N,,Residence/Home,Home,Firearm,,C
232386602,208367675,2024-01-15,Buffalo,NY0140100,13A,B,B,N,M,23,R,N,RU,Convenience Store,Convenience Store,Blunt Object,Minor Injury,C
208338227,187418437,2024-01-17,Buffalo,NY0140100,13A,B,B,N,F,39,R,N,NE,Residence/Home,Home,Knife/Cutting Instrument,,C
209551279,188470797,2024-01-17,Buffalo,NY0140100,13A,B,B,N,M,24,R,N,,Highway/Road/Alley/Street/Sidewalk,Street & Sidewalk,Firearm,,C
211398079,190074640,2024-01-17,Buffalo,NY0140100,13A,B,B,U,F,28,R,N,SB,Residence/Home,Home,Blunt Object,Minor Injury,C
225392411,202248849,2024-01-17,Buffalo,NY0140100,13A,A,A,N,F,29,R,Y,SE,Residence/Home,Home,Knife/Cutting Instrument,Minor Injury,C
208345869,187425466,2024-01-19,Buffalo,NY0140100,13A,H,W,H,F,37,R,Y,SE,Residence/Home,Home,Knife/Cutting Instrument,,C
208345884,187425481,2024-01-19,Buffalo,NY0140100,13A,B,B,N,F,18,R,Y,BG,Residence/Home,Home,Knife/Cutting Instrument,Minor Injury,C
227886382,204430684,2024-01-19,Buffalo,NY0140100,13A,W,W,N,F,,R,N,RU;SB,Residence/Home,Home,Personal Weapons,Possible Internal Injury,C
213598249,191989984,2024-01-20,Buffalo,NY0140100,13A,B,B,N,F,34,R,Y,BG,Residence/Home,Home,Knife/Cutting Instrument,,C
208340616,187420611,2024-01-21,Buffalo,NY0140100,13A,W,W,N,F,26,R,Y,BG,Residence/Home,Home,Personal Weapons,Loss of Teeth;Other Major Injury;Possible Internal Injury;Unconscious,C
225485502,202335516,2024-01-21,Buffalo,NY0140100,13A,B,B,N,F,31,R,N,AQ,Residence/Home,Home,Firearm,,C
225509822,202358596,2024-01-21,Buffalo,NY0140100,13A,W,W,N,F,30,R,Y,BG,Residence/Home,Home,Personal Weapons,Minor Injury,C
225512208,202360806,2024-01-21,Buffalo,NY0140100,13A,B,B,N,F,42,N,Y,RU;XS,Residence/Home,Home,Blunt Object,,C
225512209,202360806,2024-01-21,Buffalo,NY0140100,13A,U,U,U,F,42,R,N,AQ;RU,Residence/Home,Home,Blunt Object,Minor Injury,C
225512210,202360806,2024-01-21,Buffalo,NY0140100,13A,B,B,N,F,36,R,N,AQ;RU,Residence/Home,Home,Blunt Object,Minor Injury,C
209552550,188472016,2024-01-22,Buffalo,NY0140100,13A,W,W,N,M,30,R,N,,Grocery/Supermarket,Grocery Store,Personal Weapons,Minor Injury,C
225369754,202227274,2024-01-22,Buffalo,NY0140100,13A,B,B,N,M,55,R,N,ST,Highway/Road/Alley/Street/Sidewalk,Street & Sidewalk,Personal Weapons,Minor Injury,C
209542172,188462008,2024-01-24,Buffalo,NY0140100,13A,W,W,N,F,12,R,N,,Highway/Road/Alley/Street/Sidewalk,Street & Sidewalk,Firearm,,C
213582615,191975182,2024-01-24,Buffalo,NY0140100,13A,W,W,N,F,37,R,Y,SE,Residence/Home,Home,Firearm,,C
219855567,197428303,2024-01-24,Buffalo,NY0140100,13A,W,W,N,M,33,R,N,FR,Highway/Road/Alley/Street/Sidewalk,Street & Sidewalk,Firearm,,C
209546208,188465923,2024-01-26,Buffalo,NY0140100,13A,B,B,N,F,30,R,N,,Residence/Home,Home,Knife/Cutting Instrument,Minor Injury,C
208330800,187411602,2024-01-27,Buffalo,NY0140100,13A,B,B,N,F,37,R,Y,BG,Residence/Home,Home,Knife/Cutting Instrument,Minor Injury,C
209546240,188465951,2024-01-27,Buffalo,NY0140100,13A,B,B,N,M,23,R,N,,Highway/Road/Alley/Street/Sidewalk,Street & Sidewalk,Firearm,Other Major Injury,C
209549037,188468636,2024-01-28,Buffalo,NY0140100,13A,W,W,N,M,31,R,N,,Highway/Road/Alley/Street/Sidewalk,Street & Sidewalk,Firearm,,C
209549044,188468642,2024-01-29,Buffalo,NY0140100,13A,B,B,N,F,23,R,N,,Highway/Road/Alley/Street/Sidewalk,Street & Sidewalk,Knife/Cutting Instrument,Minor Injury,C
208341155,187421108,2024-01-30,Buffalo,NY0140100,13A,B,B,N,F,44,R,Y,XS,Residence/Home,Home,Personal Weapons,Minor Injury;Unconscious,C
208363124,187441374,2024-01-31,Buffalo,NY0140100,13A,B,B,N,F,28,R,N,NE,Residence/Home,Home,Firearm,,C
208363125,187441374,2024-01-31,Buffalo,NY0140100,13A,B,B,N,F,17,R,N,AQ,Residence/Home,Home,Firearm,,C
209553135,188472576,2024-01-31,Buffalo,NY0140100,13A,B,B,N,F,28,R,N,,Highway/Road/Alley/Street/Sidewalk,Street & Sidewalk,Blunt Object;Personal Weapons,Minor Injury,C
209554153,188473547,2024-01-31,Buffalo,NY0140100,13A,B,B,N,M,18,R,N,,Highway/Road/Alley/Street/Sidewalk,Street & Sidewalk,Personal Weapons,Minor Injury,C
209554159,188473553,2024-01-31,Buffalo,NY0140100,13A,H,W,H,M,38,N,N,,Highway/Road/Alley/Street/Sidewalk,Street & Sidewalk,Firearm,,C
209643371,188554033,2024-02-01,Buffalo,NY0140100,13A,U,U,U,F,28,R,N,,Highway/Road/Alley/Street/Sidewalk,Street & Sidewalk,Firearm,,C
209646181,188556672,2024-02-01,Buffalo,NY0140100,13A,W,W,U,M,40,R,N,AQ,Residence/Home,Home,Personal Weapons,Minor Injury,C
209646277,188556766,2024-02-01,Buffalo,NY0140100,13A,B,B,N,F,27,R,N,EE,Restaurant,Restaurant,Knife/Cutting Instrument,,C
213568426,191961755,2024-02-01,Buffalo,NY0140100,13A,B,B,N,F,33,R,Y,XS,Residence/Home,Home,Firearm,,C
209642865,188553551,2024-02-02,Buffalo,NY0140100,13A,B,B,N,F,31,R,Y,SE,Residence/Home,Home,Knife/Cutting Instrument,Other Major Injury;Possible Internal Injury;Severe Laceration,C
209649997,188560182,2024-02-02,Buffalo,NY0140100,13A,B,B,N,F,41,R,Y,BG,Residence/Home,Home,Other,Minor Injury,C
209650154,188560329,2024-02-02,Buffalo,NY0140100,13A,U,U,U,M,34,N,N,,Highway/Road/Alley/Street/Sidewalk,Street & Sidewalk,Firearm,Other Major Injury,C
211414119,190089796,2024-02-02,Buffalo,NY0140100,13A,W,W,N,M,18,N,N,,Highway/Road/Alley/Street/Sidewalk,Street & Sidewalk,Firearm,,C
209642277,188552990,2024-02-03,Buffalo,NY0140100,13A,B,B,N,F,30,R,Y,BG,Residence/Home,Home,Firearm,Minor Injury,C
209642285,188552998,2024-02-03,Buffalo,NY0140100,13A,W,W,N,F,37,R,Y,XS,Residence/Home,Home,Personal Weapons,Minor Injury,C
209648130,188558482,2024-02-03,Buffalo,NY0140100,13A,H,W,H,F,31,R,Y,XS,Residence/Home,Home,Personal Weapons,Minor Injury,C
214970576,193186889,2024-02-03,Buffalo,NY0140100,13A,B,B,N,M,34,R,Y,BG,Residence/Home,Home,Knife/Cutting Instrument,Severe Laceration,C
225394493,202250763,2024-02-04,Buffalo,NY0140100,13A,B,B,N,M,30,R,Y,XS,Residence/Home,Home,Personal Weapons,Minor Injury,C
209641294,188552072,2024-02-05,Buffalo,NY0140100,13A,H,W,H,F,29,R,Y,XS,Highway/Road/Alley/Street/Sidewalk,Street & Sidewalk,Motor Vehicle/Vessel,,C
214970037,193186382,2024-02-05,Buffalo,NY0140100,13A,B,B,U,F,31,R,Y,XS,Residence/Home,Home,Personal Weapons,Minor Injury,C
209644091,188554692,2024-02-06,Buffalo,NY0140100,13A,B,B,N,M,30,R,N,,Residence/Home,Home,Knife/Cutting Instrument,,C
209645123,188555677,2024-02-06,Buffalo,NY0140100,13A,W,W,N,F,39,R,Y,BG,Residence/Home,Home,Blunt Object;Personal Weapons,Minor Injury,C
214965815,193182674,2024-02-06,Buffalo,NY0140100,13A,B,B,N,M,28,R,N,OF,Residence/Home,Home,Knife/Cutting Instrument,Possible Internal Injury;Severe Laceration,C
209642042,188552768,2024-02-07,Buffalo,NY0140100,13A,B,B,N,M,53,R,N,,Parking/Drop Lot/Garage,Parking Lot,Firearm,Other Major Injury;Possible Internal Injury,C
209642043,188552768,2024-02-07,Buffalo,NY0140100,13A,B,B,N,M,65,R,N,,Parking/Drop Lot/Garage,Parking Lot,Firearm,Other Major Injury,C
209642044,188552768,2024-02-07,Buffalo,NY0140100,13A,B,B,N,M,60,R,N,,Parking/Drop Lot/Garage,Parking Lot,Firearm,Other Major Injury,C
209649348,188559582,2024-02-07,Buffalo,NY0140100,13A,B,B,N,M,31,R,N,,Residence/Home,Home,Firearm,Possible Internal Injury,C
213570040,191963272,2024-02-07,Buffalo,NY0140100,13A,B,B,N,F,39,R,Y,SE,Residence/Home,Home,Personal Weapons,Loss of Teeth,C
216803859,194779889,2024-02-07,Buffalo,NY0140100,13A,U,U,U,M,55,R,N,RU,Highway/Road/Alley/Street/Sidewalk,Street & Sidewalk,Firearm,Minor Injury,C
209643405,188554063,2024-02-08,Buffalo,NY0140100,13A,B,B,N,F,30,R,N,FR,Highway/Road/Alley/Street/Sidewalk,Street & Sidewalk,Blunt Object,Minor Injury,C
209647403,188557810,2024-02-08,Buffalo,NY0140100,13A,B,B,N,M,14,R,N,RU,Parking/Drop Lot/Garage,Parking Lot,Firearm,Other Major Injury,C
211390365,190067363,2024-02-08,Buffalo,NY0140100,13A,B,B,N,F,27,R,Y,XS,Convenience Store,Convenience Store,Personal Weapons,Severe Laceration,C
213575848,191968789,2024-02-08,Buffalo,NY0140100,13A,B,B,N,M,13,R,N,,Highway/Road/Alley/Street/Sidewalk,Street & Sidewalk,Knife/Cutting Instrument,,C
213577238,191970091,2024-02-08,Buffalo,NY0140100,13A,W,W,N,F,40,N,N,,Highway/Road/Alley/Street/Sidewalk,Street & Sidewalk,Knife/Cutting Instrument,,C
214965948,193182793,2024-02-08,Buffalo,NY0140100,13A,B,B,N,F,35,R,Y,XS,Highway/Road/Alley/Street/Sidewalk,Street & Sidewalk,Personal Weapons,Minor Injury,C
214964443,193181434,2024-02-09,Buffalo,NY0140100,13A,B,B,N,M,37,R,Y,BG,Residence/Home,Home,Knife/Cutting Instrument,,C
209642029,188552756,2024-02-10,Buffalo,NY0140100,13A,W,W,N,M,43,R,Y,BG,Residence/Home,Home,Blunt Object,Severe Laceration,C
209647963,188558330,2024-02-10,Buffalo,NY0140100,13A,B,B,U,F,19,R,N,,Highway/Road/Alley/Street/Sidewalk,Street & Sidewalk,Firearm,Minor Injury,C
225368935,202226512,2024-02-10,Buffalo,NY0140100,13A,B,B,N,M,59,R,N,RU,Residence/Home,Home,Personal Weapons,Minor Injury;Unconscious,C
209642751,188553439,2024-02-11,Buffalo,NY0140100,13A,B,B,N,M,30,R,N,,Parking/Drop Lot/Garage,Parking Lot,Personal Weapons,Possible Internal Injury,C
209648710,188558971,2024-02-11,Buffalo,NY0140100,13A,B,B,N,M,17,R,N,,Highway/Road/Alley/Street/Sidewalk,Street & Sidewalk,Firearm,Possible Internal Injury,C
209649292,188559528,2024-02-11,Buffalo,NY0140100,13A,B,B,N,M,35,R,N,,Highway/Road/Alley/Street/Sidewalk,Street & Sidewalk,Knife/Cutting Instrument,Possible Internal Injury,C
211398172,190074727,2024-02-11,Buffalo,NY0140100,13A,W,W,N,F,42,R,N,AQ,Residence/Home,Home,Knife/Cutting Instrument,Severe Laceration,C
209643690,188554322,2024-02-12,Buffalo,NY0140100,13A,B,B,N,F,32,R,N,ST,Highway/Road/Alley/Street/Sidewalk,Street & Sidewalk,Motor Vehicle/Vessel,Apparent Broken Bones,C
209645021,188555581,2024-02-12,Buffalo,NY0140100,13A,W,W,U,F,32,R,N,AQ,Highway/Road/Alley/Street/Sidewalk,Street & Sidewalk,Firearm,,C
209647954,188558321,2024-02-12,Buffalo,NY0140100,13A,W,W,N,F,42,R,Y,BG,Residence/Home,Home,Shotgun,Possible Internal Injury;Unconscious,C
219893338,197463715,2024-02-12,Buffalo,NY0140100,13A,W,W,N,F,53,R,Y,XS,Residence/Home,Home,Personal Weapons,Minor Injury,C
209643701,188554331,2024-02-13,Buffalo,NY0140100,13A,B,B,N,M,28,R,N,NE,Residence/Home,Home,Firearm,Apparent Broken Bones,C
209644240,188554838,2024-02-13,Buffalo,NY0140100,13A,B,B,N,M,18,R,N,CH,Residence/Home,Home,Other,Severe Laceration,C
209645257,188555804,2024-02-13,Buffalo,NY0140100,13A,H,W,H,F,18,R,N,SB,Residence/Home,Home,Blunt Object,Minor Injury,C
211421376,190096698,2024-02-13,Buffalo,NY0140100,13A,H,W,H,F,40,R,Y,XS,Residence/Home,Home,Personal Weapons,Minor Injury,C
211448688,190122326,2024-02-13,Buffalo,NY0140100,13A,B,B,N,F,51,R,Y,BG,Residence/Home,Home,Personal Weapons,Apparent Broken Bones;Possible Internal Injury,C
216825155,194799947,2024-02-13,Buffalo,NY0140100,13A,H,W,H,F,21,R,Y,BG,Residence/Home,Home,Personal Weapons,Minor Injury,C
209650270,188560436,2024-02-14,Buffalo,NY0140100,13A,B,B,N,F,37,R,Y,XS,Residence/Home,Home,Firearm,,C
209650289,188560453,2024-02-14,Buffalo,NY0140100,13A,B,B,N,M,66,R,Y,BG,Residence/Home,Home,Blunt Object,Minor Injury,C
209643022,188553694,2024-02-15,Buffalo,NY0140100,13A,B,B,U,F,78,R,N,,Residence/Home,Home,Personal Weapons,Possible Internal Injury;Severe Laceration,C
209649014,188559261,2024-02-15,Buffalo,NY0140100,13A,B,B,N,F,38,R,N,AQ,Highway/Road/Alley/Street/Sidewalk,Street & Sidewalk,Firearm,,C
211354610,190036296,2024-02-16,Buffalo,NY0140100,13A,B,B,N,F,61,R,N,SP,Residence/Home,Home,Knife/Cutting Instrument,,C
213580923,191973584,2024-02-16,Buffalo,NY0140100,13A,W,W,N,F,44,R,Y,XS,Residence/Home,Home,Blunt Object,Minor Injury,C
209644302,188554897,2024-02-17,Buffalo,NY0140100,13A,B,B,N,M,37,R,N,,Highway/Road/Alley/Street/Sidewalk,Street & Sidewalk,Firearm,Other Major Injury,C
220447555,197946067,2024-02-17,Buffalo,NY0140100,13A,B,B,N,M,23,R,N,ST,Highway/Road/Alley/Street/Sidewalk,Street & Sidewalk,Firearm,Other Major Injury,C
225516537,202364894,2024-02-17,Buffalo,NY0140100,13A,B,B,N,F,,R,N,OF,Residence/Home,Home,Firearm,,C
209640976,188551773,2024-02-18,Buffalo,NY0140100,13A,U,U,U,M,54,R,N,AQ,Highway/Road/Alley/Street/Sidewalk,Street & Sidewalk,Other,,C
209648996,188559244,2024-02-18,Buffalo,NY0140100,13A,H,W,H,M,27,R,Y,BG,Residence/Home,Home,Knife/Cutting Instrument,Severe Laceration,C
211351681,190033604,2024-02-18,Buffalo,NY0140100,13A,B,B,N,M,49,R,N,,Bar/Nightclub,Bar & Nightclub,Firearm,Other Major Injury,C
211351682,190033604,2024-02-18,Buffalo,NY0140100,13A,B,B,U,M,34,R,N,,Bar/Nightclub,Bar & Nightclub,Firearm,Other Major Injury,C
214971415,193187661,2024-02-18,Buffalo,NY0140100,13A,W,W,N,M,46,R,N,PA,Residence/Home,Home,Blunt Object,Minor Injury;Possible Internal Injury,C
211352159,190034040,2024-02-19,Buffalo,NY0140100,13A,W,W,N,F,20,R,N,AQ,Highway/Road/Alley/Street/Sidewalk,Street & Sidewalk,Knife/Cutting Instrument;Other,,C
211352160,190034040,2024-02-19,Buffalo,NY0140100,13A,W,W,N,M,24,R,N,AQ,Highway/Road/Alley/Street/Sidewalk,Street & Sidewalk,Knife/Cutting Instrument;Other,,C
213617174,192007969,2024-02-19,Buffalo,NY0140100,13A,W,W,N,M,33,R,Y,BG,Residence/Home,Home,Knife/Cutting Instrument,Minor Injury,C
231006898,207159382,2024-02-19,Buffalo,NY0140100,13A,B,B,N,M,13,R,N,AQ,Hotel/Motel/Etc.,Hotel & Motel,Knife/Cutting Instrument,Severe Laceration,C
216794779,194771299,2024-02-20,Buffalo,NY0140100,13A,U,U,U,F,25,R,N,CH,Residence/Home,Home,Blunt Object,Severe Laceration,C
209647151,188557576,2024-02-21,Buffalo,NY0140100,13A,U,U,U,F,,R,N,ST,Drug Store/Doctor's Office/Hospital,Hospital & Clinic,Other,,C
209647152,188557576,2024-02-21,Buffalo,NY0140100,13A,W,W,N,M,42,N,N,ST,Drug Store/Doctor's Office/Hospital,Hospital & Clinic,Other,,C
211351714,190033635,2024-02-21,Buffalo,NY0140100,13A,B,B,N,M,44,R,N,AQ,Residence/Home,Home,Knife/Cutting Instrument,,C
211353393,190035176,2024-02-21,Buffalo,NY0140100,13A,H,W,H,M,21,R,N,ST,Grocery/Supermarket,Grocery Store,Knife/Cutting Instrument;Personal Weapons,,C
211353394,190035176,2024-02-21,Buffalo,NY0140100,13A,W,W,N,F,32,R,N,ST,Grocery/Supermarket,Grocery Store,Knife/Cutting Instrument;Personal Weapons,,C
211354619,190036305,2024-02-21,Buffalo,NY0140100,13A,B,B,N,M,60,R,N,NE,Highway/Road/Alley/Street/Sidewalk,Street & Sidewalk,Firearm,,C
211355781,190037392,2024-02-21,Buffalo,NY0140100,13A,H,W,H,F,33,R,Y,XS,Residence/Home,Home,Knife/Cutting Instrument,Minor Injury,C
214965371,193182267,2024-02-21,Buffalo,NY0140100,13A,W,W,N,F,34,R,N,ST,Department/Discount Store,Department Store,Blunt Object;Personal Weapons,,C
214971060,193187335,2024-02-21,Buffalo,NY0140100,13A,W,W,N,M,43,R,N,ST,Convenience Store,Convenience Store,Knife/Cutting Instrument,Minor Injury,C
216794780,194771300,2024-02-21,Buffalo,NY0140100,13A,H,W,H,F,28,R,N,OF,Residence/Home,Home,Personal Weapons,Minor Injury;Unconscious,C
227871549,204416637,2024-02-21,Buffalo,NY0140100,13A,W,W,N,M,24,N,N,ST,Highway/Road/Alley/Street/Sidewalk,Street & Sidewalk,Other,,C
209647708,188558098,2024-02-22,Buffalo,NY0140100,13A,W,W,U,M,67,R,N,AQ,Residence/Home,Home,Knife/Cutting Instrument,Minor Injury,C
209648172,188558523,2024-02-22,Buffalo,NY0140100,13A,B,B,N,M,29,N,N,AQ,Community Center,Community Center,Knife/Cutting Instrument;Personal Weapons,Minor Injury,C
219871732,197443436,2024-02-22,Buffalo,NY0140100,13A,B,B,N,M,36,R,N,ST,Residence/Home,Home,Knife/Cutting Instrument,Severe Laceration,C
228319391,204810827,2024-02-22,Buffalo,NY0140100,13A,B,B,N,M,34,R,N,AQ,Residence/Home,Home,Motor Vehicle/Vessel,Minor Injury;Possible Internal Injury;Unconscious,C
209641657,188552404,2024-02-23,Buffalo,NY0140100,13A,H,W,H,M,17,R,N,OK,Highway/Road/Alley/Street/Sidewalk,Street & Sidewalk,Knife/Cutting Instrument,,C
209647051,188557480,2024-02-24,Buffalo,NY0140100,13A,B,B,N,M,53,R,N,AQ,Residence/Home,Home,Knife/Cutting Instrument,Severe Laceration,C
213617179,192007973,2024-02-24,Buffalo,NY0140100,13A,H,W,H,F,34,R,Y,XS,Residence/Home,Home,Knife/Cutting Instrument,,C
209645761,188556274,2024-02-25,Buffalo,NY0140100,13A,B,B,U,F,29,R,Y,BG,Residence/Home,Home,Blunt Object;Other;Personal Weapons,Minor Injury,C
209648213,188558562,2024-02-25,Buffalo,NY0140100,13A,W,W,U,M,36,R,N,,Highway/Road/Alley/Street/Sidewalk,Street & Sidewalk,Blunt Object,,C
209649613,188559826,2024-02-25,Buffalo,NY0140100,13A,W,W,N,M,26,R,Y,BG,Residence/Home,Home,Knife/Cutting Instrument,Minor Injury,C
209650240,188560407,2024-02-25,Buffalo,NY0140100,13A,B,B,U,M,49,R,N,PA,Residence/Home,Home,Knife/Cutting Instrument,,C
211355167,190036820,2024-02-25,Buffalo,NY0140100,13A,W,W,N,F,24,R,Y,BG,Residence/Home,Home,Knife/Cutting Instrument,Minor Injury,C
213588144,191980369,2024-02-25,Buffalo,NY0140100,13A,B,B,N,M,69,R,N,OF,Residence/Home,Home,Personal Weapons,Minor Injury,C
209640959,188551757,2024-02-26,Buffalo,NY0140100,13A,B,B,U,M,19,R,N,,Highway/Road/Alley/Street/Sidewalk,Street & Sidewalk,Personal Weapons,Minor Injury,C
211352756,190034589,2024-02-26,Buffalo,NY0140100,13A,W,W,N,F,29,R,N,AQ,Residence/Home,Home,Personal Weapons,,C
209643716,188554346,2024-02-27,Buffalo,NY0140100,13A,B,B,N,F,46,R,Y,BG,Residence/Home,Home,Personal Weapons,Minor Injury,C
209644283,188554881,2024-02-27,Buffalo,NY0140100,13A,B,B,N,F,31,R,N,IL,Residence/Home,Home,Blunt Object,Minor Injury,C
211390404,190067391,2024-02-27,Buffalo,NY0140100,13A,B,B,N,M,49,R,N,PA,Residence/Home,Home,Firearm,Possible Internal Injury,C
231006962,207159442,2024-02-27,Buffalo,NY0140100,13A,B,B,N,M,26,R,N,AQ,Highway/Road/Alley/Street/Sidewalk,Street & Sidewalk,Firearm,Minor Injury,C
209643052,188553722,2024-02-28,Buffalo,NY0140100,13A,H,B,H,F,26,R,Y,BG,Highway/Road/Alley/Street/Sidewalk,Street & Sidewalk,Personal Weapons,Minor Injury;Unconscious,C
209644309,188554903,2024-02-28,Buffalo,NY0140100,13A,B,B,N,F,28,R,N,ST,Highway/Road/Alley/Street/Sidewalk,Street & Sidewalk,Knife/Cutting Instrument,,C
211352290,190034164,2024-02-28,Buffalo,NY0140100,13A,B,B,N,F,19,R,N,,Residence/Home,Home,Knife/Cutting Instrument;Personal Weapons,,C
211406332,190082432,2024-02-28,Buffalo,NY0140100,13A,H,B,H,F,25,R,N,ST,Residence/Home,Home,Firearm,,C
214966079,193182917,2024-02-28,Buffalo,NY0140100,13A,B,B,N,F,27,R,Y,XS,Residence/Home,Home,Knife/Cutting Instrument,Minor Injury,C
225368675,202226264,2024-02-28,Buffalo,NY0140100,13A,H,W,H,F,27,R,N,RU,Residence/Home,Home,Knife/Cutting Instrument,,C
209644297,188554892,2024-02-29,Buffalo,NY0140100,13A,B,B,N,F,25,R,N,SB,Residence/Home,Home,Knife/Cutting Instrument,,C
225509379,202358186,2024-02-29,Buffalo,NY0140100,13A,B,B,N,M,44,R,N,NE;RU,Residence/Home,Home,Knife/Cutting Instrument,,C
225509380,202358186,2024-02-29,Buffalo,NY0140100,13A,H,W,H,F,29,R,N,NE;RU,Residence/Home,Home,Knife/Cutting Instrument,,C
211389779,190066815,2024-03-01,Buffalo,NY0140100,13A,B,B,N,M,25,R,N,,Highway/Road/Alley/Street/Sidewalk,Street & Sidewalk,Firearm,Other Major Injury,C
227829428,204378395,2024-03-01,Buffalo,NY0140100,13A,W,W,N,F,30,R,N,AQ,Highway/Road/Alley/Street/Sidewalk,Street & Sidewalk,Personal Weapons,Minor Injury,C
225467966,202318987,2024-03-02,Buffalo,NY0140100,13A,W,W,N,M,59,R,N,RU;ST,Bar/Nightclub,Bar & Nightclub,Knife/Cutting Instrument,,C
211413772,190089467,2024-03-03,Buffalo,NY0140100,13A,W,W,N,F,31,R,Y,BG,Residence/Home,Home,Personal Weapons,Minor Injury,C
211430038,190104868,2024-03-03,Buffalo,NY0140100,13A,B,B,N,F,48,R,N,,Highway/Road/Alley/Street/Sidewalk,Street & Sidewalk,Firearm,,C
211438745,190113107,2024-03-03,Buffalo,NY0140100,13A,B,B,N,M,36,R,N,,Parking/Drop Lot/Garage,Parking Lot,Knife/Cutting Instrument,Minor Injury,C
211438748,190113108,2024-03-03,Buffalo,NY0140100,13A,H,W,H,F,29,R,Y,BG,Residence/Home,Home,Other,Severe Laceration,C
211389805,190066838,2024-03-04,Buffalo,NY0140100,13A,B,B,U,M,25,R,N,ST,Parking/Drop Lot/Garage,Parking Lot,Knife/Cutting Instrument,,C
211438516,190112896,2024-03-04,Buffalo,NY0140100,13A,B,B,N,F,17,R,N,,Residence/Home,Home,Other;Personal Weapons,Severe Laceration,C
211438751,190113111,2024-03-04,Buffalo,NY0140100,13A,W,W,N,M,38,R,N,,Highway/Road/Alley/Street/Sidewalk,Street & Sidewalk,Knife/Cutting Instrument,Severe Laceration,C
211459219,190132133,2024-03-04,Buffalo,NY0140100,13A,B,B,N,M,28,R,N,ST,Residence/Home,Home,Firearm,Minor Injury,C
219889834,197460416,2024-03-04,Buffalo,NY0140100,13A,W,W,U,M,27,R,N,ST,Highway/Road/Alley/Street/Sidewalk,Street & Sidewalk,Blunt Object,Minor Injury,C
211397600,190074188,2024-03-06,Buffalo,NY0140100,13A,W,W,N,M,46,R,N,PA,Residence/Home,Home,Blunt Object,,C
211397749,190074328,2024-03-06,Buffalo,NY0140100,13A,H,W,H,M,34,R,N,,Highway/Road/Alley/Street/Sidewalk,Street & Sidewalk,Knife/Cutting Instrument,Minor Injury,C
211397756,190074335,2024-03-06,Buffalo,NY0140100,13A,H,W,H,M,,R,N,NE,Residence/Home,Home,Knife/Cutting Instrument,Severe Laceration,C
211405875,190082013,2024-03-06,Buffalo,NY0140100,13A,B,B,N,F,45,R,Y,BG,Residence/Home,Home,Personal Weapons,Minor Injury;Unconscious,C
211421460,190096776,2024-03-07,Buffalo,NY0140100,13A,W,W,U,F,29,R,Y,XS,Residence/Home,Home,Personal Weapons,Minor Injury,C
214963911,193180945,2024-03-07,Buffalo,NY0140100,13A,W,W,N,F,33,R,Y,BG,Highway/Road/Alley/Street/Sidewalk,Street & Sidewalk,Blunt Object,,C
225434681,202287731,2024-03-07,Buffalo,NY0140100,13A,W,W,N,M,33,N,N,AQ,Parking/Drop Lot/Garage,Parking Lot,Blunt Object,,C
211438694,190113062,2024-03-08,Buffalo,NY0140100,13A,B,B,N,F,21,R,Y,XS,Residence/Home,Home,Blunt Object,Minor Injury,C
227818273,204368086,2024-03-08,Buffalo,NY0140100,13A,B,B,N,F,25,R,Y,XS,Residence/Home,Home,Other;Personal Weapons,Minor Injury,C
211397564,190074154,2024-03-09,Buffalo,NY0140100,13A,W,W,U,M,31,R,N,IL,Residence/Home,Home,Knife/Cutting Instrument,,C
211438592,190112967,2024-03-09,Buffalo,NY0140100,13A,B,B,N,F,22,R,N,,Residence/Home,Home,Personal Weapons,Minor Injury,C
211438594,190112967,2024-03-09,Buffalo,NY0140100,13A,B,B,N,F,22,R,N,,Residence/Home,Home,Personal Weapons,Other Major Injury,C
211438597,190112967,2024-03-09,Buffalo,NY0140100,13A,B,B,N,F,40,R,N,,Residence/Home,Home,Personal Weapons,,C
211448292,190121962,2024-03-09,Buffalo,NY0140100,13A,B,B,N,M,51,N,N,AQ,Highway/Road/Alley/Street/Sidewalk,Street & Sidewalk,Firearm,,C
211390432,190067415,2024-03-10,Buffalo,NY0140100,13A,B,B,N,M,55,R,N,,Highway/Road/Alley/Street/Sidewalk,Street & Sidewalk,Firearm,Other Major Injury;Possible Internal Injury,C
216893415,194859261,2024-03-10,Buffalo,NY0140100,13A,W,W,N,U,30,R,Y,BG,Residence/Home,Home,Personal Weapons,Minor Injury;Unconscious,C
219901552,197471374,2024-03-10,Buffalo,NY0140100,13A,W,W,N,F,55,R,Y,SE,Residence/Home,Home,Personal Weapons,Minor Injury,C
211448143,190121822,2024-03-11,Buffalo,NY0140100,13A,B,B,N,M,23,R,Y,BG,Residence/Home,Home,Knife/Cutting Instrument,Minor Injury,C
211459144,190132064,2024-03-11,Buffalo,NY0140100,13A,W,W,N,M,,R,N,ST,Convenience Store,Convenience Store,Other,,C
227829531,204378479,2024-03-11,Buffalo,NY0140100,13A,B,B,N,F,41,R,N,AQ,Residence/Home,Home,Firearm,,C
211421411,190096730,2024-03-13,Buffalo,NY0140100,13A,B,B,N,M,32,R,Y,XS,Highway/Road/Alley/Street/Sidewalk,Street & Sidewalk,Knife/Cutting Instrument,,C
211429981,190104813,2024-03-13,Buffalo,NY0140100,13A,B,B,N,M,56,R,N,PA,Parking/Drop Lot/Garage,Parking Lot,Personal Weapons,Minor Injury,C
211430201,190105021,2024-03-13,Buffalo,NY0140100,13A,B,B,N,M,20,R,N,,Highway/Road/Alley/Street/Sidewalk,Street & Sidewalk,Firearm,Other Major Injury;Possible Internal Injury,C
211430202,190105021,2024-03-13,Buffalo,NY0140100,13A,B,B,U,M,22,R,N,,Highway/Road/Alley/Street/Sidewalk,Street & Sidewalk,Firearm,Other Major Injury,C
211438347,190112736,2024-03-13,Buffalo,NY0140100,13A,B,B,N,F,18,R,Y,XS,Residence/Home,Home,Personal Weapons,Minor Injury,C
211397705,190074286,2024-03-14,Buffalo,NY0140100,13A,B,B,N,M,46,R,Y,BG,Residence/Home,Home,Knife/Cutting Instrument,Severe Laceration,C
211405752,190081895,2024-03-14,Buffalo,NY0140100,13A,W,W,N,F,38,R,Y,BG,Residence/Home,Home,Blunt Object;Personal Weapons,Minor Injury,C
211459250,190132158,2024-03-14,Buffalo,NY0140100,13A,B,B,N,F,25,R,Y,XS,Residence/Home,Home,Personal Weapons,Minor Injury,C
219880584,197451706,2024-03-14,Buffalo,NY0140100,13A,B,B,N,F,23,R,Y,XS,Residence/Home,Home,Personal Weapons,Apparent Broken Bones,C
211413635,190089341,2024-03-15,Buffalo,NY0140100,13A,W,W,N,F,31,R,Y,XS,Residence/Home,Home,Personal Weapons,Minor Injury,C
211448301,190121970,2024-03-15,Buffalo,NY0140100,13A,B,B,N,F,35,R,N,,Highway/Road/Alley/Street/Sidewalk,Street & Sidewalk,Firearm,Other Major Injury,C
227887843,204432068,2024-03-15,Buffalo,NY0140100,13A,B,B,N,M,46,R,N,AQ;ST,Highway/Road/Alley/Street/Sidewalk,Street & Sidewalk,Firearm;Knife/Cutting Instrument,,C
211438488,190112872,2024-03-16,Buffalo,NY0140100,13A,B,B,N,F,27,R,Y,SE,Residence/Home,Home,Blunt Object,Minor Injury,C
211448219,190121892,2024-03-16,Buffalo,NY0140100,13A,H,W,H,F,18,R,N,,Restaurant,Restaurant,Firearm,,C
211448248,190121921,2024-03-16,Buffalo,NY0140100,13A,B,B,N,F,30,R,N,NE,Residence/Home,Home,Knife/Cutting Instrument,,C
211458988,190131922,2024-03-16,Buffalo,NY0140100,13A,B,B,N,M,33,N,N,,Highway/Road/Alley/Street/Sidewalk,Street & Sidewalk,Knife/Cutting Instrument,Minor Injury,C
211459437,190132325,2024-03-16,Buffalo,NY0140100,13A,H,W,H,F,34,R,Y,BG,Residence/Home,Home,Personal Weapons,,C
219856524,197429199,2024-03-16,Buffalo,NY0140100,13A,W,W,N,F,39,R,Y,SE,Residence/Home,Home,Personal Weapons,Minor Injury,C
227805332,204356201,2024-03-16,Buffalo,NY0140100,13A,W,W,N,M,19,N,N,ST,Field/Woods,Field & Woods,Personal Weapons,Minor Injury,C
227809345,204359869,2024-03-16,Buffalo,NY0140100,13A,W,W,N,M,18,R,N,ST,Highway/Road/Alley/Street/Sidewalk,Street & Sidewalk,Personal Weapons,Minor Injury,C
211413718,190089415,2024-03-17,Buffalo,NY0140100,13A,B,B,N,F,29,R,N,NE,Residence/Home,Home,Knife/Cutting Instrument,Minor Injury,C
211421653,190096961,2024-03-17,Buffalo,NY0140100,13A,W,W,N,F,53,R,N,,Residence/Home,Home,Personal Weapons,Minor Injury,C
211438758,190113117,2024-03-17,Buffalo,NY0140100,13A,W,W,N,M,65,N,N,AQ,Highway/Road/Alley/Street/Sidewalk,Street & Sidewalk,Firearm;Other,Minor Injury,C
211459756,190132627,2024-03-17,Buffalo,NY0140100,13A,W,W,N,F,38,R,Y,SE,Residence/Home,Home,Other,,C
211459757,190132627,2024-03-17,Buffalo,NY0140100,13A,W,W,N,M,37,N,N,ST,Residence/Home,Home,Other,Minor Injury,C
219880879,197451983,2024-03-17,Buffalo,NY0140100,13A,W,W,N,F,24,R,Y,BG,Residence/Home,Home,Personal Weapons,Apparent Broken Bones,C
211438681,190113050,2024-03-18,Buffalo,NY0140100,13A,H,W,H,F,42,R,N,,Department/Discount Store,Department Store,Knife/Cutting Instrument,,C
220488820,197984280,2024-03-19,Buffalo,NY0140100,13A,H,W,H,F,60,R,Y,SE,Residence/Home,Home,Knife/Cutting Instrument,,C
211438703,190113070,2024-03-20,Buffalo,NY0140100,13A,W,W,N,M,30,R,N,NE,Residence/Home,Home,Knife/Cutting Instrument,,C
216798976,194775277,2024-03-20,Buffalo,NY0140100,13A,W,W,N,F,47,R,Y,XS,Residence/Home,Home,Knife/Cutting Instrument,,C
225367992,202225629,2024-03-20,Buffalo,NY0140100,13A,U,U,U,M,25,R,N,RU;ST,Commercial/Office Building,Office Building,Other,,C
214971082,193187352,2024-03-21,Buffalo,NY0140100,13A,W,W,U,M,31,N,N,ST,Highway/Road/Alley/Street/Sidewalk,Street & Sidewalk,Motor Vehicle/Vessel,Other Major Injury,C
214971085,193187352,2024-03-21,Buffalo,NY0140100,13A,W,W,U,M,31,N,N,ST,Highway/Road/Alley/Street/Sidewalk,Street & Sidewalk,Motor Vehicle/Vessel,Other Major Injury,C
211430511,190105316,2024-03-22,Buffalo,NY0140100,13A,W,W,N,F,30,R,Y,BG,Residence/Home,Home,Personal Weapons,Minor Injury,C
213588221,191980441,2024-03-22,Buffalo,NY0140100,13A,B,B,N,F,30,R,Y,XS,Residence/Home,Home,Knife/Cutting Instrument,,C
216789367,194766182,2024-03-22,Buffalo,NY0140100,13A,B,B,N,F,20,R,N,NE,Residence/Home,Home,Firearm,,C
228319369,204810805,2024-03-22,Buffalo,NY0140100,13A,W,W,N,M,61,R,N,AQ;RU,Residence/Home,Home,Blunt Object,Minor Injury,C
211448113,190121790,2024-03-23,Buffalo,NY0140100,13A,B,B,N,F,24,R,N,ST,Department/Discount Store,Department Store,Other,Minor Injury,C
211448784,190122415,2024-03-23,Buffalo,NY0140100,13A,B,B,N,M,39,R,N,AQ,Residence/Home,Home,Firearm,Minor Injury,C
211413496,190089209,2024-03-24,Buffalo,NY0140100,13A,B,B,N,M,,R,N,NE,Highway/Road/Alley/Street/Sidewalk,Street & Sidewalk,Blunt Object;Personal Weapons,Other Major Injury;Severe Laceration,C
216799409,194775683,2024-03-24,Buffalo,NY0140100,13A,B,B,N,M,41,R,Y,XS,Residence/Home,Home,Knife/Cutting Instrument,,C
214962828,193179928,2024-03-25,Buffalo,NY0140100,13A,W,W,N,M,32,R,N,RU,Residence/Home,Home,Personal Weapons,Other Major Injury,C
216798639,194774954,2024-03-25,Buffalo,NY0140100,13A,B,B,N,F,21,R,Y,XS,Residence/Home,Home,Knife/Cutting Instrument,,C
211397693,190074274,2024-03-26,Buffalo,NY0140100,13A,B,B,N,M,35,R,N,SB,Residence/Home,Home,Blunt Object;Other,Minor Injury,C
225404212,202259430,2024-03-26,Buffalo,NY0140100,13A,W,W,N,F,43,N,N,RU,Highway/Road/Alley/Street/Sidewalk,Street & Sidewalk,Unknown,Minor Injury;Possible Internal Injury;Unconscious,C
225464225,202315479,2024-03-27,Buffalo,NY0140100,13A,B,B,U,F,,R,N,ST,Specialty Store,Specialty Store,Blunt Object;Personal Weapons,Minor Injury,C
232386804,208367858,2024-03-27,Buffalo,NY0140100,13A,B,B,U,F,14,R,N,AQ,Highway/Road/Alley/Street/Sidewalk,Street & Sidewalk,Personal Weapons,Minor Injury,C
211389793,190066828,2024-03-28,Buffalo,NY0140100,13A,W,W,N,F,35,R,Y,SE,Residence/Home,Home,Blunt Object,Minor Injury,C
211438524,190112903,2024-03-28,Buffalo,NY0140100,13A,W,W,N,M,27,R,N,,Restaurant,Restaurant,Knife/Cutting Instrument,,C
211438525,190112903,2024-03-28,Buffalo,NY0140100,13A,U,U,U,M,46,R,N,,Restaurant,Restaurant,Knife/Cutting Instrument,,C
211438526,190112903,2024-03-28,Buffalo,NY0140100,13A,W,W,N,F,20,R,N,,Restaurant,Restaurant,Knife/Cutting Instrument,,C
216793778,194770336,2024-03-28,Buffalo,NY0140100,13A,B,B,N,F,25,N,Y,XS,Residence/Home,Home,Knife/Cutting Instrument;Other,,C
231113982,207260310,2024-03-28,Buffalo,NY0140100,13A,B,B,N,M,63,R,N,ST,Parking/Drop Lot/Garage,Parking Lot,Knife/Cutting Instrument,,C
211397706,190074288,2024-03-29,Buffalo,NY0140100,13A,B,B,U,M,41,N,N,AQ,Highway/Road/Alley/Street/Sidewalk,Street & Sidewalk,Firearm,,C
230998400,207151386,2024-03-29,Buffalo,NY0140100,13A,B,B,U,F,59,R,Y,XS,Residence/Home,Home,Personal Weapons,,C
211405819,190081958,2024-03-30,Buffalo,NY0140100,13A,H,W,H,M,14,R,N,,Highway/Road/Alley/Street/Sidewalk,Street & Sidewalk,Personal Weapons,Minor Injury,C
214961402,193178580,2024-03-30,Buffalo,NY0140100,13A,W,W,N,M,62,R,N,,Highway/Road/Alley/Street/Sidewalk,Street & Sidewalk,Firearm,,C
225487231,202337102,2024-03-30,Buffalo,NY0140100,13A,B,B,N,M,60,R,N,ST,Service/Gas Station,Gas Station,Motor Vehicle/Vessel,Minor Injury,C
225561253,202407089,2024-03-30,Buffalo,NY0140100,13A,W,W,N,M,33,N,N,ST,Highway/Road/Alley/Street/Sidewalk,Street & Sidewalk,Handgun,,C
227912540,204455436,2024-03-30,Buffalo,NY0140100,13A,B,B,N,F,39,R,N,AQ,Residence/Home,Home,Firearm,,C
211413787,190089480,2024-03-31,Buffalo,NY0140100,13A,B,B,N,F,46,R,Y,SE,Residence/Home,Home,Personal Weapons,,C
219863063,197435322,2024-03-31,Buffalo,NY0140100,13A,W,W,N,F,20,R,Y,BG,Residence/Home,Home,Personal Weapons,Minor Injury,C
213568273,191961607,2024-04-01,Buffalo,NY0140100,13A,W,W,N,M,30,R,N,AQ,Residence/Home,Home,Knife/Cutting Instrument,Minor Injury,C
213617061,192007864,2024-04-01,Buffalo,NY0140100,13A,B,B,N,M,43,R,N,,Highway/Road/Alley/Street/Sidewalk,Street & Sidewalk,Firearm,Other Major Injury,C
219887999,197458696,2024-04-01,Buffalo,NY0140100,13A,B,B,U,M,6,R,N,FR,Residence/Home,Home,Other,Minor Injury,C
213587104,191979373,2024-04-02,Buffalo,NY0140100,13A,U,U,U,M,15,R,N,AQ,Residence/Home,Home,Blunt Object,Severe Laceration,C
213594477,191986378,2024-04-02,Buffalo,NY0140100,13A,B,B,U,M,24,R,N,AQ,Highway/Road/Alley/Street/Sidewalk,Street & Sidewalk,Firearm,Other Major Injury,C
213616444,192007268,2024-04-03,Buffalo,NY0140100,13A,W,W,N,M,45,R,N,AQ,Drug Store/Doctor's Office/Hospital,Hospital & Clinic,Knife/Cutting Instrument,Possible Internal Injury;Severe Laceration,C
213616446,192007268,2024-04-03,Buffalo,NY0140100,13A,W,W,N,M,55,R,N,AQ,Drug Store/Doctor's Office/Hospital,Hospital & Clinic,Knife/Cutting Instrument,Other Major Injury;Possible Internal Injury;Severe Laceration,C
213616448,192007268,2024-04-03,Buffalo,NY0140100,13A,W,W,N,F,52,R,N,AQ,Drug Store/Doctor's Office/Hospital,Hospital & Clinic,Knife/Cutting Instrument,Other Major Injury;Possible Internal Injury;Severe Laceration,C
225510063,202358812,2024-04-03,Buffalo,NY0140100,13A,B,B,N,F,20,R,Y,XS,Highway/Road/Alley/Street/Sidewalk,Street & Sidewalk,Personal Weapons,Minor Injury,C
216798875,194775179,2024-04-04,Buffalo,NY0140100,13A,B,B,N,M,24,R,N,FR,Residence/Home,Home,Knife/Cutting Instrument,Severe Laceration,C
214749705,192991243,2024-04-05,Buffalo,NY0140100,13A,W,W,U,M,,R,N,ST,Highway/Road/Alley/Street/Sidewalk,Street & Sidewalk,Knife/Cutting Instrument;Personal Weapons,,C
216811384,194787032,2024-04-05,Buffalo,NY0140100,13A,B,B,N,F,35,R,N,NE,Residence/Home,Home,Knife/Cutting Instrument,,C
213578942,191971697,2024-04-06,Buffalo,NY0140100,13A,W,W,N,M,18,R,N,NE,Highway/Road/Alley/Street/Sidewalk,Street & Sidewalk,Other,,C
213587247,191979507,2024-04-06,Buffalo,NY0140100,13A,W,W,N,M,38,N,N,AQ,Parking/Drop Lot/Garage,Parking Lot,Firearm,,C
213587536,191979786,2024-04-06,Buffalo,NY0140100,13A,W,W,N,M,,R,N,,Convenience Store,Convenience Store,Knife/Cutting Instrument,,C
213594974,191986852,2024-04-06,Buffalo,NY0140100,13A,W,W,N,M,64,R,N,,Highway/Road/Alley/Street/Sidewalk,Street & Sidewalk,Blunt Object,Minor Injury,C
227801793,204352914,2024-04-06,Buffalo,NY0140100,13A,B,B,N,M,34,R,Y,ST;XS,Highway/Road/Alley/Street/Sidewalk,Street & Sidewalk,Personal Weapons,Minor Injury,C
232386422,208367510,2024-04-06,Buffalo,NY0140100,13A,U,U,U,M,,R,N,RU;ST,Drug Store/Doctor's Office/Hospital,Hospital & Clinic,Other,,C
213593370,191985324,2024-04-07,Buffalo,NY0140100,13A,B,B,N,F,26,R,N,AQ,Highway/Road/Alley/Street/Sidewalk,Street & Sidewalk,Knife/Cutting Instrument,Minor Injury,C
213593379,191985333,2024-04-07,Buffalo,NY0140100,13A,W,W,N,F,28,R,Y,XS,Residence/Home,Home,Personal Weapons,Minor Injury,C
213609347,192000540,2024-04-07,Buffalo,NY0140100,13A,B,B,N,F,23,R,N,,Highway/Road/Alley/Street/Sidewalk,Street & Sidewalk,Knife/Cutting Instrument,Minor Injury,C
213609348,192000540,2024-04-07,Buffalo,NY0140100,13A,B,B,N,F,24,R,N,,Highway/Road/Alley/Street/Sidewalk,Street & Sidewalk,Knife/Cutting Instrument,Severe Laceration,C
213609349,192000540,2024-04-07,Buffalo,NY0140100,13A,B,B,N,F,26,R,N,,Highway/Road/Alley/Street/Sidewalk,Street & Sidewalk,Knife/Cutting Instrument,Severe Laceration,C
213616456,192007280,2024-04-07,Buffalo,NY0140100,13A,W,W,N,M,28,N,N,RU,Residence/Home,Home,Firearm,Possible Internal Injury,C
213616458,192007280,2024-04-07,Buffalo,NY0140100,13A,W,W,N,M,23,R,N,RU,Residence/Home,Home,Firearm,Possible Internal Injury,C
214758403,192999517,2024-04-07,Buffalo,NY0140100,13A,W,W,N,M,54,R,N,AQ,Residence/Home,Home,Firearm,Minor Injury,C
213617064,192007866,2024-04-08,Buffalo,NY0140100,13A,W,W,N,M,21,R,Y,BG,Residence/Home,Home,Knife/Cutting Instrument,Minor Injury,C
213622561,192013074,2024-04-08,Buffalo,NY0140100,13A,B,B,U,M,16,R,N,,Highway/Road/Alley/Street/Sidewalk,Street & Sidewalk,Firearm,,C
213624324,192014751,2024-04-08,Buffalo,NY0140100,13A,B,B,N,F,35,R,Y,XS,Residence/Home,Home,Firearm,Minor Injury,C
213586012,191978354,2024-04-09,Buffalo,NY0140100,13A,B,B,N,M,45,R,N,FR,Parking/Drop Lot/Garage,Parking Lot,Knife/Cutting Instrument,Severe Laceration,C
219887346,197458087,2024-04-09,Buffalo,NY0140100,13A,B,B,N,M,29,R,N,SB,Residence/Home,Home,Knife/Cutting Instrument,,C
225488536,202338339,2024-04-09,Buffalo,NY0140100,13A,B,B,N,F,47,R,N,ST,Parking/Drop Lot/Garage,Parking Lot,Firearm,,C
225541345,202388208,2024-04-09,Buffalo,NY0140100,13A,H,W,H,M,23,R,N,RU,Highway/Road/Alley/Street/Sidewalk,Street & Sidewalk,Firearm,,C
213607975,191999236,2024-04-10,Buffalo,NY0140100,13A,B,B,N,M,21,R,Y,XS,Residence/Home,Home,Blunt Object;Other,Minor Injury,C
213608665,191999892,2024-04-10,Buffalo,NY0140100,13A,B,B,N,F,15,R,N,AQ,Highway/Road/Alley/Street/Sidewalk,Street & Sidewalk,Firearm,,C
213608667,191999892,2024-04-10,Buffalo,NY0140100,13A,B,B,N,M,,R,N,AQ,Highway/Road/Alley/Street/Sidewalk,Street & Sidewalk,Firearm,,C
213615552,192006429,2024-04-10,Buffalo,NY0140100,13A,W,W,U,M,31,R,N,IL,Residence/Home,Home,Blunt Object,Minor Injury,C
214971273,193187531,2024-04-10,Buffalo,NY0140100,13A,B,B,N,F,22,R,Y,BG,Residence/Home,Home,Knife/Cutting Instrument,Minor Injury,C
216892650,194858552,2024-04-10,Buffalo,NY0140100,13A,H,B,H,F,22,R,Y,XS,Residence/Home,Home,Knife/Cutting Instrument,Minor Injury,C
219868765,197440675,2024-04-10,Buffalo,NY0140100,13A,B,B,N,F,35,R,N,AQ,Residence/Home,Home,Knife/Cutting Instrument,,C
225484877,202334932,2024-04-10,Buffalo,NY0140100,13A,B,B,N,F,25,R,N,AQ,Residence/Home,Home,Firearm,,C
213580658,191973332,2024-04-11,Buffalo,NY0140100,13A,B,B,N,F,73,R,N,,Highway/Road/Alley/Street/Sidewalk,Street & Sidewalk,Motor Vehicle/Vessel,Minor Injury,C
213594851,191986734,2024-04-11,Buffalo,NY0140100,13A,B,B,N,F,22,R,N,FR,Highway/Road/Alley/Street/Sidewalk,Street & Sidewalk,Firearm,,C
213602851,191994336,2024-04-11,Buffalo,NY0140100,13A,B,B,N,F,27,N,Y,XS,Residence/Home,Home,Firearm,,C
213608656,191999886,2024-04-11,Buffalo,NY0140100,13A,B,B,N,M,32,R,N,,Highway/Road/Alley/Street/Sidewalk,Street & Sidewalk,Firearm,Other Major Injury,C
213624075,192014515,2024-04-12,Buffalo,NY0140100,13A,W,W,N,M,36,R,N,ST,Drug Store/Doctor's Office/Hospital,Hospital & Clinic,Knife/Cutting Instrument,,C
213594981,191986859,2024-04-13,Buffalo,NY0140100,13A,B,B,N,F,30,R,N,ST,Bar/Nightclub,Bar & Nightclub,Firearm,,C
216816190,194791536,2024-04-13,Buffalo,NY0140100,13A,W,W,N,F,27,R,Y,BG,Residence/Home,Home,Knife/Cutting Instrument,,C
219856070,197428766,2024-04-13,Buffalo,NY0140100,13A,W,W,N,M,26,R,N,SB,Bar/Nightclub,Bar & Nightclub,Other;Personal Weapons,Minor Injury;Unconscious,C
219881054,197452151,2024-04-13,Buffalo,NY0140100,13A,B,B,N,M,27,R,Y,XS,Residence/Home,Home,Knife/Cutting Instrument,Minor Injury,C
219887304,197458048,2024-04-13,Buffalo,NY0140100,13A,W,W,N,F,18,R,N,ST,Highway/Road/Alley/Street/Sidewalk,Street & Sidewalk,Other,Severe Laceration,C
225510952,202359654,2024-04-13,Buffalo,NY0140100,13A,B,B,N,M,14,R,N,RU,Highway/Road/Alley/Street/Sidewalk,Street & Sidewalk,Firearm,,C
225510953,202359654,2024-04-13,Buffalo,NY0140100,13A,B,B,N,M,14,R,N,RU,Highway/Road/Alley/Street/Sidewalk,Street & Sidewalk,Firearm,,C
213572990,191966073,2024-04-14,Buffalo,NY0140100,13A,B,B,N,M,50,R,N,AQ,Highway/Road/Alley/Street/Sidewalk,Street & Sidewalk,Motor Vehicle/Vessel,Minor Injury,C
213572991,191966074,2024-04-14,Buffalo,NY0140100,13A,B,B,N,F,19,R,N,ST,Highway/Road/Alley/Street/Sidewalk,Street & Sidewalk,Blunt Object,Severe Laceration,C
213587111,191979380,2024-04-14,Buffalo,NY0140100,13A,H,U,H,M,14,R,N,,Highway/Road/Alley/Street/Sidewalk,Street & Sidewalk,Firearm,,C
213587544,191979794,2024-04-14,Buffalo,NY0140100,13A,W,W,N,M,31,R,N,AQ,Highway/Road/Alley/Street/Sidewalk,Street & Sidewalk,Firearm,,C
214962390,193179517,2024-04-14,Buffalo,NY0140100,13A,W,W,U,F,30,R,N,AQ,Residence/Home,Home,Personal Weapons,Minor Injury,C
214971481,193187722,2024-04-14,Buffalo,NY0140100,13A,U,U,U,F,,R,N,RU,Drug Store/Doctor's Office/Hospital,Hospital & Clinic,Blunt Object,Minor Injury,C
228328327,204819278,2024-04-14,Buffalo,NY0140100,13A,B,B,N,F,30,R,N,RU,Residence/Home,Home,Personal Weapons,Minor Injury,C
213580164,191972858,2024-04-16,Buffalo,NY0140100,13A,B,B,N,F,45,R,Y,XS,Residence/Home,Home,Other,,C
213580664,191973337,2024-04-16,Buffalo,NY0140100,13A,B,B,N,F,56,N,N,AQ,Residence/Home,Home,Firearm,,C
213609972,192001141,2024-04-16,Buffalo,NY0140100,13A,B,B,N,M,28,N,N,,Highway/Road/Alley/Street/Sidewalk,Street & Sidewalk,Blunt Object,Minor Injury,C
225372985,202230345,2024-04-16,Buffalo,NY0140100,13A,W,W,N,F,36,N,N,RU;ST,Highway/Road/Alley/Street/Sidewalk,Street & Sidewalk,Knife/Cutting Instrument,,C
225509985,202358744,2024-04-16,Buffalo,NY0140100,13A,W,W,U,F,46,R,Y,XS,Residence/Home,Home,Knife/Cutting Instrument,,C
213580156,191972852,2024-04-17,Buffalo,NY0140100,13A,W,W,N,M,,R,N,ST,Highway/Road/Alley/Street/Sidewalk,Street & Sidewalk,Knife/Cutting Instrument,,C
213594741,191986628,2024-04-17,Buffalo,NY0140100,13A,B,B,N,M,26,R,N,RU,Highway/Road/Alley/Street/Sidewalk,Street & Sidewalk,Firearm,Possible Internal Injury,C
213624334,192014761,2024-04-17,Buffalo,NY0140100,13A,B,B,N,F,32,R,Y,XS,Residence/Home,Home,Firearm,Minor Injury,C
214749661,192991202,2024-04-17,Buffalo,NY0140100,13A,W,W,N,F,21,R,N,ST,Residence/Home,Home,Knife/Cutting Instrument,,C
220467823,197964873,2024-04-17,Buffalo,NY0140100,13A,B,B,N,M,54,R,N,OF,Residence/Home,Home,Personal Weapons,Apparent Broken Bones;Severe Laceration,C
213580160,191972856,2024-04-18,Buffalo,NY0140100,13A,B,B,N,M,51,R,Y,BG,Residence/Home,Home,Blunt Object,Minor Injury,C
213608133,191999388,2024-04-18,Buffalo,NY0140100,13A,B,B,N,M,57,R,N,NE,Residence/Home,Home,Personal Weapons,Possible Internal Injury;Severe Laceration,C
220497177,197992053,2024-04-18,Buffalo,NY0140100,13A,B,B,N,M,21,R,N,AQ,Residence/Home,Home,Firearm,Other Major Injury;Possible Internal Injury,C
213571452,191964623,2024-04-19,Buffalo,NY0140100,13A,B,B,N,F,26,N,N,,Highway/Road/Alley/Street/Sidewalk,Street & Sidewalk,Firearm,Possible Internal Injury,C
213601171,191992750,2024-04-19,Buffalo,NY0140100,13A,B,B,U,F,31,R,Y,BG,Residence/Home,Home,Personal Weapons,Possible Internal Injury;Unconscious,C
213609473,192000661,2024-04-19,Buffalo,NY0140100,13A,H,W,H,F,28,R,N,FR,Residence/Home,Home,Other,,C
214765457,193006167,2024-04-19,Buffalo,NY0140100,13A,B,B,N,F,43,N,Y,BG,Residence/Home,Home,Firearm,,C
213586413,191978737,2024-04-20,Buffalo,NY0140100,13A,B,B,N,F,39,R,Y,XS,Highway/Road/Alley/Street/Sidewalk,Street & Sidewalk,Firearm,Minor Injury,C
213571842,191964989,2024-04-21,Buffalo,NY0140100,13A,B,B,N,M,32,R,N,,Park/Playground,Park & Playground,Firearm,Severe Laceration,C
213579450,191972183,2024-04-21,Buffalo,NY0140100,13A,B,B,N,F,16,R,N,,Highway/Road/Alley/Street/Sidewalk,Street & Sidewalk,Knife/Cutting Instrument,,C
213586142,191978474,2024-04-21,Buffalo,NY0140100,13A,H,W,H,M,30,R,N,OF,Residence/Home,Home,Blunt Object,Minor Injury,C
213586281,191978609,2024-04-21,Buffalo,NY0140100,13A,H,W,H,M,39,R,N,ST,Highway/Road/Alley/Street/Sidewalk,Street & Sidewalk,Firearm,,C
213586576,191978876,2024-04-21,Buffalo,NY0140100,13A,W,W,N,M,30,R,N,FR,Residence/Home,Home,Personal Weapons,Minor Injury,C
225451237,202303360,2024-04-21,Buffalo,NY0140100,13A,H,W,H,F,27,R,N,RU,Highway/Road/Alley/Street/Sidewalk,Street & Sidewalk,Firearm,Other Major Injury,C
213601751,191993295,2024-04-22,Buffalo,NY0140100,13A,H,W,H,F,29,R,Y,XS,Residence/Home,Home,Personal Weapons,Minor Injury,C
213623102,192013597,2024-04-22,Buffalo,NY0140100,13A,B,B,N,M,39,R,N,ST,Highway/Road/Alley/Street/Sidewalk,Street & Sidewalk,Firearm,,C
219900062,197469975,2024-04-22,Buffalo,NY0140100,13A,B,B,N,M,65,R,N,ST,Highway/Road/Alley/Street/Sidewalk,Street & Sidewalk,Firearm,,C
225460313,202311875,2024-04-22,Buffalo,NY0140100,13A,B,B,N,M,16,R,N,RU,Highway/Road/Alley/Street/Sidewalk,Street & Sidewalk,Firearm,,C
214965712,193182579,2024-04-23,Buffalo,NY0140100,13A,B,B,N,F,24,R,Y,XS,Highway/Road/Alley/Street/Sidewalk,Street & Sidewalk,Motor Vehicle/Vessel,Minor Injury,C
219908121,197477432,2024-04-23,Buffalo,NY0140100,13A,B,B,N,F,33,R,Y,BG,Residence/Home,Home,Knife/Cutting Instrument,Minor Injury,C
227810089,204360528,2024-04-23,Buffalo,NY0140100,13A,W,W,N,F,47,N,N,FR,Residence/Home,Home,Blunt Object,Minor Injury,C
228341655,204831566,2024-04-23,Buffalo,NY0140100,13A,B,B,N,M,19,R,N,AQ,School-Elementary/Secondary,K-12 School,Knife/Cutting Instrument,Minor Injury,C
213579778,191972488,2024-04-24,Buffalo,NY0140100,13A,W,W,N,F,31,R,N,ST,Residence/Home,Home,Firearm,,C
213594966,191986846,2024-04-24,Buffalo,NY0140100,13A,B,B,N,F,22,R,Y,XS,Highway/Road/Alley/Street/Sidewalk,Street & Sidewalk,Firearm,,C
213594967,191986846,2024-04-24,Buffalo,NY0140100,13A,B,B,N,F,25,R,N,AQ,Highway/Road/Alley/Street/Sidewalk,Street & Sidewalk,Firearm,,C
213608642,191999872,2024-04-24,Buffalo,NY0140100,13A,W,W,N,F,44,N,Y,XS,Residence/Home,Home,Personal Weapons,Minor Injury,C
213609716,192000893,2024-04-24,Buffalo,NY0140100,13A,B,B,N,M,31,R,Y,XS,Highway/Road/Alley/Street/Sidewalk,Street & Sidewalk,Firearm,,C
214965764,193182629,2024-04-24,Buffalo,NY0140100,13A,W,W,N,F,30,R,Y,XS,Residence/Home,Home,Handgun,,C
214965765,193182629,2024-04-24,Buffalo,NY0140100,13A,H,W,H,F,23,N,N,AQ,Residence/Home,Home,Handgun,Minor Injury,C
213586150,191978481,2024-04-25,Buffalo,NY0140100,13A,W,W,N,M,22,N,N,,Highway/Road/Alley/Street/Sidewalk,Street & Sidewalk,Firearm,,C
225536213,202383431,2024-04-25,Buffalo,NY0140100,13A,W,W,N,M,25,R,N,RU,Convenience Store,Convenience Store,Knife/Cutting Instrument,,C
227886662,204430950,2024-04-25,Buffalo,NY0140100,13A,B,B,N,F,21,R,N,SB,Residence/Home,Home,Knife/Cutting Instrument,,C
227886663,204430950,2024-04-25,Buffalo,NY0140100,13A,B,B,N,F,29,R,N,SB,Residence/Home,Home,Knife/Cutting Instrument,,C
213602596,191994091,2024-04-26,Buffalo,NY0140100,13A,B,B,N,F,,R,N,AQ,Highway/Road/Alley/Street/Sidewalk,Street & Sidewalk,Firearm,,C
213623587,192014060,2024-04-26,Buffalo,NY0140100,13A,B,B,N,F,38,R,Y,BG,Residence/Home,Home,Knife/Cutting Instrument,,C
213623772,192014231,2024-04-26,Buffalo,NY0140100,13A,H,W,H,M,28,R,N,ST,Liquor Store,Liquor Store,Blunt Object;Knife/Cutting Instrument,Apparent Broken Bones;Other Major Injury;Severe Laceration,C
213579463,191972194,2024-04-27,Buffalo,NY0140100,13A,B,B,N,F,24,R,N,AQ,Highway/Road/Alley/Street/Sidewalk,Street & Sidewalk,Firearm,,C
213586737,191979021,2024-04-27,Buffalo,NY0140100,13A,B,B,N,M,71,R,N,SP,Residence/Home,Home,Firearm,,C
213624192,192014624,2024-04-27,Buffalo,NY0140100,13A,B,B,N,M,35,R,N,AQ,Highway/Road/Alley/Street/Sidewalk,Street & Sidewalk,Blunt Object,Minor Injury,C
213624195,192014627,2024-04-27,Buffalo,NY0140100,13A,B,B,N,F,32,R,N,AQ,Residence/Home,Home,Knife/Cutting Instrument,,C
214963672,193180719,2024-04-27,Buffalo,NY0140100,13A,B,B,N,F,33,R,Y,XS,Residence/Home,Home,Personal Weapons,Minor Injury,C
225536138,202383364,2024-04-27,Buffalo,NY0140100,13A,B,B,N,M,27,R,N,RU,Highway/Road/Alley/Street/Sidewalk,Street & Sidewalk,Knife/Cutting Instrument,Severe Laceration,C
225560647,202406520,2024-04-27,Buffalo,NY0140100,13A,B,B,N,M,46,R,N,RU,Residence/Home,Home,Personal Weapons,Apparent Broken Bones;Possible Internal Injury,C
227854123,204400070,2024-04-27,Buffalo,NY0140100,13A,W,W,N,M,66,R,N,RU;ST,Highway/Road/Alley/Street/Sidewalk,Street & Sidewalk,Blunt Object;Personal Weapons,,C
227854124,204400070,2024-04-27,Buffalo,NY0140100,13A,B,B,N,F,63,R,N,RU;ST,Highway/Road/Alley/Street/Sidewalk,Street & Sidewalk,Blunt Object;Personal Weapons,,C
214970110,193186453,2024-04-28,Buffalo,NY0140100,13A,B,B,N,F,65,R,N,RU,Residence/Home,Home,Other;Personal Weapons,Apparent Broken Bones,C
213579325,191972063,2024-04-29,Buffalo,NY0140100,13A,B,B,N,F,50,R,N,PA,Residence/Home,Home,Knife/Cutting Instrument,,C
213609332,192000526,2024-04-29,Buffalo,NY0140100,13A,B,B,N,M,33,R,N,,Department/Discount Store,Department Store,Firearm,,C
214964267,193181275,2024-04-29,Buffalo,NY0140100,13A,I,I,N,F,48,R,Y,SE,Residence/Home,Home,Fire/Incendiary Device,,C
214964268,193181275,2024-04-29,Buffalo,NY0140100,13A,I,I,N,M,11,R,N,CH,Residence/Home,Home,Fire/Incendiary Device,,C
214964269,193181275,2024-04-29,Buffalo,NY0140100,13A,I,I,N,M,14,R,N,CH,Residence/Home,Home,Fire/Incendiary Device,,C
225537747,202384858,2024-04-29,Buffalo,NY0140100,13A,W,W,N,F,,R,N,NE;ST,Highway/Road/Alley/Street/Sidewalk,Street & Sidewalk,Personal Weapons,Minor Injury,C
225537748,202384858,2024-04-29,Buffalo,NY0140100,13A,W,W,N,F,20,R,N,NE;ST,Highway/Road/Alley/Street/Sidewalk,Street & Sidewalk,Personal Weapons,Minor Injury,C
225537749,202384858,2024-04-29,Buffalo,NY0140100,13A,W,W,N,F,30,R,N,NE;ST,Highway/Road/Alley/Street/Sidewalk,Street & Sidewalk,Personal Weapons,Minor Injury,C
225537750,202384858,2024-04-29,Buffalo,NY0140100,13A,W,W,N,F,51,R,N,NE;ST,Highway/Road/Alley/Street/Sidewalk,Street & Sidewalk,Personal Weapons,,C
214759152,193000217,2024-04-30,Buffalo,NY0140100,13A,H,W,H,F,33,R,Y,BG,Residence/Home,Home,Other;Personal Weapons,Minor Injury,C
214965718,193182585,2024-05-01,Buffalo,NY0140100,13A,B,B,N,M,46,R,Y,XS,Residence/Home,Home,Knife/Cutting Instrument,,C
225436563,202289486,2024-05-02,Buffalo,NY0140100,13A,B,B,N,F,55,R,N,AQ,Residence/Home,Home,Blunt Object,Minor Injury,C
214964452,193181442,2024-05-03,Buffalo,NY0140100,13A,B,B,N,M,56,R,N,PA,Residence/Home,Home,Firearm;Personal Weapons,,C
214971055,193187331,2024-05-03,Buffalo,NY0140100,13A,B,B,U,F,32,R,N,,Residence/Home,Home,Firearm,Other Major Injury,C
214971321,193187575,2024-05-03,Buffalo,NY0140100,13A,W,W,N,M,48,R,N,,Highway/Road/Alley/Street/Sidewalk,Street & Sidewalk,Knife/Cutting Instrument,Minor Injury,C
219875108,197446586,2024-05-03,Buffalo,NY0140100,13A,B,B,N,M,52,R,N,ST,Grocery/Supermarket,Grocery Store,Knife/Cutting Instrument,,C
219894410,197464701,2024-05-03,Buffalo,NY0140100,13A,B,B,N,F,57,R,Y,SE,Residence/Home,Home,Shotgun,,C
214961470,193178645,2024-05-04,Buffalo,NY0140100,13A,B,B,N,F,21,R,N,,Highway/Road/Alley/Street/Sidewalk,Street & Sidewalk,Personal Weapons,Apparent Broken Bones,C
214964108,193181138,2024-05-04,Buffalo,NY0140100,13A,B,B,N,M,14,N,N,,Parking/Drop Lot/Garage,Parking Lot,Firearm,Other Major Injury,C
214964109,193181138,2024-05-04,Buffalo,NY0140100,13A,B,B,U,F,16,R,N,,Parking/Drop Lot/Garage,Parking Lot,Firearm,Other Major Injury,C
214964110,193181138,2024-05-04,Buffalo,NY0140100,13A,B,B,N,M,16,R,N,,Parking/Drop Lot/Garage,Parking Lot,Firearm,Other Major Injury,C
214964111,193181138,2024-05-04,Buffalo,NY0140100,13A,B,B,U,M,16,R,N,,Parking/Drop Lot/Garage,Parking Lot,Firearm,Minor Injury,C
214964112,193181138,2024-05-04,Buffalo,NY0140100,13A,B,B,U,M,15,R,N,,Parking/Drop Lot/Garage,Parking Lot,Firearm,Other Major Injury,C
214964586,193181558,2024-05-04,Buffalo,NY0140100,13A,B,B,N,M,20,R,N,,Parking/Drop Lot/Garage,Parking Lot,Firearm,Other Major Injury,C
219868479,197440404,2024-05-04,Buffalo,NY0140100,13A,B,B,N,M,30,R,Y,XS,Residence/Home,Home,Other,,C
214962593,193179707,2024-05-05,Buffalo,NY0140100,13A,W,W,N,M,31,N,N,AQ,Highway/Road/Alley/Street/Sidewalk,Street & Sidewalk,Knife/Cutting Instrument,Minor Injury;Possible Internal Injury,C
214962631,193179742,2024-05-05,Buffalo,NY0140100,13A,H,W,H,F,27,R,Y,BG,Highway/Road/Alley/Street/Sidewalk,Street & Sidewalk,Firearm,,C
214963771,193180814,2024-05-05,Buffalo,NY0140100,13A,H,W,H,M,33,R,N,,Highway/Road/Alley/Street/Sidewalk,Street & Sidewalk,Knife/Cutting Instrument,,C
214965625,193182501,2024-05-05,Buffalo,NY0140100,13A,W,W,N,F,33,R,Y,XS,Residence/Home,Home,Personal Weapons,Minor Injury,C
214970311,193186642,2024-05-05,Buffalo,NY0140100,13A,B,B,N,F,25,R,N,FR,Residence/Home,Home,Blunt Object,,C
219862124,197434449,2024-05-05,Buffalo,NY0140100,13A,B,B,N,M,37,R,Y,SE,Residence/Home,Home,Knife/Cutting Instrument,Severe Laceration,C
214961948,193179101,2024-05-06,Buffalo,NY0140100,13A,W,W,N,F,37,R,N,,Residence/Home,Home,Handgun,,C
219874362,197445885,2024-05-06,Buffalo,NY0140100,13A,B,B,N,M,61,R,N,AQ,Highway/Road/Alley/Street/Sidewalk,Street & Sidewalk,Firearm,,C
220468087,197965119,2024-05-06,Buffalo,NY0140100,13A,B,B,N,F,42,R,Y,BG,Residence/Home,Home,Personal Weapons,Unconscious,C
225514882,202363324,2024-05-06,Buffalo,NY0140100,13A,B,B,U,M,30,R,N,ST,Commercial/Office Building,Office Building,Firearm,,C
214961148,193178343,2024-05-07,Buffalo,NY0140100,13A,B,B,N,M,14,N,N,AQ,School-Elementary/Secondary,K-12 School,Personal Weapons,Other Major Injury,C
214970430,193186752,2024-05-07,Buffalo,NY0140100,13A,H,W,H,M,55,R,N,AQ,Residence/Home,Home,Knife/Cutting Instrument,,C
225434661,202287711,2024-05-07,Buffalo,NY0140100,13A,B,B,U,F,24,R,N,RU,Department/Discount Store,Department Store,Knife/Cutting Instrument,,C
225462087,202313458,2024-05-07,Buffalo,NY0140100,13A,W,W,N,M,83,R,N,RU,Residence/Home,Home,Blunt Object,Minor Injury,C
225490014,202339722,2024-05-07,Buffalo,NY0140100,13A,W,W,U,F,39,R,Y,XS,Residence/Home,Home,Blunt Object;Other,Minor Injury,C
214963419,193180487,2024-05-08,Buffalo,NY0140100,13A,B,B,N,F,21,R,Y,XS,Residence/Home,Home,Personal Weapons,Minor Injury,C
214986854,193201275,2024-05-08,Buffalo,NY0140100,13A,W,W,N,F,25,R,Y,BG,Residence/Home,Home,Personal Weapons,Minor Injury;Unconscious,C
225392910,202249322,2024-05-08,Buffalo,NY0140100,13A,B,B,N,F,20,R,Y,XS,Residence/Home,Home,Blunt Object,Minor Injury,C
214961223,193178413,2024-05-09,Buffalo,NY0140100,13A,W,W,N,M,35,N,N,,Highway/Road/Alley/Street/Sidewalk,Street & Sidewalk,Firearm,Other Major Injury,C
214963432,193180498,2024-05-09,Buffalo,NY0140100,13A,B,B,N,M,62,N,Y,BG,Highway/Road/Alley/Street/Sidewalk,Street & Sidewalk,Motor Vehicle/Vessel,Minor Injury,C
214970775,193187068,2024-05-10,Buffalo,NY0140100,13A,B,B,N,M,49,R,N,,Highway/Road/Alley/Street/Sidewalk,Street & Sidewalk,Firearm,,C
214971021,193187301,2024-05-10,Buffalo,NY0140100,13A,W,W,N,F,53,R,N,NE,Residence/Home,Home,Knife/Cutting Instrument;Personal Weapons,,C
214971022,193187301,2024-05-10,Buffalo,NY0140100,13A,H,W,H,F,38,R,N,NE,Residence/Home,Home,Knife/Cutting Instrument;Personal Weapons,,C
219893619,197463978,2024-05-10,Buffalo,NY0140100,13A,W,W,N,M,68,N,Y,BG,Highway/Road/Alley/Street/Sidewalk,Street & Sidewalk,Personal Weapons,Minor Injury,C
219900337,197470224,2024-05-10,Buffalo,NY0140100,13A,B,B,N,F,22,R,Y,SE,Residence/Home,Home,Knife/Cutting Instrument,,C
225370797,202228250,2024-05-10,Buffalo,NY0140100,13A,W,W,N,F,29,R,Y,RU;XS,Residence/Home,Home,Knife/Cutting Instrument,,C
225370798,202228250,2024-05-10,Buffalo,NY0140100,13A,H,W,H,M,35,R,N,FR;RU,Residence/Home,Home,Knife/Cutting Instrument,,C
225392724,202249141,2024-05-10,Buffalo,NY0140100,13A,B,B,N,M,59,R,N,RU,Highway/Road/Alley/Street/Sidewalk,Street & Sidewalk,Firearm,,C
214962686,193179792,2024-05-11,Buffalo,NY0140100,13A,B,B,N,M,43,R,N,OF,Highway/Road/Alley/Street/Sidewalk,Street & Sidewalk,Firearm,Apparent Broken Bones,C
214965230,193182138,2024-05-11,Buffalo,NY0140100,13A,H,W,H,M,45,R,N,FR,Highway/Road/Alley/Street/Sidewalk,Street & Sidewalk,Blunt Object,,C
214969907,193186257,2024-05-11,Buffalo,NY0140100,13A,B,B,N,F,15,R,N,,Highway/Road/Alley/Street/Sidewalk,Street & Sidewalk,Knife/Cutting Instrument,Minor Injury,C
214962217,193179354,2024-05-12,Buffalo,NY0140100,13A,W,W,N,M,22,N,N,ST,Highway/Road/Alley/Street/Sidewalk,Street & Sidewalk,Motor Vehicle/Vessel,Apparent Broken Bones;Other Major Injury,C
214962609,193179721,2024-05-12,Buffalo,NY0140100,13A,B,B,N,F,28,R,N,CH,Residence/Home,Home,Blunt Object,Minor Injury,C
214970423,193186745,2024-05-12,Buffalo,NY0140100,13A,A,A,U,M,36,N,N,,Highway/Road/Alley/Street/Sidewalk,Street & Sidewalk,Other,Minor Injury,C
225455165,202307063,2024-05-12,Buffalo,NY0140100,13A,B,B,N,F,47,R,Y,BG,Residence/Home,Home,Personal Weapons,Other Major Injury;Severe Laceration,C
214962126,193179264,2024-05-14,Buffalo,NY0140100,13A,W,W,N,M,53,U,Y,BG,Residence/Home,Home,Knife/Cutting Instrument,Minor Injury,C
214964234,193181244,2024-05-14,Buffalo,NY0140100,13A,H,W,H,F,38,R,N,NE,Residence/Home,Home,Blunt Object,Minor Injury,C
214965786,193182648,2024-05-14,Buffalo,NY0140100,13A,W,W,N,M,,R,N,ST,Highway/Road/Alley/Street/Sidewalk,Street & Sidewalk,Firearm,,C
214971123,193187388,2024-05-14,Buffalo,NY0140100,13A,H,W,H,M,33,R,N,AQ,Residence/Home,Home,Knife/Cutting Instrument,,C
214971432,193187677,2024-05-14,Buffalo,NY0140100,13A,H,W,H,M,26,R,N,SP,Residence/Home,Home,Knife/Cutting Instrument,Minor Injury,C
214963389,193180463,2024-05-15,Buffalo,NY0140100,13A,W,W,N,F,36,N,N,,Highway/Road/Alley/Street/Sidewalk,Street & Sidewalk,Knife/Cutting Instrument,Severe Laceration,C
214970073,193186416,2024-05-15,Buffalo,NY0140100,13A,B,B,N,F,23,R,Y,XS,Residence/Home,Home,Firearm,,C
214970313,193186644,2024-05-15,Buffalo,NY0140100,13A,H,W,H,F,39,R,N,ST,Highway/Road/Alley/Street/Sidewalk,Street & Sidewalk,Firearm,,C
214970314,193186644,2024-05-15,Buffalo,NY0140100,13A,B,B,U,F,15,R,N,ST,Highway/Road/Alley/Street/Sidewalk,Street & Sidewalk,Firearm,,C
225436024,202288994,2024-05-15,Buffalo,NY0140100,13A,W,W,N,F,31,R,Y,BG,Residence/Home,Home,Knife/Cutting Instrument;Personal Weapons,Minor Injury;Unconscious,C
214961444,193178619,2024-05-16,Buffalo,NY0140100,13A,W,W,N,F,22,R,N,NE,Residence/Home,Home,Other,,C
214964453,193181443,2024-05-16,Buffalo,NY0140100,13A,B,B,N,F,21,R,Y,XS,Residence/Home,Home,Firearm;Personal Weapons,,C
216816553,194791871,2024-05-16,Buffalo,NY0140100,13A,B,B,N,F,19,R,N,AQ,Residence/Home,Home,Other,Minor Injury,C
220474608,197971182,2024-05-16,Buffalo,NY0140100,13A,B,B,N,F,58,R,N,AQ,Highway/Road/Alley/Street/Sidewalk,Street & Sidewalk,Firearm,,C
214961962,193179115,2024-05-17,Buffalo,NY0140100,13A,W,W,N,F,55,N,N,,Shelter-Mission/Homeless,Shelter,Other,Minor Injury,C
214963553,193180608,2024-05-17,Buffalo,NY0140100,13A,B,B,N,M,53,R,N,,Highway/Road/Alley/Street/Sidewalk,Street & Sidewalk,Knife/Cutting Instrument,,C
214964384,193181378,2024-05-17,Buffalo,NY0140100,13A,B,B,N,F,25,R,N,ST,Restaurant,Restaurant,Knife/Cutting Instrument,,C
214965781,193182644,2024-05-17,Buffalo,NY0140100,13A,W,W,N,M,22,R,N,,Highway/Road/Alley/Street/Sidewalk,Street & Sidewalk,Knife/Cutting Instrument;Personal Weapons,Minor Injury,C
214966710,193183515,2024-05-17,Buffalo,NY0140100,13A,W,W,N,F,47,R,Y,BG,Residence/Home,Home,Personal Weapons,Other Major Injury,C
214970207,193186547,2024-05-17,Buffalo,NY0140100,13A,B,B,N,M,40,R,N,,Highway/Road/Alley/Street/Sidewalk,Street & Sidewalk,Firearm,,C
225370827,202228279,2024-05-17,Buffalo,NY0140100,13A,B,B,N,F,49,R,N,RU,Restaurant,Restaurant,Other,Minor Injury,C
214961348,193178532,2024-05-18,Buffalo,NY0140100,13A,B,B,N,F,20,R,N,FR,Residence/Home,Home,Firearm,,C
214963586,193180638,2024-05-18,Buffalo,NY0140100,13A,B,B,N,M,27,R,N,ST,Highway/Road/Alley/Street/Sidewalk,Street & Sidewalk,Firearm,,C
214965194,193182105,2024-05-18,Buffalo,NY0140100,13A,W,W,N,F,43,R,N,NE,Residence/Home,Home,Blunt Object;Personal Weapons,Minor Injury,C
225536116,202383346,2024-05-18,Buffalo,NY0140100,13A,W,W,N,F,23,R,Y,XS,Highway/Road/Alley/Street/Sidewalk,Street & Sidewalk,Personal Weapons,,C
214962016,193179167,2024-05-19,Buffalo,NY0140100,13A,U,U,N,M,35,R,N,,Residence/Home,Home,Unknown,,C
214963674,193180721,2024-05-19,Buffalo,NY0140100,13A,B,B,U,M,,R,N,OK,Highway/Road/Alley/Street/Sidewalk,Street & Sidewalk,Other,Minor Injury,C
214964514,193181489,2024-05-19,Buffalo,NY0140100,13A,B,B,N,F,17,R,Y,XS,Residence/Home,Home,Knife/Cutting Instrument,Minor Injury,C
214965030,193181958,2024-05-19,Buffalo,NY0140100,13A,W,W,N,M,,N,N,OK,Park/Playground,Park & Playground,Other,,C
214970117,193186460,2024-05-20,Buffalo,NY0140100,13A,B,B,N,F,55,R,Y,BG,Residence/Home,Home,Knife/Cutting Instrument,,C
214970862,193187147,2024-05-20,Buffalo,NY0140100,13A,W,W,N,M,42,R,N,,Parking/Drop Lot/Garage,Parking Lot,Firearm,,C
214964575,193181547,2024-05-21,Buffalo,NY0140100,13A,H,U,H,M,42,R,N,,Highway/Road/Alley/Street/Sidewalk,Street & Sidewalk,Firearm,Other Major Injury,C
214965814,193182673,2024-05-21,Buffalo,NY0140100,13A,B,B,N,M,26,R,N,AQ,Highway/Road/Alley/Street/Sidewalk,Street & Sidewalk,Firearm,,C
214966632,193183442,2024-05-21,Buffalo,NY0140100,13A,B,B,U,M,43,N,N,,Highway/Road/Alley/Street/Sidewalk,Street & Sidewalk,Firearm,Other Major Injury,C
214962149,193179287,2024-05-22,Buffalo,NY0140100,13A,B,B,N,M,41,R,Y,XS,Residence/Home,Home,Knife/Cutting Instrument,,C
214963494,193180555,2024-05-22,Buffalo,NY0140100,13A,B,B,N,M,26,R,N,,Highway/Road/Alley/Street/Sidewalk,Street & Sidewalk,Firearm,Possible Internal Injury,C
214964291,193181294,2024-05-22,Buffalo,NY0140100,13A,B,B,N,F,15,R,N,AQ,Highway/Road/Alley/Street/Sidewalk,Street & Sidewalk,Personal Weapons,Apparent Broken Bones,C
214964292,193181294,2024-05-22,Buffalo,NY0140100,13A,B,B,N,M,11,R,N,AQ,Highway/Road/Alley/Street/Sidewalk,Street & Sidewalk,Personal Weapons,,C
214971248,193187506,2024-05-22,Buffalo,NY0140100,13A,W,W,N,F,24,R,N,,Highway/Road/Alley/Street/Sidewalk,Street & Sidewalk,Knife/Cutting Instrument,Minor Injury,C
232388302,208369247,2024-05-22,Buffalo,NY0140100,13A,B,B,N,F,38,R,N,AQ,Residence/Home,Home,Knife/Cutting Instrument,,C
214962358,193179487,2024-05-23,Buffalo,NY0140100,13A,B,B,N,F,25,R,Y,BG,Residence/Home,Home,Personal Weapons,Minor Injury;Unconscious,C
214966680,193183489,2024-05-23,Buffalo,NY0140100,13A,B,B,N,M,18,R,N,,Parking/Drop Lot/Garage,Parking Lot,Knife/Cutting Instrument;Personal Weapons,Possible Internal Injury;Severe Laceration,C
214966701,193183506,2024-05-23,Buffalo,NY0140100,13A,B,B,N,M,18,R,N,,Highway/Road/Alley/Street/Sidewalk,Street & Sidewalk,Firearm,Other Major Injury;Possible Internal Injury;Severe Laceration,C
214970149,193186491,2024-05-23,Buffalo,NY0140100,13A,H,W,H,M,47,R,N,PA,Residence/Home,Home,Knife/Cutting Instrument,Minor Injury,C
214970435,193186757,2024-05-23,Buffalo,NY0140100,13A,W,W,U,M,70,R,Y,XS,Residence/Home,Home,Knife/Cutting Instrument,,C
214971391,193187641,2024-05-23,Buffalo,NY0140100,13A,B,B,U,F,14,R,N,ST,Parking/Drop Lot/Garage,Parking Lot,Other,Minor Injury,C
214971392,193187641,2024-05-23,Buffalo,NY0140100,13A,B,B,U,F,51,R,N,ST,Parking/Drop Lot/Garage,Parking Lot,Other,,C
219859557,197432024,2024-05-23,Buffalo,NY0140100,13A,B,B,U,F,48,R,Y,BG,Residence/Home,Home,Personal Weapons,,C
225510240,202358970,2024-05-23,Buffalo,NY0140100,13A,B,B,N,M,70,R,N,RU,Residence/Home,Home,Personal Weapons,Other Major Injury,C
214970857,193187143,2024-05-24,Buffalo,NY0140100,13A,B,B,N,M,20,R,N,SB,Residence/Home,Home,Shotgun,,C
219904176,197473828,2024-05-24,Buffalo,NY0140100,13A,B,B,N,M,46,N,Y,BG,Parking/Drop Lot/Garage,Parking Lot,Knife/Cutting Instrument;Personal Weapons,,C
225506475,202355421,2024-05-24,Buffalo,NY0140100,13A,W,W,N,F,29,R,Y,XS,Residence/Home,Home,Handgun,,C
227809096,204359656,2024-05-25,Buffalo,NY0140100,13A,B,B,N,F,35,R,Y,AQ;XS,Bar/Nightclub,Bar & Nightclub,Firearm;Personal Weapons,Minor Injury,C
232388354,208369293,2024-05-25,Buffalo,NY0140100,13A,B,B,N,F,28,R,N,AQ,Arena/Stadium/Fairgrounds/Coliseum,Arena & Stadium,Knife/Cutting Instrument,,C
214965741,193182607,2024-05-26,Buffalo,NY0140100,13A,B,B,N,F,24,R,N,,Highway/Road/Alley/Street/Sidewalk,Street & Sidewalk,Knife/Cutting Instrument,Severe Laceration,C
214966345,193183170,2024-05-26,Buffalo,NY0140100,13A,B,B,U,M,16,R,N,,Highway/Road/Alley/Street/Sidewalk,Street & Sidewalk,Firearm,Other Major Injury;Possible Internal Injury,C
220504828,197998961,2024-05-26,Buffalo,NY0140100,13A,B,B,N,M,66,R,N,AQ,Residence/Home,Home,Blunt Object,Minor Injury,C
220505801,197999871,2024-05-26,Buffalo,NY0140100,13A,B,B,N,F,54,R,Y,XS,Residence/Home,Home,Knife/Cutting Instrument,,C
225392637,202249056,2024-05-26,Buffalo,NY0140100,13A,B,B,N,M,12,N,N,RU,Highway/Road/Alley/Street/Sidewalk,Street & Sidewalk,Personal Weapons,Other Major Injury;Unconscious,C
225459365,202310976,2024-05-26,Buffalo,NY0140100,13A,B,B,N,F,37,R,N,AQ,Residence/Home,Home,Firearm,Minor Injury,C
214963709,193180754,2024-05-27,Buffalo,NY0140100,13A,B,B,N,M,20,R,N,AQ,Residence/Home,Home,Knife/Cutting Instrument,,C
214966692,193183498,2024-05-28,Buffalo,NY0140100,13A,B,B,N,F,67,R,N,GP,Residence/Home,Home,Knife/Cutting Instrument,Minor Injury,C
214970438,193186760,2024-05-28,Buffalo,NY0140100,13A,B,B,N,M,42,R,N,,Highway/Road/Alley/Street/Sidewalk,Street & Sidewalk,Firearm,,C
225481435,202331666,2024-05-28,Buffalo,NY0140100,13A,W,W,N,F,29,R,Y,BG,Residence/Home,Home,Other,,C
228349025,204838593,2024-05-28,Buffalo,NY0140100,13A,B,B,N,M,38,R,N,RU,Highway/Road/Alley/Street/Sidewalk,Street & Sidewalk,Knife/Cutting Instrument,Severe Laceration,C
214961229,193178419,2024-05-29,Buffalo,NY0140100,13A,B,B,N,F,19,R,N,AQ,Highway/Road/Alley/Street/Sidewalk,Street & Sidewalk,Personal Weapons,Unconscious,C
214962696,193179802,2024-05-29,Buffalo,NY0140100,13A,W,W,N,F,55,R,N,PA,Residence/Home,Home,Blunt Object;Knife/Cutting Instrument,Minor Injury,C
214962789,193179890,2024-05-29,Buffalo,NY0140100,13A,B,B,N,M,33,R,N,,Highway/Road/Alley/Street/Sidewalk,Street & Sidewalk,Knife/Cutting Instrument,Possible Internal Injury,C
214963437,193180503,2024-05-29,Buffalo,NY0140100,13A,B,B,N,F,19,R,Y,BG,Highway/Road/Alley/Street/Sidewalk,Street & Sidewalk,Firearm,Minor Injury,C
214964467,193181457,2024-05-29,Buffalo,NY0140100,13A,B,B,N,F,77,R,N,NE,Residence/Home,Home,Knife/Cutting Instrument,,C
214964468,193181457,2024-05-29,Buffalo,NY0140100,13A,B,B,N,M,48,R,N,NE,Residence/Home,Home,Knife/Cutting Instrument,,C
214966463,193183283,2024-05-29,Buffalo,NY0140100,13A,W,W,N,M,42,R,N,AQ,Parking/Drop Lot/Garage,Parking Lot,Knife/Cutting Instrument,,C
214966635,193183445,2024-05-29,Buffalo,NY0140100,13A,B,B,N,F,19,N,Y,XS,Residence/Home,Home,Personal Weapons,Minor Injury,C
214987050,193201459,2024-05-29,Buffalo,NY0140100,13A,W,W,N,M,45,R,N,AQ,Residence/Home,Home,Other,Minor Injury,C
225389125,202245741,2024-05-29,Buffalo,NY0140100,13A,W,W,N,F,29,R,Y,XS,Residence/Home,Home,Other,,C
214971079,193187349,2024-05-30,Buffalo,NY0140100,13A,B,B,N,M,27,R,N,SB,Residence/Home,Home,Knife/Cutting Instrument,Minor Injury,C
225455296,202307182,2024-05-30,Buffalo,NY0140100,13A,H,W,H,F,16,R,N,RU,Parking/Drop Lot/Garage,Parking Lot,Blunt Object,Minor Injury,C
214970246,193186584,2024-05-31,Buffalo,NY0140100,13A,B,B,N,F,27,R,Y,BG,Residence/Home,Home,Knife/Cutting Instrument;Personal Weapons,Minor Injury,C
216892450,194858366,2024-05-31,Buffalo,NY0140100,13A,H,W,H,M,31,R,N,ST,Parking/Drop Lot/Garage,Parking Lot,Firearm,,C
216892451,194858366,2024-05-31,Buffalo,NY0140100,13A,B,B,N,M,23,R,N,ST,Parking/Drop Lot/Garage,Parking Lot,Firearm,,C
216798391,194774715,2024-06-01,Buffalo,NY0140100,13A,B,B,N,F,26,R,Y,XS,Residence/Home,Home,Firearm,,C
216803514,194779565,2024-06-01,Buffalo,NY0140100,13A,W,W,N,F,31,R,N,RU,Gambling Facility/Casino/Race Track,Casino & Race Track,Knife/Cutting Instrument,,C
216813886,194789386,2024-06-01,Buffalo,NY0140100,13A,B,B,N,M,,R,N,ST,Highway/Road/Alley/Street/Sidewalk,Street & Sidewalk,Handgun,,C
219856467,197429148,2024-06-01,Buffalo,NY0140100,13A,B,B,U,M,21,N,N,ST,Highway/Road/Alley/Street/Sidewalk,Street & Sidewalk,Firearm,Other Major Injury;Possible Internal Injury;Severe Laceration,C
219856468,197429148,2024-06-01,Buffalo,NY0140100,13A,B,B,N,M,22,R,N,ST,Highway/Road/Alley/Street/Sidewalk,Street & Sidewalk,Firearm,Other Major Injury;Possible Internal Injury;Severe Laceration,C
219856470,197429148,2024-06-01,Buffalo,NY0140100,13A,U,U,U,M,21,N,N,ST,Highway/Road/Alley/Street/Sidewalk,Street & Sidewalk,Firearm,Other Major Injury;Possible Internal Injury;Severe Laceration,C
220504719,197998860,2024-06-01,Buffalo,NY0140100,13A,H,W,H,F,33,R,Y,SE,Residence/Home,Home,Personal Weapons,Minor Injury,C
225461691,202313094,2024-06-01,Buffalo,NY0140100,13A,W,W,N,F,25,N,Y,XS,Highway/Road/Alley/Street/Sidewalk,Street & Sidewalk,Knife/Cutting Instrument;Personal Weapons,Minor Injury,C
225510353,202359079,2024-06-01,Buffalo,NY0140100,13A,W,W,N,M,26,R,N,RU,Convenience Store,Convenience Store,Knife/Cutting Instrument,,C
226353559,203095506,2024-06-01,Buffalo,NY0140100,13A,B,B,N,M,29,R,N,RU,Park/Playground,Park & Playground,Knife/Cutting Instrument,Other Major Injury,C
227903265,204446669,2024-06-01,Buffalo,NY0140100,13A,B,B,U,F,62,R,Y,SE,Residence/Home,Home,Knife/Cutting Instrument,Minor Injury,C
216808818,194784595,2024-06-02,Buffalo,NY0140100,13A,W,W,U,F,46,N,N,RU,Residence/Home,Home,Blunt Object,Minor Injury,C
216808842,194784617,2024-06-02,Buffalo,NY0140100,13A,W,W,U,F,37,R,N,PA,Residence/Home,Home,Knife/Cutting Instrument,Minor Injury,C
216808843,194784617,2024-06-02,Buffalo,NY0140100,13A,B,B,N,M,47,R,N,PA,Residence/Home,Home,Knife/Cutting Instrument,,C
216813856,194789357,2024-06-02,Buffalo,NY0140100,13A,B,B,N,F,25,R,Y,XS,Residence/Home,Home,Knife/Cutting Instrument,Minor Injury,C
216829523,194804086,2024-06-02,Buffalo,NY0140100,13A,B,B,N,F,24,R,Y,BG,Residence/Home,Home,Personal Weapons,Minor Injury,C
225433376,202286512,2024-06-02,Buffalo,NY0140100,13A,B,B,N,F,38,R,N,RU,Residence/Home,Home,Firearm,,C
225482545,202332730,2024-06-02,Buffalo,NY0140100,13A,W,W,N,F,32,N,N,RU,Highway/Road/Alley/Street/Sidewalk,Street & Sidewalk,Personal Weapons,Minor Injury,C
225533682,202381095,2024-06-02,Buffalo,NY0140100,13A,W,W,U,M,59,R,N,RU,Restaurant,Restaurant,Other,,C
216808347,194784144,2024-06-03,Buffalo,NY0140100,13A,W,W,N,M,62,R,N,OF,Residence/Home,Home,Knife/Cutting Instrument,Minor Injury,C
216824223,194799074,2024-06-03,Buffalo,NY0140100,13A,W,W,N,M,54,R,N,ST,Other/Unknown,Other & Unknown,Firearm,,C
216808513,194784302,2024-06-04,Buffalo,NY0140100,13A,W,W,N,F,67,R,N,PA,Residence/Home,Home,Personal Weapons,Possible Internal Injury,C
225445395,202297791,2024-06-04,Buffalo,NY0140100,13A,B,B,N,F,17,R,Y,BG,Residence/Home,Home,Firearm,Minor Injury,C
227823869,204373313,2024-06-04,Buffalo,NY0140100,13A,W,W,N,M,40,R,N,RU,Convenience Store,Convenience Store,Knife/Cutting Instrument,,C
225481454,202331685,2024-06-05,Buffalo,NY0140100,13A,W,W,N,M,43,N,N,ST,Other/Unknown,Other & Unknown,Shotgun,,C
216893337,194859186,2024-06-06,Buffalo,NY0140100,13A,W,W,N,F,31,R,Y,XS,Highway/Road/Alley/Street/Sidewalk,Street & Sidewalk,Knife/Cutting Instrument,,C
220498401,197993182,2024-06-06,Buffalo,NY0140100,13A,B,B,N,M,28,R,N,RU,Residence/Home,Home,Firearm,,C
216793335,194769925,2024-06-07,Buffalo,NY0140100,13A,W,W,N,M,73,N,N,ST,Church/Synagogue/Temple/Mosque,Religious Building,Personal Weapons,Minor Injury,C
216803389,194779447,2024-06-07,Buffalo,NY0140100,13A,B,B,N,F,35,R,Y,XS,Residence/Home,Home,Firearm,,C
216819197,194794363,2024-06-07,Buffalo,NY0140100,13A,U,U,U,F,46,N,N,RU,Highway/Road/Alley/Street/Sidewalk,Street & Sidewalk,Firearm,,C
225373975,202231298,2024-06-07,Buffalo,NY0140100,13A,W,W,N,M,53,R,N,RU,Highway/Road/Alley/Street/Sidewalk,Street & Sidewalk,Blunt Object,Minor Injury;Possible Internal Injury,C
216824349,194799193,2024-06-08,Buffalo,NY0140100,13A,H,W,H,F,24,R,Y,XS,Highway/Road/Alley/Street/Sidewalk,Street & Sidewalk,Blunt Object,Minor Injury,C
216894583,194860209,2024-06-08,Buffalo,NY0140100,13A,B,B,N,F,37,R,Y,BG,Residence/Home,Home,Other,Minor Injury,C
220499396,197994119,2024-06-08,Buffalo,NY0140100,13A,W,W,N,F,65,R,N,PA,Residence/Home,Home,Blunt Object,,C
225554866,202401040,2024-06-08,Buffalo,NY0140100,13A,B,B,N,M,41,R,N,RU,Highway/Road/Alley/Street/Sidewalk,Street & Sidewalk,Firearm,Other Major Injury,C
225529566,202377193,2024-06-09,Buffalo,NY0140100,13A,B,B,N,M,38,R,N,RU,Highway/Road/Alley/Street/Sidewalk,Street & Sidewalk,Handgun;Personal Weapons,Minor Injury,C
225552707,202399012,2024-06-09,Buffalo,NY0140100,13A,B,B,N,M,27,N,N,RU,Highway/Road/Alley/Street/Sidewalk,Street & Sidewalk,Firearm;Handgun,Other Major Injury;Possible Internal Injury;Severe Laceration,C
228380720,204868791,2024-06-09,Buffalo,NY0140100,13A,B,B,N,F,,R,N,AQ;ST,Residence/Home,Home,Personal Weapons,Minor Injury,C
216798200,194774530,2024-06-10,Buffalo,NY0140100,13A,B,B,N,M,23,R,Y,XS,Highway/Road/Alley/Street/Sidewalk,Street & Sidewalk,Blunt Object,,C
216803186,194779257,2024-06-11,Buffalo,NY0140100,13A,W,W,N,M,18,R,N,AQ,Restaurant,Restaurant,Knife/Cutting Instrument,,C
216813685,194789207,2024-06-11,Buffalo,NY0140100,13A,B,B,N,F,15,R,N,OF,Residence/Home,Home,Handgun,,C
216813686,194789208,2024-06-11,Buffalo,NY0140100,13A,B,B,N,F,32,R,Y,XS,Highway/Road/Alley/Street/Sidewalk,Street & Sidewalk,Blunt Object,Severe Laceration,C
216829720,194804271,2024-06-11,Buffalo,NY0140100,13A,B,B,N,F,29,R,Y,XS,Residence/Home,Home,Other,,C
216829721,194804272,2024-06-11,Buffalo,NY0140100,13A,A,A,N,F,41,R,Y,SE,Residence/Home,Home,Knife/Cutting Instrument;Personal Weapons,Minor Injury,C
216808400,194784195,2024-06-12,Buffalo,NY0140100,13A,B,B,N,M,24,R,N,ST,Convenience Store,Convenience Store,Knife/Cutting Instrument;Personal Weapons,Severe Laceration,C
216808459,194784252,2024-06-12,Buffalo,NY0140100,13A,B,B,N,M,22,R,N,SB,Residence/Home,Home,Blunt Object;Other,Minor Injury,C
225452002,202304090,2024-06-12,Buffalo,NY0140100,13A,W,W,N,M,62,R,N,RU,Highway/Road/Alley/Street/Sidewalk,Street & Sidewalk,Knife/Cutting Instrument,,C
225577192,202422199,2024-06-12,Buffalo,NY0140100,13A,U,U,U,M,70,R,N,RU,Highway/Road/Alley/Street/Sidewalk,Street & Sidewalk,Firearm,Other Major Injury,C
227878762,204423459,2024-06-12,Buffalo,NY0140100,13A,W,W,N,F,47,N,N,AQ,Highway/Road/Alley/Street/Sidewalk,Street & Sidewalk,Knife/Cutting Instrument,Other Major Injury,C
216813608,194789133,2024-06-13,Buffalo,NY0140100,13A,B,B,N,M,31,R,Y,XS,Highway/Road/Alley/Street/Sidewalk,Street & Sidewalk,Knife/Cutting Instrument,Minor Injury,C
225441418,202293974,2024-06-13,Buffalo,NY0140100,13A,W,W,N,M,35,R,N,NE,Highway/Road/Alley/Street/Sidewalk,Street & Sidewalk,Knife/Cutting Instrument,Severe Laceration,C
225502499,202351624,2024-06-13,Buffalo,NY0140100,13A,B,B,U,M,21,R,N,RU,Highway/Road/Alley/Street/Sidewalk,Street & Sidewalk,Firearm,Severe Laceration,C
225543365,202390122,2024-06-13,Buffalo,NY0140100,13A,W,W,N,M,35,R,N,ST,Residence/Home,Home,Personal Weapons,,C
216803412,194779468,2024-06-14,Buffalo,NY0140100,13A,H,W,H,M,41,R,N,AQ,Highway/Road/Alley/Street/Sidewalk,Street & Sidewalk,Knife/Cutting Instrument,,C
216803488,194779541,2024-06-14,Buffalo,NY0140100,13A,W,W,N,F,37,R,N,FR,Residence/Home,Home,Firearm,,C
216813820,194789325,2024-06-14,Buffalo,NY0140100,13A,H,W,H,F,51,R,N,PA,Residence/Home,Home,Rifle,,C
216813821,194789325,2024-06-14,Buffalo,NY0140100,13A,U,U,U,F,33,R,N,OF,Residence/Home,Home,Rifle,,C
216819188,194794355,2024-06-14,Buffalo,NY0140100,13A,B,B,N,F,23,R,N,AQ,Convenience Store,Convenience Store,Knife/Cutting Instrument,Minor Injury,C
219866021,197438112,2024-06-14,Buffalo,NY0140100,13A,W,W,N,F,18,N,Y,XS,Parking/Drop Lot/Garage,Parking Lot,Personal Weapons,Minor Injury,C
225421233,202274958,2024-06-14,Buffalo,NY0140100,13A,B,B,N,M,56,R,N,NE,Residence/Home,Home,Other,,C
225489869,202339585,2024-06-14,Buffalo,NY0140100,13A,H,W,H,F,26,R,N,RU;ST,Drug Store/Doctor's Office/Hospital,Hospital & Clinic,Knife/Cutting Instrument,,C
225536064,202383299,2024-06-14,Buffalo,NY0140100,13A,B,B,N,M,57,R,N,RU,Highway/Road/Alley/Street/Sidewalk,Street & Sidewalk,Personal Weapons,Loss of Teeth;Other Major Injury;Severe Laceration,C
227823995,204373436,2024-06-14,Buffalo,NY0140100,13A,W,W,N,F,,R,N,RU,Residence/Home,Home,Knife/Cutting Instrument,,C
216818813,194794001,2024-06-15,Buffalo,NY0140100,13A,W,W,N,F,38,R,N,FR,Residence/Home,Home,Handgun;Personal Weapons,Apparent Broken Bones;Other Major Injury,C
216818840,194794028,2024-06-15,Buffalo,NY0140100,13A,B,B,N,M,31,R,N,AQ,Highway/Road/Alley/Street/Sidewalk,Street & Sidewalk,Firearm,Possible Internal Injury;Severe Laceration,C
216829624,194804181,2024-06-15,Buffalo,NY0140100,13A,W,W,N,F,56,R,N,NE,Residence/Home,Home,Blunt Object,Minor Injury,C
220496547,197991449,2024-06-15,Buffalo,NY0140100,13A,B,B,U,M,15,R,N,RU,Highway/Road/Alley/Street/Sidewalk,Street & Sidewalk,Firearm,Possible Internal Injury,C
225489940,202339650,2024-06-15,Buffalo,NY0140100,13A,W,W,N,F,45,R,Y,XS,Residence/Home,Home,Personal Weapons,,C
225491392,202341033,2024-06-15,Buffalo,NY0140100,13A,B,B,N,M,56,R,N,RU,Highway/Road/Alley/Street/Sidewalk,Street & Sidewalk,Firearm,Unconscious,C
225570848,202416214,2024-06-15,Buffalo,NY0140100,13A,B,B,U,F,27,R,Y,XS,Residence/Home,Home,Shotgun,,C
227812006,204362357,2024-06-15,Buffalo,NY0140100,13A,W,W,N,M,29,R,N,RU,Highway/Road/Alley/Street/Sidewalk,Street & Sidewalk,Knife/Cutting Instrument;Personal Weapons,Minor Injury,C
216803418,194779474,2024-06-16,Buffalo,NY0140100,13A,B,B,N,F,21,R,N,SB,Residence/Home,Home,Personal Weapons,Minor Injury,C
216819070,194794244,2024-06-16,Buffalo,NY0140100,13A,B,B,N,F,32,R,Y,BG,Residence/Home,Home,Firearm,,C
216824255,194799105,2024-06-16,Buffalo,NY0140100,13A,W,W,N,M,23,R,N,AQ,Residence/Home,Home,Handgun,,C
216829883,194804425,2024-06-16,Buffalo,NY0140100,13A,H,W,H,M,25,R,Y,XS,Residence/Home,Home,Knife/Cutting Instrument,Minor Injury,C
219901015,197470867,2024-06-16,Buffalo,NY0140100,13A,H,W,H,M,67,R,N,OK,Residence/Home,Home,Knife/Cutting Instrument,Possible Internal Injury;Severe Laceration,C
225491283,202340932,2024-06-16,Buffalo,NY0140100,13A,B,B,N,M,24,R,N,RU,Highway/Road/Alley/Street/Sidewalk,Street & Sidewalk,Firearm,Possible Internal Injury,C
216793293,194769885,2024-06-17,Buffalo,NY0140100,13A,B,B,N,M,60,R,N,SB,Residence/Home,Home,Knife/Cutting Instrument,,C
216808524,194784313,2024-06-17,Buffalo,NY0140100,13A,H,W,H,F,44,R,N,ST,Restaurant,Restaurant,Knife/Cutting Instrument;Personal Weapons,,C
216818966,194794147,2024-06-17,Buffalo,NY0140100,13A,B,B,N,F,37,R,N,ST,Highway/Road/Alley/Street/Sidewalk,Street & Sidewalk,Blunt Object,,C
216819192,194794358,2024-06-17,Buffalo,NY0140100,13A,B,B,N,F,38,R,N,PA,Residence/Home,Home,Knife/Cutting Instrument,,C
216824346,194799190,2024-06-17,Buffalo,NY0140100,13A,B,B,N,M,,N,N,SB,Parking/Drop Lot/Garage,Parking Lot,Blunt Object,Minor Injury,C
216824566,194799394,2024-06-17,Buffalo,NY0140100,13A,B,B,N,F,56,R,Y,XS,Residence/Home,Home,Knife/Cutting Instrument,Severe Laceration,C
225374330,202231638,2024-06-17,Buffalo,NY0140100,13A,B,B,N,M,44,R,N,RU,Highway/Road/Alley/Street/Sidewalk,Street & Sidewalk,Handgun,Other Major Injury;Possible Internal Injury;Unconscious,C
225416495,202270406,2024-06-17,Buffalo,NY0140100,13A,U,U,U,F,21,R,N,RU,Highway/Road/Alley/Street/Sidewalk,Street & Sidewalk,Knife/Cutting Instrument,Severe Laceration,C
232388156,208369110,2024-06-17,Buffalo,NY0140100,13A,B,B,N,M,27,R,N,AQ,Highway/Road/Alley/Street/Sidewalk,Street & Sidewalk,Blunt Object,Minor Injury,C
232388157,208369110,2024-06-17,Buffalo,NY0140100,13A,B,B,N,M,8,R,N,AQ;ST,Highway/Road/Alley/Street/Sidewalk,Street & Sidewalk,Blunt Object,Minor Injury,C
216819001,194794177,2024-06-18,Buffalo,NY0140100,13A,W,W,N,M,63,R,N,OK,Residence/Home,Home,Other,Minor Injury,C
216793057,194769672,2024-06-19,Buffalo,NY0140100,13A,W,W,N,F,48,R,Y,XS,Residence/Home,Home,Firearm,Minor Injury,C
216824130,194798987,2024-06-19,Buffalo,NY0140100,13A,B,B,N,F,22,R,N,ST,Residence/Home,Home,Knife/Cutting Instrument,,C
219901372,197471208,2024-06-19,Buffalo,NY0140100,13A,B,B,N,F,,R,N,ST,Highway/Road/Alley/Street/Sidewalk,Street & Sidewalk,Firearm,,C
225530984,202378544,2024-06-19,Buffalo,NY0140100,13A,B,B,N,M,54,N,N,RU,Highway/Road/Alley/Street/Sidewalk,Street & Sidewalk,Firearm,Severe Laceration,C
231068560,207217544,2024-06-19,Buffalo,NY0140100,13A,U,U,U,M,31,R,N,ST,Highway/Road/Alley/Street/Sidewalk,Street & Sidewalk,Blunt Object,Possible Internal Injury;Severe Laceration,C
225505326,202354334,2024-06-20,Buffalo,NY0140100,13A,U,U,N,M,,R,N,RU,Convenience Store,Convenience Store,Firearm,,C
225579828,202424720,2024-06-20,Buffalo,NY0140100,13A,B,B,N,F,34,R,Y,AQ;XS,Residence/Home,Home,Other,Minor Injury,C
228372760,204861206,2024-06-20,Buffalo,NY0140100,13A,B,B,N,M,26,R,Y,XS,Residence/Home,Home,Personal Weapons,Minor Injury;Unconscious,C
216798263,194774593,2024-06-21,Buffalo,NY0140100,13A,B,B,N,F,23,R,N,AQ,Highway/Road/Alley/Street/Sidewalk,Street & Sidewalk,Knife/Cutting Instrument,,C
216803510,194779561,2024-06-21,Buffalo,NY0140100,13A,B,B,N,F,31,R,N,AQ,Residence/Home,Home,Other,Minor Injury,C
225491529,202341164,2024-06-21,Buffalo,NY0140100,13A,B,B,N,F,26,R,N,RU,Highway/Road/Alley/Street/Sidewalk,Street & Sidewalk,Personal Weapons,Minor Injury;Possible Internal Injury,C
216892988,194858863,2024-06-22,Buffalo,NY0140100,13A,B,B,N,F,35,R,N,ST,Jail/Prison/Penitentiary/Corrections Facility,Jail & Prison,Firearm,,C
216892990,194858863,2024-06-22,Buffalo,NY0140100,13A,B,B,U,F,13,R,N,ST,Jail/Prison/Penitentiary/Corrections Facility,Jail & Prison,Firearm,,C
216892991,194858863,2024-06-22,Buffalo,NY0140100,13A,B,B,N,F,53,R,N,ST,Jail/Prison/Penitentiary/Corrections Facility,Jail & Prison,Firearm,Possible Internal Injury,C
219894598,197464878,2024-06-22,Buffalo,NY0140100,13A,W,W,N,M,17,R,N,AQ,Residence/Home,Home,Knife/Cutting Instrument,Minor Injury,C
219894599,197464878,2024-06-22,Buffalo,NY0140100,13A,W,W,N,M,18,R,N,AQ,Residence/Home,Home,Knife/Cutting Instrument,Severe Laceration,C
219894600,197464878,2024-06-22,Buffalo,NY0140100,13A,B,B,U,M,19,R,N,AQ,Residence/Home,Home,Knife/Cutting Instrument,Minor Injury,C
225556257,202402356,2024-06-22,Buffalo,NY0140100,13A,B,B,N,F,35,R,Y,BG,Residence/Home,Home,Knife/Cutting Instrument,Minor Injury,C
216797905,194774251,2024-06-23,Buffalo,NY0140100,13A,H,W,H,M,30,R,N,OF,Residence/Home,Home,Personal Weapons,Apparent Broken Bones;Loss of Teeth;Possible Internal Injury;Severe Laceration,C
216798172,194774502,2024-06-23,Buffalo,NY0140100,13A,W,W,N,F,29,R,Y,XS,Residence/Home,Home,Firearm,,C
216803594,194779641,2024-06-23,Buffalo,NY0140100,13A,B,B,N,F,19,R,N,AQ,Residence/Home,Home,Firearm,,C
216829510,194804074,2024-06-23,Buffalo,NY0140100,13A,H,W,H,M,34,R,N,NE,Highway/Road/Alley/Street/Sidewalk,Street & Sidewalk,Knife/Cutting Instrument,,C
216829882,194804424,2024-06-23,Buffalo,NY0140100,13A,B,B,N,F,23,R,Y,XS,Residence/Home,Home,Rifle,,C
225421057,202274789,2024-06-23,Buffalo,NY0140100,13A,B,B,N,M,45,R,Y,SE,Residence/Home,Home,Knife/Cutting Instrument,Minor Injury,C
225445341,202297741,2024-06-23,Buffalo,NY0140100,13A,B,B,N,M,35,R,Y,RU;XS,Highway/Road/Alley/Street/Sidewalk,Street & Sidewalk,Motor Vehicle/Vessel,Apparent Broken Bones,C
227823998,204373439,2024-06-23,Buffalo,NY0140100,13A,B,B,N,M,53,R,N,RU,Highway/Road/Alley/Street/Sidewalk,Street & Sidewalk,Knife/Cutting Instrument;Personal Weapons,Minor Injury,C
227828030,204377131,2024-06-23,Buffalo,NY0140100,13A,B,B,N,F,24,R,N,RU,Residence/Home,Home,Personal Weapons,Minor Injury;Unconscious,C
231037243,207187988,2024-06-23,Buffalo,NY0140100,13A,B,B,U,F,35,R,N,NE,Residence/Home,Home,Other,Minor Injury,C
231037244,207187988,2024-06-23,Buffalo,NY0140100,13A,B,B,U,F,10,R,N,NE,Residence/Home,Home,Other,Minor Injury,C
231037245,207187988,2024-06-23,Buffalo,NY0140100,13A,U,U,N,F,11,R,N,NE,Residence/Home,Home,Other,,C
225539058,202386050,2024-06-24,Buffalo,NY0140100,13A,B,B,N,F,26,R,N,RU,Specialty Store,Specialty Store,Knife/Cutting Instrument,Minor Injury,C
216808572,194784359,2024-06-25,Buffalo,NY0140100,13A,W,W,N,F,41,R,Y,XS,Residence/Home,Home,Firearm,Minor Injury,C
216813793,194789301,2024-06-25,Buffalo,NY0140100,13A,B,B,N,F,28,R,Y,XS,Residence/Home,Home,Firearm,,C
216797979,194774323,2024-06-26,Buffalo,NY0140100,13A,B,B,N,F,32,R,N,RU,Residence/Home,Home,Handgun,,C
216814036,194789526,2024-06-26,Buffalo,NY0140100,13A,B,B,N,F,64,R,N,AQ,Highway/Road/Alley/Street/Sidewalk,Street & Sidewalk,Other,Minor Injury,C
216819105,194794276,2024-06-26,Buffalo,NY0140100,13A,W,W,N,F,17,N,Y,XS,Parking/Drop Lot/Garage,Parking Lot,Other,Minor Injury,C
216824693,194799510,2024-06-26,Buffalo,NY0140100,13A,B,B,N,F,37,R,Y,XS,Residence/Home,Home,Personal Weapons,Minor Injury,C
216829626,194804183,2024-06-26,Buffalo,NY0140100,13A,B,B,N,F,36,R,Y,BG,Residence/Home,Home,Knife/Cutting Instrument,Minor Injury,C
216830080,194804612,2024-06-26,Buffalo,NY0140100,13A,H,W,H,M,21,R,N,ST,Restaurant,Restaurant,Knife/Cutting Instrument,,C
225476894,202327382,2024-06-26,Buffalo,NY0140100,13A,B,B,N,M,33,R,N,RU,Highway/Road/Alley/Street/Sidewalk,Street & Sidewalk,Firearm,Other Major Injury,C
216793062,194769677,2024-06-27,Buffalo,NY0140100,13A,W,W,N,F,47,R,N,AQ,Residence/Home,Home,Knife/Cutting Instrument,,C
216798021,194774360,2024-06-27,Buffalo,NY0140100,13A,W,W,N,F,41,R,N,AQ,Residence/Home,Home,Firearm,Minor Injury,C
216818780,194793969,2024-06-27,Buffalo,NY0140100,13A,B,B,N,F,33,R,N,ST,Highway/Road/Alley/Street/Sidewalk,Street & Sidewalk,Firearm;Other,,C
216818817,194794005,2024-06-27,Buffalo,NY0140100,13A,H,W,H,F,34,R,N,ST,Parking/Drop Lot/Garage,Parking Lot,Firearm,,C
216829680,194804234,2024-06-27,Buffalo,NY0140100,13A,B,B,N,F,41,R,N,AQ,Highway/Road/Alley/Street/Sidewalk,Street & Sidewalk,Firearm,,C
219887969,197458666,2024-06-27,Buffalo,NY0140100,13A,B,B,N,M,47,R,N,NE,Residence/Home,Home,Knife/Cutting Instrument;Personal Weapons,Minor Injury,C
225528637,202376306,2024-06-27,Buffalo,NY0140100,13A,W,W,N,M,67,R,N,RU,Highway/Road/Alley/Street/Sidewalk,Street & Sidewalk,Blunt Object,Possible Internal Injury,C
225497802,202347146,2024-06-28,Buffalo,NY0140100,13A,B,B,N,F,29,R,Y,BG,Residence/Home,Home,Firearm,,C
228319833,204811234,2024-06-28,Buffalo,NY0140100,13A,W,W,N,M,24,N,N,RU,Highway/Road/Alley/Street/Sidewalk,Street & Sidewalk,Other,Severe Laceration;Unconscious,C
216803460,194779515,2024-06-29,Buffalo,NY0140100,13A,B,B,N,M,29,R,N,ST,Highway/Road/Alley/Street/Sidewalk,Street & Sidewalk,Knife/Cutting Instrument,Severe Laceration,C
216808735,194784514,2024-06-29,Buffalo,NY0140100,13A,H,W,H,F,40,R,Y,BG,Residence/Home,Home,Personal Weapons,Minor Injury;Unconscious,C
225478252,202328672,2024-06-29,Buffalo,NY0140100,13A,W,W,N,M,50,R,N,RU,Parking/Drop Lot/Garage,Parking Lot,Motor Vehicle/Vessel,Minor Injury,C
216803595,194779642,2024-06-30,Buffalo,NY0140100,13A,B,B,N,F,21,N,Y,XS,Residence/Home,Home,Firearm,Minor Injury,C
216891808,194857793,2024-06-30,Buffalo,NY0140100,13A,W,W,N,F,62,R,Y,BG,Residence/Home,Home,Blunt Object;Personal Weapons,Minor Injury,C
225548827,202395347,2024-06-30,Buffalo,NY0140100,13A,B,B,N,F,40,R,N,AQ,Specialty Store,Specialty Store,Firearm,,C
232386807,208367861,2024-06-30,Buffalo,NY0140100,13A,B,B,N,M,38,N,N,FR,Residence/Home,Home,Knife/Cutting Instrument,Severe Laceration,C
232386878,208367928,2024-06-30,Buffalo,NY0140100,13A,B,B,N,F,21,N,N,AQ,Residence/Home,Home,Firearm,,C
219896415,197466560,2024-07-01,Buffalo,NY0140100,13A,B,B,N,F,47,R,Y,SE,Highway/Road/Alley/Street/Sidewalk,Street & Sidewalk,Blunt Object,,C
231036436,207187242,2024-07-01,Buffalo,NY0140100,13A,B,B,N,F,61,R,N,AQ,Parking/Drop Lot/Garage,Parking Lot,Blunt Object;Personal Weapons,Severe Laceration,C
219857879,197430471,2024-07-02,Buffalo,NY0140100,13A,B,B,N,F,60,R,N,NE,Residence/Home,Home,Personal Weapons,Minor Injury,C
219901931,197471726,2024-07-02,Buffalo,NY0140100,13A,H,B,H,M,61,R,Y,XS,Residence/Home,Home,Knife/Cutting Instrument,Severe Laceration,C
225548059,202394609,2024-07-02,Buffalo,NY0140100,13A,B,B,N,F,32,R,N,RU,Highway/Road/Alley/Street/Sidewalk,Street & Sidewalk,Firearm,,C
219863763,197435978,2024-07-03,Buffalo,NY0140100,13A,B,B,N,F,36,R,Y,XS,Residence/Home,Home,Personal Weapons,,C
219864185,197436383,2024-07-03,Buffalo,NY0140100,13A,B,B,N,M,,R,Y,XS,Highway/Road/Alley/Street/Sidewalk,Street & Sidewalk,Knife/Cutting Instrument,Possible Internal Injury;Severe Laceration,C
219882684,197453687,2024-07-03,Buffalo,NY0140100,13A,B,B,N,F,,R,N,RU,Highway/Road/Alley/Street/Sidewalk,Street & Sidewalk,Firearm,,C
219882685,197453687,2024-07-03,Buffalo,NY0140100,13A,B,B,N,M,,R,N,RU,Highway/Road/Alley/Street/Sidewalk,Street & Sidewalk,Firearm,,C
219888984,197459627,2024-07-03,Buffalo,NY0140100,13A,B,B,N,M,,R,Y,XS,Residence/Home,Home,Knife/Cutting Instrument,Possible Internal Injury;Severe Laceration,C
219857376,197429993,2024-07-04,Buffalo,NY0140100,13A,B,B,N,F,34,R,Y,XS,Residence/Home,Home,Personal Weapons,Possible Internal Injury,C
219882375,197453394,2024-07-04,Buffalo,NY0140100,13A,B,B,N,M,31,R,N,AQ,Highway/Road/Alley/Street/Sidewalk,Street & Sidewalk,Firearm,Possible Internal Injury,C
219909428,197478618,2024-07-04,Buffalo,NY0140100,13A,W,W,N,M,55,N,Y,XS,Residence/Home,Home,Knife/Cutting Instrument,Minor Injury,C
225420984,202274718,2024-07-04,Buffalo,NY0140100,13A,H,B,H,F,22,N,N,AQ,Residence/Home,Home,Knife/Cutting Instrument,Minor Injury,C
225470809,202321680,2024-07-04,Buffalo,NY0140100,13A,W,W,N,M,,R,N,ST,Highway/Road/Alley/Street/Sidewalk,Street & Sidewalk,Knife/Cutting Instrument,Minor Injury,C
225522331,202370412,2024-07-04,Buffalo,NY0140100,13A,B,B,N,M,13,R,N,RU,Highway/Road/Alley/Street/Sidewalk,Street & Sidewalk,Personal Weapons,,C
232388973,208369807,2024-07-04,Buffalo,NY0140100,13A,H,W,H,F,23,N,N,ST,Parking/Drop Lot/Garage,Parking Lot,Firearm,,C
219863930,197436140,2024-07-05,Buffalo,NY0140100,13A,B,B,N,M,69,R,N,AQ,Highway/Road/Alley/Street/Sidewalk,Street & Sidewalk,Personal Weapons,Severe Laceration,C
219895673,197465865,2024-07-05,Buffalo,NY0140100,13A,W,W,N,M,37,R,N,OK,Highway/Road/Alley/Street/Sidewalk,Street & Sidewalk,Firearm,Minor Injury,C
219895674,197465865,2024-07-05,Buffalo,NY0140100,13A,W,W,N,F,44,R,N,OK,Highway/Road/Alley/Street/Sidewalk,Street & Sidewalk,Firearm,,C
219896424,197466569,2024-07-05,Buffalo,NY0140100,13A,B,B,N,F,37,R,Y,XS,Highway/Road/Alley/Street/Sidewalk,Street & Sidewalk,Firearm,,C
227911583,204454540,2024-07-05,Buffalo,NY0140100,13A,B,B,N,F,21,R,N,RU,Park/Playground,Park & Playground,Handgun,,C
219859497,197431974,2024-07-06,Buffalo,NY0140100,13A,W,W,N,F,44,R,Y,BG,Residence/Home,Home,Knife/Cutting Instrument,Minor Injury,C
219860246,197432677,2024-07-06,Buffalo,NY0140100,13A,W,W,N,M,59,R,N,NE,Residence/Home,Home,Other;Personal Weapons,Severe Laceration,C
219876276,197447675,2024-07-06,Buffalo,NY0140100,13A,W,W,N,M,37,R,N,AQ,Residence/Home,Home,Blunt Object,Minor Injury,C
219904878,197474487,2024-07-06,Buffalo,NY0140100,13A,B,B,N,F,25,R,Y,XS,Highway/Road/Alley/Street/Sidewalk,Street & Sidewalk,Firearm,Minor Injury,C
219909061,197478277,2024-07-06,Buffalo,NY0140100,13A,B,B,N,F,38,R,N,PA,Residence/Home,Home,Knife/Cutting Instrument,,C
225522094,202370185,2024-07-06,Buffalo,NY0140100,13A,W,W,N,F,33,R,N,RU,Highway/Road/Alley/Street/Sidewalk,Street & Sidewalk,Knife/Cutting Instrument,Possible Internal Injury,C
225522808,202370865,2024-07-06,Buffalo,NY0140100,13A,B,B,N,M,15,R,N,RU,Highway/Road/Alley/Street/Sidewalk,Street & Sidewalk,Knife/Cutting Instrument,Minor Injury,C
231005921,207158470,2024-07-06,Buffalo,NY0140100,13A,B,B,N,M,54,R,N,NE,Residence/Home,Home,Knife/Cutting Instrument,Other Major Injury;Severe Laceration,C
219876325,197447720,2024-07-07,Buffalo,NY0140100,13A,B,B,N,F,22,R,Y,XS,Residence/Home,Home,Knife/Cutting Instrument,,C
220447802,197946292,2024-07-07,Buffalo,NY0140100,13A,H,W,H,F,35,R,Y,XS,Residence/Home,Home,Firearm,,C
225471238,202322092,2024-07-07,Buffalo,NY0140100,13A,B,B,N,M,52,R,N,RU,Highway/Road/Alley/Street/Sidewalk,Street & Sidewalk,Firearm,Severe Laceration,C
225472192,202322998,2024-07-07,Buffalo,NY0140100,13A,H,W,H,M,34,R,N,RU,Parking/Drop Lot/Garage,Parking Lot,Firearm,Other Major Injury,C
225472193,202322998,2024-07-07,Buffalo,NY0140100,13A,H,U,H,M,30,R,N,RU,Parking/Drop Lot/Garage,Parking Lot,Firearm,Other Major Injury,C
225521407,202369533,2024-07-07,Buffalo,NY0140100,13A,B,B,U,F,28,R,Y,XS,Parking/Drop Lot/Garage,Parking Lot,Knife/Cutting Instrument,Minor Injury,C
225568266,202413729,2024-07-07,Buffalo,NY0140100,13A,B,B,U,M,25,R,N,RU,Highway/Road/Alley/Street/Sidewalk,Street & Sidewalk,Firearm,Other Major Injury;Severe Laceration,C
225568267,202413729,2024-07-07,Buffalo,NY0140100,13A,B,B,N,F,23,N,N,RU,Highway/Road/Alley/Street/Sidewalk,Street & Sidewalk,Firearm,Other Major Injury,C
225572462,202417751,2024-07-07,Buffalo,NY0140100,13A,B,B,U,F,19,R,N,RU,Highway/Road/Alley/Street/Sidewalk,Street & Sidewalk,Firearm,Possible Internal Injury,C
219870159,197441982,2024-07-08,Buffalo,NY0140100,13A,B,B,N,F,23,R,N,ST,Highway/Road/Alley/Street/Sidewalk,Street & Sidewalk,Personal Weapons,Apparent Broken Bones;Possible Internal Injury,C
219875532,197446988,2024-07-08,Buffalo,NY0140100,13A,B,B,N,F,22,R,Y,XS,Residence/Home,Home,Personal Weapons,Minor Injury,C
225378947,202236073,2024-07-08,Buffalo,NY0140100,13A,W,W,N,M,60,R,N,RU,Government/Public Building,Government Building,Knife/Cutting Instrument,,C
225570241,202415632,2024-07-08,Buffalo,NY0140100,13A,W,W,N,M,27,R,N,RU,Residence/Home,Home,Personal Weapons,Possible Internal Injury;Unconscious,C
219882575,197453584,2024-07-09,Buffalo,NY0140100,13A,H,W,H,F,25,R,Y,BG,Residence/Home,Home,Personal Weapons,Minor Injury,C
219889170,197459794,2024-07-09,Buffalo,NY0140100,13A,H,W,H,M,49,R,N,ST,Residence/Home,Home,Knife/Cutting Instrument,,C
225474145,202324818,2024-07-09,Buffalo,NY0140100,13A,W,W,N,M,41,R,N,RU,Highway/Road/Alley/Street/Sidewalk,Street & Sidewalk,Firearm,Other Major Injury,C
225495223,202344696,2024-07-09,Buffalo,NY0140100,13A,W,W,N,M,41,N,N,RU,Residence/Home,Home,Firearm,Other Major Injury;Severe Laceration,C
225532431,202379911,2024-07-09,Buffalo,NY0140100,13A,W,W,N,F,39,R,Y,BG,Residence/Home,Home,Other,Minor Injury,C
231098517,207245750,2024-07-09,Buffalo,NY0140100,13A,B,B,U,F,18,R,N,RU,Highway/Road/Alley/Street/Sidewalk,Street & Sidewalk,Firearm,Possible Internal Injury,C
231098518,207245750,2024-07-09,Buffalo,NY0140100,13A,B,B,N,M,20,R,N,RU,Highway/Road/Alley/Street/Sidewalk,Street & Sidewalk,Firearm,Possible Internal Injury,C
219901548,197471371,2024-07-10,Buffalo,NY0140100,13A,W,W,N,F,26,R,N,AQ,Highway/Road/Alley/Street/Sidewalk,Street & Sidewalk,Blunt Object,,C
232386527,208367604,2024-07-10,Buffalo,NY0140100,13A,B,B,N,M,55,R,Y,BG,Residence/Home,Home,Other;Personal Weapons,Loss of Teeth;Possible Internal Injury,C
219876259,197447660,2024-07-11,Buffalo,NY0140100,13A,B,B,N,F,40,R,N,FR,Highway/Road/Alley/Street/Sidewalk,Street & Sidewalk,Knife/Cutting Instrument,,C
219876341,197447736,2024-07-11,Buffalo,NY0140100,13A,U,U,U,M,27,R,N,RU,Service/Gas Station,Gas Station,Knife/Cutting Instrument,Minor Injury,C
225420556,202274305,2024-07-11,Buffalo,NY0140100,13A,H,W,H,F,24,R,N,RU,Highway/Road/Alley/Street/Sidewalk,Street & Sidewalk,Firearm,,C
225495536,202344997,2024-07-11,Buffalo,NY0140100,13A,W,W,N,M,22,R,N,RU,Highway/Road/Alley/Street/Sidewalk,Street & Sidewalk,Firearm,Minor Injury,C
219864455,197436636,2024-07-12,Buffalo,NY0140100,13A,B,B,N,M,17,R,N,NE,Highway/Road/Alley/Street/Sidewalk,Street & Sidewalk,Firearm,,C
219883076,197454058,2024-07-12,Buffalo,NY0140100,13A,B,B,N,F,30,R,N,OK,Highway/Road/Alley/Street/Sidewalk,Street & Sidewalk,Knife/Cutting Instrument,,C
225372886,202230246,2024-07-12,Buffalo,NY0140100,13A,B,B,N,M,63,R,N,RU,Convenience Store,Convenience Store,Other,,C
219857661,197430265,2024-07-13,Buffalo,NY0140100,13A,B,B,N,M,65,R,Y,BG,Residence/Home,Home,Knife/Cutting Instrument,,C
219864636,197436806,2024-07-13,Buffalo,NY0140100,13A,U,U,U,U,,U,N,ST,Parking/Drop Lot/Garage,Parking Lot,Knife/Cutting Instrument,,C
219902274,197472050,2024-07-13,Buffalo,NY0140100,13A,B,B,N,M,55,R,N,AQ,Residence/Home,Home,Knife/Cutting Instrument,,C
219902275,197472050,2024-07-13,Buffalo,NY0140100,13A,W,W,N,F,15,R,Y,BG,Residence/Home,Home,Knife/Cutting Instrument,,C
232386835,208367888,2024-07-13,Buffalo,NY0140100,13A,B,B,N,M,48,R,N,RU;ST,Highway/Road/Alley/Street/Sidewalk,Street & Sidewalk,Personal Weapons,Other Major Injury;Unconscious,C
219857600,197430206,2024-07-14,Buffalo,NY0140100,13A,W,W,N,M,31,R,N,AQ,Residence/Home,Home,Blunt Object,Minor Injury,C
219864641,197436811,2024-07-14,Buffalo,NY0140100,13A,B,B,N,M,24,R,Y,XS,Residence/Home,Home,Knife/Cutting Instrument,,C
220447732,197946229,2024-07-14,Buffalo,NY0140100,13A,B,B,U,M,38,N,N,RU,Bar/Nightclub,Bar & Nightclub,Handgun;Knife/Cutting Instrument,Minor Injury;Possible Internal Injury,C
220447733,197946229,2024-07-14,Buffalo,NY0140100,13A,U,U,U,M,47,R,N,RU,Bar/Nightclub,Bar & Nightclub,Handgun;Knife/Cutting Instrument,Minor Injury;Possible Internal Injury,C
220447734,197946229,2024-07-14,Buffalo,NY0140100,13A,B,B,U,M,40,N,N,RU,Bar/Nightclub,Bar & Nightclub,Handgun;Knife/Cutting Instrument,Minor Injury,C
220454182,197952214,2024-07-14,Buffalo,NY0140100,13A,H,W,H,F,30,N,N,RU,Residence/Home,Home,Firearm,,C
220454183,197952214,2024-07-14,Buffalo,NY0140100,13A,H,W,H,M,15,N,N,RU,Residence/Home,Home,Firearm,,C
225393096,202249504,2024-07-14,Buffalo,NY0140100,13A,W,W,N,M,34,N,N,RU,Highway/Road/Alley/Street/Sidewalk,Street & Sidewalk,Knife/Cutting Instrument,Other Major Injury;Possible Internal Injury,C
225547986,202394537,2024-07-14,Buffalo,NY0140100,13A,W,W,N,M,15,R,N,RU,Highway/Road/Alley/Street/Sidewalk,Street & Sidewalk,Firearm,,C
227911511,204454472,2024-07-14,Buffalo,NY0140100,13A,W,W,N,M,67,R,N,ST,Dock/Wharf/Freight/Modal Terminal,Dock & Wharf,Other,,C
231044386,207194764,2024-07-14,Buffalo,NY0140100,13A,B,B,N,F,26,R,Y,AQ;XS,Highway/Road/Alley/Street/Sidewalk,Street & Sidewalk,Motor Vehicle/Vessel,Minor Injury,C
219857769,197430367,2024-07-15,Buffalo,NY0140100,13A,B,B,U,F,41,R,Y,XS,Highway/Road/Alley/Street/Sidewalk,Street & Sidewalk,Blunt Object,Possible Internal Injury,C
219895033,197465273,2024-07-15,Buffalo,NY0140100,13A,B,B,N,M,40,R,Y,SE,Highway/Road/Alley/Street/Sidewalk,Street & Sidewalk,Motor Vehicle/Vessel,Minor Injury,C
225541450,202388308,2024-07-15,Buffalo,NY0140100,13A,H,W,H,M,23,R,Y,BG,Highway/Road/Alley/Street/Sidewalk,Street & Sidewalk,Knife/Cutting Instrument,Minor Injury,C
225547752,202394316,2024-07-15,Buffalo,NY0140100,13A,B,B,N,M,29,R,N,RU,Convenience Store,Convenience Store,Knife/Cutting Instrument,,C
227903364,204446763,2024-07-15,Buffalo,NY0140100,13A,B,B,N,M,23,R,N,SB,Residence/Home,Home,Knife/Cutting Instrument,Minor Injury,C
219878151,197449434,2024-07-16,Buffalo,NY0140100,13A,B,B,N,F,53,R,N,OF,Residence/Home,Home,Other,Minor Injury,C
225372488,202229871,2024-07-16,Buffalo,NY0140100,13A,W,W,N,M,25,R,N,ST,Residence/Home,Home,Firearm,Possible Internal Injury,C
225379681,202236765,2024-07-16,Buffalo,NY0140100,13A,U,U,U,M,32,R,N,RU,Highway/Road/Alley/Street/Sidewalk,Street & Sidewalk,Firearm,,C
225380633,202237682,2024-07-16,Buffalo,NY0140100,13A,U,U,U,F,14,R,N,CH,Residence/Home,Home,Other,Minor Injury,C
225446672,202299011,2024-07-16,Buffalo,NY0140100,13A,W,W,N,M,60,R,N,RU,Highway/Road/Alley/Street/Sidewalk,Street & Sidewalk,Firearm,Other Major Injury,C
231066982,207216062,2024-07-16,Buffalo,NY0140100,13A,B,B,N,F,21,R,N,ST,Parking/Drop Lot/Garage,Parking Lot,Firearm,,C
219889446,197460054,2024-07-17,Buffalo,NY0140100,13A,W,W,N,F,29,R,N,NE,Residence/Home,Home,Knife/Cutting Instrument;Personal Weapons,,C
219895902,197466088,2024-07-17,Buffalo,NY0140100,13A,B,B,N,M,15,R,N,AQ,Highway/Road/Alley/Street/Sidewalk,Street & Sidewalk,Knife/Cutting Instrument,Severe Laceration,C
219895903,197466088,2024-07-17,Buffalo,NY0140100,13A,B,B,N,M,15,R,N,AQ,Highway/Road/Alley/Street/Sidewalk,Street & Sidewalk,Knife/Cutting Instrument,Severe Laceration,C
225548192,202394737,2024-07-17,Buffalo,NY0140100,13A,B,B,N,M,35,R,N,RU,Highway/Road/Alley/Street/Sidewalk,Street & Sidewalk,Firearm,Possible Internal Injury,C
219864519,197436695,2024-07-19,Buffalo,NY0140100,13A,B,B,N,F,36,R,N,AQ,Parking/Drop Lot/Garage,Parking Lot,Firearm,,C
219872322,197443987,2024-07-19,Buffalo,NY0140100,13A,B,B,N,F,39,R,N,AQ,Highway/Road/Alley/Street/Sidewalk,Street & Sidewalk,Firearm,,C
225372681,202230055,2024-07-19,Buffalo,NY0140100,13A,B,B,N,M,48,R,N,ST,Parking/Drop Lot/Garage,Parking Lot,Knife/Cutting Instrument,,C
225514600,202363054,2024-07-19,Buffalo,NY0140100,13A,B,B,N,F,,R,N,AQ,Parking/Drop Lot/Garage,Parking Lot,Knife/Cutting Instrument,,C
219857430,197430046,2024-07-20,Buffalo,NY0140100,13A,B,B,N,M,28,R,N,RU,Highway/Road/Alley/Street/Sidewalk,Street & Sidewalk,Firearm,Possible Internal Injury,C
219870720,197442502,2024-07-20,Buffalo,NY0140100,13A,W,W,N,F,26,R,Y,XS,Residence/Home,Home,Personal Weapons,Minor Injury,C
219875788,197447231,2024-07-20,Buffalo,NY0140100,13A,W,W,N,F,36,R,Y,XS,Residence/Home,Home,Firearm,,C
225377227,202234413,2024-07-20,Buffalo,NY0140100,13A,B,B,N,M,22,N,N,RU,Highway/Road/Alley/Street/Sidewalk,Street & Sidewalk,Firearm,Possible Internal Injury,C
227871262,204416373,2024-07-20,Buffalo,NY0140100,13A,B,B,N,M,33,N,N,RU,Highway/Road/Alley/Street/Sidewalk,Street & Sidewalk,Firearm,Severe Laceration,C
227871263,204416373,2024-07-20,Buffalo,NY0140100,13A,B,B,N,M,35,R,N,RU,Highway/Road/Alley/Street/Sidewalk,Street & Sidewalk,Firearm,Severe Laceration,C
228372765,204861211,2024-07-20,Buffalo,NY0140100,13A,B,B,N,M,44,R,Y,XS,Residence/Home,Home,Knife/Cutting Instrument,Severe Laceration,C
232387006,208368050,2024-07-20,Buffalo,NY0140100,13A,B,B,N,F,33,R,Y,BG;RU,Highway/Road/Alley/Street/Sidewalk,Street & Sidewalk,Asphyxiation,Minor Injury,C
219888817,197459466,2024-07-21,Buffalo,NY0140100,13A,B,B,N,F,67,R,N,PA,Residence/Home,Home,Blunt Object,Minor Injury,C
225469745,202320688,2024-07-21,Buffalo,NY0140100,13A,B,B,N,M,13,R,N,RU,Highway/Road/Alley/Street/Sidewalk,Street & Sidewalk,Firearm,Possible Internal Injury,C
219857742,197430343,2024-07-22,Buffalo,NY0140100,13A,B,B,N,M,51,R,N,NE,Residence/Home,Home,Knife/Cutting Instrument,,C
219863392,197435631,2024-07-22,Buffalo,NY0140100,13A,B,B,U,M,29,R,Y,XS,Residence/Home,Home,Personal Weapons,,C
220488944,197984395,2024-07-22,Buffalo,NY0140100,13A,B,B,N,F,22,R,N,OK,Residence/Home,Home,Personal Weapons,Minor Injury,C
225506391,202355342,2024-07-22,Buffalo,NY0140100,13A,W,W,N,M,46,N,N,NE,Residence/Home,Home,Firearm,,C
225455159,202307058,2024-07-23,Buffalo,NY0140100,13A,B,B,N,F,32,R,Y,XS,Highway/Road/Alley/Street/Sidewalk,Street & Sidewalk,Firearm,,C
225521004,202369153,2024-07-23,Buffalo,NY0140100,13A,B,B,N,M,49,R,N,RU,Residence/Home,Home,Handgun,Minor Injury;Possible Internal Injury,C
227879594,204424242,2024-07-23,Buffalo,NY0140100,13A,B,B,N,M,32,R,Y,BG,Residence/Home,Home,Knife/Cutting Instrument,Severe Laceration,C
219863480,197435714,2024-07-24,Buffalo,NY0140100,13A,B,B,N,M,22,N,Y,XS,Highway/Road/Alley/Street/Sidewalk,Street & Sidewalk,Knife/Cutting Instrument;Personal Weapons,Severe Laceration,C
219895146,197465377,2024-07-24,Buffalo,NY0140100,13A,B,B,N,F,37,R,N,AQ,Highway/Road/Alley/Street/Sidewalk,Street & Sidewalk,Knife/Cutting Instrument;Personal Weapons,,C
227855108,204401003,2024-07-24,Buffalo,NY0140100,13A,W,W,N,M,44,R,N,AQ,Highway/Road/Alley/Street/Sidewalk,Street & Sidewalk,Knife/Cutting Instrument;Personal Weapons,Minor Injury,C
219882008,197453046,2024-07-25,Buffalo,NY0140100,13A,B,B,N,F,22,R,Y,XS,Highway/Road/Alley/Street/Sidewalk,Street & Sidewalk,Handgun,,C
219902100,197471884,2024-07-25,Buffalo,NY0140100,13A,B,B,N,M,12,R,N,SB,Residence/Home,Home,Knife/Cutting Instrument,,C
219866404,197438466,2024-07-27,Buffalo,NY0140100,13A,B,B,N,F,36,R,Y,XS,Highway/Road/Alley/Street/Sidewalk,Street & Sidewalk,Firearm,,C
219878621,197449868,2024-07-27,Buffalo,NY0140100,13A,B,B,N,M,29,R,N,OF,Highway/Road/Alley/Street/Sidewalk,Street & Sidewalk,Knife/Cutting Instrument,Minor Injury,C
219866438,197438499,2024-07-28,Buffalo,NY0140100,13A,B,B,N,F,36,N,Y,BG,Residence/Home,Home,Personal Weapons,Apparent Broken Bones,C
219869674,197441536,2024-07-28,Buffalo,NY0140100,13A,W,W,N,M,32,R,N,SB,Highway/Road/Alley/Street/Sidewalk,Street & Sidewalk,Blunt Object,Minor Injury,C
219876109,197447522,2024-07-28,Buffalo,NY0140100,13A,W,W,N,F,30,R,Y,XS,Residence/Home,Home,Knife/Cutting Instrument,Minor Injury,C
219891406,197461888,2024-07-28,Buffalo,NY0140100,13A,B,B,N,M,62,R,N,AQ,Residence/Home,Home,Knife/Cutting Instrument,Severe Laceration,C
225510552,202359268,2024-07-28,Buffalo,NY0140100,13A,B,B,N,M,43,R,N,RU,Highway/Road/Alley/Street/Sidewalk,Street & Sidewalk,Knife/Cutting Instrument,,C
219902271,197472047,2024-07-29,Buffalo,NY0140100,13A,H,W,H,F,28,R,N,ST,Highway/Road/Alley/Street/Sidewalk,Street & Sidewalk,Firearm,,C
225435068,202288096,2024-07-29,Buffalo,NY0140100,13A,B,B,N,M,40,R,N,RU,Highway/Road/Alley/Street/Sidewalk,Street & Sidewalk,Other,Minor Injury,C
231037695,207188406,2024-07-29,Buffalo,NY0140100,13A,B,B,N,F,42,R,Y,BG,Residence/Home,Home,Blunt Object,Minor Injury;Possible Internal Injury,C
231098875,207246087,2024-07-29,Buffalo,NY0140100,13A,W,W,N,M,64,R,N,AQ,Residence/Home,Home,Personal Weapons,Possible Internal Injury,C
219857424,197430041,2024-07-30,Buffalo,NY0140100,13A,W,W,N,F,11,R,N,CH,Residence/Home,Home,Knife/Cutting Instrument,,C
220488676,197984150,2024-08-01,Buffalo,NY0140100,13A,B,B,N,M,15,R,N,SB,Residence/Home,Home,Knife/Cutting Instrument,Minor Injury;Possible Internal Injury,C
220488682,197984156,2024-08-01,Buffalo,NY0140100,13A,H,W,H,M,70,R,Y,SE,Residence/Home,Home,Handgun,Apparent Broken Bones;Possible Internal Injury;Severe Laceration,C
225435525,202288536,2024-08-01,Buffalo,NY0140100,13A,W,W,N,F,37,R,N,RU,Highway/Road/Alley/Street/Sidewalk,Street & Sidewalk,Firearm,,C
225435526,202288536,2024-08-01,Buffalo,NY0140100,13A,W,W,N,F,18,R,N,RU,Highway/Road/Alley/Street/Sidewalk,Street & Sidewalk,Firearm,,C
232388638,208369559,2024-08-01,Buffalo,NY0140100,13A,H,W,H,M,34,R,N,RU,Highway/Road/Alley/Street/Sidewalk,Street & Sidewalk,Firearm,,C
220474413,197971009,2024-08-02,Buffalo,NY0140100,13A,B,B,N,F,39,R,N,AQ,Residence/Home,Home,Knife/Cutting Instrument,,C
220474533,197971111,2024-08-02,Buffalo,NY0140100,13A,B,B,N,M,30,R,N,AQ,Highway/Road/Alley/Street/Sidewalk,Street & Sidewalk,Firearm,Apparent Broken Bones,C
220488752,197984215,2024-08-03,Buffalo,NY0140100,13A,B,B,N,F,27,R,Y,BG,Residence/Home,Home,Personal Weapons,Minor Injury,C
225368135,202225761,2024-08-03,Buffalo,NY0140100,13A,W,W,U,M,33,N,N,RU,Highway/Road/Alley/Street/Sidewalk,Street & Sidewalk,Other,Minor Injury,C
225460331,202311892,2024-08-03,Buffalo,NY0140100,13A,B,B,N,M,60,R,N,RU,Highway/Road/Alley/Street/Sidewalk,Street & Sidewalk,Knife/Cutting Instrument,Minor Injury,C
225484255,202334366,2024-08-03,Buffalo,NY0140100,13A,W,W,N,M,25,N,N,RU,Parking/Drop Lot/Garage,Parking Lot,Firearm,,C
231005522,207158097,2024-08-04,Buffalo,NY0140100,13A,B,B,N,F,35,R,Y,BG,Residence/Home,Home,Knife/Cutting Instrument;Other,Other Major Injury;Possible Internal Injury;Severe Laceration;Unconscious,C
231051296,207201300,2024-08-04,Buffalo,NY0140100,13A,W,W,N,F,34,R,Y,BG,Highway/Road/Alley/Street/Sidewalk,Street & Sidewalk,Knife/Cutting Instrument;Personal Weapons,Minor Injury;Possible Internal Injury,C
220447691,197946195,2024-08-05,Buffalo,NY0140100,13A,H,W,H,F,20,R,Y,XS,Residence/Home,Home,Personal Weapons,Minor Injury,C
227871494,204416586,2024-08-05,Buffalo,NY0140100,13A,B,B,N,F,30,R,Y,XS,Residence/Home,Home,Personal Weapons,Minor Injury,C
220454484,197952498,2024-08-06,Buffalo,NY0140100,13A,W,W,N,F,18,R,N,AQ,Residence/Home,Home,Knife/Cutting Instrument,Minor Injury,C
220461189,197958758,2024-08-06,Buffalo,NY0140100,13A,B,B,N,F,52,R,N,ST,Residence/Home,Home,Knife/Cutting Instrument,,C
220474631,197971201,2024-08-06,Buffalo,NY0140100,13A,B,B,N,M,38,R,N,RU,Highway/Road/Alley/Street/Sidewalk,Street & Sidewalk,Blunt Object,Possible Internal Injury,C
220489186,197984621,2024-08-06,Buffalo,NY0140100,13A,B,B,N,F,36,R,N,AQ,Highway/Road/Alley/Street/Sidewalk,Street & Sidewalk,Other,Other Major Injury;Severe Laceration,C
220504850,197998981,2024-08-06,Buffalo,NY0140100,13A,B,B,N,F,68,R,N,PA,Residence/Home,Home,Knife/Cutting Instrument,,C
220447773,197946266,2024-08-07,Buffalo,NY0140100,13A,B,B,N,F,37,R,Y,XS,Residence/Home,Home,Personal Weapons,Minor Injury,C
220460915,197958514,2024-08-07,Buffalo,NY0140100,13A,B,B,N,M,21,R,N,NE,Highway/Road/Alley/Street/Sidewalk,Street & Sidewalk,Knife/Cutting Instrument,Severe Laceration,C
225509590,202358377,2024-08-07,Buffalo,NY0140100,13A,B,B,N,M,61,R,N,RU,Parking/Drop Lot/Garage,Parking Lot,Blunt Object,Apparent Broken Bones;Other Major Injury,C
227863712,204409189,2024-08-07,Buffalo,NY0140100,13A,B,B,N,F,29,R,N,ST,Grocery/Supermarket,Grocery Store,Firearm,,C
220497147,197992024,2024-08-08,Buffalo,NY0140100,13A,B,B,U,F,24,R,N,AQ,Parking/Drop Lot/Garage,Parking Lot,Other,Minor Injury,C
220499400,197994122,2024-08-08,Buffalo,NY0140100,13A,B,B,N,F,34,N,Y,XS,Church/Synagogue/Temple/Mosque,Religious Building,Firearm,Minor Injury,C
228386037,204873849,2024-08-08,Buffalo,NY0140100,13A,W,W,N,F,35,R,Y,SE,Residence/Home,Home,Personal Weapons,Minor Injury,C
225392905,202249317,2024-08-09,Buffalo,NY0140100,13A,B,B,N,M,13,R,N,RU,Highway/Road/Alley/Street/Sidewalk,Street & Sidewalk,Firearm,,C
225536574,202383768,2024-08-09,Buffalo,NY0140100,13A,W,W,N,F,53,R,N,RU,Highway/Road/Alley/Street/Sidewalk,Street & Sidewalk,Firearm,,C
225567163,202412664,2024-08-09,Buffalo,NY0140100,13A,H,W,H,F,42,R,N,RU;ST,Highway/Road/Alley/Street/Sidewalk,Street & Sidewalk,Knife/Cutting Instrument,,C
225581177,202425975,2024-08-09,Buffalo,NY0140100,13A,W,W,N,M,33,R,N,RU,Highway/Road/Alley/Street/Sidewalk,Street & Sidewalk,Firearm,,C
220488578,197984061,2024-08-10,Buffalo,NY0140100,13A,B,B,N,M,60,R,N,AQ,Highway/Road/Alley/Street/Sidewalk,Street & Sidewalk,Knife/Cutting Instrument,,C
225536068,202383302,2024-08-10,Buffalo,NY0140100,13A,B,B,N,M,56,R,N,RU,Highway/Road/Alley/Street/Sidewalk,Street & Sidewalk,Unknown,Severe Laceration,C
220488963,197984414,2024-08-11,Buffalo,NY0140100,13A,H,W,H,M,31,R,N,RU,Residence/Home,Home,Other,Minor Injury,C
220495976,197990928,2024-08-11,Buffalo,NY0140100,13A,B,B,N,M,50,R,N,AQ,Highway/Road/Alley/Street/Sidewalk,Street & Sidewalk,Firearm,,C
225434854,202287894,2024-08-11,Buffalo,NY0140100,13A,B,B,N,F,29,R,N,RU,Highway/Road/Alley/Street/Sidewalk,Street & Sidewalk,Other,Minor Injury,C
225510292,202359020,2024-08-11,Buffalo,NY0140100,13A,H,W,H,M,28,R,N,RU,Highway/Road/Alley/Street/Sidewalk,Street & Sidewalk,Knife/Cutting Instrument;Personal Weapons,Severe Laceration,C
225510403,202359125,2024-08-11,Buffalo,NY0140100,13A,W,W,N,M,47,R,N,RU,Park/Playground,Park & Playground,Knife/Cutting Instrument,,C
225535582,202382862,2024-08-11,Buffalo,NY0140100,13A,B,B,N,M,37,R,N,RU,Highway/Road/Alley/Street/Sidewalk,Street & Sidewalk,Firearm,Other Major Injury,C
228386134,204873942,2024-08-11,Buffalo,NY0140100,13A,W,W,N,M,34,R,N,NE,Residence/Home,Home,Knife/Cutting Instrument,Minor Injury;Possible Internal Injury,C
220474670,197971238,2024-08-12,Buffalo,NY0140100,13A,B,B,N,F,26,R,N,OK,Highway/Road/Alley/Street/Sidewalk,Street & Sidewalk,Motor Vehicle/Vessel,Minor Injury,C
220474671,197971238,2024-08-12,Buffalo,NY0140100,13A,U,U,N,F,17,R,N,OK,Highway/Road/Alley/Street/Sidewalk,Street & Sidewalk,Motor Vehicle/Vessel,Minor Injury,C
220474672,197971238,2024-08-12,Buffalo,NY0140100,13A,U,U,U,M,24,R,N,OK,Highway/Road/Alley/Street/Sidewalk,Street & Sidewalk,Motor Vehicle/Vessel,Minor Injury,C
225485299,202335319,2024-08-12,Buffalo,NY0140100,13A,B,B,U,F,26,N,N,RU,Parking/Drop Lot/Garage,Parking Lot,Firearm,,C
225368974,202226548,2024-08-13,Buffalo,NY0140100,13A,B,B,N,M,21,R,N,RU,Highway/Road/Alley/Street/Sidewalk,Street & Sidewalk,Motor Vehicle/Vessel,Apparent Broken Bones;Severe Laceration,C
225536718,202383907,2024-08-13,Buffalo,NY0140100,13A,W,W,N,M,39,R,N,RU,Highway/Road/Alley/Street/Sidewalk,Street & Sidewalk,Knife/Cutting Instrument,Other Major Injury;Possible Internal Injury;Severe Laceration,C
227904744,204448053,2024-08-13,Buffalo,NY0140100,13A,B,B,N,F,45,R,N,RU,Highway/Road/Alley/Street/Sidewalk,Street & Sidewalk,Knife/Cutting Instrument,,C
225441834,202294371,2024-08-14,Buffalo,NY0140100,13A,B,B,U,F,,N,N,ST,Drug Store/Doctor's Office/Hospital,Hospital & Clinic,Personal Weapons,Minor Injury,C
232386176,208367286,2024-08-14,Buffalo,NY0140100,13A,H,B,H,M,61,R,N,ST,Highway/Road/Alley/Street/Sidewalk,Street & Sidewalk,Personal Weapons,Minor Injury;Possible Internal Injury,C
232387719,208368703,2024-08-14,Buffalo,NY0140100,13A,B,B,N,M,52,R,N,AQ,Residence/Home,Home,Knife/Cutting Instrument,Minor Injury,C
225368020,202225655,2024-08-15,Buffalo,NY0140100,13A,W,W,N,M,69,R,N,RU,Highway/Road/Alley/Street/Sidewalk,Street & Sidewalk,Firearm,,C
225484289,202334398,2024-08-15,Buffalo,NY0140100,13A,W,W,N,M,44,R,N,RU,Highway/Road/Alley/Street/Sidewalk,Street & Sidewalk,Motor Vehicle/Vessel,,C
225561547,202407371,2024-08-15,Buffalo,NY0140100,13A,B,B,N,M,20,R,N,RU,Convenience Store,Convenience Store,Firearm,Other Major Injury,C
225561548,202407371,2024-08-15,Buffalo,NY0140100,13A,B,B,N,M,27,R,N,RU,Convenience Store,Convenience Store,Firearm,Other Major Injury,C
227888153,204432364,2024-08-15,Buffalo,NY0140100,13A,B,B,N,F,44,R,Y,BG,Residence/Home,Home,Personal Weapons,Minor Injury,C
220468029,197965065,2024-08-16,Buffalo,NY0140100,13A,W,W,N,F,51,R,N,SB,Residence/Home,Home,Blunt Object,Possible Internal Injury;Severe Laceration,C
220498487,197993262,2024-08-16,Buffalo,NY0140100,13A,B,B,N,F,28,R,N,AQ,Residence/Home,Home,Knife/Cutting Instrument,,C
220504774,197998911,2024-08-16,Buffalo,NY0140100,13A,H,W,H,F,33,R,Y,BG,Residence/Home,Home,Knife/Cutting Instrument,,C
220481531,197977565,2024-08-17,Buffalo,NY0140100,13A,W,W,N,F,30,R,Y,XS,Residence/Home,Home,Personal Weapons,Minor Injury,C
220506034,198000092,2024-08-17,Buffalo,NY0140100,13A,W,W,N,F,39,N,Y,SE,Residence/Home,Home,Handgun;Knife/Cutting Instrument;Personal Weapons,Minor Injury,C
225389191,202245801,2024-08-17,Buffalo,NY0140100,13A,B,B,U,M,54,R,N,SP,Residence/Home,Home,Knife/Cutting Instrument,,C
225516646,202364997,2024-08-17,Buffalo,NY0140100,13A,B,B,U,M,35,R,N,RU,Residence/Home,Home,Knife/Cutting Instrument,Minor Injury,C
220447701,197946204,2024-08-18,Buffalo,NY0140100,13A,B,B,N,F,46,R,N,NE,Residence/Home,Home,Personal Weapons,Minor Injury,C
220481645,197977666,2024-08-18,Buffalo,NY0140100,13A,B,B,N,F,31,N,N,ST,Highway/Road/Alley/Street/Sidewalk,Street & Sidewalk,Blunt Object;Personal Weapons,Other Major Injury;Severe Laceration,C
220467802,197964855,2024-08-19,Buffalo,NY0140100,13A,U,U,N,F,33,N,N,AQ,Residence/Home,Home,Knife/Cutting Instrument,,C
220488939,197984391,2024-08-19,Buffalo,NY0140100,13A,H,W,H,F,25,R,Y,XS,Residence/Home,Home,Personal Weapons,Minor Injury,C
225393054,202249462,2024-08-19,Buffalo,NY0140100,13A,W,W,N,M,26,N,N,RU,Residence/Home,Home,Knife/Cutting Instrument,,C
225509363,202358173,2024-08-19,Buffalo,NY0140100,13A,B,B,N,M,27,R,N,RU,Residence/Home,Home,Firearm,Possible Internal Injury,C
231066799,207215889,2024-08-19,Buffalo,NY0140100,13A,B,B,N,F,25,N,Y,RU;XS,Parking/Drop Lot/Garage,Parking Lot,Firearm,,C
220461205,197958769,2024-08-20,Buffalo,NY0140100,13A,W,W,N,F,33,R,Y,XS,Residence/Home,Home,Personal Weapons,,C
220474458,197971046,2024-08-20,Buffalo,NY0140100,13A,B,B,U,F,31,R,Y,XS,Specialty Store,Specialty Store,Knife/Cutting Instrument,,C
220474647,197971217,2024-08-20,Buffalo,NY0140100,13A,W,W,N,F,27,R,Y,XS,Residence/Home,Home,Knife/Cutting Instrument;Other,Minor Injury,C
220497868,197992687,2024-08-20,Buffalo,NY0140100,13A,B,B,N,F,34,R,Y,XS,Residence/Home,Home,Firearm,,C
220488813,197984274,2024-08-22,Buffalo,NY0140100,13A,B,B,N,M,56,R,Y,XS,Highway/Road/Alley/Street/Sidewalk,Street & Sidewalk,Knife/Cutting Instrument;Personal Weapons,,C
225485531,202335542,2024-08-22,Buffalo,NY0140100,13A,B,B,N,F,22,R,N,RU,Bar/Nightclub,Bar & Nightclub,Knife/Cutting Instrument,Minor Injury,C
225510526,202359243,2024-08-22,Buffalo,NY0140100,13A,W,W,U,M,39,R,N,RU,Highway/Road/Alley/Street/Sidewalk,Street & Sidewalk,Firearm,,C
227872092,204417137,2024-08-22,Buffalo,NY0140100,13A,B,B,N,M,25,R,N,NE,Residence/Home,Home,Knife/Cutting Instrument,,C
220461234,197958795,2024-08-23,Buffalo,NY0140100,13A,B,B,N,M,51,R,N,OF,Residence/Home,Home,Knife/Cutting Instrument,Severe Laceration,C
220461235,197958796,2024-08-23,Buffalo,NY0140100,13A,B,B,N,F,35,R,Y,BG,Residence/Home,Home,Personal Weapons,Minor Injury,C
220495987,197990939,2024-08-23,Buffalo,NY0140100,13A,H,W,H,F,65,R,Y,XS,Residence/Home,Home,Knife/Cutting Instrument,,C
225458713,202310369,2024-08-23,Buffalo,NY0140100,13A,B,B,N,M,38,U,N,RU,Highway/Road/Alley/Street/Sidewalk,Street & Sidewalk,Blunt Object,Other Major Injury,C
225484281,202334391,2024-08-23,Buffalo,NY0140100,13A,B,B,N,M,22,R,N,RU,Convenience Store,Convenience Store,Firearm,Possible Internal Injury;Severe Laceration,C
227878512,204423220,2024-08-23,Buffalo,NY0140100,13A,B,B,U,F,36,R,Y,BG,Residence/Home,Home,Knife/Cutting Instrument,,C
220468021,197965057,2024-08-24,Buffalo,NY0140100,13A,B,B,N,M,38,R,N,AQ,Highway/Road/Alley/Street/Sidewalk,Street & Sidewalk,Knife/Cutting Instrument,Minor Injury,C
225368017,202225652,2024-08-24,Buffalo,NY0140100,13A,B,B,N,M,74,R,N,RU,Department/Discount Store,Department Store,Personal Weapons,Apparent Broken Bones,C
227878529,204423236,2024-08-24,Buffalo,NY0140100,13A,B,B,N,F,25,R,Y,XS,Highway/Road/Alley/Street/Sidewalk,Street & Sidewalk,Firearm,Minor Injury;Possible Internal Injury,C
220505561,197999649,2024-08-25,Buffalo,NY0140100,13A,B,B,N,F,32,R,Y,BG,Residence/Home,Home,Firearm,,C
225368008,202225643,2024-08-25,Buffalo,NY0140100,13A,B,B,N,M,34,R,N,RU,Highway/Road/Alley/Street/Sidewalk,Street & Sidewalk,Firearm,Other Major Injury,C
225375197,202232465,2024-08-25,Buffalo,NY0140100,13A,W,W,U,M,41,R,N,RU,Highway/Road/Alley/Street/Sidewalk,Street & Sidewalk,Knife/Cutting Instrument,,C
225393706,202250066,2024-08-25,Buffalo,NY0140100,13A,W,W,U,F,49,R,N,RU,Highway/Road/Alley/Street/Sidewalk,Street & Sidewalk,Firearm,Severe Laceration,C
225393707,202250066,2024-08-25,Buffalo,NY0140100,13A,B,B,N,M,61,R,N,RU,Highway/Road/Alley/Street/Sidewalk,Street & Sidewalk,Firearm,Minor Injury,C
225484301,202334410,2024-08-25,Buffalo,NY0140100,13A,W,W,N,F,38,R,N,RU,Highway/Road/Alley/Street/Sidewalk,Street & Sidewalk,Blunt Object,Minor Injury,C
225557382,202403426,2024-08-25,Buffalo,NY0140100,13A,B,B,N,M,53,R,N,RU,Highway/Road/Alley/Street/Sidewalk,Street & Sidewalk,Knife/Cutting Instrument,Severe Laceration,C
225393708,202250067,2024-08-26,Buffalo,NY0140100,13A,B,B,N,F,29,R,N,RU,Highway/Road/Alley/Street/Sidewalk,Street & Sidewalk,Firearm,Other Major Injury;Possible Internal Injury,C
228338441,204828545,2024-08-26,Buffalo,NY0140100,13A,B,B,N,F,37,R,Y,SE,Residence/Home,Home,Blunt Object,Minor Injury,C
220488721,197984188,2024-08-27,Buffalo,NY0140100,13A,B,B,N,F,20,R,N,IL,Residence/Home,Home,Firearm,,C
220488722,197984188,2024-08-27,Buffalo,NY0140100,13A,B,B,N,F,38,R,N,OF,Residence/Home,Home,Firearm,,C
232387602,208368593,2024-08-27,Buffalo,NY0140100,13A,B,B,N,M,39,R,Y,OF;XS,Highway/Road/Alley/Street/Sidewalk,Street & Sidewalk,Firearm,,C
220499439,197994159,2024-08-28,Buffalo,NY0140100,13A,B,B,N,M,62,R,N,FR,Residence/Home,Home,Knife/Cutting Instrument,,C
225375082,202232357,2024-08-28,Buffalo,NY0140100,13A,B,B,U,F,39,N,N,RU,Highway/Road/Alley/Street/Sidewalk,Street & Sidewalk,Knife/Cutting Instrument,Severe Laceration,C
225455378,202307259,2024-08-28,Buffalo,NY0140100,13A,B,B,N,M,65,R,Y,XS,Parking/Drop Lot/Garage,Parking Lot,Motor Vehicle/Vessel,,C
225510504,202359222,2024-08-29,Buffalo,NY0140100,13A,B,B,U,M,14,N,N,RU,Highway/Road/Alley/Street/Sidewalk,Street & Sidewalk,Other,Minor Injury,C
225435044,202288074,2024-08-30,Buffalo,NY0140100,13A,B,B,N,M,36,R,N,RU,Highway/Road/Alley/Street/Sidewalk,Street & Sidewalk,Firearm,Minor Injury;Possible Internal Injury,C
225517517,202365821,2024-08-30,Buffalo,NY0140100,13A,W,W,N,F,38,R,N,RU,Highway/Road/Alley/Street/Sidewalk,Street & Sidewalk,Knife/Cutting Instrument;Personal Weapons,,C
225532581,202380054,2024-08-30,Buffalo,NY0140100,13A,B,B,N,F,41,R,N,AQ,Residence/Home,Home,Blunt Object,Minor Injury,C
225536723,202383912,2024-08-30,Buffalo,NY0140100,13A,W,W,N,M,30,R,N,RU,Park/Playground,Park & Playground,Knife/Cutting Instrument,,C
225416894,202270795,2024-09-02,Buffalo,NY0140100,13A,W,W,N,F,25,R,N,ST,Highway/Road/Alley/Street/Sidewalk,Street & Sidewalk,Knife/Cutting Instrument,,C
225466445,202317553,2024-09-02,Buffalo,NY0140100,13A,B,B,N,M,21,R,N,RU,Parking/Drop Lot/Garage,Parking Lot,Firearm,Possible Internal Injury,C
225466447,202317553,2024-09-02,Buffalo,NY0140100,13A,H,W,H,M,20,R,N,RU,Parking/Drop Lot/Garage,Parking Lot,Firearm,Possible Internal Injury,C
225491604,202341238,2024-09-02,Buffalo,NY0140100,13A,B,B,N,F,21,R,Y,XS,Residence/Home,Home,Knife/Cutting Instrument,Minor Injury,C
225516417,202364784,2024-09-02,Buffalo,NY0140100,13A,B,B,N,M,36,R,N,RU,Highway/Road/Alley/Street/Sidewalk,Street & Sidewalk,Firearm,Other Major Injury,C
225492045,202341657,2024-09-04,Buffalo,NY0140100,13A,W,W,U,M,36,R,N,RU,Highway/Road/Alley/Street/Sidewalk,Street & Sidewalk,Knife/Cutting Instrument,,C
225547053,202393650,2024-09-04,Buffalo,NY0140100,13A,H,W,H,F,31,R,N,ST,Convenience Store,Convenience Store,Rifle,,C
225571261,202416589,2024-09-04,Buffalo,NY0140100,13A,W,W,N,M,53,N,N,RU,Parking/Drop Lot/Garage,Parking Lot,Firearm,,C
225421018,202274752,2024-09-05,Buffalo,NY0140100,13A,W,W,N,F,39,R,Y,XS,Residence/Home,Home,Other,Minor Injury,C
225421437,202275157,2024-09-05,Buffalo,NY0140100,13A,B,B,N,F,34,R,N,RU,Highway/Road/Alley/Street/Sidewalk,Street & Sidewalk,Personal Weapons,Unconscious,C
225441125,202293694,2024-09-05,Buffalo,NY0140100,13A,W,W,N,M,35,R,N,RU,Highway/Road/Alley/Street/Sidewalk,Street & Sidewalk,Knife/Cutting Instrument,,C
225470927,202321793,2024-09-05,Buffalo,NY0140100,13A,W,W,N,F,40,R,N,RU,Highway/Road/Alley/Street/Sidewalk,Street & Sidewalk,Knife/Cutting Instrument,,C
225491900,202341520,2024-09-05,Buffalo,NY0140100,13A,W,W,N,M,36,R,N,AQ,Residence/Home,Home,Knife/Cutting Instrument,,C
225516962,202365296,2024-09-05,Buffalo,NY0140100,13A,H,W,H,F,21,R,Y,XS,Parking/Drop Lot/Garage,Parking Lot,Firearm,,C
225420833,202274573,2024-09-06,Buffalo,NY0140100,13A,B,B,N,M,41,R,N,AQ,Residence/Home,Home,Knife/Cutting Instrument,,C
225420835,202274575,2024-09-06,Buffalo,NY0140100,13A,B,B,N,M,33,R,N,CH,Highway/Road/Alley/Street/Sidewalk,Street & Sidewalk,Knife/Cutting Instrument,Minor Injury,C
225547174,202393760,2024-09-06,Buffalo,NY0140100,13A,B,B,N,M,28,R,N,RU,Highway/Road/Alley/Street/Sidewalk,Street & Sidewalk,Firearm,Severe Laceration,C
225521938,202370042,2024-09-07,Buffalo,NY0140100,13A,B,B,N,F,43,R,N,ST,Highway/Road/Alley/Street/Sidewalk,Street & Sidewalk,Knife/Cutting Instrument,Possible Internal Injury;Severe Laceration,C
225547556,202394126,2024-09-07,Buffalo,NY0140100,13A,B,B,N,F,18,R,Y,BG;IL,Residence/Home,Home,Blunt Object,Minor Injury,C
228346522,204836208,2024-09-07,Buffalo,NY0140100,13A,B,B,N,F,37,R,N,ST,Highway/Road/Alley/Street/Sidewalk,Street & Sidewalk,Firearm,,C
231098291,207245533,2024-09-07,Buffalo,NY0140100,13A,W,W,N,F,30,R,Y,SE,Residence/Home,Home,Personal Weapons,Minor Injury,C
225379223,202236327,2024-09-09,Buffalo,NY0140100,13A,W,W,N,F,45,N,N,RU,Highway/Road/Alley/Street/Sidewalk,Street & Sidewalk,Personal Weapons,Minor Injury,C
225441534,202294083,2024-09-09,Buffalo,NY0140100,13A,W,W,N,F,29,R,Y,XS,Bar/Nightclub,Bar & Nightclub,Personal Weapons,,C
225466824,202317899,2024-09-09,Buffalo,NY0140100,13A,W,W,N,M,25,R,N,AQ,Residence/Home,Home,Blunt Object,Minor Injury,C
225517439,202365743,2024-09-09,Buffalo,NY0140100,13A,B,B,N,F,26,R,Y,XS,Residence/Home,Home,Firearm,,C
225567416,202412907,2024-09-09,Buffalo,NY0140100,13A,W,W,N,M,39,R,N,AQ,Commercial/Office Building,Office Building,Firearm,,C
225567821,202413296,2024-09-09,Buffalo,NY0140100,13A,B,B,N,M,24,R,N,SC,Residence/Home,Home,Knife/Cutting Instrument,,C
228386261,204874064,2024-09-09,Buffalo,NY0140100,13A,B,B,N,M,15,R,N,AQ,School-Elementary/Secondary,K-12 School,Knife/Cutting Instrument,Severe Laceration,C
225492018,202341634,2024-09-10,Buffalo,NY0140100,13A,B,B,N,F,30,R,Y,BG,Drug Store/Doctor's Office/Hospital,Hospital & Clinic,Personal Weapons,Minor Injury,C
228354486,204843803,2024-09-10,Buffalo,NY0140100,13A,B,B,N,M,24,R,Y,BG,Residence/Home,Home,Personal Weapons,Minor Injury,C
225374621,202231915,2024-09-11,Buffalo,NY0140100,13A,B,B,N,F,60,R,N,FR,Parking/Drop Lot/Garage,Parking Lot,Knife/Cutting Instrument,,C
231067610,207216648,2024-09-11,Buffalo,NY0140100,13A,W,W,N,M,54,R,Y,BG,Residence/Home,Home,Other,Minor Injury,C
225445545,202297935,2024-09-12,Buffalo,NY0140100,13A,U,U,N,M,23,R,N,RU,Highway/Road/Alley/Street/Sidewalk,Street & Sidewalk,Firearm,Possible Internal Injury,C
225421330,202275053,2024-09-13,Buffalo,NY0140100,13A,B,B,U,M,50,R,Y,BG,Residence/Home,Home,Knife/Cutting Instrument,Minor Injury,C
225441495,202294045,2024-09-13,Buffalo,NY0140100,13A,B,B,U,F,41,R,Y,XS,Residence/Home,Home,Firearm,Minor Injury,C
225445626,202298012,2024-09-13,Buffalo,NY0140100,13A,W,W,N,M,28,R,Y,BG,Residence/Home,Home,Knife/Cutting Instrument,,C
225466802,202317879,2024-09-13,Buffalo,NY0140100,13A,W,W,N,M,45,R,N,AQ,Residence/Home,Home,Blunt Object,Minor Injury,C
225492251,202341857,2024-09-13,Buffalo,NY0140100,13A,W,W,N,M,27,N,N,RU,Highway/Road/Alley/Street/Sidewalk,Street & Sidewalk,Knife/Cutting Instrument,Severe Laceration,C
225377289,202234472,2024-09-14,Buffalo,NY0140100,13A,B,B,U,F,32,R,Y,SE,Residence/Home,Home,Firearm,,C
225377290,202234472,2024-09-14,Buffalo,NY0140100,13A,B,B,U,F,32,R,N,AQ,Residence/Home,Home,Firearm,,C
225417225,202271113,2024-09-14,Buffalo,NY0140100,13A,W,W,N,M,42,R,N,RU,Department/Discount Store,Department Store,Knife/Cutting Instrument,,C
225419413,202273203,2024-09-14,Buffalo,NY0140100,13A,B,B,N,F,26,R,N,AQ,Residence/Home,Home,Personal Weapons,Minor Injury,C
225441698,202294239,2024-09-14,Buffalo,NY0140100,13A,W,W,N,M,49,N,N,AQ,Highway/Road/Alley/Street/Sidewalk,Street & Sidewalk,Personal Weapons,Minor Injury,C
225567606,202413091,2024-09-14,Buffalo,NY0140100,13A,B,B,U,F,42,R,Y,BG,Residence/Home,Home,Firearm,,C
225372202,202229596,2024-09-15,Buffalo,NY0140100,13A,B,B,N,F,18,N,N,AQ,Service/Gas Station,Gas Station,Personal Weapons,Apparent Broken Bones,C
225392146,202248609,2024-09-15,Buffalo,NY0140100,13A,B,B,N,M,31,N,N,ST,Park/Playground,Park & Playground,Firearm,Other Major Injury,C
225417143,202271037,2024-09-15,Buffalo,NY0140100,13A,B,B,N,M,22,R,N,RU,Highway/Road/Alley/Street/Sidewalk,Street & Sidewalk,Firearm,Severe Laceration,C
225494379,202343900,2024-09-15,Buffalo,NY0140100,13A,B,B,N,F,23,R,N,ST,Residence/Home,Home,Firearm,,C
225517298,202365614,2024-09-15,Buffalo,NY0140100,13A,H,W,H,F,24,R,N,RU,Parking/Drop Lot/Garage,Parking Lot,Firearm,,C
228338263,204828379,2024-09-15,Buffalo,NY0140100,13A,B,B,U,M,28,R,N,ST,Residence/Home,Home,Firearm,,C
225379075,202236184,2024-09-16,Buffalo,NY0140100,13A,U,U,U,M,,R,N,ST,Drug Store/Doctor's Office/Hospital,Hospital & Clinic,Personal Weapons,Minor Injury,C
225466746,202317828,2024-09-16,Buffalo,NY0140100,13A,B,B,U,M,37,R,N,RU,Highway/Road/Alley/Street/Sidewalk,Street & Sidewalk,Firearm,,C
225492173,202341780,2024-09-16,Buffalo,NY0140100,13A,W,W,N,F,30,R,Y,AQ;XS,Highway/Road/Alley/Street/Sidewalk,Street & Sidewalk,Firearm,,C
225569543,202414960,2024-09-16,Buffalo,NY0140100,13A,B,B,N,F,47,R,Y,SE,Residence/Home,Home,Other,Severe Laceration,C
225569628,202415045,2024-09-16,Buffalo,NY0140100,13A,W,W,N,F,20,R,Y,XS,Residence/Home,Home,Asphyxiation;Personal Weapons,Minor Injury,C
227887493,204431741,2024-09-16,Buffalo,NY0140100,13A,B,B,N,M,34,R,N,AQ;RU,Residence/Home,Home,Knife/Cutting Instrument,,C
228337492,204827649,2024-09-16,Buffalo,NY0140100,13A,H,W,H,F,58,R,Y,XS,Residence/Home,Home,Knife/Cutting Instrument,,C
232387260,208368286,2024-09-16,Buffalo,NY0140100,13A,B,B,N,F,35,R,Y,BG,Residence/Home,Home,Knife/Cutting Instrument,Minor Injury,C
225372198,202229592,2024-09-17,Buffalo,NY0140100,13A,B,B,N,F,30,R,Y,BG,Residence/Home,Home,Handgun,,C
225374522,202231821,2024-09-17,Buffalo,NY0140100,13A,H,W,H,M,60,R,N,ST,Highway/Road/Alley/Street/Sidewalk,Street & Sidewalk,Blunt Object,Minor Injury,C
225414379,202268411,2024-09-17,Buffalo,NY0140100,13A,B,B,N,M,57,R,N,RU,Highway/Road/Alley/Street/Sidewalk,Street & Sidewalk,Firearm,,C
228323738,204814997,2024-09-17,Buffalo,NY0140100,13A,U,U,U,U,35,R,Y,XS,Highway/Road/Alley/Street/Sidewalk,Street & Sidewalk,Personal Weapons,,C
225372412,202229797,2024-09-18,Buffalo,NY0140100,13A,B,B,N,F,19,R,N,AQ,Highway/Road/Alley/Street/Sidewalk,Street & Sidewalk,Firearm,,C
225416660,202270569,2024-09-18,Buffalo,NY0140100,13A,B,B,N,F,63,R,N,IL,Residence/Home,Home,Knife/Cutting Instrument,,C
225440913,202293503,2024-09-18,Buffalo,NY0140100,13A,W,W,N,F,29,R,N,RU,Highway/Road/Alley/Street/Sidewalk,Street & Sidewalk,Knife/Cutting Instrument,,C
225516502,202364862,2024-09-18,Buffalo,NY0140100,13A,W,W,U,M,60,N,N,AQ,Other/Unknown,Other & Unknown,Fire/Incendiary Device,Minor Injury;Possible Internal Injury,C
225541251,202388119,2024-09-18,Buffalo,NY0140100,13A,B,B,N,M,37,R,N,RU,Highway/Road/Alley/Street/Sidewalk,Street & Sidewalk,Firearm,Severe Laceration,C
225564546,202410201,2024-09-18,Buffalo,NY0140100,13A,H,W,H,F,24,R,Y,XS,Residence/Home,Home,Knife/Cutting Instrument,,C
227863198,204408702,2024-09-19,Buffalo,NY0140100,13A,B,B,N,M,36,R,N,RU,Highway/Road/Alley/Street/Sidewalk,Street & Sidewalk,Personal Weapons,Apparent Broken Bones;Loss of Teeth;Severe Laceration,C
225441332,202293890,2024-09-20,Buffalo,NY0140100,13A,B,B,N,M,36,R,N,RU,Highway/Road/Alley/Street/Sidewalk,Street & Sidewalk,Knife/Cutting Instrument,Severe Laceration,C
225466618,202317714,2024-09-20,Buffalo,NY0140100,13A,B,B,N,M,29,R,Y,BG,Residence/Home,Home,Knife/Cutting Instrument,Minor Injury,C
225492073,202341685,2024-09-20,Buffalo,NY0140100,13A,B,B,N,M,32,R,N,PA,Residence/Home,Home,Knife/Cutting Instrument,,C
225492074,202341685,2024-09-20,Buffalo,NY0140100,13A,B,B,N,M,29,R,N,PA,Residence/Home,Home,Knife/Cutting Instrument,,C
225496052,202345498,2024-09-20,Buffalo,NY0140100,13A,W,W,N,M,37,R,N,AQ,Highway/Road/Alley/Street/Sidewalk,Street & Sidewalk,Firearm,,C
225496053,202345499,2024-09-20,Buffalo,NY0140100,13A,B,B,N,F,39,N,N,RU,Highway/Road/Alley/Street/Sidewalk,Street & Sidewalk,Knife/Cutting Instrument,Minor Injury,C
225571221,202416551,2024-09-20,Buffalo,NY0140100,13A,H,W,H,F,29,R,Y,BG,Residence/Home,Home,Firearm,Minor Injury,C
228385316,204873165,2024-09-20,Buffalo,NY0140100,13A,U,U,U,M,40,N,N,ST,Highway/Road/Alley/Street/Sidewalk,Street & Sidewalk,Other,,C
228385317,204873165,2024-09-20,Buffalo,NY0140100,13A,U,U,N,M,42,R,N,ST,Highway/Road/Alley/Street/Sidewalk,Street & Sidewalk,Other,,C
232386442,208367528,2024-09-20,Buffalo,NY0140100,13A,B,B,N,F,24,R,N,AQ,Highway/Road/Alley/Street/Sidewalk,Street & Sidewalk,Motor Vehicle/Vessel,Minor Injury,C
232387726,208368708,2024-09-20,Buffalo,NY0140100,13A,W,W,U,M,39,N,N,AQ,Highway/Road/Alley/Street/Sidewalk,Street & Sidewalk,Knife/Cutting Instrument,Other Major Injury,C
225414864,202268869,2024-09-21,Buffalo,NY0140100,13A,W,W,N,F,44,R,N,RU,Convenience Store,Convenience Store,Blunt Object,Minor Injury,C
225547089,202393684,2024-09-21,Buffalo,NY0140100,13A,H,W,H,M,60,R,N,PA,Residence/Home,Home,Handgun,Minor Injury,C
225441040,202293615,2024-09-22,Buffalo,NY0140100,13A,W,W,N,M,41,R,N,ST,Highway/Road/Alley/Street/Sidewalk,Street & Sidewalk,Knife/Cutting Instrument,,C
225441041,202293615,2024-09-22,Buffalo,NY0140100,13A,H,W,H,M,,R,N,ST,Highway/Road/Alley/Street/Sidewalk,Street & Sidewalk,Knife/Cutting Instrument,,C
225445614,202298001,2024-09-22,Buffalo,NY0140100,13A,B,B,U,M,35,R,N,RU,Parking/Drop Lot/Garage,Parking Lot,Knife/Cutting Instrument,Severe Laceration,C
225464247,202315500,2024-09-22,Buffalo,NY0140100,13A,W,W,U,M,16,R,N,RU,Highway/Road/Alley/Street/Sidewalk,Street & Sidewalk,Personal Weapons,Minor Injury,C
225464251,202315504,2024-09-22,Buffalo,NY0140100,13A,B,B,N,M,41,R,N,AQ,Highway/Road/Alley/Street/Sidewalk,Street & Sidewalk,Asphyxiation;Personal Weapons,Unconscious,C
225466302,202317415,2024-09-22,Buffalo,NY0140100,13A,B,B,N,M,32,R,N,RU,Highway/Road/Alley/Street/Sidewalk,Street & Sidewalk,Firearm,Possible Internal Injury,C
225491795,202341422,2024-09-22,Buffalo,NY0140100,13A,W,W,N,M,49,N,N,RU,Parking/Drop Lot/Garage,Parking Lot,Firearm,Minor Injury,C
225496260,202345698,2024-09-22,Buffalo,NY0140100,13A,B,B,N,M,20,R,N,RU,Highway/Road/Alley/Street/Sidewalk,Street & Sidewalk,Handgun,,C
225514691,202363139,2024-09-22,Buffalo,NY0140100,13A,B,B,N,M,27,R,N,RU,Bar/Nightclub,Bar & Nightclub,Personal Weapons,Apparent Broken Bones;Severe Laceration,C
231083300,207231327,2024-09-22,Buffalo,NY0140100,13A,B,B,N,M,41,R,Y,BG,Residence/Home,Home,Knife/Cutting Instrument,Minor Injury,C
231083304,207231330,2024-09-22,Buffalo,NY0140100,13A,W,W,N,M,60,R,N,NE,Residence/Home,Home,Knife/Cutting Instrument,,C
232386146,208367258,2024-09-22,Buffalo,NY0140100,13A,H,W,H,M,47,R,N,ST,Highway/Road/Alley/Street/Sidewalk,Street & Sidewalk,Other;Personal Weapons,Minor Injury,C
225467098,202318159,2024-09-23,Buffalo,NY0140100,13A,B,B,N,M,33,R,N,SB,Residence/Home,Home,Knife/Cutting Instrument,Minor Injury,C
225471291,202322142,2024-09-23,Buffalo,NY0140100,13A,B,B,N,M,58,R,N,RU,Residence/Home,Home,Firearm,,C
225489740,202339467,2024-09-23,Buffalo,NY0140100,13A,H,W,H,M,25,R,N,RU,Highway/Road/Alley/Street/Sidewalk,Street & Sidewalk,Blunt Object,Minor Injury,C
225567593,202413079,2024-09-23,Buffalo,NY0140100,13A,B,B,N,M,27,R,N,SB,Highway/Road/Alley/Street/Sidewalk,Street & Sidewalk,Other,Severe Laceration,C
228340680,204830649,2024-09-23,Buffalo,NY0140100,13A,H,W,H,M,29,R,N,ER,Residence/Home,Home,Firearm,,C
228385322,204873169,2024-09-23,Buffalo,NY0140100,13A,H,B,H,F,33,R,Y,BG,Residence/Home,Home,Knife/Cutting Instrument,,C
225488486,202338291,2024-09-24,Buffalo,NY0140100,13A,W,W,N,M,71,R,N,AQ,Residence/Home,Home,Knife/Cutting Instrument,,C
225492439,202342031,2024-09-24,Buffalo,NY0140100,13A,B,B,N,F,26,R,Y,XS,Residence/Home,Home,Personal Weapons,Minor Injury,C
225514726,202363172,2024-09-24,Buffalo,NY0140100,13A,W,W,N,M,36,R,N,RU,Highway/Road/Alley/Street/Sidewalk,Street & Sidewalk,Personal Weapons,Minor Injury,C
225517111,202365437,2024-09-24,Buffalo,NY0140100,13A,B,B,N,M,25,R,N,RU,Parking/Drop Lot/Garage,Parking Lot,Firearm,Possible Internal Injury,C
232386142,208367255,2024-09-24,Buffalo,NY0140100,13A,H,W,H,M,40,R,N,AQ,Residence/Home,Home,Knife/Cutting Instrument,Severe Laceration,C
225466820,202317896,2024-09-25,Buffalo,NY0140100,13A,B,B,N,F,,R,N,RU,Other/Unknown,Other & Unknown,Poison,Minor Injury,C
225466821,202317896,2024-09-25,Buffalo,NY0140100,13A,B,B,N,F,,R,N,RU,Other/Unknown,Other & Unknown,Poison,Minor Injury,C
225567362,202412858,2024-09-25,Buffalo,NY0140100,13A,W,W,N,F,41,R,N,AQ,Residence/Home,Home,Knife/Cutting Instrument,,C
228377543,204865773,2024-09-26,Buffalo,NY0140100,13A,B,B,N,M,24,R,N,FR,Residence/Home,Home,Other,,C
225463750,202315045,2024-09-27,Buffalo,NY0140100,13A,U,U,U,F,35,R,Y,XS,Highway/Road/Alley/Street/Sidewalk,Street & Sidewalk,Knife/Cutting Instrument,,C
225489836,202339555,2024-09-27,Buffalo,NY0140100,13A,H,W,H,F,19,R,N,ST,Highway/Road/Alley/Street/Sidewalk,Street & Sidewalk,Firearm,,C
225489837,202339555,2024-09-27,Buffalo,NY0140100,13A,H,W,H,M,15,R,N,NE,Highway/Road/Alley/Street/Sidewalk,Street & Sidewalk,Firearm,,C
225564028,202409710,2024-09-27,Buffalo,NY0140100,13A,B,B,N,F,25,R,N,RU,Residence/Home,Home,Firearm,,C
228353946,204843286,2024-09-27,Buffalo,NY0140100,13A,H,W,H,F,18,R,N,AQ,Residence/Home,Home,Shotgun,,C
225489856,202339574,2024-09-28,Buffalo,NY0140100,13A,B,B,N,F,29,R,Y,XS,Residence/Home,Home,Personal Weapons,Severe Laceration,C
225489859,202339577,2024-09-28,Buffalo,NY0140100,13A,B,B,N,M,52,R,N,AQ,Residence/Home,Home,Blunt Object,Minor Injury,C
225496242,202345681,2024-09-28,Buffalo,NY0140100,13A,B,B,U,F,26,R,N,RU,Parking/Drop Lot/Garage,Parking Lot,Firearm,,C
225514206,202362699,2024-09-28,Buffalo,NY0140100,13A,H,W,H,F,32,R,N,AQ,Highway/Road/Alley/Street/Sidewalk,Street & Sidewalk,Blunt Object,Minor Injury,C
225521824,202369932,2024-09-28,Buffalo,NY0140100,13A,U,U,N,F,28,R,Y,SE,Residence/Home,Home,Knife/Cutting Instrument,,C
225571436,202416760,2024-09-28,Buffalo,NY0140100,13A,U,U,N,F,42,R,Y,SE,Residence/Home,Home,Blunt Object;Knife/Cutting Instrument,Minor Injury,C
225571468,202416790,2024-09-28,Buffalo,NY0140100,13A,W,W,U,F,29,R,N,AQ,Highway/Road/Alley/Street/Sidewalk,Street & Sidewalk,Other,,C
227855000,204400896,2024-09-28,Buffalo,NY0140100,13A,B,B,N,F,16,R,N,OK,Highway/Road/Alley/Street/Sidewalk,Street & Sidewalk,Blunt Object,Minor Injury;Unconscious,C
228377794,204866014,2024-09-28,Buffalo,NY0140100,13A,B,B,U,F,38,R,Y,BG,Residence/Home,Home,Firearm,,C
225372923,202230283,2024-09-29,Buffalo,NY0140100,13A,W,W,N,M,33,N,N,RU,Parking/Drop Lot/Garage,Parking Lot,Other,,C
225420709,202274455,2024-09-29,Buffalo,NY0140100,13A,W,W,N,F,24,R,N,AQ,Highway/Road/Alley/Street/Sidewalk,Street & Sidewalk,Firearm,,C
225514836,202363279,2024-09-29,Buffalo,NY0140100,13A,W,W,N,M,45,R,N,AQ,Convenience Store,Convenience Store,Firearm,,C
232387281,208368305,2024-09-29,Buffalo,NY0140100,13A,H,W,H,M,32,R,N,ST,Parking/Drop Lot/Garage,Parking Lot,Knife/Cutting Instrument,Minor Injury,C
225415078,202269066,2024-09-30,Buffalo,NY0140100,13A,B,B,N,M,31,R,N,RU,Residence/Home,Home,Firearm,,C
225496063,202345509,2024-09-30,Buffalo,NY0140100,13A,B,B,U,M,35,R,N,AQ,Residence/Home,Home,Knife/Cutting Instrument,,C
225547388,202393963,2024-09-30,Buffalo,NY0140100,13A,B,B,N,M,34,R,N,RU,Highway/Road/Alley/Street/Sidewalk,Street & Sidewalk,Firearm,Other Major Injury,C
225571418,202416742,2024-09-30,Buffalo,NY0140100,13A,W,W,N,M,11,R,N,AQ,Park/Playground,Park & Playground,Other,,C
225388405,202245069,2024-10-01,Buffalo,NY0140100,13A,B,B,N,M,30,R,N,RU,Convenience Store,Convenience Store,Personal Weapons,Severe Laceration,C
225535609,202382887,2024-10-01,Buffalo,NY0140100,13A,H,B,H,F,31,R,N,RU,Residence/Home,Home,Knife/Cutting Instrument,,C
225556603,202402682,2024-10-01,Buffalo,NY0140100,13A,B,B,N,M,16,R,N,RU,School-Elementary/Secondary,K-12 School,Personal Weapons,Possible Internal Injury,C
225580237,202425101,2024-10-01,Buffalo,NY0140100,13A,W,W,N,M,36,R,N,AQ,Residence/Home,Home,Blunt Object,Minor Injury,C
228354191,204843518,2024-10-01,Buffalo,NY0140100,13A,W,W,N,M,31,R,N,RU,Government/Public Building,Government Building,Firearm,,C
225430818,202284069,2024-10-02,Buffalo,NY0140100,13A,B,B,N,M,35,R,N,RU,Highway/Road/Alley/Street/Sidewalk,Street & Sidewalk,Firearm,,C
225505435,202354440,2024-10-02,Buffalo,NY0140100,13A,B,B,N,M,16,R,N,RU,Highway/Road/Alley/Street/Sidewalk,Street & Sidewalk,Knife/Cutting Instrument,Other Major Injury,C
225505437,202354442,2024-10-02,Buffalo,NY0140100,13A,B,B,N,F,21,R,N,AQ,Residence/Home,Home,Firearm,Other Major Injury,C
225556267,202402365,2024-10-02,Buffalo,NY0140100,13A,W,W,N,F,51,N,N,ST,Drug Store/Doctor's Office/Hospital,Hospital & Clinic,Knife/Cutting Instrument,,C
225556268,202402365,2024-10-02,Buffalo,NY0140100,13A,A,A,N,F,23,N,N,ST,Drug Store/Doctor's Office/Hospital,Hospital & Clinic,Knife/Cutting Instrument,,C
225579944,202424827,2024-10-02,Buffalo,NY0140100,13A,B,B,N,F,22,R,N,SB,Residence/Home,Home,Knife/Cutting Instrument;Other,Minor Injury,C
225579946,202424827,2024-10-02,Buffalo,NY0140100,13A,B,B,N,F,23,R,N,SB,Residence/Home,Home,Knife/Cutting Instrument;Other,Minor Injury,C
225580027,202424904,2024-10-02,Buffalo,NY0140100,13A,W,W,N,F,24,R,Y,XS,Residence/Home,Home,Personal Weapons;Rifle,Minor Injury;Unconscious,C
232387834,208368811,2024-10-02,Buffalo,NY0140100,13A,U,U,U,M,17,R,N,ST,Highway/Road/Alley/Street/Sidewalk,Street & Sidewalk,Motor Vehicle/Vessel,Possible Internal Injury;Severe Laceration,C
225580036,202424912,2024-10-03,Buffalo,NY0140100,13A,B,B,N,F,34,R,Y,XS,Parking/Drop Lot/Garage,Parking Lot,Explosives,,C
225580096,202424967,2024-10-03,Buffalo,NY0140100,13A,B,B,N,F,24,R,Y,XS,Residence/Home,Home,Personal Weapons,Possible Internal Injury,C
228385884,204873707,2024-10-03,Buffalo,NY0140100,13A,B,B,N,M,59,R,N,ST,Residence/Home,Home,Knife/Cutting Instrument,,C
225480279,202330589,2024-10-04,Buffalo,NY0140100,13A,B,B,N,M,55,R,N,RU,Parking/Drop Lot/Garage,Parking Lot,Knife/Cutting Instrument,Severe Laceration,C
225480531,202330819,2024-10-04,Buffalo,NY0140100,13A,W,W,N,F,46,R,N,ST,Residence/Home,Home,Handgun,,C
225505652,202354646,2024-10-04,Buffalo,NY0140100,13A,W,W,N,M,29,R,N,NE,Highway/Road/Alley/Street/Sidewalk,Street & Sidewalk,Knife/Cutting Instrument,Minor Injury,C
225429772,202283080,2024-10-05,Buffalo,NY0140100,13A,W,W,N,F,34,R,Y,BG,Residence/Home,Home,Personal Weapons,Minor Injury,C
225430313,202283593,2024-10-05,Buffalo,NY0140100,13A,B,B,N,F,32,R,Y,XS,Residence/Home,Home,Knife/Cutting Instrument;Personal Weapons,,C
225480534,202330820,2024-10-05,Buffalo,NY0140100,13A,B,B,N,F,31,R,Y,XS,Residence/Home,Home,Personal Weapons,Minor Injury,C
225556895,202402962,2024-10-05,Buffalo,NY0140100,13A,H,B,H,F,30,R,N,AQ;ST,Park/Playground,Park & Playground,Personal Weapons,Minor Injury;Possible Internal Injury,C
225580246,202425109,2024-10-05,Buffalo,NY0140100,13A,B,B,N,M,47,R,Y,BG,Highway/Road/Alley/Street/Sidewalk,Street & Sidewalk,Knife/Cutting Instrument,,C
225580934,202425745,2024-10-05,Buffalo,NY0140100,13A,B,B,U,M,18,R,N,RU,Highway/Road/Alley/Street/Sidewalk,Street & Sidewalk,Firearm,Other Major Injury,C
231067915,207216937,2024-10-05,Buffalo,NY0140100,13A,B,B,N,M,50,N,N,AQ,Highway/Road/Alley/Street/Sidewalk,Street & Sidewalk,Shotgun,,C
231098564,207245793,2024-10-05,Buffalo,NY0140100,13A,B,B,N,F,,R,Y,XS,Residence/Home,Home,Knife/Cutting Instrument,,C
231098565,207245793,2024-10-05,Buffalo,NY0140100,13A,B,B,N,F,21,R,N,AQ,Residence/Home,Home,Knife/Cutting Instrument,,C
225455098,202307002,2024-10-06,Buffalo,NY0140100,13A,W,W,N,F,55,R,N,ST,Drug Store/Doctor's Office/Hospital,Hospital & Clinic,Knife/Cutting Instrument,,C
225388421,202245084,2024-10-07,Buffalo,NY0140100,13A,B,B,N,M,30,R,N,RU,Highway/Road/Alley/Street/Sidewalk,Street & Sidewalk,Handgun,Minor Injury;Possible Internal Injury,C
225388422,202245084,2024-10-07,Buffalo,NY0140100,13A,B,B,N,M,26,R,N,RU,Highway/Road/Alley/Street/Sidewalk,Street & Sidewalk,Handgun,Minor Injury;Possible Internal Injury,C
225430321,202283601,2024-10-07,Buffalo,NY0140100,13A,B,B,N,F,54,R,Y,BG,Residence/Home,Home,Knife/Cutting Instrument,Minor Injury,C
225430902,202284146,2024-10-07,Buffalo,NY0140100,13A,B,B,N,M,64,R,N,PA,Residence/Home,Home,Firearm,,C
225580700,202425529,2024-10-07,Buffalo,NY0140100,13A,U,U,U,M,,R,N,AQ,Drug Store/Doctor's Office/Hospital,Hospital & Clinic,Personal Weapons,Minor Injury,C
225580778,202425599,2024-10-07,Buffalo,NY0140100,13A,W,W,N,M,57,N,N,ST,Highway/Road/Alley/Street/Sidewalk,Street & Sidewalk,Other,Minor Injury,C
225430385,202283664,2024-10-08,Buffalo,NY0140100,13A,H,W,H,F,38,R,N,RU,Highway/Road/Alley/Street/Sidewalk,Street & Sidewalk,Firearm;Personal Weapons,,C
225454532,202306474,2024-10-08,Buffalo,NY0140100,13A,W,W,N,F,30,R,N,CH,Residence/Home,Home,Knife/Cutting Instrument,,C
225556752,202402825,2024-10-08,Buffalo,NY0140100,13A,B,B,N,M,,R,N,RU,Parking/Drop Lot/Garage,Parking Lot,Motor Vehicle/Vessel,Possible Internal Injury;Severe Laceration,C
225480930,202331189,2024-10-09,Buffalo,NY0140100,13A,H,W,H,F,31,N,N,ST,Highway/Road/Alley/Street/Sidewalk,Street & Sidewalk,Knife/Cutting Instrument,,C
225580610,202425445,2024-10-09,Buffalo,NY0140100,13A,B,B,U,M,35,R,N,RU,Highway/Road/Alley/Street/Sidewalk,Street & Sidewalk,Knife/Cutting Instrument,Minor Injury,C
225531681,202379206,2024-10-10,Buffalo,NY0140100,13A,W,W,N,M,68,N,N,PA,Highway/Road/Alley/Street/Sidewalk,Street & Sidewalk,Blunt Object;Personal Weapons,Minor Injury,C
225481299,202331541,2024-10-11,Buffalo,NY0140100,13A,B,B,N,F,33,R,N,OF,Highway/Road/Alley/Street/Sidewalk,Street & Sidewalk,Blunt Object,Minor Injury,C
225506322,202355275,2024-10-11,Buffalo,NY0140100,13A,W,W,U,F,38,R,N,NE,Highway/Road/Alley/Street/Sidewalk,Street & Sidewalk,Shotgun,,C
225531687,202379212,2024-10-11,Buffalo,NY0140100,13A,W,W,N,F,28,R,N,FR;ST,Highway/Road/Alley/Street/Sidewalk,Street & Sidewalk,Firearm,,C
225531688,202379212,2024-10-11,Buffalo,NY0140100,13A,B,B,N,F,64,R,N,ST,Highway/Road/Alley/Street/Sidewalk,Street & Sidewalk,Firearm,,C
227888426,204432621,2024-10-11,Buffalo,NY0140100,13A,W,W,N,M,42,R,N,RU,Highway/Road/Alley/Street/Sidewalk,Street & Sidewalk,Firearm;Personal Weapons,,C
225389098,202245715,2024-10-12,Buffalo,NY0140100,13A,H,B,H,F,28,R,Y,XS,Residence/Home,Home,Firearm,Minor Injury,C
225431085,202284309,2024-10-12,Buffalo,NY0140100,13A,B,B,N,F,40,R,Y,XS,Residence/Home,Home,Personal Weapons,Minor Injury,C
225431124,202284347,2024-10-12,Buffalo,NY0140100,13A,B,B,N,F,27,R,Y,XS,Residence/Home,Home,Personal Weapons,,C
225532305,202379791,2024-10-12,Buffalo,NY0140100,13A,B,B,N,M,34,R,N,RU,Highway/Road/Alley/Street/Sidewalk,Street & Sidewalk,Knife/Cutting Instrument,Severe Laceration,C
225532306,202379792,2024-10-12,Buffalo,NY0140100,13A,B,B,N,F,24,R,N,RU,Residence/Home,Home,Knife/Cutting Instrument,Minor Injury,C
225580456,202425307,2024-10-12,Buffalo,NY0140100,13A,W,W,U,F,52,R,N,AQ,Highway/Road/Alley/Street/Sidewalk,Street & Sidewalk,Firearm,,C
225480524,202330813,2024-10-13,Buffalo,NY0140100,13A,B,B,N,M,30,R,N,RU,Highway/Road/Alley/Street/Sidewalk,Street & Sidewalk,Personal Weapons,Minor Injury,C
225580162,202425031,2024-10-13,Buffalo,NY0140100,13A,B,B,N,M,29,R,N,RU,Highway/Road/Alley/Street/Sidewalk,Street & Sidewalk,Knife/Cutting Instrument,Minor Injury,C
225580458,202425308,2024-10-13,Buffalo,NY0140100,13A,B,B,U,M,28,R,N,NE,Residence/Home,Home,Knife/Cutting Instrument,,C
225388319,202244988,2024-10-14,Buffalo,NY0140100,13A,B,B,N,M,39,R,N,PA,Residence/Home,Home,Knife/Cutting Instrument,Minor Injury,C
225388488,202245147,2024-10-14,Buffalo,NY0140100,13A,B,B,N,F,22,R,N,NE,Residence/Home,Home,Knife/Cutting Instrument,Severe Laceration,C
225531583,202379111,2024-10-14,Buffalo,NY0140100,13A,H,W,H,F,29,R,Y,XS,Residence/Home,Home,Personal Weapons,Minor Injury;Unconscious,C
225531646,202379171,2024-10-14,Buffalo,NY0140100,13A,B,B,N,M,49,R,N,RU,Highway/Road/Alley/Street/Sidewalk,Street & Sidewalk,Knife/Cutting Instrument,Severe Laceration,C
225453919,202305915,2024-10-15,Buffalo,NY0140100,13A,B,B,N,M,24,R,N,RU,Highway/Road/Alley/Street/Sidewalk,Street & Sidewalk,Firearm,Possible Internal Injury,C
225387779,202244478,2024-10-16,Buffalo,NY0140100,13A,U,U,U,F,53,R,N,RU,Drug Store/Doctor's Office/Hospital,Hospital & Clinic,Personal Weapons,Minor Injury,C
225506314,202355268,2024-10-16,Buffalo,NY0140100,13A,W,W,N,M,28,R,N,ST,Highway/Road/Alley/Street/Sidewalk,Street & Sidewalk,Knife/Cutting Instrument;Personal Weapons,Minor Injury;Possible Internal Injury,C
225556898,202402965,2024-10-16,Buffalo,NY0140100,13A,W,W,N,F,57,R,N,AQ,Residence/Home,Home,Personal Weapons,Minor Injury,C
225505421,202354427,2024-10-17,Buffalo,NY0140100,13A,B,B,N,F,28,R,N,NE,Highway/Road/Alley/Street/Sidewalk,Street & Sidewalk,Knife/Cutting Instrument,,C
225531347,202378886,2024-10-17,Buffalo,NY0140100,13A,B,B,N,F,26,R,N,NE,Residence/Home,Home,Firearm,,C
225556207,202402308,2024-10-17,Buffalo,NY0140100,13A,B,B,N,M,26,R,Y,AQ;XS,Residence/Home,Home,Blunt Object,Minor Injury,C
225579952,202424833,2024-10-17,Buffalo,NY0140100,13A,W,W,N,M,48,R,N,NE,Residence/Home,Home,Knife/Cutting Instrument,,C
225580781,202425602,2024-10-17,Buffalo,NY0140100,13A,B,B,U,F,36,R,N,RU,Highway/Road/Alley/Street/Sidewalk,Street & Sidewalk,Other,Minor Injury,C
232388503,208369431,2024-10-17,Buffalo,NY0140100,13A,B,B,N,F,34,R,N,ST,Highway/Road/Alley/Street/Sidewalk,Street & Sidewalk,Personal Weapons,Minor Injury,C
225480925,202331185,2024-10-18,Buffalo,NY0140100,13A,W,W,N,F,43,R,Y,XS,Highway/Road/Alley/Street/Sidewalk,Street & Sidewalk,Knife/Cutting Instrument,Minor Injury,C
225430743,202283998,2024-10-19,Buffalo,NY0140100,13A,W,W,N,F,45,N,N,RU,Restaurant,Restaurant,Personal Weapons,Minor Injury,C
225454927,202306841,2024-10-19,Buffalo,NY0140100,13A,W,W,N,F,51,R,N,ST,Highway/Road/Alley/Street/Sidewalk,Street & Sidewalk,Knife/Cutting Instrument,,C
225532105,202379608,2024-10-19,Buffalo,NY0140100,13A,B,B,N,M,48,R,N,ST,Residence/Home,Home,Knife/Cutting Instrument,Minor Injury,C
232388101,208369059,2024-10-19,Buffalo,NY0140100,13A,U,U,N,F,18,R,Y,XS,Residence/Home,Home,Other,,C
225454064,202306044,2024-10-21,Buffalo,NY0140100,13A,A,A,N,M,49,R,N,FR,Parking/Drop Lot/Garage,Parking Lot,Knife/Cutting Instrument,Severe Laceration,C
225454746,202306673,2024-10-21,Buffalo,NY0140100,13A,H,W,H,M,29,N,N,RU,Highway/Road/Alley/Street/Sidewalk,Street & Sidewalk,Firearm,Minor Injury;Possible Internal Injury,C
225454832,202306754,2024-10-21,Buffalo,NY0140100,13A,B,B,N,F,29,R,Y,XS,Residence/Home,Home,Personal Weapons,Minor Injury;Unconscious,C
225505273,202354284,2024-10-21,Buffalo,NY0140100,13A,H,W,H,M,23,R,N,RU,Highway/Road/Alley/Street/Sidewalk,Street & Sidewalk,Firearm,Minor Injury,C
225579677,202424580,2024-10-21,Buffalo,NY0140100,13A,B,B,N,F,39,R,N,NE,Residence/Home,Home,Knife/Cutting Instrument,Severe Laceration,C
225541234,202388104,2024-10-22,Buffalo,NY0140100,13A,A,A,N,M,,R,N,RU,Service/Gas Station,Gas Station,Knife/Cutting Instrument,,C
225580593,202425428,2024-10-22,Buffalo,NY0140100,13A,B,B,N,F,28,R,Y,XS,Residence/Home,Home,Personal Weapons,Minor Injury;Unconscious,C
225580709,202425538,2024-10-22,Buffalo,NY0140100,13A,B,B,N,M,30,N,N,RU,Highway/Road/Alley/Street/Sidewalk,Street & Sidewalk,Knife/Cutting Instrument,Severe Laceration,C
225439025,202291826,2024-10-23,Buffalo,NY0140100,13A,W,W,N,M,34,R,N,IL,Highway/Road/Alley/Street/Sidewalk,Street & Sidewalk,Motor Vehicle/Vessel,,C
225555980,202402091,2024-10-24,Buffalo,NY0140100,13A,W,W,N,F,33,R,N,RU,Highway/Road/Alley/Street/Sidewalk,Street & Sidewalk,Firearm,,C
225388716,202245362,2024-10-25,Buffalo,NY0140100,13A,B,B,N,M,36,R,N,OF,Residence/Home,Home,Knife/Cutting Instrument,,C
225454801,202306724,2024-10-25,Buffalo,NY0140100,13A,B,B,N,F,40,R,Y,XS,Residence/Home,Home,Firearm,,C
225480970,202331229,2024-10-25,Buffalo,NY0140100,13A,B,B,N,M,37,R,N,RU,Highway/Road/Alley/Street/Sidewalk,Street & Sidewalk,Firearm,,C
227872116,204417158,2024-10-25,Buffalo,NY0140100,13A,A,A,N,M,56,R,N,NE,Residence/Home,Home,Personal Weapons,Possible Internal Injury;Severe Laceration,C
225430047,202283341,2024-10-26,Buffalo,NY0140100,13A,B,B,U,M,55,N,N,PA,Residence/Home,Home,Knife/Cutting Instrument,,C
225531733,202379253,2024-10-26,Buffalo,NY0140100,13A,B,B,N,F,32,R,Y,XS,Residence/Home,Home,Knife/Cutting Instrument,,C
225579844,202424734,2024-10-26,Buffalo,NY0140100,13A,B,B,N,F,24,R,Y,XS,Residence/Home,Home,Personal Weapons,Minor Injury,C
225580242,202425106,2024-10-26,Buffalo,NY0140100,13A,B,B,U,M,26,R,N,RU,Parking/Drop Lot/Garage,Parking Lot,Firearm,Possible Internal Injury,C
225580243,202425106,2024-10-26,Buffalo,NY0140100,13A,U,U,U,F,15,R,N,RU,Parking/Drop Lot/Garage,Parking Lot,Firearm,Possible Internal Injury,C
225429807,202283113,2024-10-27,Buffalo,NY0140100,13A,W,W,N,M,25,N,N,ST,Highway/Road/Alley/Street/Sidewalk,Street & Sidewalk,Firearm,,C
225429981,202283281,2024-10-27,Buffalo,NY0140100,13A,H,W,H,M,31,R,N,RU,Other/Unknown,Other & Unknown,Firearm;Handgun,Minor Injury;Possible Internal Injury,C
225505509,202354509,2024-10-27,Buffalo,NY0140100,13A,W,W,N,M,36,R,N,ST,Liquor Store,Liquor Store,Knife/Cutting Instrument,,C
225531105,202378658,2024-10-27,Buffalo,NY0140100,13A,B,B,U,M,46,R,N,AQ,Residence/Home,Home,Other,Severe Laceration,C
225556337,202402429,2024-10-27,Buffalo,NY0140100,13A,B,B,U,F,27,R,N,ST,Highway/Road/Alley/Street/Sidewalk,Street & Sidewalk,Personal Weapons,Minor Injury,C
225430179,202283465,2024-10-28,Buffalo,NY0140100,13A,W,W,N,M,60,R,N,FR,Residence/Home,Home,Blunt Object,Possible Internal Injury,C
225454148,202306122,2024-10-28,Buffalo,NY0140100,13A,B,B,N,F,40,R,N,RU,Residence/Home,Home,Knife/Cutting Instrument,Severe Laceration,C
225505590,202354589,2024-10-28,Buffalo,NY0140100,13A,W,W,N,F,52,R,N,RU,Highway/Road/Alley/Street/Sidewalk,Street & Sidewalk,Knife/Cutting Instrument,Minor Injury,C
225505746,202354730,2024-10-28,Buffalo,NY0140100,13A,B,B,N,F,42,R,N,PA,Residence/Home,Home,Knife/Cutting Instrument,,C
225531739,202379259,2024-10-28,Buffalo,NY0140100,13A,H,W,H,M,37,R,N,RU,Highway/Road/Alley/Street/Sidewalk,Street & Sidewalk,Knife/Cutting Instrument,Minor Injury,C
225556338,202402430,2024-10-28,Buffalo,NY0140100,13A,B,B,N,M,36,N,N,RU,Highway/Road/Alley/Street/Sidewalk,Street & Sidewalk,Handgun,Minor Injury;Possible Internal Injury,C
228323682,204814946,2024-10-28,Buffalo,NY0140100,13A,B,B,N,M,49,R,N,AQ;RU,Highway/Road/Alley/Street/Sidewalk,Street & Sidewalk,Blunt Object,Minor Injury,C
231030365,207181573,2024-10-28,Buffalo,NY0140100,13A,B,B,N,F,,R,N,RU;ST,Drug Store/Doctor's Office/Hospital,Hospital & Clinic,Knife/Cutting Instrument,,C
225454359,202306312,2024-10-29,Buffalo,NY0140100,13A,B,B,N,M,41,R,N,ST,Shelter-Mission/Homeless,Shelter,Knife/Cutting Instrument,,C
225580176,202425044,2024-10-29,Buffalo,NY0140100,13A,W,W,N,M,,R,N,ST,Service/Gas Station,Gas Station,Knife/Cutting Instrument,,C
227913167,204456016,2024-10-29,Buffalo,NY0140100,13A,H,B,H,M,15,R,N,AQ,Park/Playground,Park & Playground,Personal Weapons,Apparent Broken Bones;Other Major Injury;Unconscious,C
225505361,202354369,2024-10-30,Buffalo,NY0140100,13A,W,W,U,M,28,R,N,RU,Highway/Road/Alley/Street/Sidewalk,Street & Sidewalk,Knife/Cutting Instrument,Minor Injury,C
232386918,208367965,2024-10-30,Buffalo,NY0140100,13A,B,B,N,M,37,R,N,AQ;RU,Residence/Home,Home,Knife/Cutting Instrument;Personal Weapons,Severe Laceration,C
225480685,202330959,2024-10-31,Buffalo,NY0140100,13A,B,B,U,F,23,R,N,OF,Restaurant,Restaurant,Firearm,Minor Injury,C
227870927,204416057,2024-11-01,Buffalo,NY0140100,13A,W,W,N,M,43,R,N,ST,Parking/Drop Lot/Garage,Parking Lot,Knife/Cutting Instrument,Severe Laceration,C
227872350,204417377,2024-11-01,Buffalo,NY0140100,13A,B,B,N,F,18,R,Y,XS,Highway/Road/Alley/Street/Sidewalk,Street & Sidewalk,Personal Weapons,Minor Injury,C
227887042,204431305,2024-11-01,Buffalo,NY0140100,13A,B,B,N,F,29,R,N,AQ,Residence/Home,Home,Knife/Cutting Instrument,,C
227895287,204439098,2024-11-01,Buffalo,NY0140100,13A,B,B,N,M,68,R,N,RU,Highway/Road/Alley/Street/Sidewalk,Street & Sidewalk,Knife/Cutting Instrument,,C
227895288,204439099,2024-11-01,Buffalo,NY0140100,13A,B,B,N,F,30,R,N,RU,Residence/Home,Home,Blunt Object;Personal Weapons,Minor Injury,C
227895289,204439099,2024-11-01,Buffalo,NY0140100,13A,B,B,N,F,30,R,N,RU,Residence/Home,Home,Blunt Object;Personal Weapons,Minor Injury,C
227905170,204448448,2024-11-01,Buffalo,NY0140100,13A,B,B,N,M,25,R,N,OF,Residence/Home,Home,Firearm,,C
232385956,208367080,2024-11-01,Buffalo,NY0140100,13A,A,A,N,M,37,N,N,ST,Highway/Road/Alley/Street/Sidewalk,Street & Sidewalk,Firearm,Minor Injury,C
232388926,208369766,2024-11-01,Buffalo,NY0140100,13A,B,B,N,F,24,R,N,SB,Residence/Home,Home,Knife/Cutting Instrument,Other Major Injury,C
227872033,204417082,2024-11-02,Buffalo,NY0140100,13A,H,W,H,F,48,R,N,RU,Grocery/Supermarket,Grocery Store,Knife/Cutting Instrument,,C
227872037,204417086,2024-11-02,Buffalo,NY0140100,13A,H,W,H,M,41,R,N,SB,Residence/Home,Home,Firearm,Minor Injury,C
227878060,204422796,2024-11-02,Buffalo,NY0140100,13A,B,B,N,M,,R,N,RU,Other/Unknown,Other & Unknown,Firearm,,C
227887053,204431316,2024-11-02,Buffalo,NY0140100,13A,B,B,N,F,17,R,Y,BG;ST,Highway/Road/Alley/Street/Sidewalk,Street & Sidewalk,Blunt Object,,C
227896692,204440412,2024-11-02,Buffalo,NY0140100,13A,W,W,N,F,28,R,N,AQ,Residence/Home,Home,Knife/Cutting Instrument,Minor Injury,C
228364778,204853606,2024-11-02,Buffalo,NY0140100,13A,W,W,U,M,19,R,N,RU,Highway/Road/Alley/Street/Sidewalk,Street & Sidewalk,Personal Weapons,Apparent Broken Bones,C
232385997,208367117,2024-11-02,Buffalo,NY0140100,13A,W,W,N,M,63,R,Y,BG,Residence/Home,Home,Other,Minor Injury,C
227870969,204416098,2024-11-03,Buffalo,NY0140100,13A,B,B,N,F,29,R,Y,XS,Residence/Home,Home,Knife/Cutting Instrument,,C
227878475,204423185,2024-11-04,Buffalo,NY0140100,13A,W,W,N,F,37,N,N,RU,Highway/Road/Alley/Street/Sidewalk,Street & Sidewalk,Knife/Cutting Instrument,Other Major Injury,C
227886973,204431236,2024-11-04,Buffalo,NY0140100,13A,H,B,H,F,51,R,Y,XS,Residence/Home,Home,Personal Weapons,Other Major Injury;Possible Internal Injury;Severe Laceration,C
227903284,204446687,2024-11-04,Buffalo,NY0140100,13A,U,U,U,M,19,N,N,RU,Highway/Road/Alley/Street/Sidewalk,Street & Sidewalk,Firearm,Other Major Injury,C
227870792,204415930,2024-11-05,Buffalo,NY0140100,13A,W,W,N,F,68,R,Y,SE,Residence/Home,Home,Personal Weapons,Minor Injury,C
227886917,204431183,2024-11-05,Buffalo,NY0140100,13A,B,B,U,M,59,R,N,RU,Residence/Home,Home,Knife/Cutting Instrument,Possible Internal Injury;Severe Laceration,C
227903579,204446971,2024-11-05,Buffalo,NY0140100,13A,B,B,N,M,24,R,N,ST,Service/Gas Station,Gas Station,Knife/Cutting Instrument,,C
231061283,207210738,2024-11-05,Buffalo,NY0140100,13A,W,W,U,M,14,R,N,RU,Residence/Home,Home,Firearm,,C
227853622,204399595,2024-11-06,Buffalo,NY0140100,13A,B,B,U,F,60,R,N,PA,Residence/Home,Home,Personal Weapons,Other Major Injury;Possible Internal Injury,C
227854536,204400459,2024-11-06,Buffalo,NY0140100,13A,W,W,N,M,28,R,N,NE,Residence/Home,Home,Knife/Cutting Instrument,,C
227878318,204423039,2024-11-07,Buffalo,NY0140100,13A,W,W,N,F,39,N,N,RU,Highway/Road/Alley/Street/Sidewalk,Street & Sidewalk,Knife/Cutting Instrument,,C
227894424,204438306,2024-11-07,Buffalo,NY0140100,13A,H,W,H,F,32,R,N,NE,Residence/Home,Home,Shotgun,,C
231030596,207181793,2024-11-07,Buffalo,NY0140100,13A,B,B,N,F,41,R,N,RU,Highway/Road/Alley/Street/Sidewalk,Street & Sidewalk,Firearm,,C
231030597,207181793,2024-11-07,Buffalo,NY0140100,13A,B,B,N,F,41,R,N,RU,Highway/Road/Alley/Street/Sidewalk,Street & Sidewalk,Firearm,,C
227853521,204399498,2024-11-08,Buffalo,NY0140100,13A,A,A,N,M,15,R,N,RU,Highway/Road/Alley/Street/Sidewalk,Street & Sidewalk,Firearm,,C
227853650,204399619,2024-11-09,Buffalo,NY0140100,13A,B,B,N,M,26,R,Y,XS,Residence/Home,Home,Knife/Cutting Instrument,,C
227854611,204400532,2024-11-09,Buffalo,NY0140100,13A,U,U,U,F,,R,N,ST,Drug Store/Doctor's Office/Hospital,Hospital & Clinic,Personal Weapons,Minor Injury,C
227862018,204407592,2024-11-09,Buffalo,NY0140100,13A,B,B,N,M,62,R,N,OF,Residence/Home,Home,Personal Weapons,Minor Injury,C
227862022,204407596,2024-11-09,Buffalo,NY0140100,13A,B,B,N,M,65,R,Y,XS,Residence/Home,Home,Knife/Cutting Instrument,Minor Injury,C
232388067,208369028,2024-11-09,Buffalo,NY0140100,13A,B,B,U,M,44,R,N,AQ,Highway/Road/Alley/Street/Sidewalk,Street & Sidewalk,Firearm;Handgun,Apparent Broken Bones;Other Major Injury;Possible Internal Injury,C
227854656,204400575,2024-11-10,Buffalo,NY0140100,13A,B,B,N,M,35,R,N,ST,Residence/Home,Home,Knife/Cutting Instrument,Minor Injury,C
227854657,204400575,2024-11-10,Buffalo,NY0140100,13A,B,B,N,F,32,R,Y,XS,Residence/Home,Home,Knife/Cutting Instrument,Minor Injury,C
227854662,204400578,2024-11-10,Buffalo,NY0140100,13A,H,W,H,M,23,N,N,FR,Highway/Road/Alley/Street/Sidewalk,Street & Sidewalk,Knife/Cutting Instrument,,C
227879054,204423729,2024-11-11,Buffalo,NY0140100,13A,B,B,N,M,54,R,N,PA,Residence/Home,Home,Knife/Cutting Instrument,Severe Laceration,C
227879112,204423786,2024-11-11,Buffalo,NY0140100,13A,B,B,N,M,63,R,N,RU,Residence/Home,Home,Firearm,,C
227895216,204439031,2024-11-11,Buffalo,NY0140100,13A,W,W,N,F,46,R,Y,BG,Residence/Home,Home,Blunt Object,Severe Laceration,C
227887157,204431413,2024-11-12,Buffalo,NY0140100,13A,B,B,N,F,37,R,Y,BG,Residence/Home,Home,Personal Weapons,Minor Injury,C
227903791,204447169,2024-11-12,Buffalo,NY0140100,13A,W,W,U,M,33,R,N,RU,Highway/Road/Alley/Street/Sidewalk,Street & Sidewalk,Firearm,,C
227862819,204408351,2024-11-13,Buffalo,NY0140100,13A,U,U,U,M,20,R,N,AQ,Residence/Home,Home,Other,,C
227862875,204408404,2024-11-13,Buffalo,NY0140100,13A,B,B,N,F,37,R,N,RU,Community Center,Community Center,Personal Weapons,,C
227895074,204438900,2024-11-13,Buffalo,NY0140100,13A,W,W,N,M,60,R,N,RU,Highway/Road/Alley/Street/Sidewalk,Street & Sidewalk,Personal Weapons,Other Major Injury,C
227853538,204399515,2024-11-14,Buffalo,NY0140100,13A,U,U,U,F,45,R,N,ST,Highway/Road/Alley/Street/Sidewalk,Street & Sidewalk,Other,,C
227878117,204422851,2024-11-14,Buffalo,NY0140100,13A,U,U,U,M,22,R,N,ST,Residence/Home,Home,Knife/Cutting Instrument,,C
227878118,204422851,2024-11-14,Buffalo,NY0140100,13A,U,U,U,F,22,R,N,ST,Residence/Home,Home,Knife/Cutting Instrument,Minor Injury,C
227878409,204423125,2024-11-14,Buffalo,NY0140100,13A,H,W,H,M,36,R,N,RU,Parking/Drop Lot/Garage,Parking Lot,Other,Minor Injury,C
227886929,204431194,2024-11-14,Buffalo,NY0140100,13A,B,B,N,F,26,R,Y,BG,Highway/Road/Alley/Street/Sidewalk,Street & Sidewalk,Personal Weapons,Apparent Broken Bones;Possible Internal Injury,C
227886965,204431228,2024-11-14,Buffalo,NY0140100,13A,B,B,N,F,39,R,N,AQ,Residence/Home,Home,Firearm,,C
227903101,204446514,2024-11-14,Buffalo,NY0140100,13A,W,W,N,M,24,R,N,RU,Department/Discount Store,Department Store,Handgun,,C
227911265,204454239,2024-11-14,Buffalo,NY0140100,13A,W,W,N,M,,R,N,ST,Parking/Drop Lot/Garage,Parking Lot,Firearm,,C
227853699,204399668,2024-11-15,Buffalo,NY0140100,13A,B,B,N,M,21,R,N,RU,Highway/Road/Alley/Street/Sidewalk,Street & Sidewalk,Knife/Cutting Instrument,Minor Injury,C
227904756,204448062,2024-11-15,Buffalo,NY0140100,13A,W,W,U,M,12,N,N,ST,Highway/Road/Alley/Street/Sidewalk,Street & Sidewalk,Knife/Cutting Instrument,,C
227912927,204455799,2024-11-16,Buffalo,NY0140100,13A,B,B,N,F,28,R,N,ST,Highway/Road/Alley/Street/Sidewalk,Street & Sidewalk,Other,Minor Injury,C
227912937,204455806,2024-11-16,Buffalo,NY0140100,13A,B,B,N,M,30,R,N,RU,Residence/Home,Home,Firearm,Minor Injury;Possible Internal Injury,C
227895198,204439017,2024-11-17,Buffalo,NY0140100,13A,W,W,N,F,26,R,N,NE,Highway/Road/Alley/Street/Sidewalk,Street & Sidewalk,Knife/Cutting Instrument,,C
227895199,204439017,2024-11-17,Buffalo,NY0140100,13A,B,B,N,M,24,R,N,NE,Highway/Road/Alley/Street/Sidewalk,Street & Sidewalk,Knife/Cutting Instrument,,C
227895502,204439299,2024-11-17,Buffalo,NY0140100,13A,B,B,N,F,28,R,N,AQ,Parking/Drop Lot/Garage,Parking Lot,Handgun,,C
227911880,204454817,2024-11-17,Buffalo,NY0140100,13A,B,B,N,F,35,R,N,SB,Residence/Home,Home,Handgun,,C
232386093,208367208,2024-11-17,Buffalo,NY0140100,13A,W,W,N,M,38,R,Y,BG,Residence/Home,Home,Knife/Cutting Instrument,Minor Injury,C
227895203,204439020,2024-11-18,Buffalo,NY0140100,13A,B,B,N,F,29,R,N,RU,Highway/Road/Alley/Street/Sidewalk,Street & Sidewalk,Knife/Cutting Instrument,,C
227903868,204447243,2024-11-18,Buffalo,NY0140100,13A,H,W,H,F,24,R,Y,SE,Residence/Home,Home,Personal Weapons,Minor Injury,C
227887222,204431477,2024-11-19,Buffalo,NY0140100,13A,H,W,H,M,35,N,N,RU,Parking/Drop Lot/Garage,Parking Lot,Handgun;Personal Weapons,Minor Injury;Possible Internal Injury,C
227912039,204454969,2024-11-19,Buffalo,NY0140100,13A,B,B,N,F,31,R,N,RU,Department/Discount Store,Department Store,Firearm,Minor Injury,C
232387312,208368331,2024-11-19,Buffalo,NY0140100,13A,W,W,N,F,42,R,N,ST,Highway/Road/Alley/Street/Sidewalk,Street & Sidewalk,Knife/Cutting Instrument,,C
227853910,204399866,2024-11-20,Buffalo,NY0140100,13A,H,W,H,M,19,R,N,RU,Restaurant,Restaurant,Knife/Cutting Instrument,,C
227862256,204407818,2024-11-20,Buffalo,NY0140100,13A,B,B,N,M,13,R,N,RU,Highway/Road/Alley/Street/Sidewalk,Street & Sidewalk,Knife/Cutting Instrument,,C
227903102,204446515,2024-11-20,Buffalo,NY0140100,13A,H,W,H,F,40,R,N,RU,Residence/Home,Home,Blunt Object;Other,Minor Injury,C
227911296,204454269,2024-11-20,Buffalo,NY0140100,13A,B,B,N,F,55,R,N,OF,Residence/Home,Home,Firearm,,C
227853917,204399872,2024-11-21,Buffalo,NY0140100,13A,B,B,U,M,40,N,N,OK,Residence/Home,Home,Other,Minor Injury,C
227854057,204400008,2024-11-21,Buffalo,NY0140100,13A,W,W,N,M,27,R,N,RU,Residence/Home,Home,Personal Weapons,Apparent Broken Bones;Other Major Injury;Severe Laceration,C
227862588,204408132,2024-11-21,Buffalo,NY0140100,13A,H,W,H,F,31,R,N,RU,Restaurant,Restaurant,Personal Weapons,Minor Injury,C
227886967,204431230,2024-11-21,Buffalo,NY0140100,13A,W,W,N,F,26,R,N,NE,Residence/Home,Home,Knife/Cutting Instrument;Other;Personal Weapons,,C
227911759,204454705,2024-11-21,Buffalo,NY0140100,13A,B,B,N,M,33,R,N,ST,Highway/Road/Alley/Street/Sidewalk,Street & Sidewalk,Knife/Cutting Instrument,,C
231045758,207196056,2024-11-21,Buffalo,NY0140100,13A,B,B,N,M,40,R,N,RU,Highway/Road/Alley/Street/Sidewalk,Street & Sidewalk,Knife/Cutting Instrument,Severe Laceration,C
227878375,204423092,2024-11-22,Buffalo,NY0140100,13A,B,B,N,M,59,R,N,RU,Service/Gas Station,Gas Station,Knife/Cutting Instrument,,C
227886691,204430975,2024-11-22,Buffalo,NY0140100,13A,B,B,N,F,44,R,N,AQ,Residence/Home,Home,Knife/Cutting Instrument,,C
227879489,204424147,2024-11-23,Buffalo,NY0140100,13A,W,W,N,M,22,U,N,RU,Service/Gas Station,Gas Station,Firearm,,C
227895666,204439447,2024-11-23,Buffalo,NY0140100,13A,U,U,U,M,22,R,Y,BG,Residence/Home,Home,Other,Other Major Injury,C
232386057,208367173,2024-11-23,Buffalo,NY0140100,13A,B,B,N,F,42,R,N,SB,Residence/Home,Home,Handgun,,C
232387743,208368723,2024-11-23,Buffalo,NY0140100,13A,W,W,U,F,37,R,Y,XS,Highway/Road/Alley/Street/Sidewalk,Street & Sidewalk,Blunt Object,Minor Injury,C
227878362,204423081,2024-11-24,Buffalo,NY0140100,13A,W,W,N,M,21,N,N,ST,Bar/Nightclub,Bar & Nightclub,Blunt Object,Severe Laceration,C
227886160,204430469,2024-11-24,Buffalo,NY0140100,13A,H,W,H,F,33,R,N,PA,Residence/Home,Home,Knife/Cutting Instrument,,C
227903022,204446439,2024-11-24,Buffalo,NY0140100,13A,B,B,N,F,32,R,N,SB,Residence/Home,Home,Knife/Cutting Instrument,Minor Injury,C
227862758,204408293,2024-11-25,Buffalo,NY0140100,13A,B,B,U,F,27,R,Y,BG,Residence/Home,Home,Personal Weapons,Minor Injury,C
227878302,204423024,2024-11-25,Buffalo,NY0140100,13A,B,B,N,F,49,R,Y,BG,Residence/Home,Home,Knife/Cutting Instrument,,C
227886329,204430632,2024-11-25,Buffalo,NY0140100,13A,H,W,H,M,21,R,N,AQ,Highway/Road/Alley/Street/Sidewalk,Street & Sidewalk,Blunt Object;Knife/Cutting Instrument,,C
232387066,208368104,2024-11-25,Buffalo,NY0140100,13A,B,B,N,M,17,R,N,RU,Residence/Home,Home,Other,Minor Injury,C
227853729,204399694,2024-11-26,Buffalo,NY0140100,13A,B,B,N,M,29,R,N,AQ,Residence/Home,Home,Knife/Cutting Instrument,Severe Laceration,C
227869975,204415151,2024-11-26,Buffalo,NY0140100,13A,H,W,H,M,31,R,N,FR,Highway/Road/Alley/Street/Sidewalk,Street & Sidewalk,Firearm,,C
227878094,204422828,2024-11-26,Buffalo,NY0140100,13A,B,B,N,F,32,R,Y,XS,Residence/Home,Home,Blunt Object,Minor Injury,C
232385877,208367006,2024-11-26,Buffalo,NY0140100,13A,B,B,N,M,38,R,Y,SE,Residence/Home,Home,Personal Weapons,Minor Injury,C
227861981,204407556,2024-11-27,Buffalo,NY0140100,13A,W,W,N,F,26,R,N,RU,Highway/Road/Alley/Street/Sidewalk,Street & Sidewalk,Blunt Object;Personal Weapons,Minor Injury;Possible Internal Injury,C
227878196,204422928,2024-11-27,Buffalo,NY0140100,13A,B,B,N,F,38,R,Y,XS,Highway/Road/Alley/Street/Sidewalk,Street & Sidewalk,Firearm;Personal Weapons,Minor Injury,C
228349174,204838733,2024-11-27,Buffalo,NY0140100,13A,H,W,H,M,22,R,N,RU,Convenience Store,Convenience Store,Knife/Cutting Instrument,,C
228380802,204868867,2024-11-27,Buffalo,NY0140100,13A,B,B,N,M,33,R,N,NE,Highway/Road/Alley/Street/Sidewalk,Street & Sidewalk,Firearm,Minor Injury,C
227880152,204424742,2024-11-28,Buffalo,NY0140100,13A,W,W,N,F,28,R,Y,XS,Residence/Home,Home,Personal Weapons,Minor Injury,C
227887265,204431519,2024-11-28,Buffalo,NY0140100,13A,B,B,U,M,43,R,Y,XS,Residence/Home,Home,Other,Minor Injury,C
231045774,207196072,2024-11-28,Buffalo,NY0140100,13A,B,B,N,F,30,R,N,AQ,Highway/Road/Alley/Street/Sidewalk,Street & Sidewalk,Other,Other Major Injury,C
232387115,208368153,2024-11-28,Buffalo,NY0140100,13A,B,B,N,M,29,R,Y,BG,Residence/Home,Home,Knife/Cutting Instrument,Severe Laceration,C
227854483,204400408,2024-11-30,Buffalo,NY0140100,13A,H,W,H,F,48,R,Y,BG,Residence/Home,Home,Other,Minor Injury,C
227895162,204438985,2024-11-30,Buffalo,NY0140100,13A,B,B,N,M,31,R,N,RU,Highway/Road/Alley/Street/Sidewalk,Street & Sidewalk,Firearm;Handgun,Minor Injury,C
227903645,204447034,2024-11-30,Buffalo,NY0140100,13A,B,B,N,F,26,R,Y,AQ;XS,Residence/Home,Home,Personal Weapons,Minor Injury,C
228329598,204820412,2024-11-30,Buffalo,NY0140100,13A,B,B,N,M,42,R,N,AQ,Highway/Road/Alley/Street/Sidewalk,Street & Sidewalk,Firearm,,C
228329599,204820412,2024-11-30,Buffalo,NY0140100,13A,B,B,N,M,44,N,N,AQ,Highway/Road/Alley/Street/Sidewalk,Street & Sidewalk,Firearm,,C
228365119,204853920,2024-11-30,Buffalo,NY0140100,13A,B,B,N,F,29,R,N,AQ,Residence/Home,Home,Knife/Cutting Instrument,,C
232387994,208368958,2024-11-30,Buffalo,NY0140100,13A,B,B,N,F,42,R,Y,XS,Residence/Home,Home,Personal Weapons,Minor Injury,C
228384100,204872005,2024-12-01,Buffalo,NY0140100,13A,B,B,N,M,19,R,N,RU,Highway/Road/Alley/Street/Sidewalk,Street & Sidewalk,Firearm,,C
232385975,208367097,2024-12-03,Buffalo,NY0140100,13A,H,W,H,F,,R,N,ST,Other/Unknown,Other & Unknown,Other,,C
228335622,204825851,2024-12-04,Buffalo,NY0140100,13A,B,B,U,F,26,R,N,ST,Highway/Road/Alley/Street/Sidewalk,Street & Sidewalk,Motor Vehicle/Vessel,Minor Injury,C
228351531,204840958,2024-12-04,Buffalo,NY0140100,13A,B,B,U,F,48,R,N,ST,Residence/Home,Home,Personal Weapons,,C
228383142,204871089,2024-12-04,Buffalo,NY0140100,13A,B,B,N,F,21,R,N,CH,Residence/Home,Home,Shotgun,Minor Injury,C
228334609,204824886,2024-12-05,Buffalo,NY0140100,13A,W,W,U,M,70,R,N,NE,Highway/Road/Alley/Street/Sidewalk,Street & Sidewalk,Other,Severe Laceration,C
228342559,204832439,2024-12-05,Buffalo,NY0140100,13A,W,W,U,M,30,R,N,RU,Parking/Drop Lot/Garage,Parking Lot,Personal Weapons,Minor Injury,C
228366196,204854954,2024-12-05,Buffalo,NY0140100,13A,W,W,N,M,28,N,N,ST,Parking/Drop Lot/Garage,Parking Lot,Knife/Cutting Instrument,,C
228374586,204862944,2024-12-06,Buffalo,NY0140100,13A,B,B,N,F,35,R,Y,BG,Residence/Home,Home,Asphyxiation;Personal Weapons,Minor Injury,C
231061054,207210517,2024-12-06,Buffalo,NY0140100,13A,W,W,N,M,35,R,N,ST,Service/Gas Station,Gas Station,Knife/Cutting Instrument,,C
228342629,204832508,2024-12-07,Buffalo,NY0140100,13A,B,B,N,M,30,R,N,RU,Highway/Road/Alley/Street/Sidewalk,Street & Sidewalk,Firearm;Handgun,Other Major Injury;Possible Internal Injury;Severe Laceration,C
228350584,204840069,2024-12-07,Buffalo,NY0140100,13A,W,W,N,M,31,R,Y,BG,Residence/Home,Home,Other;Personal Weapons,Minor Injury,C
228364378,204853226,2024-12-07,Buffalo,NY0140100,13A,B,B,N,M,58,R,N,RU,Residence/Home,Home,Firearm,,C
228346812,204836480,2024-12-08,Buffalo,NY0140100,13A,W,W,N,M,52,R,N,AQ,Highway/Road/Alley/Street/Sidewalk,Street & Sidewalk,Firearm,,C
228362598,204851531,2024-12-08,Buffalo,NY0140100,13A,W,W,N,M,63,N,N,AQ,Residence/Home,Home,Blunt Object,Minor Injury,C
228325944,204817093,2024-12-09,Buffalo,NY0140100,13A,B,B,N,M,20,R,N,RU,Convenience Store,Convenience Store,Other,Minor Injury,C
228347658,204837286,2024-12-09,Buffalo,NY0140100,13A,H,W,H,F,34,R,Y,XS,Residence/Home,Home,Knife/Cutting Instrument,,C
228387423,204875164,2024-12-09,Buffalo,NY0140100,13A,B,B,N,F,43,R,Y,SE,Residence/Home,Home,Firearm,Minor Injury,C
228351985,204841398,2024-12-10,Buffalo,NY0140100,13A,W,W,N,F,30,R,N,RU,Residence/Home,Home,Firearm;Personal Weapons,Minor Injury;Possible Internal Injury,C
228355634,204844888,2024-12-10,Buffalo,NY0140100,13A,W,W,N,F,48,R,Y,XS,Residence/Home,Home,Personal Weapons,Minor Injury,C
228359645,204848694,2024-12-10,Buffalo,NY0140100,13A,W,W,N,M,33,R,N,RU,Residence/Home,Home,Knife/Cutting Instrument,,C
228363429,204852330,2024-12-10,Buffalo,NY0140100,13A,B,B,N,F,33,R,Y,BG,Residence/Home,Home,Personal Weapons,Minor Injury,C
228355637,204844891,2024-12-11,Buffalo,NY0140100,13A,B,B,N,F,24,R,Y,XS,Residence/Home,Home,Knife/Cutting Instrument,,C
228372316,204860791,2024-12-11,Buffalo,NY0140100,13A,B,B,U,M,18,R,N,RU,Highway/Road/Alley/Street/Sidewalk,Street & Sidewalk,Firearm,Other Major Injury,C
228387427,204875167,2024-12-11,Buffalo,NY0140100,13A,W,W,N,M,63,R,N,RU,Parking/Drop Lot/Garage,Parking Lot,Firearm,Minor Injury,C
228375939,204864230,2024-12-12,Buffalo,NY0140100,13A,B,B,N,M,25,R,N,FR,Residence/Home,Home,Knife/Cutting Instrument,Minor Injury,C
228343397,204833235,2024-12-13,Buffalo,NY0140100,13A,B,B,U,F,29,R,Y,XS,Residence/Home,Home,Blunt Object,Minor Injury,C
228351184,204840630,2024-12-13,Buffalo,NY0140100,13A,B,B,U,M,,R,N,ST,Specialty Store,Specialty Store,Firearm,,C
228367268,204855977,2024-12-13,Buffalo,NY0140100,13A,B,B,N,F,33,R,Y,XS,Residence/Home,Home,Personal Weapons,,C
228367269,204855977,2024-12-13,Buffalo,NY0140100,13A,B,B,N,M,2,R,N,CH,Residence/Home,Home,Personal Weapons,Minor Injury,C
231092305,207239874,2024-12-13,Buffalo,NY0140100,13A,B,B,N,F,49,R,N,PA,Residence/Home,Home,Firearm,,C
231054111,207203988,2024-12-15,Buffalo,NY0140100,13A,B,B,U,M,57,R,N,FR,Residence/Home,Home,Firearm,,C
228343481,204833316,2024-12-16,Buffalo,NY0140100,13A,U,U,U,M,32,R,N,RU,Highway/Road/Alley/Street/Sidewalk,Street & Sidewalk,Firearm;Handgun,Minor Injury;Possible Internal Injury,C
228343650,204833478,2024-12-16,Buffalo,NY0140100,13A,W,W,N,M,21,R,N,ST,Bar/Nightclub,Bar & Nightclub,Personal Weapons,,C
228351187,204840632,2024-12-16,Buffalo,NY0140100,13A,U,U,U,M,17,R,N,FR,Residence/Home,Home,Firearm,,C
228368052,204856726,2024-12-16,Buffalo,NY0140100,13A,B,B,N,F,38,R,N,AQ,Highway/Road/Alley/Street/Sidewalk,Street & Sidewalk,Blunt Object,,C
228375280,204863599,2024-12-16,Buffalo,NY0140100,13A,B,B,N,F,44,R,Y,XS,Residence/Home,Home,Personal Weapons,,C
228364406,204853250,2024-12-17,Buffalo,NY0140100,13A,H,W,H,M,13,R,N,CH,Residence/Home,Home,Knife/Cutting Instrument,Minor Injury,C
228372359,204860828,2024-12-17,Buffalo,NY0140100,13A,B,B,N,M,22,R,N,NE,Residence/Home,Home,Knife/Cutting Instrument,Possible Internal Injury;Severe Laceration,C
232386809,208367863,2024-12-17,Buffalo,NY0140100,13A,B,B,N,F,44,R,N,AQ,Residence/Home,Home,Other,Minor Injury,C
228343988,204833806,2024-12-18,Buffalo,NY0140100,13A,B,B,N,F,22,R,Y,BG,Residence/Home,Home,Personal Weapons,,C
228360160,204849185,2024-12-18,Buffalo,NY0140100,13A,B,B,N,F,20,R,Y,BG,Highway/Road/Alley/Street/Sidewalk,Street & Sidewalk,Personal Weapons,Minor Injury,C
228375722,204864018,2024-12-18,Buffalo,NY0140100,13A,W,W,N,M,44,N,N,RU,Parking/Drop Lot/Garage,Parking Lot,Handgun,,C
228343961,204833781,2024-12-19,Buffalo,NY0140100,13A,B,B,N,F,38,R,N,RU,Highway/Road/Alley/Street/Sidewalk,Street & Sidewalk,Unknown,Minor Injury,C
228344368,204834171,2024-12-19,Buffalo,NY0140100,13A,W,W,N,M,62,N,N,ST,Highway/Road/Alley/Street/Sidewalk,Street & Sidewalk,Blunt Object;Personal Weapons,,C
228383175,204871121,2024-12-19,Buffalo,NY0140100,13A,W,W,N,F,44,R,N,ST,Highway/Road/Alley/Street/Sidewalk,Street & Sidewalk,Motor Vehicle/Vessel,Minor Injury,C
228343657,204833485,2024-12-20,Buffalo,NY0140100,13A,B,B,N,M,67,N,N,ST,Shelter-Mission/Homeless,Shelter,Knife/Cutting Instrument,,C
228343658,204833486,2024-12-20,Buffalo,NY0140100,13A,U,U,N,F,32,R,Y,SE,Residence/Home,Home,Personal Weapons,Minor Injury;Unconscious,C
228383942,204871855,2024-12-20,Buffalo,NY0140100,13A,B,B,N,F,35,N,N,OF,Residence/Home,Home,Firearm,Minor Injury,C
228351873,204841289,2024-12-21,Buffalo,NY0140100,13A,W,W,N,M,72,R,N,RU,Residence/Home,Home,Blunt Object,,C
228367847,204856531,2024-12-21,Buffalo,NY0140100,13A,B,B,N,F,21,R,N,RU,Highway/Road/Alley/Street/Sidewalk,Street & Sidewalk,Personal Weapons,Minor Injury;Possible Internal Injury,C
228380338,204868422,2024-12-21,Buffalo,NY0140100,13A,B,B,N,M,23,R,N,RU,Highway/Road/Alley/Street/Sidewalk,Street & Sidewalk,Firearm;Handgun,Minor Injury;Possible Internal Injury,C
228339905,204829932,2024-12-22,Buffalo,NY0140100,13A,W,W,N,F,29,R,N,AQ,Highway/Road/Alley/Street/Sidewalk,Street & Sidewalk,Blunt Object,,C
228359971,204849005,2024-12-22,Buffalo,NY0140100,13A,B,B,N,F,28,R,Y,BG,Residence/Home,Home,Knife/Cutting Instrument,Minor Injury,C
228364532,204853370,2024-12-22,Buffalo,NY0140100,13A,B,B,N,F,31,R,Y,BG,Residence/Home,Home,Knife/Cutting Instrument;Personal Weapons,,C
228376046,204864331,2024-12-22,Buffalo,NY0140100,13A,H,W,H,F,19,R,Y,BG,Residence/Home,Home,Firearm,Minor Injury,C
228344171,204833980,2024-12-23,Buffalo,NY0140100,13A,B,B,N,M,21,R,N,RU,Highway/Road/Alley/Street/Sidewalk,Street & Sidewalk,Firearm,,C
228359974,204849008,2024-12-23,Buffalo,NY0140100,13A,B,B,N,M,30,R,N,RU,Restaurant,Restaurant,Firearm,Minor Injury,C
228375982,204864272,2024-12-23,Buffalo,NY0140100,13A,B,B,N,F,28,R,Y,XS,Highway/Road/Alley/Street/Sidewalk,Street & Sidewalk,Knife/Cutting Instrument,,C
228384008,204871919,2024-12-23,Buffalo,NY0140100,13A,W,W,N,M,30,N,N,RU,Service/Gas Station,Gas Station,Knife/Cutting Instrument,,C
228343642,204833470,2024-12-24,Buffalo,NY0140100,13A,H,W,H,F,28,R,Y,BG,Highway/Road/Alley/Street/Sidewalk,Street & Sidewalk,Personal Weapons,Severe Laceration,C
228375225,204863546,2024-12-24,Buffalo,NY0140100,13A,B,B,N,F,32,R,Y,BG,Residence/Home,Home,Personal Weapons,Apparent Broken Bones;Possible Internal Injury,C
228322675,204813975,2024-12-25,Buffalo,NY0140100,13A,B,B,N,M,34,R,Y,BG,Residence/Home,Home,Knife/Cutting Instrument,Minor Injury,C
228322679,204813979,2024-12-25,Buffalo,NY0140100,13A,B,B,N,F,70,R,Y,SE,Residence/Home,Home,Knife/Cutting Instrument;Personal Weapons,Minor Injury,C
228322680,204813980,2024-12-25,Buffalo,NY0140100,13A,B,B,N,M,64,R,N,RU,Highway/Road/Alley/Street/Sidewalk,Street & Sidewalk,Personal Weapons,Minor Injury,C
228344379,204834181,2024-12-25,Buffalo,NY0140100,13A,B,B,N,F,21,R,Y,BG,Residence/Home,Home,Knife/Cutting Instrument,Minor Injury,C
228360181,204849206,2024-12-25,Buffalo,NY0140100,13A,A,A,N,F,34,R,N,AQ,Park/Playground,Park & Playground,Blunt Object,,C
228376023,204864311,2024-12-25,Buffalo,NY0140100,13A,B,B,N,F,24,R,N,FR,Residence/Home,Home,Knife/Cutting Instrument,Minor Injury,C
228383369,204871310,2024-12-25,Buffalo,NY0140100,13A,B,B,N,M,35,R,N,RU,Highway/Road/Alley/Street/Sidewalk,Street & Sidewalk,Personal Weapons,Apparent Broken Bones;Other Major Injury,C
228344232,204834040,2024-12-26,Buffalo,NY0140100,13A,B,B,N,M,49,R,N,ST,Specialty Store,Specialty Store,Knife/Cutting Instrument,Minor Injury,C
228383809,204871727,2024-12-26,Buffalo,NY0140100,13A,H,W,H,M,33,R,N,AQ,Other/Unknown,Other & Unknown,Blunt Object,,C
232386466,208367549,2024-12-26,Buffalo,NY0140100,13A,W,W,N,F,38,R,N,RU,Highway/Road/Alley/Street/Sidewalk,Street & Sidewalk,Knife/Cutting Instrument,Minor Injury,C
228322688,204813988,2024-12-27,Buffalo,NY0140100,13A,B,B,N,F,38,R,Y,BG,Residence/Home,Home,Personal Weapons,Apparent Broken Bones,C
228351903,204841319,2024-12-28,Buffalo,NY0140100,13A,B,B,N,F,27,R,N,ST,Bar/Nightclub,Bar & Nightclub,Knife/Cutting Instrument,Minor Injury,C
228356678,204845886,2024-12-28,Buffalo,NY0140100,13A,U,U,N,M,32,R,N,RU,Highway/Road/Alley/Street/Sidewalk,Street & Sidewalk,Firearm,,C
228371320,204859840,2024-12-28,Buffalo,NY0140100,13A,B,B,U,M,62,R,N,PA,Residence/Home,Home,Firearm,,C
228372491,204860956,2024-12-28,Buffalo,NY0140100,13A,B,B,N,F,37,R,Y,BG,Residence/Home,Home,Firearm,Minor Injury,C
228380469,204868551,2024-12-28,Buffalo,NY0140100,13A,B,B,N,M,45,R,N,RU,Highway/Road/Alley/Street/Sidewalk,Street & Sidewalk,Handgun,Minor Injury,C
228343300,204833143,2024-12-29,Buffalo,NY0140100,13A,H,W,H,F,35,R,N,AQ;ST,Highway/Road/Alley/Street/Sidewalk,Street & Sidewalk,Knife/Cutting Instrument,Minor Injury,C
228367976,204856654,2024-12-30,Buffalo,NY0140100,13A,B,B,N,F,36,R,N,OF,Highway/Road/Alley/Street/Sidewalk,Street & Sidewalk,Personal Weapons,Minor Injury;Unconscious,C
228321739,204813066,2024-12-31,Buffalo,NY0140100,13A,H,W,H,M,37,R,N,AQ,Residence/Home,Home,Blunt Object,Minor Injury,C
228343223,204833072,2024-12-31,Buffalo,NY0140100,13A,B,B,N,F,19,R,N,ST,Restaurant,Restaurant,Knife/Cutting Instrument,,C
228351197,204840641,2024-12-31,Buffalo,NY0140100,13A,B,B,N,M,23,R,N,RU,Highway/Road/Alley/Street/Sidewalk,Street & Sidewalk,Knife/Cutting Instrument,Possible Internal Injury;Severe Laceration,C
228367008,204855730,2024-12-31,Buffalo,NY0140100,13A,W,W,U,M,35,R,N,AQ,Residence/Home,Home,Knife/Cutting Instrument,,C
228367011,204855731,2024-12-31,Buffalo,NY0140100,13A,W,W,N,M,50,R,N,ST,Highway/Road/Alley/Street/Sidewalk,Street & Sidewalk,Blunt Object;Knife/Cutting Instrument;Other,,C
231064082,207213334,2025-01-01,Buffalo,NY0140100,13A,B,B,N,M,41,R,N,AQ,Service/Gas Station,Gas Station,Firearm,Other Major Injury;Severe Laceration,C
231110158,207256705,2025-01-01,Buffalo,NY0140100,13A,W,W,N,F,50,R,N,NE,Residence/Home,Home,Personal Weapons,Severe Laceration,C
237198005,212570376,2025-01-01,Buffalo,NY0140100,13A,B,B,N,M,22,R,N,FR,Residence/Home,Home,Knife/Cutting Instrument,,C
241187341,216049156,2025-01-01,Buffalo,NY0140100,13A,B,B,N,F,28,R,N,ST,Highway/Road/Alley/Street/Sidewalk,Street & Sidewalk,Motor Vehicle/Vessel,Other Major Injury,C
246785295,220944439,2025-01-01,Buffalo,NY0140100,13A,W,W,U,M,18,R,N,AQ,Highway/Road/Alley/Street/Sidewalk,Street & Sidewalk,Personal Weapons,Unconscious,C
248020574,222017987,2025-01-01,Buffalo,NY0140100,13A,W,W,N,M,20,R,N,RU,Highway/Road/Alley/Street/Sidewalk,Street & Sidewalk,Personal Weapons,Minor Injury;Possible Internal Injury,C
231064345,207213565,2025-01-02,Buffalo,NY0140100,13A,W,W,N,M,21,R,N,RU,Residence/Home,Home,Knife/Cutting Instrument,,C
231064346,207213565,2025-01-02,Buffalo,NY0140100,13A,B,B,N,M,30,R,N,RU,Residence/Home,Home,Knife/Cutting Instrument,,C
231079443,207227782,2025-01-02,Buffalo,NY0140100,13A,B,B,N,F,20,R,N,RU,Residence/Home,Home,Knife/Cutting Instrument,Possible Internal Injury;Severe Laceration,C
239274375,214381771,2025-01-03,Buffalo,NY0140100,13A,B,B,N,F,27,R,N,AQ,Highway/Road/Alley/Street/Sidewalk,Street & Sidewalk,Personal Weapons,Minor Injury,C
248021317,222018587,2025-01-03,Buffalo,NY0140100,13A,B,B,N,F,30,R,Y,RU;SE,Highway/Road/Alley/Street/Sidewalk,Street & Sidewalk,Personal Weapons,,C
231034153,207185105,2025-01-05,Buffalo,NY0140100,13A,B,B,N,M,40,R,N,RU,Bar/Nightclub,Bar & Nightclub,Personal Weapons,Minor Injury,C
231049238,207199362,2025-01-05,Buffalo,NY0140100,13A,B,B,N,M,24,R,N,ST,Service/Gas Station,Gas Station,Firearm,,C
231049239,207199362,2025-01-05,Buffalo,NY0140100,13A,B,B,N,M,25,R,N,ST,Service/Gas Station,Gas Station,Firearm,,C
231051193,207201203,2025-01-05,Buffalo,NY0140100,13A,B,B,N,F,35,R,N,AQ,Convenience Store,Convenience Store,Personal Weapons,Minor Injury,C
231064855,207214049,2025-01-05,Buffalo,NY0140100,13A,B,B,N,F,24,R,Y,BG,Residence/Home,Home,Personal Weapons,Minor Injury,C
245620606,219923798,2025-01-05,Buffalo,NY0140100,13A,B,B,N,M,42,R,N,FR,Residence/Home,Home,Firearm,Other Major Injury,C
252799612,226198584,2025-01-05,Buffalo,NY0140100,13A,W,W,U,F,30,R,N,OF,Residence/Home,Home,Knife/Cutting Instrument,,C
231050098,207200171,2025-01-06,Buffalo,NY0140100,13A,H,W,H,F,32,R,N,RU,Residence/Home,Home,Blunt Object,,C
232386447,208367533,2025-01-07,Buffalo,NY0140100,13A,B,B,N,M,22,R,N,RU,Residence/Home,Home,Handgun,,C
245583039,219888451,2025-01-07,Buffalo,NY0140100,13A,H,W,H,M,15,R,N,RU,Highway/Road/Alley/Street/Sidewalk,Street & Sidewalk,Firearm,,C
245583040,219888451,2025-01-07,Buffalo,NY0140100,13A,H,W,H,F,15,R,N,RU,Highway/Road/Alley/Street/Sidewalk,Street & Sidewalk,Firearm,,C
231050482,207200540,2025-01-08,Buffalo,NY0140100,13A,W,W,N,F,36,R,N,AQ,Residence/Home,Home,Blunt Object,Minor Injury,C
231035805,207186661,2025-01-09,Buffalo,NY0140100,13A,B,B,U,M,37,R,N,RU,Highway/Road/Alley/Street/Sidewalk,Street & Sidewalk,Knife/Cutting Instrument,,C
248046965,222042536,2025-01-09,Buffalo,NY0140100,13A,B,B,U,M,23,R,Y,BG;RU,Residence/Home,Home,Knife/Cutting Instrument,Severe Laceration,C
231079547,207227874,2025-01-11,Buffalo,NY0140100,13A,B,B,N,F,26,R,Y,XS,Residence/Home,Home,Personal Weapons,Minor Injury,C
232387248,208368274,2025-01-11,Buffalo,NY0140100,13A,W,W,N,M,26,R,Y,BG,Residence/Home,Home,Knife/Cutting Instrument,Minor Injury,C
231033851,207184823,2025-01-12,Buffalo,NY0140100,13A,W,W,N,F,38,R,Y,XS,Highway/Road/Alley/Street/Sidewalk,Street & Sidewalk,Firearm,,C
231033852,207184823,2025-01-12,Buffalo,NY0140100,13A,W,W,N,F,34,R,N,AQ,Highway/Road/Alley/Street/Sidewalk,Street & Sidewalk,Firearm,,C
231049078,207199211,2025-01-12,Buffalo,NY0140100,13A,B,B,N,M,10,R,N,CH,Residence/Home,Home,Other,Minor Injury,C
231079847,207228147,2025-01-12,Buffalo,NY0140100,13A,B,B,N,F,26,R,N,AQ,Residence/Home,Home,Knife/Cutting Instrument,,C
231095314,207242719,2025-01-12,Buffalo,NY0140100,13A,B,B,N,F,19,R,Y,BG,Residence/Home,Home,Knife/Cutting Instrument,,C
248020953,222018276,2025-01-12,Buffalo,NY0140100,13A,B,B,N,F,27,R,Y,BG;RU,Residence/Home,Home,Personal Weapons,Minor Injury,C
248046956,222042530,2025-01-12,Buffalo,NY0140100,13A,W,W,N,F,19,R,Y,XR,Residence/Home,Home,Handgun,,C
248046957,222042530,2025-01-12,Buffalo,NY0140100,13A,W,W,N,F,21,R,N,AQ,Residence/Home,Home,Handgun,,C
252745543,226147848,2025-01-12,Buffalo,NY0140100,13A,B,B,N,F,26,R,Y,BG,Residence/Home,Home,Personal Weapons,Minor Injury;Unconscious,C
231095346,207242751,2025-01-13,Buffalo,NY0140100,13A,B,B,N,M,33,R,Y,BG,Residence/Home,Home,Knife/Cutting Instrument,,C
237212401,212584017,2025-01-13,Buffalo,NY0140100,13A,B,B,N,F,24,R,Y,BG,Residence/Home,Home,Knife/Cutting Instrument,Minor Injury,C
239272363,214379891,2025-01-13,Buffalo,NY0140100,13A,B,B,N,F,37,R,N,AQ;ST,Parking/Drop Lot/Garage,Parking Lot,Personal Weapons,Minor Injury,C
252772703,226173332,2025-01-13,Buffalo,NY0140100,13A,B,B,N,F,36,R,N,AQ,Residence/Home,Home,Blunt Object,Minor Injury,C
231003469,207156171,2025-01-14,Buffalo,NY0140100,13A,W,W,N,M,46,R,N,RU,Highway/Road/Alley/Street/Sidewalk,Street & Sidewalk,Knife/Cutting Instrument,Minor Injury,C
231110706,207257230,2025-01-14,Buffalo,NY0140100,13A,B,B,N,M,73,R,N,PA,Residence/Home,Home,Personal Weapons,Minor Injury,C
245601775,219906054,2025-01-14,Buffalo,NY0140100,13A,W,W,N,M,42,N,N,ST,Highway/Road/Alley/Street/Sidewalk,Street & Sidewalk,Blunt Object,Minor Injury,C
245611236,219914995,2025-01-14,Buffalo,NY0140100,13A,B,B,N,M,45,R,N,FR,Residence/Home,Home,Knife/Cutting Instrument,Minor Injury,C
231019256,207171048,2025-01-15,Buffalo,NY0140100,13A,W,W,N,F,48,N,N,RU,Highway/Road/Alley/Street/Sidewalk,Street & Sidewalk,Knife/Cutting Instrument,Minor Injury,C
231049637,207199741,2025-01-15,Buffalo,NY0140100,13A,W,W,N,F,41,R,Y,XS,Residence/Home,Home,Knife/Cutting Instrument;Personal Weapons,Minor Injury,C
231066611,207215709,2025-01-16,Buffalo,NY0140100,13A,B,B,N,M,23,N,Y,BG,Residence/Home,Home,Knife/Cutting Instrument,Severe Laceration,C
231082132,207230246,2025-01-16,Buffalo,NY0140100,13A,B,B,N,M,22,R,N,RU,Parking/Drop Lot/Garage,Parking Lot,Knife/Cutting Instrument,,C
231082134,207230247,2025-01-16,Buffalo,NY0140100,13A,U,U,U,M,26,R,N,NE,Residence/Home,Home,Firearm,,C
231082135,207230247,2025-01-16,Buffalo,NY0140100,13A,U,U,U,M,34,R,N,NE,Residence/Home,Home,Firearm,,C
231097342,207244653,2025-01-16,Buffalo,NY0140100,13A,B,B,N,F,20,R,N,OF,Residence/Home,Home,Firearm,,C
232386523,208367600,2025-01-16,Buffalo,NY0140100,13A,U,U,U,F,46,R,N,RU,Highway/Road/Alley/Street/Sidewalk,Street & Sidewalk,Knife/Cutting Instrument,Minor Injury,C
237198227,212570579,2025-01-16,Buffalo,NY0140100,13A,B,B,N,F,39,R,Y,BG,Residence/Home,Home,Personal Weapons,Minor Injury;Possible Internal Injury,C
239249266,214358231,2025-01-16,Buffalo,NY0140100,13A,B,B,N,M,46,N,N,RU,Parking/Drop Lot/Garage,Parking Lot,Firearm;Handgun,,C
248011709,222009763,2025-01-16,Buffalo,NY0140100,13A,B,B,N,F,29,N,Y,XR,Highway/Road/Alley/Street/Sidewalk,Street & Sidewalk,Personal Weapons,Minor Injury,C
231035251,207186134,2025-01-17,Buffalo,NY0140100,13A,B,B,N,M,32,R,N,AQ,Residence/Home,Home,Blunt Object,Minor Injury,C
237197432,212569846,2025-01-17,Buffalo,NY0140100,13A,B,B,N,M,68,R,N,EE,Service/Gas Station,Gas Station,Personal Weapons,Unconscious,C
245629801,219932453,2025-01-17,Buffalo,NY0140100,13A,W,W,N,F,68,R,N,ST,Highway/Road/Alley/Street/Sidewalk,Street & Sidewalk,Motor Vehicle/Vessel,Possible Internal Injury,C
231005274,207157871,2025-01-18,Buffalo,NY0140100,13A,W,W,N,M,46,N,N,ST,Highway/Road/Alley/Street/Sidewalk,Street & Sidewalk,Blunt Object,Apparent Broken Bones;Severe Laceration;Unconscious,C
231051087,207201100,2025-01-18,Buffalo,NY0140100,13A,B,B,U,M,24,R,N,RU,Residence/Home,Home,Firearm,Other Major Injury,C
231112249,207258682,2025-01-18,Buffalo,NY0140100,13A,H,W,H,F,21,R,N,RU,Highway/Road/Alley/Street/Sidewalk,Street & Sidewalk,Firearm,,C
241224146,216084043,2025-01-18,Buffalo,NY0140100,13A,H,W,H,M,27,R,N,ST,Bar/Nightclub,Bar & Nightclub,Blunt Object,Severe Laceration,C
241224147,216084043,2025-01-18,Buffalo,NY0140100,13A,H,W,H,M,27,R,N,ST,Bar/Nightclub,Bar & Nightclub,Blunt Object,Severe Laceration,C
248038445,222034596,2025-01-18,Buffalo,NY0140100,13A,B,B,N,F,21,R,Y,BG;RU,Residence/Home,Home,Personal Weapons,Minor Injury,C
231035333,207186214,2025-01-19,Buffalo,NY0140100,13A,H,W,H,F,27,R,N,SB,Residence/Home,Home,Knife/Cutting Instrument,,C
231062529,207211869,2025-01-19,Buffalo,NY0140100,13A,B,B,N,F,28,R,Y,XS,Residence/Home,Home,Firearm,,C
231112065,207258511,2025-01-19,Buffalo,NY0140100,13A,B,B,N,M,25,R,N,RU,Bar/Nightclub,Bar & Nightclub,Firearm,Other Major Injury;Possible Internal Injury;Unconscious,C
249825549,223594810,2025-01-19,Buffalo,NY0140100,13A,W,W,N,F,21,R,Y,BG,Residence/Home,Home,Personal Weapons,,C
231108605,207255246,2025-01-20,Buffalo,NY0140100,13A,B,B,U,M,21,R,N,RU,Residence/Home,Home,Knife/Cutting Instrument,Severe Laceration,C
237208291,212580100,2025-01-20,Buffalo,NY0140100,13A,B,B,N,F,55,R,N,PA,Residence/Home,Home,Personal Weapons,Minor Injury,C
248011815,222009840,2025-01-20,Buffalo,NY0140100,13A,W,W,U,M,31,N,N,RU;ST,Convenience Store,Convenience Store,Personal Weapons,Minor Injury,C
231018713,207170530,2025-01-21,Buffalo,NY0140100,13A,B,B,N,M,61,R,N,PA,Residence/Home,Home,Handgun,,C
235660060,211223822,2025-01-21,Buffalo,NY0140100,13A,W,W,N,F,34,R,N,NE,Residence/Home,Home,Handgun,,C
231018726,207170542,2025-01-22,Buffalo,NY0140100,13A,B,B,N,M,61,R,N,NE;SB,Residence/Home,Home,Blunt Object;Personal Weapons,Minor Injury;Possible Internal Injury,C
231079842,207228143,2025-01-22,Buffalo,NY0140100,13A,B,B,N,M,22,R,N,BE,Residence/Home,Home,Knife/Cutting Instrument,,C
231049099,207199230,2025-01-23,Buffalo,NY0140100,13A,W,W,N,M,51,R,N,ST,Service/Gas Station,Gas Station,Knife/Cutting Instrument,,C
232386699,208367765,2025-01-23,Buffalo,NY0140100,13A,H,W,H,M,16,R,N,RU,Residence/Home,Home,Firearm,Severe Laceration,C
232386701,208367767,2025-01-23,Buffalo,NY0140100,13A,W,W,N,M,38,R,N,RU,Specialty Store,Specialty Store,Blunt Object,Severe Laceration,C
232387144,208368180,2025-01-23,Buffalo,NY0140100,13A,W,W,N,F,42,R,Y,SE,Residence/Home,Home,Personal Weapons,Minor Injury,C
231049962,207200040,2025-01-24,Buffalo,NY0140100,13A,B,B,N,M,20,R,N,RU,Highway/Road/Alley/Street/Sidewalk,Street & Sidewalk,Firearm,Other Major Injury,C
231065800,207214925,2025-01-24,Buffalo,NY0140100,13A,B,B,N,F,23,R,Y,XS,Residence/Home,Home,Firearm,,C
231065559,207214694,2025-01-25,Buffalo,NY0140100,13A,B,B,N,M,42,R,N,RU,Highway/Road/Alley/Street/Sidewalk,Street & Sidewalk,Firearm,,C
231065560,207214694,2025-01-25,Buffalo,NY0140100,13A,B,B,N,F,40,R,N,RU,Highway/Road/Alley/Street/Sidewalk,Street & Sidewalk,Firearm,,C
245601831,219906102,2025-01-25,Buffalo,NY0140100,13A,H,W,H,M,23,R,N,RU,Highway/Road/Alley/Street/Sidewalk,Street & Sidewalk,Firearm,,C
248065892,222059923,2025-01-25,Buffalo,NY0140100,13A,B,B,N,F,34,R,Y,RU;XR,Residence/Home,Home,Firearm,,C
231018677,207170495,2025-01-26,Buffalo,NY0140100,13A,B,B,N,M,28,R,N,RU,Highway/Road/Alley/Street/Sidewalk,Street & Sidewalk,Handgun,Possible Internal Injury,C
231018678,207170495,2025-01-26,Buffalo,NY0140100,13A,B,B,N,M,25,R,N,RU,Highway/Road/Alley/Street/Sidewalk,Street & Sidewalk,Handgun,Other Major Injury;Possible Internal Injury,C
231080849,207229042,2025-01-26,Buffalo,NY0140100,13A,B,B,N,M,63,R,N,PA,Residence/Home,Home,Blunt Object,Severe Laceration,C
231095368,207242773,2025-01-26,Buffalo,NY0140100,13A,B,B,U,M,27,R,N,SP,Residence/Home,Home,Knife/Cutting Instrument,,C
245611348,219915096,2025-01-26,Buffalo,NY0140100,13A,B,B,N,F,20,R,N,RU,Bar/Nightclub,Bar & Nightclub,Personal Weapons,Minor Injury,C
231020813,207172518,2025-01-27,Buffalo,NY0140100,13A,B,B,N,F,34,R,Y,XS,Residence/Home,Home,Personal Weapons,,C
231047184,207197411,2025-01-27,Buffalo,NY0140100,13A,W,W,N,M,27,R,Y,XS,Residence/Home,Home,Personal Weapons,Minor Injury,C
232387174,208368209,2025-01-27,Buffalo,NY0140100,13A,H,B,H,M,20,R,N,RU,Convenience Store,Convenience Store,Firearm,,C
232388843,208369747,2025-01-27,Buffalo,NY0140100,13A,W,W,N,F,38,R,N,AQ;OF,Residence/Home,Home,Blunt Object,Severe Laceration,C
239237867,214347459,2025-01-27,Buffalo,NY0140100,13A,B,B,N,F,27,R,Y,XR,Residence/Home,Home,Personal Weapons,Minor Injury,C
248029256,222026088,2025-01-27,Buffalo,NY0140100,13A,B,B,N,F,51,R,N,PA;RU,Residence/Home,Home,Knife/Cutting Instrument,,C
248029258,222026088,2025-01-27,Buffalo,NY0140100,13A,B,B,N,F,27,R,N,AQ;RU,Residence/Home,Home,Knife/Cutting Instrument,,C
231050516,207200571,2025-01-28,Buffalo,NY0140100,13A,H,W,H,F,46,R,Y,SE,Residence/Home,Home,Firearm,Minor Injury,C
231081716,207229859,2025-01-28,Buffalo,NY0140100,13A,B,B,N,M,27,R,N,RU,Highway/Road/Alley/Street/Sidewalk,Street & Sidewalk,Knife/Cutting Instrument,Severe Laceration,C
248020591,222017998,2025-01-28,Buffalo,NY0140100,13A,B,B,N,F,18,R,N,AQ;RU,Highway/Road/Alley/Street/Sidewalk,Street & Sidewalk,Blunt Object,Other Major Injury,C
231062620,207211957,2025-01-29,Buffalo,NY0140100,13A,A,A,N,M,27,N,Y,BG,Residence/Home,Home,Blunt Object,Minor Injury,C
231066068,207215180,2025-01-29,Buffalo,NY0140100,13A,B,B,N,F,25,R,Y,BG,Residence/Home,Home,Asphyxiation;Personal Weapons,Minor Injury,C
245611349,219915097,2025-01-29,Buffalo,NY0140100,13A,B,B,N,F,30,R,N,ST,Highway/Road/Alley/Street/Sidewalk,Street & Sidewalk,Firearm,,C
231003269,207155982,2025-01-30,Buffalo,NY0140100,13A,B,B,U,F,24,R,Y,XS,Highway/Road/Alley/Street/Sidewalk,Street & Sidewalk,Personal Weapons,Minor Injury,C
237222243,212593330,2025-01-30,Buffalo,NY0140100,13A,B,B,N,M,32,R,N,RU,Specialty Store,Specialty Store,Firearm,Possible Internal Injury,C
248065071,222059308,2025-01-30,Buffalo,NY0140100,13A,B,B,N,F,24,R,Y,BG,Residence/Home,Home,Blunt Object;Personal Weapons,,C
231018825,207170637,2025-01-31,Buffalo,NY0140100,13A,B,B,U,F,34,R,Y,BG,Residence/Home,Home,Firearm,Other Major Injury,C
231018860,207170670,2025-01-31,Buffalo,NY0140100,13A,B,B,N,F,33,R,Y,BG,Residence/Home,Home,Firearm;Personal Weapons,,C
231033840,207184813,2025-01-31,Buffalo,NY0140100,13A,B,B,N,M,62,R,N,RU,Highway/Road/Alley/Street/Sidewalk,Street & Sidewalk,Unknown,,C
231079831,207228133,2025-01-31,Buffalo,NY0140100,13A,U,U,U,M,33,R,N,ST,Parking/Drop Lot/Garage,Parking Lot,Other,,C
231079963,207228253,2025-01-31,Buffalo,NY0140100,13A,B,B,N,F,52,R,Y,XS,Residence/Home,Home,Knife/Cutting Instrument,,C
239272195,214379731,2025-01-31,Buffalo,NY0140100,13A,B,B,N,M,28,R,Y,SE,Residence/Home,Home,Knife/Cutting Instrument,Minor Injury,C
232387347,208368362,2025-02-01,Buffalo,NY0140100,13A,B,B,N,M,43,R,N,SB,Residence/Home,Home,Firearm,,C
232387386,208368400,2025-02-01,Buffalo,NY0140100,13A,W,W,N,F,65,N,N,ST,Highway/Road/Alley/Street/Sidewalk,Street & Sidewalk,Personal Weapons,Minor Injury,C
232388166,208369119,2025-02-01,Buffalo,NY0140100,13A,B,B,N,M,43,R,N,SB,Restaurant,Restaurant,Knife/Cutting Instrument,,C
232389052,208369882,2025-02-01,Buffalo,NY0140100,13A,W,W,N,M,23,R,N,RU,Highway/Road/Alley/Street/Sidewalk,Street & Sidewalk,Firearm,,C
239260912,214369168,2025-02-01,Buffalo,NY0140100,13A,H,W,H,M,43,R,N,SB,Residence/Home,Home,Blunt Object,Minor Injury,C
248002926,222001563,2025-02-01,Buffalo,NY0140100,13A,W,W,N,F,37,R,Y,BG;RU,Residence/Home,Home,Knife/Cutting Instrument,Minor Injury,C
248020641,222018037,2025-02-01,Buffalo,NY0140100,13A,B,B,N,F,26,N,Y,RU;XR,Highway/Road/Alley/Street/Sidewalk,Street & Sidewalk,Personal Weapons,,C
232387453,208368458,2025-02-02,Buffalo,NY0140100,13A,B,B,N,M,25,R,N,RU,Highway/Road/Alley/Street/Sidewalk,Street & Sidewalk,Firearm,Other Major Injury,C
232388217,208369167,2025-02-02,Buffalo,NY0140100,13A,B,B,N,F,40,R,Y,XS,Restaurant,Restaurant,Firearm;Personal Weapons,,C
239284075,214390877,2025-02-02,Buffalo,NY0140100,13A,B,B,N,F,36,R,N,PA,Residence/Home,Home,Knife/Cutting Instrument,Minor Injury,C
248047227,222042744,2025-02-02,Buffalo,NY0140100,13A,B,B,N,F,32,R,Y,RU;XR,Residence/Home,Home,Personal Weapons,Minor Injury,C
232387125,208368163,2025-02-03,Buffalo,NY0140100,13A,W,W,N,F,48,R,Y,SE,Residence/Home,Home,Knife/Cutting Instrument,,C
232387126,208368163,2025-02-03,Buffalo,NY0140100,13A,W,W,N,M,20,R,N,CH,Residence/Home,Home,Knife/Cutting Instrument,,C
232387551,208368546,2025-02-03,Buffalo,NY0140100,13A,B,B,N,M,65,R,Y,SE,Specialty Store,Specialty Store,Knife/Cutting Instrument,,C
232388745,208369657,2025-02-03,Buffalo,NY0140100,13A,H,W,H,F,60,R,N,AQ,Highway/Road/Alley/Street/Sidewalk,Street & Sidewalk,Personal Weapons,Minor Injury,C
232388746,208369658,2025-02-03,Buffalo,NY0140100,13A,B,B,U,M,35,R,N,PA,Residence/Home,Home,Knife/Cutting Instrument,,C
241215392,216075722,2025-02-03,Buffalo,NY0140100,13A,B,B,N,M,60,R,N,FR,Highway/Road/Alley/Street/Sidewalk,Street & Sidewalk,Knife/Cutting Instrument,Minor Injury,C
232386152,208367265,2025-02-04,Buffalo,NY0140100,13A,B,B,N,F,35,R,Y,XS,Highway/Road/Alley/Street/Sidewalk,Street & Sidewalk,Firearm,,C
232387838,208368815,2025-02-04,Buffalo,NY0140100,13A,B,B,N,M,57,R,Y,BG,Residence/Home,Home,Knife/Cutting Instrument,Minor Injury,C
232387839,208368816,2025-02-04,Buffalo,NY0140100,13A,B,B,N,M,38,N,N,FR,Residence/Home,Home,Knife/Cutting Instrument,,C
248056405,222051224,2025-02-05,Buffalo,NY0140100,13A,H,W,H,F,30,R,Y,XR,Residence/Home,Home,Personal Weapons,Minor Injury,C
232386047,208367164,2025-02-06,Buffalo,NY0140100,13A,B,B,N,F,25,R,N,RU,Highway/Road/Alley/Street/Sidewalk,Street & Sidewalk,Firearm,,C
232386797,208367852,2025-02-06,Buffalo,NY0140100,13A,W,W,N,M,35,R,N,ST,Parking/Drop Lot/Garage,Parking Lot,Other,,C
232386217,208367320,2025-02-07,Buffalo,NY0140100,13A,B,B,N,F,43,R,Y,SE,Residence/Home,Home,Personal Weapons,Minor Injury;Unconscious,C
237158273,212532792,2025-02-07,Buffalo,NY0140100,13A,B,B,N,F,25,R,Y,BG,Residence/Home,Home,Firearm,Minor Injury,C
232386097,208367212,2025-02-08,Buffalo,NY0140100,13A,W,W,N,M,38,R,N,RU,Highway/Road/Alley/Street/Sidewalk,Street & Sidewalk,Firearm,,C
248020651,222018044,2025-02-08,Buffalo,NY0140100,13A,B,B,N,M,38,R,Y,XR,Residence/Home,Home,Knife/Cutting Instrument,,C
239215335,214326180,2025-02-09,Buffalo,NY0140100,13A,B,B,N,M,25,R,N,SB,Residence/Home,Home,Blunt Object,Minor Injury,C
232387241,208368268,2025-02-10,Buffalo,NY0140100,13A,W,W,U,M,22,R,N,RU,Convenience Store,Convenience Store,Knife/Cutting Instrument,,C
248047410,222042895,2025-02-10,Buffalo,NY0140100,13A,B,B,N,F,71,R,N,AQ,Residence/Home,Home,Knife/Cutting Instrument,Severe Laceration,C
232387352,208368366,2025-02-12,Buffalo,NY0140100,13A,W,W,N,M,57,R,N,RU,Residence/Home,Home,Blunt Object,Minor Injury,C
239294890,214401148,2025-02-12,Buffalo,NY0140100,13A,B,B,N,M,44,R,Y,XR,Residence/Home,Home,Knife/Cutting Instrument,Severe Laceration,C
232387918,208368886,2025-02-13,Buffalo,NY0140100,13A,B,B,N,M,63,R,Y,XS,Residence/Home,Home,Blunt Object,Minor Injury,C
232386116,208367230,2025-02-14,Buffalo,NY0140100,13A,W,W,N,M,42,R,N,RU,Residence/Home,Home,Knife/Cutting Instrument,Severe Laceration,C
237171567,212545399,2025-02-14,Buffalo,NY0140100,13A,B,B,N,M,33,R,Y,BG,Residence/Home,Home,Knife/Cutting Instrument;Other,Minor Injury;Possible Internal Injury,C
232387269,208368295,2025-02-15,Buffalo,NY0140100,13A,B,B,N,F,22,R,Y,XS,Residence/Home,Home,Personal Weapons,Minor Injury,C
232388703,208369619,2025-02-15,Buffalo,NY0140100,13A,W,W,N,M,61,N,Y,BG,Residence/Home,Home,Knife/Cutting Instrument,Minor Injury,C
235561427,211130553,2025-02-15,Buffalo,NY0140100,13A,B,B,N,F,21,R,N,NE,Residence/Home,Home,Firearm,,C
235561428,211130553,2025-02-15,Buffalo,NY0140100,13A,B,B,N,F,20,R,N,NE,Residence/Home,Home,Firearm,,C
237218468,212589766,2025-02-15,Buffalo,NY0140100,13A,B,B,N,F,20,R,Y,XR,Residence/Home,Home,Knife/Cutting Instrument,,C
232386213,208367316,2025-02-16,Buffalo,NY0140100,13A,B,B,N,M,34,R,N,RU,Bar/Nightclub,Bar & Nightclub,Knife/Cutting Instrument,Severe Laceration,C
232388072,208369033,2025-02-16,Buffalo,NY0140100,13A,B,B,N,F,32,R,Y,SE,Highway/Road/Alley/Street/Sidewalk,Street & Sidewalk,Firearm,,C
232388125,208369080,2025-02-17,Buffalo,NY0140100,13A,H,B,H,F,34,R,Y,BG,Residence/Home,Home,Knife/Cutting Instrument,Minor Injury,C
239223961,214334289,2025-02-17,Buffalo,NY0140100,13A,B,B,N,M,60,N,N,AQ,Residence/Home,Home,Blunt Object,Minor Injury,C
245591925,219896757,2025-02-17,Buffalo,NY0140100,13A,B,B,N,F,,R,N,NE,Residence/Home,Home,Personal Weapons,Other Major Injury;Severe Laceration;Unconscious,C
232387801,208368779,2025-02-18,Buffalo,NY0140100,13A,W,W,N,M,29,R,N,NE,Residence/Home,Home,Handgun,,C
232387864,208368838,2025-02-18,Buffalo,NY0140100,13A,B,B,N,F,21,R,N,AQ;SB,Residence/Home,Home,Firearm,,C
248029280,222026103,2025-02-18,Buffalo,NY0140100,13A,W,W,U,F,23,R,N,AQ;RU,Residence/Home,Home,Firearm,,C
232386133,208367247,2025-02-19,Buffalo,NY0140100,13A,B,B,N,M,73,R,N,AQ,Residence/Home,Home,Knife/Cutting Instrument,Minor Injury,C
232386134,208367247,2025-02-19,Buffalo,NY0140100,13A,B,B,N,M,24,R,Y,XS,Residence/Home,Home,Knife/Cutting Instrument,,C
232386680,208367748,2025-02-19,Buffalo,NY0140100,13A,B,B,N,F,30,R,N,NE,Residence/Home,Home,Knife/Cutting Instrument,,C
232387649,208368635,2025-02-19,Buffalo,NY0140100,13A,W,W,N,M,53,R,N,ST,Residence/Home,Home,Knife/Cutting Instrument,,C
237208361,212580161,2025-02-19,Buffalo,NY0140100,13A,W,W,N,F,50,R,Y,XS,Residence/Home,Home,Firearm,,C
244290110,218754790,2025-02-19,Buffalo,NY0140100,13A,U,U,U,M,21,R,N,RU,Convenience Store,Convenience Store,Knife/Cutting Instrument,,C
245620372,219923578,2025-02-19,Buffalo,NY0140100,13A,H,W,H,F,53,R,N,AQ,Residence/Home,Home,Firearm,,C
232387121,208368159,2025-02-20,Buffalo,NY0140100,13A,B,B,N,M,39,R,N,AQ,Residence/Home,Home,Knife/Cutting Instrument,Minor Injury,C
232387127,208368164,2025-02-20,Buffalo,NY0140100,13A,A,A,N,M,22,N,N,RU,Highway/Road/Alley/Street/Sidewalk,Street & Sidewalk,Other,,C
232387181,208368214,2025-02-20,Buffalo,NY0140100,13A,B,B,N,F,39,R,N,RU,Highway/Road/Alley/Street/Sidewalk,Street & Sidewalk,Other,Minor Injury,C
232387184,208368217,2025-02-20,Buffalo,NY0140100,13A,B,B,N,F,,R,N,RU,Residence/Home,Home,Blunt Object;Personal Weapons,Minor Injury,C
232387555,208368550,2025-02-20,Buffalo,NY0140100,13A,A,A,N,M,,N,N,RU,Highway/Road/Alley/Street/Sidewalk,Street & Sidewalk,Motor Vehicle/Vessel,,C
232387625,208368614,2025-02-20,Buffalo,NY0140100,13A,B,B,N,F,32,R,Y,BG,Residence/Home,Home,Firearm,Minor Injury,C
248012073,222010035,2025-02-20,Buffalo,NY0140100,13A,W,W,N,M,55,R,N,AQ,Residence/Home,Home,Personal Weapons,Severe Laceration,C
248012074,222010035,2025-02-20,Buffalo,NY0140100,13A,W,W,N,M,44,R,N,AQ,Residence/Home,Home,Personal Weapons,Severe Laceration,C
232387516,208368514,2025-02-21,Buffalo,NY0140100,13A,B,B,N,F,53,R,N,PA,Residence/Home,Home,Knife/Cutting Instrument,,C
248012552,222010421,2025-02-21,Buffalo,NY0140100,13A,B,B,N,F,39,R,N,AQ;RU,Residence/Home,Home,Knife/Cutting Instrument,,C
249797859,223568729,2025-02-21,Buffalo,NY0140100,13A,W,W,N,M,28,R,N,ST,Highway/Road/Alley/Street/Sidewalk,Street & Sidewalk,Blunt Object,,C
249842717,223611034,2025-02-21,Buffalo,NY0140100,13A,W,W,N,M,28,R,N,RU;ST,Highway/Road/Alley/Street/Sidewalk,Street & Sidewalk,Blunt Object,,C
232385888,208367015,2025-02-22,Buffalo,NY0140100,13A,B,B,N,M,44,R,N,AQ,Residence/Home,Home,Shotgun,,C
232386053,208367169,2025-02-22,Buffalo,NY0140100,13A,U,U,U,M,45,R,N,RU,Highway/Road/Alley/Street/Sidewalk,Street & Sidewalk,Firearm,Other Major Injury;Possible Internal Injury,C
232386903,208367950,2025-02-22,Buffalo,NY0140100,13A,W,W,N,M,40,R,N,PA,Residence/Home,Home,Knife/Cutting Instrument,,C
232388129,208369084,2025-02-22,Buffalo,NY0140100,13A,B,B,N,F,45,R,Y,XS,Residence/Home,Home,Knife/Cutting Instrument;Personal Weapons,,C
237212584,212584195,2025-02-22,Buffalo,NY0140100,13A,W,W,N,F,53,R,Y,XR,Residence/Home,Home,Knife/Cutting Instrument,Minor Injury,C
232388012,208368975,2025-02-23,Buffalo,NY0140100,13A,W,W,N,F,34,R,Y,SE,Residence/Home,Home,Shotgun,,C
232388588,208369513,2025-02-23,Buffalo,NY0140100,13A,B,B,N,M,64,R,N,NE,Residence/Home,Home,Blunt Object,,C
239215718,214326531,2025-02-23,Buffalo,NY0140100,13A,U,U,U,M,45,R,N,NE,Residence/Home,Home,Knife/Cutting Instrument;Personal Weapons,,C
232386737,208367799,2025-02-24,Buffalo,NY0140100,13A,B,B,N,M,28,R,N,RU,Highway/Road/Alley/Street/Sidewalk,Street & Sidewalk,Knife/Cutting Instrument,Minor Injury,C
232388469,208369399,2025-02-24,Buffalo,NY0140100,13A,W,W,N,F,,N,N,RU,Drug Store/Doctor's Office/Hospital,Hospital & Clinic,Knife/Cutting Instrument,,C
232388642,208369563,2025-02-24,Buffalo,NY0140100,13A,W,W,N,M,62,R,N,AQ,Residence/Home,Home,Knife/Cutting Instrument,Minor Injury,C
237222907,212593958,2025-02-24,Buffalo,NY0140100,13A,W,W,N,M,16,R,N,NE,Highway/Road/Alley/Street/Sidewalk,Street & Sidewalk,Knife/Cutting Instrument,,C
239280389,214387404,2025-02-24,Buffalo,NY0140100,13A,W,W,N,M,57,R,N,RU,Highway/Road/Alley/Street/Sidewalk,Street & Sidewalk,Firearm,,C
245582757,219888199,2025-02-24,Buffalo,NY0140100,13A,W,W,N,M,,R,N,RU;ST,Highway/Road/Alley/Street/Sidewalk,Street & Sidewalk,Firearm,,C
232386989,208368033,2025-02-25,Buffalo,NY0140100,13A,U,U,U,F,17,R,Y,XS,Residence/Home,Home,Firearm,Minor Injury,C
232387829,208368806,2025-02-25,Buffalo,NY0140100,13A,B,B,N,M,68,R,N,SB,Highway/Road/Alley/Street/Sidewalk,Street & Sidewalk,Other,Minor Injury,C
232389102,208369926,2025-02-25,Buffalo,NY0140100,13A,B,B,N,F,25,R,N,ST,Service/Gas Station,Gas Station,Other,Minor Injury,C
232385889,208367016,2025-02-26,Buffalo,NY0140100,13A,B,B,N,F,36,N,N,RU,Highway/Road/Alley/Street/Sidewalk,Street & Sidewalk,Firearm,,C
232386378,208367469,2025-02-26,Buffalo,NY0140100,13A,B,B,N,F,29,R,Y,BG,Residence/Home,Home,Knife/Cutting Instrument,Severe Laceration,C
237192432,212565096,2025-02-26,Buffalo,NY0140100,13A,B,B,U,F,35,R,N,RU,Grocery/Supermarket,Grocery Store,Blunt Object,Minor Injury,C
248038461,222034607,2025-02-26,Buffalo,NY0140100,13A,W,W,N,M,63,R,N,AQ;RU,Residence/Home,Home,Blunt Object,Other Major Injury;Possible Internal Injury;Severe Laceration,C
232386868,208367918,2025-02-27,Buffalo,NY0140100,13A,B,B,N,F,36,R,N,FR,Residence/Home,Home,Rifle,,C
232388059,208369021,2025-02-27,Buffalo,NY0140100,13A,W,W,N,F,29,R,Y,XS,Residence/Home,Home,Personal Weapons,Minor Injury;Unconscious,C
246787064,220946064,2025-02-27,Buffalo,NY0140100,13A,B,B,N,F,15,R,N,CF,Residence/Home,Home,Personal Weapons,Minor Injury,C
248065450,222059583,2025-02-27,Buffalo,NY0140100,13A,W,W,U,F,48,R,Y,RU;XR,Residence/Home,Home,Other;Personal Weapons,Minor Injury;Possible Internal Injury;Unconscious,C
232387582,208368575,2025-02-28,Buffalo,NY0140100,13A,B,B,U,M,20,N,N,RU,Other/Unknown,Other & Unknown,Handgun,Possible Internal Injury;Severe Laceration,C
235624547,211190243,2025-02-28,Buffalo,NY0140100,13A,B,B,N,F,21,R,Y,BG,Residence/Home,Home,Knife/Cutting Instrument,,C
244290108,218754788,2025-02-28,Buffalo,NY0140100,13A,B,B,N,M,28,R,N,AQ;OF,Highway/Road/Alley/Street/Sidewalk,Street & Sidewalk,Personal Weapons,Possible Internal Injury;Severe Laceration;Unconscious,C
248012125,222010078,2025-02-28,Buffalo,NY0140100,13A,H,W,H,F,62,R,Y,BG;RU,Residence/Home,Home,Personal Weapons,Other Major Injury,C
235630716,211196139,2025-03-01,Buffalo,NY0140100,13A,B,B,N,M,62,R,N,ST,Specialty Store,Specialty Store,Personal Weapons,Apparent Broken Bones,C
235683924,211246330,2025-03-01,Buffalo,NY0140100,13A,B,B,N,F,44,R,Y,XS,Highway/Road/Alley/Street/Sidewalk,Street & Sidewalk,Knife/Cutting Instrument,Severe Laceration,C
237188281,212561112,2025-03-01,Buffalo,NY0140100,13A,B,B,N,M,24,R,N,RU,Highway/Road/Alley/Street/Sidewalk,Street & Sidewalk,Firearm,Other Major Injury,C
244306416,218769606,2025-03-01,Buffalo,NY0140100,13A,B,B,N,M,35,R,N,RU,Residence/Home,Home,Firearm,Other Major Injury,C
235570469,211139148,2025-03-02,Buffalo,NY0140100,13A,B,B,N,F,35,R,Y,BG,Residence/Home,Home,Personal Weapons,Minor Injury,C
235571059,211139699,2025-03-02,Buffalo,NY0140100,13A,I,I,N,F,43,R,N,PA,Residence/Home,Home,Other,,C
237158194,212532721,2025-03-02,Buffalo,NY0140100,13A,B,B,N,F,27,R,N,SB,Highway/Road/Alley/Street/Sidewalk,Street & Sidewalk,Firearm,,C
235678589,211241327,2025-03-03,Buffalo,NY0140100,13A,W,W,N,F,44,N,N,RU,Residence/Home,Home,Other,Minor Injury,C
237191731,212564420,2025-03-03,Buffalo,NY0140100,13A,B,B,N,F,27,R,Y,XR,Restaurant,Restaurant,Personal Weapons,Loss of Teeth,C
235571530,211140148,2025-03-04,Buffalo,NY0140100,13A,B,B,N,M,16,R,N,RU,Highway/Road/Alley/Street/Sidewalk,Street & Sidewalk,Handgun,Possible Internal Injury;Severe Laceration,C
235589086,211156768,2025-03-05,Buffalo,NY0140100,13A,B,B,N,F,20,R,Y,XS,Residence/Home,Home,Firearm,,C
235570187,211138877,2025-03-06,Buffalo,NY0140100,13A,B,B,N,M,40,R,N,ST,Highway/Road/Alley/Street/Sidewalk,Street & Sidewalk,Blunt Object,Minor Injury,C
235642720,211207479,2025-03-06,Buffalo,NY0140100,13A,U,U,U,M,,N,N,ST,Drug Store/Doctor's Office/Hospital,Hospital & Clinic,Personal Weapons,,C
246730926,220893291,2025-03-07,Buffalo,NY0140100,13A,B,B,N,M,42,N,N,ST,Highway/Road/Alley/Street/Sidewalk,Street & Sidewalk,Other,,C
248047080,222042628,2025-03-07,Buffalo,NY0140100,13A,B,B,N,M,31,R,Y,BG;RU,Residence/Home,Home,Blunt Object,Minor Injury,C
235623763,211189507,2025-03-08,Buffalo,NY0140100,13A,H,W,H,M,48,R,N,RU,Bar/Nightclub,Bar & Nightclub,Personal Weapons,Apparent Broken Bones;Severe Laceration,C
248020625,222018023,2025-03-08,Buffalo,NY0140100,13A,B,B,N,M,52,R,N,RU;SP,Residence/Home,Home,Personal Weapons,Other Major Injury;Possible Internal Injury,C
241186750,216048604,2025-03-09,Buffalo,NY0140100,13A,B,B,N,M,58,R,N,ST,Residence/Home,Home,Knife/Cutting Instrument,Possible Internal Injury;Severe Laceration,C
235642664,211207425,2025-03-10,Buffalo,NY0140100,13A,W,W,U,M,67,R,N,NE,Residence/Home,Home,Blunt Object,,C
235642771,211207529,2025-03-10,Buffalo,NY0140100,13A,B,B,N,M,31,R,Y,XS,Residence/Home,Home,Personal Weapons,Minor Injury,C
241214505,216074876,2025-03-10,Buffalo,NY0140100,13A,B,B,N,M,36,N,Y,BG,Highway/Road/Alley/Street/Sidewalk,Street & Sidewalk,Personal Weapons,Minor Injury,C
245611491,219915219,2025-03-10,Buffalo,NY0140100,13A,U,U,U,F,39,R,N,NE;RU,Residence/Home,Home,Blunt Object,,C
239293026,214399356,2025-03-11,Buffalo,NY0140100,13A,B,B,N,M,17,R,N,FR,Highway/Road/Alley/Street/Sidewalk,Street & Sidewalk,Blunt Object,Minor Injury,C
241205183,216066089,2025-03-11,Buffalo,NY0140100,13A,B,B,N,M,31,R,N,RU,Parking/Drop Lot/Garage,Parking Lot,Firearm,,C
235594152,211161611,2025-03-12,Buffalo,NY0140100,13A,B,B,N,F,82,R,N,OF,Residence/Home,Home,Blunt Object,,C
235700639,211262119,2025-03-12,Buffalo,NY0140100,13A,B,B,N,M,16,R,N,ST,Highway/Road/Alley/Street/Sidewalk,Street & Sidewalk,Knife/Cutting Instrument,,C
244290117,218754796,2025-03-13,Buffalo,NY0140100,13A,H,W,H,M,19,R,N,AQ,Highway/Road/Alley/Street/Sidewalk,Street & Sidewalk,Firearm,,C
235594168,211161627,2025-03-14,Buffalo,NY0140100,13A,W,W,N,F,44,R,N,AQ,Residence/Home,Home,Personal Weapons,Minor Injury,C
235647559,211212068,2025-03-14,Buffalo,NY0140100,13A,B,B,N,F,28,R,Y,XS,Residence/Home,Home,Personal Weapons,,C
235665396,211228904,2025-03-14,Buffalo,NY0140100,13A,B,B,N,F,44,R,Y,XS,Residence/Home,Home,Handgun;Rifle,Minor Injury,C
237182637,212555802,2025-03-14,Buffalo,NY0140100,13A,W,W,N,M,19,N,N,AQ,Highway/Road/Alley/Street/Sidewalk,Street & Sidewalk,Personal Weapons,Minor Injury,C
237182638,212555802,2025-03-14,Buffalo,NY0140100,13A,W,W,N,M,19,N,N,AQ,Highway/Road/Alley/Street/Sidewalk,Street & Sidewalk,Personal Weapons,Minor Injury,C
249797710,223568590,2025-03-14,Buffalo,NY0140100,13A,W,W,N,M,58,R,N,ST,Highway/Road/Alley/Street/Sidewalk,Street & Sidewalk,Personal Weapons,Minor Injury,C
249797711,223568590,2025-03-14,Buffalo,NY0140100,13A,W,W,N,M,73,R,N,ST,Highway/Road/Alley/Street/Sidewalk,Street & Sidewalk,Personal Weapons,Minor Injury,C
235570369,211139049,2025-03-15,Buffalo,NY0140100,13A,B,B,N,F,,R,N,RU,Specialty Store,Specialty Store,Firearm,,C
235587973,211155704,2025-03-15,Buffalo,NY0140100,13A,U,U,N,M,40,R,N,ST,Highway/Road/Alley/Street/Sidewalk,Street & Sidewalk,Shotgun,,C
235642174,211206967,2025-03-15,Buffalo,NY0140100,13A,B,B,U,M,17,N,N,RU,Highway/Road/Alley/Street/Sidewalk,Street & Sidewalk,Firearm,Other Major Injury,C
235642800,211207556,2025-03-15,Buffalo,NY0140100,13A,B,B,N,F,22,R,N,ST,Residence/Home,Home,Knife/Cutting Instrument,,C
235677108,211239918,2025-03-15,Buffalo,NY0140100,13A,B,B,N,F,43,R,Y,XS,Residence/Home,Home,Shotgun,,C
237202628,212574781,2025-03-15,Buffalo,NY0140100,13A,W,W,N,M,36,N,N,ST,Bar/Nightclub,Bar & Nightclub,Personal Weapons,Minor Injury;Possible Internal Injury;Unconscious,C
239224993,214335267,2025-03-15,Buffalo,NY0140100,13A,U,U,U,M,0,R,N,CF,Highway/Road/Alley/Street/Sidewalk,Street & Sidewalk,Personal Weapons,Other Major Injury,C
244320214,218782416,2025-03-15,Buffalo,NY0140100,13A,B,B,N,F,34,R,Y,XR,Highway/Road/Alley/Street/Sidewalk,Street & Sidewalk,Knife/Cutting Instrument,,C
235605908,211172689,2025-03-16,Buffalo,NY0140100,13A,B,B,N,M,50,R,N,AQ,Highway/Road/Alley/Street/Sidewalk,Street & Sidewalk,Blunt Object,,C
235606586,211173328,2025-03-16,Buffalo,NY0140100,13A,A,A,N,F,24,R,N,RU,Highway/Road/Alley/Street/Sidewalk,Street & Sidewalk,Knife/Cutting Instrument,,C
235606587,211173328,2025-03-16,Buffalo,NY0140100,13A,U,U,U,M,32,R,N,RU,Highway/Road/Alley/Street/Sidewalk,Street & Sidewalk,Knife/Cutting Instrument,,C
235606588,211173328,2025-03-16,Buffalo,NY0140100,13A,W,W,N,F,39,R,N,SB,Highway/Road/Alley/Street/Sidewalk,Street & Sidewalk,Knife/Cutting Instrument,,C
235606589,211173328,2025-03-16,Buffalo,NY0140100,13A,H,W,H,M,,R,N,RU,Highway/Road/Alley/Street/Sidewalk,Street & Sidewalk,Knife/Cutting Instrument,,C
235624467,211190169,2025-03-16,Buffalo,NY0140100,13A,B,B,U,M,23,R,N,RU,Other/Unknown,Other & Unknown,Firearm,Possible Internal Injury,C
248047065,222042618,2025-03-16,Buffalo,NY0140100,13A,B,B,N,M,0,R,N,CH;RU,Residence/Home,Home,Personal Weapons,Minor Injury,C
235570407,211139086,2025-03-17,Buffalo,NY0140100,13A,B,B,N,M,22,R,N,SB,Residence/Home,Home,Knife/Cutting Instrument,Minor Injury,C
235682757,211245247,2025-03-17,Buffalo,NY0140100,13A,B,B,N,M,29,R,Y,SE,Residence/Home,Home,Knife/Cutting Instrument,Minor Injury,C
239284084,214390884,2025-03-17,Buffalo,NY0140100,13A,W,W,N,F,42,N,Y,SE,Residence/Home,Home,Knife/Cutting Instrument,,C
235695721,211257454,2025-03-18,Buffalo,NY0140100,13A,W,W,N,F,38,R,N,RU,Park/Playground,Park & Playground,Knife/Cutting Instrument,,C
235695722,211257454,2025-03-18,Buffalo,NY0140100,13A,W,W,N,M,13,R,N,RU,Park/Playground,Park & Playground,Knife/Cutting Instrument,,C
235641495,211206323,2025-03-19,Buffalo,NY0140100,13A,B,B,N,F,33,R,N,RU,Residence/Home,Home,Rifle,,C
235642006,211206805,2025-03-19,Buffalo,NY0140100,13A,B,B,N,M,13,N,N,RU,Highway/Road/Alley/Street/Sidewalk,Street & Sidewalk,Firearm,,C
235642008,211206807,2025-03-19,Buffalo,NY0140100,13A,U,U,U,M,40,R,N,RU,Highway/Road/Alley/Street/Sidewalk,Street & Sidewalk,Personal Weapons,Other Major Injury,C
235694780,211256567,2025-03-19,Buffalo,NY0140100,13A,W,W,N,M,28,R,N,RU,Highway/Road/Alley/Street/Sidewalk,Street & Sidewalk,Motor Vehicle/Vessel,Minor Injury,C
237213143,212584730,2025-03-19,Buffalo,NY0140100,13A,U,U,U,F,32,R,N,RU,Restaurant,Restaurant,Other,,C
237223694,212594704,2025-03-19,Buffalo,NY0140100,13A,H,W,H,M,35,R,N,AQ,Residence/Home,Home,Firearm,Other Major Injury,C
248056497,222051298,2025-03-19,Buffalo,NY0140100,13A,W,W,N,M,46,R,N,ST,Jail/Prison/Penitentiary/Corrections Facility,Jail & Prison,Personal Weapons,Minor Injury,C
235571098,211139736,2025-03-20,Buffalo,NY0140100,13A,H,W,H,M,66,R,N,RU,Residence/Home,Home,Knife/Cutting Instrument,Minor Injury;Possible Internal Injury,C
241221442,216081464,2025-03-20,Buffalo,NY0140100,13A,A,A,N,M,52,N,N,RU,Liquor Store,Liquor Store,Other,,C
248003421,222001967,2025-03-20,Buffalo,NY0140100,13A,B,B,N,F,19,R,Y,RU;XR,Residence/Home,Home,Personal Weapons,Minor Injury,C
235606195,211172957,2025-03-21,Buffalo,NY0140100,13A,W,W,N,M,40,N,N,RU,Highway/Road/Alley/Street/Sidewalk,Street & Sidewalk,Blunt Object,Minor Injury,C
235695034,211256806,2025-03-21,Buffalo,NY0140100,13A,B,B,N,F,18,N,N,RU,Highway/Road/Alley/Street/Sidewalk,Street & Sidewalk,Firearm,Minor Injury,C
235624032,211189758,2025-03-22,Buffalo,NY0140100,13A,W,W,N,F,31,R,Y,BG,Residence/Home,Home,Personal Weapons,Minor Injury;Unconscious,C
235677416,211240206,2025-03-22,Buffalo,NY0140100,13A,W,W,N,F,27,N,N,ST,Residence/Home,Home,Personal Weapons,Minor Injury,C
239215743,214326556,2025-03-22,Buffalo,NY0140100,13A,B,B,N,F,25,R,N,ST,Highway/Road/Alley/Street/Sidewalk,Street & Sidewalk,Knife/Cutting Instrument,,C
239247328,214356400,2025-03-22,Buffalo,NY0140100,13A,B,B,N,F,48,R,N,RU,Parking/Drop Lot/Garage,Parking Lot,Firearm,,C
252781496,226181544,2025-03-22,Buffalo,NY0140100,13A,B,B,N,F,47,R,N,ST,Specialty Store,Specialty Store,Knife/Cutting Instrument,,C
235696091,211257804,2025-03-23,Buffalo,NY0140100,13A,B,B,N,F,29,R,N,RU,Highway/Road/Alley/Street/Sidewalk,Street & Sidewalk,Motor Vehicle/Vessel,Minor Injury,C
235665391,211228899,2025-03-24,Buffalo,NY0140100,13A,H,W,H,M,32,R,N,ST,Residence/Home,Home,Knife/Cutting Instrument,,C
235694829,211256615,2025-03-24,Buffalo,NY0140100,13A,B,B,N,M,36,R,N,SB,Residence/Home,Home,Other,,C
237172995,212546739,2025-03-24,Buffalo,NY0140100,13A,B,B,N,F,68,R,Y,XR,Residence/Home,Home,Personal Weapons,Other Major Injury,C
237213092,212584682,2025-03-24,Buffalo,NY0140100,13A,A,A,N,M,36,R,N,NE,Residence/Home,Home,Blunt Object,,C
235647665,211212165,2025-03-25,Buffalo,NY0140100,13A,B,B,U,F,27,R,Y,BG,Residence/Home,Home,Blunt Object,Minor Injury,C
241193831,216055340,2025-03-25,Buffalo,NY0140100,13A,B,B,N,M,25,R,N,CH,Residence/Home,Home,Knife/Cutting Instrument,Severe Laceration,C
235606871,211173593,2025-03-26,Buffalo,NY0140100,13A,B,B,N,F,26,R,Y,XS,Residence/Home,Home,Knife/Cutting Instrument,,C
235606872,211173593,2025-03-26,Buffalo,NY0140100,13A,B,B,N,F,28,R,N,AQ,Residence/Home,Home,Knife/Cutting Instrument,,C
237203012,212575139,2025-03-26,Buffalo,NY0140100,13A,W,W,N,M,33,R,N,RU,Highway/Road/Alley/Street/Sidewalk,Street & Sidewalk,Blunt Object,Minor Injury;Possible Internal Injury,C
252745492,226147799,2025-03-26,Buffalo,NY0140100,13A,B,B,N,F,25,R,N,NE,Residence/Home,Home,Knife/Cutting Instrument,,C
235694963,211256742,2025-03-27,Buffalo,NY0140100,13A,W,W,N,F,45,N,N,AQ,Restaurant,Restaurant,Blunt Object,Minor Injury,C
237193406,212566022,2025-03-28,Buffalo,NY0140100,13A,B,B,N,F,41,R,N,AQ;RU,Highway/Road/Alley/Street/Sidewalk,Street & Sidewalk,Other;Personal Weapons,Minor Injury,C
237193407,212566022,2025-03-28,Buffalo,NY0140100,13A,B,B,N,F,,R,N,AQ;RU,Highway/Road/Alley/Street/Sidewalk,Street & Sidewalk,Other;Personal Weapons,Minor Injury,C
237193408,212566022,2025-03-28,Buffalo,NY0140100,13A,B,B,N,F,17,R,N,AQ;RU,Highway/Road/Alley/Street/Sidewalk,Street & Sidewalk,Other;Personal Weapons,Minor Injury,C
235660594,211224333,2025-03-29,Buffalo,NY0140100,13A,B,B,N,F,28,R,N,ST,Highway/Road/Alley/Street/Sidewalk,Street & Sidewalk,Firearm,Other Major Injury,C
237153137,212527929,2025-03-29,Buffalo,NY0140100,13A,B,B,N,M,39,R,Y,XR,Parking/Drop Lot/Garage,Parking Lot,Knife/Cutting Instrument,,C
241212119,216072635,2025-03-29,Buffalo,NY0140100,13A,H,W,H,F,21,R,N,EE,Restaurant,Restaurant,Personal Weapons,Minor Injury,C
241212120,216072635,2025-03-29,Buffalo,NY0140100,13A,H,W,H,F,21,R,N,EE;ST,Restaurant,Restaurant,Personal Weapons,Minor Injury,C
235571060,211139700,2025-03-30,Buffalo,NY0140100,13A,B,B,N,F,41,R,N,PA,Residence/Home,Home,Knife/Cutting Instrument,,C
235589533,211157189,2025-03-30,Buffalo,NY0140100,13A,B,B,N,M,23,R,N,RU,Residence/Home,Home,Firearm,,C
235624674,211190362,2025-03-30,Buffalo,NY0140100,13A,B,B,N,M,70,R,N,SB,Residence/Home,Home,Knife/Cutting Instrument,,C
252736357,226139260,2025-03-30,Buffalo,NY0140100,13A,B,B,N,M,33,R,N,NE;RU,Residence/Home,Home,Knife/Cutting Instrument,Minor Injury,C
235641683,211206500,2025-03-31,Buffalo,NY0140100,13A,B,B,N,F,25,R,Y,XS,Highway/Road/Alley/Street/Sidewalk,Street & Sidewalk,Firearm;Other,,C
235695206,211256965,2025-03-31,Buffalo,NY0140100,13A,W,W,N,F,36,R,Y,XS,Residence/Home,Home,Knife/Cutting Instrument,Minor Injury,C
248038589,222034715,2025-03-31,Buffalo,NY0140100,13A,W,W,U,M,41,R,N,AQ;RU,Highway/Road/Alley/Street/Sidewalk,Street & Sidewalk,Firearm,,C
237167771,212541791,2025-04-01,Buffalo,NY0140100,13A,B,B,N,F,29,R,Y,SE,Residence/Home,Home,Firearm,Minor Injury,C
241184409,216046374,2025-04-01,Buffalo,NY0140100,13A,B,B,N,F,25,R,Y,XR,Highway/Road/Alley/Street/Sidewalk,Street & Sidewalk,Firearm,,C
246786557,220945597,2025-04-01,Buffalo,NY0140100,13A,W,W,N,F,55,R,N,ST,Grocery/Supermarket,Grocery Store,Personal Weapons,Minor Injury,C
237197471,212569885,2025-04-02,Buffalo,NY0140100,13A,W,W,N,F,30,R,Y,BG,Residence/Home,Home,Personal Weapons,Minor Injury,C
237197796,212570179,2025-04-02,Buffalo,NY0140100,13A,W,W,N,M,32,R,N,OK,Residence/Home,Home,Knife/Cutting Instrument,Minor Injury,C
248029926,222026619,2025-04-02,Buffalo,NY0140100,13A,B,B,N,F,25,R,Y,RU;XR,Residence/Home,Home,Handgun,Minor Injury,C
237167913,212541922,2025-04-03,Buffalo,NY0140100,13A,B,B,N,F,19,R,N,CH,Residence/Home,Home,Knife/Cutting Instrument,,C
237167914,212541922,2025-04-03,Buffalo,NY0140100,13A,B,B,U,F,19,R,N,AQ,Residence/Home,Home,Knife/Cutting Instrument,,C
241212122,216072637,2025-04-03,Buffalo,NY0140100,13A,B,B,N,F,18,R,Y,XR,Residence/Home,Home,Personal Weapons,Minor Injury,C
237187635,212560511,2025-04-04,Buffalo,NY0140100,13A,W,W,N,M,30,R,N,ST,Highway/Road/Alley/Street/Sidewalk,Street & Sidewalk,Knife/Cutting Instrument,,C
237187712,212560582,2025-04-04,Buffalo,NY0140100,13A,W,W,N,M,69,N,N,ST,Parking/Drop Lot/Garage,Parking Lot,Knife/Cutting Instrument,Severe Laceration,C
244292968,218757513,2025-04-04,Buffalo,NY0140100,13A,B,B,N,M,30,R,Y,BG,Residence/Home,Home,Knife/Cutting Instrument,Minor Injury,C
244335111,218796236,2025-04-04,Buffalo,NY0140100,13A,W,W,U,M,45,R,N,AQ;RU,Highway/Road/Alley/Street/Sidewalk,Street & Sidewalk,Personal Weapons,Minor Injury,C
237157689,212532239,2025-04-05,Buffalo,NY0140100,13A,B,B,N,M,3,R,N,CH,Restaurant,Restaurant,Personal Weapons,Minor Injury,C
237187787,212560655,2025-04-05,Buffalo,NY0140100,13A,W,W,N,M,44,R,N,RU,Highway/Road/Alley/Street/Sidewalk,Street & Sidewalk,Knife/Cutting Instrument,Severe Laceration,C
237217998,212589334,2025-04-05,Buffalo,NY0140100,13A,U,U,U,M,55,R,N,FR,Residence/Home,Home,Knife/Cutting Instrument,,C
237218000,212589335,2025-04-05,Buffalo,NY0140100,13A,B,B,U,M,29,R,N,ST,Highway/Road/Alley/Street/Sidewalk,Street & Sidewalk,Firearm,Other Major Injury,C
237228851,212599551,2025-04-05,Buffalo,NY0140100,13A,W,W,N,F,33,R,Y,XR,Highway/Road/Alley/Street/Sidewalk,Street & Sidewalk,Personal Weapons,Minor Injury,C
237228908,212599608,2025-04-05,Buffalo,NY0140100,13A,W,W,N,F,19,R,Y,BG,Residence/Home,Home,Blunt Object,Minor Injury;Possible Internal Injury,C
239227328,214337463,2025-04-05,Buffalo,NY0140100,13A,B,B,N,F,42,R,Y,XR,Residence/Home,Home,Firearm,Minor Injury,C
241239916,216098978,2025-04-05,Buffalo,NY0140100,13A,W,W,N,M,19,R,N,RU;ST,Department/Discount Store,Department Store,Knife/Cutting Instrument,,C
245627945,219930735,2025-04-05,Buffalo,NY0140100,13A,W,W,N,M,61,R,N,NE,Residence/Home,Home,Personal Weapons,Apparent Broken Bones;Loss of Teeth,C
237167823,212541840,2025-04-06,Buffalo,NY0140100,13A,B,B,N,F,24,R,N,SB,Residence/Home,Home,Personal Weapons,,C
239238441,214347991,2025-04-06,Buffalo,NY0140100,13A,H,W,H,M,13,R,N,NE,Highway/Road/Alley/Street/Sidewalk,Street & Sidewalk,Firearm,,C
237207663,212579510,2025-04-07,Buffalo,NY0140100,13A,B,B,N,F,43,R,N,PA,Highway/Road/Alley/Street/Sidewalk,Street & Sidewalk,Firearm;Personal Weapons,,C
237228818,212599521,2025-04-07,Buffalo,NY0140100,13A,B,B,U,F,26,R,Y,XR,Residence/Home,Home,Personal Weapons,Minor Injury,C
237157331,212531897,2025-04-08,Buffalo,NY0140100,13A,B,B,N,F,44,R,Y,BG,Residence/Home,Home,Blunt Object,Apparent Broken Bones;Possible Internal Injury,C
241230446,216090013,2025-04-08,Buffalo,NY0140100,13A,B,B,N,M,44,R,N,RU,Shelter-Mission/Homeless,Shelter,Blunt Object,Apparent Broken Bones;Severe Laceration,C
239221404,214331888,2025-04-09,Buffalo,NY0140100,13A,B,B,N,F,21,R,Y,XR,Residence/Home,Home,Firearm,,C
244308781,218771858,2025-04-09,Buffalo,NY0140100,13A,A,A,N,F,35,R,Y,SE,Residence/Home,Home,Knife/Cutting Instrument,,C
246739445,220901307,2025-04-09,Buffalo,NY0140100,13A,B,B,N,F,28,R,Y,XR,Residence/Home,Home,Knife/Cutting Instrument,Minor Injury,C
237187541,212560418,2025-04-10,Buffalo,NY0140100,13A,B,B,N,F,23,R,Y,XR,Residence/Home,Home,Knife/Cutting Instrument,,C
241249159,216107744,2025-04-10,Buffalo,NY0140100,13A,W,W,N,F,27,R,Y,XR,Residence/Home,Home,Personal Weapons,Minor Injury,C
241230449,216090016,2025-04-11,Buffalo,NY0140100,13A,B,B,N,F,47,R,N,PA,Residence/Home,Home,Firearm,,C
241230450,216090016,2025-04-11,Buffalo,NY0140100,13A,B,B,N,F,26,R,Y,XR,Residence/Home,Home,Firearm,,C
237157350,212531915,2025-04-12,Buffalo,NY0140100,13A,B,B,N,F,47,R,Y,XS,Church/Synagogue/Temple/Mosque,Religious Building,Personal Weapons,,C
237207514,212579369,2025-04-12,Buffalo,NY0140100,13A,B,B,N,F,39,R,Y,XR,Residence/Home,Home,Personal Weapons,Possible Internal Injury,C
237228560,212599276,2025-04-12,Buffalo,NY0140100,13A,B,B,U,M,38,R,N,AQ,Residence/Home,Home,Firearm,Minor Injury;Possible Internal Injury,C
239250561,214359437,2025-04-12,Buffalo,NY0140100,13A,B,B,U,M,74,R,N,SB,Highway/Road/Alley/Street/Sidewalk,Street & Sidewalk,Personal Weapons,Minor Injury,C
241193692,216055218,2025-04-12,Buffalo,NY0140100,13A,B,B,N,F,35,R,Y,BG,Residence/Home,Home,Knife/Cutting Instrument,Minor Injury,C
244283228,218748421,2025-04-12,Buffalo,NY0140100,13A,W,W,N,F,28,R,Y,BG,Highway/Road/Alley/Street/Sidewalk,Street & Sidewalk,Personal Weapons,Minor Injury;Unconscious,C
237207528,212579382,2025-04-13,Buffalo,NY0140100,13A,B,B,N,F,41,R,N,AQ,Bar/Nightclub,Bar & Nightclub,Blunt Object,Minor Injury,C
237207676,212579524,2025-04-13,Buffalo,NY0140100,13A,B,B,N,M,13,R,N,ST,Park/Playground,Park & Playground,Knife/Cutting Instrument,Minor Injury,C
237228748,212599452,2025-04-13,Buffalo,NY0140100,13A,W,W,N,M,36,N,N,RU,Highway/Road/Alley/Street/Sidewalk,Street & Sidewalk,Personal Weapons,Minor Injury,C
237157838,212532382,2025-04-14,Buffalo,NY0140100,13A,B,B,N,M,58,R,N,NE,Residence/Home,Home,Personal Weapons,,C
237178065,212551486,2025-04-15,Buffalo,NY0140100,13A,H,W,H,M,56,R,Y,XR,Residence/Home,Home,Knife/Cutting Instrument,,C
237217887,212589230,2025-04-15,Buffalo,NY0140100,13A,U,U,U,F,,R,N,ST,Residence/Home,Home,Personal Weapons,Minor Injury,C
239227962,214338057,2025-04-15,Buffalo,NY0140100,13A,U,U,U,M,51,R,N,RU,Highway/Road/Alley/Street/Sidewalk,Street & Sidewalk,Firearm,,C
241242682,216101607,2025-04-15,Buffalo,NY0140100,13A,B,B,N,F,61,R,N,RU,Residence/Home,Home,Personal Weapons,Possible Internal Injury,C
244314748,218777202,2025-04-15,Buffalo,NY0140100,13A,W,W,N,M,27,R,N,FR,Residence/Home,Home,Personal Weapons,Minor Injury,C
246741687,220903381,2025-04-15,Buffalo,NY0140100,13A,B,B,N,F,47,R,Y,RU;SE,Residence/Home,Home,Firearm,Minor Injury,C
237157606,212532158,2025-04-16,Buffalo,NY0140100,13A,B,B,N,M,49,R,N,RU,Highway/Road/Alley/Street/Sidewalk,Street & Sidewalk,Firearm,Other Major Injury,C
237177703,212551140,2025-04-16,Buffalo,NY0140100,13A,B,B,N,F,40,R,Y,XR,Residence/Home,Home,Firearm,,C
237187716,212560585,2025-04-16,Buffalo,NY0140100,13A,W,W,N,M,60,R,N,ST,Liquor Store,Liquor Store,Firearm,,C
237208035,212579860,2025-04-16,Buffalo,NY0140100,13A,B,B,N,M,29,R,Y,BG,Residence/Home,Home,Knife/Cutting Instrument;Personal Weapons,Minor Injury,C
239266689,214374574,2025-04-16,Buffalo,NY0140100,13A,B,B,N,F,26,R,Y,XR,Highway/Road/Alley/Street/Sidewalk,Street & Sidewalk,Personal Weapons,Minor Injury,C
244252030,218719453,2025-04-16,Buffalo,NY0140100,13A,B,B,N,M,55,R,N,AQ,Residence/Home,Home,Firearm,Minor Injury,C
252800098,226199026,2025-04-17,Buffalo,NY0140100,13A,B,B,N,M,66,R,N,PA,Residence/Home,Home,Blunt Object,,C
237157355,212531920,2025-04-18,Buffalo,NY0140100,13A,B,B,N,M,44,R,N,RU,Residence/Home,Home,Knife/Cutting Instrument,Severe Laceration,C
237157357,212531922,2025-04-18,Buffalo,NY0140100,13A,B,B,N,F,31,R,N,AQ,Highway/Road/Alley/Street/Sidewalk,Street & Sidewalk,Knife/Cutting Instrument,,C
244314510,218776972,2025-04-19,Buffalo,NY0140100,13A,W,W,N,M,31,R,N,OK;RU,Bar/Nightclub,Bar & Nightclub,Personal Weapons,Minor Injury;Possible Internal Injury,C
239228154,214338230,2025-04-20,Buffalo,NY0140100,13A,B,B,N,F,28,N,N,AQ,Highway/Road/Alley/Street/Sidewalk,Street & Sidewalk,Motor Vehicle/Vessel,Other Major Injury,C
239255801,214364389,2025-04-20,Buffalo,NY0140100,13A,B,B,N,M,36,R,Y,RU;XR,Residence/Home,Home,Handgun,Minor Injury,C
245629426,219932111,2025-04-20,Buffalo,NY0140100,13A,B,B,N,F,27,N,Y,XR,Highway/Road/Alley/Street/Sidewalk,Street & Sidewalk,Firearm,,C
245629427,219932111,2025-04-20,Buffalo,NY0140100,13A,B,B,N,F,26,R,N,AQ,Highway/Road/Alley/Street/Sidewalk,Street & Sidewalk,Firearm,,C
239300864,214406804,2025-04-21,Buffalo,NY0140100,13A,B,B,N,M,24,R,Y,XR,Residence/Home,Home,Knife/Cutting Instrument,Severe Laceration,C
241233428,216092817,2025-04-21,Buffalo,NY0140100,13A,B,B,N,M,33,R,N,NE,Residence/Home,Home,Knife/Cutting Instrument,Minor Injury,C
237178034,212551456,2025-04-22,Buffalo,NY0140100,13A,B,B,U,M,38,R,N,RU,Highway/Road/Alley/Street/Sidewalk,Street & Sidewalk,Firearm,Other Major Injury,C
237188095,212560947,2025-04-22,Buffalo,NY0140100,13A,B,B,N,F,45,R,N,ST,Highway/Road/Alley/Street/Sidewalk,Street & Sidewalk,Motor Vehicle/Vessel,Minor Injury,C
237188097,212560948,2025-04-22,Buffalo,NY0140100,13A,U,U,U,M,32,R,N,RU,Highway/Road/Alley/Street/Sidewalk,Street & Sidewalk,Firearm,,C
237208133,212579954,2025-04-22,Buffalo,NY0140100,13A,B,B,N,M,25,R,N,ST,Residence/Home,Home,Firearm,,C
244264346,218730827,2025-04-22,Buffalo,NY0140100,13A,B,B,N,M,34,R,N,AQ;RU,Highway/Road/Alley/Street/Sidewalk,Street & Sidewalk,Firearm,,C
244288400,218753172,2025-04-22,Buffalo,NY0140100,13A,B,B,N,F,25,R,Y,BG,Residence/Home,Home,Personal Weapons,Minor Injury,C
237168023,212542024,2025-04-23,Buffalo,NY0140100,13A,B,B,N,M,30,R,N,RU,Highway/Road/Alley/Street/Sidewalk,Street & Sidewalk,Firearm,Severe Laceration;Unconscious,C
237207838,212579675,2025-04-23,Buffalo,NY0140100,13A,B,B,N,F,19,R,Y,XR,Residence/Home,Home,Firearm,,C
237218067,212589396,2025-04-23,Buffalo,NY0140100,13A,W,W,N,M,56,R,N,RU,Service/Gas Station,Gas Station,Personal Weapons,Other Major Injury;Possible Internal Injury,C
239272788,214380283,2025-04-24,Buffalo,NY0140100,13A,W,W,N,M,29,R,N,ST,Highway/Road/Alley/Street/Sidewalk,Street & Sidewalk,Other,,C
248003344,222001903,2025-04-25,Buffalo,NY0140100,13A,H,B,H,M,37,R,N,FR;RU,Residence/Home,Home,Other,Minor Injury,C
248029393,222026184,2025-04-25,Buffalo,NY0140100,13A,W,W,N,F,35,R,N,NE;RU,Residence/Home,Home,Firearm,,C
237167900,212541909,2025-04-26,Buffalo,NY0140100,13A,B,B,N,M,49,R,N,AQ,Highway/Road/Alley/Street/Sidewalk,Street & Sidewalk,Knife/Cutting Instrument,,C
237177988,212551411,2025-04-26,Buffalo,NY0140100,13A,W,W,N,M,37,R,N,CH,Residence/Home,Home,Blunt Object,Minor Injury,C
237208014,212579839,2025-04-26,Buffalo,NY0140100,13A,U,U,U,M,22,R,N,RU,Highway/Road/Alley/Street/Sidewalk,Street & Sidewalk,Knife/Cutting Instrument,,C
239249975,214358884,2025-04-26,Buffalo,NY0140100,13A,W,W,N,M,26,R,N,RU,Bar/Nightclub,Bar & Nightclub,Personal Weapons,Minor Injury;Possible Internal Injury,C
239278181,214385369,2025-04-26,Buffalo,NY0140100,13A,B,B,N,M,31,R,N,RU,Highway/Road/Alley/Street/Sidewalk,Street & Sidewalk,Motor Vehicle/Vessel,Minor Injury,C
237167666,212541693,2025-04-27,Buffalo,NY0140100,13A,B,B,U,F,29,R,Y,XR,Residence/Home,Home,Personal Weapons,Minor Injury,C
237197627,212570024,2025-04-27,Buffalo,NY0140100,13A,U,U,U,F,,R,N,ST,Highway/Road/Alley/Street/Sidewalk,Street & Sidewalk,Firearm,,C
237208056,212579880,2025-04-27,Buffalo,NY0140100,13A,B,B,N,F,27,R,N,ST,Highway/Road/Alley/Street/Sidewalk,Street & Sidewalk,Firearm,,C
237217991,212589327,2025-04-27,Buffalo,NY0140100,13A,H,W,H,M,58,R,N,RU,Residence/Home,Home,Knife/Cutting Instrument,Minor Injury,C
237228861,212599562,2025-04-27,Buffalo,NY0140100,13A,B,B,N,F,,R,N,OF,Residence/Home,Home,Blunt Object,Minor Injury,C
244276822,218742333,2025-04-27,Buffalo,NY0140100,13A,B,B,N,M,14,R,N,AQ,School-Elementary/Secondary,K-12 School,Firearm,,C
237157535,212532094,2025-04-28,Buffalo,NY0140100,13A,W,W,N,M,49,R,N,NE,Residence/Home,Home,Blunt Object;Personal Weapons,Other Major Injury,C
237187689,212560560,2025-04-28,Buffalo,NY0140100,13A,U,U,U,F,,R,N,ST,Drug Store/Doctor's Office/Hospital,Hospital & Clinic,Personal Weapons,Minor Injury,C
239250740,214359607,2025-04-28,Buffalo,NY0140100,13A,H,W,H,F,34,R,N,OF,Residence/Home,Home,Knife/Cutting Instrument,,C
241184739,216046680,2025-04-28,Buffalo,NY0140100,13A,B,B,N,M,30,R,N,RU,ATM Separate from Bank,Cash Machine,Firearm,,C
241212411,216072896,2025-04-28,Buffalo,NY0140100,13A,B,B,N,M,28,R,Y,BG,Residence/Home,Home,Knife/Cutting Instrument,,C
244264087,218730577,2025-04-28,Buffalo,NY0140100,13A,B,B,N,M,31,N,Y,XR,Highway/Road/Alley/Street/Sidewalk,Street & Sidewalk,Blunt Object,Minor Injury,C
245609368,219913234,2025-04-28,Buffalo,NY0140100,13A,W,W,N,M,43,R,N,RU,Highway/Road/Alley/Street/Sidewalk,Street & Sidewalk,Blunt Object;Knife/Cutting Instrument,,C
248012016,222009988,2025-04-28,Buffalo,NY0140100,13A,H,B,H,F,75,R,N,PA;RU,Highway/Road/Alley/Street/Sidewalk,Street & Sidewalk,Knife/Cutting Instrument;Personal Weapons,,C
237157348,212531912,2025-04-29,Buffalo,NY0140100,13A,B,B,N,M,49,R,Y,XR,Residence/Home,Home,Knife/Cutting Instrument,,C
237167435,212541475,2025-04-29,Buffalo,NY0140100,13A,H,W,H,M,52,R,N,RU,Highway/Road/Alley/Street/Sidewalk,Street & Sidewalk,Firearm,Severe Laceration,C
237177481,212550933,2025-04-29,Buffalo,NY0140100,13A,U,U,U,M,,R,N,NE,Highway/Road/Alley/Street/Sidewalk,Street & Sidewalk,Knife/Cutting Instrument;Personal Weapons,,C
237177511,212550961,2025-04-29,Buffalo,NY0140100,13A,B,B,N,M,27,R,N,RU,Residence/Home,Home,Firearm,Other Major Injury;Possible Internal Injury,C
237197414,212569830,2025-04-29,Buffalo,NY0140100,13A,B,B,N,M,64,R,N,RU,Highway/Road/Alley/Street/Sidewalk,Street & Sidewalk,Knife/Cutting Instrument,Severe Laceration,C
237217698,212589047,2025-04-29,Buffalo,NY0140100,13A,B,B,N,F,23,R,Y,XR,Residence/Home,Home,Personal Weapons,Minor Injury;Unconscious,C
237217767,212589113,2025-04-29,Buffalo,NY0140100,13A,W,W,N,M,57,R,N,RU,Residence/Home,Home,Personal Weapons,Minor Injury,C
239295359,214401585,2025-04-29,Buffalo,NY0140100,13A,B,B,N,M,62,R,N,RU,Residence/Home,Home,Knife/Cutting Instrument,,C
245573266,219879238,2025-04-29,Buffalo,NY0140100,13A,W,W,N,M,39,N,N,AQ;RU,Residence/Home,Home,Knife/Cutting Instrument,,C
237187476,212560359,2025-04-30,Buffalo,NY0140100,13A,W,W,N,F,33,R,N,ST,Restaurant,Restaurant,Handgun,,C
237187477,212560359,2025-04-30,Buffalo,NY0140100,13A,W,W,N,F,13,R,N,ST,Restaurant,Restaurant,Handgun,,C
237187478,212560359,2025-04-30,Buffalo,NY0140100,13A,W,W,N,F,11,R,N,ST,Restaurant,Restaurant,Handgun,,C
237187479,212560359,2025-04-30,Buffalo,NY0140100,13A,W,W,N,M,8,R,N,ST,Restaurant,Restaurant,Handgun,,C
237217791,212589137,2025-04-30,Buffalo,NY0140100,13A,B,B,N,M,29,R,N,SB,Residence/Home,Home,Knife/Cutting Instrument,Severe Laceration,C
241208439,216069149,2025-04-30,Buffalo,NY0140100,13A,W,W,N,M,45,R,N,AQ,Highway/Road/Alley/Street/Sidewalk,Street & Sidewalk,Personal Weapons,Minor Injury;Possible Internal Injury,C
248047179,222042704,2025-04-30,Buffalo,NY0140100,13A,B,B,N,M,12,R,N,RU;ST,Highway/Road/Alley/Street/Sidewalk,Street & Sidewalk,Firearm,,C
248047180,222042704,2025-04-30,Buffalo,NY0140100,13A,B,B,N,F,11,R,N,RU;ST,Highway/Road/Alley/Street/Sidewalk,Street & Sidewalk,Firearm,,C
239216996,214327716,2025-05-01,Buffalo,NY0140100,13A,B,B,N,M,57,R,N,SC,Residence/Home,Home,Personal Weapons,Possible Internal Injury,C
246769113,220929168,2025-05-01,Buffalo,NY0140100,13A,H,W,H,F,46,R,Y,RU;SE,Residence/Home,Home,Blunt Object;Personal Weapons,Minor Injury,C
239216041,214326840,2025-05-02,Buffalo,NY0140100,13A,U,U,U,F,39,R,Y,BG,Residence/Home,Home,Knife/Cutting Instrument,Minor Injury,C
239227804,214337908,2025-05-02,Buffalo,NY0140100,13A,B,B,N,F,40,R,Y,XR,Highway/Road/Alley/Street/Sidewalk,Street & Sidewalk,Personal Weapons,Minor Injury;Possible Internal Injury,C
239261734,214369920,2025-05-02,Buffalo,NY0140100,13A,B,B,N,M,16,R,N,RU,Highway/Road/Alley/Street/Sidewalk,Street & Sidewalk,Firearm,Other Major Injury,C
239273051,214380531,2025-05-02,Buffalo,NY0140100,13A,B,B,N,M,46,R,N,ST,Highway/Road/Alley/Street/Sidewalk,Street & Sidewalk,Blunt Object;Other,Other Major Injury;Possible Internal Injury,C
245627958,219930747,2025-05-02,Buffalo,NY0140100,13A,B,B,N,F,27,R,Y,XR,Highway/Road/Alley/Street/Sidewalk,Street & Sidewalk,Knife/Cutting Instrument,,C
244288175,218752960,2025-05-03,Buffalo,NY0140100,13A,B,B,N,F,34,R,Y,RU;SE,Highway/Road/Alley/Street/Sidewalk,Street & Sidewalk,Firearm,,C
248003222,222001799,2025-05-03,Buffalo,NY0140100,13A,B,B,N,M,20,R,N,AQ;RU,School-Elementary/Secondary,K-12 School,Knife/Cutting Instrument,Minor Injury,C
248003223,222001799,2025-05-03,Buffalo,NY0140100,13A,B,B,N,M,18,R,N,AQ;RU,School-Elementary/Secondary,K-12 School,Knife/Cutting Instrument,Minor Injury,C
248012314,222010237,2025-05-03,Buffalo,NY0140100,13A,B,B,N,F,24,R,Y,XR,Residence/Home,Home,Firearm,,C
239216151,214326939,2025-05-04,Buffalo,NY0140100,13A,B,B,N,M,49,R,N,RU,Highway/Road/Alley/Street/Sidewalk,Street & Sidewalk,Firearm,Other Major Injury;Possible Internal Injury;Severe Laceration,C
239216447,214327205,2025-05-04,Buffalo,NY0140100,13A,B,B,N,M,77,R,N,GP,Residence/Home,Home,Other,,C
239238786,214348319,2025-05-04,Buffalo,NY0140100,13A,B,B,N,F,20,R,N,SB,Residence/Home,Home,Knife/Cutting Instrument,Minor Injury,C
239250164,214359069,2025-05-04,Buffalo,NY0140100,13A,B,B,N,F,26,R,Y,BG,Residence/Home,Home,Personal Weapons,Minor Injury;Unconscious,C
239300551,214406514,2025-05-04,Buffalo,NY0140100,13A,W,W,N,M,37,R,N,RU,Highway/Road/Alley/Street/Sidewalk,Street & Sidewalk,Personal Weapons,Other Major Injury;Possible Internal Injury;Unconscious,C
245619841,219923082,2025-05-04,Buffalo,NY0140100,13A,B,B,N,F,46,R,Y,BG,Residence/Home,Home,Blunt Object,Severe Laceration,C
246768741,220928828,2025-05-04,Buffalo,NY0140100,13A,W,W,N,M,37,R,N,AQ;RU,Highway/Road/Alley/Street/Sidewalk,Street & Sidewalk,Personal Weapons,Apparent Broken Bones,C
239244036,214353282,2025-05-06,Buffalo,NY0140100,13A,W,W,N,M,25,R,N,ST,Highway/Road/Alley/Street/Sidewalk,Street & Sidewalk,Knife/Cutting Instrument,,C
239261004,214369247,2025-05-06,Buffalo,NY0140100,13A,B,B,N,M,11,R,N,CH,Residence/Home,Home,Other,Minor Injury,C
239284404,214391184,2025-05-06,Buffalo,NY0140100,13A,U,U,U,F,,R,N,NE,Residence/Home,Home,Knife/Cutting Instrument,,C
245573009,219879006,2025-05-06,Buffalo,NY0140100,13A,H,W,H,M,42,R,N,FR;RU,Residence/Home,Home,Knife/Cutting Instrument,,C
248012570,222010434,2025-05-06,Buffalo,NY0140100,13A,W,W,N,M,74,N,N,RU;ST,Highway/Road/Alley/Street/Sidewalk,Street & Sidewalk,Knife/Cutting Instrument,,C
248038538,222034671,2025-05-06,Buffalo,NY0140100,13A,B,B,N,M,38,R,N,NE;RU,Residence/Home,Home,Blunt Object,,C
248038539,222034671,2025-05-06,Buffalo,NY0140100,13A,B,B,N,F,44,R,N,RU,Residence/Home,Home,Blunt Object,,C
248038514,222034652,2025-05-07,Buffalo,NY0140100,13A,B,B,N,M,40,R,N,OK;RU,Residence/Home,Home,Knife/Cutting Instrument,Minor Injury,C
248038515,222034652,2025-05-07,Buffalo,NY0140100,13A,B,B,N,F,30,R,N,AQ;RU,Residence/Home,Home,Knife/Cutting Instrument,Severe Laceration,C
239216429,214327192,2025-05-09,Buffalo,NY0140100,13A,B,B,N,M,62,R,N,RU,Highway/Road/Alley/Street/Sidewalk,Street & Sidewalk,Knife/Cutting Instrument,Minor Injury,C
239233098,214342919,2025-05-09,Buffalo,NY0140100,13A,W,W,U,F,48,R,N,RU,Highway/Road/Alley/Street/Sidewalk,Street & Sidewalk,Personal Weapons,Other Major Injury;Severe Laceration,C
239295421,214401642,2025-05-09,Buffalo,NY0140100,13A,B,B,N,M,38,R,N,ST,Highway/Road/Alley/Street/Sidewalk,Street & Sidewalk,Personal Weapons,Apparent Broken Bones,C
239295684,214401892,2025-05-09,Buffalo,NY0140100,13A,H,W,H,M,49,R,N,RU,Highway/Road/Alley/Street/Sidewalk,Street & Sidewalk,Blunt Object,Severe Laceration,C
248020822,222018174,2025-05-09,Buffalo,NY0140100,13A,B,B,N,M,8,R,N,AQ;RU,Highway/Road/Alley/Street/Sidewalk,Street & Sidewalk,Firearm,,C
239221957,214332397,2025-05-10,Buffalo,NY0140100,13A,H,W,H,M,35,N,N,AQ,Highway/Road/Alley/Street/Sidewalk,Street & Sidewalk,Knife/Cutting Instrument;Personal Weapons,Minor Injury,C
239250034,214358941,2025-05-10,Buffalo,NY0140100,13A,W,W,N,F,39,R,Y,XR,Residence/Home,Home,Personal Weapons,Minor Injury,C
241221449,216081471,2025-05-10,Buffalo,NY0140100,13A,B,B,N,F,21,R,N,RU,Residence/Home,Home,Firearm,,C
246776024,220935691,2025-05-10,Buffalo,NY0140100,13A,H,W,H,F,37,R,Y,BG,Residence/Home,Home,Knife/Cutting Instrument,Minor Injury,C
248047365,222042857,2025-05-10,Buffalo,NY0140100,13A,B,B,N,F,90,R,N,PA,Residence/Home,Home,Knife/Cutting Instrument,,C
239216177,214326960,2025-05-11,Buffalo,NY0140100,13A,W,W,N,F,26,R,N,RU,Residence/Home,Home,Other,Minor Injury,C
248038665,222034776,2025-05-11,Buffalo,NY0140100,13A,B,B,N,F,53,R,Y,AQ;XR,Residence/Home,Home,Personal Weapons,Minor Injury,C
239278878,214386002,2025-05-12,Buffalo,NY0140100,13A,H,W,H,M,32,R,N,ST,Parking/Drop Lot/Garage,Parking Lot,Knife/Cutting Instrument,,C
246757888,220918633,2025-05-12,Buffalo,NY0140100,13A,B,B,N,F,42,R,N,FR;RU,Highway/Road/Alley/Street/Sidewalk,Street & Sidewalk,Other,Minor Injury,C
239250372,214359259,2025-05-13,Buffalo,NY0140100,13A,B,B,N,M,45,R,N,RU,Park/Playground,Park & Playground,Other,Severe Laceration,C
239276305,214383604,2025-05-13,Buffalo,NY0140100,13A,B,B,N,M,64,R,N,RU,Highway/Road/Alley/Street/Sidewalk,Street & Sidewalk,Knife/Cutting Instrument,Minor Injury,C
239298639,214404719,2025-05-13,Buffalo,NY0140100,13A,B,B,N,M,49,R,N,OF,Residence/Home,Home,Knife/Cutting Instrument,Possible Internal Injury;Severe Laceration,C
241221477,216081496,2025-05-13,Buffalo,NY0140100,13A,B,B,N,F,28,R,Y,SE,Residence/Home,Home,Knife/Cutting Instrument,,C
244314479,218776942,2025-05-13,Buffalo,NY0140100,13A,W,W,N,M,48,R,Y,XR,Residence/Home,Home,Poison,Other Major Injury;Unconscious,C
248038863,222034928,2025-05-13,Buffalo,NY0140100,13A,W,W,N,M,40,R,N,AQ;RU,Residence/Home,Home,Knife/Cutting Instrument,,C
239237927,214347512,2025-05-14,Buffalo,NY0140100,13A,U,U,U,F,24,N,N,RU,Highway/Road/Alley/Street/Sidewalk,Street & Sidewalk,Firearm,,C
239272246,214379780,2025-05-14,Buffalo,NY0140100,13A,B,B,N,F,28,R,N,AQ,Highway/Road/Alley/Street/Sidewalk,Street & Sidewalk,Firearm,,C
239276370,214383669,2025-05-14,Buffalo,NY0140100,13A,H,B,H,F,24,R,Y,XR,Residence/Home,Home,Other;Personal Weapons,Minor Injury,C
248065212,222059406,2025-05-14,Buffalo,NY0140100,13A,B,B,U,F,58,R,N,AQ;RU,Residence/Home,Home,Knife/Cutting Instrument,,C
249805492,223575972,2025-05-14,Buffalo,NY0140100,13A,B,B,N,M,20,R,N,RU,Highway/Road/Alley/Street/Sidewalk,Street & Sidewalk,Knife/Cutting Instrument;Personal Weapons,Minor Injury,C
239272321,214379852,2025-05-15,Buffalo,NY0140100,13A,W,W,N,F,18,N,N,ST,Parking/Drop Lot/Garage,Parking Lot,Blunt Object,,C
246785485,220944616,2025-05-15,Buffalo,NY0140100,13A,B,B,N,M,36,R,N,RU;ST,Residence/Home,Home,Personal Weapons,Minor Injury,C
239215634,214326455,2025-05-16,Buffalo,NY0140100,13A,W,W,N,F,51,R,Y,BG,Highway/Road/Alley/Street/Sidewalk,Street & Sidewalk,Personal Weapons,Apparent Broken Bones,C
248056240,222051108,2025-05-16,Buffalo,NY0140100,13A,W,W,N,M,30,R,N,RU;ST,Other/Unknown,Other & Unknown,Motor Vehicle/Vessel,,C
239215750,214326563,2025-05-17,Buffalo,NY0140100,13A,B,B,N,M,36,R,N,AQ,Highway/Road/Alley/Street/Sidewalk,Street & Sidewalk,Other,Severe Laceration,C
239215751,214326564,2025-05-17,Buffalo,NY0140100,13A,B,B,N,M,40,R,Y,BG,Residence/Home,Home,Knife/Cutting Instrument,Other Major Injury;Possible Internal Injury,C
239216921,214327644,2025-05-17,Buffalo,NY0140100,13A,H,W,H,F,26,N,Y,XR,Highway/Road/Alley/Street/Sidewalk,Street & Sidewalk,Personal Weapons,Other Major Injury;Possible Internal Injury,C
239239143,214348647,2025-05-17,Buffalo,NY0140100,13A,H,W,H,M,39,R,N,AQ,Residence/Home,Home,Knife/Cutting Instrument,,C
239262062,214370222,2025-05-17,Buffalo,NY0140100,13A,B,B,N,F,,R,N,ST,Specialty Store,Specialty Store,Firearm,,C
239272845,214380338,2025-05-17,Buffalo,NY0140100,13A,H,W,H,M,13,R,N,AQ,Highway/Road/Alley/Street/Sidewalk,Street & Sidewalk,Personal Weapons,Other Major Injury,C
252759322,226160774,2025-05-17,Buffalo,NY0140100,13A,W,W,N,M,31,R,N,ST,Highway/Road/Alley/Street/Sidewalk,Street & Sidewalk,Firearm,,C
241248887,216107503,2025-05-18,Buffalo,NY0140100,13A,B,B,N,F,34,R,Y,BG,Residence/Home,Home,Personal Weapons,Minor Injury,C
239238877,214348401,2025-05-19,Buffalo,NY0140100,13A,W,W,N,M,28,R,N,RU,Park/Playground,Park & Playground,Firearm,,C
244298464,218762408,2025-05-19,Buffalo,NY0140100,13A,W,W,U,M,51,R,N,SC,Residence/Home,Home,Knife/Cutting Instrument,,C
239238648,214348186,2025-05-20,Buffalo,NY0140100,13A,B,B,N,M,56,R,N,RU,Park/Playground,Park & Playground,Firearm,,C
239250078,214358984,2025-05-20,Buffalo,NY0140100,13A,B,B,N,F,61,R,N,PA,Highway/Road/Alley/Street/Sidewalk,Street & Sidewalk,Personal Weapons,Other Major Injury;Possible Internal Injury;Severe Laceration;Unconscious,C
248038573,222034701,2025-05-20,Buffalo,NY0140100,13A,U,U,U,F,54,R,N,AQ,Residence/Home,Home,Knife/Cutting Instrument,,C
239227648,214337760,2025-05-21,Buffalo,NY0140100,13A,B,B,N,M,40,R,N,RU,Highway/Road/Alley/Street/Sidewalk,Street & Sidewalk,Personal Weapons,Other Major Injury;Possible Internal Injury,C
239243169,214352474,2025-05-21,Buffalo,NY0140100,13A,B,B,N,F,,R,N,ST,School-Elementary/Secondary,K-12 School,Knife/Cutting Instrument,,C
239289040,214395595,2025-05-21,Buffalo,NY0140100,13A,B,B,N,F,31,R,Y,BG,Residence/Home,Home,Personal Weapons,Possible Internal Injury,C
239250604,214359474,2025-05-22,Buffalo,NY0140100,13A,B,B,N,F,19,R,N,SB,Residence/Home,Home,Blunt Object,Severe Laceration,C
245620439,219923639,2025-05-22,Buffalo,NY0140100,13A,B,B,U,F,49,R,N,SB,Residence/Home,Home,Knife/Cutting Instrument,Minor Injury,C
239262240,214370391,2025-05-23,Buffalo,NY0140100,13A,B,B,N,F,36,R,Y,BG,Residence/Home,Home,Blunt Object,Minor Injury,C
239285186,214391916,2025-05-23,Buffalo,NY0140100,13A,B,B,N,F,22,R,Y,XR,Residence/Home,Home,Personal Weapons,Minor Injury;Possible Internal Injury,C
245582778,219888220,2025-05-23,Buffalo,NY0140100,13A,B,B,N,F,11,R,N,ST,Highway/Road/Alley/Street/Sidewalk,Street & Sidewalk,Blunt Object,Minor Injury,C
239219785,214330371,2025-05-24,Buffalo,NY0140100,13A,B,B,U,F,32,R,N,RU,Highway/Road/Alley/Street/Sidewalk,Street & Sidewalk,Firearm,,C
244277092,218742589,2025-05-24,Buffalo,NY0140100,13A,B,B,N,F,27,R,Y,RU;XR,Residence/Home,Home,Handgun,Minor Injury,C
239249445,214358397,2025-05-25,Buffalo,NY0140100,13A,B,B,N,F,25,R,Y,XR,Highway/Road/Alley/Street/Sidewalk,Street & Sidewalk,Personal Weapons,Minor Injury,C
239272381,214379907,2025-05-25,Buffalo,NY0140100,13A,B,B,N,M,62,R,N,AQ,Residence/Home,Home,Handgun,,C
248056707,222051471,2025-05-25,Buffalo,NY0140100,13A,B,B,N,F,28,R,N,AQ;RU,Highway/Road/Alley/Street/Sidewalk,Street & Sidewalk,Knife/Cutting Instrument,Minor Injury,C
248056708,222051471,2025-05-25,Buffalo,NY0140100,13A,B,B,N,F,28,R,N,AQ;RU,Highway/Road/Alley/Street/Sidewalk,Street & Sidewalk,Knife/Cutting Instrument,Minor Injury,C
239216061,214326856,2025-05-26,Buffalo,NY0140100,13A,B,B,N,M,56,R,N,ST,Highway/Road/Alley/Street/Sidewalk,Street & Sidewalk,Knife/Cutting Instrument,,C
239249749,214358674,2025-05-26,Buffalo,NY0140100,13A,I,I,N,F,41,R,Y,BG,Residence/Home,Home,Personal Weapons,Minor Injury,C
239254740,214363395,2025-05-26,Buffalo,NY0140100,13A,B,B,N,F,26,R,N,AQ,Highway/Road/Alley/Street/Sidewalk,Street & Sidewalk,Knife/Cutting Instrument,,C
239261266,214369495,2025-05-26,Buffalo,NY0140100,13A,H,W,H,F,29,R,Y,XR,Residence/Home,Home,Blunt Object,Minor Injury,C
239283876,214390698,2025-05-26,Buffalo,NY0140100,13A,B,B,N,F,34,R,Y,BG,Residence/Home,Home,Blunt Object,Minor Injury,C
239299902,214405909,2025-05-26,Buffalo,NY0140100,13A,B,B,N,M,40,U,N,RU,Highway/Road/Alley/Street/Sidewalk,Street & Sidewalk,Knife/Cutting Instrument,Minor Injury,C
239299903,214405909,2025-05-26,Buffalo,NY0140100,13A,B,B,N,M,30,R,N,RU,Highway/Road/Alley/Street/Sidewalk,Street & Sidewalk,Knife/Cutting Instrument,Minor Injury,C
239299904,214405909,2025-05-26,Buffalo,NY0140100,13A,B,B,N,F,18,U,N,RU,Highway/Road/Alley/Street/Sidewalk,Street & Sidewalk,Knife/Cutting Instrument,Minor Injury,C
239237885,214347476,2025-05-27,Buffalo,NY0140100,13A,B,B,N,M,25,R,N,RU,Highway/Road/Alley/Street/Sidewalk,Street & Sidewalk,Knife/Cutting Instrument,Minor Injury,C
239243353,214352648,2025-05-27,Buffalo,NY0140100,13A,B,B,N,F,44,R,N,ST,Highway/Road/Alley/Street/Sidewalk,Street & Sidewalk,Blunt Object,,C
239294772,214401037,2025-05-27,Buffalo,NY0140100,13A,H,W,H,F,18,R,N,SB,Residence/Home,Home,Blunt Object,Minor Injury,C
244328623,218790117,2025-05-27,Buffalo,NY0140100,13A,B,B,U,F,32,R,Y,XR,Residence/Home,Home,Knife/Cutting Instrument,,C
239238164,214347734,2025-05-28,Buffalo,NY0140100,13A,B,B,U,F,34,R,N,RU,Residence/Home,Home,Knife/Cutting Instrument,,C
241233164,216092566,2025-05-28,Buffalo,NY0140100,13A,B,B,N,F,38,R,N,PA,Residence/Home,Home,Knife/Cutting Instrument,Minor Injury,C
239243435,214352723,2025-05-29,Buffalo,NY0140100,13A,A,A,N,M,26,R,N,RU,Highway/Road/Alley/Street/Sidewalk,Street & Sidewalk,Knife/Cutting Instrument,Severe Laceration,C
239250335,214359223,2025-05-29,Buffalo,NY0140100,13A,W,W,N,M,39,N,N,ST,Highway/Road/Alley/Street/Sidewalk,Street & Sidewalk,Knife/Cutting Instrument,,C
239272955,214380444,2025-05-29,Buffalo,NY0140100,13A,W,W,N,F,35,N,N,RU,Highway/Road/Alley/Street/Sidewalk,Street & Sidewalk,Motor Vehicle/Vessel,Minor Injury,C
244302457,218765869,2025-05-29,Buffalo,NY0140100,13A,B,B,N,M,37,N,Y,XR,Highway/Road/Alley/Street/Sidewalk,Street & Sidewalk,Knife/Cutting Instrument,Minor Injury,C
246758513,220919227,2025-05-29,Buffalo,NY0140100,13A,B,B,N,F,53,R,N,NE,Residence/Home,Home,Blunt Object,Minor Injury,C
239273633,214381065,2025-05-30,Buffalo,NY0140100,13A,B,B,N,M,26,R,Y,BG,Highway/Road/Alley/Street/Sidewalk,Street & Sidewalk,Firearm,,C
239285335,214392056,2025-05-30,Buffalo,NY0140100,13A,B,B,N,F,31,R,Y,XR,Residence/Home,Home,Personal Weapons,Minor Injury;Possible Internal Injury,C
239277836,214385054,2025-05-31,Buffalo,NY0140100,13A,B,B,N,M,34,R,N,AQ;RU,Residence/Home,Home,Blunt Object;Knife/Cutting Instrument,Minor Injury;Unconscious,C
244251970,218719400,2025-05-31,Buffalo,NY0140100,13A,H,W,H,F,29,R,Y,BG;RU,Residence/Home,Home,Knife/Cutting Instrument,,C
245601477,219905780,2025-05-31,Buffalo,NY0140100,13A,A,A,U,M,19,R,N,RU;ST,Convenience Store,Convenience Store,Knife/Cutting Instrument,,C
252786267,226186058,2025-05-31,Buffalo,NY0140100,13A,W,W,N,F,60,R,N,RU,Residence/Home,Home,Knife/Cutting Instrument,Minor Injury,C
239229055,214339098,2025-06-01,Buffalo,NY0140100,13A,B,B,N,F,26,R,Y,XR,Highway/Road/Alley/Street/Sidewalk,Street & Sidewalk,Personal Weapons,Minor Injury,C
239229424,214339453,2025-06-01,Buffalo,NY0140100,13A,W,W,N,F,31,R,Y,SE,Residence/Home,Home,Firearm,,C
239285381,214392098,2025-06-01,Buffalo,NY0140100,13A,B,B,N,F,40,R,N,PA,Residence/Home,Home,Firearm,,C
239297252,214403393,2025-06-01,Buffalo,NY0140100,13A,W,W,U,F,43,R,N,PA,Residence/Home,Home,Firearm,,C
244314765,218777218,2025-06-01,Buffalo,NY0140100,13A,B,B,N,F,50,R,Y,BG,Residence/Home,Home,Firearm,,C
245601482,219905784,2025-06-01,Buffalo,NY0140100,13A,B,B,N,M,49,R,N,RU,Highway/Road/Alley/Street/Sidewalk,Street & Sidewalk,Other,,C
245601484,219905784,2025-06-01,Buffalo,NY0140100,13A,B,B,N,F,36,R,N,RU,Highway/Road/Alley/Street/Sidewalk,Street & Sidewalk,Other,,C
246796160,220954618,2025-06-01,Buffalo,NY0140100,13A,B,B,N,F,26,R,Y,BG,Residence/Home,Home,Personal Weapons,Other Major Injury,C
252773015,226173617,2025-06-01,Buffalo,NY0140100,13A,B,B,N,F,30,R,N,NE,Residence/Home,Home,Other Firearm,Minor Injury,C
252773016,226173617,2025-06-01,Buffalo,NY0140100,13A,B,B,N,M,25,R,N,NE,Residence/Home,Home,Other Firearm,Minor Injury,C
239228378,214338445,2025-06-02,Buffalo,NY0140100,13A,H,W,H,F,55,R,Y,BG,Residence/Home,Home,Blunt Object;Knife/Cutting Instrument,Minor Injury,C
239251863,214360677,2025-06-02,Buffalo,NY0140100,13A,W,W,N,F,34,R,Y,BG,Highway/Road/Alley/Street/Sidewalk,Street & Sidewalk,Blunt Object,,C
241251661,216110126,2025-06-02,Buffalo,NY0140100,13A,B,B,N,F,26,R,N,OK,Highway/Road/Alley/Street/Sidewalk,Street & Sidewalk,Knife/Cutting Instrument,Minor Injury,C
246759082,220919760,2025-06-02,Buffalo,NY0140100,13A,H,W,H,F,16,R,N,ST,Restaurant,Restaurant,Personal Weapons,Minor Injury,C
246786585,220945622,2025-06-02,Buffalo,NY0140100,13A,B,B,N,M,41,R,N,ST,Highway/Road/Alley/Street/Sidewalk,Street & Sidewalk,Knife/Cutting Instrument,Minor Injury,C
252777064,226177446,2025-06-02,Buffalo,NY0140100,13A,B,B,U,F,49,R,N,AQ,Highway/Road/Alley/Street/Sidewalk,Street & Sidewalk,Knife/Cutting Instrument,,C
239293665,214399972,2025-06-03,Buffalo,NY0140100,13A,B,B,N,F,37,N,N,ST,Department/Discount Store,Department Store,Knife/Cutting Instrument,,C
241214565,216074931,2025-06-03,Buffalo,NY0140100,13A,W,W,N,M,68,R,N,ST,Parking/Drop Lot/Garage,Parking Lot,Knife/Cutting Instrument,,C
241214566,216074931,2025-06-03,Buffalo,NY0140100,13A,W,W,N,F,67,R,N,ST,Parking/Drop Lot/Garage,Parking Lot,Knife/Cutting Instrument,,C
248003148,222001744,2025-06-03,Buffalo,NY0140100,13A,B,B,N,F,54,R,Y,XR,Residence/Home,Home,Knife/Cutting Instrument,,C
248003168,222001759,2025-06-03,Buffalo,NY0140100,13A,B,B,U,F,23,R,N,AQ;RU,Residence/Home,Home,Blunt Object,Minor Injury,C
239286881,214393545,2025-06-04,Buffalo,NY0140100,13A,H,W,H,M,17,R,N,FR,Residence/Home,Home,Knife/Cutting Instrument,Minor Injury,C
239286882,214393545,2025-06-04,Buffalo,NY0140100,13A,H,W,H,F,42,R,N,ST,Residence/Home,Home,Knife/Cutting Instrument,Minor Injury,C
245620163,219923386,2025-06-04,Buffalo,NY0140100,13A,B,B,N,M,16,R,N,RU,Residence/Home,Home,Firearm,Other Major Injury;Possible Internal Injury,C
249788931,223560299,2025-06-04,Buffalo,NY0140100,13A,B,B,N,F,29,R,N,AQ;RU,Parking/Drop Lot/Garage,Parking Lot,Other,Minor Injury,C
239229332,214339364,2025-06-05,Buffalo,NY0140100,13A,W,W,U,M,38,R,N,RU,Highway/Road/Alley/Street/Sidewalk,Street & Sidewalk,Knife/Cutting Instrument,,C
239286010,214392709,2025-06-05,Buffalo,NY0140100,13A,B,B,N,M,26,R,N,RU,Highway/Road/Alley/Street/Sidewalk,Street & Sidewalk,Handgun,Minor Injury;Possible Internal Injury,C
239287813,214394433,2025-06-05,Buffalo,NY0140100,13A,B,B,N,F,44,R,Y,XR,Residence/Home,Home,Personal Weapons,Minor Injury;Unconscious,C
244251988,218719415,2025-06-05,Buffalo,NY0140100,13A,B,B,N,F,46,R,N,ST,Highway/Road/Alley/Street/Sidewalk,Street & Sidewalk,Motor Vehicle/Vessel,Other Major Injury,C
244288411,218753180,2025-06-05,Buffalo,NY0140100,13A,B,B,N,M,68,R,Y,XR,Residence/Home,Home,Other,,C
239266928,214374795,2025-06-06,Buffalo,NY0140100,13A,B,B,N,F,13,R,N,CH,Residence/Home,Home,Other;Personal Weapons,Minor Injury,C
239266932,214374799,2025-06-06,Buffalo,NY0140100,13A,B,B,N,F,62,R,N,OF,Residence/Home,Home,Knife/Cutting Instrument,,C
248047192,222042715,2025-06-06,Buffalo,NY0140100,13A,B,B,N,M,38,R,N,RU;ST,Highway/Road/Alley/Street/Sidewalk,Street & Sidewalk,Firearm,,C
239232795,214342631,2025-06-07,Buffalo,NY0140100,13A,W,W,N,F,20,R,N,RU,Residence/Home,Home,Blunt Object,Minor Injury,C
239278715,214385853,2025-06-07,Buffalo,NY0140100,13A,B,B,N,F,34,R,N,NE,Highway/Road/Alley/Street/Sidewalk,Street & Sidewalk,Firearm,,C
239300734,214406682,2025-06-07,Buffalo,NY0140100,13A,H,W,H,M,42,R,Y,XR,Residence/Home,Home,Knife/Cutting Instrument,,C
248047117,222042657,2025-06-07,Buffalo,NY0140100,13A,H,W,H,M,14,R,N,NE;RU,Residence/Home,Home,Firearm,,C
239255410,214364023,2025-06-08,Buffalo,NY0140100,13A,U,U,U,F,38,N,N,RU,Highway/Road/Alley/Street/Sidewalk,Street & Sidewalk,Firearm,,C
239278216,214385400,2025-06-08,Buffalo,NY0140100,13A,B,B,N,F,23,R,N,FR,Residence/Home,Home,Knife/Cutting Instrument,Minor Injury,C
239278217,214385400,2025-06-08,Buffalo,NY0140100,13A,B,B,N,M,29,R,N,FR,Residence/Home,Home,Knife/Cutting Instrument,Minor Injury,C
248038288,222034472,2025-06-08,Buffalo,NY0140100,13A,W,W,N,F,36,R,N,AQ;RU,Residence/Home,Home,Knife/Cutting Instrument,,C
248056278,222051136,2025-06-08,Buffalo,NY0140100,13A,W,W,N,M,,R,N,RU;ST,Highway/Road/Alley/Street/Sidewalk,Street & Sidewalk,Firearm,,C
239289684,214396187,2025-06-09,Buffalo,NY0140100,13A,W,W,N,F,29,R,Y,BG,Highway/Road/Alley/Street/Sidewalk,Street & Sidewalk,Blunt Object,Minor Injury,C
239289686,214396189,2025-06-09,Buffalo,NY0140100,13A,B,B,N,F,34,R,N,AQ,Residence/Home,Home,Firearm,,C
239232273,214342141,2025-06-10,Buffalo,NY0140100,13A,W,W,U,M,19,R,N,RU,Highway/Road/Alley/Street/Sidewalk,Street & Sidewalk,Firearm,Minor Injury;Possible Internal Injury,C
239254541,214363205,2025-06-10,Buffalo,NY0140100,13A,W,W,N,F,34,R,N,RU,Highway/Road/Alley/Street/Sidewalk,Street & Sidewalk,Other,,C
239254902,214363547,2025-06-10,Buffalo,NY0140100,13A,B,B,N,F,30,R,N,PA,Residence/Home,Home,Knife/Cutting Instrument,,C
239277933,214385144,2025-06-10,Buffalo,NY0140100,13A,W,W,N,M,27,R,N,AQ,Residence/Home,Home,Blunt Object,,C
239288938,214395497,2025-06-10,Buffalo,NY0140100,13A,B,B,N,M,47,R,N,RU,Drug Store/Doctor's Office/Hospital,Hospital & Clinic,Knife/Cutting Instrument;Poison,,C
239289422,214395940,2025-06-10,Buffalo,NY0140100,13A,B,B,N,F,51,R,N,OF,Residence/Home,Home,Firearm,,C
246795713,220954210,2025-06-10,Buffalo,NY0140100,13A,H,W,H,M,36,R,N,AQ,Specialty Store,Specialty Store,Knife/Cutting Instrument,Other Major Injury,C
239243142,214352451,2025-06-11,Buffalo,NY0140100,13A,B,B,N,M,25,R,N,AQ,Highway/Road/Alley/Street/Sidewalk,Street & Sidewalk,Handgun,Possible Internal Injury,C
239243143,214352451,2025-06-11,Buffalo,NY0140100,13A,B,B,N,M,23,R,N,AQ,Highway/Road/Alley/Street/Sidewalk,Street & Sidewalk,Handgun,Minor Injury;Possible Internal Injury,C
239243144,214352451,2025-06-11,Buffalo,NY0140100,13A,B,B,N,M,20,R,N,AQ,Highway/Road/Alley/Street/Sidewalk,Street & Sidewalk,Handgun,Minor Injury;Possible Internal Injury,C
239243605,214352881,2025-06-11,Buffalo,NY0140100,13A,B,B,N,M,38,R,N,ST,Highway/Road/Alley/Street/Sidewalk,Street & Sidewalk,Knife/Cutting Instrument,,C
239300099,214406094,2025-06-11,Buffalo,NY0140100,13A,W,W,N,M,32,R,N,RU,Highway/Road/Alley/Street/Sidewalk,Street & Sidewalk,Knife/Cutting Instrument,Possible Internal Injury;Severe Laceration,C
245630177,219932802,2025-06-11,Buffalo,NY0140100,13A,W,W,N,F,46,R,Y,BG,Residence/Home,Home,Blunt Object,Minor Injury,C
239221109,214331607,2025-06-12,Buffalo,NY0140100,13A,W,W,N,M,43,R,N,RU,Parking/Drop Lot/Garage,Parking Lot,Firearm,,C
239266028,214373964,2025-06-12,Buffalo,NY0140100,13A,B,B,N,M,22,R,N,AQ,Residence/Home,Home,Firearm,,C
239277748,214384971,2025-06-12,Buffalo,NY0140100,13A,B,B,U,M,32,R,N,RU,Highway/Road/Alley/Street/Sidewalk,Street & Sidewalk,Knife/Cutting Instrument,,C
239277753,214384976,2025-06-12,Buffalo,NY0140100,13A,W,W,N,M,40,N,N,AQ,Residence/Home,Home,Blunt Object,Minor Injury,C
239289231,214395769,2025-06-12,Buffalo,NY0140100,13A,B,B,U,M,25,R,N,AQ;NE,Residence/Home,Home,Firearm,,C
239289232,214395769,2025-06-12,Buffalo,NY0140100,13A,B,B,N,M,23,R,N,AQ;NE,Residence/Home,Home,Firearm,,C
249796630,223567609,2025-06-12,Buffalo,NY0140100,13A,B,B,N,F,20,N,Y,XR,Residence/Home,Home,Unknown,Minor Injury,C
252745829,226148108,2025-06-12,Buffalo,NY0140100,13A,B,B,N,U,29,R,Y,XR,Residence/Home,Home,Knife/Cutting Instrument,,C
239272858,214380351,2025-06-13,Buffalo,NY0140100,13A,B,B,N,F,37,R,Y,XR,Highway/Road/Alley/Street/Sidewalk,Street & Sidewalk,Knife/Cutting Instrument,Minor Injury,C
241199709,216060928,2025-06-13,Buffalo,NY0140100,13A,B,B,N,M,56,R,N,RU,Highway/Road/Alley/Street/Sidewalk,Street & Sidewalk,Other,Minor Injury;Possible Internal Injury,C
245611609,219915327,2025-06-13,Buffalo,NY0140100,13A,B,B,N,M,36,R,N,AQ,Highway/Road/Alley/Street/Sidewalk,Street & Sidewalk,Firearm,Other Major Injury,C
246777551,220937115,2025-06-13,Buffalo,NY0140100,13A,B,B,N,F,20,R,Y,XR,Residence/Home,Home,Knife/Cutting Instrument,,C
249832364,223601283,2025-06-13,Buffalo,NY0140100,13A,B,B,N,F,40,R,Y,RU;SE,Bar/Nightclub,Bar & Nightclub,Firearm,Minor Injury,C
239228110,214338192,2025-06-14,Buffalo,NY0140100,13A,A,A,N,M,30,N,N,RU,Residence/Home,Home,Motor Vehicle/Vessel,Minor Injury,C
239228111,214338192,2025-06-14,Buffalo,NY0140100,13A,W,W,N,M,40,N,N,RU,Residence/Home,Home,Motor Vehicle/Vessel,,C
239250584,214359458,2025-06-14,Buffalo,NY0140100,13A,W,W,N,M,43,R,Y,BG,Residence/Home,Home,Knife/Cutting Instrument,Minor Injury,C
239262014,214370177,2025-06-14,Buffalo,NY0140100,13A,B,B,N,M,29,R,Y,XR,Parking/Drop Lot/Garage,Parking Lot,Motor Vehicle/Vessel,Minor Injury;Possible Internal Injury;Unconscious,C
241251610,216110076,2025-06-14,Buffalo,NY0140100,13A,U,U,U,M,31,R,N,RU,Highway/Road/Alley/Street/Sidewalk,Street & Sidewalk,Personal Weapons,Severe Laceration,C
239228184,214338258,2025-06-15,Buffalo,NY0140100,13A,H,W,H,F,30,R,N,SB,Highway/Road/Alley/Street/Sidewalk,Street & Sidewalk,Knife/Cutting Instrument,Severe Laceration,C
239250655,214359524,2025-06-15,Buffalo,NY0140100,13A,B,B,N,M,47,R,Y,XR,Residence/Home,Home,Knife/Cutting Instrument,Minor Injury,C
239262209,214370362,2025-06-15,Buffalo,NY0140100,13A,B,B,N,F,27,R,Y,XR,Residence/Home,Home,Personal Weapons,Minor Injury,C
239273061,214380541,2025-06-15,Buffalo,NY0140100,13A,B,B,N,F,35,N,N,SB,Residence/Home,Home,Blunt Object,Minor Injury,C
245564860,219871294,2025-06-15,Buffalo,NY0140100,13A,B,B,N,M,20,R,N,RU,Residence/Home,Home,Firearm,,C
245611611,219915329,2025-06-15,Buffalo,NY0140100,13A,H,W,H,M,34,R,Y,BG,Residence/Home,Home,Knife/Cutting Instrument;Other,Minor Injury,C
245611613,219915331,2025-06-15,Buffalo,NY0140100,13A,W,W,N,M,49,R,N,RU,Highway/Road/Alley/Street/Sidewalk,Street & Sidewalk,Firearm,,C
245611614,219915331,2025-06-15,Buffalo,NY0140100,13A,W,W,N,F,40,R,N,RU,Highway/Road/Alley/Street/Sidewalk,Street & Sidewalk,Firearm,,C
246741173,220902914,2025-06-15,Buffalo,NY0140100,13A,B,B,N,M,30,R,N,ST,Highway/Road/Alley/Street/Sidewalk,Street & Sidewalk,Personal Weapons,Minor Injury,C
249823517,223592916,2025-06-15,Buffalo,NY0140100,13A,B,B,N,F,26,R,N,AQ;RU,Highway/Road/Alley/Street/Sidewalk,Street & Sidewalk,Motor Vehicle/Vessel,Minor Injury,C
249823518,223592916,2025-06-15,Buffalo,NY0140100,13A,B,B,N,F,24,R,N,OF;RU,Highway/Road/Alley/Street/Sidewalk,Street & Sidewalk,Motor Vehicle/Vessel,,C
239262293,214370442,2025-06-16,Buffalo,NY0140100,13A,B,B,N,F,30,R,Y,SE,Residence/Home,Home,Knife/Cutting Instrument,,C
239262294,214370442,2025-06-16,Buffalo,NY0140100,13A,B,B,N,M,27,R,N,IL,Residence/Home,Home,Knife/Cutting Instrument,,C
239239362,214348859,2025-06-17,Buffalo,NY0140100,13A,B,B,N,M,28,R,N,ST,Highway/Road/Alley/Street/Sidewalk,Street & Sidewalk,Knife/Cutting Instrument,Minor Injury,C
239262298,214370445,2025-06-17,Buffalo,NY0140100,13A,W,W,N,M,37,N,N,ST,Highway/Road/Alley/Street/Sidewalk,Street & Sidewalk,Knife/Cutting Instrument,,C
239285310,214392032,2025-06-17,Buffalo,NY0140100,13A,W,W,N,M,35,R,N,RU,Parking/Drop Lot/Garage,Parking Lot,Knife/Cutting Instrument,,C
241220559,216080622,2025-06-17,Buffalo,NY0140100,13A,W,W,N,M,35,R,N,AQ;RU,Highway/Road/Alley/Street/Sidewalk,Street & Sidewalk,Knife/Cutting Instrument,,C
245611481,219915209,2025-06-17,Buffalo,NY0140100,13A,B,B,N,F,25,R,Y,XR,Residence/Home,Home,Blunt Object,Minor Injury;Possible Internal Injury,C
246776050,220935713,2025-06-17,Buffalo,NY0140100,13A,B,B,N,M,57,R,N,RU;ST,Highway/Road/Alley/Street/Sidewalk,Street & Sidewalk,Firearm,,C
246776126,220935782,2025-06-17,Buffalo,NY0140100,13A,B,B,N,M,66,R,N,AQ,Highway/Road/Alley/Street/Sidewalk,Street & Sidewalk,Knife/Cutting Instrument;Personal Weapons,Minor Injury,C
246776131,220935787,2025-06-17,Buffalo,NY0140100,13A,B,B,N,M,19,R,Y,BG,Residence/Home,Home,Knife/Cutting Instrument,,C
239215526,214326354,2025-06-18,Buffalo,NY0140100,13A,W,W,N,M,48,N,N,AQ,Highway/Road/Alley/Street/Sidewalk,Street & Sidewalk,Knife/Cutting Instrument,,C
239277035,214384308,2025-06-18,Buffalo,NY0140100,13A,W,W,N,M,53,R,N,RU,Highway/Road/Alley/Street/Sidewalk,Street & Sidewalk,Knife/Cutting Instrument,,C
239285220,214391949,2025-06-18,Buffalo,NY0140100,13A,W,W,N,M,37,R,N,RU,Highway/Road/Alley/Street/Sidewalk,Street & Sidewalk,Firearm,,C
239287892,214394509,2025-06-18,Buffalo,NY0140100,13A,B,B,N,F,27,R,N,NE,Highway/Road/Alley/Street/Sidewalk,Street & Sidewalk,Firearm,,C
239287893,214394509,2025-06-18,Buffalo,NY0140100,13A,B,B,N,F,31,R,N,NE,Highway/Road/Alley/Street/Sidewalk,Street & Sidewalk,Firearm,,C
239249261,214358226,2025-06-19,Buffalo,NY0140100,13A,B,B,N,F,38,R,N,OF,Highway/Road/Alley/Street/Sidewalk,Street & Sidewalk,Firearm,Minor Injury,C
239273428,214380886,2025-06-19,Buffalo,NY0140100,13A,B,B,U,M,49,R,N,OF,Residence/Home,Home,Blunt Object,,C
241202744,216063795,2025-06-19,Buffalo,NY0140100,13A,B,B,N,M,34,R,N,RU,Highway/Road/Alley/Street/Sidewalk,Street & Sidewalk,Rifle,Minor Injury;Possible Internal Injury,C
239238504,214348050,2025-06-20,Buffalo,NY0140100,13A,B,B,N,M,45,R,N,RU,Highway/Road/Alley/Street/Sidewalk,Street & Sidewalk,Handgun,Other Major Injury;Possible Internal Injury,C
239273506,214380954,2025-06-20,Buffalo,NY0140100,13A,W,W,N,F,30,R,N,ST,Highway/Road/Alley/Street/Sidewalk,Street & Sidewalk,Motor Vehicle/Vessel,,C
239273509,214380957,2025-06-20,Buffalo,NY0140100,13A,H,W,H,M,39,R,N,NE,Residence/Home,Home,Firearm,,C
239284620,214391387,2025-06-20,Buffalo,NY0140100,13A,H,W,H,M,28,R,N,RU,Highway/Road/Alley/Street/Sidewalk,Street & Sidewalk,Knife/Cutting Instrument,Severe Laceration,C
245582601,219888053,2025-06-20,Buffalo,NY0140100,13A,B,B,N,F,41,R,Y,XR,Residence/Home,Home,Firearm,Minor Injury,C
246794366,220952959,2025-06-20,Buffalo,NY0140100,13A,B,B,N,F,17,R,Y,BG,Residence/Home,Home,Personal Weapons,Minor Injury,C
239228229,214338301,2025-06-21,Buffalo,NY0140100,13A,U,U,U,F,25,R,Y,XR,Residence/Home,Home,Knife/Cutting Instrument,Minor Injury,C
239262278,214370427,2025-06-21,Buffalo,NY0140100,13A,B,B,N,F,39,R,Y,XR,Residence/Home,Home,Personal Weapons,Minor Injury;Unconscious,C
252790980,226190473,2025-06-21,Buffalo,NY0140100,13A,W,W,N,F,,R,N,ST,Highway/Road/Alley/Street/Sidewalk,Street & Sidewalk,Knife/Cutting Instrument,,C
239227485,214337607,2025-06-22,Buffalo,NY0140100,13A,W,W,N,F,30,R,N,AQ,Residence/Home,Home,Firearm,,C
239284468,214391244,2025-06-22,Buffalo,NY0140100,13A,B,B,N,M,,R,N,ST,Residence/Home,Home,Shotgun,,C
245620733,219923915,2025-06-22,Buffalo,NY0140100,13A,B,B,N,F,16,R,N,ST,Highway/Road/Alley/Street/Sidewalk,Street & Sidewalk,Blunt Object,,C
245620734,219923915,2025-06-22,Buffalo,NY0140100,13A,W,W,N,F,17,R,N,ST,Highway/Road/Alley/Street/Sidewalk,Street & Sidewalk,Blunt Object,,C
245620735,219923915,2025-06-22,Buffalo,NY0140100,13A,U,U,U,M,,R,N,ST,Highway/Road/Alley/Street/Sidewalk,Street & Sidewalk,Blunt Object,,C
239219779,214330365,2025-06-23,Buffalo,NY0140100,13A,U,U,U,M,20,R,N,RU,Other/Unknown,Other & Unknown,Firearm,Other Major Injury,C
239231015,214340949,2025-06-23,Buffalo,NY0140100,13A,B,B,U,M,34,R,N,RU,Other/Unknown,Other & Unknown,Firearm,Other Major Injury,C
239242214,214351571,2025-06-23,Buffalo,NY0140100,13A,B,B,N,M,23,R,N,ST,Other/Unknown,Other & Unknown,Firearm,Severe Laceration;Unconscious,C
239242215,214351571,2025-06-23,Buffalo,NY0140100,13A,B,B,N,M,19,R,N,ST,Other/Unknown,Other & Unknown,Firearm,Possible Internal Injury;Severe Laceration,C
239226796,214336969,2025-06-24,Buffalo,NY0140100,13A,B,B,N,F,23,R,Y,BG,Residence/Home,Home,Firearm,,C
239265004,214372998,2025-06-24,Buffalo,NY0140100,13A,B,B,N,F,35,R,N,PA,Residence/Home,Home,Knife/Cutting Instrument,,C
239287926,214394538,2025-06-24,Buffalo,NY0140100,13A,B,B,N,M,46,R,N,PA,Residence/Home,Home,Knife/Cutting Instrument,,C
245611508,219915236,2025-06-24,Buffalo,NY0140100,13A,B,B,N,M,51,R,N,AQ,Highway/Road/Alley/Street/Sidewalk,Street & Sidewalk,Other,,C
248012188,222010129,2025-06-24,Buffalo,NY0140100,13A,H,W,H,M,44,R,N,NE;RU,Highway/Road/Alley/Street/Sidewalk,Street & Sidewalk,Knife/Cutting Instrument,,C
248056395,222051215,2025-06-24,Buffalo,NY0140100,13A,B,B,N,F,22,R,Y,XR,Residence/Home,Home,Personal Weapons,Minor Injury;Possible Internal Injury;Unconscious,C
249850345,223618260,2025-06-24,Buffalo,NY0140100,13A,B,B,N,F,40,R,Y,RU;XR,Residence/Home,Home,Personal Weapons,,C
239226967,214337120,2025-06-25,Buffalo,NY0140100,13A,B,B,N,M,20,N,N,RU,Highway/Road/Alley/Street/Sidewalk,Street & Sidewalk,Firearm,Other Major Injury,C
239226970,214337123,2025-06-25,Buffalo,NY0140100,13A,B,B,N,M,26,R,N,RU,Highway/Road/Alley/Street/Sidewalk,Street & Sidewalk,Handgun,Minor Injury;Possible Internal Injury,C
239227207,214337349,2025-06-25,Buffalo,NY0140100,13A,B,B,N,M,,R,N,RU,Residence/Home,Home,Personal Weapons,Other Major Injury;Severe Laceration,C
239237871,214347463,2025-06-25,Buffalo,NY0140100,13A,B,B,N,F,21,R,N,CH,Highway/Road/Alley/Street/Sidewalk,Street & Sidewalk,Firearm,,C
239262058,214370219,2025-06-25,Buffalo,NY0140100,13A,B,B,N,M,16,R,N,FR,Residence/Home,Home,Knife/Cutting Instrument,Minor Injury,C
248047463,222042936,2025-06-25,Buffalo,NY0140100,13A,B,B,N,F,30,R,N,AQ;RU,Highway/Road/Alley/Street/Sidewalk,Street & Sidewalk,Firearm,,C
239216523,214327273,2025-06-26,Buffalo,NY0140100,13A,W,W,N,M,33,R,N,ST,Bar/Nightclub,Bar & Nightclub,Personal Weapons,Minor Injury,C
239216761,214327495,2025-06-26,Buffalo,NY0140100,13A,B,B,N,M,39,R,Y,XR,Specialty Store,Specialty Store,Blunt Object;Personal Weapons,Minor Injury;Possible Internal Injury,C
246730834,220893204,2025-06-26,Buffalo,NY0140100,13A,W,W,U,M,34,R,N,CH,Residence/Home,Home,Blunt Object,Minor Injury;Possible Internal Injury,C
246785516,220944644,2025-06-26,Buffalo,NY0140100,13A,W,W,N,M,,R,N,ST,Residence/Home,Home,Other,,C
249824754,223594066,2025-06-26,Buffalo,NY0140100,13A,B,B,N,M,17,R,N,SB,Highway/Road/Alley/Street/Sidewalk,Street & Sidewalk,Knife/Cutting Instrument,Severe Laceration,C
239285260,214391987,2025-06-27,Buffalo,NY0140100,13A,B,B,N,M,31,R,Y,XR,Highway/Road/Alley/Street/Sidewalk,Street & Sidewalk,Motor Vehicle/Vessel,,C
239285282,214392007,2025-06-27,Buffalo,NY0140100,13A,W,W,N,M,32,N,N,RU,Highway/Road/Alley/Street/Sidewalk,Street & Sidewalk,Knife/Cutting Instrument,,C
241242472,216101406,2025-06-27,Buffalo,NY0140100,13A,B,B,N,F,56,R,N,AQ,Residence/Home,Home,Knife/Cutting Instrument,,C
244298841,218762770,2025-06-28,Buffalo,NY0140100,13A,W,W,N,M,26,R,Y,BG,Hotel/Motel/Etc.,Hotel & Motel,Blunt Object,Minor Injury,C
245564820,219871255,2025-06-28,Buffalo,NY0140100,13A,B,B,N,M,31,R,Y,AQ;RU;XR,Highway/Road/Alley/Street/Sidewalk,Street & Sidewalk,Firearm,Minor Injury,C
245630131,219932762,2025-06-28,Buffalo,NY0140100,13A,B,B,N,F,36,R,Y,RU;XR,Highway/Road/Alley/Street/Sidewalk,Street & Sidewalk,Firearm,,C
248038516,222034653,2025-06-28,Buffalo,NY0140100,13A,B,B,N,M,36,R,N,AQ,Residence/Home,Home,Firearm,,C
252759400,226160851,2025-06-28,Buffalo,NY0140100,13A,H,B,H,M,70,R,N,OF,Residence/Home,Home,Blunt Object,Minor Injury,C
239249933,214358845,2025-06-29,Buffalo,NY0140100,13A,H,W,H,F,35,R,Y,BG,Residence/Home,Home,Personal Weapons,Minor Injury,C
241223680,216083599,2025-06-29,Buffalo,NY0140100,13A,W,W,N,M,48,R,N,RU,Highway/Road/Alley/Street/Sidewalk,Street & Sidewalk,Firearm,,C
241232972,216092391,2025-06-29,Buffalo,NY0140100,13A,B,B,N,M,24,R,N,NE,Residence/Home,Home,Knife/Cutting Instrument,,C
245620212,219923431,2025-06-29,Buffalo,NY0140100,13A,W,W,N,F,27,R,Y,BG,Residence/Home,Home,Knife/Cutting Instrument,Minor Injury,C
248029545,222026294,2025-06-29,Buffalo,NY0140100,13A,B,B,N,M,31,R,N,NE;RU,Residence/Home,Home,Firearm,,C
239216922,214327645,2025-06-30,Buffalo,NY0140100,13A,W,W,N,F,29,R,Y,XR,Residence/Home,Home,Personal Weapons,Minor Injury,C
241242353,216101295,2025-06-30,Buffalo,NY0140100,13A,B,B,N,M,31,R,N,RU,Highway/Road/Alley/Street/Sidewalk,Street & Sidewalk,Unknown,Possible Internal Injury;Severe Laceration,C
249823508,223592909,2025-06-30,Buffalo,NY0140100,13A,B,B,N,F,27,R,N,RU,Highway/Road/Alley/Street/Sidewalk,Street & Sidewalk,Firearm,,C
241205490,216066381,2025-07-01,Buffalo,NY0140100,13A,W,W,U,M,,R,N,OK,Residence/Home,Home,Other,,C
241221550,216081564,2025-07-01,Buffalo,NY0140100,13A,B,B,N,F,20,R,N,RU,Highway/Road/Alley/Street/Sidewalk,Street & Sidewalk,Knife/Cutting Instrument,Minor Injury,C
241223561,216083488,2025-07-01,Buffalo,NY0140100,13A,B,B,N,M,32,R,N,RU,Parking/Drop Lot/Garage,Parking Lot,Handgun,Minor Injury;Possible Internal Injury,C
241223820,216083728,2025-07-01,Buffalo,NY0140100,13A,B,B,N,F,30,R,Y,XR,Residence/Home,Home,Other,,C
241251758,216110217,2025-07-01,Buffalo,NY0140100,13A,B,B,N,M,34,R,N,RU,Highway/Road/Alley/Street/Sidewalk,Street & Sidewalk,Knife/Cutting Instrument,Severe Laceration,C
241244846,216103679,2025-07-02,Buffalo,NY0140100,13A,B,B,N,M,30,R,N,AQ,Highway/Road/Alley/Street/Sidewalk,Street & Sidewalk,Personal Weapons,Minor Injury,C
244302872,218766261,2025-07-02,Buffalo,NY0140100,13A,W,W,N,M,,R,N,RU;ST,Grocery/Supermarket,Grocery Store,Knife/Cutting Instrument,,C
246785521,220944649,2025-07-02,Buffalo,NY0140100,13A,B,B,N,M,16,R,N,ST,Residence/Home,Home,Knife/Cutting Instrument;Personal Weapons,Possible Internal Injury;Severe Laceration,C
248036191,222032544,2025-07-02,Buffalo,NY0140100,13A,B,B,N,M,26,R,Y,RU;XR,Residence/Home,Home,Knife/Cutting Instrument,,C
249841467,223609876,2025-07-02,Buffalo,NY0140100,13A,B,B,N,M,57,R,Y,BG,Residence/Home,Home,Knife/Cutting Instrument,Severe Laceration,C
252772801,226173415,2025-07-02,Buffalo,NY0140100,13A,B,B,N,M,39,R,N,RU;SB,Residence/Home,Home,Blunt Object;Personal Weapons,Minor Injury,C
241217170,216077400,2025-07-03,Buffalo,NY0140100,13A,W,W,N,M,39,N,Y,XR,Highway/Road/Alley/Street/Sidewalk,Street & Sidewalk,Motor Vehicle/Vessel,Minor Injury,C
241254081,216112432,2025-07-03,Buffalo,NY0140100,13A,B,B,N,F,17,R,Y,BG,Residence/Home,Home,Firearm,,C
241255072,216113370,2025-07-03,Buffalo,NY0140100,13A,B,B,N,M,43,R,N,RU,Highway/Road/Alley/Street/Sidewalk,Street & Sidewalk,Knife/Cutting Instrument,Severe Laceration,C
248063615,222057974,2025-07-03,Buffalo,NY0140100,13A,W,W,N,M,23,R,N,NE;RU,Highway/Road/Alley/Street/Sidewalk,Street & Sidewalk,Knife/Cutting Instrument,Severe Laceration,C
241189731,216051434,2025-07-04,Buffalo,NY0140100,13A,B,B,N,M,20,R,N,AQ,Highway/Road/Alley/Street/Sidewalk,Street & Sidewalk,Knife/Cutting Instrument,,C
241189733,216051434,2025-07-04,Buffalo,NY0140100,13A,B,B,N,F,20,R,N,AQ,Highway/Road/Alley/Street/Sidewalk,Street & Sidewalk,Knife/Cutting Instrument,,C
241199212,216060451,2025-07-04,Buffalo,NY0140100,13A,W,W,N,F,20,N,Y,BG,Residence/Home,Home,Personal Weapons,Minor Injury,C
241199214,216060453,2025-07-04,Buffalo,NY0140100,13A,B,B,N,F,5,R,N,SC,Residence/Home,Home,Other,,C
241208481,216069189,2025-07-04,Buffalo,NY0140100,13A,U,U,U,F,,R,N,RU,Parking/Drop Lot/Garage,Parking Lot,Other,,C
241245215,216104020,2025-07-04,Buffalo,NY0140100,13A,H,W,H,F,39,R,Y,XR,Highway/Road/Alley/Street/Sidewalk,Street & Sidewalk,Motor Vehicle/Vessel;Personal Weapons,,C
241245252,216104055,2025-07-04,Buffalo,NY0140100,13A,B,B,N,M,20,R,N,RU,Highway/Road/Alley/Street/Sidewalk,Street & Sidewalk,Personal Weapons,Possible Internal Injury;Unconscious,C
245620963,219924131,2025-07-04,Buffalo,NY0140100,13A,W,W,N,F,44,N,N,RU;SB,Residence/Home,Home,Personal Weapons,Minor Injury,C
248016423,222014102,2025-07-04,Buffalo,NY0140100,13A,H,W,H,M,33,R,N,AQ;RU,Highway/Road/Alley/Street/Sidewalk,Street & Sidewalk,Personal Weapons,,C
248073591,222067220,2025-07-04,Buffalo,NY0140100,13A,B,B,N,M,33,R,N,AQ;RU,Residence/Home,Home,Knife/Cutting Instrument,Minor Injury,C
252781686,226181714,2025-07-04,Buffalo,NY0140100,13A,B,B,N,F,52,R,N,AQ,Residence/Home,Home,Personal Weapons,Minor Injury;Possible Internal Injury,C
252790879,226190379,2025-07-04,Buffalo,NY0140100,13A,B,B,N,M,,R,N,NE,Residence/Home,Home,Knife/Cutting Instrument,,C
252790880,226190379,2025-07-04,Buffalo,NY0140100,13A,H,W,H,F,,R,N,NE,Residence/Home,Home,Knife/Cutting Instrument,,C
241207581,216068359,2025-07-05,Buffalo,NY0140100,13A,B,B,N,F,53,N,N,ST,Drug Store/Doctor's Office/Hospital,Hospital & Clinic,Knife/Cutting Instrument,,C
241208295,216069009,2025-07-05,Buffalo,NY0140100,13A,B,B,N,F,58,R,Y,XR,Residence/Home,Home,Personal Weapons,Other Major Injury;Severe Laceration,C
241216784,216077041,2025-07-05,Buffalo,NY0140100,13A,B,B,N,F,54,R,N,IL,Residence/Home,Home,Fire/Incendiary Device,Minor Injury,C
241217521,216077727,2025-07-05,Buffalo,NY0140100,13A,B,B,N,M,72,R,N,RU,Highway/Road/Alley/Street/Sidewalk,Street & Sidewalk,Personal Weapons,Minor Injury,C
241236162,216095378,2025-07-05,Buffalo,NY0140100,13A,H,W,H,M,19,R,N,RU,Highway/Road/Alley/Street/Sidewalk,Street & Sidewalk,Firearm,Other Major Injury,C
241245326,216104127,2025-07-05,Buffalo,NY0140100,13A,B,B,N,F,19,R,Y,SE,Residence/Home,Home,Firearm,Minor Injury,C
241254015,216112371,2025-07-05,Buffalo,NY0140100,13A,B,B,N,M,27,R,Y,XR,Residence/Home,Home,Knife/Cutting Instrument,Minor Injury,C
246767187,220927374,2025-07-05,Buffalo,NY0140100,13A,H,B,H,F,25,N,N,ST,Highway/Road/Alley/Street/Sidewalk,Street & Sidewalk,Firearm,,C
248028462,222025357,2025-07-05,Buffalo,NY0140100,13A,B,B,N,F,47,R,Y,SE;ST,Residence/Home,Home,Firearm,,C
248028463,222025357,2025-07-05,Buffalo,NY0140100,13A,B,B,N,M,29,R,N,RU;ST,Residence/Home,Home,Firearm,,C
248028464,222025357,2025-07-05,Buffalo,NY0140100,13A,B,B,N,F,19,R,N,RU;ST,Residence/Home,Home,Firearm,,C
241217525,216077731,2025-07-06,Buffalo,NY0140100,13A,B,B,N,F,23,R,Y,XR,Highway/Road/Alley/Street/Sidewalk,Street & Sidewalk,Personal Weapons,Apparent Broken Bones,C
241226149,216085935,2025-07-06,Buffalo,NY0140100,13A,B,B,U,F,41,R,N,PA,Residence/Home,Home,Knife/Cutting Instrument,,C
241245400,216104196,2025-07-06,Buffalo,NY0140100,13A,H,W,H,F,24,R,Y,XR,Residence/Home,Home,Personal Weapons,Minor Injury,C
241254896,216113203,2025-07-06,Buffalo,NY0140100,13A,B,B,N,F,26,R,N,ST,Highway/Road/Alley/Street/Sidewalk,Street & Sidewalk,Knife/Cutting Instrument,Severe Laceration,C
245602015,219906268,2025-07-06,Buffalo,NY0140100,13A,B,B,N,F,16,R,N,CH,Residence/Home,Home,Other,,C
249833335,223602204,2025-07-06,Buffalo,NY0140100,13A,B,B,N,F,32,N,Y,XR,Residence/Home,Home,Blunt Object,Minor Injury,C
241208648,216069347,2025-07-07,Buffalo,NY0140100,13A,W,W,N,M,70,R,N,NE,Residence/Home,Home,Blunt Object;Personal Weapons,Severe Laceration,C
241217326,216077545,2025-07-07,Buffalo,NY0140100,13A,B,B,N,M,22,R,N,RU,Highway/Road/Alley/Street/Sidewalk,Street & Sidewalk,Firearm,Minor Injury,C
241220346,216080419,2025-07-07,Buffalo,NY0140100,13A,B,B,N,M,76,R,N,ST,Residence/Home,Home,Other,Minor Injury;Possible Internal Injury,C
241235966,216095192,2025-07-07,Buffalo,NY0140100,13A,B,B,N,M,32,R,N,RU,Highway/Road/Alley/Street/Sidewalk,Street & Sidewalk,Firearm,Minor Injury;Possible Internal Injury,C
245611790,219915497,2025-07-07,Buffalo,NY0140100,13A,B,B,N,M,33,R,N,RU,Convenience Store,Convenience Store,Handgun,,C
245611791,219915497,2025-07-07,Buffalo,NY0140100,13A,W,W,N,F,20,R,N,RU,Convenience Store,Convenience Store,Handgun,,C
241190114,216051799,2025-07-08,Buffalo,NY0140100,13A,W,W,N,M,45,R,N,NE,Highway/Road/Alley/Street/Sidewalk,Street & Sidewalk,Blunt Object;Personal Weapons,Possible Internal Injury,C
241199285,216060523,2025-07-08,Buffalo,NY0140100,13A,B,B,N,M,15,R,N,CH,Residence/Home,Home,Other,Minor Injury,C
241207947,216068693,2025-07-08,Buffalo,NY0140100,13A,B,B,N,F,21,R,Y,BG,Parking/Drop Lot/Garage,Parking Lot,Motor Vehicle/Vessel,Minor Injury,C
241208218,216068937,2025-07-08,Buffalo,NY0140100,13A,W,W,N,M,34,R,N,AQ,Residence/Home,Home,Personal Weapons,Minor Injury,C
241254318,216112657,2025-07-08,Buffalo,NY0140100,13A,B,B,N,M,31,R,N,RU,Highway/Road/Alley/Street/Sidewalk,Street & Sidewalk,Knife/Cutting Instrument,Minor Injury,C
241208135,216068860,2025-07-09,Buffalo,NY0140100,13A,B,B,N,M,29,R,N,RU,Restaurant,Restaurant,Blunt Object,,C
241235490,216094750,2025-07-09,Buffalo,NY0140100,13A,B,B,N,M,72,R,N,RU,Highway/Road/Alley/Street/Sidewalk,Street & Sidewalk,Personal Weapons,Minor Injury,C
241254226,216112571,2025-07-09,Buffalo,NY0140100,13A,W,W,N,M,9,R,N,CH,Highway/Road/Alley/Street/Sidewalk,Street & Sidewalk,Personal Weapons,Minor Injury,C
248054828,222049806,2025-07-09,Buffalo,NY0140100,13A,W,W,N,M,64,R,N,AQ;RU,Highway/Road/Alley/Street/Sidewalk,Street & Sidewalk,Blunt Object,Minor Injury,C
249815581,223585438,2025-07-09,Buffalo,NY0140100,13A,B,B,N,F,28,R,Y,XR,Residence/Home,Home,Knife/Cutting Instrument,,C
249815582,223585438,2025-07-09,Buffalo,NY0140100,13A,B,B,N,F,29,R,N,AQ,Residence/Home,Home,Knife/Cutting Instrument,,C
249815583,223585438,2025-07-09,Buffalo,NY0140100,13A,B,B,N,F,28,R,N,AQ,Residence/Home,Home,Knife/Cutting Instrument,,C
241189915,216051611,2025-07-10,Buffalo,NY0140100,13A,B,B,N,M,47,R,Y,SE,Highway/Road/Alley/Street/Sidewalk,Street & Sidewalk,Knife/Cutting Instrument,,C
241190001,216051692,2025-07-10,Buffalo,NY0140100,13A,B,B,N,M,17,R,Y,XR,Residence/Home,Home,Knife/Cutting Instrument,Minor Injury,C
241245414,216104207,2025-07-10,Buffalo,NY0140100,13A,H,B,H,F,24,R,Y,XR,Highway/Road/Alley/Street/Sidewalk,Street & Sidewalk,Firearm,Minor Injury,C
241217816,216078003,2025-07-11,Buffalo,NY0140100,13A,H,U,H,F,28,R,N,ST,Department/Discount Store,Department Store,Knife/Cutting Instrument,,C
241217817,216078003,2025-07-11,Buffalo,NY0140100,13A,H,W,H,M,31,R,N,ST,Department/Discount Store,Department Store,Knife/Cutting Instrument,,C
245592706,219897485,2025-07-11,Buffalo,NY0140100,13A,B,B,N,F,29,R,N,NE,Highway/Road/Alley/Street/Sidewalk,Street & Sidewalk,Other,Minor Injury,C
246750649,220911822,2025-07-11,Buffalo,NY0140100,13A,A,A,N,F,43,R,N,AQ,Highway/Road/Alley/Street/Sidewalk,Street & Sidewalk,Blunt Object,,C
241189556,216051264,2025-07-12,Buffalo,NY0140100,13A,B,B,U,F,15,R,N,AQ,Residence/Home,Home,Blunt Object,Minor Injury,C
241198764,216060037,2025-07-12,Buffalo,NY0140100,13A,B,B,N,M,59,R,N,PA,Residence/Home,Home,Personal Weapons,Minor Injury,C
241198765,216060038,2025-07-12,Buffalo,NY0140100,13A,B,B,N,F,29,R,N,AQ,Highway/Road/Alley/Street/Sidewalk,Street & Sidewalk,Personal Weapons,,C
241198879,216060142,2025-07-12,Buffalo,NY0140100,13A,W,W,N,F,43,R,Y,SE,Residence/Home,Home,Knife/Cutting Instrument,Minor Injury,C
241207455,216068238,2025-07-12,Buffalo,NY0140100,13A,B,B,N,M,29,R,N,RU,Highway/Road/Alley/Street/Sidewalk,Street & Sidewalk,Knife/Cutting Instrument,Severe Laceration,C
241207527,216068307,2025-07-12,Buffalo,NY0140100,13A,B,B,N,M,56,N,Y,BG,Residence/Home,Home,Knife/Cutting Instrument,Minor Injury,C
241207853,216068604,2025-07-12,Buffalo,NY0140100,13A,B,B,N,F,36,R,Y,BG,Residence/Home,Home,Personal Weapons,Minor Injury,C
241208537,216069240,2025-07-12,Buffalo,NY0140100,13A,B,B,N,M,34,R,N,RU,Other/Unknown,Other & Unknown,Firearm,,C
241245059,216103875,2025-07-12,Buffalo,NY0140100,13A,B,B,N,F,29,R,N,RU,Highway/Road/Alley/Street/Sidewalk,Street & Sidewalk,Firearm,,C
241245108,216103920,2025-07-12,Buffalo,NY0140100,13A,W,W,N,M,27,N,N,RU,Bar/Nightclub,Bar & Nightclub,Personal Weapons,Minor Injury,C
241253931,216112292,2025-07-12,Buffalo,NY0140100,13A,W,W,N,M,,R,N,ST,Bar/Nightclub,Bar & Nightclub,Firearm,,C
246741769,220903458,2025-07-12,Buffalo,NY0140100,13A,B,B,N,M,46,R,N,AQ;RU,Highway/Road/Alley/Street/Sidewalk,Street & Sidewalk,Knife/Cutting Instrument,Minor Injury,C
252773265,226173848,2025-07-12,Buffalo,NY0140100,13A,B,B,U,F,32,R,Y,XR,Residence/Home,Home,Firearm,Minor Injury,C
241190161,216051845,2025-07-13,Buffalo,NY0140100,13A,W,W,N,M,31,R,N,RU,Highway/Road/Alley/Street/Sidewalk,Street & Sidewalk,Knife/Cutting Instrument,Severe Laceration,C
241217319,216077539,2025-07-13,Buffalo,NY0140100,13A,B,B,N,M,34,R,N,RU,Highway/Road/Alley/Street/Sidewalk,Street & Sidewalk,Firearm,,C
245611826,219915527,2025-07-13,Buffalo,NY0140100,13A,B,B,N,M,18,R,Y,XR,Highway/Road/Alley/Street/Sidewalk,Street & Sidewalk,Blunt Object;Knife/Cutting Instrument,Minor Injury,C
246740894,220902657,2025-07-13,Buffalo,NY0140100,13A,B,B,N,M,14,R,N,ST,Highway/Road/Alley/Street/Sidewalk,Street & Sidewalk,Blunt Object,Loss of Teeth;Other Major Injury;Severe Laceration,C
246769055,220929112,2025-07-13,Buffalo,NY0140100,13A,B,B,N,F,47,R,N,AQ,Highway/Road/Alley/Street/Sidewalk,Street & Sidewalk,Motor Vehicle/Vessel,Minor Injury,C
246796624,220955027,2025-07-13,Buffalo,NY0140100,13A,B,B,N,F,31,R,N,RU,Highway/Road/Alley/Street/Sidewalk,Street & Sidewalk,Knife/Cutting Instrument,Minor Injury,C
248063616,222057975,2025-07-13,Buffalo,NY0140100,13A,W,W,N,M,19,N,N,RU,Highway/Road/Alley/Street/Sidewalk,Street & Sidewalk,Firearm;Knife/Cutting Instrument,Severe Laceration,C
248063617,222057975,2025-07-13,Buffalo,NY0140100,13A,W,W,N,F,20,N,N,RU,Highway/Road/Alley/Street/Sidewalk,Street & Sidewalk,Firearm;Knife/Cutting Instrument,Minor Injury,C
248072772,222066437,2025-07-13,Buffalo,NY0140100,13A,B,B,N,M,60,R,N,OK;RU,Highway/Road/Alley/Street/Sidewalk,Street & Sidewalk,Blunt Object,Minor Injury,C
249815641,223585490,2025-07-13,Buffalo,NY0140100,13A,B,B,U,M,19,R,Y,XR,Residence/Home,Home,Personal Weapons,,C
241190162,216051846,2025-07-14,Buffalo,NY0140100,13A,W,W,N,F,40,R,Y,XR,Residence/Home,Home,Knife/Cutting Instrument,,C
241199467,216060695,2025-07-14,Buffalo,NY0140100,13A,B,B,U,M,38,N,Y,XR,Highway/Road/Alley/Street/Sidewalk,Street & Sidewalk,Firearm,,C
241245737,216104514,2025-07-14,Buffalo,NY0140100,13A,W,W,N,M,36,R,N,AQ,Highway/Road/Alley/Street/Sidewalk,Street & Sidewalk,Personal Weapons,Minor Injury,C
245612132,219915819,2025-07-14,Buffalo,NY0140100,13A,B,B,N,F,25,R,Y,SE,Residence/Home,Home,Knife/Cutting Instrument,,C
241189075,216050811,2025-07-15,Buffalo,NY0140100,13A,B,B,N,M,37,R,N,RU,Park/Playground,Park & Playground,Knife/Cutting Instrument;Other;Personal Weapons,Severe Laceration,C
241207659,216068431,2025-07-15,Buffalo,NY0140100,13A,B,B,N,F,58,R,N,PA,Residence/Home,Home,Knife/Cutting Instrument,,C
241207664,216068436,2025-07-15,Buffalo,NY0140100,13A,B,B,N,M,28,R,N,RU,Highway/Road/Alley/Street/Sidewalk,Street & Sidewalk,Motor Vehicle/Vessel,,C
241225940,216085739,2025-07-15,Buffalo,NY0140100,13A,W,W,N,M,70,R,N,NE;RU,Highway/Road/Alley/Street/Sidewalk,Street & Sidewalk,Other,Minor Injury,C
241236237,216095446,2025-07-15,Buffalo,NY0140100,13A,B,B,N,F,17,R,N,CH,Highway/Road/Alley/Street/Sidewalk,Street & Sidewalk,Other,,C
245574368,219880265,2025-07-15,Buffalo,NY0140100,13A,W,W,N,M,48,R,N,RU,Park/Playground,Park & Playground,Knife/Cutting Instrument,Severe Laceration,C
252772704,226173333,2025-07-15,Buffalo,NY0140100,13A,B,B,N,F,40,R,Y,RU;SE,Residence/Home,Home,Blunt Object,Minor Injury,C
241189640,216051345,2025-07-16,Buffalo,NY0140100,13A,H,W,H,M,19,R,N,AQ,Highway/Road/Alley/Street/Sidewalk,Street & Sidewalk,Motor Vehicle/Vessel,,C
241217195,216077424,2025-07-16,Buffalo,NY0140100,13A,W,W,N,F,28,N,N,ST,Drug Store/Doctor's Office/Hospital,Hospital & Clinic,Personal Weapons,Minor Injury,C
241217196,216077424,2025-07-16,Buffalo,NY0140100,13A,W,W,N,F,44,R,N,ST,Drug Store/Doctor's Office/Hospital,Hospital & Clinic,Personal Weapons,,C
241217698,216077895,2025-07-16,Buffalo,NY0140100,13A,B,B,N,F,56,N,N,NE,Highway/Road/Alley/Street/Sidewalk,Street & Sidewalk,Knife/Cutting Instrument,,C
241217789,216077978,2025-07-16,Buffalo,NY0140100,13A,B,B,N,F,24,R,Y,XR,Residence/Home,Home,Personal Weapons,Minor Injury,C
241245134,216103945,2025-07-16,Buffalo,NY0140100,13A,W,W,U,F,46,R,N,ST,Restaurant,Restaurant,Blunt Object,Apparent Broken Bones;Severe Laceration,C
241208216,216068935,2025-07-17,Buffalo,NY0140100,13A,B,B,N,M,17,R,N,RU,Other/Unknown,Other & Unknown,Firearm,Other Major Injury,C
241254797,216113108,2025-07-17,Buffalo,NY0140100,13A,B,B,N,M,29,R,N,RU,Highway/Road/Alley/Street/Sidewalk,Street & Sidewalk,Firearm,Other Major Injury,C
244252682,218720075,2025-07-17,Buffalo,NY0140100,13A,B,B,N,M,50,R,N,OK,Highway/Road/Alley/Street/Sidewalk,Street & Sidewalk,Firearm,Minor Injury,C
241189748,216051450,2025-07-18,Buffalo,NY0140100,13A,B,B,N,M,25,R,N,RU,Drug Store/Doctor's Office/Hospital,Hospital & Clinic,Knife/Cutting Instrument,Minor Injury,C
241226297,216086074,2025-07-18,Buffalo,NY0140100,13A,H,W,H,F,34,R,Y,XR,Residence/Home,Home,Knife/Cutting Instrument,,C
241245335,216104135,2025-07-18,Buffalo,NY0140100,13A,W,W,N,M,30,R,N,RU,Highway/Road/Alley/Street/Sidewalk,Street & Sidewalk,Personal Weapons,Apparent Broken Bones;Possible Internal Injury;Severe Laceration,C
241208389,216069102,2025-07-19,Buffalo,NY0140100,13A,B,B,N,F,35,R,Y,BG,Residence/Home,Home,Other,Minor Injury,C
241208712,216069407,2025-07-19,Buffalo,NY0140100,13A,W,W,N,F,27,R,Y,BG,Residence/Home,Home,Knife/Cutting Instrument,Minor Injury,C
241244778,216103614,2025-07-19,Buffalo,NY0140100,13A,B,B,N,M,38,R,Y,XR,Highway/Road/Alley/Street/Sidewalk,Street & Sidewalk,Knife/Cutting Instrument,Other Major Injury,C
244303226,218766589,2025-07-19,Buffalo,NY0140100,13A,W,W,N,M,42,R,N,RU,Highway/Road/Alley/Street/Sidewalk,Street & Sidewalk,Personal Weapons,Apparent Broken Bones;Unconscious,C
241198986,216060241,2025-07-20,Buffalo,NY0140100,13A,W,W,N,F,45,R,Y,XR,Residence/Home,Home,Knife/Cutting Instrument,,C
241245253,216104056,2025-07-20,Buffalo,NY0140100,13A,W,W,N,M,22,R,Y,BG,Residence/Home,Home,Blunt Object,Minor Injury,C
252799533,226198508,2025-07-20,Buffalo,NY0140100,13A,B,B,N,F,35,R,Y,BG,Residence/Home,Home,Personal Weapons,Minor Injury,C
241189873,216051569,2025-07-21,Buffalo,NY0140100,13A,B,B,N,M,39,R,N,ST,Highway/Road/Alley/Street/Sidewalk,Street & Sidewalk,Blunt Object,,C
241189874,216051569,2025-07-21,Buffalo,NY0140100,13A,B,B,N,F,23,R,N,ST,Highway/Road/Alley/Street/Sidewalk,Street & Sidewalk,Blunt Object,,C
241199295,216060531,2025-07-21,Buffalo,NY0140100,13A,B,B,N,M,37,R,N,AQ,Parking/Drop Lot/Garage,Parking Lot,Firearm,,C
241190101,216051786,2025-07-22,Buffalo,NY0140100,13A,B,B,N,M,57,R,N,RU,Highway/Road/Alley/Street/Sidewalk,Street & Sidewalk,Firearm,,C
241198768,216060041,2025-07-22,Buffalo,NY0140100,13A,B,B,N,M,21,R,N,RU,Parking/Drop Lot/Garage,Parking Lot,Firearm;Handgun,,C
241208035,216068768,2025-07-22,Buffalo,NY0140100,13A,W,W,U,M,31,R,N,ST,Highway/Road/Alley/Street/Sidewalk,Street & Sidewalk,Firearm,,C
241217176,216077406,2025-07-22,Buffalo,NY0140100,13A,B,B,N,F,21,R,N,FR,Highway/Road/Alley/Street/Sidewalk,Street & Sidewalk,Firearm;Personal Weapons,,C
241254210,216112555,2025-07-22,Buffalo,NY0140100,13A,B,B,N,M,32,N,N,RU,Residence/Home,Home,Knife/Cutting Instrument,Minor Injury,C
246749963,220911191,2025-07-22,Buffalo,NY0140100,13A,B,B,N,F,38,R,N,ST,Highway/Road/Alley/Street/Sidewalk,Street & Sidewalk,Knife/Cutting Instrument;Other,,C
246777560,220937124,2025-07-22,Buffalo,NY0140100,13A,W,W,N,M,18,R,N,OF;RU,Convenience Store,Convenience Store,Blunt Object,Minor Injury,C
252800193,226199118,2025-07-22,Buffalo,NY0140100,13A,B,B,N,M,32,R,Y,BG,Residence/Home,Home,Knife/Cutting Instrument,Possible Internal Injury;Severe Laceration;Unconscious,C
241190240,216051919,2025-07-23,Buffalo,NY0140100,13A,H,W,H,F,20,R,N,RU,Highway/Road/Alley/Street/Sidewalk,Street & Sidewalk,Knife/Cutting Instrument,Severe Laceration,C
241226956,216086707,2025-07-23,Buffalo,NY0140100,13A,W,W,N,F,32,R,Y,SE,Residence/Home,Home,Personal Weapons,Minor Injury,C
241235211,216094495,2025-07-23,Buffalo,NY0140100,13A,W,W,N,M,,R,N,ST,Highway/Road/Alley/Street/Sidewalk,Street & Sidewalk,Firearm;Personal Weapons,Minor Injury,C
241235212,216094495,2025-07-23,Buffalo,NY0140100,13A,B,B,N,F,,R,N,ST,Highway/Road/Alley/Street/Sidewalk,Street & Sidewalk,Firearm;Personal Weapons,,C
241235213,216094495,2025-07-23,Buffalo,NY0140100,13A,B,B,N,F,,R,N,ST,Highway/Road/Alley/Street/Sidewalk,Street & Sidewalk,Firearm;Personal Weapons,,C
244240082,218708486,2025-07-23,Buffalo,NY0140100,13A,B,B,N,M,21,R,N,RU,Convenience Store,Convenience Store,Personal Weapons,Minor Injury,C
246730171,220892589,2025-07-23,Buffalo,NY0140100,13A,W,W,N,M,59,R,N,NE,Residence/Home,Home,Knife/Cutting Instrument,,C
248056621,222051403,2025-07-23,Buffalo,NY0140100,13A,H,W,H,F,39,R,N,RU;SB,Highway/Road/Alley/Street/Sidewalk,Street & Sidewalk,Firearm,,C
248065661,222059749,2025-07-23,Buffalo,NY0140100,13A,B,B,N,F,28,R,Y,RU;XR,Residence/Home,Home,Personal Weapons,Minor Injury,C
241216890,216077140,2025-07-24,Buffalo,NY0140100,13A,B,B,N,F,29,R,Y,BG,Residence/Home,Home,Blunt Object,Minor Injury,C
241216891,216077141,2025-07-24,Buffalo,NY0140100,13A,W,W,N,M,46,R,N,RU,Park/Playground,Park & Playground,Blunt Object;Firearm,Minor Injury,C
241217696,216077893,2025-07-24,Buffalo,NY0140100,13A,B,B,N,F,19,R,N,SB,Residence/Home,Home,Knife/Cutting Instrument,,C
241225965,216085763,2025-07-24,Buffalo,NY0140100,13A,B,B,N,F,40,R,Y,SE,Residence/Home,Home,Personal Weapons,Minor Injury,C
241235481,216094744,2025-07-24,Buffalo,NY0140100,13A,B,B,N,M,27,R,N,RU,Residence/Home,Home,Firearm,Minor Injury,C
241235608,216094857,2025-07-24,Buffalo,NY0140100,13A,B,B,N,F,38,R,Y,XR,Residence/Home,Home,Other,Apparent Broken Bones;Severe Laceration,C
241198523,216059813,2025-07-25,Buffalo,NY0140100,13A,W,W,N,M,49,N,N,ST,Highway/Road/Alley/Street/Sidewalk,Street & Sidewalk,Knife/Cutting Instrument,Severe Laceration,C
241217972,216078147,2025-07-25,Buffalo,NY0140100,13A,B,B,N,F,40,R,N,NE,Residence/Home,Home,Knife/Cutting Instrument,,C
244265207,218731642,2025-07-25,Buffalo,NY0140100,13A,B,B,N,F,31,R,N,AQ;RU,Highway/Road/Alley/Street/Sidewalk,Street & Sidewalk,Firearm,,C
241208293,216069008,2025-07-26,Buffalo,NY0140100,13A,W,W,N,M,41,N,N,AQ,Highway/Road/Alley/Street/Sidewalk,Street & Sidewalk,Firearm,,C
241208294,216069008,2025-07-26,Buffalo,NY0140100,13A,W,W,N,F,35,N,N,AQ,Highway/Road/Alley/Street/Sidewalk,Street & Sidewalk,Firearm,,C
241217794,216077983,2025-07-26,Buffalo,NY0140100,13A,W,W,N,F,20,N,N,AQ,Bar/Nightclub,Bar & Nightclub,Personal Weapons,Apparent Broken Bones;Unconscious,C
241235353,216094631,2025-07-26,Buffalo,NY0140100,13A,B,B,U,M,46,R,N,AQ,Residence/Home,Home,Knife/Cutting Instrument,Severe Laceration,C
241236165,216095381,2025-07-26,Buffalo,NY0140100,13A,W,W,U,M,69,R,Y,SE,Residence/Home,Home,Knife/Cutting Instrument;Personal Weapons,Minor Injury,C
241236168,216095383,2025-07-26,Buffalo,NY0140100,13A,W,W,N,M,19,R,N,ST,Highway/Road/Alley/Street/Sidewalk,Street & Sidewalk,Knife/Cutting Instrument,,C
241217332,216077552,2025-07-27,Buffalo,NY0140100,13A,W,W,N,M,41,R,N,RU,Restaurant,Restaurant,Firearm,,C
241226294,216086071,2025-07-27,Buffalo,NY0140100,13A,U,U,U,M,45,R,N,RU,Highway/Road/Alley/Street/Sidewalk,Street & Sidewalk,Firearm,Possible Internal Injury,C
241226417,216086188,2025-07-27,Buffalo,NY0140100,13A,B,B,N,F,31,R,N,RU,Residence/Home,Home,Personal Weapons,Apparent Broken Bones;Loss of Teeth,C
241245139,216103950,2025-07-27,Buffalo,NY0140100,13A,B,B,N,F,46,R,N,AQ,Highway/Road/Alley/Street/Sidewalk,Street & Sidewalk,Firearm,,C
241254214,216112559,2025-07-27,Buffalo,NY0140100,13A,B,B,N,F,34,R,Y,XR,Residence/Home,Home,Other,,C
248037828,222034090,2025-07-27,Buffalo,NY0140100,13A,B,B,N,F,31,R,Y,RU;XR,Residence/Home,Home,Other;Personal Weapons,Apparent Broken Bones,C
241189998,216051689,2025-07-28,Buffalo,NY0140100,13A,B,B,N,F,31,R,N,IL,Highway/Road/Alley/Street/Sidewalk,Street & Sidewalk,Other,Minor Injury,C
241199283,216060521,2025-07-28,Buffalo,NY0140100,13A,B,B,N,F,31,R,N,AQ,Highway/Road/Alley/Street/Sidewalk,Street & Sidewalk,Blunt Object,Minor Injury,C
241208130,216068855,2025-07-28,Buffalo,NY0140100,13A,W,W,N,M,30,R,N,RU,Highway/Road/Alley/Street/Sidewalk,Street & Sidewalk,Handgun,,C
241217338,216077557,2025-07-28,Buffalo,NY0140100,13A,H,W,H,M,29,R,N,RU,Highway/Road/Alley/Street/Sidewalk,Street & Sidewalk,Firearm,Other Major Injury,C
244268627,218734883,2025-07-28,Buffalo,NY0140100,13A,B,B,N,M,46,R,N,ST,Park/Playground,Park & Playground,Knife/Cutting Instrument,,C
245612191,219915873,2025-07-28,Buffalo,NY0140100,13A,B,B,N,F,52,R,N,AQ;PA,Residence/Home,Home,Firearm;Other,,C
241208041,216068774,2025-07-29,Buffalo,NY0140100,13A,W,W,N,M,54,R,N,RU,Residence/Home,Home,Other;Personal Weapons,Minor Injury,C
241254215,216112560,2025-07-29,Buffalo,NY0140100,13A,W,W,N,M,60,N,N,RU,Parking/Drop Lot/Garage,Parking Lot,Other,Minor Injury,C
245630911,219933500,2025-07-29,Buffalo,NY0140100,13A,B,B,N,M,25,R,N,RU,Highway/Road/Alley/Street/Sidewalk,Street & Sidewalk,Firearm,,C
246741278,220903012,2025-07-29,Buffalo,NY0140100,13A,B,B,N,F,41,R,N,OF,Residence/Home,Home,Knife/Cutting Instrument,,C
246796111,220954575,2025-07-29,Buffalo,NY0140100,13A,A,A,N,M,45,R,N,ST,Highway/Road/Alley/Street/Sidewalk,Street & Sidewalk,Firearm,,C
241208661,216069360,2025-07-30,Buffalo,NY0140100,13A,H,W,H,M,40,R,N,AQ,Highway/Road/Alley/Street/Sidewalk,Street & Sidewalk,Knife/Cutting Instrument,,C
241236174,216095389,2025-07-30,Buffalo,NY0140100,13A,H,W,H,M,17,R,N,RU,Highway/Road/Alley/Street/Sidewalk,Street & Sidewalk,Firearm,Minor Injury;Possible Internal Injury,C
241236179,216095393,2025-07-30,Buffalo,NY0140100,13A,B,B,U,M,16,N,N,RU,Service/Gas Station,Gas Station,Firearm,Minor Injury;Possible Internal Injury,C
244318710,218780980,2025-07-30,Buffalo,NY0140100,13A,H,W,H,M,23,R,N,AQ,Highway/Road/Alley/Street/Sidewalk,Street & Sidewalk,Blunt Object,Minor Injury;Possible Internal Injury,C
252768105,226169047,2025-07-30,Buffalo,NY0140100,13A,B,B,N,F,20,R,N,ST,Highway/Road/Alley/Street/Sidewalk,Street & Sidewalk,Other Firearm,,C
241190294,216051970,2025-07-31,Buffalo,NY0140100,13A,B,B,N,M,56,R,N,RU,Parking/Drop Lot/Garage,Parking Lot,Knife/Cutting Instrument,Severe Laceration,C
244331173,218792519,2025-07-31,Buffalo,NY0140100,13A,B,B,N,F,23,R,Y,XR,Residence/Home,Home,Personal Weapons,Minor Injury,C
245583842,219889186,2025-07-31,Buffalo,NY0140100,13A,B,B,N,M,21,R,N,RU,Highway/Road/Alley/Street/Sidewalk,Street & Sidewalk,Knife/Cutting Instrument,Minor Injury,C
246787082,220946079,2025-07-31,Buffalo,NY0140100,13A,I,I,N,F,29,R,Y,BG,Highway/Road/Alley/Street/Sidewalk,Street & Sidewalk,Other,Minor Injury;Possible Internal Injury,C
252768103,226169045,2025-07-31,Buffalo,NY0140100,13A,B,B,N,F,49,R,N,RU,Residence/Home,Home,Knife/Cutting Instrument,,C
244301774,218765254,2025-08-01,Buffalo,NY0140100,13A,B,B,N,M,37,R,N,RU,Service/Gas Station,Gas Station,Other;Personal Weapons,Minor Injury,C
246768653,220928748,2025-08-01,Buffalo,NY0140100,13A,B,B,N,F,33,R,N,CH,Residence/Home,Home,Firearm;Personal Weapons,,C
244309188,218772243,2025-08-02,Buffalo,NY0140100,13A,B,B,N,F,67,R,N,RU,Residence/Home,Home,Handgun,,C
244309189,218772243,2025-08-02,Buffalo,NY0140100,13A,B,B,N,M,59,R,N,RU,Residence/Home,Home,Handgun,,C
245602482,219906706,2025-08-02,Buffalo,NY0140100,13A,B,B,N,F,29,R,Y,XR,Highway/Road/Alley/Street/Sidewalk,Street & Sidewalk,Other,Minor Injury,C
245630501,219933104,2025-08-02,Buffalo,NY0140100,13A,B,B,N,M,50,R,N,ST,Park/Playground,Park & Playground,Knife/Cutting Instrument,,C
244246676,218714715,2025-08-03,Buffalo,NY0140100,13A,H,W,H,M,14,R,N,RU,Restaurant,Restaurant,Knife/Cutting Instrument,Minor Injury,C
244271313,218737419,2025-08-03,Buffalo,NY0140100,13A,B,B,N,M,33,R,Y,XR,Residence/Home,Home,Blunt Object,Minor Injury,C
244323618,218785650,2025-08-03,Buffalo,NY0140100,13A,W,W,N,F,44,R,N,ST,Drug Store/Doctor's Office/Hospital,Hospital & Clinic,Other,,C
244323619,218785650,2025-08-03,Buffalo,NY0140100,13A,B,B,N,F,31,R,N,ST,Drug Store/Doctor's Office/Hospital,Hospital & Clinic,Other,,C
246778067,220937589,2025-08-03,Buffalo,NY0140100,13A,B,B,N,F,38,R,N,RU,Highway/Road/Alley/Street/Sidewalk,Street & Sidewalk,Knife/Cutting Instrument,,C
252750280,226152297,2025-08-03,Buffalo,NY0140100,13A,B,B,N,M,34,R,N,RU,Highway/Road/Alley/Street/Sidewalk,Street & Sidewalk,Knife/Cutting Instrument,Other Major Injury,C
252777290,226177663,2025-08-03,Buffalo,NY0140100,13A,W,W,N,M,25,N,N,RU;ST,Highway/Road/Alley/Street/Sidewalk,Street & Sidewalk,Personal Weapons,Unconscious,C
244271812,218737883,2025-08-04,Buffalo,NY0140100,13A,B,B,N,F,19,R,Y,XR,Residence/Home,Home,Personal Weapons,,C
244293427,218757936,2025-08-04,Buffalo,NY0140100,13A,W,W,N,M,22,R,N,AQ,Residence/Home,Home,Blunt Object,Minor Injury,C
245583588,219888948,2025-08-04,Buffalo,NY0140100,13A,H,B,H,M,32,R,N,RU,Residence/Home,Home,Blunt Object,,C
244284342,218749469,2025-08-05,Buffalo,NY0140100,13A,B,B,N,M,37,R,N,ST,Highway/Road/Alley/Street/Sidewalk,Street & Sidewalk,Knife/Cutting Instrument;Personal Weapons,Minor Injury;Possible Internal Injury,C
244284520,218749638,2025-08-05,Buffalo,NY0140100,13A,B,B,U,F,21,R,Y,XR,Residence/Home,Home,Knife/Cutting Instrument,Minor Injury,C
244309868,218772869,2025-08-05,Buffalo,NY0140100,13A,H,W,H,F,41,R,Y,BG,Residence/Home,Home,Firearm,,C
244335648,218796743,2025-08-05,Buffalo,NY0140100,13A,B,B,N,M,39,N,N,RU,Highway/Road/Alley/Street/Sidewalk,Street & Sidewalk,Handgun,Minor Injury;Possible Internal Injury,C
246770075,220930058,2025-08-05,Buffalo,NY0140100,13A,H,W,H,F,22,R,Y,XR,Residence/Home,Home,Knife/Cutting Instrument,Minor Injury,C
249823174,223592625,2025-08-05,Buffalo,NY0140100,13A,B,B,N,M,40,R,Y,BG,Residence/Home,Home,Blunt Object,Minor Injury,C
244257181,218724355,2025-08-06,Buffalo,NY0140100,13A,B,B,N,F,47,R,N,OF,Residence/Home,Home,Firearm,,C
244282246,218747496,2025-08-06,Buffalo,NY0140100,13A,B,B,N,F,22,R,N,ST,Highway/Road/Alley/Street/Sidewalk,Street & Sidewalk,Blunt Object,Minor Injury,C
244307694,218770822,2025-08-06,Buffalo,NY0140100,13A,W,W,N,M,26,R,N,ST,Convenience Store,Convenience Store,Knife/Cutting Instrument,,C
249796372,223567380,2025-08-06,Buffalo,NY0140100,13A,B,B,N,F,35,R,Y,RU;XR,Residence/Home,Home,Personal Weapons,Minor Injury,C
246751901,220912986,2025-08-07,Buffalo,NY0140100,13A,W,W,N,M,37,R,N,AQ;RU,Convenience Store,Convenience Store,Knife/Cutting Instrument,,C
252759500,226160946,2025-08-07,Buffalo,NY0140100,13A,B,B,N,M,26,R,N,RU,Residence/Home,Home,Personal Weapons,Minor Injury;Unconscious,C
252759501,226160947,2025-08-07,Buffalo,NY0140100,13A,H,W,H,F,46,R,N,PA,Residence/Home,Home,Knife/Cutting Instrument,,C
244309680,218772693,2025-08-08,Buffalo,NY0140100,13A,H,W,H,F,29,R,Y,XR,Residence/Home,Home,Knife/Cutting Instrument,,C
246734333,220896485,2025-08-08,Buffalo,NY0140100,13A,W,W,N,M,46,R,Y,BG,Residence/Home,Home,Knife/Cutting Instrument,Minor Injury,C
246779458,220938902,2025-08-08,Buffalo,NY0140100,13A,B,B,N,F,21,R,Y,XR,Residence/Home,Home,Knife/Cutting Instrument,,C
244271981,218738043,2025-08-09,Buffalo,NY0140100,13A,H,W,H,F,22,R,Y,RU;XR,Residence/Home,Home,Personal Weapons,Minor Injury,C
244284415,218749537,2025-08-09,Buffalo,NY0140100,13A,B,B,N,F,24,R,Y,XS,Residence/Home,Home,Knife/Cutting Instrument,Minor Injury,C
244335805,218796895,2025-08-09,Buffalo,NY0140100,13A,W,W,N,M,57,R,N,RU,Highway/Road/Alley/Street/Sidewalk,Street & Sidewalk,Knife/Cutting Instrument,,C
246770892,220930827,2025-08-09,Buffalo,NY0140100,13A,B,B,N,M,30,R,N,NE,Highway/Road/Alley/Street/Sidewalk,Street & Sidewalk,Knife/Cutting Instrument,,C
244244599,218712785,2025-08-10,Buffalo,NY0140100,13A,B,B,N,F,28,R,Y,XR,Residence/Home,Home,Firearm,Minor Injury,C
244257176,218724352,2025-08-10,Buffalo,NY0140100,13A,W,W,N,F,52,R,N,PA,Highway/Road/Alley/Street/Sidewalk,Street & Sidewalk,Knife/Cutting Instrument,,C
244284560,218749678,2025-08-10,Buffalo,NY0140100,13A,B,B,N,M,26,R,N,RU,Residence/Home,Home,Firearm,Other Major Injury,C
244321561,218783690,2025-08-10,Buffalo,NY0140100,13A,B,B,N,F,36,R,N,RU,Highway/Road/Alley/Street/Sidewalk,Street & Sidewalk,Firearm,,C
244246767,218714795,2025-08-11,Buffalo,NY0140100,13A,W,W,N,M,34,R,N,ST,Highway/Road/Alley/Street/Sidewalk,Street & Sidewalk,Firearm,,C
244259308,218726341,2025-08-11,Buffalo,NY0140100,13A,B,B,N,M,30,R,Y,BG,Highway/Road/Alley/Street/Sidewalk,Street & Sidewalk,Knife/Cutting Instrument,Minor Injury,C
244259562,218726585,2025-08-11,Buffalo,NY0140100,13A,U,U,U,F,26,R,N,NE,Residence/Home,Home,Knife/Cutting Instrument,Minor Injury,C
244284281,218749412,2025-08-11,Buffalo,NY0140100,13A,B,B,N,F,26,R,Y,XR,Residence/Home,Home,Blunt Object,Minor Injury,C
244293693,218758185,2025-08-11,Buffalo,NY0140100,13A,H,W,H,F,32,R,Y,XS,Residence/Home,Home,Unknown,,C
252768164,226169104,2025-08-11,Buffalo,NY0140100,13A,B,B,U,M,29,R,N,ST,Highway/Road/Alley/Street/Sidewalk,Street & Sidewalk,Firearm,Possible Internal Injury,C
252768165,226169104,2025-08-11,Buffalo,NY0140100,13A,B,B,N,M,25,R,N,ST,Highway/Road/Alley/Street/Sidewalk,Street & Sidewalk,Firearm,Possible Internal Injury,C
252768166,226169104,2025-08-11,Buffalo,NY0140100,13A,B,B,U,M,28,R,N,ST,Highway/Road/Alley/Street/Sidewalk,Street & Sidewalk,Firearm,Possible Internal Injury,C
244283682,218748853,2025-08-12,Buffalo,NY0140100,13A,B,B,N,M,72,R,N,ST,Highway/Road/Alley/Street/Sidewalk,Street & Sidewalk,Firearm,,C
244309199,218772253,2025-08-12,Buffalo,NY0140100,13A,B,B,N,M,38,R,N,ST,Parking/Drop Lot/Garage,Parking Lot,Firearm;Handgun,Possible Internal Injury,C
244309956,218772951,2025-08-12,Buffalo,NY0140100,13A,B,B,N,F,34,R,Y,RU;XR,Residence/Home,Home,Firearm,Minor Injury,C
244336257,218797316,2025-08-12,Buffalo,NY0140100,13A,B,B,N,M,48,R,N,ST,Residence/Home,Home,Knife/Cutting Instrument,,C
244336258,218797316,2025-08-12,Buffalo,NY0140100,13A,W,W,N,M,47,R,N,ST,Residence/Home,Home,Knife/Cutting Instrument,,C
246761828,220922286,2025-08-12,Buffalo,NY0140100,13A,W,W,N,M,29,N,N,ST,Highway/Road/Alley/Street/Sidewalk,Street & Sidewalk,Knife/Cutting Instrument,,C
244246414,218714475,2025-08-13,Buffalo,NY0140100,13A,B,B,N,M,43,R,N,RU,Service/Gas Station,Gas Station,Firearm,Severe Laceration,C
244246540,218714590,2025-08-13,Buffalo,NY0140100,13A,B,B,N,M,50,R,N,NE;RU,Residence/Home,Home,Personal Weapons,Minor Injury,C
244258933,218726002,2025-08-13,Buffalo,NY0140100,13A,B,B,N,F,30,R,Y,BG,Residence/Home,Home,Knife/Cutting Instrument,Minor Injury,C
244293229,218757750,2025-08-13,Buffalo,NY0140100,13A,B,B,N,F,23,R,Y,BG,Residence/Home,Home,Asphyxiation,Minor Injury;Possible Internal Injury;Unconscious,C
244241658,218709978,2025-08-14,Buffalo,NY0140100,13A,B,B,N,M,34,R,N,ST,Highway/Road/Alley/Street/Sidewalk,Street & Sidewalk,Motor Vehicle/Vessel,Minor Injury,C
244241659,218709978,2025-08-14,Buffalo,NY0140100,13A,B,B,N,M,62,R,N,ST,Highway/Road/Alley/Street/Sidewalk,Street & Sidewalk,Motor Vehicle/Vessel,Apparent Broken Bones;Possible Internal Injury;Severe Laceration,C
244266789,218733139,2025-08-14,Buffalo,NY0140100,13A,B,B,N,M,14,R,N,ST,Residence/Home,Home,Personal Weapons,,C
244304866,218768137,2025-08-14,Buffalo,NY0140100,13A,B,B,N,M,40,R,Y,XR,Residence/Home,Home,Knife/Cutting Instrument,,C
244316962,218779316,2025-08-14,Buffalo,NY0140100,13A,B,B,N,M,21,R,N,RU,Highway/Road/Alley/Street/Sidewalk,Street & Sidewalk,Firearm,,C
244317039,218779386,2025-08-14,Buffalo,NY0140100,13A,B,B,N,M,21,R,Y,XR,Residence/Home,Home,Knife/Cutting Instrument,,C
244330994,218792355,2025-08-14,Buffalo,NY0140100,13A,H,W,H,F,29,R,Y,RU;XR,Residence/Home,Home,Knife/Cutting Instrument,Minor Injury,C
244241407,218709744,2025-08-15,Buffalo,NY0140100,13A,B,B,N,F,44,R,Y,XR,Residence/Home,Home,Blunt Object,Severe Laceration,C
244317247,218779583,2025-08-15,Buffalo,NY0140100,13A,B,B,N,F,34,R,N,AQ,Highway/Road/Alley/Street/Sidewalk,Street & Sidewalk,Personal Weapons,Loss of Teeth;Possible Internal Injury;Unconscious,C
244246430,218714491,2025-08-16,Buffalo,NY0140100,13A,H,W,H,F,41,R,Y,XR,Highway/Road/Alley/Street/Sidewalk,Street & Sidewalk,Blunt Object,,C
244282168,218747422,2025-08-16,Buffalo,NY0140100,13A,B,B,N,M,55,R,N,RU,Residence/Home,Home,Knife/Cutting Instrument,,C
244284050,218749190,2025-08-16,Buffalo,NY0140100,13A,H,W,H,M,57,R,N,PA,Residence/Home,Home,Knife/Cutting Instrument,,C
245627967,219930755,2025-08-16,Buffalo,NY0140100,13A,B,B,U,M,28,R,N,RU,Residence/Home,Home,Handgun,Minor Injury;Possible Internal Injury,C
245627968,219930755,2025-08-16,Buffalo,NY0140100,13A,B,B,N,M,40,R,N,RU,Residence/Home,Home,Handgun,Minor Injury;Possible Internal Injury,C
244246511,218714563,2025-08-17,Buffalo,NY0140100,13A,B,B,N,F,26,R,N,AQ,Service/Gas Station,Gas Station,Personal Weapons,Apparent Broken Bones,C
245600618,219904961,2025-08-17,Buffalo,NY0140100,13A,A,A,N,F,34,R,N,NE,Residence/Home,Home,Firearm,,C
245628672,219931409,2025-08-17,Buffalo,NY0140100,13A,B,B,N,F,37,R,N,AQ,Highway/Road/Alley/Street/Sidewalk,Street & Sidewalk,Motor Vehicle/Vessel,Minor Injury,C
246725759,220888352,2025-08-17,Buffalo,NY0140100,13A,A,A,N,F,48,R,Y,SE,Residence/Home,Home,Knife/Cutting Instrument,,C
246787818,220946766,2025-08-17,Buffalo,NY0140100,13A,U,U,U,M,42,N,N,RU;ST,Highway/Road/Alley/Street/Sidewalk,Street & Sidewalk,Other,,C
244258821,218725896,2025-08-18,Buffalo,NY0140100,13A,B,B,N,F,23,R,Y,BG,Highway/Road/Alley/Street/Sidewalk,Street & Sidewalk,Other,Minor Injury,C
244322866,218784942,2025-08-18,Buffalo,NY0140100,13A,H,W,H,F,20,R,Y,XR,Residence/Home,Home,Knife/Cutting Instrument,Minor Injury,C
244335967,218797047,2025-08-18,Buffalo,NY0140100,13A,B,B,N,M,34,R,N,FR,Highway/Road/Alley/Street/Sidewalk,Street & Sidewalk,Firearm,,C
244309295,218772338,2025-08-19,Buffalo,NY0140100,13A,B,B,N,F,20,R,N,RU,Highway/Road/Alley/Street/Sidewalk,Street & Sidewalk,Firearm,Minor Injury;Possible Internal Injury,C
244310031,218773022,2025-08-20,Buffalo,NY0140100,13A,B,B,N,F,18,R,Y,XR,Residence/Home,Home,Blunt Object;Personal Weapons,Minor Injury,C
245600798,219905133,2025-08-20,Buffalo,NY0140100,13A,B,B,N,M,53,N,N,RU;ST,Highway/Road/Alley/Street/Sidewalk,Street & Sidewalk,Firearm,,C
246734673,220896800,2025-08-20,Buffalo,NY0140100,13A,H,B,H,M,28,R,Y,BG,Residence/Home,Home,Knife/Cutting Instrument,,C
246787283,220946264,2025-08-20,Buffalo,NY0140100,13A,H,W,H,M,34,R,N,AQ;RU,Residence/Home,Home,Other Firearm,,C
244284352,218749479,2025-08-21,Buffalo,NY0140100,13A,B,B,N,F,28,R,N,AQ,Highway/Road/Alley/Street/Sidewalk,Street & Sidewalk,Firearm,,C
252764377,226165504,2025-08-21,Buffalo,NY0140100,13A,B,B,N,M,37,R,N,AQ,Residence/Home,Home,Firearm,Possible Internal Injury,C
244284454,218749575,2025-08-22,Buffalo,NY0140100,13A,B,B,N,M,55,R,N,FR,Residence/Home,Home,Other,Minor Injury,C
252799490,226198466,2025-08-22,Buffalo,NY0140100,13A,B,B,N,F,33,R,Y,XR,Residence/Home,Home,Personal Weapons,Minor Injury;Unconscious,C
244271597,218737685,2025-08-23,Buffalo,NY0140100,13A,B,B,N,M,14,R,N,RU,Highway/Road/Alley/Street/Sidewalk,Street & Sidewalk,Personal Weapons,Minor Injury,C
244283972,218749116,2025-08-23,Buffalo,NY0140100,13A,W,W,N,F,50,R,N,RU,Highway/Road/Alley/Street/Sidewalk,Street & Sidewalk,Other,Minor Injury,C
244335992,218797070,2025-08-23,Buffalo,NY0140100,13A,B,B,N,M,21,R,N,RU,Highway/Road/Alley/Street/Sidewalk,Street & Sidewalk,Handgun,Minor Injury;Possible Internal Injury,C
246733772,220895951,2025-08-23,Buffalo,NY0140100,13A,W,W,N,M,46,R,N,RU,Liquor Store,Liquor Store,Blunt Object,Minor Injury,C
249832225,223601159,2025-08-23,Buffalo,NY0140100,13A,B,B,N,M,34,R,N,AQ;NE;RU,Highway/Road/Alley/Street/Sidewalk,Street & Sidewalk,Knife/Cutting Instrument,Severe Laceration,C
244246960,218714964,2025-08-24,Buffalo,NY0140100,13A,B,B,N,M,50,R,N,RU,Highway/Road/Alley/Street/Sidewalk,Street & Sidewalk,Knife/Cutting Instrument,Severe Laceration,C
244259442,218726469,2025-08-24,Buffalo,NY0140100,13A,B,B,N,M,16,R,N,SB,Residence/Home,Home,Knife/Cutting Instrument,Minor Injury,C
244323670,218785700,2025-08-24,Buffalo,NY0140100,13A,B,B,N,F,23,R,Y,SE,Residence/Home,Home,Firearm,Minor Injury,C
246725072,220887697,2025-08-24,Buffalo,NY0140100,13A,B,B,N,F,23,N,Y,XR,Highway/Road/Alley/Street/Sidewalk,Street & Sidewalk,Personal Weapons,Minor Injury,C
246779024,220938492,2025-08-24,Buffalo,NY0140100,13A,H,B,H,M,32,R,N,AQ;RU,Highway/Road/Alley/Street/Sidewalk,Street & Sidewalk,Firearm,,C
249796502,223567493,2025-08-24,Buffalo,NY0140100,13A,B,B,N,F,48,R,Y,XR,Residence/Home,Home,Personal Weapons,Minor Injury,C
244241725,218710039,2025-08-25,Buffalo,NY0140100,13A,B,B,N,F,36,R,Y,XR,Residence/Home,Home,Firearm,,C
244266840,218733188,2025-08-25,Buffalo,NY0140100,13A,B,B,N,F,23,N,N,AQ,Residence/Home,Home,Firearm,,C
249859388,223626817,2025-08-25,Buffalo,NY0140100,13A,H,W,H,F,32,R,N,OF,Highway/Road/Alley/Street/Sidewalk,Street & Sidewalk,Knife/Cutting Instrument,Minor Injury,C
244241723,218710037,2025-08-26,Buffalo,NY0140100,13A,B,B,N,F,22,R,Y,BG,Residence/Home,Home,Knife/Cutting Instrument,Minor Injury,C
244257271,218724438,2025-08-26,Buffalo,NY0140100,13A,W,W,N,F,54,R,N,RU,Highway/Road/Alley/Street/Sidewalk,Street & Sidewalk,Firearm,,C
244257312,218724476,2025-08-26,Buffalo,NY0140100,13A,A,A,N,F,47,R,Y,SE,Residence/Home,Home,Blunt Object;Personal Weapons,Minor Injury,C
245581405,219886917,2025-08-26,Buffalo,NY0140100,13A,W,W,N,F,43,R,N,RU,Other/Unknown,Other & Unknown,Blunt Object,Minor Injury,C
249859430,223626852,2025-08-26,Buffalo,NY0140100,13A,B,B,N,F,30,R,Y,SE,Residence/Home,Home,Knife/Cutting Instrument,,C
252731921,226135098,2025-08-26,Buffalo,NY0140100,13A,W,W,N,M,40,R,N,ST,Highway/Road/Alley/Street/Sidewalk,Street & Sidewalk,Handgun,,C
252745689,226147976,2025-08-26,Buffalo,NY0140100,13A,B,B,N,F,27,R,Y,BG,Residence/Home,Home,Personal Weapons,Minor Injury,C
244246580,218714627,2025-08-27,Buffalo,NY0140100,13A,W,W,U,M,29,R,N,RU,Highway/Road/Alley/Street/Sidewalk,Street & Sidewalk,Personal Weapons,Minor Injury,C
244284265,218749396,2025-08-27,Buffalo,NY0140100,13A,W,W,N,F,34,R,Y,XR,Residence/Home,Home,Personal Weapons,Minor Injury,C
244322814,218784893,2025-08-27,Buffalo,NY0140100,13A,W,W,N,M,9,R,N,GC,Residence/Home,Home,Other,Severe Laceration,C
246742197,220903842,2025-08-27,Buffalo,NY0140100,13A,W,W,N,F,54,R,Y,RU;SE,Residence/Home,Home,Personal Weapons,Minor Injury,C
252736329,226139232,2025-08-27,Buffalo,NY0140100,13A,W,W,N,M,11,R,N,FR,Residence/Home,Home,Blunt Object,Minor Injury,C
244293357,218757869,2025-08-28,Buffalo,NY0140100,13A,B,B,N,F,23,R,N,RU,Residence/Home,Home,Asphyxiation,Minor Injury,C
244292910,218757457,2025-08-29,Buffalo,NY0140100,13A,B,B,N,F,25,R,Y,XR,Residence/Home,Home,Firearm,,C
244309287,218772331,2025-08-29,Buffalo,NY0140100,13A,B,B,N,F,22,R,N,AQ,Residence/Home,Home,Knife/Cutting Instrument,,C
245600931,219905261,2025-08-29,Buffalo,NY0140100,13A,B,B,N,M,26,R,N,ST,Highway/Road/Alley/Street/Sidewalk,Street & Sidewalk,Knife/Cutting Instrument,,C
244322936,218785005,2025-08-30,Buffalo,NY0140100,13A,B,B,N,F,24,R,N,AQ,Bar/Nightclub,Bar & Nightclub,Firearm,,C
244258859,218725934,2025-08-31,Buffalo,NY0140100,13A,B,B,N,M,17,R,N,OF,Residence/Home,Home,Knife/Cutting Instrument,,C
245582002,219887480,2025-08-31,Buffalo,NY0140100,13A,B,B,N,M,41,R,N,ST,Residence/Home,Home,Personal Weapons,Severe Laceration,C
246725905,220888489,2025-08-31,Buffalo,NY0140100,13A,W,W,N,M,21,N,N,AQ,Highway/Road/Alley/Street/Sidewalk,Street & Sidewalk,Personal Weapons,Minor Injury,C
246778561,220938052,2025-08-31,Buffalo,NY0140100,13A,B,B,N,M,28,R,N,SB,Residence/Home,Home,Firearm,Minor Injury,C
245590651,219895575,2025-09-01,Buffalo,NY0140100,13A,B,B,N,F,44,R,N,PA,Residence/Home,Home,Knife/Cutting Instrument,,C
245609706,219913552,2025-09-02,Buffalo,NY0140100,13A,W,W,N,M,41,R,N,RU,Highway/Road/Alley/Street/Sidewalk,Street & Sidewalk,Knife/Cutting Instrument,Severe Laceration,C
245610094,219913918,2025-09-02,Buffalo,NY0140100,13A,B,B,U,M,36,R,N,RU,Park/Playground,Park & Playground,Knife/Cutting Instrument;Personal Weapons,,C
245619363,219922632,2025-09-02,Buffalo,NY0140100,13A,B,B,N,M,25,R,N,RU,Highway/Road/Alley/Street/Sidewalk,Street & Sidewalk,Handgun,Minor Injury;Possible Internal Injury,C
245628715,219931447,2025-09-02,Buffalo,NY0140100,13A,B,B,N,M,22,R,N,RU,Department/Discount Store,Department Store,Knife/Cutting Instrument,,C
245600137,219904516,2025-09-03,Buffalo,NY0140100,13A,U,U,U,F,56,R,N,AQ,Residence/Home,Home,Blunt Object,Minor Injury,C
245600138,219904517,2025-09-03,Buffalo,NY0140100,13A,H,B,H,F,46,R,Y,BG,Residence/Home,Home,Personal Weapons,Minor Injury,C
246769862,220929866,2025-09-03,Buffalo,NY0140100,13A,B,B,N,M,71,R,N,ST,Highway/Road/Alley/Street/Sidewalk,Street & Sidewalk,Firearm,,C
252736549,226139438,2025-09-03,Buffalo,NY0140100,13A,B,B,N,M,56,R,Y,RU;XR,Residence/Home,Home,Other,Minor Injury,C
245572182,219878225,2025-09-04,Buffalo,NY0140100,13A,H,W,H,M,62,R,Y,BG,Residence/Home,Home,Other,Minor Injury,C
245581191,219886720,2025-09-04,Buffalo,NY0140100,13A,W,W,N,M,54,R,N,RU,Convenience Store,Convenience Store,Blunt Object,Severe Laceration,C
245637801,219940006,2025-09-04,Buffalo,NY0140100,13A,W,W,N,M,35,R,N,ST,Highway/Road/Alley/Street/Sidewalk,Street & Sidewalk,Knife/Cutting Instrument,,C
245591599,219896453,2025-09-05,Buffalo,NY0140100,13A,B,B,N,M,46,R,Y,BG,Residence/Home,Home,Knife/Cutting Instrument,Minor Injury,C
245619822,219923064,2025-09-05,Buffalo,NY0140100,13A,B,B,N,F,34,R,N,NE,Residence/Home,Home,Knife/Cutting Instrument,,C
245638513,219940653,2025-09-05,Buffalo,NY0140100,13A,B,B,N,M,58,R,N,FR,Residence/Home,Home,Blunt Object,Minor Injury;Possible Internal Injury,C
245637887,219940087,2025-09-06,Buffalo,NY0140100,13A,B,B,U,F,37,R,N,NE,Residence/Home,Home,Knife/Cutting Instrument,,C
245582456,219887913,2025-09-07,Buffalo,NY0140100,13A,B,B,N,M,15,R,N,AQ,Convenience Store,Convenience Store,Personal Weapons,Minor Injury,C
245609390,219913256,2025-09-07,Buffalo,NY0140100,13A,H,W,H,M,12,R,N,RU,Park/Playground,Park & Playground,Knife/Cutting Instrument,,C
245609391,219913256,2025-09-07,Buffalo,NY0140100,13A,H,W,H,M,14,R,N,RU,Park/Playground,Park & Playground,Knife/Cutting Instrument,,C
249807826,223578149,2025-09-07,Buffalo,NY0140100,13A,B,B,N,F,51,R,Y,XR,Residence/Home,Home,Firearm,,C
245590647,219895574,2025-09-08,Buffalo,NY0140100,13A,B,B,N,F,27,R,N,AQ,Highway/Road/Alley/Street/Sidewalk,Street & Sidewalk,Handgun,,C
245590648,219895574,2025-09-08,Buffalo,NY0140100,13A,B,B,N,F,18,R,N,AQ,Highway/Road/Alley/Street/Sidewalk,Street & Sidewalk,Handgun,,C
245590649,219895574,2025-09-08,Buffalo,NY0140100,13A,B,B,N,F,22,R,N,AQ,Highway/Road/Alley/Street/Sidewalk,Street & Sidewalk,Handgun,,C
245590650,219895574,2025-09-08,Buffalo,NY0140100,13A,B,B,N,F,23,R,N,AQ,Highway/Road/Alley/Street/Sidewalk,Street & Sidewalk,Handgun,,C
245601070,219905390,2025-09-08,Buffalo,NY0140100,13A,W,W,U,F,36,R,N,ST,Other/Unknown,Other & Unknown,Knife/Cutting Instrument,,C
252770991,226171736,2025-09-08,Buffalo,NY0140100,13A,W,W,N,F,33,R,Y,XR,Residence/Home,Home,Personal Weapons,Minor Injury,C
252790491,226190021,2025-09-08,Buffalo,NY0140100,13A,H,W,H,M,67,R,N,PA,Residence/Home,Home,Blunt Object,Minor Injury,C
245610613,219914412,2025-09-09,Buffalo,NY0140100,13A,B,B,N,M,31,R,N,RU,Park/Playground,Park & Playground,Firearm,Minor Injury,C
245618921,219922227,2025-09-09,Buffalo,NY0140100,13A,B,B,U,M,31,R,N,RU,Residence/Home,Home,Firearm,Possible Internal Injury,C
245638567,219940701,2025-09-09,Buffalo,NY0140100,13A,U,U,U,M,32,R,Y,BG,Highway/Road/Alley/Street/Sidewalk,Street & Sidewalk,Blunt Object,Minor Injury,C
246787413,220946387,2025-09-09,Buffalo,NY0140100,13A,B,B,N,F,40,R,N,RU;ST,Highway/Road/Alley/Street/Sidewalk,Street & Sidewalk,Personal Weapons,Minor Injury,C
249832394,223601311,2025-09-09,Buffalo,NY0140100,13A,W,W,N,M,27,R,N,ST,Residence/Home,Home,Other,Minor Injury,C
249841393,223609816,2025-09-09,Buffalo,NY0140100,13A,W,W,N,M,56,R,N,SP,Highway/Road/Alley/Street/Sidewalk,Street & Sidewalk,Blunt Object,,C
249859241,223626685,2025-09-09,Buffalo,NY0140100,13A,B,B,N,F,23,R,N,RU,Residence/Home,Home,Handgun,Minor Injury,C
245571689,219877762,2025-09-10,Buffalo,NY0140100,13A,B,B,N,F,33,R,Y,XR,Residence/Home,Home,Blunt Object,,C
245632082,219934614,2025-09-10,Buffalo,NY0140100,13A,B,B,U,F,40,R,Y,BG,Residence/Home,Home,Personal Weapons,Minor Injury,C
245590462,219895403,2025-09-11,Buffalo,NY0140100,13A,B,B,N,M,38,R,N,RU,Residence/Home,Home,Knife/Cutting Instrument,Minor Injury,C
245590464,219895405,2025-09-11,Buffalo,NY0140100,13A,W,W,N,M,39,R,N,RU,Highway/Road/Alley/Street/Sidewalk,Street & Sidewalk,Firearm,,C
245595198,219899844,2025-09-11,Buffalo,NY0140100,13A,B,B,N,F,24,R,N,AQ,Highway/Road/Alley/Street/Sidewalk,Street & Sidewalk,Firearm,,C
245595200,219899844,2025-09-11,Buffalo,NY0140100,13A,B,B,N,F,21,R,N,ST,Highway/Road/Alley/Street/Sidewalk,Street & Sidewalk,Firearm,,C
245595201,219899844,2025-09-11,Buffalo,NY0140100,13A,B,B,N,F,18,R,N,ST,Highway/Road/Alley/Street/Sidewalk,Street & Sidewalk,Firearm,,C
245623310,219926344,2025-09-11,Buffalo,NY0140100,13A,W,W,U,F,67,R,N,PA,Highway/Road/Alley/Street/Sidewalk,Street & Sidewalk,Personal Weapons,,C
245623442,219926471,2025-09-11,Buffalo,NY0140100,13A,B,B,N,M,52,R,N,RU,Highway/Road/Alley/Street/Sidewalk,Street & Sidewalk,Knife/Cutting Instrument,Minor Injury,C
245575078,219880931,2025-09-12,Buffalo,NY0140100,13A,W,W,N,F,41,R,N,OF,Residence/Home,Home,Knife/Cutting Instrument,,C
245575079,219880931,2025-09-12,Buffalo,NY0140100,13A,W,W,N,M,39,R,N,SC,Residence/Home,Home,Knife/Cutting Instrument,,C
245603434,219907604,2025-09-12,Buffalo,NY0140100,13A,B,B,N,F,27,R,N,AQ,Residence/Home,Home,Knife/Cutting Instrument,,C
245631174,219933745,2025-09-12,Buffalo,NY0140100,13A,B,B,N,F,38,R,Y,BG,Residence/Home,Home,Personal Weapons,,C
246777894,220937428,2025-09-12,Buffalo,NY0140100,13A,B,B,N,F,41,R,N,RU,Highway/Road/Alley/Street/Sidewalk,Street & Sidewalk,Personal Weapons;Poison,Minor Injury,C
245566266,219872623,2025-09-13,Buffalo,NY0140100,13A,W,W,N,F,59,R,N,ST,Highway/Road/Alley/Street/Sidewalk,Street & Sidewalk,Knife/Cutting Instrument,,C
245594888,219899547,2025-09-13,Buffalo,NY0140100,13A,B,B,N,M,33,R,N,ST,Parking/Drop Lot/Garage,Parking Lot,Motor Vehicle/Vessel,Minor Injury,C
245604476,219908594,2025-09-13,Buffalo,NY0140100,13A,W,W,N,F,25,R,Y,BG,Residence/Home,Home,Knife/Cutting Instrument,,C
245623175,219926218,2025-09-13,Buffalo,NY0140100,13A,B,B,N,F,68,R,N,GP,Residence/Home,Home,Knife/Cutting Instrument,,C
245632171,219934700,2025-09-13,Buffalo,NY0140100,13A,B,B,N,F,29,R,Y,XR,Residence/Home,Home,Firearm,Minor Injury;Possible Internal Injury,C
245632415,219934935,2025-09-13,Buffalo,NY0140100,13A,H,B,H,M,42,R,Y,XR,Highway/Road/Alley/Street/Sidewalk,Street & Sidewalk,Blunt Object,Minor Injury,C
246777895,220937427,2025-09-13,Buffalo,NY0140100,13A,B,B,N,F,28,R,Y,SE;ST,Residence/Home,Home,Firearm,Minor Injury,C
249796700,223567673,2025-09-13,Buffalo,NY0140100,13A,B,B,N,M,18,R,N,SP,Residence/Home,Home,Other,,C
245584298,219889608,2025-09-14,Buffalo,NY0140100,13A,B,B,N,M,54,R,N,ST,Residence/Home,Home,Knife/Cutting Instrument,Severe Laceration,C
245621878,219925001,2025-09-14,Buffalo,NY0140100,13A,W,W,N,M,22,R,N,AQ,Highway/Road/Alley/Street/Sidewalk,Street & Sidewalk,Firearm,,C
245622138,219925251,2025-09-14,Buffalo,NY0140100,13A,B,B,N,M,36,R,N,ST,Highway/Road/Alley/Street/Sidewalk,Street & Sidewalk,Personal Weapons,Severe Laceration,C
246750539,220911721,2025-09-14,Buffalo,NY0140100,13A,H,W,H,M,41,R,N,NE,Residence/Home,Home,Knife/Cutting Instrument,,C
249815697,223585541,2025-09-14,Buffalo,NY0140100,13A,W,W,N,M,52,R,Y,XR,Residence/Home,Home,Knife/Cutting Instrument,,C
252800210,226199135,2025-09-14,Buffalo,NY0140100,13A,I,I,N,M,50,R,N,RU,Highway/Road/Alley/Street/Sidewalk,Street & Sidewalk,Other,Severe Laceration,C
245567016,219873331,2025-09-15,Buffalo,NY0140100,13A,B,B,N,M,16,R,N,ST,Highway/Road/Alley/Street/Sidewalk,Street & Sidewalk,Knife/Cutting Instrument,Severe Laceration,C
245567276,219873577,2025-09-15,Buffalo,NY0140100,13A,B,B,U,F,19,R,Y,BG,Parking/Drop Lot/Garage,Parking Lot,Personal Weapons,Minor Injury;Possible Internal Injury;Unconscious,C
245595064,219899714,2025-09-15,Buffalo,NY0140100,13A,H,W,H,F,30,R,Y,BG,Residence/Home,Home,Firearm;Personal Weapons,Minor Injury,C
245585145,219890392,2025-09-16,Buffalo,NY0140100,13A,W,W,N,F,34,R,Y,BG;RU,Residence/Home,Home,Personal Weapons,Minor Injury,C
245585661,219890880,2025-09-16,Buffalo,NY0140100,13A,B,B,N,F,30,R,Y,AQ;XR,Highway/Road/Alley/Street/Sidewalk,Street & Sidewalk,Personal Weapons,Minor Injury,C
252758122,226159647,2025-09-16,Buffalo,NY0140100,13A,B,B,N,M,14,R,N,AQ,Air/Bus/Train Terminal,Transit Station,Personal Weapons,Other Major Injury,C
245623493,219926521,2025-09-17,Buffalo,NY0140100,13A,B,B,N,M,15,N,N,ST,Highway/Road/Alley/Street/Sidewalk,Street & Sidewalk,Knife/Cutting Instrument,Minor Injury,C
252754992,226156683,2025-09-17,Buffalo,NY0140100,13A,B,B,N,F,24,R,Y,XR,Highway/Road/Alley/Street/Sidewalk,Street & Sidewalk,Motor Vehicle/Vessel,Minor Injury,C
245617584,219920962,2025-09-18,Buffalo,NY0140100,13A,U,U,N,M,34,R,N,RU,Highway/Road/Alley/Street/Sidewalk,Street & Sidewalk,Firearm,,C
245632959,219935450,2025-09-18,Buffalo,NY0140100,13A,H,W,H,F,21,R,N,RU,Highway/Road/Alley/Street/Sidewalk,Street & Sidewalk,Firearm,,C
245636165,219938456,2025-09-18,Buffalo,NY0140100,13A,B,B,N,M,53,R,Y,BG,Highway/Road/Alley/Street/Sidewalk,Street & Sidewalk,Blunt Object,Minor Injury,C
249825080,223594366,2025-09-18,Buffalo,NY0140100,13A,B,B,N,M,33,R,N,AQ,Highway/Road/Alley/Street/Sidewalk,Street & Sidewalk,Personal Weapons,Minor Injury,C
245566145,219872508,2025-09-19,Buffalo,NY0140100,13A,U,U,U,M,68,R,N,ST,Service/Gas Station,Gas Station,Knife/Cutting Instrument,,C
245612885,219916539,2025-09-19,Buffalo,NY0140100,13A,B,B,N,M,29,R,Y,BG,Residence/Home,Home,Blunt Object,Minor Injury,C
245622139,219925253,2025-09-19,Buffalo,NY0140100,13A,B,B,N,M,39,R,N,ST,Highway/Road/Alley/Street/Sidewalk,Street & Sidewalk,Knife/Cutting Instrument,Minor Injury,C
246759904,220920504,2025-09-19,Buffalo,NY0140100,13A,W,W,N,M,16,R,N,RU,Park/Playground,Park & Playground,Firearm,,C
246777725,220937274,2025-09-19,Buffalo,NY0140100,13A,H,W,H,F,40,R,N,RU,Residence/Home,Home,Firearm,,C
249825081,223594367,2025-09-19,Buffalo,NY0140100,13A,B,B,N,F,48,R,Y,SE,Residence/Home,Home,Other,,C
245576203,219881979,2025-09-20,Buffalo,NY0140100,13A,B,B,N,F,48,R,N,PA,Residence/Home,Home,Other,,C
245576339,219882108,2025-09-20,Buffalo,NY0140100,13A,A,A,N,M,9,R,N,CH,Residence/Home,Home,Personal Weapons,Minor Injury,C
245595269,219899911,2025-09-20,Buffalo,NY0140100,13A,B,B,N,M,70,R,N,RU,Highway/Road/Alley/Street/Sidewalk,Street & Sidewalk,Other,Minor Injury;Possible Internal Injury,C
249798105,223568960,2025-09-20,Buffalo,NY0140100,13A,B,B,N,F,64,R,Y,BG,Residence/Home,Home,Knife/Cutting Instrument,,C
249806975,223577345,2025-09-20,Buffalo,NY0140100,13A,B,B,U,M,21,N,N,AQ;RU;ST,Residence/Home,Home,Firearm,Minor Injury,C
252740759,226143374,2025-09-20,Buffalo,NY0140100,13A,U,U,U,F,31,R,N,AQ;RU;ST,Highway/Road/Alley/Street/Sidewalk,Street & Sidewalk,Personal Weapons,Minor Injury,C
245604119,219908255,2025-09-21,Buffalo,NY0140100,13A,U,U,U,M,59,N,N,RU;ST,Highway/Road/Alley/Street/Sidewalk,Street & Sidewalk,Firearm,Possible Internal Injury,C
245604797,219908894,2025-09-21,Buffalo,NY0140100,13A,H,W,H,F,44,R,Y,XR,Residence/Home,Home,Personal Weapons,Minor Injury,C
245623869,219926879,2025-09-21,Buffalo,NY0140100,13A,B,B,N,M,17,R,N,RU,Highway/Road/Alley/Street/Sidewalk,Street & Sidewalk,Handgun,Minor Injury;Possible Internal Injury,C
245632092,219934624,2025-09-21,Buffalo,NY0140100,13A,H,W,H,F,35,R,N,RU,Highway/Road/Alley/Street/Sidewalk,Street & Sidewalk,Firearm,,C
252764026,226165176,2025-09-21,Buffalo,NY0140100,13A,B,B,N,M,32,R,Y,BG,Residence/Home,Home,Blunt Object,Minor Injury,C
252781758,226181783,2025-09-21,Buffalo,NY0140100,13A,W,W,N,F,37,R,Y,BG;RU,Residence/Home,Home,Personal Weapons,Minor Injury,C
245586110,219891299,2025-09-22,Buffalo,NY0140100,13A,B,B,N,F,39,R,Y,BG,Residence/Home,Home,Knife/Cutting Instrument,,C
245603789,219907944,2025-09-22,Buffalo,NY0140100,13A,B,B,N,F,14,R,N,AQ;RU,Highway/Road/Alley/Street/Sidewalk,Street & Sidewalk,Blunt Object,Minor Injury;Possible Internal Injury,C
245603119,219907308,2025-09-24,Buffalo,NY0140100,13A,B,B,N,F,18,R,N,AQ;ST,Parking/Drop Lot/Garage,Parking Lot,Personal Weapons,Minor Injury,C
245604779,219908876,2025-09-24,Buffalo,NY0140100,13A,B,B,N,M,19,R,N,AQ,Convenience Store,Convenience Store,Blunt Object,Minor Injury,C
245613017,219916657,2025-09-24,Buffalo,NY0140100,13A,B,B,N,F,51,R,N,NE,Highway/Road/Alley/Street/Sidewalk,Street & Sidewalk,Firearm,,C
245632675,219935180,2025-09-24,Buffalo,NY0140100,13A,B,B,U,F,41,R,Y,XR,Residence/Home,Home,Personal Weapons,Minor Injury;Possible Internal Injury;Unconscious,C
245565819,219872205,2025-09-25,Buffalo,NY0140100,13A,B,B,N,F,27,R,Y,BG,Residence/Home,Home,Blunt Object;Personal Weapons,Minor Injury,C
245574794,219880659,2025-09-25,Buffalo,NY0140100,13A,B,B,N,F,18,R,N,AQ,Residence/Home,Home,Other,,C
246741481,220903191,2025-09-25,Buffalo,NY0140100,13A,H,W,H,F,38,R,N,ST,Highway/Road/Alley/Street/Sidewalk,Street & Sidewalk,Blunt Object,Minor Injury,C
245593981,219898694,2025-09-26,Buffalo,NY0140100,13A,B,B,N,M,43,R,N,OF;ST,Highway/Road/Alley/Street/Sidewalk,Street & Sidewalk,Firearm,,C
245613050,219916690,2025-09-26,Buffalo,NY0140100,13A,B,B,N,M,16,R,N,RU,Highway/Road/Alley/Street/Sidewalk,Street & Sidewalk,Knife/Cutting Instrument,Apparent Broken Bones,C
246769373,220929403,2025-09-26,Buffalo,NY0140100,13A,W,W,N,F,27,R,Y,BG,Drug Store/Doctor's Office/Hospital,Hospital & Clinic,Personal Weapons,Severe Laceration,C
245565845,219872229,2025-09-27,Buffalo,NY0140100,13A,I,I,N,M,16,R,N,RU,Highway/Road/Alley/Street/Sidewalk,Street & Sidewalk,Firearm,,C
245574824,219880687,2025-09-27,Buffalo,NY0140100,13A,B,B,N,F,30,R,Y,RU;XR,Residence/Home,Home,Handgun,,C
245575651,219881460,2025-09-27,Buffalo,NY0140100,13A,W,W,N,F,42,N,Y,BG,Park/Playground,Park & Playground,Personal Weapons,Apparent Broken Bones;Unconscious,C
246733029,220895262,2025-09-27,Buffalo,NY0140100,13A,B,B,N,M,38,R,N,AQ;RU,Other/Unknown,Other & Unknown,Knife/Cutting Instrument,Severe Laceration,C
246743019,220904633,2025-09-27,Buffalo,NY0140100,13A,B,B,N,M,41,R,N,AQ,Highway/Road/Alley/Street/Sidewalk,Street & Sidewalk,Knife/Cutting Instrument,,C
252762050,226163322,2025-09-27,Buffalo,NY0140100,13A,W,W,N,M,24,R,N,RU;ST,Other/Unknown,Other & Unknown,Knife/Cutting Instrument,,C
245566530,219872872,2025-09-28,Buffalo,NY0140100,13A,B,B,N,F,,R,N,AQ,Highway/Road/Alley/Street/Sidewalk,Street & Sidewalk,Firearm,,C
245575244,219881082,2025-09-28,Buffalo,NY0140100,13A,W,W,N,M,64,R,N,NE,Residence/Home,Home,Other,Minor Injury,C
245575371,219881199,2025-09-28,Buffalo,NY0140100,13A,W,W,N,M,18,R,N,AQ;ST,Highway/Road/Alley/Street/Sidewalk,Street & Sidewalk,Blunt Object,Minor Injury,C
245584748,219890025,2025-09-28,Buffalo,NY0140100,13A,U,U,U,M,32,R,N,AQ,Highway/Road/Alley/Street/Sidewalk,Street & Sidewalk,Knife/Cutting Instrument,Severe Laceration,C
245594151,219898853,2025-09-29,Buffalo,NY0140100,13A,B,B,N,F,16,R,N,AQ,Residence/Home,Home,Other;Personal Weapons,Minor Injury,C
245594815,219899479,2025-09-29,Buffalo,NY0140100,13A,B,B,N,M,61,R,N,ST,Highway/Road/Alley/Street/Sidewalk,Street & Sidewalk,Firearm,,C
245603617,219907782,2025-09-29,Buffalo,NY0140100,13A,W,W,N,F,67,R,N,RU,Residence/Home,Home,Knife/Cutting Instrument,Severe Laceration,C
245622299,219925402,2025-09-29,Buffalo,NY0140100,13A,W,W,N,F,28,R,Y,XR,Residence/Home,Home,Personal Weapons,Minor Injury,C
252743822,226146238,2025-09-29,Buffalo,NY0140100,13A,U,U,U,F,,R,N,RU,Highway/Road/Alley/Street/Sidewalk,Street & Sidewalk,Firearm,,C
252743823,226146238,2025-09-29,Buffalo,NY0140100,13A,U,U,U,M,,R,N,RU,Highway/Road/Alley/Street/Sidewalk,Street & Sidewalk,Firearm,,C
245613847,219917420,2025-09-30,Buffalo,NY0140100,13A,W,W,N,F,39,R,Y,XS,Highway/Road/Alley/Street/Sidewalk,Street & Sidewalk,Personal Weapons,Minor Injury;Possible Internal Injury;Unconscious,C
245623645,219926669,2025-09-30,Buffalo,NY0140100,13A,H,B,H,F,26,R,Y,XR,Residence/Home,Home,Knife/Cutting Instrument,Severe Laceration,C
246743170,220904777,2025-09-30,Buffalo,NY0140100,13A,H,W,H,M,34,R,N,ST,Highway/Road/Alley/Street/Sidewalk,Street & Sidewalk,Other,,C
252771048,226171788,2025-09-30,Buffalo,NY0140100,13A,B,B,N,M,21,R,Y,RU;XR,Residence/Home,Home,Other,Minor Injury,C
252779905,226180049,2025-09-30,Buffalo,NY0140100,13A,U,U,N,F,31,R,Y,SE,Residence/Home,Home,Knife/Cutting Instrument,,C
252790855,226190356,2025-10-02,Buffalo,NY0140100,13A,B,B,N,F,31,R,Y,BG,Residence/Home,Home,Knife/Cutting Instrument,Minor Injury,C
246733060,220895288,2025-10-03,Buffalo,NY0140100,13A,W,W,N,M,49,R,N,OF,Residence/Home,Home,Blunt Object,Apparent Broken Bones;Severe Laceration,C
246752834,220913834,2025-10-03,Buffalo,NY0140100,13A,W,W,N,F,37,R,N,RU,Highway/Road/Alley/Street/Sidewalk,Street & Sidewalk,Blunt Object,,C
246761832,220922289,2025-10-03,Buffalo,NY0140100,13A,H,W,H,F,26,R,N,AQ,Highway/Road/Alley/Street/Sidewalk,Street & Sidewalk,Motor Vehicle/Vessel,Minor Injury;Possible Internal Injury,C
252743824,226146239,2025-10-03,Buffalo,NY0140100,13A,W,W,N,M,46,N,N,RU,Highway/Road/Alley/Street/Sidewalk,Street & Sidewalk,Knife/Cutting Instrument,,C
246751763,220912865,2025-10-04,Buffalo,NY0140100,13A,B,B,N,M,20,N,N,RU,Highway/Road/Alley/Street/Sidewalk,Street & Sidewalk,Handgun,Minor Injury;Possible Internal Injury,C
246752859,220913853,2025-10-04,Buffalo,NY0140100,13A,W,W,N,F,54,R,N,NE,Residence/Home,Home,Knife/Cutting Instrument,,C
246770094,220930075,2025-10-04,Buffalo,NY0140100,13A,B,B,N,F,48,R,Y,XR,Residence/Home,Home,Personal Weapons,Minor Injury,C
246771077,220930994,2025-10-04,Buffalo,NY0140100,13A,U,U,U,F,50,R,N,PA,Residence/Home,Home,Firearm,,C
246779254,220938712,2025-10-04,Buffalo,NY0140100,13A,B,B,U,M,37,R,N,RU,Parking/Drop Lot/Garage,Parking Lot,Handgun,Other Major Injury;Possible Internal Injury;Severe Laceration,C
252762108,226163375,2025-10-04,Buffalo,NY0140100,13A,B,B,N,M,37,R,Y,BG;RU,Residence/Home,Home,Knife/Cutting Instrument,Minor Injury,C
246759864,220920470,2025-10-05,Buffalo,NY0140100,13A,B,B,N,F,43,R,Y,XR,Residence/Home,Home,Blunt Object,Minor Injury,C
246787174,220946161,2025-10-05,Buffalo,NY0140100,13A,B,B,N,F,27,R,Y,BG,Residence/Home,Home,Personal Weapons,Minor Injury,C
246732199,220894488,2025-10-06,Buffalo,NY0140100,13A,W,W,N,M,38,N,N,RU,Convenience Store,Convenience Store,Other,Minor Injury,C
246769170,220929217,2025-10-06,Buffalo,NY0140100,13A,B,B,N,F,,R,N,ST,Jail/Prison/Penitentiary/Corrections Facility,Jail & Prison,Personal Weapons,Minor Injury,C
252743831,226146244,2025-10-06,Buffalo,NY0140100,13A,W,W,N,M,32,R,N,AQ;RU,Residence/Home,Home,Blunt Object,Minor Injury;Possible Internal Injury,C
246787367,220946342,2025-10-07,Buffalo,NY0140100,13A,W,W,N,M,27,R,Y,BG,Residence/Home,Home,Knife/Cutting Instrument,Severe Laceration,C
246732206,220894494,2025-10-08,Buffalo,NY0140100,13A,B,B,N,F,45,R,N,SB,Residence/Home,Home,Knife/Cutting Instrument,,C
246751974,220913051,2025-10-08,Buffalo,NY0140100,13A,B,B,N,F,41,R,N,RU,Highway/Road/Alley/Street/Sidewalk,Street & Sidewalk,Firearm,,C
246752409,220913448,2025-10-08,Buffalo,NY0140100,13A,W,W,N,M,62,R,N,RU,Highway/Road/Alley/Street/Sidewalk,Street & Sidewalk,Firearm,Minor Injury,C
252781791,226181812,2025-10-08,Buffalo,NY0140100,13A,B,B,N,M,43,R,N,AQ,Highway/Road/Alley/Street/Sidewalk,Street & Sidewalk,Handgun,Minor Injury,C
246751742,220912845,2025-10-09,Buffalo,NY0140100,13A,B,B,N,F,34,R,N,SB,Residence/Home,Home,Knife/Cutting Instrument,Minor Injury,C
249849944,223617902,2025-10-09,Buffalo,NY0140100,13A,W,W,N,F,56,R,N,ST,Parking/Drop Lot/Garage,Parking Lot,Knife/Cutting Instrument,,C
246724485,220887144,2025-10-10,Buffalo,NY0140100,13A,W,W,N,F,28,R,N,OF,Residence/Home,Home,Other,Minor Injury,C
246751222,220912350,2025-10-10,Buffalo,NY0140100,13A,H,W,H,M,37,R,Y,XR,Highway/Road/Alley/Street/Sidewalk,Street & Sidewalk,Knife/Cutting Instrument,,C
246761096,220921621,2025-10-10,Buffalo,NY0140100,13A,H,W,H,F,15,R,N,CH,Shelter-Mission/Homeless,Shelter,Blunt Object,Minor Injury,C
246789535,220948374,2025-10-10,Buffalo,NY0140100,13A,B,B,N,M,59,R,N,AQ,Residence/Home,Home,Knife/Cutting Instrument,Severe Laceration,C
252734801,226137809,2025-10-10,Buffalo,NY0140100,13A,B,B,N,M,46,R,N,ST,Residence/Home,Home,Handgun,Other Major Injury;Possible Internal Injury;Severe Laceration,C
252734802,226137809,2025-10-10,Buffalo,NY0140100,13A,H,B,H,M,17,R,N,AQ,Residence/Home,Home,Handgun,Minor Injury;Possible Internal Injury,C
252790865,226190365,2025-10-10,Buffalo,NY0140100,13A,B,B,N,F,38,R,Y,BG,Residence/Home,Home,Knife/Cutting Instrument,,C
246725017,220887645,2025-10-11,Buffalo,NY0140100,13A,B,B,N,F,27,R,N,SB,Residence/Home,Home,Personal Weapons,Minor Injury,C
246761221,220921734,2025-10-11,Buffalo,NY0140100,13A,B,B,N,F,26,R,Y,BG,Residence/Home,Home,Personal Weapons,Minor Injury,C
246779449,220938894,2025-10-11,Buffalo,NY0140100,13A,B,B,N,F,52,R,N,RU,Highway/Road/Alley/Street/Sidewalk,Street & Sidewalk,Other;Personal Weapons,Minor Injury,C
246752456,220913490,2025-10-12,Buffalo,NY0140100,13A,B,B,N,F,44,R,N,RU,Residence/Home,Home,Blunt Object;Knife/Cutting Instrument,,C
246779889,220939313,2025-10-12,Buffalo,NY0140100,13A,B,B,U,M,18,R,N,RU,Park/Playground,Park & Playground,Handgun,Minor Injury,C
249805053,223575570,2025-10-12,Buffalo,NY0140100,13A,H,W,H,M,25,R,N,AQ,Residence/Home,Home,Firearm,,C
246751755,220912857,2025-10-13,Buffalo,NY0140100,13A,B,B,N,F,28,R,Y,BG,Residence/Home,Home,Other,Minor Injury,C
246770086,220930068,2025-10-13,Buffalo,NY0140100,13A,B,B,N,F,42,R,N,OF,Residence/Home,Home,Knife/Cutting Instrument,,C
246787993,220946930,2025-10-14,Buffalo,NY0140100,13A,B,B,N,F,38,R,N,NE,Residence/Home,Home,Knife/Cutting Instrument,,C
246743221,220904826,2025-10-15,Buffalo,NY0140100,13A,B,B,N,F,26,R,Y,XR,Highway/Road/Alley/Street/Sidewalk,Street & Sidewalk,Knife/Cutting Instrument,,C
246788848,220947738,2025-10-15,Buffalo,NY0140100,13A,W,W,U,F,63,R,N,RU,Residence/Home,Home,Personal Weapons,Minor Injury;Possible Internal Injury;Unconscious,C
246750035,220911259,2025-10-17,Buffalo,NY0140100,13A,A,A,N,F,37,R,N,AQ;ST,Residence/Home,Home,Firearm,,C
246750036,220911259,2025-10-17,Buffalo,NY0140100,13A,A,A,N,M,41,R,N,AQ;ST,Residence/Home,Home,Firearm,,C
246768555,220928663,2025-10-17,Buffalo,NY0140100,13A,B,B,N,F,51,R,Y,RU;XR,Highway/Road/Alley/Street/Sidewalk,Street & Sidewalk,Knife/Cutting Instrument,Severe Laceration,C
246768556,220928663,2025-10-17,Buffalo,NY0140100,13A,B,B,N,M,24,R,N,AQ;RU,Highway/Road/Alley/Street/Sidewalk,Street & Sidewalk,Knife/Cutting Instrument,Other Major Injury;Severe Laceration,C
246759473,220920115,2025-10-18,Buffalo,NY0140100,13A,B,B,N,F,32,R,Y,XR,Residence/Home,Home,Personal Weapons,Minor Injury,C
246732392,220894663,2025-10-19,Buffalo,NY0140100,13A,H,W,H,M,41,R,N,NE,Residence/Home,Home,Shotgun,Other Major Injury,C
246732917,220895158,2025-10-19,Buffalo,NY0140100,13A,B,B,N,F,45,R,N,RU,Highway/Road/Alley/Street/Sidewalk,Street & Sidewalk,Firearm,Other Major Injury,C
246732918,220895158,2025-10-19,Buffalo,NY0140100,13A,B,B,N,F,35,R,N,RU,Highway/Road/Alley/Street/Sidewalk,Street & Sidewalk,Firearm,Other Major Injury,C
246724818,220887461,2025-10-20,Buffalo,NY0140100,13A,W,W,N,M,38,R,N,ST,Highway/Road/Alley/Street/Sidewalk,Street & Sidewalk,Knife/Cutting Instrument,,C
246724913,220887546,2025-10-20,Buffalo,NY0140100,13A,W,W,N,M,36,N,N,ST,Highway/Road/Alley/Street/Sidewalk,Street & Sidewalk,Motor Vehicle/Vessel,Minor Injury,C
246725893,220888477,2025-10-22,Buffalo,NY0140100,13A,W,W,N,M,29,R,N,ST,Highway/Road/Alley/Street/Sidewalk,Street & Sidewalk,Blunt Object,Minor Injury,C
246771063,220930984,2025-10-22,Buffalo,NY0140100,13A,B,B,N,M,14,R,N,RU,School-Elementary/Secondary,K-12 School,Knife/Cutting Instrument,,C
246771065,220930984,2025-10-22,Buffalo,NY0140100,13A,B,B,N,M,14,R,N,RU,School-Elementary/Secondary,K-12 School,Knife/Cutting Instrument,,C
249798214,223569061,2025-10-22,Buffalo,NY0140100,13A,B,B,N,F,19,R,Y,RU;XR,Residence/Home,Home,Personal Weapons,,C
246733156,220895367,2025-10-23,Buffalo,NY0140100,13A,W,W,U,M,24,R,N,ST,Residence/Home,Home,Blunt Object,,C
246778768,220938246,2025-10-23,Buffalo,NY0140100,13A,B,B,U,F,25,R,Y,BG,Residence/Home,Home,Other;Personal Weapons,Minor Injury,C
249824671,223593986,2025-10-23,Buffalo,NY0140100,13A,B,B,N,M,71,R,N,AQ;RU,Parking/Drop Lot/Garage,Parking Lot,Blunt Object,Minor Injury,C
252780933,226181018,2025-10-23,Buffalo,NY0140100,13A,W,W,N,F,34,R,Y,BG,Residence/Home,Home,Knife/Cutting Instrument,Minor Injury,C
246780277,220939677,2025-10-24,Buffalo,NY0140100,13A,B,B,N,M,44,R,Y,SE,Residence/Home,Home,Knife/Cutting Instrument,,C
246733605,220895794,2025-10-25,Buffalo,NY0140100,13A,W,W,U,F,34,R,N,AQ;RU,Convenience Store,Convenience Store,Knife/Cutting Instrument;Personal Weapons,Possible Internal Injury;Severe Laceration,C
249842728,223611042,2025-10-25,Buffalo,NY0140100,13A,W,W,N,M,33,R,N,RU,Liquor Store,Liquor Store,Personal Weapons,Minor Injury,C
249851546,223619387,2025-10-25,Buffalo,NY0140100,13A,W,W,N,F,31,R,N,RU,Restaurant,Restaurant,Firearm,,C
246779896,220939320,2025-10-26,Buffalo,NY0140100,13A,W,W,N,F,51,R,Y,RU;XR,Residence/Home,Home,Other,Minor Injury,C
246789079,220947952,2025-10-26,Buffalo,NY0140100,13A,W,W,U,F,38,R,N,ST,Restaurant,Restaurant,Firearm,,C
246741298,220903030,2025-10-28,Buffalo,NY0140100,13A,U,U,U,M,34,R,N,NE,Residence/Home,Home,Other,Minor Injury,C
246761211,220921724,2025-10-29,Buffalo,NY0140100,13A,W,W,N,F,18,R,Y,XR,Residence/Home,Home,Asphyxiation;Personal Weapons,Minor Injury,C
246796130,220954590,2025-10-29,Buffalo,NY0140100,13A,B,B,N,F,34,R,Y,BG,Residence/Home,Home,Personal Weapons,,C
249789429,223560769,2025-10-29,Buffalo,NY0140100,13A,W,W,N,M,35,N,N,RU,Highway/Road/Alley/Street/Sidewalk,Street & Sidewalk,Firearm,,C
249851377,223619225,2025-10-29,Buffalo,NY0140100,13A,B,B,N,M,69,R,N,AQ,Highway/Road/Alley/Street/Sidewalk,Street & Sidewalk,Handgun,,C
246751732,220912835,2025-10-31,Buffalo,NY0140100,13A,B,B,N,F,29,R,Y,XR,Residence/Home,Home,Knife/Cutting Instrument,,C
249824504,223593829,2025-10-31,Buffalo,NY0140100,13A,W,W,N,M,24,N,N,RU,Bar/Nightclub,Bar & Nightclub,Personal Weapons,Apparent Broken Bones;Loss of Teeth,C
249789543,223560869,2025-11-01,Buffalo,NY0140100,13A,B,B,N,M,27,R,N,RU,Highway/Road/Alley/Street/Sidewalk,Street & Sidewalk,Firearm,Minor Injury;Possible Internal Injury,C
249789544,223560869,2025-11-01,Buffalo,NY0140100,13A,B,B,N,M,30,R,N,RU,Highway/Road/Alley/Street/Sidewalk,Street & Sidewalk,Firearm,Minor Injury,C
249796817,223567782,2025-11-01,Buffalo,NY0140100,13A,B,B,N,M,19,R,N,RU,Parking/Drop Lot/Garage,Parking Lot,Firearm,Other Major Injury,C
249805703,223576167,2025-11-01,Buffalo,NY0140100,13A,B,B,N,M,39,R,N,RU,Highway/Road/Alley/Street/Sidewalk,Street & Sidewalk,Handgun,Other Major Injury;Possible Internal Injury;Severe Laceration,C
249805704,223576167,2025-11-01,Buffalo,NY0140100,13A,B,B,N,F,27,R,N,RU,Highway/Road/Alley/Street/Sidewalk,Street & Sidewalk,Handgun,Minor Injury;Possible Internal Injury,C
249823705,223593084,2025-11-01,Buffalo,NY0140100,13A,W,W,N,M,28,N,N,ST,Highway/Road/Alley/Street/Sidewalk,Street & Sidewalk,Other;Personal Weapons,Other Major Injury,C
252736475,226139369,2025-11-01,Buffalo,NY0140100,13A,B,B,N,F,34,R,N,ST,Bar/Nightclub,Bar & Nightclub,Personal Weapons,Minor Injury,C
249806457,223576859,2025-11-02,Buffalo,NY0140100,13A,B,B,N,M,67,R,N,RU,Residence/Home,Home,Knife/Cutting Instrument,Severe Laceration,C
249807201,223577564,2025-11-02,Buffalo,NY0140100,13A,A,A,N,F,18,R,N,OF,Residence/Home,Home,Other,Minor Injury,C
249807202,223577564,2025-11-02,Buffalo,NY0140100,13A,A,A,N,M,,R,N,PA,Residence/Home,Home,Other,,C
249843183,223611471,2025-11-02,Buffalo,NY0140100,13A,H,W,H,F,34,R,N,ST,Highway/Road/Alley/Street/Sidewalk,Street & Sidewalk,Firearm,,C
252762455,226163710,2025-11-02,Buffalo,NY0140100,13A,H,W,H,M,32,R,N,SB,Residence/Home,Home,Knife/Cutting Instrument,,C
249797668,223568552,2025-11-03,Buffalo,NY0140100,13A,H,W,H,M,35,R,N,RU,Highway/Road/Alley/Street/Sidewalk,Street & Sidewalk,Knife/Cutting Instrument,Minor Injury,C
249815973,223585793,2025-11-03,Buffalo,NY0140100,13A,B,B,N,M,63,N,N,AQ,Residence/Home,Home,Personal Weapons,Minor Injury,C
249824492,223593818,2025-11-03,Buffalo,NY0140100,13A,B,B,N,F,35,R,Y,BG;RU,Residence/Home,Home,Blunt Object,Minor Injury,C
249806705,223577097,2025-11-04,Buffalo,NY0140100,13A,B,B,N,F,38,R,Y,RU;SE,Residence/Home,Home,Personal Weapons,Minor Injury,C
249833951,223602778,2025-11-04,Buffalo,NY0140100,13A,H,W,H,F,27,R,N,RU,Restaurant,Restaurant,Knife/Cutting Instrument,,C
249842580,223610902,2025-11-04,Buffalo,NY0140100,13A,W,W,N,M,59,R,N,ST,Gambling Facility/Casino/Race Track,Casino & Race Track,Knife/Cutting Instrument,,C
249824866,223594171,2025-11-05,Buffalo,NY0140100,13A,W,W,N,F,26,R,Y,SE,Residence/Home,Home,Knife/Cutting Instrument,,C
249849105,223617099,2025-11-05,Buffalo,NY0140100,13A,W,W,U,M,40,R,N,RU,Highway/Road/Alley/Street/Sidewalk,Street & Sidewalk,Other,Severe Laceration,C
252798265,226197319,2025-11-05,Buffalo,NY0140100,13A,B,B,N,M,46,R,N,AQ;RU;ST,Highway/Road/Alley/Street/Sidewalk,Street & Sidewalk,Blunt Object,Minor Injury;Possible Internal Injury,C
249788953,223560319,2025-11-06,Buffalo,NY0140100,13A,B,B,N,M,45,R,Y,BG,Residence/Home,Home,Knife/Cutting Instrument,Minor Injury,C
249788954,223560320,2025-11-06,Buffalo,NY0140100,13A,A,A,N,M,38,R,N,ST,Grocery/Supermarket,Grocery Store,Firearm,,C
249797949,223568812,2025-11-06,Buffalo,NY0140100,13A,B,B,N,F,32,N,N,RU,Parking/Drop Lot/Garage,Parking Lot,Handgun,Minor Injury,C
249797950,223568812,2025-11-06,Buffalo,NY0140100,13A,B,B,N,F,52,R,N,RU,Parking/Drop Lot/Garage,Parking Lot,Handgun,,C
249798061,223568920,2025-11-06,Buffalo,NY0140100,13A,W,W,N,F,34,R,N,ST,Grocery/Supermarket,Grocery Store,Knife/Cutting Instrument,,C
249843125,223611415,2025-11-07,Buffalo,NY0140100,13A,B,B,N,F,19,R,Y,BG;RU,Residence/Home,Home,Blunt Object,Minor Injury,C
249807159,223577523,2025-11-08,Buffalo,NY0140100,13A,B,B,N,M,24,R,Y,BG,Residence/Home,Home,Knife/Cutting Instrument,,C
249824939,223594237,2025-11-08,Buffalo,NY0140100,13A,W,W,N,M,35,R,N,RU,Highway/Road/Alley/Street/Sidewalk,Street & Sidewalk,Blunt Object,Severe Laceration,C
249825095,223594381,2025-11-08,Buffalo,NY0140100,13A,A,A,N,F,22,R,N,AQ,Residence/Home,Home,Blunt Object;Personal Weapons,Minor Injury,C
252780027,226180165,2025-11-08,Buffalo,NY0140100,13A,W,W,U,M,38,R,N,AQ,Park/Playground,Park & Playground,Knife/Cutting Instrument;Personal Weapons,Minor Injury,C
249824844,223594150,2025-11-09,Buffalo,NY0140100,13A,W,W,N,M,41,R,N,RU,Highway/Road/Alley/Street/Sidewalk,Street & Sidewalk,Handgun,Minor Injury;Possible Internal Injury,C
249833666,223602515,2025-11-09,Buffalo,NY0140100,13A,B,B,N,F,21,R,Y,BG,Residence/Home,Home,Personal Weapons,Apparent Broken Bones;Other Major Injury,C
252743950,226146355,2025-11-09,Buffalo,NY0140100,13A,B,B,U,F,33,R,Y,XR,Residence/Home,Home,Knife/Cutting Instrument,,C
252771173,226171903,2025-11-09,Buffalo,NY0140100,13A,B,B,U,F,14,R,N,OF,Residence/Home,Home,Firearm,,C
249789041,223560400,2025-11-10,Buffalo,NY0140100,13A,B,B,N,F,43,R,N,OF;RU,Highway/Road/Alley/Street/Sidewalk,Street & Sidewalk,Firearm,,C
252771178,226171907,2025-11-10,Buffalo,NY0140100,13A,B,B,N,F,16,R,N,OF;RU,Highway/Road/Alley/Street/Sidewalk,Street & Sidewalk,Firearm,,C
249806698,223577091,2025-11-11,Buffalo,NY0140100,13A,B,B,N,M,61,R,Y,BG,Residence/Home,Home,Knife/Cutting Instrument,,C
249806730,223577122,2025-11-11,Buffalo,NY0140100,13A,H,B,H,M,17,R,Y,XR,Residence/Home,Home,Knife/Cutting Instrument,,C
249824980,223594278,2025-11-11,Buffalo,NY0140100,13A,H,W,H,F,20,R,Y,XR,Residence/Home,Home,Personal Weapons,Minor Injury,C
249842633,223610955,2025-11-11,Buffalo,NY0140100,13A,B,B,N,M,18,R,N,RU,Highway/Road/Alley/Street/Sidewalk,Street & Sidewalk,Firearm,Minor Injury;Possible Internal Injury,C
249843247,223611534,2025-11-11,Buffalo,NY0140100,13A,B,B,N,M,27,R,N,RU,Highway/Road/Alley/Street/Sidewalk,Street & Sidewalk,Firearm,Minor Injury,C
249806549,223576947,2025-11-12,Buffalo,NY0140100,13A,W,W,N,M,36,R,N,AQ,Residence/Home,Home,Knife/Cutting Instrument,,C
252743954,226146359,2025-11-12,Buffalo,NY0140100,13A,B,B,N,M,21,R,N,NE;RU,Highway/Road/Alley/Street/Sidewalk,Street & Sidewalk,Knife/Cutting Instrument,,C
252763931,226165087,2025-11-12,Buffalo,NY0140100,13A,B,B,N,M,17,N,N,CH;RU;SC,Restaurant,Restaurant,Blunt Object,Minor Injury,C
252771177,226171906,2025-11-12,Buffalo,NY0140100,13A,B,B,N,F,53,R,N,AQ;RU,Highway/Road/Alley/Street/Sidewalk,Street & Sidewalk,Knife/Cutting Instrument,,C
249815643,223585492,2025-11-13,Buffalo,NY0140100,13A,B,B,N,F,36,R,Y,XR,Highway/Road/Alley/Street/Sidewalk,Street & Sidewalk,Firearm,,C
249833344,223602213,2025-11-13,Buffalo,NY0140100,13A,B,B,N,F,45,R,N,PA,Residence/Home,Home,Personal Weapons,Minor Injury,C
249824451,223593784,2025-11-14,Buffalo,NY0140100,13A,B,B,N,M,14,R,N,AQ,Highway/Road/Alley/Street/Sidewalk,Street & Sidewalk,Firearm,,C
249824453,223593784,2025-11-14,Buffalo,NY0140100,13A,B,B,N,M,12,R,N,AQ,Highway/Road/Alley/Street/Sidewalk,Street & Sidewalk,Firearm,,C
249824454,223593784,2025-11-14,Buffalo,NY0140100,13A,B,B,N,M,14,R,N,AQ,Highway/Road/Alley/Street/Sidewalk,Street & Sidewalk,Firearm,,C
249824455,223593784,2025-11-14,Buffalo,NY0140100,13A,B,B,N,M,16,R,N,AQ,Highway/Road/Alley/Street/Sidewalk,Street & Sidewalk,Firearm,,C
249833530,223602389,2025-11-14,Buffalo,NY0140100,13A,B,B,N,F,33,R,Y,RU;SE,Residence/Home,Home,Knife/Cutting Instrument,Minor Injury,C
252744048,226146446,2025-11-14,Buffalo,NY0140100,13A,B,B,N,M,21,R,N,NE,Residence/Home,Home,Knife/Cutting Instrument,,C
252799655,226198624,2025-11-14,Buffalo,NY0140100,13A,W,W,N,M,46,N,N,RU,Highway/Road/Alley/Street/Sidewalk,Street & Sidewalk,Personal Weapons,Severe Laceration,C
249833280,223602152,2025-11-15,Buffalo,NY0140100,13A,B,B,N,M,21,R,N,SB,Residence/Home,Home,Knife/Cutting Instrument,Minor Injury,C
249807033,223577403,2025-11-16,Buffalo,NY0140100,13A,B,B,N,M,26,R,N,OF;RU,Residence/Home,Home,Personal Weapons,Apparent Broken Bones;Unconscious,C
249815901,223585726,2025-11-17,Buffalo,NY0140100,13A,B,B,N,M,22,R,N,CH;RU,Highway/Road/Alley/Street/Sidewalk,Street & Sidewalk,Knife/Cutting Instrument,,C
249840155,223608647,2025-11-17,Buffalo,NY0140100,13A,B,B,N,F,28,N,N,ST,Grocery/Supermarket,Grocery Store,Firearm,,C
249851789,223619617,2025-11-17,Buffalo,NY0140100,13A,B,B,N,M,40,R,N,AQ,Residence/Home,Home,Firearm,,C
249795420,223566474,2025-11-18,Buffalo,NY0140100,13A,B,B,N,M,43,R,N,RU,Highway/Road/Alley/Street/Sidewalk,Street & Sidewalk,Firearm,,C
249798146,223569000,2025-11-18,Buffalo,NY0140100,13A,B,B,N,M,62,R,N,SB,Residence/Home,Home,Blunt Object;Motor Vehicle/Vessel,Other Major Injury,C
249843011,223611309,2025-11-18,Buffalo,NY0140100,13A,B,B,N,F,31,R,Y,RU;XR,Residence/Home,Home,Firearm,,C
249807045,223577415,2025-11-19,Buffalo,NY0140100,13A,H,W,H,M,27,R,N,OF,Residence/Home,Home,Knife/Cutting Instrument,,C
249843019,223611315,2025-11-19,Buffalo,NY0140100,13A,W,W,N,M,27,R,N,AQ,Residence/Home,Home,Blunt Object,,C
249843030,223611325,2025-11-19,Buffalo,NY0140100,13A,B,B,N,M,50,R,N,ST,Residence/Home,Home,Blunt Object,Severe Laceration,C
249851858,223619676,2025-11-19,Buffalo,NY0140100,13A,B,B,N,M,30,R,N,RU,Highway/Road/Alley/Street/Sidewalk,Street & Sidewalk,Handgun,Minor Injury;Possible Internal Injury,C
252800062,226198992,2025-11-19,Buffalo,NY0140100,13A,H,W,H,F,69,R,N,RU;ST,Highway/Road/Alley/Street/Sidewalk,Street & Sidewalk,Other,Minor Injury,C
249789185,223560535,2025-11-20,Buffalo,NY0140100,13A,W,W,N,M,34,R,N,RU,Highway/Road/Alley/Street/Sidewalk,Street & Sidewalk,Firearm;Personal Weapons,,C
249798129,223568983,2025-11-20,Buffalo,NY0140100,13A,B,B,N,F,43,R,Y,SE,Residence/Home,Home,Blunt Object,Minor Injury,C
249807102,223577469,2025-11-20,Buffalo,NY0140100,13A,H,W,H,F,19,R,Y,BG,Residence/Home,Home,Firearm;Personal Weapons,Minor Injury,C
249807111,223577477,2025-11-20,Buffalo,NY0140100,13A,B,B,N,M,30,R,N,RU,Drug Store/Doctor's Office/Hospital,Hospital & Clinic,Firearm,Minor Injury,C
249816130,223585939,2025-11-20,Buffalo,NY0140100,13A,B,B,N,M,27,R,Y,BG,Residence/Home,Home,Knife/Cutting Instrument,Severe Laceration,C
249816290,223586092,2025-11-20,Buffalo,NY0140100,13A,B,B,N,M,14,R,N,OF,Residence/Home,Home,Other,Minor Injury,C
249833928,223602756,2025-11-20,Buffalo,NY0140100,13A,B,B,U,M,22,R,N,CH,Other/Unknown,Other & Unknown,Knife/Cutting Instrument,,C
249851853,223619671,2025-11-20,Buffalo,NY0140100,13A,W,W,N,M,50,R,N,RU,Highway/Road/Alley/Street/Sidewalk,Street & Sidewalk,Handgun,,C
252798127,226197192,2025-11-20,Buffalo,NY0140100,13A,B,B,N,F,25,R,N,NE,Residence/Home,Home,Knife/Cutting Instrument,,C
252803332,226202113,2025-11-20,Buffalo,NY0140100,13A,W,W,N,F,25,R,Y,SE,Residence/Home,Home,Personal Weapons,Minor Injury,C
249789353,223560695,2025-11-21,Buffalo,NY0140100,13A,W,W,N,F,34,R,Y,XR,Residence/Home,Home,Personal Weapons,Severe Laceration,C
249798198,223569046,2025-11-21,Buffalo,NY0140100,13A,B,B,N,M,64,R,N,NE,Residence/Home,Home,Knife/Cutting Instrument,,C
249816317,223586119,2025-11-21,Buffalo,NY0140100,13A,W,W,N,F,52,N,N,RU,Highway/Road/Alley/Street/Sidewalk,Street & Sidewalk,Firearm,,C
249825190,223594466,2025-11-21,Buffalo,NY0140100,13A,W,W,N,M,47,N,N,ST,Convenience Store,Convenience Store,Handgun,,C
249851994,223619805,2025-11-21,Buffalo,NY0140100,13A,W,W,N,F,61,R,Y,SE,Residence/Home,Home,Personal Weapons,Other Major Injury,C
249789267,223560613,2025-11-22,Buffalo,NY0140100,13A,B,B,N,F,23,R,N,RU,Highway/Road/Alley/Street/Sidewalk,Street & Sidewalk,Personal Weapons,Minor Injury;Possible Internal Injury;Unconscious,C
252762336,226163595,2025-11-22,Buffalo,NY0140100,13A,B,B,N,F,28,R,N,RU,Department/Discount Store,Department Store,Knife/Cutting Instrument,,C
252771262,226171984,2025-11-22,Buffalo,NY0140100,13A,B,B,N,M,20,N,N,RU,Highway/Road/Alley/Street/Sidewalk,Street & Sidewalk,Personal Weapons,Minor Injury,C
249789394,223560735,2025-11-23,Buffalo,NY0140100,13A,B,B,N,F,24,R,Y,XR,Residence/Home,Home,Personal Weapons,Minor Injury;Unconscious,C
249851973,223619783,2025-11-23,Buffalo,NY0140100,13A,I,I,N,F,34,N,N,RU,Highway/Road/Alley/Street/Sidewalk,Street & Sidewalk,Knife/Cutting Instrument,Severe Laceration,C
252753151,226154973,2025-11-23,Buffalo,NY0140100,13A,B,B,N,M,21,R,N,NE,Highway/Road/Alley/Street/Sidewalk,Street & Sidewalk,Knife/Cutting Instrument,,C
252771260,226171983,2025-11-23,Buffalo,NY0140100,13A,B,B,N,M,23,R,N,RU,Highway/Road/Alley/Street/Sidewalk,Street & Sidewalk,Firearm,Minor Injury;Possible Internal Injury,C
249788888,223560260,2025-11-24,Buffalo,NY0140100,13A,B,B,N,M,42,R,Y,ST;XR,Highway/Road/Alley/Street/Sidewalk,Street & Sidewalk,Firearm,,C
249788944,223560312,2025-11-24,Buffalo,NY0140100,13A,B,B,N,M,23,R,Y,BG,Residence/Home,Home,Knife/Cutting Instrument,,C
249824681,223593995,2025-11-24,Buffalo,NY0140100,13A,B,B,N,M,35,R,N,AQ,Residence/Home,Home,Knife/Cutting Instrument,,C
252736378,226139279,2025-11-24,Buffalo,NY0140100,13A,B,B,N,F,44,R,Y,RU;XR,Residence/Home,Home,Knife/Cutting Instrument,,C
249843058,223611352,2025-11-25,Buffalo,NY0140100,13A,W,W,N,M,44,R,N,SB,Highway/Road/Alley/Street/Sidewalk,Street & Sidewalk,Personal Weapons,Minor Injury,C
249815982,223585798,2025-11-26,Buffalo,NY0140100,13A,W,W,N,F,23,R,Y,SE,Residence/Home,Home,Firearm,,C
252762401,226163660,2025-11-26,Buffalo,NY0140100,13A,W,W,N,M,55,N,N,RU;ST,Highway/Road/Alley/Street/Sidewalk,Street & Sidewalk,Knife/Cutting Instrument,,C
252762402,226163660,2025-11-26,Buffalo,NY0140100,13A,W,W,N,F,43,R,N,RU;ST,Highway/Road/Alley/Street/Sidewalk,Street & Sidewalk,Knife/Cutting Instrument,,C
249797660,223568544,2025-11-27,Buffalo,NY0140100,13A,W,W,N,F,28,R,Y,BG,Residence/Home,Home,Knife/Cutting Instrument,Minor Injury,C
249815650,223585498,2025-11-27,Buffalo,NY0140100,13A,B,B,N,F,32,R,Y,XR,Residence/Home,Home,Personal Weapons,Minor Injury,C
249824488,223593815,2025-11-27,Buffalo,NY0140100,13A,W,W,U,F,34,R,N,RU,Highway/Road/Alley/Street/Sidewalk,Street & Sidewalk,Firearm,,C
249797663,223568548,2025-11-28,Buffalo,NY0140100,13A,B,B,N,F,24,R,Y,BG,Residence/Home,Home,Personal Weapons,,C
249797744,223568621,2025-11-28,Buffalo,NY0140100,13A,B,B,N,F,34,R,Y,XR,Residence/Home,Home,Handgun,,C
249806630,223577026,2025-11-28,Buffalo,NY0140100,13A,B,B,N,F,25,R,Y,BG,Residence/Home,Home,Blunt Object,,C
249824570,223593887,2025-11-28,Buffalo,NY0140100,13A,H,W,H,M,39,R,N,RU,Highway/Road/Alley/Street/Sidewalk,Street & Sidewalk,Firearm,,C
249851354,223619206,2025-11-28,Buffalo,NY0140100,13A,B,B,N,F,43,R,Y,BG,Residence/Home,Home,Handgun,Minor Injury;Possible Internal Injury,C
249851355,223619206,2025-11-28,Buffalo,NY0140100,13A,B,B,N,F,29,R,N,CF,Residence/Home,Home,Handgun,Minor Injury;Possible Internal Injury,C
249851993,223619802,2025-11-28,Buffalo,NY0140100,13A,B,B,N,F,26,R,Y,BG,Residence/Home,Home,Knife/Cutting Instrument,,C
252745461,226147770,2025-11-28,Buffalo,NY0140100,13A,W,W,U,F,63,N,N,ST,Shelter-Mission/Homeless,Shelter,Personal Weapons,Apparent Broken Bones,C
249788700,223560083,2025-11-29,Buffalo,NY0140100,13A,W,W,N,F,32,R,Y,XR,Residence/Home,Home,Personal Weapons,Minor Injury;Possible Internal Injury;Unconscious,C
249797975,223568837,2025-11-29,Buffalo,NY0140100,13A,W,W,N,M,52,N,N,RU,Highway/Road/Alley/Street/Sidewalk,Street & Sidewalk,Blunt Object,Other Major Injury,C
249816051,223585862,2025-11-29,Buffalo,NY0140100,13A,B,B,N,M,47,R,N,RU,Highway/Road/Alley/Street/Sidewalk,Street & Sidewalk,Firearm,Minor Injury,C
249842957,223611258,2025-11-29,Buffalo,NY0140100,13A,B,B,N,M,18,R,N,RU,Highway/Road/Alley/Street/Sidewalk,Street & Sidewalk,Firearm,Other Major Injury,C
249842958,223611258,2025-11-29,Buffalo,NY0140100,13A,W,W,U,F,18,R,N,RU,Highway/Road/Alley/Street/Sidewalk,Street & Sidewalk,Firearm,Minor Injury,C
249788634,223560021,2025-11-30,Buffalo,NY0140100,13A,B,B,N,M,35,R,N,RU,Parking/Drop Lot/Garage,Parking Lot,Handgun,Minor Injury,C
249807034,223577404,2025-11-30,Buffalo,NY0140100,13A,B,B,N,M,37,R,N,RU,Highway/Road/Alley/Street/Sidewalk,Street & Sidewalk,Knife/Cutting Instrument,Severe Laceration,C
252773236,226173822,2025-11-30,Buffalo,NY0140100,13A,B,B,N,F,0,R,N,CH,Residence/Home,Home,Personal Weapons,Apparent Broken Bones;Other Major Injury;Possible Internal Injury,C
252736543,226139432,2025-12-01,Buffalo,NY0140100,13A,W,W,N,F,23,R,Y,XR,Residence/Home,Home,Blunt Object,,C
252772610,226173251,2025-12-01,Buffalo,NY0140100,13A,B,B,N,M,36,R,N,SS,Residence/Home,Home,Knife/Cutting Instrument,Severe Laceration,C
252736410,226139309,2025-12-02,Buffalo,NY0140100,13A,B,B,N,F,43,R,Y,XR,Residence/Home,Home,Personal Weapons,Apparent Broken Bones,C
252745558,226147861,2025-12-02,Buffalo,NY0140100,13A,B,B,N,F,39,R,N,AQ;RU,Highway/Road/Alley/Street/Sidewalk,Street & Sidewalk,Knife/Cutting Instrument;Personal Weapons,Minor Injury,C
252745888,226148161,2025-12-02,Buffalo,NY0140100,13A,U,U,U,M,31,R,N,RU,Highway/Road/Alley/Street/Sidewalk,Street & Sidewalk,Firearm,,C
252754748,226156454,2025-12-02,Buffalo,NY0140100,13A,W,W,U,F,25,R,N,ST,Drug Store/Doctor's Office/Hospital,Hospital & Clinic,Personal Weapons,Minor Injury,C
252763852,226165016,2025-12-02,Buffalo,NY0140100,13A,U,U,U,M,40,R,N,OK,Drug Store/Doctor's Office/Hospital,Hospital & Clinic,Personal Weapons,Minor Injury,C
252790545,226190073,2025-12-02,Buffalo,NY0140100,13A,H,U,H,M,25,R,N,AQ,Residence/Home,Home,Knife/Cutting Instrument,,C
252736214,226139125,2025-12-03,Buffalo,NY0140100,13A,W,W,N,F,52,N,N,RU,Highway/Road/Alley/Street/Sidewalk,Street & Sidewalk,Firearm,,C
252754469,226156193,2025-12-03,Buffalo,NY0140100,13A,B,B,N,M,30,R,N,ST,Drug Store/Doctor's Office/Hospital,Hospital & Clinic,Personal Weapons,Minor Injury,C
252754470,226156193,2025-12-03,Buffalo,NY0140100,13A,W,W,N,M,56,R,N,ST,Drug Store/Doctor's Office/Hospital,Hospital & Clinic,Personal Weapons,Other Major Injury,C
252795914,226195117,2025-12-03,Buffalo,NY0140100,13A,B,B,N,F,42,R,N,AQ,Highway/Road/Alley/Street/Sidewalk,Street & Sidewalk,Personal Weapons,Apparent Broken Bones,C
252759695,226161122,2025-12-04,Buffalo,NY0140100,13A,B,B,N,F,32,R,Y,BG,Residence/Home,Home,Blunt Object,Severe Laceration,C
252786576,226186350,2025-12-04,Buffalo,NY0140100,13A,B,B,N,F,43,R,Y,XR,Residence/Home,Home,Personal Weapons,,C
252786577,226186351,2025-12-04,Buffalo,NY0140100,13A,B,B,N,F,50,R,Y,XR,Residence/Home,Home,Knife/Cutting Instrument,Minor Injury,C
252741761,226144308,2025-12-05,Buffalo,NY0140100,13A,B,B,N,F,19,R,Y,XR,Residence/Home,Home,Firearm,Minor Injury;Possible Internal Injury,C
252768974,226169839,2025-12-05,Buffalo,NY0140100,13A,W,W,N,F,60,N,N,AQ,Highway/Road/Alley/Street/Sidewalk,Street & Sidewalk,Blunt Object,Minor Injury,C
252768682,226169577,2025-12-08,Buffalo,NY0140100,13A,B,B,N,F,26,R,Y,XR,Residence/Home,Home,Knife/Cutting Instrument,,C
252768993,226169858,2025-12-08,Buffalo,NY0140100,13A,W,W,N,M,18,R,N,RU,Highway/Road/Alley/Street/Sidewalk,Street & Sidewalk,Firearm,,C
252786585,226186359,2025-12-08,Buffalo,NY0140100,13A,B,B,N,F,37,R,Y,XR,Residence/Home,Home,Knife/Cutting Instrument,Severe Laceration,C
252759812,226161225,2025-12-09,Buffalo,NY0140100,13A,B,B,N,F,42,R,N,RU,Highway/Road/Alley/Street/Sidewalk,Street & Sidewalk,Blunt Object,,C
252759935,226161342,2025-12-09,Buffalo,NY0140100,13A,B,B,N,F,23,R,N,AQ,Residence/Home,Home,Knife/Cutting Instrument,,C
252789221,226188824,2025-12-09,Buffalo,NY0140100,13A,B,B,N,F,40,R,Y,XR,Residence/Home,Home,Personal Weapons,,C
252795874,226195080,2025-12-09,Buffalo,NY0140100,13A,W,W,N,F,45,R,Y,BG,Residence/Home,Home,Rifle,Minor Injury,C
252732665,226135797,2025-12-10,Buffalo,NY0140100,13A,W,W,U,F,22,N,N,AQ;RU;ST,Highway/Road/Alley/Street/Sidewalk,Street & Sidewalk,Personal Weapons,Minor Injury,C
252735006,226137990,2025-12-10,Buffalo,NY0140100,13A,W,W,N,M,47,R,Y,RU;XR,Residence/Home,Home,Blunt Object,,C
252762417,226163673,2025-12-10,Buffalo,NY0140100,13A,W,W,N,F,24,R,N,RU,Highway/Road/Alley/Street/Sidewalk,Street & Sidewalk,Personal Weapons,Minor Injury,C
252777692,226178033,2025-12-10,Buffalo,NY0140100,13A,B,B,N,F,47,R,Y,BG,Residence/Home,Home,Personal Weapons,Minor Injury,C
252735007,226137991,2025-12-11,Buffalo,NY0140100,13A,B,B,N,M,7,R,N,CH;RU,Residence/Home,Home,Personal Weapons,Other Major Injury;Unconscious,C
252735008,226137992,2025-12-12,Buffalo,NY0140100,13A,U,U,U,M,22,R,N,ST,Other/Unknown,Other & Unknown,Personal Weapons,Minor Injury,C
252739785,226142458,2025-12-12,Buffalo,NY0140100,13A,U,U,N,M,24,R,N,ST,Drug Store/Doctor's Office/Hospital,Hospital & Clinic,Knife/Cutting Instrument,Minor Injury,C
252757791,226159329,2025-12-12,Buffalo,NY0140100,13A,B,B,N,F,22,R,Y,BG,Residence/Home,Home,Personal Weapons,Minor Injury;Unconscious,C
252768998,226169861,2025-12-12,Buffalo,NY0140100,13A,W,W,N,F,20,R,Y,BG;RU,Residence/Home,Home,Blunt Object,Minor Injury,C
252775918,226176368,2025-12-13,Buffalo,NY0140100,13A,B,B,N,F,40,R,Y,BG,Residence/Home,Home,Personal Weapons,,C
252784920,226184771,2025-12-13,Buffalo,NY0140100,13A,B,B,N,F,18,R,N,SB,Highway/Road/Alley/Street/Sidewalk,Street & Sidewalk,Personal Weapons,Minor Injury,C
252744182,226146569,2025-12-14,Buffalo,NY0140100,13A,B,B,N,F,34,R,Y,XR,Residence/Home,Home,Fire/Incendiary Device,Minor Injury,C
252744184,226146571,2025-12-14,Buffalo,NY0140100,13A,W,W,N,F,38,R,Y,BG;RU,Highway/Road/Alley/Street/Sidewalk,Street & Sidewalk,Personal Weapons,Minor Injury,C
252758502,226160001,2025-12-14,Buffalo,NY0140100,13A,B,B,N,F,26,R,Y,BG,Residence/Home,Home,Knife/Cutting Instrument,,C
252776198,226176632,2025-12-14,Buffalo,NY0140100,13A,B,B,N,F,23,R,Y,XR,Residence/Home,Home,Knife/Cutting Instrument,Minor Injury,C
252777873,226178203,2025-12-14,Buffalo,NY0140100,13A,B,B,N,M,34,R,N,RU,Parking/Drop Lot/Garage,Parking Lot,Handgun,Minor Injury;Possible Internal Injury,C
252733935,226136998,2025-12-15,Buffalo,NY0140100,13A,B,B,N,M,43,R,N,AQ,Other/Unknown,Other & Unknown,Knife/Cutting Instrument,Minor Injury,C
252752018,226153924,2025-12-15,Buffalo,NY0140100,13A,H,W,H,M,43,R,Y,XR,Residence/Home,Home,Knife/Cutting Instrument,Minor Injury,C
252752022,226153926,2025-12-15,Buffalo,NY0140100,13A,H,W,H,F,36,R,Y,XR,Residence/Home,Home,Knife/Cutting Instrument,,C
252745147,226147479,2025-12-16,Buffalo,NY0140100,13A,W,W,N,M,22,R,N,OF,Highway/Road/Alley/Street/Sidewalk,Street & Sidewalk,Other,Minor Injury,C
252752377,226154265,2025-12-16,Buffalo,NY0140100,13A,H,W,H,M,37,R,Y,BG,Residence/Home,Home,Blunt Object,Minor Injury,C
252761524,226162836,2025-12-16,Buffalo,NY0140100,13A,B,B,N,F,27,R,Y,XR,Residence/Home,Home,Knife/Cutting Instrument,,C
252761635,226162938,2025-12-16,Buffalo,NY0140100,13A,B,B,U,M,42,R,N,AQ,Highway/Road/Alley/Street/Sidewalk,Street & Sidewalk,Knife/Cutting Instrument,,C
252797270,226196399,2025-12-16,Buffalo,NY0140100,13A,B,B,N,F,40,R,Y,BG,Residence/Home,Home,Blunt Object,Minor Injury;Possible Internal Injury,C
252790350,226189887,2025-12-17,Buffalo,NY0140100,13A,B,B,N,M,59,R,N,SB,Residence/Home,Home,Personal Weapons,,C
252753332,226155140,2025-12-18,Buffalo,NY0140100,13A,B,B,N,M,37,R,N,AQ,Highway/Road/Alley/Street/Sidewalk,Street & Sidewalk,Knife/Cutting Instrument,,C
252772536,226173185,2025-12-18,Buffalo,NY0140100,13A,H,B,H,M,27,R,N,ST,Highway/Road/Alley/Street/Sidewalk,Street & Sidewalk,Personal Weapons,Minor Injury;Possible Internal Injury,C
252781391,226181448,2025-12-18,Buffalo,NY0140100,13A,B,B,N,M,47,R,Y,BG,Residence/Home,Home,Personal Weapons,Minor Injury,C
252799290,226198274,2025-12-18,Buffalo,NY0140100,13A,B,B,N,F,29,R,N,SB,Highway/Road/Alley/Street/Sidewalk,Street & Sidewalk,Firearm,,C
252799467,226198444,2025-12-18,Buffalo,NY0140100,13A,W,W,N,M,47,R,N,AQ,Highway/Road/Alley/Street/Sidewalk,Street & Sidewalk,Blunt Object,Minor Injury,C
252745340,226147659,2025-12-19,Buffalo,NY0140100,13A,W,W,N,M,23,R,N,ST,Department/Discount Store,Department Store,Knife/Cutting Instrument,Minor Injury,C
252741415,226143996,2025-12-20,Buffalo,NY0140100,13A,W,W,N,M,32,R,N,RU,Highway/Road/Alley/Street/Sidewalk,Street & Sidewalk,Firearm,Minor Injury;Possible Internal Injury,C
252750539,226152540,2025-12-20,Buffalo,NY0140100,13A,W,W,N,F,43,R,Y,XR,Residence/Home,Home,Personal Weapons,Minor Injury,C
252750541,226152542,2025-12-20,Buffalo,NY0140100,13A,B,B,N,M,68,R,N,ST,Residence/Home,Home,Knife/Cutting Instrument,,C
252768724,226169611,2025-12-20,Buffalo,NY0140100,13A,B,B,N,F,,R,N,ST,Highway/Road/Alley/Street/Sidewalk,Street & Sidewalk,Firearm,,C
252768725,226169611,2025-12-20,Buffalo,NY0140100,13A,B,B,N,F,,R,N,ST,Highway/Road/Alley/Street/Sidewalk,Street & Sidewalk,Firearm,,C
252795588,226194821,2025-12-20,Buffalo,NY0140100,13A,H,B,H,F,35,R,N,NE,Residence/Home,Home,Knife/Cutting Instrument,,C
252795589,226194821,2025-12-20,Buffalo,NY0140100,13A,H,B,H,F,18,R,N,NE,Residence/Home,Home,Knife/Cutting Instrument,,C
252749564,226151638,2025-12-21,Buffalo,NY0140100,13A,B,B,N,F,35,R,N,NE,Residence/Home,Home,Handgun,,C
252759697,226161124,2025-12-21,Buffalo,NY0140100,13A,B,B,N,F,51,R,Y,BG,Residence/Home,Home,Knife/Cutting Instrument,,C
252777578,226177930,2025-12-21,Buffalo,NY0140100,13A,H,W,H,M,34,R,Y,BG,Residence/Home,Home,Knife/Cutting Instrument,Minor Injury,C
252786517,226186294,2025-12-21,Buffalo,NY0140100,13A,B,B,N,F,23,R,Y,BG,Residence/Home,Home,Knife/Cutting Instrument,Minor Injury,C
252794009,226193319,2025-12-22,Buffalo,NY0140100,13A,H,W,H,M,47,R,Y,BG,Residence/Home,Home,Other,Minor Injury,C
252771703,226172404,2025-12-24,Buffalo,NY0140100,13A,H,W,H,F,27,R,Y,BG,Residence/Home,Home,Asphyxiation;Personal Weapons,Minor Injury,C
252785792,226185603,2025-12-24,Buffalo,NY0140100,13A,W,W,N,M,,R,N,ST,Bar/Nightclub,Bar & Nightclub,Knife/Cutting Instrument,,C
252803690,226202454,2025-12-24,Buffalo,NY0140100,13A,B,B,N,F,61,R,N,RU,Residence/Home,Home,Firearm,,C
252803691,226202454,2025-12-24,Buffalo,NY0140100,13A,B,B,N,M,35,R,N,RU,Residence/Home,Home,Firearm,,C
252739034,226141754,2025-12-25,Buffalo,NY0140100,13A,B,B,N,F,29,R,Y,XR,Residence/Home,Home,Personal Weapons,Minor Injury,C
252748325,226150464,2025-12-25,Buffalo,NY0140100,13A,B,B,N,M,37,R,Y,BG,Residence/Home,Home,Knife/Cutting Instrument,Severe Laceration,C
252793265,226192608,2025-12-25,Buffalo,NY0140100,13A,B,B,U,F,28,R,Y,BG,Residence/Home,Home,Personal Weapons,Minor Injury,C
252739043,226141763,2025-12-27,Buffalo,NY0140100,13A,B,B,N,M,35,R,Y,SE,Highway/Road/Alley/Street/Sidewalk,Street & Sidewalk,Firearm,,C
252748302,226150443,2025-12-27,Buffalo,NY0140100,13A,H,W,H,F,64,R,N,ST,Residence/Home,Home,Firearm,,C
252793602,226192933,2025-12-27,Buffalo,NY0140100,13A,H,W,H,F,37,R,Y,XR,Residence/Home,Home,Rifle,Minor Injury,C
252802456,226201278,2025-12-27,Buffalo,NY0140100,13A,B,B,N,M,52,R,N,SP,Residence/Home,Home,Other,Minor Injury,C
252739919,226142583,2025-12-28,Buffalo,NY0140100,13A,W,W,N,F,41,R,Y,BG,Residence/Home,Home,Personal Weapons,Minor Injury,C
252748916,226151029,2025-12-28,Buffalo,NY0140100,13A,W,W,N,M,,R,N,ST,Commercial/Office Building,Office Building,Firearm,,C
252775927,226176377,2025-12-28,Buffalo,NY0140100,13A,W,W,N,M,34,R,N,RU,Grocery/Supermarket,Grocery Store,Knife/Cutting Instrument,,C
252735240,226138218,2025-12-29,Buffalo,NY0140100,13A,B,B,N,F,62,R,N,NE,Residence/Home,Home,Knife/Cutting Instrument,,C
252793777,226193097,2025-12-29,Buffalo,NY0140100,13A,W,W,N,M,,R,N,ST,Residence/Home,Home,Personal Weapons,Minor Injury,C
252749279,226151364,2025-12-30,Buffalo,NY0140100,13A,W,W,N,M,47,N,N,ST,Highway/Road/Alley/Street/Sidewalk,Street & Sidewalk,Firearm,,C
252785396,226185221,2025-12-30,Buffalo,NY0140100,13A,B,B,N,M,41,R,N,NE,Residence/Home,Home,Other,,C
252794413,226193712,2025-12-30,Buffalo,NY0140100,13A,B,B,N,F,19,N,Y,XR,Highway/Road/Alley/Street/Sidewalk,Street & Sidewalk,Handgun,Minor Injury,C
252794417,226193715,2025-12-30,Buffalo,NY0140100,13A,B,B,N,M,40,R,N,NE,Residence/Home,Home,Knife/Cutting Instrument,Minor Injury,C
252803401,226202179,2025-12-30,Buffalo,NY0140100,13A,B,B,N,M,73,R,Y,XR,Residence/Home,Home,Knife/Cutting Instrument,,C
