victim_id,incident_id,incident_date,agency,ori,offense_code,race_group,race,ethnicity,sex,age,resident_status,partner,relationship,location,premise,weapon,injury,attempt_complete
161712846,146658612,2022-01-01,St. Paul,MN0620900,13A,H,W,H,M,22,,N,RU,Highway/Road/Alley/Street/Sidewalk,Street & Sidewalk,Knife/Cutting Instrument,Minor Injury,C
179300117,162049252,2022-01-01,St. Paul,MN0620900,13A,B,B,N,M,51,,N,RU,Air/Bus/Train Terminal,Transit Station,Personal Weapons,Possible Internal Injury;Unconscious,C
164001455,148672283,2022-01-02,St. Paul,MN0620900,13A,B,B,N,F,17,,N,RU,Residence/Home,Home,Knife/Cutting Instrument,Other Major Injury,C
179300119,162049254,2022-01-02,St. Paul,MN0620900,13A,B,B,N,F,23,,N,RU,Residence/Home,Home,Asphyxiation;Personal Weapons,Minor Injury,C
168305518,152447627,2022-01-03,St. Paul,MN0620900,13A,B,B,N,F,33,,N,RU,Residence/Home,Home,Personal Weapons,Minor Injury,C
170033974,153959557,2022-01-03,St. Paul,MN0620900,13A,B,B,N,M,21,,N,RU,Highway/Road/Alley/Street/Sidewalk,Street & Sidewalk,Firearm,Other Major Injury,C
179300120,162049255,2022-01-03,St. Paul,MN0620900,13A,B,B,N,F,17,,N,RU,Residence/Home,Home,Asphyxiation;Personal Weapons,Minor Injury,C
174639862,157978859,2022-01-05,St. Paul,MN0620900,13A,U,U,U,M,19,,N,RU,Highway/Road/Alley/Street/Sidewalk,Street & Sidewalk,Firearm,Other Major Injury,C
162849186,147657858,2022-01-06,St. Paul,MN0620900,13A,A,A,N,M,56,,N,RU,Industrial Site,Industrial Site,Blunt Object,Minor Injury,C
164202768,148846882,2022-01-07,St. Paul,MN0620900,13A,B,B,N,F,31,,N,RU,Residence/Home,Home,Firearm,,C
164955265,149502549,2022-01-07,St. Paul,MN0620900,13A,H,W,H,M,34,,N,RU,Parking/Drop Lot/Garage,Parking Lot,Motor Vehicle/Vessel,,C
162561215,147407851,2022-01-08,St. Paul,MN0620900,13A,B,B,N,M,25,,N,RU,Highway/Road/Alley/Street/Sidewalk,Street & Sidewalk,Firearm,Other Major Injury;Possible Internal Injury,C
162673555,147503275,2022-01-08,St. Paul,MN0620900,13A,B,B,N,F,57,,N,RU,Residence/Home,Home,Blunt Object,Minor Injury,C
177811030,160747290,2022-01-08,St. Paul,MN0620900,13A,U,U,N,M,31,,N,RU,Residence/Home,Home,Shotgun,Minor Injury,C
162973749,147767461,2022-01-09,St. Paul,MN0620900,13A,B,B,N,F,12,,N,RU,School-Elementary/Secondary,K-12 School,Firearm,,C
164202773,148846887,2022-01-09,St. Paul,MN0620900,13A,B,B,N,F,32,,N,RU,Residence/Home,Home,Firearm,,C
168255157,152401719,2022-01-09,St. Paul,MN0620900,13A,W,W,N,M,39,,N,RU,Highway/Road/Alley/Street/Sidewalk,Street & Sidewalk,Personal Weapons,Apparent Broken Bones;Minor Injury,C
162026271,146933972,2022-01-10,St. Paul,MN0620900,13A,B,B,N,M,39,,N,RU,Parking/Drop Lot/Garage,Parking Lot,Handgun,Minor Injury;Possible Internal Injury,C
162823442,147634980,2022-01-10,St. Paul,MN0620900,13A,U,U,U,F,58,,N,RU,Residence/Home,Home,Firearm,,C
166959038,151270825,2022-01-10,St. Paul,MN0620900,13A,B,B,U,F,26,,N,RU,Residence/Home,Home,Firearm,Minor Injury,C
179302111,162050978,2022-01-10,St. Paul,MN0620900,13A,W,W,N,M,41,,N,RU,Drug Store/Doctor's Office/Hospital,Hospital & Clinic,Personal Weapons,Apparent Broken Bones,C
162292565,147173171,2022-01-11,St. Paul,MN0620900,13A,B,B,N,M,30,,N,RU,Residence/Home,Home,Personal Weapons,Severe Laceration,C
168255160,152401722,2022-01-11,St. Paul,MN0620900,13A,B,B,N,M,31,,N,RU,Residence/Home,Home,Firearm,Other Major Injury,C
184980114,167012607,2022-01-11,St. Paul,MN0620900,13A,H,W,H,M,47,,N,RU,Bank/Savings and Loan,Bank,Handgun,Other Major Injury,C
164681411,149263449,2022-01-12,St. Paul,MN0620900,13A,B,B,N,M,24,,N,RU,Highway/Road/Alley/Street/Sidewalk,Street & Sidewalk,Handgun,,C
167252374,151525783,2022-01-12,St. Paul,MN0620900,13A,W,W,U,M,47,,N,RU,Highway/Road/Alley/Street/Sidewalk,Street & Sidewalk,Knife/Cutting Instrument,Other Major Injury,C
165342828,149841076,2022-01-13,St. Paul,MN0620900,13A,B,B,N,F,28,,N,RU,Residence/Home,Home,Handgun,,C
180811493,163363088,2022-01-14,St. Paul,MN0620900,13A,B,B,N,M,44,,N,RU,Residence/Home,Home,Firearm,,C
162953345,147749394,2022-01-15,St. Paul,MN0620900,13A,U,U,U,F,51,,N,RU,Residence/Home,Home,Asphyxiation,Minor Injury,C
165199764,149713884,2022-01-15,St. Paul,MN0620900,13A,A,A,N,F,32,,N,RU,Highway/Road/Alley/Street/Sidewalk,Street & Sidewalk,Firearm,,C
164066280,148728671,2022-01-16,St. Paul,MN0620900,13A,B,B,U,M,55,,N,RU,Residence/Home,Home,Knife/Cutting Instrument,Minor Injury,C
162821228,147632946,2022-01-18,St. Paul,MN0620900,13A,B,B,N,M,19,,N,RU,Convenience Store,Convenience Store,Knife/Cutting Instrument,,C
162953367,147749412,2022-01-18,St. Paul,MN0620900,13A,U,U,U,F,56,,N,RU,Residence/Home,Home,Personal Weapons,Apparent Broken Bones,C
162953372,147749417,2022-01-18,St. Paul,MN0620900,13A,W,W,N,F,38,,N,RU,Camp/Campground,Campground,Blunt Object,Minor Injury,C
164675631,149258373,2022-01-18,St. Paul,MN0620900,13A,W,W,N,F,26,,N,RU,Residence/Home,Home,Asphyxiation,Minor Injury,C
168255164,152401725,2022-01-18,St. Paul,MN0620900,13A,B,B,N,M,28,,N,RU,Highway/Road/Alley/Street/Sidewalk,Street & Sidewalk,Handgun,,C
167252396,151525805,2022-01-19,St. Paul,MN0620900,13A,W,W,N,M,37,,N,RU,Highway/Road/Alley/Street/Sidewalk,Street & Sidewalk,Handgun (Automatic),,C
162953670,147749702,2022-01-20,St. Paul,MN0620900,13A,B,B,N,F,16,,N,RU;VO,Other/Unknown,Other & Unknown,Other;Personal Weapons,Minor Injury,C
162953671,147749702,2022-01-20,St. Paul,MN0620900,13A,B,B,N,M,22,,N,RU;VO,Other/Unknown,Other & Unknown,Other;Personal Weapons,Minor Injury,C
167509478,151750899,2022-01-20,St. Paul,MN0620900,13A,B,B,N,F,51,,N,RU,Residence/Home,Home,Asphyxiation;Personal Weapons,Apparent Broken Bones;Unconscious,C
163237848,147998782,2022-01-21,St. Paul,MN0620900,13A,B,B,N,M,7,,N,RU,Residence/Home,Home,Blunt Object,Minor Injury,C
166997077,151304685,2022-01-21,St. Paul,MN0620900,13A,W,W,U,F,52,,N,RU,Residence/Home,Home,Knife/Cutting Instrument,,C
168376106,152507865,2022-01-21,St. Paul,MN0620900,13A,B,B,N,F,19,,N,RU,Highway/Road/Alley/Street/Sidewalk,Street & Sidewalk,Blunt Object,Minor Injury,C
162903439,147705615,2022-01-22,St. Paul,MN0620900,13A,A,A,N,M,27,,N,RU,Residence/Home,Home,Knife/Cutting Instrument,,C
162903440,147705615,2022-01-22,St. Paul,MN0620900,13A,A,A,N,F,30,,N,RU,Residence/Home,Home,Knife/Cutting Instrument,,C
162903441,147705615,2022-01-22,St. Paul,MN0620900,13A,A,A,N,M,31,,N,RU,Residence/Home,Home,Knife/Cutting Instrument,,C
163361673,148107112,2022-01-22,St. Paul,MN0620900,13A,B,B,N,M,39,,N,RU,Highway/Road/Alley/Street/Sidewalk,Street & Sidewalk,Firearm,Minor Injury,C
164681420,149263458,2022-01-22,St. Paul,MN0620900,13A,B,B,N,M,20,,N,RU,Residence/Home,Home,Knife/Cutting Instrument,Other Major Injury,C
178796539,161609752,2022-01-22,St. Paul,MN0620900,13A,W,W,N,M,58,,N,RU,Residence/Home,Home,Handgun,,C
178796540,161609752,2022-01-22,St. Paul,MN0620900,13A,W,W,N,M,62,,N,RU,Residence/Home,Home,Handgun,,C
179270519,162023132,2022-01-22,St. Paul,MN0620900,13A,H,W,H,F,17,,N,RU,Residence/Home,Home,Asphyxiation;Blunt Object;Knife/Cutting Instrument,Minor Injury,C
170053678,153977156,2022-01-23,St. Paul,MN0620900,13A,W,W,U,F,23,,N,RU,Residence/Home,Home,Firearm,,C
177449167,160432519,2022-01-23,St. Paul,MN0620900,13A,W,W,N,M,20,,N,RU,Convenience Store,Convenience Store,Firearm,Possible Internal Injury,C
180811554,163363144,2022-01-23,St. Paul,MN0620900,13A,B,B,N,M,45,,N,RU,Residence/Home,Home,Handgun;Knife/Cutting Instrument,,C
180811555,163363144,2022-01-23,St. Paul,MN0620900,13A,W,W,N,M,41,,N,RU,Residence/Home,Home,Handgun;Knife/Cutting Instrument,,C
185242274,167241423,2022-01-23,St. Paul,MN0620900,13A,W,W,N,M,46,,N,RU,Highway/Road/Alley/Street/Sidewalk,Street & Sidewalk,Firearm,,C
162973341,147767087,2022-01-24,St. Paul,MN0620900,13A,B,B,N,M,19,,N,RU,Residence/Home,Home,Blunt Object,Minor Injury,C
163962231,148636148,2022-01-24,St. Paul,MN0620900,13A,W,W,N,M,60,,N,RU,Residence/Home,Home,Blunt Object,Severe Laceration;Unconscious,C
167131405,151421325,2022-01-24,St. Paul,MN0620900,13A,W,W,N,M,18,,N,RU,School-Elementary/Secondary,K-12 School,Knife/Cutting Instrument,,C
168255171,152401730,2022-01-24,St. Paul,MN0620900,13A,H,W,H,F,31,,N,RU,Restaurant,Restaurant,Blunt Object,Minor Injury,C
179302840,162051630,2022-01-24,St. Paul,MN0620900,13A,W,W,N,M,20,,N,RU,Residence/Home,Home,Asphyxiation;Personal Weapons,Minor Injury,C
163361910,148107336,2022-01-25,St. Paul,MN0620900,13A,A,A,U,M,28,,N,RU,Highway/Road/Alley/Street/Sidewalk,Street & Sidewalk,Firearm,,C
165257747,149765004,2022-01-25,St. Paul,MN0620900,13A,W,W,N,F,45,,N,RU,Residence/Home,Home,Other,,C
169615481,153593130,2022-01-25,St. Paul,MN0620900,13A,B,B,N,M,56,,N,RU,Residence/Home,Home,Firearm,Possible Internal Injury,C
162997044,147787125,2022-01-26,St. Paul,MN0620900,13A,U,U,U,M,57,,N,RU,Highway/Road/Alley/Street/Sidewalk,Street & Sidewalk,Knife/Cutting Instrument;Personal Weapons,Minor Injury,C
164025639,148693899,2022-01-26,St. Paul,MN0620900,13A,W,W,U,M,50,,N,,Shelter-Mission/Homeless,Shelter,Personal Weapons,Loss of Teeth,C
174661408,157997375,2022-01-26,St. Paul,MN0620900,13A,B,B,N,M,40,,N,RU,Convenience Store,Convenience Store,Handgun,Other Major Injury,C
183611865,165817967,2022-01-26,St. Paul,MN0620900,13A,B,B,N,M,40,,N,RU,Highway/Road/Alley/Street/Sidewalk,Street & Sidewalk,Handgun,Severe Laceration,C
164508220,149111453,2022-01-27,St. Paul,MN0620900,13A,A,A,N,M,31,,N,RU,Residence/Home,Home,Blunt Object,Unconscious,C
163361716,148107153,2022-01-28,St. Paul,MN0620900,13A,B,B,N,M,42,,N,RU,Highway/Road/Alley/Street/Sidewalk,Street & Sidewalk,Unknown,Minor Injury,C
163362248,148107648,2022-01-28,St. Paul,MN0620900,13A,W,W,U,M,53,,N,RU,Highway/Road/Alley/Street/Sidewalk,Street & Sidewalk,Motor Vehicle/Vessel,,C
164025683,148693932,2022-01-28,St. Paul,MN0620900,13A,B,B,N,F,41,,N,RU,Residence/Home,Home,Firearm,,C
165771154,150219329,2022-01-28,St. Paul,MN0620900,13A,W,W,U,F,17,,N,RU,Residence/Home,Home,Handgun,,C
163118766,147895446,2022-01-29,St. Paul,MN0620900,13A,W,W,N,F,56,,N,RU,Residence/Home,Home,Knife/Cutting Instrument,,C
164508385,149111598,2022-01-29,St. Paul,MN0620900,13A,W,W,N,F,20,,N,RU,Residence/Home,Home,Knife/Cutting Instrument,,C
163947005,148622894,2022-01-30,St. Paul,MN0620900,13A,H,U,H,F,27,,N,RU,Residence/Home,Home,Firearm,,C
164025759,148694004,2022-01-30,St. Paul,MN0620900,13A,W,W,N,M,31,,N,RU,Highway/Road/Alley/Street/Sidewalk,Street & Sidewalk,Firearm,,C
167413750,151667605,2022-01-30,St. Paul,MN0620900,13A,B,B,N,M,36,,N,RU,Residence/Home,Home,Knife/Cutting Instrument,Minor Injury,C
167120476,151411680,2022-01-31,St. Paul,MN0620900,13A,W,W,U,F,55,,N,RU,Service/Gas Station,Gas Station,Firearm,,C
167131424,151421344,2022-01-31,St. Paul,MN0620900,13A,U,U,U,F,31,,N,RU,Residence/Home,Home,Personal Weapons,Severe Laceration,C
168255175,152401733,2022-01-31,St. Paul,MN0620900,13A,B,B,N,M,28,,N,RU,Residence/Home,Home,Knife/Cutting Instrument,Severe Laceration,C
164203223,148847315,2022-02-01,St. Paul,MN0620900,13A,I,I,N,U,19,,N,RU,Residence/Home,Home,Firearm,Minor Injury,C
164215051,148857948,2022-02-01,St. Paul,MN0620900,13A,B,B,U,M,,,N,RU,School-Elementary/Secondary,K-12 School,Other,,C
164674309,149257215,2022-02-01,St. Paul,MN0620900,13A,B,B,N,M,42,,N,RU,Highway/Road/Alley/Street/Sidewalk,Street & Sidewalk,Handgun,Minor Injury,C
168255176,152401734,2022-02-01,St. Paul,MN0620900,13A,W,W,N,M,34,,N,RU,Highway/Road/Alley/Street/Sidewalk,Street & Sidewalk,Firearm,Possible Internal Injury,C
180811583,163363170,2022-02-01,St. Paul,MN0620900,13A,H,U,H,F,49,,N,RU,Parking/Drop Lot/Garage,Parking Lot,Firearm,,C
165486358,149968641,2022-02-02,St. Paul,MN0620900,13A,B,B,N,M,27,,N,RU,Highway/Road/Alley/Street/Sidewalk,Street & Sidewalk,Knife/Cutting Instrument,Severe Laceration,C
164025936,148694170,2022-02-03,St. Paul,MN0620900,13A,B,B,N,M,62,,N,RU,Parking/Drop Lot/Garage,Parking Lot,Firearm,,C
165280150,149785041,2022-02-03,St. Paul,MN0620900,13A,H,U,H,F,49,,N,RU,Residence/Home,Home,Knife/Cutting Instrument,,C
180361407,162976093,2022-02-03,St. Paul,MN0620900,13A,B,B,N,M,26,,N,RU,Highway/Road/Alley/Street/Sidewalk,Street & Sidewalk,Firearm,Minor Injury,C
164025940,148694174,2022-02-04,St. Paul,MN0620900,13A,B,B,N,M,38,,N,RU,Residence/Home,Home,Knife/Cutting Instrument,Apparent Broken Bones;Other Major Injury,C
164038457,148705236,2022-02-04,St. Paul,MN0620900,13A,A,A,N,F,27,,N,RU,Residence/Home,Home,Knife/Cutting Instrument,Other Major Injury,C
164955290,149502573,2022-02-04,St. Paul,MN0620900,13A,W,W,N,F,50,,N,RU,Residence/Home,Home,Unknown,,C
166975607,151285473,2022-02-04,St. Paul,MN0620900,13A,B,B,N,M,53,,N,RU,Residence/Home,Home,Knife/Cutting Instrument,Other Major Injury,C
173046385,156591084,2022-02-04,St. Paul,MN0620900,13A,W,W,N,M,45,,N,RU,Bar/Nightclub,Bar & Nightclub,Handgun,,C
180361408,162976094,2022-02-04,St. Paul,MN0620900,13A,B,B,N,M,28,,N,RU,Highway/Road/Alley/Street/Sidewalk,Street & Sidewalk,Firearm,Other Major Injury,C
164026045,148694269,2022-02-05,St. Paul,MN0620900,13A,W,W,N,F,53,,N,RU,Highway/Road/Alley/Street/Sidewalk,Street & Sidewalk,Other,Minor Injury,C
168255178,152401736,2022-02-05,St. Paul,MN0620900,13A,B,B,N,M,41,,N,RU,Highway/Road/Alley/Street/Sidewalk,Street & Sidewalk,Firearm;Motor Vehicle/Vessel,,C
172353408,155988315,2022-02-05,St. Paul,MN0620900,13A,B,B,N,M,44,,N,RU,Highway/Road/Alley/Street/Sidewalk,Street & Sidewalk,Firearm,Other Major Injury;Possible Internal Injury;Unconscious,C
185739539,167677466,2022-02-05,St. Paul,MN0620900,13A,B,B,N,M,15,,N,RU,Residence/Home,Home,Firearm,Other Major Injury,C
164026064,148694287,2022-02-06,St. Paul,MN0620900,13A,W,W,N,M,44,,N,RU,Residence/Home,Home,Knife/Cutting Instrument,,C
164674322,149257227,2022-02-06,St. Paul,MN0620900,13A,B,B,N,M,38,,N,RU,Highway/Road/Alley/Street/Sidewalk,Street & Sidewalk,Firearm,Other Major Injury;Possible Internal Injury,C
170273108,154167103,2022-02-06,St. Paul,MN0620900,13A,H,W,H,M,29,,N,RU,Residence/Home,Home,Blunt Object,Other Major Injury,C
164920962,149473229,2022-02-07,St. Paul,MN0620900,13A,B,B,U,M,46,,N,RU,Grocery/Supermarket,Grocery Store,Knife/Cutting Instrument,,C
164955299,149502582,2022-02-07,St. Paul,MN0620900,13A,W,W,U,F,14,,N,RU,Other/Unknown,Other & Unknown,Unknown,,C
164955300,149502582,2022-02-07,St. Paul,MN0620900,13A,W,W,U,F,14,,N,RU,Other/Unknown,Other & Unknown,Unknown,,C
179222443,161981185,2022-02-07,St. Paul,MN0620900,13A,B,B,N,F,45,,N,RU,Residence/Home,Home,Asphyxiation;Personal Weapons,Minor Injury,C
180811623,163363204,2022-02-07,St. Paul,MN0620900,13A,B,B,N,M,50,,N,RU,Residence/Home,Home,Knife/Cutting Instrument,,C
180811624,163363204,2022-02-07,St. Paul,MN0620900,13A,B,B,N,M,38,,N,RU,Residence/Home,Home,Knife/Cutting Instrument,,C
164065783,148728217,2022-02-08,St. Paul,MN0620900,13A,B,B,N,F,62,,N,RU,Residence/Home,Home,Firearm,,C
164194232,148839626,2022-02-08,St. Paul,MN0620900,13A,I,I,N,F,44,,N,RU,Residence/Home,Home,Firearm,,C
164955302,149502584,2022-02-08,St. Paul,MN0620900,13A,B,B,N,M,31,,N,RU,Highway/Road/Alley/Street/Sidewalk,Street & Sidewalk,Firearm,Minor Injury,C
164955305,149502586,2022-02-08,St. Paul,MN0620900,13A,B,B,N,F,21,,N,RU,Highway/Road/Alley/Street/Sidewalk,Street & Sidewalk,Handgun,,C
169589328,153570638,2022-02-08,St. Paul,MN0620900,13A,B,B,N,M,12,,N,RU,Highway/Road/Alley/Street/Sidewalk,Street & Sidewalk,Firearm,,C
169589329,153570638,2022-02-08,St. Paul,MN0620900,13A,B,B,N,M,15,,N,RU,Highway/Road/Alley/Street/Sidewalk,Street & Sidewalk,Firearm,,C
169589330,153570638,2022-02-08,St. Paul,MN0620900,13A,B,B,N,M,16,,N,RU,Highway/Road/Alley/Street/Sidewalk,Street & Sidewalk,Firearm,,C
173665096,157130743,2022-02-08,St. Paul,MN0620900,13A,W,W,N,M,52,,N,RU,Highway/Road/Alley/Street/Sidewalk,Street & Sidewalk,Handgun,,C
184629013,166706187,2022-02-08,St. Paul,MN0620900,13A,B,B,N,M,48,,N,RU,Residence/Home,Home,Handgun;Rifle,,C
179222446,161981188,2022-02-09,St. Paul,MN0620900,13A,W,W,N,F,32,,N,RU,Residence/Home,Home,Asphyxiation;Personal Weapons,Minor Injury,C
164626305,149215674,2022-02-10,St. Paul,MN0620900,13A,B,B,U,F,21,,N,RU,Residence/Home,Home,Knife/Cutting Instrument,Minor Injury,C
167252490,151525890,2022-02-10,St. Paul,MN0620900,13A,U,U,U,M,18,,N,RU,Highway/Road/Alley/Street/Sidewalk,Street & Sidewalk,Firearm,,C
167252491,151525890,2022-02-10,St. Paul,MN0620900,13A,B,B,N,M,22,,N,RU,Highway/Road/Alley/Street/Sidewalk,Street & Sidewalk,Firearm,,C
165283305,149787802,2022-02-11,St. Paul,MN0620900,13A,A,A,N,M,38,,N,RU,Bar/Nightclub,Bar & Nightclub,Blunt Object,Severe Laceration,C
164577127,149172382,2022-02-13,St. Paul,MN0620900,13A,B,B,U,M,21,,N,RU;VO,Parking/Drop Lot/Garage,Parking Lot,Handgun;Motor Vehicle/Vessel,,C
164577128,149172382,2022-02-13,St. Paul,MN0620900,13A,B,B,U,F,20,,N,RU;VO,Parking/Drop Lot/Garage,Parking Lot,Handgun;Motor Vehicle/Vessel,,C
164628795,149217834,2022-02-13,St. Paul,MN0620900,13A,W,W,N,M,51,,N,RU;VO,Residence/Home,Home,Knife/Cutting Instrument,Minor Injury,C
164674355,149257256,2022-02-13,St. Paul,MN0620900,13A,H,W,H,M,49,,N,RU,Residence/Home,Home,Knife/Cutting Instrument,Minor Injury,C
167510983,151752276,2022-02-13,St. Paul,MN0620900,13A,B,B,N,M,14,,N,RU,Highway/Road/Alley/Street/Sidewalk,Street & Sidewalk,Firearm,Minor Injury,C
170273110,154167105,2022-02-13,St. Paul,MN0620900,13A,H,U,H,M,45,,N,RU,Highway/Road/Alley/Street/Sidewalk,Street & Sidewalk,Firearm,Possible Internal Injury,C
164955326,149502605,2022-02-15,St. Paul,MN0620900,13A,A,A,N,M,34,,N,RU,Highway/Road/Alley/Street/Sidewalk,Street & Sidewalk,Other Firearm,Minor Injury,C
168255188,152401743,2022-02-15,St. Paul,MN0620900,13A,B,B,N,M,41,,N,RU,Highway/Road/Alley/Street/Sidewalk,Street & Sidewalk,Firearm,,C
167193912,151475363,2022-02-16,St. Paul,MN0620900,13A,A,A,N,F,37,,N,RU,Residence/Home,Home,Blunt Object,Minor Injury,C
167252504,151525902,2022-02-16,St. Paul,MN0620900,13A,H,U,H,M,27,,N,RU,Highway/Road/Alley/Street/Sidewalk,Street & Sidewalk,Firearm,,C
167467414,151714950,2022-02-16,St. Paul,MN0620900,13A,B,B,N,F,53,,N,RU,Residence/Home,Home,Knife/Cutting Instrument,,C
180811680,163363254,2022-02-16,St. Paul,MN0620900,13A,W,W,U,F,37,,N,RU,Residence/Home,Home,Knife/Cutting Instrument,Minor Injury,C
165299889,149802979,2022-02-17,St. Paul,MN0620900,13A,H,W,H,M,45,,N,RU,Service/Gas Station,Gas Station,Handgun,,C
168255193,152401747,2022-02-17,St. Paul,MN0620900,13A,B,B,U,M,40,,N,RU,Highway/Road/Alley/Street/Sidewalk,Street & Sidewalk,Firearm,,C
168255195,152401747,2022-02-17,St. Paul,MN0620900,13A,B,B,U,F,39,,N,RU,Highway/Road/Alley/Street/Sidewalk,Street & Sidewalk,Firearm,,C
167084601,151380428,2022-02-19,St. Paul,MN0620900,13A,B,B,N,F,22,,N,RU,Residence/Home,Home,Blunt Object,Minor Injury,C
167154225,151441030,2022-02-19,St. Paul,MN0620900,13A,B,B,N,F,36,,N,RU,Residence/Home,Home,Personal Weapons,Possible Internal Injury,C
168255199,152401750,2022-02-19,St. Paul,MN0620900,13A,A,A,N,M,30,,N,RU,Residence/Home,Home,Firearm,,C
171114392,154900455,2022-02-19,St. Paul,MN0620900,13A,H,W,H,F,19,,N,RU,Highway/Road/Alley/Street/Sidewalk,Street & Sidewalk,Handgun,,C
171114393,154900455,2022-02-19,St. Paul,MN0620900,13A,B,B,N,M,17,,N,RU,Highway/Road/Alley/Street/Sidewalk,Street & Sidewalk,Handgun,,C
181280203,163774570,2022-02-19,St. Paul,MN0620900,13A,W,W,N,M,47,,N,RU,Residence/Home,Home,Other,Minor Injury,C
181280204,163774570,2022-02-19,St. Paul,MN0620900,13A,W,W,N,M,42,,N,RU,Residence/Home,Home,Other,Minor Injury,C
165202609,149716287,2022-02-20,St. Paul,MN0620900,13A,U,U,N,F,35,,N,RU,Residence/Home,Home,Handgun,,C
165202852,149716495,2022-02-20,St. Paul,MN0620900,13A,B,B,N,M,37,,N,RU,Residence/Home,Home,Knife/Cutting Instrument,Possible Internal Injury,C
167252518,151525914,2022-02-20,St. Paul,MN0620900,13A,B,B,N,M,23,,N,RU,Convenience Store,Convenience Store,Blunt Object,,C
167252520,151525916,2022-02-20,St. Paul,MN0620900,13A,B,B,N,M,18,,N,RU,Highway/Road/Alley/Street/Sidewalk,Street & Sidewalk,Firearm,Other Major Injury,C
177309849,160311892,2022-02-20,St. Paul,MN0620900,13A,B,B,N,M,42,,N,RU,Residence/Home,Home,Handgun,Other Major Injury,C
185066650,167089058,2022-02-20,St. Paul,MN0620900,13A,W,W,N,M,52,,N,RU,Department/Discount Store,Department Store,Personal Weapons,,C
164955368,149502635,2022-02-21,St. Paul,MN0620900,13A,B,B,N,M,29,,N,RU,Parking/Drop Lot/Garage,Parking Lot,Handgun,Minor Injury,C
165945137,150372770,2022-02-21,St. Paul,MN0620900,13A,B,B,U,F,19,,N,RU,Residence/Home,Home,Knife/Cutting Instrument,Severe Laceration,C
184818629,166872113,2022-02-21,St. Paul,MN0620900,13A,H,W,H,M,17,,N,RU,Commercial/Office Building,Office Building,Handgun,Other Major Injury,C
184818630,166872113,2022-02-21,St. Paul,MN0620900,13A,W,W,U,M,36,,N,RU,Commercial/Office Building,Office Building,Handgun,Other Major Injury,C
184818631,166872113,2022-02-21,St. Paul,MN0620900,13A,B,B,N,M,30,,N,RU,Commercial/Office Building,Office Building,Handgun,Minor Injury;Other Major Injury,C
184818632,166872113,2022-02-21,St. Paul,MN0620900,13A,H,W,H,M,25,,N,RU;VO,Commercial/Office Building,Office Building,Handgun,Other Major Injury,C
184818633,166872113,2022-02-21,St. Paul,MN0620900,13A,B,B,N,M,26,,N,RU,Commercial/Office Building,Office Building,Handgun,Minor Injury;Other Major Injury,C
185562771,167522133,2022-02-21,St. Paul,MN0620900,13A,W,W,N,M,51,,N,RU,Residence/Home,Home,Firearm,Other Major Injury;Possible Internal Injury,C
185562778,167522139,2022-02-21,St. Paul,MN0620900,13A,B,B,N,F,39,,N,RU,Residence/Home,Home,Firearm,,C
186666475,168485923,2022-02-23,St. Paul,MN0620900,13A,B,B,N,M,25,,N,RU,Highway/Road/Alley/Street/Sidewalk,Street & Sidewalk,Handgun (Automatic),,C
188180373,169802704,2022-02-23,St. Paul,MN0620900,13A,U,U,U,M,22,,N,RU,Highway/Road/Alley/Street/Sidewalk,Street & Sidewalk,Firearm,,C
165771340,150219492,2022-02-24,St. Paul,MN0620900,13A,A,A,N,M,54,,N,RU,Convenience Store,Convenience Store,Knife/Cutting Instrument,Minor Injury,C
167137909,151427007,2022-02-24,St. Paul,MN0620900,13A,U,U,U,F,30,,N,RU,Highway/Road/Alley/Street/Sidewalk,Street & Sidewalk,Handgun,,C
165771987,150220073,2022-02-25,St. Paul,MN0620900,13A,U,U,U,M,31,,N,RU,Residence/Home,Home,Firearm,,C
179270523,162023135,2022-02-25,St. Paul,MN0620900,13A,W,W,N,F,46,,N,RU,Highway/Road/Alley/Street/Sidewalk,Street & Sidewalk,Motor Vehicle/Vessel;Personal Weapons,Minor Injury,C
166959094,151270876,2022-02-26,St. Paul,MN0620900,13A,W,W,N,F,24,,N,RU,Highway/Road/Alley/Street/Sidewalk,Street & Sidewalk,Firearm,,C
167154229,151441034,2022-02-26,St. Paul,MN0620900,13A,W,W,U,M,49,,N,RU,Highway/Road/Alley/Street/Sidewalk,Street & Sidewalk,Blunt Object,Severe Laceration,C
177309850,160311893,2022-02-26,St. Paul,MN0620900,13A,W,W,N,M,58,,N,RU,Highway/Road/Alley/Street/Sidewalk,Street & Sidewalk,Firearm,,C
177309851,160311893,2022-02-26,St. Paul,MN0620900,13A,W,W,N,M,45,,N,RU,Highway/Road/Alley/Street/Sidewalk,Street & Sidewalk,Firearm,,C
179223403,161982035,2022-02-26,St. Paul,MN0620900,13A,W,W,N,F,29,,N,RU,Residence/Home,Home,Asphyxiation;Personal Weapons,Minor Injury,C
185377217,167358579,2022-02-26,St. Paul,MN0620900,13A,B,B,N,M,29,,N,RU,Highway/Road/Alley/Street/Sidewalk,Street & Sidewalk,Firearm,Other Major Injury,C
185377218,167358579,2022-02-26,St. Paul,MN0620900,13A,B,B,N,M,28,,N,RU,Highway/Road/Alley/Street/Sidewalk,Street & Sidewalk,Firearm,Other Major Injury,C
166959097,151270879,2022-02-27,St. Paul,MN0620900,13A,B,B,N,M,42,,N,RU,Highway/Road/Alley/Street/Sidewalk,Street & Sidewalk,Knife/Cutting Instrument,Other Major Injury,C
167194011,151475447,2022-02-27,St. Paul,MN0620900,13A,B,B,N,F,20,,N,RU,Residence/Home,Home,Knife/Cutting Instrument,Minor Injury,C
168255219,152401761,2022-02-27,St. Paul,MN0620900,13A,U,U,N,F,18,,N,RU,Other/Unknown,Other & Unknown,Knife/Cutting Instrument,Other Major Injury,C
165302603,149805375,2022-02-28,St. Paul,MN0620900,13A,W,W,N,M,45,,N,RU,Highway/Road/Alley/Street/Sidewalk,Street & Sidewalk,Knife/Cutting Instrument,,C
165302609,149805381,2022-02-28,St. Paul,MN0620900,13A,W,W,U,F,32,,N,RU,Shelter-Mission/Homeless,Shelter,Blunt Object,Other Major Injury,C
165302612,149805384,2022-02-28,St. Paul,MN0620900,13A,B,B,U,F,45,,N,RU,Shelter-Mission/Homeless,Shelter,Knife/Cutting Instrument,Severe Laceration,C
165582312,150054463,2022-02-28,St. Paul,MN0620900,13A,B,B,N,M,55,,N,RU,Residence/Home,Home,Knife/Cutting Instrument,Minor Injury,C
167131470,151421380,2022-02-28,St. Paul,MN0620900,13A,W,W,N,F,49,,N,RU,Residence/Home,Home,Knife/Cutting Instrument,Minor Injury,C
167252532,151525927,2022-02-28,St. Paul,MN0620900,13A,B,B,U,M,56,,N,RU,Parking/Drop Lot/Garage,Parking Lot,Other,Minor Injury,C
168255220,152401762,2022-02-28,St. Paul,MN0620900,13A,W,W,N,M,81,,N,RU,Residence/Home,Home,Blunt Object,Severe Laceration,C
179195231,161957158,2022-02-28,St. Paul,MN0620900,13A,B,B,N,M,16,,N,RU,Residence/Home,Home,Asphyxiation;Personal Weapons,Minor Injury,C
167806157,152012322,2022-03-01,St. Paul,MN0620900,13A,B,B,N,M,55,,N,RU,Residence/Home,Home,Blunt Object,,C
170033983,153959566,2022-03-01,St. Paul,MN0620900,13A,B,B,N,F,24,,N,RU,Residence/Home,Home,Firearm,Minor Injury,C
170033984,153959566,2022-03-01,St. Paul,MN0620900,13A,U,U,U,M,28,,N,RU,Residence/Home,Home,Firearm,,C
171105740,154892936,2022-03-01,St. Paul,MN0620900,13A,U,U,U,M,14,,N,RU,School-Elementary/Secondary,K-12 School,Firearm,,C
185415414,167392056,2022-03-01,St. Paul,MN0620900,13A,U,U,U,F,31,,N,RU,Service/Gas Station,Gas Station,Firearm (Automatic),,C
185415415,167392056,2022-03-01,St. Paul,MN0620900,13A,U,U,X,U,,,N,RU,Service/Gas Station,Gas Station,Firearm (Automatic),,C
185592343,167547674,2022-03-01,St. Paul,MN0620900,13A,U,U,X,U,,,N,RU,Residence/Home,Home,Handgun,,C
166118026,150526042,2022-03-02,St. Paul,MN0620900,13A,A,A,N,M,33,,N,RU,Highway/Road/Alley/Street/Sidewalk,Street & Sidewalk,Knife/Cutting Instrument,,C
166118338,150526329,2022-03-02,St. Paul,MN0620900,13A,B,B,N,F,30,,N,RU,Convenience Store,Convenience Store,Motor Vehicle/Vessel,,C
167154238,151441039,2022-03-02,St. Paul,MN0620900,13A,B,B,N,M,42,,N,RU,Highway/Road/Alley/Street/Sidewalk,Street & Sidewalk,Knife/Cutting Instrument,,C
167154239,151441039,2022-03-02,St. Paul,MN0620900,13A,A,A,U,M,75,,N,RU,Highway/Road/Alley/Street/Sidewalk,Street & Sidewalk,Knife/Cutting Instrument,,C
167154240,151441039,2022-03-02,St. Paul,MN0620900,13A,A,A,U,M,75,,N,RU,Highway/Road/Alley/Street/Sidewalk,Street & Sidewalk,Knife/Cutting Instrument,,C
167252536,151525931,2022-03-03,St. Paul,MN0620900,13A,W,W,N,M,51,,N,RU,Highway/Road/Alley/Street/Sidewalk,Street & Sidewalk,Handgun,,C
165771568,150219701,2022-03-04,St. Paul,MN0620900,13A,W,W,N,M,42,,N,RU,Residence/Home,Home,Knife/Cutting Instrument,Minor Injury,C
167252540,151525935,2022-03-04,St. Paul,MN0620900,13A,H,W,H,M,27,,N,RU,Highway/Road/Alley/Street/Sidewalk,Street & Sidewalk,Blunt Object,Apparent Broken Bones,C
178724624,161548044,2022-03-04,St. Paul,MN0620900,13A,I,I,U,F,30,,N,RU,Residence/Home,Home,Asphyxiation;Blunt Object,Minor Injury,C
165946557,150374045,2022-03-05,St. Paul,MN0620900,13A,B,B,N,U,29,,N,RU,Air/Bus/Train Terminal,Transit Station,Knife/Cutting Instrument,Minor Injury,C
166975675,151285524,2022-03-05,St. Paul,MN0620900,13A,W,W,N,M,42,,N,,Highway/Road/Alley/Street/Sidewalk,Street & Sidewalk,Firearm,,C
166975676,151285524,2022-03-05,St. Paul,MN0620900,13A,W,W,N,F,40,,N,,Highway/Road/Alley/Street/Sidewalk,Street & Sidewalk,Firearm,,C
166975677,151285524,2022-03-05,St. Paul,MN0620900,13A,W,W,N,M,9,,N,,Highway/Road/Alley/Street/Sidewalk,Street & Sidewalk,Firearm,,C
166975678,151285524,2022-03-05,St. Paul,MN0620900,13A,W,W,N,M,11,,N,,Highway/Road/Alley/Street/Sidewalk,Street & Sidewalk,Firearm,,C
167119275,151410649,2022-03-05,St. Paul,MN0620900,13A,U,U,U,F,60,,N,RU,School-College/University,College,Firearm,,C
167252543,151525937,2022-03-05,St. Paul,MN0620900,13A,B,B,N,M,31,,N,RU,Residence/Home,Home,Knife/Cutting Instrument,Other Major Injury;Severe Laceration,C
168255232,152401770,2022-03-05,St. Paul,MN0620900,13A,B,B,N,M,24,,N,RU,Highway/Road/Alley/Street/Sidewalk,Street & Sidewalk,Knife/Cutting Instrument,Other Major Injury,C
168255233,152401771,2022-03-05,St. Paul,MN0620900,13A,H,U,H,M,49,,N,RU,Highway/Road/Alley/Street/Sidewalk,Street & Sidewalk,Firearm,,C
173046452,156591138,2022-03-05,St. Paul,MN0620900,13A,B,B,N,M,38,,N,RU,Bar/Nightclub,Bar & Nightclub,Firearm,Other Major Injury,C
179196565,161958314,2022-03-05,St. Paul,MN0620900,13A,W,W,U,F,35,,N,RU,Residence/Home,Home,Asphyxiation;Personal Weapons,Unconscious,C
179202252,161963341,2022-03-05,St. Paul,MN0620900,13A,B,B,N,F,28,,N,RU,Residence/Home,Home,Blunt Object;Personal Weapons,Minor Injury,C
180811752,163363322,2022-03-05,St. Paul,MN0620900,13A,B,B,U,F,33,,N,RU,Service/Gas Station,Gas Station,Other;Personal Weapons,Possible Internal Injury,C
165824314,150265831,2022-03-06,St. Paul,MN0620900,13A,W,W,N,M,44,,N,RU,Residence/Home,Home,Handgun,,C
165824349,150265863,2022-03-06,St. Paul,MN0620900,13A,W,W,N,M,35,,N,RU,Shelter-Mission/Homeless,Shelter,Blunt Object;Knife/Cutting Instrument,Minor Injury,C
166959115,151270896,2022-03-06,St. Paul,MN0620900,13A,B,B,N,M,30,,N,RU,Residence/Home,Home,Firearm,Apparent Broken Bones,C
167413877,151667716,2022-03-06,St. Paul,MN0620900,13A,W,W,N,F,34,,N,RU,Residence/Home,Home,Firearm,Other Major Injury,C
168096126,152263402,2022-03-06,St. Paul,MN0620900,13A,W,W,U,M,50,,N,RU,Highway/Road/Alley/Street/Sidewalk,Street & Sidewalk,Knife/Cutting Instrument,Severe Laceration,C
168668746,152766226,2022-03-06,St. Paul,MN0620900,13A,B,B,U,F,34,,N,RU,Residence/Home,Home,Firearm,,C
170838765,154660751,2022-03-06,St. Paul,MN0620900,13A,B,B,N,F,31,,N,RU,Highway/Road/Alley/Street/Sidewalk,Street & Sidewalk,Knife/Cutting Instrument,Severe Laceration,C
179196726,161958457,2022-03-06,St. Paul,MN0620900,13A,H,U,H,M,15,,N,RU,Residence/Home,Home,Asphyxiation;Personal Weapons,Minor Injury,C
167467582,151715093,2022-03-07,St. Paul,MN0620900,13A,B,B,N,F,28,,N,RU,Residence/Home,Home,Handgun,Minor Injury,C
169050045,153095896,2022-03-07,St. Paul,MN0620900,13A,U,U,U,M,40,,N,RU,Residence/Home,Home,Handgun,,C
169050046,153095896,2022-03-07,St. Paul,MN0620900,13A,B,B,U,M,40,,N,RU,Residence/Home,Home,Handgun,,C
169615490,153593139,2022-03-07,St. Paul,MN0620900,13A,B,B,U,F,39,,N,,Highway/Road/Alley/Street/Sidewalk,Street & Sidewalk,Handgun,,C
169615491,153593139,2022-03-07,St. Paul,MN0620900,13A,B,B,N,M,42,,N,,Highway/Road/Alley/Street/Sidewalk,Street & Sidewalk,Handgun,,C
170870157,154687610,2022-03-08,St. Paul,MN0620900,13A,B,B,U,M,17,,N,RU,Highway/Road/Alley/Street/Sidewalk,Street & Sidewalk,Handgun,Other Major Injury,C
177748881,160693239,2022-03-08,St. Paul,MN0620900,13A,W,W,U,F,73,,N,RU,Service/Gas Station,Gas Station,Motor Vehicle/Vessel,Other Major Injury;Possible Internal Injury;Severe Laceration;Unconscious,C
185066653,167089060,2022-03-08,St. Paul,MN0620900,13A,B,B,N,F,21,,N,RU,Highway/Road/Alley/Street/Sidewalk,Street & Sidewalk,Firearm,Minor Injury,C
166959211,151270983,2022-03-09,St. Paul,MN0620900,13A,W,W,N,M,75,,N,RU,Shelter-Mission/Homeless,Shelter,Blunt Object,Minor Injury,C
167252547,151525941,2022-03-09,St. Paul,MN0620900,13A,W,W,N,F,30,,N,RU,Highway/Road/Alley/Street/Sidewalk,Street & Sidewalk,Firearm,,C
167252548,151525941,2022-03-09,St. Paul,MN0620900,13A,B,B,N,F,53,,N,RU,Highway/Road/Alley/Street/Sidewalk,Street & Sidewalk,Firearm,,C
167131500,151421404,2022-03-10,St. Paul,MN0620900,13A,B,B,N,F,26,,N,RU,Residence/Home,Home,Firearm,,C
180811788,163363349,2022-03-10,St. Paul,MN0620900,13A,W,W,N,F,50,,N,RU,Residence/Home,Home,Knife/Cutting Instrument,Minor Injury,C
166975736,151285575,2022-03-11,St. Paul,MN0620900,13A,H,U,H,M,40,,N,RU,Other/Unknown,Other & Unknown,Handgun,,C
166997277,151304864,2022-03-11,St. Paul,MN0620900,13A,B,B,N,M,29,,N,RU,Parking/Drop Lot/Garage,Parking Lot,Knife/Cutting Instrument,Other Major Injury;Severe Laceration,C
167131505,151421409,2022-03-11,St. Paul,MN0620900,13A,B,B,U,F,28,,N,RU,Highway/Road/Alley/Street/Sidewalk,Street & Sidewalk,Firearm,,C
167279309,151549202,2022-03-11,St. Paul,MN0620900,13A,B,B,N,F,19,,N,RU,Residence/Home,Home,Knife/Cutting Instrument;Personal Weapons,Minor Injury,C
168255247,152401783,2022-03-11,St. Paul,MN0620900,13A,B,B,N,M,19,,N,RU,Bar/Nightclub,Bar & Nightclub,Firearm,Other Major Injury,C
167252554,151525947,2022-03-12,St. Paul,MN0620900,13A,U,U,U,F,23,,N,RU,Highway/Road/Alley/Street/Sidewalk,Street & Sidewalk,Firearm,,C
168095960,152263262,2022-03-12,St. Paul,MN0620900,13A,W,W,U,M,39,,N,RU,Residence/Home,Home,Unknown,Apparent Broken Bones;Other Major Injury;Possible Internal Injury;Unconscious,C
167252574,151525964,2022-03-13,St. Paul,MN0620900,13A,W,W,U,F,42,,N,RU,Residence/Home,Home,Knife/Cutting Instrument,Minor Injury,C
167252585,151525974,2022-03-13,St. Paul,MN0620900,13A,W,W,U,M,67,,N,RU,Highway/Road/Alley/Street/Sidewalk,Street & Sidewalk,Firearm,,C
168095964,152263266,2022-03-13,St. Paul,MN0620900,13A,B,B,N,F,25,,N,RU,Residence/Home,Home,Handgun,Other Major Injury,C
179196568,161958317,2022-03-13,St. Paul,MN0620900,13A,W,W,N,F,64,,N,RU,Residence/Home,Home,Asphyxiation;Other;Personal Weapons,Unconscious,C
168095967,152263269,2022-03-14,St. Paul,MN0620900,13A,W,W,N,M,42,,N,RU,Highway/Road/Alley/Street/Sidewalk,Street & Sidewalk,Firearm,,C
168095968,152263269,2022-03-14,St. Paul,MN0620900,13A,W,W,N,F,45,,N,RU,Highway/Road/Alley/Street/Sidewalk,Street & Sidewalk,Firearm,,C
181607580,164062298,2022-03-14,St. Paul,MN0620900,13A,B,B,N,F,17,,N,RU,Residence/Home,Home,Handgun,,C
181607581,164062298,2022-03-14,St. Paul,MN0620900,13A,B,B,N,F,39,,N,RU,Residence/Home,Home,Handgun,,C
181607582,164062298,2022-03-14,St. Paul,MN0620900,13A,B,B,N,F,15,,N,RU,Residence/Home,Home,Handgun,,C
181607583,164062298,2022-03-14,St. Paul,MN0620900,13A,B,B,N,F,17,,N,RU,Residence/Home,Home,Handgun,,C
177834592,160767761,2022-03-15,St. Paul,MN0620900,13A,B,B,U,M,52,,N,RU,Residence/Home,Home,Firearm,Other Major Injury,C
179205268,161966088,2022-03-15,St. Paul,MN0620900,13A,B,B,N,M,28,,N,RU,School-Elementary/Secondary,K-12 School,Blunt Object;Personal Weapons,Minor Injury,C
180818484,163369284,2022-03-15,St. Paul,MN0620900,13A,B,B,N,F,55,,N,RU,Residence/Home,Home,Knife/Cutting Instrument,Minor Injury,C
171343264,155099528,2022-03-16,St. Paul,MN0620900,13A,B,B,N,M,63,,N,RU,Residence/Home,Home,Knife/Cutting Instrument,,C
180781296,163336574,2022-03-17,St. Paul,MN0620900,13A,U,U,U,M,35,,N,RU,Parking/Drop Lot/Garage,Parking Lot,Firearm,,C
180781297,163336574,2022-03-17,St. Paul,MN0620900,13A,U,U,U,M,43,,N,RU,Parking/Drop Lot/Garage,Parking Lot,Firearm,,C
181408196,163886714,2022-03-17,St. Paul,MN0620900,13A,B,B,U,F,23,,N,RU,Residence/Home,Home,Handgun,,C
182661740,164989954,2022-03-17,St. Paul,MN0620900,13A,B,B,N,F,29,,N,RU,Residence/Home,Home,Handgun,,C
182661741,164989954,2022-03-17,St. Paul,MN0620900,13A,B,B,N,F,25,,N,RU,Residence/Home,Home,Handgun,,C
180811851,163363410,2022-03-18,St. Paul,MN0620900,13A,B,B,N,M,14,,N,RU,Residence/Home,Home,Knife/Cutting Instrument,Minor Injury,C
167166976,151452109,2022-03-19,St. Paul,MN0620900,13A,B,B,N,F,44,,N,RU,Highway/Road/Alley/Street/Sidewalk,Street & Sidewalk,Firearm,,C
167166977,151452109,2022-03-19,St. Paul,MN0620900,13A,B,B,N,F,24,,N,RU,Highway/Road/Alley/Street/Sidewalk,Street & Sidewalk,Firearm,,C
168095999,152263295,2022-03-19,St. Paul,MN0620900,13A,B,B,U,F,27,,N,RU,Residence/Home,Home,Firearm,Minor Injury,C
168096000,152263295,2022-03-19,St. Paul,MN0620900,13A,B,B,U,F,24,,N,RU,Residence/Home,Home,Firearm,,C
169712212,153677846,2022-03-19,St. Paul,MN0620900,13A,W,W,N,F,26,,N,RU,Highway/Road/Alley/Street/Sidewalk,Street & Sidewalk,Firearm,,C
173046553,156591212,2022-03-19,St. Paul,MN0620900,13A,H,U,H,M,17,,N,RU,Highway/Road/Alley/Street/Sidewalk,Street & Sidewalk,Firearm,,C
179221228,161980108,2022-03-19,St. Paul,MN0620900,13A,W,W,N,F,52,,N,RU,Residence/Home,Home,Asphyxiation;Personal Weapons,Minor Injury,C
167201537,151481990,2022-03-20,St. Paul,MN0620900,13A,W,W,N,F,26,,N,RU,Residence/Home,Home,Knife/Cutting Instrument,Minor Injury,C
167201538,151481990,2022-03-20,St. Paul,MN0620900,13A,W,W,N,M,24,,N,RU,Residence/Home,Home,Knife/Cutting Instrument,,C
167252711,151526085,2022-03-20,St. Paul,MN0620900,13A,H,W,H,M,23,,N,RU,Highway/Road/Alley/Street/Sidewalk,Street & Sidewalk,Firearm,Other Major Injury,C
168231975,152381823,2022-03-20,St. Paul,MN0620900,13A,B,B,N,F,39,,N,RU,Residence/Home,Home,Personal Weapons,Possible Internal Injury,C
168255270,152401802,2022-03-20,St. Paul,MN0620900,13A,B,B,N,M,21,,N,RU,Residence/Home,Home,Firearm,Possible Internal Injury,C
179413483,162147193,2022-03-20,St. Paul,MN0620900,13A,H,W,H,M,33,,N,RU,Residence/Home,Home,Handgun,Minor Injury,C
167131802,151421672,2022-03-21,St. Paul,MN0620900,13A,B,B,N,M,45,,N,RU,Residence/Home,Home,Knife/Cutting Instrument,,C
167195067,151476406,2022-03-21,St. Paul,MN0620900,13A,A,A,N,F,42,,N,RU,Residence/Home,Home,Other Firearm,,C
169616265,153593812,2022-03-21,St. Paul,MN0620900,13A,W,W,N,M,28,,N,RU,Highway/Road/Alley/Street/Sidewalk,Street & Sidewalk,Knife/Cutting Instrument,,C
169616266,153593812,2022-03-21,St. Paul,MN0620900,13A,W,W,N,F,25,,N,RU,Highway/Road/Alley/Street/Sidewalk,Street & Sidewalk,Knife/Cutting Instrument,,C
174663031,157998835,2022-03-21,St. Paul,MN0620900,13A,W,W,U,F,37,,N,RU,Residence/Home,Home,Personal Weapons,Other Major Injury,C
167195054,151476395,2022-03-22,St. Paul,MN0620900,13A,I,I,N,F,23,,N,RU,Residence/Home,Home,Knife/Cutting Instrument,,C
167252762,151526129,2022-03-22,St. Paul,MN0620900,13A,B,B,N,M,52,,N,RU,Residence/Home,Home,Knife/Cutting Instrument,Other Major Injury,C
167414063,151667888,2022-03-22,St. Paul,MN0620900,13A,A,A,N,F,10,,N,RU,Residence/Home,Home,Other,Minor Injury,C
175118064,158395709,2022-03-22,St. Paul,MN0620900,13A,U,U,U,M,29,,N,RU,Residence/Home,Home,Firearm,,C
167201546,151481998,2022-03-23,St. Paul,MN0620900,13A,B,B,U,M,53,,N,RU,Residence/Home,Home,Knife/Cutting Instrument,,C
167201559,151482011,2022-03-24,St. Paul,MN0620900,13A,A,A,N,F,42,,N,RU,Residence/Home,Home,Firearm,,C
168376378,152508091,2022-03-24,St. Paul,MN0620900,13A,B,B,N,F,18,,N,RU,Residence/Home,Home,Handgun,Minor Injury,C
168376379,152508091,2022-03-24,St. Paul,MN0620900,13A,B,B,N,F,20,,N,RU,Residence/Home,Home,Handgun,,C
168096142,152263417,2022-03-25,St. Paul,MN0620900,13A,B,B,N,F,31,,N,RU,Highway/Road/Alley/Street/Sidewalk,Street & Sidewalk,Firearm;Motor Vehicle/Vessel,,C
171105723,154892921,2022-03-25,St. Paul,MN0620900,13A,W,W,N,M,44,,N,RU,Highway/Road/Alley/Street/Sidewalk,Street & Sidewalk,Personal Weapons,Apparent Broken Bones,C
167252985,151526326,2022-03-26,St. Paul,MN0620900,13A,U,U,U,F,37,,N,RU,Residence/Home,Home,Asphyxiation;Knife/Cutting Instrument,Minor Injury,C
168292763,152436265,2022-03-26,St. Paul,MN0620900,13A,W,W,N,M,48,,N,RU,Residence/Home,Home,Personal Weapons,Unconscious,C
169977257,153909274,2022-03-26,St. Paul,MN0620900,13A,W,W,N,M,27,,N,RU,Parking/Drop Lot/Garage,Parking Lot,Handgun,,C
173046608,156591253,2022-03-26,St. Paul,MN0620900,13A,B,B,N,F,50,,N,RU,Parking/Drop Lot/Garage,Parking Lot,Firearm,,C
180811916,163363464,2022-03-26,St. Paul,MN0620900,13A,W,W,N,M,31,,N,RU,Service/Gas Station,Gas Station,Unknown,Severe Laceration,C
167414086,151667908,2022-03-27,St. Paul,MN0620900,13A,B,B,N,M,33,,N,RU,Highway/Road/Alley/Street/Sidewalk,Street & Sidewalk,Other,Minor Injury,C
168096156,152263430,2022-03-27,St. Paul,MN0620900,13A,W,W,U,M,36,,N,RU,Service/Gas Station,Gas Station,Firearm,,C
168255277,152401808,2022-03-27,St. Paul,MN0620900,13A,B,B,N,F,40,,N,RU,Residence/Home,Home,Firearm,,C
168563359,152672047,2022-03-27,St. Paul,MN0620900,13A,H,W,H,M,63,,N,RU,Residence/Home,Home,Knife/Cutting Instrument,Minor Injury,C
176338161,159459026,2022-03-27,St. Paul,MN0620900,13A,B,B,U,M,20,,N,RU,Highway/Road/Alley/Street/Sidewalk,Street & Sidewalk,Firearm,,C
176338162,159459026,2022-03-27,St. Paul,MN0620900,13A,B,B,U,M,34,,N,RU,Highway/Road/Alley/Street/Sidewalk,Street & Sidewalk,Firearm,,C
168255279,152401810,2022-03-28,St. Paul,MN0620900,13A,W,W,N,M,40,,N,RU,Highway/Road/Alley/Street/Sidewalk,Street & Sidewalk,Handgun,,C
169615518,153593157,2022-03-28,St. Paul,MN0620900,13A,W,W,N,M,45,,N,RU,Parking/Drop Lot/Garage,Parking Lot,Handgun,,C
169615519,153593158,2022-03-28,St. Paul,MN0620900,13A,B,B,N,M,15,,N,RU,Highway/Road/Alley/Street/Sidewalk,Street & Sidewalk,Handgun,,C
169712218,153677850,2022-03-28,St. Paul,MN0620900,13A,B,B,N,M,52,,N,RU,Residence/Home,Home,Knife/Cutting Instrument,Severe Laceration,C
179197329,161959009,2022-03-28,St. Paul,MN0620900,13A,A,A,U,F,41,,N,RU,Residence/Home,Home,Knife/Cutting Instrument;Personal Weapons,Minor Injury,C
184018077,166172730,2022-03-28,St. Paul,MN0620900,13A,A,A,N,M,24,,N,RU,Residence/Home,Home,Firearm,Minor Injury,C
188809634,170350748,2022-03-28,St. Paul,MN0620900,13A,A,A,N,M,41,,N,RU,Restaurant,Restaurant,Personal Weapons,Possible Internal Injury,C
167253198,151526520,2022-03-29,St. Paul,MN0620900,13A,B,B,N,M,17,,N,RU,Community Center,Community Center,Firearm,,C
167279348,151549236,2022-03-29,St. Paul,MN0620900,13A,B,B,N,M,33,,N,RU,Residence/Home,Home,Motor Vehicle/Vessel,Apparent Broken Bones,C
167607919,151835868,2022-03-29,St. Paul,MN0620900,13A,W,W,U,M,51,,N,RU,Residence/Home,Home,Personal Weapons,Loss of Teeth;Other Major Injury,C
168668760,152766239,2022-03-29,St. Paul,MN0620900,13A,B,B,N,F,24,,N,RU,Residence/Home,Home,Asphyxiation;Blunt Object;Handgun,Minor Injury,C
170751412,154584974,2022-03-29,St. Paul,MN0620900,13A,B,B,N,F,52,,N,RU,Residence/Home,Home,Handgun,Possible Internal Injury;Severe Laceration,C
183999718,166156395,2022-03-29,St. Paul,MN0620900,13A,H,W,H,M,21,,N,RU,Shopping Mall,Shopping Mall,Firearm,,C
167607922,151835871,2022-03-30,St. Paul,MN0620900,13A,W,W,N,M,40,,N,RU,Residence/Home,Home,Knife/Cutting Instrument,,C
173046628,156591270,2022-03-30,St. Paul,MN0620900,13A,B,B,N,M,24,,N,RU,Convenience Store,Convenience Store,Firearm,Possible Internal Injury,C
179470877,162196277,2022-03-30,St. Paul,MN0620900,13A,B,B,U,M,19,,N,RU,Service/Gas Station,Gas Station,Firearm,Other Major Injury;Possible Internal Injury,C
168096186,152263454,2022-03-31,St. Paul,MN0620900,13A,B,B,N,M,13,,N,RU,Highway/Road/Alley/Street/Sidewalk,Street & Sidewalk,Firearm,Minor Injury,C
168255280,152401811,2022-03-31,St. Paul,MN0620900,13A,B,B,N,M,23,,N,RU,Residence/Home,Home,Knife/Cutting Instrument,Other Major Injury,C
171854783,155547497,2022-03-31,St. Paul,MN0620900,13A,B,B,N,F,37,,N,RU,Residence/Home,Home,Firearm,,C
169117762,153154064,2022-04-01,St. Paul,MN0620900,13A,B,B,N,M,34,,N,RU,Highway/Road/Alley/Street/Sidewalk,Street & Sidewalk,Firearm,,C
175629105,158841978,2022-04-02,St. Paul,MN0620900,13A,B,B,N,F,22,,N,RU,Residence/Home,Home,Knife/Cutting Instrument,,C
175629106,158841978,2022-04-02,St. Paul,MN0620900,13A,B,B,N,F,18,,N,RU,Residence/Home,Home,Knife/Cutting Instrument,,C
182050503,164456018,2022-04-02,St. Paul,MN0620900,13A,A,A,N,F,44,,N,RU,Residence/Home,Home,Firearm,,C
182661745,164989957,2022-04-02,St. Paul,MN0620900,13A,B,B,N,M,51,,N,RU,Residence/Home,Home,Handgun,,C
185066656,167089061,2022-04-02,St. Paul,MN0620900,13A,B,B,X,M,,,N,RU;VO,Residence/Home,Home,Firearm,,C
167607710,151835694,2022-04-03,St. Paul,MN0620900,13A,B,B,N,M,34,,N,RU,Residence/Home,Home,Blunt Object,Minor Injury,C
167608241,151836123,2022-04-03,St. Paul,MN0620900,13A,B,B,N,F,41,,N,RU,Hotel/Motel/Etc.,Hotel & Motel,Firearm (Automatic),,C
170506785,154375650,2022-04-03,St. Paul,MN0620900,13A,W,W,N,M,49,,N,RU,Highway/Road/Alley/Street/Sidewalk,Street & Sidewalk,Firearm,Other Major Injury,C
171854813,155547525,2022-04-03,St. Paul,MN0620900,13A,B,B,U,M,18,,N,RU,Highway/Road/Alley/Street/Sidewalk,Street & Sidewalk,Handgun,Possible Internal Injury,C
171114403,154900463,2022-04-04,St. Paul,MN0620900,13A,W,W,N,F,33,,N,RU,Service/Gas Station,Gas Station,Firearm,,C
171114404,154900463,2022-04-04,St. Paul,MN0620900,13A,W,W,N,M,34,,N,RU,Service/Gas Station,Gas Station,Firearm,,C
180743350,163302841,2022-04-04,St. Paul,MN0620900,13A,W,W,N,F,38,,N,RU,Highway/Road/Alley/Street/Sidewalk,Street & Sidewalk,Firearm,,C
180743351,163302841,2022-04-04,St. Paul,MN0620900,13A,W,W,N,M,34,,N,RU,Highway/Road/Alley/Street/Sidewalk,Street & Sidewalk,Firearm,Minor Injury,C
180743352,163302841,2022-04-04,St. Paul,MN0620900,13A,W,W,N,M,52,,N,RU,Highway/Road/Alley/Street/Sidewalk,Street & Sidewalk,Firearm,Minor Injury,C
168096342,152263581,2022-04-05,St. Paul,MN0620900,13A,B,B,N,F,63,,N,RU,Residence/Home,Home,Knife/Cutting Instrument,Minor Injury,C
169615534,153593168,2022-04-05,St. Paul,MN0620900,13A,W,W,U,M,47,,N,RU,Highway/Road/Alley/Street/Sidewalk,Street & Sidewalk,Other,,C
173376989,156879445,2022-04-05,St. Paul,MN0620900,13A,B,B,U,M,21,,N,RU,Highway/Road/Alley/Street/Sidewalk,Street & Sidewalk,Firearm,Minor Injury,C
167829398,152032478,2022-04-06,St. Paul,MN0620900,13A,W,W,N,F,32,,N,RU,Parking/Drop Lot/Garage,Parking Lot,Motor Vehicle/Vessel,,C
177722374,160670065,2022-04-06,St. Paul,MN0620900,13A,B,B,N,F,18,,N,RU,Residence/Home,Home,Knife/Cutting Instrument,Minor Injury,C
180811985,163363528,2022-04-06,St. Paul,MN0620900,13A,U,U,U,M,37,,N,RU,Other/Unknown,Other & Unknown,Firearm,,C
168307908,152449720,2022-04-07,St. Paul,MN0620900,13A,B,B,U,F,27,,N,RU,Residence/Home,Home,Knife/Cutting Instrument,,C
178796881,161610054,2022-04-07,St. Paul,MN0620900,13A,H,W,H,F,35,,N,RU,Residence/Home,Home,Asphyxiation;Personal Weapons,Minor Injury,C
168201720,152355864,2022-04-08,St. Paul,MN0620900,13A,W,W,N,M,34,,N,RU,Hotel/Motel/Etc.,Hotel & Motel,Firearm,,C
168256336,152402745,2022-04-08,St. Paul,MN0620900,13A,W,W,N,M,40,,N,RU,Highway/Road/Alley/Street/Sidewalk,Street & Sidewalk,Motor Vehicle/Vessel,,C
168468552,152589623,2022-04-08,St. Paul,MN0620900,13A,W,W,N,F,39,,N,RU,Residence/Home,Home,Knife/Cutting Instrument,,C
169616271,153593815,2022-04-08,St. Paul,MN0620900,13A,B,B,X,M,39,,N,RU,Residence/Home,Home,Knife/Cutting Instrument,Severe Laceration,C
169616272,153593815,2022-04-08,St. Paul,MN0620900,13A,B,B,N,M,39,,N,RU,Residence/Home,Home,Knife/Cutting Instrument,Possible Internal Injury,C
180812000,163363540,2022-04-09,St. Paul,MN0620900,13A,B,B,N,M,12,,N,RU,Highway/Road/Alley/Street/Sidewalk,Street & Sidewalk,Handgun,,C
180812001,163363540,2022-04-09,St. Paul,MN0620900,13A,B,B,U,M,40,,N,RU,Highway/Road/Alley/Street/Sidewalk,Street & Sidewalk,Handgun,,C
180812002,163363540,2022-04-09,St. Paul,MN0620900,13A,B,B,N,M,11,,N,RU,Highway/Road/Alley/Street/Sidewalk,Street & Sidewalk,Handgun,,C
168097536,152264643,2022-04-10,St. Paul,MN0620900,13A,B,B,N,M,29,,N,RU,Highway/Road/Alley/Street/Sidewalk,Street & Sidewalk,Handgun,Minor Injury,C
169615542,153593174,2022-04-10,St. Paul,MN0620900,13A,U,U,N,M,32,,N,RU,Residence/Home,Home,Other,Minor Injury,C
180812013,163363549,2022-04-10,St. Paul,MN0620900,13A,U,U,U,M,22,,N,RU,Highway/Road/Alley/Street/Sidewalk,Street & Sidewalk,Firearm,,C
182416642,164775187,2022-04-10,St. Paul,MN0620900,13A,H,A,H,M,62,,N,RU,Specialty Store,Specialty Store,Handgun,,C
168098158,152265187,2022-04-11,St. Paul,MN0620900,13A,B,B,N,M,57,,N,RU,Residence/Home,Home,Knife/Cutting Instrument,,C
168098192,152265220,2022-04-11,St. Paul,MN0620900,13A,B,B,N,F,24,,N,RU,Residence/Home,Home,Firearm,,C
175629107,158841979,2022-04-11,St. Paul,MN0620900,13A,W,W,U,F,43,,N,RU,Residence/Home,Home,Other Firearm,,C
187739651,169418372,2022-04-11,St. Paul,MN0620900,13A,W,W,U,M,39,,N,RU,Highway/Road/Alley/Street/Sidewalk,Street & Sidewalk,Firearm,Minor Injury,C
181816897,164247885,2022-04-12,St. Paul,MN0620900,13A,B,B,N,M,22,,N,RU,Highway/Road/Alley/Street/Sidewalk,Street & Sidewalk,Firearm,Apparent Broken Bones,C
168098500,152265479,2022-04-13,St. Paul,MN0620900,13A,H,W,H,F,28,,N,RU,Residence/Home,Home,Personal Weapons,Apparent Broken Bones;Loss of Teeth;Severe Laceration,C
180361417,162976101,2022-04-13,St. Paul,MN0620900,13A,B,B,N,M,39,,N,RU,Highway/Road/Alley/Street/Sidewalk,Street & Sidewalk,Firearm,Other Major Injury,C
168201763,152355901,2022-04-14,St. Paul,MN0620900,13A,B,B,N,M,32,,N,RU,Other/Unknown,Other & Unknown,Firearm,Other Major Injury,C
180812042,163363577,2022-04-14,St. Paul,MN0620900,13A,W,W,U,F,35,,N,RU,Residence/Home,Home,Blunt Object,Unconscious,C
168377186,152508788,2022-04-15,St. Paul,MN0620900,13A,B,B,N,F,25,,N,,Residence/Home,Home,Handgun,,C
169615555,153593184,2022-04-16,St. Paul,MN0620900,13A,B,B,N,F,26,,N,RU,Highway/Road/Alley/Street/Sidewalk,Street & Sidewalk,Firearm,,C
171939825,155619087,2022-04-16,St. Paul,MN0620900,13A,A,A,N,M,15,,N,RU,Highway/Road/Alley/Street/Sidewalk,Street & Sidewalk,Firearm,Other Major Injury,C
180824441,163374551,2022-04-16,St. Paul,MN0620900,13A,B,B,N,F,26,,N,RU,Residence/Home,Home,Handgun,,C
168377281,152508871,2022-04-17,St. Paul,MN0620900,13A,B,B,N,F,26,,N,RU;VO,Highway/Road/Alley/Street/Sidewalk,Street & Sidewalk,Personal Weapons,Loss of Teeth,C
169615561,153593188,2022-04-17,St. Paul,MN0620900,13A,W,W,N,M,57,,N,RU,Residence/Home,Home,Handgun,,C
175118066,158395711,2022-04-17,St. Paul,MN0620900,13A,B,B,U,M,44,,N,RU,Residence/Home,Home,Handgun,Other Major Injury,C
169615563,153593189,2022-04-18,St. Paul,MN0620900,13A,B,B,N,M,14,,N,RU,Highway/Road/Alley/Street/Sidewalk,Street & Sidewalk,Knife/Cutting Instrument,Other Major Injury,C
171105741,154892937,2022-04-18,St. Paul,MN0620900,13A,W,W,N,M,24,,N,RU,Highway/Road/Alley/Street/Sidewalk,Street & Sidewalk,Motor Vehicle/Vessel,Apparent Broken Bones,C
168255379,152401890,2022-04-20,St. Paul,MN0620900,13A,U,U,U,F,18,,N,RU,Residence/Home,Home,Firearm,,C
169117992,153154265,2022-04-20,St. Paul,MN0620900,13A,B,B,N,F,56,,N,RU,Residence/Home,Home,Asphyxiation;Personal Weapons,Minor Injury,C
169615568,153593194,2022-04-20,St. Paul,MN0620900,13A,B,B,U,M,27,,N,RU,Commercial/Office Building,Office Building,Knife/Cutting Instrument,,C
168468604,152589659,2022-04-21,St. Paul,MN0620900,13A,B,B,N,F,57,,N,RU,Residence/Home,Home,Asphyxiation,,C
171114410,154900468,2022-04-21,St. Paul,MN0620900,13A,B,B,N,M,49,,N,RU,Residence/Home,Home,Blunt Object,Severe Laceration,C
172781433,156359976,2022-04-21,St. Paul,MN0620900,13A,B,B,N,M,38,,N,RU,Residence/Home,Home,Blunt Object,Minor Injury,C
168308723,152450421,2022-04-22,St. Paul,MN0620900,13A,A,A,N,M,34,,N,RU,Highway/Road/Alley/Street/Sidewalk,Street & Sidewalk,Firearm,,C
168308724,152450421,2022-04-22,St. Paul,MN0620900,13A,W,W,N,F,34,,N,RU,Highway/Road/Alley/Street/Sidewalk,Street & Sidewalk,Firearm,,C
168744142,152831809,2022-04-22,St. Paul,MN0620900,13A,B,B,N,F,30,,N,RU,Residence/Home,Home,Asphyxiation,Apparent Broken Bones,C
171290736,155053307,2022-04-22,St. Paul,MN0620900,13A,W,W,U,M,43,,N,RU,Highway/Road/Alley/Street/Sidewalk,Street & Sidewalk,Firearm,,C
171855071,155547753,2022-04-22,St. Paul,MN0620900,13A,B,B,N,F,24,,N,RU,Highway/Road/Alley/Street/Sidewalk,Street & Sidewalk,Firearm,,C
173687265,157149810,2022-04-22,St. Paul,MN0620900,13A,B,B,N,M,41,,N,RU,Highway/Road/Alley/Street/Sidewalk,Street & Sidewalk,Firearm,Other Major Injury,C
168878811,152949033,2022-04-23,St. Paul,MN0620900,13A,A,A,N,M,66,,N,RU,Highway/Road/Alley/Street/Sidewalk,Street & Sidewalk,Knife/Cutting Instrument,,C
174561187,157910373,2022-04-23,St. Paul,MN0620900,13A,W,W,N,F,35,,N,RU,Residence/Home,Home,Knife/Cutting Instrument,,C
174561188,157910373,2022-04-23,St. Paul,MN0620900,13A,W,W,N,M,16,,N,RU,Residence/Home,Home,Knife/Cutting Instrument,Apparent Broken Bones,C
168564129,152672714,2022-04-24,St. Paul,MN0620900,13A,B,B,U,F,24,,N,RU,Residence/Home,Home,Asphyxiation;Personal Weapons,Possible Internal Injury,C
169118055,153154323,2022-04-24,St. Paul,MN0620900,13A,W,W,N,M,32,,N,RU,Highway/Road/Alley/Street/Sidewalk,Street & Sidewalk,Other,Minor Injury,C
174312839,157693366,2022-04-24,St. Paul,MN0620900,13A,W,W,N,M,38,,N,RU,Highway/Road/Alley/Street/Sidewalk,Street & Sidewalk,Firearm,,C
184793178,166850179,2022-04-24,St. Paul,MN0620900,13A,B,B,U,M,28,,N,RU,Highway/Road/Alley/Street/Sidewalk,Street & Sidewalk,Firearm,Unconscious,C
168668057,152765600,2022-04-25,St. Paul,MN0620900,13A,W,W,U,F,37,,N,RU,Residence/Home,Home,Knife/Cutting Instrument,,C
172577839,156183028,2022-04-25,St. Paul,MN0620900,13A,B,B,N,F,27,,N,RU,Residence/Home,Home,Handgun,Minor Injury,C
180824511,163374610,2022-04-25,St. Paul,MN0620900,13A,B,B,N,F,26,,N,RU,Residence/Home,Home,Blunt Object,Possible Internal Injury;Severe Laceration,C
180824512,163374610,2022-04-25,St. Paul,MN0620900,13A,B,B,N,M,1,,N,RU,Residence/Home,Home,Blunt Object,,C
180824513,163374610,2022-04-25,St. Paul,MN0620900,13A,B,B,N,M,4,,N,RU,Residence/Home,Home,Blunt Object,,C
180824514,163374610,2022-04-25,St. Paul,MN0620900,13A,B,B,N,F,25,,N,RU,Residence/Home,Home,Blunt Object,,C
180824515,163374610,2022-04-25,St. Paul,MN0620900,13A,B,B,N,M,2,,N,RU,Residence/Home,Home,Blunt Object,,C
168564192,152672774,2022-04-26,St. Paul,MN0620900,13A,B,B,N,F,19,,N,RU,Residence/Home,Home,Handgun,Minor Injury,C
168564195,152672777,2022-04-26,St. Paul,MN0620900,13A,A,A,N,M,35,,N,RU,Residence/Home,Home,Blunt Object,Possible Internal Injury,C
169615586,153593210,2022-04-26,St. Paul,MN0620900,13A,A,A,N,F,31,,N,RU,Residence/Home,Home,Knife/Cutting Instrument;Personal Weapons,Minor Injury,C
169615587,153593211,2022-04-26,St. Paul,MN0620900,13A,B,B,U,F,59,,N,RU,Residence/Home,Home,Firearm,Other Major Injury,C
169912521,153853107,2022-04-26,St. Paul,MN0620900,13A,W,W,N,M,38,,N,RU,Parking/Drop Lot/Garage,Parking Lot,Firearm,,C
174312841,157693368,2022-04-26,St. Paul,MN0620900,13A,W,W,N,M,23,,N,RU,School-College/University,College,Personal Weapons,Other Major Injury;Possible Internal Injury;Unconscious,C
180812096,163363624,2022-04-26,St. Paul,MN0620900,13A,U,U,U,M,,,N,RU,Government/Public Building,Government Building,Explosives,,C
169118059,153154327,2022-04-27,St. Paul,MN0620900,13A,B,B,N,F,31,,N,RU,Residence/Home,Home,Handgun,Minor Injury,C
173046754,156591371,2022-04-27,St. Paul,MN0620900,13A,U,U,N,F,37,,N,RU,Highway/Road/Alley/Street/Sidewalk,Street & Sidewalk,Other,Minor Injury,C
178724643,161548060,2022-04-27,St. Paul,MN0620900,13A,B,B,N,F,39,,N,RU,Residence/Home,Home,Asphyxiation;Personal Weapons,Minor Injury,C
180812098,163363626,2022-04-27,St. Paul,MN0620900,13A,B,B,U,F,54,,N,RU,Residence/Home,Home,Firearm,,C
181607592,164062303,2022-04-27,St. Paul,MN0620900,13A,H,U,H,M,22,,N,RU,Highway/Road/Alley/Street/Sidewalk,Street & Sidewalk,Firearm,Other Major Injury,C
173046772,156591386,2022-04-28,St. Paul,MN0620900,13A,A,A,N,M,14,,N,RU,School-Elementary/Secondary,K-12 School,Blunt Object,Minor Injury,C
168564328,152672901,2022-04-29,St. Paul,MN0620900,13A,W,W,N,M,44,,N,RU,Highway/Road/Alley/Street/Sidewalk,Street & Sidewalk,Knife/Cutting Instrument,Minor Injury,C
168668071,152765614,2022-04-29,St. Paul,MN0620900,13A,H,U,H,F,39,,N,RU;VO,Residence/Home,Home,Other,Minor Injury,C
168668072,152765614,2022-04-29,St. Paul,MN0620900,13A,H,U,H,M,33,,N,RU;VO,Residence/Home,Home,Other,Minor Injury,C
168878939,152949141,2022-04-29,St. Paul,MN0620900,13A,B,B,N,F,45,,N,RU,Hotel/Motel/Etc.,Hotel & Motel,Knife/Cutting Instrument,Minor Injury,C
170273114,154167108,2022-04-29,St. Paul,MN0620900,13A,B,B,N,F,26,,N,RU,Residence/Home,Home,Firearm,,C
169118071,153154339,2022-04-30,St. Paul,MN0620900,13A,B,B,U,M,23,,N,RU,Residence/Home,Home,Handgun,,C
169615610,153593231,2022-04-30,St. Paul,MN0620900,13A,W,W,N,F,15,,N,RU,Highway/Road/Alley/Street/Sidewalk,Street & Sidewalk,Motor Vehicle/Vessel,,C
169615611,153593231,2022-04-30,St. Paul,MN0620900,13A,W,W,N,F,41,,N,RU,Highway/Road/Alley/Street/Sidewalk,Street & Sidewalk,Motor Vehicle/Vessel,,C
169615612,153593232,2022-04-30,St. Paul,MN0620900,13A,W,W,N,F,34,,N,RU,Highway/Road/Alley/Street/Sidewalk,Street & Sidewalk,Motor Vehicle/Vessel,,C
169615613,153593232,2022-04-30,St. Paul,MN0620900,13A,W,W,N,F,38,,N,RU,Highway/Road/Alley/Street/Sidewalk,Street & Sidewalk,Motor Vehicle/Vessel,,C
173638196,157107167,2022-04-30,St. Paul,MN0620900,13A,I,I,N,F,23,,N,RU,Highway/Road/Alley/Street/Sidewalk,Street & Sidewalk,Blunt Object,Minor Injury,C
173704770,157165329,2022-04-30,St. Paul,MN0620900,13A,W,W,N,F,44,,N,RU,Highway/Road/Alley/Street/Sidewalk,Street & Sidewalk,Motor Vehicle/Vessel,,C
168878987,152949181,2022-05-01,St. Paul,MN0620900,13A,U,U,U,M,,,N,RU,Highway/Road/Alley/Street/Sidewalk,Street & Sidewalk,Firearm,Minor Injury,C
168878988,152949181,2022-05-01,St. Paul,MN0620900,13A,U,U,U,F,18,,N,RU,Highway/Road/Alley/Street/Sidewalk,Street & Sidewalk,Firearm,,C
168879055,152949238,2022-05-02,St. Paul,MN0620900,13A,U,U,N,F,31,,N,RU,Parking/Drop Lot/Garage,Parking Lot,Motor Vehicle/Vessel,Minor Injury,C
169661365,153633834,2022-05-02,St. Paul,MN0620900,13A,U,U,U,F,51,,N,RU,Residence/Home,Home,Firearm,,C
170230626,154128594,2022-05-02,St. Paul,MN0620900,13A,W,W,U,F,54,,N,RU,Residence/Home,Home,Other,,C
170230627,154128594,2022-05-02,St. Paul,MN0620900,13A,W,W,U,M,40,,N,RU,Residence/Home,Home,Other,,C
171854988,155547678,2022-05-02,St. Paul,MN0620900,13A,B,B,N,M,61,,N,RU,Residence/Home,Home,Knife/Cutting Instrument,,C
172539416,156149641,2022-05-02,St. Paul,MN0620900,13A,W,W,N,F,23,,N,RU,Residence/Home,Home,Knife/Cutting Instrument,,C
175043262,158330323,2022-05-02,St. Paul,MN0620900,13A,B,B,U,M,18,,N,RU,Highway/Road/Alley/Street/Sidewalk,Street & Sidewalk,Motor Vehicle/Vessel,Minor Injury,C
169615627,153593242,2022-05-03,St. Paul,MN0620900,13A,B,B,N,M,18,,N,RU,Highway/Road/Alley/Street/Sidewalk,Street & Sidewalk,Handgun,,C
169615628,153593242,2022-05-03,St. Paul,MN0620900,13A,B,B,N,F,32,,N,RU,Highway/Road/Alley/Street/Sidewalk,Street & Sidewalk,Handgun,,C
185304687,167296368,2022-05-03,St. Paul,MN0620900,13A,B,B,N,F,21,,N,RU,Bar/Nightclub,Bar & Nightclub,Firearm,Minor Injury,C
185304688,167296368,2022-05-03,St. Paul,MN0620900,13A,B,B,N,F,29,,N,RU,Bar/Nightclub,Bar & Nightclub,Firearm,Other Major Injury,C
168879111,152949277,2022-05-04,St. Paul,MN0620900,13A,B,B,N,F,31,,N,RU,Highway/Road/Alley/Street/Sidewalk,Street & Sidewalk,Motor Vehicle/Vessel,,C
168879154,152949315,2022-05-04,St. Paul,MN0620900,13A,B,B,N,F,28,,N,RU,Residence/Home,Home,Asphyxiation;Personal Weapons,Other Major Injury;Unconscious,C
180812169,163363692,2022-05-04,St. Paul,MN0620900,13A,A,A,N,F,64,,N,RU,Highway/Road/Alley/Street/Sidewalk,Street & Sidewalk,Unknown,Possible Internal Injury,C
180812171,163363694,2022-05-05,St. Paul,MN0620900,13A,B,B,N,F,38,,N,RU,Highway/Road/Alley/Street/Sidewalk,Street & Sidewalk,Personal Weapons,Unconscious,C
188569382,170141831,2022-05-05,St. Paul,MN0620900,13A,B,B,N,M,20,,N,RU,Convenience Store,Convenience Store,Handgun,Minor Injury,C
187354353,169081950,2022-05-06,St. Paul,MN0620900,13A,U,U,N,M,18,,N,RU,Highway/Road/Alley/Street/Sidewalk,Street & Sidewalk,Firearm,,C
187354354,169081950,2022-05-06,St. Paul,MN0620900,13A,W,W,N,F,18,,N,RU,Highway/Road/Alley/Street/Sidewalk,Street & Sidewalk,Firearm,,C
169041294,153088195,2022-05-07,St. Paul,MN0620900,13A,H,U,H,M,43,,N,RU,Highway/Road/Alley/Street/Sidewalk,Street & Sidewalk,Handgun;Knife/Cutting Instrument,,C
169041295,153088195,2022-05-07,St. Paul,MN0620900,13A,U,U,U,F,38,,N,RU,Highway/Road/Alley/Street/Sidewalk,Street & Sidewalk,Handgun;Knife/Cutting Instrument,,C
170506897,154375749,2022-05-07,St. Paul,MN0620900,13A,U,U,U,F,42,,N,RU,Residence/Home,Home,Firearm,Minor Injury,C
171290779,155053345,2022-05-07,St. Paul,MN0620900,13A,B,B,N,M,49,,N,RU,Park/Playground,Park & Playground,Firearm,,C
174639866,157978863,2022-05-07,St. Paul,MN0620900,13A,B,B,N,U,22,,N,RU,Residence/Home,Home,Handgun,,C
170838787,154660770,2022-05-08,St. Paul,MN0620900,13A,B,B,N,F,31,,N,RU,Residence/Home,Home,Blunt Object,Minor Injury,C
172937192,156495708,2022-05-08,St. Paul,MN0620900,13A,A,A,N,M,52,,N,RU,Highway/Road/Alley/Street/Sidewalk,Street & Sidewalk,Knife/Cutting Instrument,Other Major Injury;Possible Internal Injury,C
172937197,156495713,2022-05-08,St. Paul,MN0620900,13A,W,W,N,M,21,,N,RU,Specialty Store,Specialty Store,Knife/Cutting Instrument,,C
173083281,156622481,2022-05-08,St. Paul,MN0620900,13A,B,B,N,F,18,,N,RU,Residence/Home,Home,Knife/Cutting Instrument,Minor Injury,C
173508743,156995209,2022-05-08,St. Paul,MN0620900,13A,B,B,N,M,28,,N,RU,Residence/Home,Home,Knife/Cutting Instrument,,C
175945664,159118509,2022-05-08,St. Paul,MN0620900,13A,B,B,N,F,17,,N,RU,Residence/Home,Home,Handgun;Personal Weapons,Minor Injury,C
178724795,161548185,2022-05-08,St. Paul,MN0620900,13A,B,B,N,F,26,,N,RU,Residence/Home,Home,Asphyxiation;Personal Weapons,Minor Injury,C
169912540,153853125,2022-05-09,St. Paul,MN0620900,13A,B,B,N,M,19,,N,RU,Residence/Home,Home,Handgun,Other Major Injury;Possible Internal Injury,C
169950570,153885605,2022-05-09,St. Paul,MN0620900,13A,B,B,N,F,40,,N,RU,Air/Bus/Train Terminal,Transit Station,Knife/Cutting Instrument,Other Major Injury;Possible Internal Injury;Severe Laceration,C
171939984,155619233,2022-05-09,St. Paul,MN0620900,13A,W,W,N,M,54,,N,RU,Field/Woods,Field & Woods,Knife/Cutting Instrument,,C
170034027,153959604,2022-05-10,St. Paul,MN0620900,13A,U,U,N,M,33,,N,RU,Highway/Road/Alley/Street/Sidewalk,Street & Sidewalk,Firearm,Minor Injury,C
173508790,156995247,2022-05-10,St. Paul,MN0620900,13A,B,B,N,M,43,,N,RU,Park/Playground,Park & Playground,Blunt Object,Minor Injury,C
188274903,169885318,2022-05-10,St. Paul,MN0620900,13A,A,A,N,F,19,,N,RU,Residence/Home,Home,Firearm,Minor Injury,C
169661376,153633845,2022-05-11,St. Paul,MN0620900,13A,B,B,N,M,12,,N,RU,Highway/Road/Alley/Street/Sidewalk,Street & Sidewalk,Other,Minor Injury,C
170146015,154056440,2022-05-11,St. Paul,MN0620900,13A,W,W,N,M,52,,N,RU,Highway/Road/Alley/Street/Sidewalk,Street & Sidewalk,Blunt Object,Minor Injury,C
184018095,166172746,2022-05-11,St. Paul,MN0620900,13A,B,B,U,F,37,,N,RU,Residence/Home,Home,Asphyxiation;Personal Weapons,Minor Injury,C
172353443,155988346,2022-05-12,St. Paul,MN0620900,13A,W,W,N,M,23,,N,RU,Parking/Drop Lot/Garage,Parking Lot,Firearm,,C
172353444,155988346,2022-05-12,St. Paul,MN0620900,13A,A,A,N,F,22,,N,RU,Parking/Drop Lot/Garage,Parking Lot,Firearm,,C
172539441,156149665,2022-05-12,St. Paul,MN0620900,13A,A,A,N,F,32,,N,RU,Residence/Home,Home,Knife/Cutting Instrument,,C
180781316,163336593,2022-05-12,St. Paul,MN0620900,13A,A,A,N,F,31,,N,RU,Residence/Home,Home,Handgun,,C
180792649,163346559,2022-05-12,St. Paul,MN0620900,13A,B,B,N,M,55,,N,RU,Highway/Road/Alley/Street/Sidewalk,Street & Sidewalk,Personal Weapons,Other Major Injury,C
170506983,154375832,2022-05-13,St. Paul,MN0620900,13A,B,B,N,F,24,,N,RU,Residence/Home,Home,Knife/Cutting Instrument,Minor Injury,C
173170923,156698318,2022-05-13,St. Paul,MN0620900,13A,W,W,N,M,49,,N,RU,Shelter-Mission/Homeless,Shelter,Personal Weapons,Severe Laceration,C
175043264,158330325,2022-05-13,St. Paul,MN0620900,13A,B,B,N,F,26,,N,RU,Park/Playground,Park & Playground,Motor Vehicle/Vessel,Apparent Broken Bones;Possible Internal Injury,C
169977449,153909451,2022-05-14,St. Paul,MN0620900,13A,B,B,U,F,57,,N,RU,Shelter-Mission/Homeless,Shelter,Personal Weapons,Loss of Teeth,C
170507009,154375852,2022-05-14,St. Paul,MN0620900,13A,W,W,N,M,18,,N,RU,Park/Playground,Park & Playground,Blunt Object,Minor Injury,C
171343288,155099548,2022-05-14,St. Paul,MN0620900,13A,H,U,H,M,41,,N,RU,Residence/Home,Home,Knife/Cutting Instrument,Minor Injury,C
175629121,158841993,2022-05-14,St. Paul,MN0620900,13A,B,B,N,M,32,,N,RU,Highway/Road/Alley/Street/Sidewalk,Street & Sidewalk,Firearm,Other Major Injury,C
169615738,153593335,2022-05-15,St. Paul,MN0620900,13A,B,B,N,M,24,,N,RU,Highway/Road/Alley/Street/Sidewalk,Street & Sidewalk,Handgun,,C
169950591,153885624,2022-05-15,St. Paul,MN0620900,13A,A,A,N,M,38,,N,RU,Highway/Road/Alley/Street/Sidewalk,Street & Sidewalk,Knife/Cutting Instrument,,C
173397117,156897201,2022-05-15,St. Paul,MN0620900,13A,B,B,N,F,27,,N,RU;VO,Residence/Home,Home,Firearm,Minor Injury,C
173397118,156897201,2022-05-15,St. Paul,MN0620900,13A,B,B,N,F,28,,N,RU;VO,Residence/Home,Home,Firearm,Minor Injury,C
173397120,156897201,2022-05-15,St. Paul,MN0620900,13A,U,U,N,M,45,,N,RU;VO,Residence/Home,Home,Firearm,Minor Injury,C
178730417,161552788,2022-05-15,St. Paul,MN0620900,13A,B,B,U,F,27,,N,RU,Highway/Road/Alley/Street/Sidewalk,Street & Sidewalk,Motor Vehicle/Vessel;Personal Weapons,Minor Injury,C
169656559,153629619,2022-05-16,St. Paul,MN0620900,13A,W,W,N,F,52,,N,RU,Highway/Road/Alley/Street/Sidewalk,Street & Sidewalk,Firearm,,C
169950594,153885627,2022-05-16,St. Paul,MN0620900,13A,W,W,N,F,30,,N,RU,Residence/Home,Home,Firearm,,C
170273125,154167117,2022-05-16,St. Paul,MN0620900,13A,B,B,N,F,41,,N,RU,Drug Store/Doctor's Office/Hospital,Hospital & Clinic,Other,,C
173046970,156591550,2022-05-16,St. Paul,MN0620900,13A,B,B,N,M,34,,N,RU,Parking/Drop Lot/Garage,Parking Lot,Blunt Object,Minor Injury,C
173776817,157226920,2022-05-16,St. Paul,MN0620900,13A,B,B,U,M,23,,N,RU,Residence/Home,Home,Handgun,Other Major Injury,C
177838079,160770828,2022-05-16,St. Paul,MN0620900,13A,H,U,H,M,22,,N,RU,Other/Unknown,Other & Unknown,Firearm,Other Major Injury,C
187158014,168908548,2022-05-16,St. Paul,MN0620900,13A,U,U,U,M,23,,N,RU;VO,Residence/Home,Home,Handgun,Apparent Broken Bones;Other Major Injury;Possible Internal Injury,C
169640070,153614964,2022-05-17,St. Paul,MN0620900,13A,W,W,N,F,34,,N,RU,Other/Unknown,Other & Unknown,Knife/Cutting Instrument,Minor Injury,C
170273127,154167118,2022-05-17,St. Paul,MN0620900,13A,W,W,N,M,37,,N,RU,Highway/Road/Alley/Street/Sidewalk,Street & Sidewalk,Other,Minor Injury,C
179471068,162196427,2022-05-17,St. Paul,MN0620900,13A,W,W,N,M,25,,N,RU;VO,Highway/Road/Alley/Street/Sidewalk,Street & Sidewalk,Handgun,Other Major Injury,C
180812246,163363766,2022-05-17,St. Paul,MN0620900,13A,B,B,U,M,40,,N,RU,Other/Unknown,Other & Unknown,Firearm,Other Major Injury,C
169616319,153593857,2022-05-18,St. Paul,MN0620900,13A,W,W,N,M,44,,N,RU,Highway/Road/Alley/Street/Sidewalk,Street & Sidewalk,Firearm,,C
169661440,153633899,2022-05-18,St. Paul,MN0620900,13A,W,W,U,F,68,,N,RU,Highway/Road/Alley/Street/Sidewalk,Street & Sidewalk,Handgun,,C
180812381,163363881,2022-05-18,St. Paul,MN0620900,13A,W,W,N,M,43,,N,RU,Other/Unknown,Other & Unknown,Knife/Cutting Instrument,,C
170053723,153977194,2022-05-19,St. Paul,MN0620900,13A,A,A,N,M,34,,N,RU,Residence/Home,Home,Handgun,Minor Injury,C
180408246,163016620,2022-05-19,St. Paul,MN0620900,13A,B,B,N,M,47,,N,RU,School-College/University,College,Other,,C
185066699,167089102,2022-05-19,St. Paul,MN0620900,13A,B,B,N,M,18,,N,RU,Highway/Road/Alley/Street/Sidewalk,Street & Sidewalk,Firearm,,C
169835707,153786213,2022-05-20,St. Paul,MN0620900,13A,B,B,N,M,32,,N,RU,Residence/Home,Home,Personal Weapons,Unconscious,C
174661421,157997385,2022-05-20,St. Paul,MN0620900,13A,B,B,N,F,25,,N,RU,Bar/Nightclub,Bar & Nightclub,Blunt Object,Minor Injury,C
181408220,163886738,2022-05-20,St. Paul,MN0620900,13A,B,B,U,M,48,,N,RU,Highway/Road/Alley/Street/Sidewalk,Street & Sidewalk,Personal Weapons,Apparent Broken Bones,C
169913017,153853547,2022-05-21,St. Paul,MN0620900,13A,W,W,N,M,36,,N,RU,Other/Unknown,Other & Unknown,Blunt Object;Personal Weapons,Other Major Injury;Possible Internal Injury,C
169950619,153885646,2022-05-21,St. Paul,MN0620900,13A,B,B,N,F,15,,N,RU,Park/Playground,Park & Playground,Firearm,,C
169950620,153885646,2022-05-21,St. Paul,MN0620900,13A,B,B,N,M,13,,N,RU,Park/Playground,Park & Playground,Firearm,,C
169950621,153885646,2022-05-21,St. Paul,MN0620900,13A,B,B,N,F,12,,N,RU,Park/Playground,Park & Playground,Firearm,,C
170507068,154375895,2022-05-21,St. Paul,MN0620900,13A,B,B,N,M,25,,N,RU,Residence/Home,Home,Knife/Cutting Instrument,Other Major Injury,C
171105789,154892978,2022-05-21,St. Paul,MN0620900,13A,B,B,N,M,23,,N,RU,Highway/Road/Alley/Street/Sidewalk,Street & Sidewalk,Firearm,,C
172937235,156495746,2022-05-21,St. Paul,MN0620900,13A,U,U,U,M,55,,N,RU,Residence/Home,Home,Blunt Object,Minor Injury,C
172937250,156495760,2022-05-21,St. Paul,MN0620900,13A,B,B,N,M,32,,N,RU,Other/Unknown,Other & Unknown,Firearm,Apparent Broken Bones,C
179193314,161955412,2022-05-21,St. Paul,MN0620900,13A,U,U,U,M,29,,N,RU,Highway/Road/Alley/Street/Sidewalk,Street & Sidewalk,Handgun,,C
179193315,161955412,2022-05-21,St. Paul,MN0620900,13A,H,W,H,M,29,,N,RU,Highway/Road/Alley/Street/Sidewalk,Street & Sidewalk,Handgun,,C
169661156,153633669,2022-05-22,St. Paul,MN0620900,13A,W,W,N,M,52,,N,RU,Bar/Nightclub,Bar & Nightclub,Knife/Cutting Instrument,,C
170507072,154375899,2022-05-22,St. Paul,MN0620900,13A,B,B,N,M,40,,N,RU,Highway/Road/Alley/Street/Sidewalk,Street & Sidewalk,Firearm,,C
175893982,159074096,2022-05-22,St. Paul,MN0620900,13A,B,B,N,F,51,,N,RU,Residence/Home,Home,Personal Weapons,Severe Laceration,C
178253287,161136023,2022-05-22,St. Paul,MN0620900,13A,B,B,N,F,41,,N,RU,Bar/Nightclub,Bar & Nightclub,Handgun;Personal Weapons,Minor Injury,C
178253288,161136023,2022-05-22,St. Paul,MN0620900,13A,U,U,U,M,42,,N,RU,Bar/Nightclub,Bar & Nightclub,Handgun;Personal Weapons,,C
178253289,161136023,2022-05-22,St. Paul,MN0620900,13A,U,U,U,F,25,,N,RU,Bar/Nightclub,Bar & Nightclub,Handgun;Personal Weapons,,C
169743221,153705009,2022-05-23,St. Paul,MN0620900,13A,B,B,N,M,24,,N,RU,Residence/Home,Home,Blunt Object,Possible Internal Injury,C
169743222,153705009,2022-05-23,St. Paul,MN0620900,13A,B,B,N,M,26,,N,RU,Residence/Home,Home,Blunt Object,Minor Injury,C
169755703,153715882,2022-05-23,St. Paul,MN0620900,13A,B,B,N,M,33,,N,RU,Highway/Road/Alley/Street/Sidewalk,Street & Sidewalk,Knife/Cutting Instrument,,C
170507084,154375909,2022-05-23,St. Paul,MN0620900,13A,H,U,H,F,26,,N,RU,Residence/Home,Home,Blunt Object,Minor Injury,C
173083295,156622492,2022-05-23,St. Paul,MN0620900,13A,W,W,N,M,37,,N,RU,Residence/Home,Home,Blunt Object;Personal Weapons,Minor Injury,C
170145750,154056210,2022-05-24,St. Paul,MN0620900,13A,A,A,N,M,15,,N,RU,Highway/Road/Alley/Street/Sidewalk,Street & Sidewalk,Blunt Object,Minor Injury,C
178731178,161553455,2022-05-24,St. Paul,MN0620900,13A,B,B,N,F,25,,N,RU,Residence/Home,Home,Asphyxiation;Personal Weapons,Minor Injury,C
169913334,153853836,2022-05-25,St. Paul,MN0620900,13A,B,B,N,M,69,,N,RU,Other/Unknown,Other & Unknown,Firearm,,C
172937268,156495775,2022-05-25,St. Paul,MN0620900,13A,U,U,U,M,35,,N,RU,Jail/Prison/Penitentiary/Corrections Facility,Jail & Prison,Blunt Object;Personal Weapons,,C
178790517,161604655,2022-05-26,St. Paul,MN0620900,13A,W,W,N,M,55,,N,RU,Residence/Home,Home,Personal Weapons,Apparent Broken Bones;Severe Laceration,C
180813094,163364473,2022-05-26,St. Paul,MN0620900,13A,W,W,N,F,18,,N,RU,Residence/Home,Home,Other,,C
171400887,155150270,2022-05-27,St. Paul,MN0620900,13A,A,A,U,M,42,,N,RU,Residence/Home,Home,Handgun,,C
171455135,155197156,2022-05-27,St. Paul,MN0620900,13A,B,B,N,M,29,,N,RU,Park/Playground,Park & Playground,Firearm,Minor Injury,C
170034297,153959839,2022-05-28,St. Paul,MN0620900,13A,A,A,N,F,30,,N,RU,Residence/Home,Home,Blunt Object,Severe Laceration,C
170034312,153959853,2022-05-28,St. Paul,MN0620900,13A,W,W,U,M,54,,N,RU,Residence/Home,Home,Other,Other Major Injury,C
172937285,156495790,2022-05-28,St. Paul,MN0620900,13A,A,A,N,M,33,,N,RU,Highway/Road/Alley/Street/Sidewalk,Street & Sidewalk,Knife/Cutting Instrument,Other Major Injury,C
172937296,156495798,2022-05-28,St. Paul,MN0620900,13A,W,W,N,M,31,,N,RU,Convenience Store,Convenience Store,Knife/Cutting Instrument,,C
178740990,161561856,2022-05-28,St. Paul,MN0620900,13A,B,B,N,F,21,,N,RU,Highway/Road/Alley/Street/Sidewalk,Street & Sidewalk,Asphyxiation;Personal Weapons,Unconscious,C
180808736,163360691,2022-05-28,St. Paul,MN0620900,13A,B,B,N,F,34,,N,RU,Residence/Home,Home,Firearm,,C
169986428,153917391,2022-05-29,St. Paul,MN0620900,13A,B,B,N,F,15,,N,RU,Community Center,Community Center,Blunt Object,Minor Injury,C
171940378,155619589,2022-05-29,St. Paul,MN0620900,13A,B,B,N,M,27,,N,RU,Parking/Drop Lot/Garage,Parking Lot,Blunt Object;Other,Minor Injury,C
172937319,156495813,2022-05-29,St. Paul,MN0620900,13A,W,W,N,M,40,,N,RU,Hotel/Motel/Etc.,Hotel & Motel,Knife/Cutting Instrument,,C
175118080,158395724,2022-05-29,St. Paul,MN0620900,13A,B,B,N,M,22,,N,RU,Highway/Road/Alley/Street/Sidewalk,Street & Sidewalk,Firearm,Other Major Injury,C
180813301,163364657,2022-05-29,St. Paul,MN0620900,13A,A,A,N,M,44,,N,RU,Residence/Home,Home,Knife/Cutting Instrument,,C
186637838,168461223,2022-05-29,St. Paul,MN0620900,13A,U,U,U,M,17,,N,RU,Highway/Road/Alley/Street/Sidewalk,Street & Sidewalk,Firearm,Other Major Injury,C
169913467,153853957,2022-05-30,St. Paul,MN0620900,13A,I,I,N,M,45,,N,RU;VO,Grocery/Supermarket,Grocery Store,Personal Weapons,Apparent Broken Bones;Severe Laceration,C
181607608,164062316,2022-05-30,St. Paul,MN0620900,13A,B,B,N,M,27,,N,RU,Highway/Road/Alley/Street/Sidewalk,Street & Sidewalk,Firearm,,C
170004870,153934163,2022-05-31,St. Paul,MN0620900,13A,W,W,N,M,59,,N,RU,Highway/Road/Alley/Street/Sidewalk,Street & Sidewalk,Blunt Object,Minor Injury,C
176225517,159362106,2022-05-31,St. Paul,MN0620900,13A,H,U,H,F,30,,N,,Highway/Road/Alley/Street/Sidewalk,Street & Sidewalk,Motor Vehicle/Vessel,Minor Injury,C
178148325,161041690,2022-05-31,St. Paul,MN0620900,13A,W,W,U,M,56,,N,RU,Residence/Home,Home,Blunt Object,Severe Laceration,C
170505250,154374291,2022-06-01,St. Paul,MN0620900,13A,H,W,H,M,25,,N,RU,Highway/Road/Alley/Street/Sidewalk,Street & Sidewalk,Firearm,Minor Injury,C
171508576,155242327,2022-06-01,St. Paul,MN0620900,13A,B,B,N,F,28,,N,RU,Residence/Home,Home,Firearm,,C
172937355,156495843,2022-06-01,St. Paul,MN0620900,13A,W,W,U,M,13,,N,RU,Highway/Road/Alley/Street/Sidewalk,Street & Sidewalk,Knife/Cutting Instrument,Other Major Injury,C
184980176,167012662,2022-06-01,St. Paul,MN0620900,13A,B,B,N,F,16,,N,RU,Highway/Road/Alley/Street/Sidewalk,Street & Sidewalk,Firearm,,C
184980177,167012662,2022-06-01,St. Paul,MN0620900,13A,B,B,N,F,20,,N,RU,Highway/Road/Alley/Street/Sidewalk,Street & Sidewalk,Firearm,,C
187158018,168908551,2022-06-01,St. Paul,MN0620900,13A,W,W,N,M,39,,N,RU,Highway/Road/Alley/Street/Sidewalk,Street & Sidewalk,Blunt Object,Minor Injury,C
170507145,154375964,2022-06-02,St. Paul,MN0620900,13A,B,B,N,F,16,,N,RU,Highway/Road/Alley/Street/Sidewalk,Street & Sidewalk,Firearm,,C
170507146,154375964,2022-06-02,St. Paul,MN0620900,13A,B,B,N,M,17,,N,RU,Highway/Road/Alley/Street/Sidewalk,Street & Sidewalk,Firearm,,C
171940400,155619611,2022-06-02,St. Paul,MN0620900,13A,W,W,N,M,55,,N,RU,Residence/Home,Home,Knife/Cutting Instrument,,C
172937359,156495847,2022-06-02,St. Paul,MN0620900,13A,W,W,N,M,70,,N,RU,Highway/Road/Alley/Street/Sidewalk,Street & Sidewalk,Firearm,Minor Injury,C
172937360,156495847,2022-06-02,St. Paul,MN0620900,13A,W,W,N,M,20,,N,RU,Highway/Road/Alley/Street/Sidewalk,Street & Sidewalk,Firearm,Minor Injury,C
170005052,153934334,2022-06-03,St. Paul,MN0620900,13A,B,B,N,M,31,,N,RU,Restaurant,Restaurant,Knife/Cutting Instrument,,C
178236092,161120375,2022-06-03,St. Paul,MN0620900,13A,B,B,N,F,35,,N,RU,Residence/Home,Home,Knife/Cutting Instrument;Other;Personal Weapons,Minor Injury;Possible Internal Injury,C
185592365,167547690,2022-06-03,St. Paul,MN0620900,13A,B,B,N,F,18,,N,RU,Residence/Home,Home,Asphyxiation;Firearm;Personal Weapons,Minor Injury,C
185592366,167547690,2022-06-03,St. Paul,MN0620900,13A,B,B,N,F,0,,N,RU,Residence/Home,Home,Asphyxiation;Firearm;Personal Weapons,,C
170005081,153934357,2022-06-04,St. Paul,MN0620900,13A,B,B,N,F,61,,N,RU,Residence/Home,Home,Personal Weapons,Unconscious,C
170005113,153934387,2022-06-04,St. Paul,MN0620900,13A,W,W,N,F,38,,N,RU,Highway/Road/Alley/Street/Sidewalk,Street & Sidewalk,Other,,C
170232652,154130370,2022-06-04,St. Paul,MN0620900,13A,U,U,U,F,20,,N,RU,Residence/Home,Home,Asphyxiation,Minor Injury,C
171106404,154893509,2022-06-04,St. Paul,MN0620900,13A,B,B,N,F,24,,N,RU,Residence/Home,Home,Handgun,,C
171106405,154893509,2022-06-04,St. Paul,MN0620900,13A,B,B,N,F,38,,N,RU,Residence/Home,Home,Handgun,,C
171114478,154900521,2022-06-04,St. Paul,MN0620900,13A,B,B,N,F,43,,N,RU,Residence/Home,Home,Asphyxiation;Personal Weapons,Unconscious,C
171855706,155548319,2022-06-04,St. Paul,MN0620900,13A,W,W,N,M,60,,N,RU,Convenience Store,Convenience Store,Knife/Cutting Instrument,,C
172937373,156495859,2022-06-04,St. Paul,MN0620900,13A,W,W,N,M,40,,N,RU,Highway/Road/Alley/Street/Sidewalk,Street & Sidewalk,Firearm,,C
178926875,161724134,2022-06-04,St. Paul,MN0620900,13A,B,B,N,M,31,,N,RU,Highway/Road/Alley/Street/Sidewalk,Street & Sidewalk,Firearm,Other Major Injury,C
180813579,163364905,2022-06-04,St. Paul,MN0620900,13A,B,B,U,F,15,,N,RU,Highway/Road/Alley/Street/Sidewalk,Street & Sidewalk,Other,Minor Injury,C
170034397,153959925,2022-06-05,St. Paul,MN0620900,13A,U,U,X,M,32,,N,RU;VO,Residence/Home,Home,Knife/Cutting Instrument,,C
170034398,153959925,2022-06-05,St. Paul,MN0620900,13A,U,U,U,F,25,,N,RU;VO,Residence/Home,Home,Knife/Cutting Instrument,,C
171106417,154893520,2022-06-05,St. Paul,MN0620900,13A,B,B,N,M,20,,N,RU,Highway/Road/Alley/Street/Sidewalk,Street & Sidewalk,Firearm,Apparent Broken Bones;Other Major Injury,C
171295110,155057238,2022-06-05,St. Paul,MN0620900,13A,B,B,N,M,28,,N,RU,Parking/Drop Lot/Garage,Parking Lot,Knife/Cutting Instrument;Personal Weapons,Minor Injury,C
171400910,155150288,2022-06-05,St. Paul,MN0620900,13A,B,B,N,F,23,,N,RU,Highway/Road/Alley/Street/Sidewalk,Street & Sidewalk,Motor Vehicle/Vessel,,C
172937384,156495868,2022-06-05,St. Paul,MN0620900,13A,B,B,N,F,32,,N,RU,Bar/Nightclub,Bar & Nightclub,Knife/Cutting Instrument,Severe Laceration,C
172937389,156495868,2022-06-05,St. Paul,MN0620900,13A,H,W,H,M,41,,N,RU,Bar/Nightclub,Bar & Nightclub,Knife/Cutting Instrument,Severe Laceration,C
172937394,156495871,2022-06-05,St. Paul,MN0620900,13A,B,B,N,M,34,,N,RU,Bar/Nightclub,Bar & Nightclub,Blunt Object,Minor Injury,C
173015938,156564812,2022-06-05,St. Paul,MN0620900,13A,W,W,U,F,63,,N,RU,Highway/Road/Alley/Street/Sidewalk,Street & Sidewalk,Firearm,,C
174443924,157807634,2022-06-05,St. Paul,MN0620900,13A,W,W,N,M,35,,N,RU,Highway/Road/Alley/Street/Sidewalk,Street & Sidewalk,Firearm,Minor Injury,C
175023780,158313255,2022-06-05,St. Paul,MN0620900,13A,W,W,N,F,24,,N,RU,Residence/Home,Home,Unknown,,C
175629126,158841998,2022-06-05,St. Paul,MN0620900,13A,B,B,N,F,22,,N,RU,Service/Gas Station,Gas Station,Handgun,,C
171343365,155099606,2022-06-06,St. Paul,MN0620900,13A,W,W,N,F,26,,N,RU,Residence/Home,Home,Asphyxiation,Minor Injury,C
172353467,155988364,2022-06-06,St. Paul,MN0620900,13A,B,B,N,F,24,,N,RU,Highway/Road/Alley/Street/Sidewalk,Street & Sidewalk,Motor Vehicle/Vessel;Personal Weapons,Minor Injury,C
172353468,155988364,2022-06-06,St. Paul,MN0620900,13A,B,B,N,M,5,,N,RU,Highway/Road/Alley/Street/Sidewalk,Street & Sidewalk,Motor Vehicle/Vessel;Personal Weapons,,C
172353469,155988364,2022-06-06,St. Paul,MN0620900,13A,B,B,N,M,4,,N,RU,Highway/Road/Alley/Street/Sidewalk,Street & Sidewalk,Motor Vehicle/Vessel;Personal Weapons,,C
172937403,156495880,2022-06-06,St. Paul,MN0620900,13A,A,A,N,M,,,N,RU,Highway/Road/Alley/Street/Sidewalk,Street & Sidewalk,Firearm,,C
172937404,156495880,2022-06-06,St. Paul,MN0620900,13A,A,A,N,M,37,,N,RU,Highway/Road/Alley/Street/Sidewalk,Street & Sidewalk,Firearm,,C
173638201,157107172,2022-06-06,St. Paul,MN0620900,13A,H,W,H,M,13,,N,RU,School-Elementary/Secondary,K-12 School,Asphyxiation,Minor Injury,C
176082071,159236375,2022-06-06,St. Paul,MN0620900,13A,U,U,U,F,0,,N,RU,Residence/Home,Home,,Possible Internal Injury,C
180813748,163365039,2022-06-06,St. Paul,MN0620900,13A,I,I,N,M,46,,N,RU,Highway/Road/Alley/Street/Sidewalk,Street & Sidewalk,Unknown,Apparent Broken Bones;Possible Internal Injury,C
170054086,153977470,2022-06-07,St. Paul,MN0620900,13A,B,B,U,F,,,N,RU,Residence/Home,Home,Firearm,,C
170505595,154374595,2022-06-07,St. Paul,MN0620900,13A,W,W,U,F,35,,N,RU,Highway/Road/Alley/Street/Sidewalk,Street & Sidewalk,Handgun,,C
171106443,154893542,2022-06-07,St. Paul,MN0620900,13A,B,B,N,M,41,,N,RU,Highway/Road/Alley/Street/Sidewalk,Street & Sidewalk,Firearm,Other Major Injury,C
171114494,154900532,2022-06-07,St. Paul,MN0620900,13A,B,B,N,F,24,,N,RU,Residence/Home,Home,,Severe Laceration,C
171508589,155242339,2022-06-07,St. Paul,MN0620900,13A,W,W,N,F,59,,N,RU,Residence/Home,Home,Knife/Cutting Instrument,,C
171508590,155242339,2022-06-07,St. Paul,MN0620900,13A,B,B,N,F,23,,N,RU,Residence/Home,Home,Knife/Cutting Instrument,,C
171940546,155619755,2022-06-07,St. Paul,MN0620900,13A,I,I,N,F,10,,N,RU,Residence/Home,Home,Blunt Object;Personal Weapons,Other Major Injury,C
171940547,155619755,2022-06-07,St. Paul,MN0620900,13A,I,I,N,M,9,,N,RU,Residence/Home,Home,Blunt Object;Personal Weapons,Other Major Injury,C
172937451,156495919,2022-06-07,St. Paul,MN0620900,13A,W,W,N,M,54,,N,RU,Highway/Road/Alley/Street/Sidewalk,Street & Sidewalk,Knife/Cutting Instrument,Severe Laceration,C
174561214,157910391,2022-06-07,St. Paul,MN0620900,13A,B,B,U,F,31,,N,RU,Residence/Home,Home,Asphyxiation,Minor Injury,C
175629130,158842001,2022-06-07,St. Paul,MN0620900,13A,B,B,U,M,56,,N,RU,Convenience Store,Convenience Store,Firearm,,C
178238397,161122500,2022-06-07,St. Paul,MN0620900,13A,B,B,U,F,31,,N,RU,Residence/Home,Home,Personal Weapons,Other Major Injury;Unconscious,C
170505728,154374715,2022-06-08,St. Paul,MN0620900,13A,W,W,N,F,43,,N,RU,Residence/Home,Home,Handgun,,C
170505729,154374715,2022-06-08,St. Paul,MN0620900,13A,W,W,N,M,45,,N,RU,Residence/Home,Home,Handgun,,C
170505730,154374715,2022-06-08,St. Paul,MN0620900,13A,W,W,N,F,65,,N,RU,Residence/Home,Home,Handgun,,C
170505991,154374935,2022-06-09,St. Paul,MN0620900,13A,B,B,N,F,51,,N,RU,Residence/Home,Home,Asphyxiation;Knife/Cutting Instrument,Minor Injury,C
171508594,155242343,2022-06-09,St. Paul,MN0620900,13A,B,B,N,F,34,,N,RU,Residence/Home,Home,Knife/Cutting Instrument,,C
171106539,154893625,2022-06-10,St. Paul,MN0620900,13A,B,B,N,F,16,,N,RU;VO,Residence/Home,Home,Blunt Object,,C
171106540,154893625,2022-06-10,St. Paul,MN0620900,13A,U,U,U,M,17,,N,RU;VO,Residence/Home,Home,Blunt Object,Minor Injury,C
171940716,155619924,2022-06-10,St. Paul,MN0620900,13A,B,B,U,M,58,,N,RU,Highway/Road/Alley/Street/Sidewalk,Street & Sidewalk,Firearm,Minor Injury,C
172937473,156495938,2022-06-10,St. Paul,MN0620900,13A,W,W,U,M,48,,N,RU,Grocery/Supermarket,Grocery Store,Unknown,,C
173083319,156622512,2022-06-10,St. Paul,MN0620900,13A,B,B,N,M,41,,N,RU,Park/Playground,Park & Playground,Knife/Cutting Instrument,Minor Injury,C
175941899,159115238,2022-06-10,St. Paul,MN0620900,13A,B,B,N,F,17,,N,RU,Parking/Drop Lot/Garage,Parking Lot,Handgun,,C
178239338,161123383,2022-06-10,St. Paul,MN0620900,13A,W,W,N,F,36,,N,RU,Residence/Home,Home,Blunt Object;Personal Weapons,,C
171114519,154900551,2022-06-11,St. Paul,MN0620900,13A,W,W,N,F,23,,N,RU,Residence/Home,Home,Asphyxiation;Personal Weapons,Minor Injury,C
172937502,156495965,2022-06-11,St. Paul,MN0620900,13A,B,B,N,F,40,,N,RU,Highway/Road/Alley/Street/Sidewalk,Street & Sidewalk,Firearm,,C
172937518,156495979,2022-06-12,St. Paul,MN0620900,13A,W,W,N,F,39,,N,RU,Service/Gas Station,Gas Station,Motor Vehicle/Vessel,Minor Injury,C
173083324,156622516,2022-06-12,St. Paul,MN0620900,13A,B,B,N,F,15,,N,RU,Residence/Home,Home,Knife/Cutting Instrument;Personal Weapons,Minor Injury,C
173638202,157107173,2022-06-12,St. Paul,MN0620900,13A,W,W,N,M,30,,N,RU,Hotel/Motel/Etc.,Hotel & Motel,Personal Weapons,Other Major Injury;Unconscious,C
174782600,158101809,2022-06-12,St. Paul,MN0620900,13A,W,W,U,F,20,,N,RU,Highway/Road/Alley/Street/Sidewalk,Street & Sidewalk,Personal Weapons,Unconscious,C
178240887,161124768,2022-06-12,St. Paul,MN0620900,13A,B,B,N,F,34,,N,RU,Highway/Road/Alley/Street/Sidewalk,Street & Sidewalk,Blunt Object,Minor Injury,C
186443662,168292360,2022-06-12,St. Paul,MN0620900,13A,B,B,N,M,35,,N,RU,Residence/Home,Home,Firearm,,C
171295690,155057749,2022-06-13,St. Paul,MN0620900,13A,B,B,N,M,63,,N,RU,Residence/Home,Home,Knife/Cutting Instrument,Other Major Injury,C
172938336,156496689,2022-06-13,St. Paul,MN0620900,13A,A,A,N,M,41,,N,RU,Commercial/Office Building,Office Building,Firearm,,C
172938345,156496695,2022-06-13,St. Paul,MN0620900,13A,B,B,N,M,17,,N,RU,Highway/Road/Alley/Street/Sidewalk,Street & Sidewalk,Handgun,,C
173083325,156622517,2022-06-13,St. Paul,MN0620900,13A,U,U,U,F,39,,N,RU,Residence/Home,Home,Asphyxiation;Personal Weapons,Apparent Broken Bones;Unconscious,C
180814071,163365335,2022-06-13,St. Paul,MN0620900,13A,U,U,U,M,35,,N,RU,Highway/Road/Alley/Street/Sidewalk,Street & Sidewalk,Handgun,,C
171295770,155057819,2022-06-14,St. Paul,MN0620900,13A,H,W,H,M,18,,N,RU,Highway/Road/Alley/Street/Sidewalk,Street & Sidewalk,Firearm,,C
173776841,157226940,2022-06-14,St. Paul,MN0620900,13A,A,A,U,M,65,,N,RU,Residence/Home,Home,Knife/Cutting Instrument,Severe Laceration,C
177931834,160852235,2022-06-14,St. Paul,MN0620900,13A,B,B,N,M,18,,N,RU,Residence/Home,Home,Knife/Cutting Instrument,Minor Injury,C
180814089,163365352,2022-06-14,St. Paul,MN0620900,13A,B,B,N,F,26,,N,RU,Residence/Home,Home,Handgun,,C
171343391,155099631,2022-06-15,St. Paul,MN0620900,13A,B,B,N,F,22,,N,RU,Residence/Home,Home,Knife/Cutting Instrument,Minor Injury,C
172938367,156496713,2022-06-16,St. Paul,MN0620900,13A,B,B,U,F,27,,N,RU,Highway/Road/Alley/Street/Sidewalk,Street & Sidewalk,Handgun,,C
178926881,161724138,2022-06-16,St. Paul,MN0620900,13A,A,A,N,M,46,,N,RU,Highway/Road/Alley/Street/Sidewalk,Street & Sidewalk,Firearm,Minor Injury,C
178926882,161724138,2022-06-16,St. Paul,MN0620900,13A,B,B,N,M,18,,N,RU,Highway/Road/Alley/Street/Sidewalk,Street & Sidewalk,Firearm,,C
180814480,163365718,2022-06-16,St. Paul,MN0620900,13A,B,B,N,M,20,,N,RU,Highway/Road/Alley/Street/Sidewalk,Street & Sidewalk,Firearm,Apparent Broken Bones;Severe Laceration,C
171106987,154894016,2022-06-17,St. Paul,MN0620900,13A,W,W,N,F,43,,N,RU,Highway/Road/Alley/Street/Sidewalk,Street & Sidewalk,Firearm,,C
171106988,154894016,2022-06-17,St. Paul,MN0620900,13A,W,W,U,F,42,,N,RU,Highway/Road/Alley/Street/Sidewalk,Street & Sidewalk,Firearm,,C
171106989,154894016,2022-06-17,St. Paul,MN0620900,13A,U,U,U,M,4,,N,RU,Highway/Road/Alley/Street/Sidewalk,Street & Sidewalk,Firearm,,C
173015972,156564841,2022-06-17,St. Paul,MN0620900,13A,A,A,N,M,45,,N,RU,Residence/Home,Home,Firearm,Other Major Injury,C
173015973,156564841,2022-06-17,St. Paul,MN0620900,13A,W,W,N,F,30,,N,RU,Residence/Home,Home,Firearm,Other Major Injury,C
173015974,156564841,2022-06-17,St. Paul,MN0620900,13A,W,W,N,F,35,,N,RU,Residence/Home,Home,Firearm,Minor Injury,C
174408620,157776979,2022-06-17,St. Paul,MN0620900,13A,H,W,H,M,30,,N,RU,Grocery/Supermarket,Grocery Store,Knife/Cutting Instrument,,C
178732238,161554368,2022-06-17,St. Paul,MN0620900,13A,B,B,N,M,19,,N,RU,Community Center,Community Center,Firearm;Personal Weapons,Minor Injury,C
187679718,169366413,2022-06-17,St. Paul,MN0620900,13A,A,A,N,F,38,,N,RU,Highway/Road/Alley/Street/Sidewalk,Street & Sidewalk,Handgun,,C
171114632,154900647,2022-06-18,St. Paul,MN0620900,13A,W,W,N,M,39,,N,RU,Bar/Nightclub,Bar & Nightclub,Firearm,,C
171114643,154900656,2022-06-18,St. Paul,MN0620900,13A,B,B,N,F,37,,N,RU,Residence/Home,Home,Asphyxiation,Minor Injury,C
178457646,161316760,2022-06-18,St. Paul,MN0620900,13A,H,W,H,M,37,,N,RU,Residence/Home,Home,Personal Weapons,Severe Laceration;Unconscious,C
170954043,154761077,2022-06-19,St. Paul,MN0620900,13A,B,B,N,M,42,,N,,Residence/Home,Home,Blunt Object,Minor Injury,C
171114651,154900663,2022-06-19,St. Paul,MN0620900,13A,A,A,N,F,31,,N,RU,Residence/Home,Home,Asphyxiation,,C
171114656,154900668,2022-06-19,St. Paul,MN0620900,13A,H,W,H,F,24,,N,RU,Residence/Home,Home,Asphyxiation;Personal Weapons,Other Major Injury;Unconscious,C
171114685,154900688,2022-06-19,St. Paul,MN0620900,13A,B,B,N,F,23,,N,RU,Residence/Home,Home,Asphyxiation;Personal Weapons,Minor Injury,C
174485617,157844227,2022-06-19,St. Paul,MN0620900,13A,B,B,N,F,15,,N,RU,Highway/Road/Alley/Street/Sidewalk,Street & Sidewalk,Handgun,,C
174485618,157844227,2022-06-19,St. Paul,MN0620900,13A,B,B,N,F,17,,N,RU,Highway/Road/Alley/Street/Sidewalk,Street & Sidewalk,Handgun,,C
174485619,157844227,2022-06-19,St. Paul,MN0620900,13A,B,B,N,F,18,,N,RU,Highway/Road/Alley/Street/Sidewalk,Street & Sidewalk,Handgun,,C
176265989,159397032,2022-06-19,St. Paul,MN0620900,13A,B,B,N,M,17,,N,RU,Highway/Road/Alley/Street/Sidewalk,Street & Sidewalk,Firearm,Other Major Injury,C
178479792,161336184,2022-06-19,St. Paul,MN0620900,13A,B,B,N,M,34,,N,RU,Highway/Road/Alley/Street/Sidewalk,Street & Sidewalk,Personal Weapons,Unconscious,C
172539755,156149954,2022-06-20,St. Paul,MN0620900,13A,U,U,U,F,1,,N,RU,Residence/Home,Home,Unknown,Apparent Broken Bones;Possible Internal Injury,C
183999724,166156399,2022-06-20,St. Paul,MN0620900,13A,B,B,N,M,15,,N,RU,Highway/Road/Alley/Street/Sidewalk,Street & Sidewalk,Knife/Cutting Instrument;Personal Weapons,Minor Injury,C
183999725,166156399,2022-06-20,St. Paul,MN0620900,13A,B,B,N,M,16,,N,RU,Highway/Road/Alley/Street/Sidewalk,Street & Sidewalk,Knife/Cutting Instrument;Personal Weapons,,C
171296824,155058773,2022-06-21,St. Paul,MN0620900,13A,W,W,N,M,36,,N,RU,Highway/Road/Alley/Street/Sidewalk,Street & Sidewalk,Knife/Cutting Instrument;Personal Weapons,Other Major Injury,C
171508666,155242403,2022-06-21,St. Paul,MN0620900,13A,B,B,N,F,28,,N,RU,Residence/Home,Home,Other,,C
172938446,156496779,2022-06-21,St. Paul,MN0620900,13A,B,B,N,M,18,,N,RU,Highway/Road/Alley/Street/Sidewalk,Street & Sidewalk,Firearm,Minor Injury,C
174328306,157706906,2022-06-21,St. Paul,MN0620900,13A,B,B,N,M,42,,N,RU,Shelter-Mission/Homeless,Shelter,Handgun,Minor Injury,C
174328307,157706906,2022-06-21,St. Paul,MN0620900,13A,B,B,N,M,22,,N,RU,Shelter-Mission/Homeless,Shelter,Handgun,,C
176691215,159767276,2022-06-21,St. Paul,MN0620900,13A,W,W,N,M,47,,N,RU,Residence/Home,Home,Handgun,,C
177834904,160768039,2022-06-21,St. Paul,MN0620900,13A,W,W,N,F,26,,N,RU,Residence/Home,Home,Blunt Object,,C
177834906,160768039,2022-06-21,St. Paul,MN0620900,13A,B,B,N,F,56,,N,RU,Residence/Home,Home,Blunt Object,,C
178501169,161354373,2022-06-21,St. Paul,MN0620900,13A,W,W,N,M,13,,N,RU,Residence/Home,Home,Knife/Cutting Instrument;Personal Weapons,Minor Injury,C
178501170,161354373,2022-06-21,St. Paul,MN0620900,13A,W,W,N,M,43,,N,RU,Residence/Home,Home,Knife/Cutting Instrument;Personal Weapons,Minor Injury,C
178501171,161354374,2022-06-21,St. Paul,MN0620900,13A,B,B,N,F,34,,N,RU,Highway/Road/Alley/Street/Sidewalk,Street & Sidewalk,Asphyxiation;Personal Weapons,Minor Injury,C
185066867,167089251,2022-06-21,St. Paul,MN0620900,13A,B,B,U,M,18,,N,RU,Highway/Road/Alley/Street/Sidewalk,Street & Sidewalk,Firearm,Other Major Injury,C
171508687,155242424,2022-06-22,St. Paul,MN0620900,13A,B,B,N,F,25,,N,RU,Residence/Home,Home,Asphyxiation,Minor Injury,C
172938452,156496784,2022-06-22,St. Paul,MN0620900,13A,U,U,U,M,38,,N,RU,Residence/Home,Home,Blunt Object,,C
171508699,155242435,2022-06-23,St. Paul,MN0620900,13A,W,W,N,F,32,,N,RU,Residence/Home,Home,Knife/Cutting Instrument,Minor Injury,C
171941241,155620443,2022-06-23,St. Paul,MN0620900,13A,H,W,H,F,33,,N,RU,Residence/Home,Home,Blunt Object,,C
171941242,155620443,2022-06-23,St. Paul,MN0620900,13A,H,W,H,F,41,,N,RU,Residence/Home,Home,Blunt Object,Apparent Broken Bones,C
178501173,161354376,2022-06-23,St. Paul,MN0620900,13A,A,A,N,F,37,,N,RU,Park/Playground,Park & Playground,Knife/Cutting Instrument;Personal Weapons,Severe Laceration,C
179233470,161990978,2022-06-23,St. Paul,MN0620900,13A,B,B,U,F,50,,N,RU,Residence/Home,Home,Blunt Object;Knife/Cutting Instrument;Personal Weapons,Minor Injury,C
179284190,162035189,2022-06-23,St. Paul,MN0620900,13A,H,U,H,F,49,,N,RU,Highway/Road/Alley/Street/Sidewalk,Street & Sidewalk,Handgun,,C
180815237,163366391,2022-06-23,St. Paul,MN0620900,13A,B,B,U,M,47,,N,RU,Highway/Road/Alley/Street/Sidewalk,Street & Sidewalk,Firearm,,C
180815238,163366391,2022-06-23,St. Paul,MN0620900,13A,B,B,U,F,18,,N,RU,Highway/Road/Alley/Street/Sidewalk,Street & Sidewalk,Firearm,,C
172366655,156000060,2022-06-24,St. Paul,MN0620900,13A,B,B,N,M,33,,N,RU,Residence/Home,Home,Knife/Cutting Instrument,Minor Injury,C
173043769,156588871,2022-06-24,St. Paul,MN0620900,13A,B,B,U,M,58,,N,RU,Residence/Home,Home,Other,Minor Injury,C
173083333,156622522,2022-06-24,St. Paul,MN0620900,13A,W,W,N,M,43,,N,RU,Residence/Home,Home,Knife/Cutting Instrument,,C
180731930,163293076,2022-06-24,St. Paul,MN0620900,13A,B,B,N,M,48,,N,RU,Highway/Road/Alley/Street/Sidewalk,Street & Sidewalk,Firearm,Other Major Injury,C
171508765,155242494,2022-06-25,St. Paul,MN0620900,13A,W,W,U,F,55,,N,RU,Residence/Home,Home,Personal Weapons,Apparent Broken Bones,C
175023823,158313289,2022-06-25,St. Paul,MN0620900,13A,U,U,U,M,36,,N,RU,Highway/Road/Alley/Street/Sidewalk,Street & Sidewalk,Handgun,,C
180781329,163336602,2022-06-25,St. Paul,MN0620900,13A,A,A,N,F,41,,N,RU,Other/Unknown,Other & Unknown,Motor Vehicle/Vessel,Minor Injury,C
173043885,156588980,2022-06-26,St. Paul,MN0620900,13A,W,W,N,F,49,,N,RU,Highway/Road/Alley/Street/Sidewalk,Street & Sidewalk,Firearm,,C
174753114,158076336,2022-06-26,St. Paul,MN0620900,13A,B,B,N,F,24,,N,RU,Residence/Home,Home,Firearm,,C
177834608,160767774,2022-06-26,St. Paul,MN0620900,13A,W,W,N,M,34,,N,RU,Highway/Road/Alley/Street/Sidewalk,Street & Sidewalk,Handgun,,C
178732663,161554732,2022-06-26,St. Paul,MN0620900,13A,W,W,U,F,70,,N,RU,Restaurant,Restaurant,Personal Weapons,Other Major Injury,C
180815365,163366509,2022-06-26,St. Paul,MN0620900,13A,A,A,N,M,22,,N,RU;VO,Residence/Home,Home,Handgun,Other Major Injury,C
180815366,163366509,2022-06-26,St. Paul,MN0620900,13A,U,U,U,M,18,,N,RU;VO,Residence/Home,Home,Handgun,Other Major Injury,C
186443717,168292407,2022-06-26,St. Paul,MN0620900,13A,B,B,N,M,21,,N,RU,Parking/Drop Lot/Garage,Parking Lot,Firearm,Minor Injury,C
171941286,155620485,2022-06-27,St. Paul,MN0620900,13A,H,W,H,F,44,,N,RU,Highway/Road/Alley/Street/Sidewalk,Street & Sidewalk,Knife/Cutting Instrument,Severe Laceration,C
172938489,156496818,2022-06-27,St. Paul,MN0620900,13A,B,B,N,F,24,,N,RU,Highway/Road/Alley/Street/Sidewalk,Street & Sidewalk,Firearm,,C
172938490,156496818,2022-06-27,St. Paul,MN0620900,13A,B,B,N,F,63,,N,RU,Highway/Road/Alley/Street/Sidewalk,Street & Sidewalk,Firearm,,C
172938491,156496818,2022-06-27,St. Paul,MN0620900,13A,B,B,N,M,46,,N,RU,Highway/Road/Alley/Street/Sidewalk,Street & Sidewalk,Firearm,,C
172938492,156496818,2022-06-27,St. Paul,MN0620900,13A,B,B,N,M,46,,N,RU,Highway/Road/Alley/Street/Sidewalk,Street & Sidewalk,Firearm,,C
172938497,156496823,2022-06-27,St. Paul,MN0620900,13A,B,B,N,F,41,,N,RU,Residence/Home,Home,Knife/Cutting Instrument,,C
173171140,156698515,2022-06-27,St. Paul,MN0620900,13A,B,B,N,F,30,,N,RU,Residence/Home,Home,Asphyxiation,,C
176225530,159362113,2022-06-27,St. Paul,MN0620900,13A,A,A,N,F,13,,N,RU,Residence/Home,Home,Blunt Object;Personal Weapons,Minor Injury,C
176691262,159767322,2022-06-27,St. Paul,MN0620900,13A,B,B,N,F,26,,N,RU,Residence/Home,Home,Firearm,Other Major Injury,C
178781553,161596740,2022-06-27,St. Paul,MN0620900,13A,W,W,N,F,30,,N,RU,Highway/Road/Alley/Street/Sidewalk,Street & Sidewalk,Blunt Object,Minor Injury,C
179179438,161943268,2022-06-27,St. Paul,MN0620900,13A,B,B,N,F,21,,N,RU,Residence/Home,Home,,Unconscious,C
180815438,163366568,2022-06-27,St. Paul,MN0620900,13A,W,W,U,M,44,,N,RU,Parking/Drop Lot/Garage,Parking Lot,Knife/Cutting Instrument,,C
180815485,163366610,2022-06-27,St. Paul,MN0620900,13A,W,W,N,M,30,,N,RU,Convenience Store,Convenience Store,Blunt Object,Minor Injury,C
180815534,163366652,2022-06-27,St. Paul,MN0620900,13A,W,W,N,F,35,,N,RU,Residence/Home,Home,Knife/Cutting Instrument,Other Major Injury;Severe Laceration,C
171508805,155242533,2022-06-28,St. Paul,MN0620900,13A,B,B,U,F,27,,N,RU,Residence/Home,Home,Asphyxiation;Knife/Cutting Instrument,Possible Internal Injury,C
171508808,155242535,2022-06-28,St. Paul,MN0620900,13A,W,W,N,F,30,,N,RU,Highway/Road/Alley/Street/Sidewalk,Street & Sidewalk,Blunt Object,Minor Injury,C
171941270,155620471,2022-06-28,St. Paul,MN0620900,13A,B,B,N,M,25,,N,RU,Residence/Home,Home,Blunt Object,Apparent Broken Bones,C
175118102,158395741,2022-06-28,St. Paul,MN0620900,13A,U,U,U,M,18,,N,RU,Residence/Home,Home,Knife/Cutting Instrument,Other Major Injury,C
177449222,160432556,2022-06-28,St. Paul,MN0620900,13A,W,W,N,F,46,,N,RU,Residence/Home,Home,Firearm,,C
177729040,160676035,2022-06-28,St. Paul,MN0620900,13A,B,B,N,F,52,,N,RU,Residence/Home,Home,Handgun,Minor Injury,C
172878407,156444472,2022-06-29,St. Paul,MN0620900,13A,B,B,U,M,45,,N,RU,Residence/Home,Home,Blunt Object,Minor Injury,C
173083348,156622536,2022-06-29,St. Paul,MN0620900,13A,B,B,N,F,20,,N,RU,Highway/Road/Alley/Street/Sidewalk,Street & Sidewalk,Handgun,,C
173441043,156935138,2022-06-29,St. Paul,MN0620900,13A,B,B,U,M,42,,N,RU,Highway/Road/Alley/Street/Sidewalk,Street & Sidewalk,Firearm,,C
178732923,161554947,2022-06-29,St. Paul,MN0620900,13A,U,U,U,F,25,,N,RU,Residence/Home,Home,Firearm,,C
171941280,155620479,2022-06-30,St. Paul,MN0620900,13A,W,W,N,F,24,,N,RU,Residence/Home,Home,Knife/Cutting Instrument,,C
171941284,155620483,2022-06-30,St. Paul,MN0620900,13A,W,W,N,M,60,,N,RU,Residence/Home,Home,Blunt Object,Minor Injury,C
174561236,157910411,2022-06-30,St. Paul,MN0620900,13A,B,B,N,F,50,,N,RU,Rest Area,Rest Area,Handgun,Minor Injury,C
180815792,163366874,2022-06-30,St. Paul,MN0620900,13A,B,B,N,F,16,,N,RU,Parking/Drop Lot/Garage,Parking Lot,Handgun,,C
172938564,156496884,2022-07-01,St. Paul,MN0620900,13A,B,B,N,M,41,,N,RU,Residence/Home,Home,Firearm;Personal Weapons,Minor Injury,C
173509244,156995660,2022-07-01,St. Paul,MN0620900,13A,B,B,N,F,33,,N,RU,Highway/Road/Alley/Street/Sidewalk,Street & Sidewalk,Handgun,,C
172353672,155988552,2022-07-02,St. Paul,MN0620900,13A,B,B,N,F,24,,N,RU,Residence/Home,Home,Knife/Cutting Instrument,,C
172938581,156496895,2022-07-02,St. Paul,MN0620900,13A,B,B,N,M,44,,N,RU,Residence/Home,Home,Knife/Cutting Instrument,Minor Injury,C
173083354,156622542,2022-07-02,St. Paul,MN0620900,13A,B,B,N,F,37,,N,RU,Residence/Home,Home,Unknown,,C
173083355,156622542,2022-07-02,St. Paul,MN0620900,13A,B,B,N,F,11,,N,RU,Residence/Home,Home,Unknown,,C
173638213,157107181,2022-07-02,St. Paul,MN0620900,13A,U,U,U,F,9,,N,RU,Highway/Road/Alley/Street/Sidewalk,Street & Sidewalk,Firearm,,C
174924415,158225744,2022-07-02,St. Paul,MN0620900,13A,B,B,N,M,33,,N,RU,Residence/Home,Home,Handgun,,C
178733040,161555049,2022-07-02,St. Paul,MN0620900,13A,W,W,N,F,49,,N,RU,Residence/Home,Home,Knife/Cutting Instrument,Minor Injury,C
171941503,155620674,2022-07-03,St. Paul,MN0620900,13A,B,B,N,F,34,,N,RU,Residence/Home,Home,Asphyxiation,Minor Injury,C
171941629,155620781,2022-07-03,St. Paul,MN0620900,13A,W,W,N,M,40,,N,RU,Highway/Road/Alley/Street/Sidewalk,Street & Sidewalk,Firearm,,C
171941703,155620846,2022-07-03,St. Paul,MN0620900,13A,B,B,N,M,26,,N,RU,Residence/Home,Home,Knife/Cutting Instrument,Severe Laceration,C
173044352,156589381,2022-07-03,St. Paul,MN0620900,13A,B,B,N,F,25,,N,RU,Residence/Home,Home,Knife/Cutting Instrument;Personal Weapons,Minor Injury,C
174328322,157706921,2022-07-03,St. Paul,MN0620900,13A,W,W,U,M,52,,N,RU,Residence/Home,Home,Unknown,Minor Injury,C
175118108,158395747,2022-07-03,St. Paul,MN0620900,13A,B,B,N,M,45,,N,RU,Church/Synagogue/Temple/Mosque,Religious Building,Motor Vehicle/Vessel,,C
175629149,158842019,2022-07-03,St. Paul,MN0620900,13A,B,B,N,M,20,,N,RU,Highway/Road/Alley/Street/Sidewalk,Street & Sidewalk,Firearm (Automatic),,C
177449228,160432561,2022-07-03,St. Paul,MN0620900,13A,B,B,N,F,43,,N,RU,Residence/Home,Home,Blunt Object,Loss of Teeth;Possible Internal Injury,C
185067045,167089422,2022-07-03,St. Paul,MN0620900,13A,B,B,N,F,34,,N,RU,Residence/Home,Home,Asphyxiation;Personal Weapons,Minor Injury,C
171941756,155620899,2022-07-04,St. Paul,MN0620900,13A,B,B,N,M,62,,N,RU,Residence/Home,Home,Unknown,Other Major Injury,C
171941773,155620915,2022-07-04,St. Paul,MN0620900,13A,B,B,N,M,14,,N,RU,Other/Unknown,Other & Unknown,Firearm,Other Major Injury,C
172784038,156362430,2022-07-04,St. Paul,MN0620900,13A,H,W,H,F,25,,N,RU,Highway/Road/Alley/Street/Sidewalk,Street & Sidewalk,Personal Weapons,Severe Laceration,C
172938610,156496922,2022-07-04,St. Paul,MN0620900,13A,B,B,U,M,22,,N,RU,Parking/Drop Lot/Garage,Parking Lot,Firearm,Other Major Injury,C
172938614,156496926,2022-07-04,St. Paul,MN0620900,13A,B,B,N,M,20,,N,RU,Highway/Road/Alley/Street/Sidewalk,Street & Sidewalk,Firearm,Other Major Injury,C
173083369,156622554,2022-07-04,St. Paul,MN0620900,13A,B,B,U,M,28,,N,RU,Park/Playground,Park & Playground,Firearm,Other Major Injury,C
173665133,157130776,2022-07-04,St. Paul,MN0620900,13A,B,B,U,M,51,,N,RU,Highway/Road/Alley/Street/Sidewalk,Street & Sidewalk,Firearm,Other Major Injury,C
175437694,158673386,2022-07-04,St. Paul,MN0620900,13A,B,B,N,F,28,,N,RU,Residence/Home,Home,Firearm,,C
175437695,158673386,2022-07-04,St. Paul,MN0620900,13A,A,A,N,F,4,,N,RU,Residence/Home,Home,Firearm,,C
175437696,158673386,2022-07-04,St. Paul,MN0620900,13A,A,A,N,M,31,,N,RU,Residence/Home,Home,Firearm,,C
175437697,158673386,2022-07-04,St. Paul,MN0620900,13A,A,A,N,F,30,,N,RU,Residence/Home,Home,Firearm,,C
175437698,158673386,2022-07-04,St. Paul,MN0620900,13A,A,A,N,F,6,,N,RU,Residence/Home,Home,Firearm,,C
175437699,158673386,2022-07-04,St. Paul,MN0620900,13A,B,B,N,M,19,,N,RU,Residence/Home,Home,Firearm,,C
176520530,159618449,2022-07-04,St. Paul,MN0620900,13A,B,B,N,M,12,,N,RU,Park/Playground,Park & Playground,Firearm,Other Major Injury,C
171941973,155621081,2022-07-05,St. Paul,MN0620900,13A,W,W,U,F,42,,N,RU,Residence/Home,Home,Blunt Object,Minor Injury,C
171942121,155621208,2022-07-05,St. Paul,MN0620900,13A,B,B,U,M,60,,N,RU,Highway/Road/Alley/Street/Sidewalk,Street & Sidewalk,Firearm,,C
174312902,157693424,2022-07-05,St. Paul,MN0620900,13A,B,B,N,F,34,,N,RU,Residence/Home,Home,Firearm,,C
182107082,164505120,2022-07-05,St. Paul,MN0620900,13A,B,B,N,M,28,,N,RU,Field/Woods,Field & Woods,Firearm,Other Major Injury,C
182107083,164505120,2022-07-05,St. Paul,MN0620900,13A,B,B,N,F,,,N,RU;VO,Field/Woods,Field & Woods,Firearm,Other Major Injury,C
172938688,156496986,2022-07-06,St. Paul,MN0620900,13A,B,B,N,M,25,,N,RU,Residence/Home,Home,Handgun,,C
172938689,156496986,2022-07-06,St. Paul,MN0620900,13A,B,B,N,M,3,,N,RU,Residence/Home,Home,Handgun,,C
172938693,156496988,2022-07-06,St. Paul,MN0620900,13A,B,B,N,M,14,,N,RU,Highway/Road/Alley/Street/Sidewalk,Street & Sidewalk,Firearm,Other Major Injury,C
173083371,156622556,2022-07-06,St. Paul,MN0620900,13A,B,B,N,F,58,,N,RU,Highway/Road/Alley/Street/Sidewalk,Street & Sidewalk,Firearm,,C
173083372,156622556,2022-07-06,St. Paul,MN0620900,13A,B,B,N,M,42,,N,RU,Highway/Road/Alley/Street/Sidewalk,Street & Sidewalk,Firearm,,C
173083373,156622556,2022-07-06,St. Paul,MN0620900,13A,B,B,N,U,63,,N,RU,Highway/Road/Alley/Street/Sidewalk,Street & Sidewalk,Firearm,,C
175118112,158395751,2022-07-06,St. Paul,MN0620900,13A,B,B,N,F,31,,N,RU,Highway/Road/Alley/Street/Sidewalk,Street & Sidewalk,Firearm;Motor Vehicle/Vessel,Minor Injury,C
176520531,159618450,2022-07-06,St. Paul,MN0620900,13A,W,W,U,M,73,,N,RU,Park/Playground,Park & Playground,Personal Weapons,Possible Internal Injury,C
186912184,168699994,2022-07-06,St. Paul,MN0620900,13A,B,B,N,M,14,,N,RU,Highway/Road/Alley/Street/Sidewalk,Street & Sidewalk,Handgun,Other Major Injury,C
171942699,155621718,2022-07-07,St. Paul,MN0620900,13A,H,U,H,M,36,,N,RU,Highway/Road/Alley/Street/Sidewalk,Street & Sidewalk,Handgun,,C
171942700,155621718,2022-07-07,St. Paul,MN0620900,13A,H,U,H,M,29,,N,RU,Highway/Road/Alley/Street/Sidewalk,Street & Sidewalk,Handgun,,C
173441121,156935212,2022-07-07,St. Paul,MN0620900,13A,B,B,N,F,31,,N,RU,Residence/Home,Home,Blunt Object,Minor Injury,C
174924418,158225747,2022-07-07,St. Paul,MN0620900,13A,U,U,U,M,43,,N,RU,Convenience Store,Convenience Store,Handgun,,C
177449233,160432566,2022-07-07,St. Paul,MN0620900,13A,I,I,N,M,35,,N,RU,Residence/Home,Home,Knife/Cutting Instrument,Possible Internal Injury,C
186637843,168461227,2022-07-07,St. Paul,MN0620900,13A,W,W,N,F,36,,N,RU,Residence/Home,Home,Firearm,,C
171945345,155624086,2022-07-08,St. Paul,MN0620900,13A,U,U,N,M,34,,N,RU,Residence/Home,Home,Knife/Cutting Instrument,Other Major Injury,C
173665138,157130780,2022-07-08,St. Paul,MN0620900,13A,B,B,N,F,29,,N,RU,Residence/Home,Home,Handgun,,C
174328335,157706931,2022-07-08,St. Paul,MN0620900,13A,W,W,N,F,46,,N,RU,Other/Unknown,Other & Unknown,Blunt Object,Minor Injury,C
178733364,161555328,2022-07-08,St. Paul,MN0620900,13A,B,B,N,F,21,,N,RU,Parking/Drop Lot/Garage,Parking Lot,Firearm,Minor Injury,C
182107084,164505121,2022-07-08,St. Paul,MN0620900,13A,W,W,N,M,40,,N,RU,Highway/Road/Alley/Street/Sidewalk,Street & Sidewalk,Blunt Object,Other Major Injury;Possible Internal Injury,C
173509506,156995875,2022-07-09,St. Paul,MN0620900,13A,B,B,U,F,51,,N,RU,Residence/Home,Home,Personal Weapons,Possible Internal Injury;Severe Laceration;Unconscious,C
174561258,157910429,2022-07-09,St. Paul,MN0620900,13A,B,B,N,F,29,,N,RU,Highway/Road/Alley/Street/Sidewalk,Street & Sidewalk,Handgun,,C
173441150,156935240,2022-07-10,St. Paul,MN0620900,13A,W,W,N,M,45,,N,RU,Residence/Home,Home,Knife/Cutting Instrument,,C
173441151,156935240,2022-07-10,St. Paul,MN0620900,13A,W,W,N,F,37,,N,RU,Residence/Home,Home,Knife/Cutting Instrument,,C
174485634,157844240,2022-07-10,St. Paul,MN0620900,13A,I,I,U,F,23,,N,RU,Residence/Home,Home,Asphyxiation;Firearm,Minor Injury,C
175894003,159074115,2022-07-10,St. Paul,MN0620900,13A,B,B,N,M,42,,N,RU,Residence/Home,Home,Knife/Cutting Instrument,,C
180808745,163360698,2022-07-10,St. Paul,MN0620900,13A,U,U,U,M,,,N,RU,Residence/Home,Home,Other,,C
180808746,163360698,2022-07-10,St. Paul,MN0620900,13A,U,U,U,M,,,N,RU,Residence/Home,Home,Other,,C
183695298,165891863,2022-07-10,St. Paul,MN0620900,13A,W,W,N,M,29,,N,RU,Residence/Home,Home,Knife/Cutting Instrument,,C
173048601,156592863,2022-07-11,St. Paul,MN0620900,13A,H,U,H,F,19,,N,RU,Residence/Home,Home,Firearm,,C
176225543,159362118,2022-07-11,St. Paul,MN0620900,13A,W,W,U,F,41,,N,RU,Residence/Home,Home,Handgun (Automatic),Minor Injury,C
172697348,156287455,2022-07-12,St. Paul,MN0620900,13A,U,U,U,M,30,,N,RU,Residence/Home,Home,Knife/Cutting Instrument,Severe Laceration,C
172938863,156497140,2022-07-12,St. Paul,MN0620900,13A,A,A,N,F,34,,N,RU,Highway/Road/Alley/Street/Sidewalk,Street & Sidewalk,,,C
173303672,156814714,2022-07-12,St. Paul,MN0620900,13A,U,U,N,F,34,,N,RU,Residence/Home,Home,,Possible Internal Injury,C
173509457,156995832,2022-07-12,St. Paul,MN0620900,13A,B,B,U,F,38,,N,RU,Residence/Home,Home,Firearm;Knife/Cutting Instrument,Minor Injury,C
174661446,157997407,2022-07-12,St. Paul,MN0620900,13A,U,U,X,M,18,,N,RU,Residence/Home,Home,Firearm,Other Major Injury,C
173048824,156593058,2022-07-13,St. Paul,MN0620900,13A,W,W,N,M,27,,N,RU,Residence/Home,Home,Knife/Cutting Instrument;Personal Weapons,Minor Injury,C
173083388,156622569,2022-07-13,St. Paul,MN0620900,13A,B,B,N,F,35,,N,RU,Residence/Home,Home,,Possible Internal Injury,C
173638223,157107191,2022-07-13,St. Paul,MN0620900,13A,B,B,N,M,33,,N,RU,Department/Discount Store,Department Store,Knife/Cutting Instrument,,C
173638224,157107191,2022-07-13,St. Paul,MN0620900,13A,B,B,N,M,52,,N,RU,Department/Discount Store,Department Store,Knife/Cutting Instrument,,C
174485636,157844242,2022-07-13,St. Paul,MN0620900,13A,A,A,N,M,29,,N,RU,Highway/Road/Alley/Street/Sidewalk,Street & Sidewalk,Firearm,,C
178097091,160996169,2022-07-13,St. Paul,MN0620900,13A,B,B,N,F,27,,N,RU,Residence/Home,Home,Blunt Object,Minor Injury,C
179193324,161955417,2022-07-13,St. Paul,MN0620900,13A,B,B,N,F,24,,N,RU,Parking/Drop Lot/Garage,Parking Lot,Firearm,,C
179922737,162590823,2022-07-13,St. Paul,MN0620900,13A,H,U,H,M,48,,N,RU,Parking/Drop Lot/Garage,Parking Lot,Motor Vehicle/Vessel,,C
173172113,156699423,2022-07-14,St. Paul,MN0620900,13A,U,U,U,M,18,,N,RU,Residence/Home,Home,Firearm,,C
173172114,156699423,2022-07-14,St. Paul,MN0620900,13A,B,B,N,F,38,,N,RU,Residence/Home,Home,Firearm,,C
173172115,156699423,2022-07-14,St. Paul,MN0620900,13A,B,B,U,M,19,,N,RU,Residence/Home,Home,Firearm,,C
173080481,156620040,2022-07-15,St. Paul,MN0620900,13A,B,B,N,M,33,,N,RU,Residence/Home,Home,Knife/Cutting Instrument,,C
173303756,156814785,2022-07-15,St. Paul,MN0620900,13A,H,U,H,M,37,,N,RU,Residence/Home,Home,Knife/Cutting Instrument,,C
177449242,160432574,2022-07-15,St. Paul,MN0620900,13A,W,W,U,F,36,,N,RU,Highway/Road/Alley/Street/Sidewalk,Street & Sidewalk,Knife/Cutting Instrument,,C
177449243,160432574,2022-07-15,St. Paul,MN0620900,13A,W,W,N,M,48,,N,RU,Highway/Road/Alley/Street/Sidewalk,Street & Sidewalk,Knife/Cutting Instrument,,C
173049070,156593263,2022-07-16,St. Paul,MN0620900,13A,W,W,U,M,47,,N,,Park/Playground,Park & Playground,Knife/Cutting Instrument,Minor Injury,C
174561273,157910441,2022-07-16,St. Paul,MN0620900,13A,B,B,U,F,32,,N,RU,Residence/Home,Home,Asphyxiation,Minor Injury,C
174663040,157998838,2022-07-16,St. Paul,MN0620900,13A,B,B,N,M,39,,N,RU,Residence/Home,Home,Other,,C
174663041,157998838,2022-07-16,St. Paul,MN0620900,13A,B,B,N,M,37,,N,RU,Residence/Home,Home,Other,,C
174663042,157998838,2022-07-16,St. Paul,MN0620900,13A,B,B,N,M,51,,N,RU,Residence/Home,Home,Other,,C
174924430,158225759,2022-07-16,St. Paul,MN0620900,13A,B,B,N,M,37,,N,RU,Highway/Road/Alley/Street/Sidewalk,Street & Sidewalk,Firearm,,C
175023873,158313334,2022-07-16,St. Paul,MN0620900,13A,W,W,N,M,35,,N,RU,Residence/Home,Home,Blunt Object,,C
180816188,163367227,2022-07-16,St. Paul,MN0620900,13A,B,B,N,F,28,,N,RU,Highway/Road/Alley/Street/Sidewalk,Street & Sidewalk,Handgun,,C
173049152,156593330,2022-07-17,St. Paul,MN0620900,13A,H,W,H,M,60,,N,RU,Residence/Home,Home,Blunt Object;Personal Weapons,Minor Injury,C
173397358,156897417,2022-07-17,St. Paul,MN0620900,13A,B,B,N,M,16,,N,RU,School-Elementary/Secondary,K-12 School,Handgun,Possible Internal Injury,C
174639881,157978878,2022-07-17,St. Paul,MN0620900,13A,B,B,N,F,40,,N,RU,Parking/Drop Lot/Garage,Parking Lot,Handgun,,C
175084570,158366356,2022-07-18,St. Paul,MN0620900,13A,A,A,N,F,30,,N,RU,Residence/Home,Home,Knife/Cutting Instrument,Minor Injury,C
176225551,159362124,2022-07-18,St. Paul,MN0620900,13A,B,B,U,F,37,,N,RU,Residence/Home,Home,Knife/Cutting Instrument,,C
172939110,156497351,2022-07-19,St. Paul,MN0620900,13A,W,W,N,M,59,,N,RU,Highway/Road/Alley/Street/Sidewalk,Street & Sidewalk,Blunt Object,Possible Internal Injury,C
172939111,156497351,2022-07-19,St. Paul,MN0620900,13A,W,W,N,M,63,,N,RU,Highway/Road/Alley/Street/Sidewalk,Street & Sidewalk,Blunt Object,Minor Injury,C
174541361,157893169,2022-07-19,St. Paul,MN0620900,13A,A,A,N,F,38,,N,RU,Residence/Home,Home,Knife/Cutting Instrument,Minor Injury,C
178097145,160996216,2022-07-19,St. Paul,MN0620900,13A,A,A,N,M,12,,N,RU,Residence/Home,Home,Blunt Object;Knife/Cutting Instrument;Personal Weapons,Minor Injury,C
185592382,167547703,2022-07-19,St. Paul,MN0620900,13A,H,B,H,F,21,,N,RU,Park/Playground,Park & Playground,,,C
185592383,167547703,2022-07-19,St. Paul,MN0620900,13A,W,W,N,F,59,,N,RU,Park/Playground,Park & Playground,,,C
173172152,156699457,2022-07-20,St. Paul,MN0620900,13A,W,W,N,F,35,,N,RU,Park/Playground,Park & Playground,Unknown,Other Major Injury,C
173441229,156935310,2022-07-20,St. Paul,MN0620900,13A,B,B,N,F,62,,N,RU,Residence/Home,Home,Other Firearm (Automatic),Minor Injury,C
174661451,157997412,2022-07-20,St. Paul,MN0620900,13A,W,W,N,M,51,,N,RU,Highway/Road/Alley/Street/Sidewalk,Street & Sidewalk,Handgun,,C
180816207,163367244,2022-07-20,St. Paul,MN0620900,13A,U,U,U,M,34,,N,RU,Highway/Road/Alley/Street/Sidewalk,Street & Sidewalk,Firearm,,C
184018113,166172763,2022-07-20,St. Paul,MN0620900,13A,U,U,U,M,56,,N,RU,Camp/Campground,Campground,Unknown,Other Major Injury;Severe Laceration,C
187697649,169382049,2022-07-20,St. Paul,MN0620900,13A,A,A,U,F,38,,N,RU,Residence/Home,Home,Knife/Cutting Instrument,,C
187697650,169382049,2022-07-20,St. Paul,MN0620900,13A,A,A,U,F,2,,N,RU,Residence/Home,Home,Knife/Cutting Instrument,,C
187697651,169382049,2022-07-20,St. Paul,MN0620900,13A,A,A,U,M,4,,N,RU,Residence/Home,Home,Knife/Cutting Instrument,,C
173016163,156565007,2022-07-21,St. Paul,MN0620900,13A,H,W,H,F,21,,N,RU,Residence/Home,Home,Firearm,Minor Injury,C
173509672,156996023,2022-07-21,St. Paul,MN0620900,13A,W,W,N,M,55,,N,RU,Highway/Road/Alley/Street/Sidewalk,Street & Sidewalk,Other,Minor Injury,C
173509681,156996032,2022-07-21,St. Paul,MN0620900,13A,U,U,U,F,19,,N,RU,Other/Unknown,Other & Unknown,Knife/Cutting Instrument,Other Major Injury,C
180816213,163367249,2022-07-21,St. Paul,MN0620900,13A,W,W,U,F,55,,N,RU,Highway/Road/Alley/Street/Sidewalk,Street & Sidewalk,,Possible Internal Injury,C
182661757,164989967,2022-07-21,St. Paul,MN0620900,13A,B,B,U,F,38,,N,RU,Residence/Home,Home,Handgun,,C
173016191,156565034,2022-07-22,St. Paul,MN0620900,13A,B,B,N,F,52,,N,RU,Highway/Road/Alley/Street/Sidewalk,Street & Sidewalk,Blunt Object,Apparent Broken Bones,C
173509722,156996071,2022-07-22,St. Paul,MN0620900,13A,U,U,N,F,29,,N,RU,Highway/Road/Alley/Street/Sidewalk,Street & Sidewalk,Firearm,Loss of Teeth;Unconscious,C
173016210,156565049,2022-07-23,St. Paul,MN0620900,13A,W,W,U,F,17,,N,RU,Residence/Home,Home,Blunt Object;Personal Weapons,Minor Injury,C
173509881,156996211,2022-07-23,St. Paul,MN0620900,13A,W,W,U,M,49,,N,RU,Convenience Store,Convenience Store,Knife/Cutting Instrument,,C
173509899,156996227,2022-07-23,St. Paul,MN0620900,13A,H,W,H,M,,,N,RU,Service/Gas Station,Gas Station,Knife/Cutting Instrument,,C
173509921,156996248,2022-07-23,St. Paul,MN0620900,13A,B,B,N,F,26,,N,RU,Highway/Road/Alley/Street/Sidewalk,Street & Sidewalk,Firearm,,C
174924437,158225766,2022-07-23,St. Paul,MN0620900,13A,W,W,N,F,36,,N,RU,Residence/Home,Home,Firearm,Other Major Injury,C
178926892,161724147,2022-07-23,St. Paul,MN0620900,13A,B,B,U,M,42,,N,RU,Highway/Road/Alley/Street/Sidewalk,Street & Sidewalk,Firearm,,C
180731935,163293079,2022-07-23,St. Paul,MN0620900,13A,W,W,U,M,64,,N,RU,Parking/Drop Lot/Garage,Parking Lot,Firearm;Knife/Cutting Instrument,,C
180731936,163293079,2022-07-23,St. Paul,MN0620900,13A,W,W,N,M,64,,N,RU,Parking/Drop Lot/Garage,Parking Lot,Firearm;Knife/Cutting Instrument,,C
181112489,163625713,2022-07-23,St. Paul,MN0620900,13A,H,W,H,F,21,,N,RU,Residence/Home,Home,Personal Weapons,Minor Injury,C
184980455,167012918,2022-07-23,St. Paul,MN0620900,13A,B,B,N,M,25,,N,RU,Residence/Home,Home,Firearm,Other Major Injury,C
173172223,156699516,2022-07-24,St. Paul,MN0620900,13A,B,B,N,M,15,,N,RU,Highway/Road/Alley/Street/Sidewalk,Street & Sidewalk,Firearm,Other Major Injury,C
173172224,156699517,2022-07-24,St. Paul,MN0620900,13A,W,W,N,F,37,,N,RU,Residence/Home,Home,Knife/Cutting Instrument,Minor Injury,C
175118125,158395764,2022-07-24,St. Paul,MN0620900,13A,B,B,U,M,30,,N,RU,Highway/Road/Alley/Street/Sidewalk,Street & Sidewalk,Motor Vehicle/Vessel,Minor Injury,C
178138645,161032975,2022-07-24,St. Paul,MN0620900,13A,U,U,U,M,22,,N,RU,Grocery/Supermarket,Grocery Store,Motor Vehicle/Vessel,,C
174039133,157457637,2022-07-25,St. Paul,MN0620900,13A,B,B,N,F,30,,N,RU,Parking/Drop Lot/Garage,Parking Lot,Firearm,,C
178820074,161630181,2022-07-25,St. Paul,MN0620900,13A,B,B,N,M,55,,N,RU,Highway/Road/Alley/Street/Sidewalk,Street & Sidewalk,Firearm,,C
180816251,163367284,2022-07-25,St. Paul,MN0620900,13A,B,B,N,F,35,,N,RU,Hotel/Motel/Etc.,Hotel & Motel,Personal Weapons,Apparent Broken Bones,C
173085040,156623928,2022-07-26,St. Paul,MN0620900,13A,B,B,N,M,34,,N,RU,Highway/Road/Alley/Street/Sidewalk,Street & Sidewalk,Motor Vehicle/Vessel,,C
173085223,156624072,2022-07-26,St. Paul,MN0620900,13A,B,B,U,M,17,,N,RU,Residence/Home,Home,Unknown,Minor Injury,C
173085224,156624072,2022-07-26,St. Paul,MN0620900,13A,H,U,H,F,56,,N,RU,Residence/Home,Home,Unknown,Minor Injury,C
173510088,156996394,2022-07-26,St. Paul,MN0620900,13A,W,W,N,M,33,,N,RU,Highway/Road/Alley/Street/Sidewalk,Street & Sidewalk,Knife/Cutting Instrument,,C
173687433,157149951,2022-07-26,St. Paul,MN0620900,13A,W,W,N,M,32,,N,RU,Parking/Drop Lot/Garage,Parking Lot,Firearm,,C
174039137,157457640,2022-07-26,St. Paul,MN0620900,13A,B,B,N,M,31,,N,RU,Highway/Road/Alley/Street/Sidewalk,Street & Sidewalk,Handgun (Automatic),Minor Injury,C
174541363,157893171,2022-07-26,St. Paul,MN0620900,13A,B,B,U,M,14,,N,RU,Highway/Road/Alley/Street/Sidewalk,Street & Sidewalk,Knife/Cutting Instrument,Other Major Injury,C
182107085,164505122,2022-07-26,St. Paul,MN0620900,13A,B,B,N,M,18,,N,RU,Residence/Home,Home,Handgun,Other Major Injury,C
185067396,167089749,2022-07-26,St. Paul,MN0620900,13A,B,B,N,F,48,,N,RU,Residence/Home,Home,Personal Weapons,Apparent Broken Bones;Severe Laceration,C
173172249,156699539,2022-07-27,St. Paul,MN0620900,13A,B,B,N,M,29,,N,RU,Highway/Road/Alley/Street/Sidewalk,Street & Sidewalk,Blunt Object,Minor Injury,C
175118136,158395773,2022-07-27,St. Paul,MN0620900,13A,B,B,N,F,31,,N,RU,Residence/Home,Home,Asphyxiation,Other Major Injury;Possible Internal Injury,C
176082098,159236401,2022-07-27,St. Paul,MN0620900,13A,B,B,U,M,35,,N,RU,Highway/Road/Alley/Street/Sidewalk,Street & Sidewalk,Firearm,Other Major Injury,C
177449254,160432584,2022-07-27,St. Paul,MN0620900,13A,W,W,N,M,48,,N,RU,Park/Playground,Park & Playground,Blunt Object,Minor Injury,C
173687451,157149965,2022-07-28,St. Paul,MN0620900,13A,B,B,N,M,61,,N,RU,Service/Gas Station,Gas Station,Blunt Object,Minor Injury,C
175023881,158313342,2022-07-28,St. Paul,MN0620900,13A,B,B,N,F,5,,N,RU,Park/Playground,Park & Playground,Other,Minor Injury,C
175023882,158313342,2022-07-28,St. Paul,MN0620900,13A,B,B,N,F,41,,N,RU,Park/Playground,Park & Playground,Other,Minor Injury,C
178926895,161724150,2022-07-28,St. Paul,MN0620900,13A,W,W,U,M,39,,N,RU,Highway/Road/Alley/Street/Sidewalk,Street & Sidewalk,Firearm,,C
178926896,161724150,2022-07-28,St. Paul,MN0620900,13A,B,B,U,M,25,,N,RU,Highway/Road/Alley/Street/Sidewalk,Street & Sidewalk,Firearm,,C
173304283,156815274,2022-07-29,St. Paul,MN0620900,13A,W,W,N,M,34,,N,RU,Highway/Road/Alley/Street/Sidewalk,Street & Sidewalk,Blunt Object;Personal Weapons,Other Major Injury;Severe Laceration,C
174924446,158225773,2022-07-29,St. Paul,MN0620900,13A,B,B,N,M,13,,N,RU,Highway/Road/Alley/Street/Sidewalk,Street & Sidewalk,Firearm,Minor Injury,C
174924447,158225773,2022-07-29,St. Paul,MN0620900,13A,B,B,N,M,15,,N,RU,Highway/Road/Alley/Street/Sidewalk,Street & Sidewalk,Firearm,Minor Injury,C
174924448,158225773,2022-07-29,St. Paul,MN0620900,13A,B,B,N,M,17,,N,RU,Highway/Road/Alley/Street/Sidewalk,Street & Sidewalk,Firearm,Minor Injury,C
186666478,168485926,2022-07-29,St. Paul,MN0620900,13A,B,B,N,M,54,,N,RU,Highway/Road/Alley/Street/Sidewalk,Street & Sidewalk,Firearm,,C
173510809,156997000,2022-07-30,St. Paul,MN0620900,13A,H,U,H,F,33,,N,RU,Residence/Home,Home,Knife/Cutting Instrument,Minor Injury,C
176225578,159362147,2022-07-30,St. Paul,MN0620900,13A,H,W,H,M,18,,N,RU,Highway/Road/Alley/Street/Sidewalk,Street & Sidewalk,Handgun,Other Major Injury,C
180816875,163367841,2022-07-30,St. Paul,MN0620900,13A,W,W,N,F,50,,N,RU,Bar/Nightclub,Bar & Nightclub,Personal Weapons,Apparent Broken Bones,C
181408238,163886754,2022-07-30,St. Paul,MN0620900,13A,B,B,N,M,43,,N,RU,Commercial/Office Building,Office Building,Other,,C
173687462,157149976,2022-07-31,St. Paul,MN0620900,13A,H,U,H,F,37,,N,RU,Residence/Home,Home,Personal Weapons,Other Major Injury,C
174175758,157575818,2022-07-31,St. Paul,MN0620900,13A,B,B,N,M,21,,N,RU,Highway/Road/Alley/Street/Sidewalk,Street & Sidewalk,Firearm,Other Major Injury;Possible Internal Injury,C
174661469,157997428,2022-07-31,St. Paul,MN0620900,13A,B,B,N,M,29,,N,RU,Highway/Road/Alley/Street/Sidewalk,Street & Sidewalk,Firearm,Other Major Injury,C
177449259,160432589,2022-07-31,St. Paul,MN0620900,13A,B,B,N,F,32,,N,RU,Residence/Home,Home,Personal Weapons,Loss of Teeth,C
179193328,161955421,2022-07-31,St. Paul,MN0620900,13A,B,B,N,F,26,,N,RU,Highway/Road/Alley/Street/Sidewalk,Street & Sidewalk,Handgun (Automatic),,C
174175765,157575824,2022-08-01,St. Paul,MN0620900,13A,W,W,N,M,48,,N,RU,Residence/Home,Home,Knife/Cutting Instrument,,C
174444044,157807740,2022-08-01,St. Paul,MN0620900,13A,B,B,N,M,41,,N,RU,Residence/Home,Home,Firearm (Automatic),,C
175118159,158395794,2022-08-01,St. Paul,MN0620900,13A,B,B,N,F,25,,N,RU,Residence/Home,Home,Handgun,,C
176266005,159397046,2022-08-01,St. Paul,MN0620900,13A,B,B,U,M,25,,N,RU,Highway/Road/Alley/Street/Sidewalk,Street & Sidewalk,Firearm,,C
180820622,163371154,2022-08-01,St. Paul,MN0620900,13A,W,W,N,M,23,,N,RU,Highway/Road/Alley/Street/Sidewalk,Street & Sidewalk,Firearm,Minor Injury,C
173397364,156897423,2022-08-02,St. Paul,MN0620900,13A,B,B,N,F,54,,N,RU,Residence/Home,Home,Other,,C
174175772,157575830,2022-08-02,St. Paul,MN0620900,13A,B,B,N,F,21,,N,RU,Highway/Road/Alley/Street/Sidewalk,Street & Sidewalk,Handgun,,C
174328650,157707202,2022-08-02,St. Paul,MN0620900,13A,B,B,N,F,53,,N,RU,Highway/Road/Alley/Street/Sidewalk,Street & Sidewalk,Handgun,,C
173780359,157229999,2022-08-03,St. Paul,MN0620900,13A,I,I,N,M,35,,N,RU,Highway/Road/Alley/Street/Sidewalk,Street & Sidewalk,Knife/Cutting Instrument,,C
174561347,157910507,2022-08-03,St. Paul,MN0620900,13A,B,B,U,F,31,,N,RU,Residence/Home,Home,Asphyxiation;Personal Weapons,Minor Injury,C
175118151,158395787,2022-08-04,St. Paul,MN0620900,13A,W,W,N,F,42,,N,RU,Residence/Home,Home,Personal Weapons,Possible Internal Injury,C
175118153,158395789,2022-08-05,St. Paul,MN0620900,13A,W,W,N,F,21,,N,RU,Residence/Home,Home,Blunt Object,,C
180402423,163011505,2022-08-05,St. Paul,MN0620900,13A,H,W,H,M,37,,N,RU;VO,Highway/Road/Alley/Street/Sidewalk,Street & Sidewalk,Firearm,Other Major Injury,C
180820624,163371156,2022-08-05,St. Paul,MN0620900,13A,B,B,N,F,21,,N,RU,Residence/Home,Home,Handgun,Minor Injury,C
182615110,164948914,2022-08-05,St. Paul,MN0620900,13A,B,B,U,M,41,,N,RU,Other/Unknown,Other & Unknown,Firearm,Other Major Injury,C
174561361,157910518,2022-08-06,St. Paul,MN0620900,13A,H,W,H,F,26,,N,RU,Residence/Home,Home,Drugs/Narcotics/Sleeping Pills;Knife/Cutting Instrument,Possible Internal Injury,C
175492611,158722512,2022-08-06,St. Paul,MN0620900,13A,B,B,N,F,37,,N,RU,Highway/Road/Alley/Street/Sidewalk,Street & Sidewalk,Firearm,,C
173638349,157107303,2022-08-07,St. Paul,MN0620900,13A,B,B,N,M,31,,N,RU,Highway/Road/Alley/Street/Sidewalk,Street & Sidewalk,Firearm,Minor Injury,C
173776906,157226997,2022-08-07,St. Paul,MN0620900,13A,B,B,N,M,28,,N,RU,Highway/Road/Alley/Street/Sidewalk,Street & Sidewalk,Firearm,Minor Injury,C
174541376,157893180,2022-08-07,St. Paul,MN0620900,13A,W,W,N,M,30,,N,RU,Highway/Road/Alley/Street/Sidewalk,Street & Sidewalk,Knife/Cutting Instrument,Minor Injury,C
173665316,157130940,2022-08-08,St. Paul,MN0620900,13A,W,W,N,F,29,,N,RU,Park/Playground,Park & Playground,Firearm,,C
173665317,157130940,2022-08-08,St. Paul,MN0620900,13A,I,I,U,M,45,,N,RU,Park/Playground,Park & Playground,Firearm,,C
174756419,158079234,2022-08-08,St. Paul,MN0620900,13A,A,A,U,M,16,,N,RU,Highway/Road/Alley/Street/Sidewalk,Street & Sidewalk,Firearm,Minor Injury,C
176459270,159565233,2022-08-08,St. Paul,MN0620900,13A,B,B,N,M,25,,N,RU,Highway/Road/Alley/Street/Sidewalk,Street & Sidewalk,Firearm,Minor Injury,C
181282676,163776592,2022-08-08,St. Paul,MN0620900,13A,B,B,N,M,52,,N,RU,Residence/Home,Home,Blunt Object,,C
173705720,157166134,2022-08-09,St. Paul,MN0620900,13A,B,B,N,M,43,,N,RU,Other/Unknown,Other & Unknown,Handgun,,C
173776935,157227020,2022-08-09,St. Paul,MN0620900,13A,W,W,N,M,49,,N,RU,Residence/Home,Home,Blunt Object,,C
173776936,157227020,2022-08-09,St. Paul,MN0620900,13A,H,W,H,F,12,,N,RU,Residence/Home,Home,Blunt Object,,C
174312995,157693506,2022-08-09,St. Paul,MN0620900,13A,B,B,N,F,41,,N,RU,Highway/Road/Alley/Street/Sidewalk,Street & Sidewalk,Knife/Cutting Instrument,,C
175118167,158395801,2022-08-09,St. Paul,MN0620900,13A,B,B,N,F,53,,N,RU,Residence/Home,Home,Knife/Cutting Instrument,,C
176225590,159362158,2022-08-09,St. Paul,MN0620900,13A,B,B,N,M,31,,N,RU,Residence/Home,Home,Knife/Cutting Instrument,Minor Injury,C
176266009,159397050,2022-08-09,St. Paul,MN0620900,13A,B,B,N,M,43,,N,RU,Service/Gas Station,Gas Station,Firearm,,C
174485687,157844281,2022-08-10,St. Paul,MN0620900,13A,A,A,N,M,19,,N,RU,Residence/Home,Home,Firearm,,C
176240790,159375153,2022-08-10,St. Paul,MN0620900,13A,B,B,U,F,23,,N,RU,Residence/Home,Home,Firearm,,C
179797674,162478505,2022-08-10,St. Paul,MN0620900,13A,W,W,U,F,36,,N,RU,Highway/Road/Alley/Street/Sidewalk,Street & Sidewalk,Handgun,Minor Injury,C
182823257,165131623,2022-08-10,St. Paul,MN0620900,13A,B,B,N,F,41,,N,RU,Highway/Road/Alley/Street/Sidewalk,Street & Sidewalk,Firearm,,C
182823258,165131623,2022-08-10,St. Paul,MN0620900,13A,B,B,N,M,17,,N,RU,Highway/Road/Alley/Street/Sidewalk,Street & Sidewalk,Firearm,,C
185067805,167090128,2022-08-10,St. Paul,MN0620900,13A,B,B,N,M,34,,N,RU,Highway/Road/Alley/Street/Sidewalk,Street & Sidewalk,Firearm,Other Major Injury;Possible Internal Injury,C
174328740,157707283,2022-08-11,St. Paul,MN0620900,13A,W,W,N,M,36,,N,RU,Residence/Home,Home,Firearm,,C
175118174,158395807,2022-08-11,St. Paul,MN0620900,13A,W,W,U,F,65,,N,RU,Residence/Home,Home,Unknown,Possible Internal Injury,C
177834621,160767786,2022-08-11,St. Paul,MN0620900,13A,W,W,N,M,19,,N,RU,Parking/Drop Lot/Garage,Parking Lot,Blunt Object,Possible Internal Injury,C
174328813,157707340,2022-08-12,St. Paul,MN0620900,13A,B,B,N,F,29,,N,RU,Highway/Road/Alley/Street/Sidewalk,Street & Sidewalk,Knife/Cutting Instrument,,C
176376915,159493109,2022-08-12,St. Paul,MN0620900,13A,W,W,N,M,28,,N,RU,Other/Unknown,Other & Unknown,Knife/Cutting Instrument,Possible Internal Injury,C
174485702,157844295,2022-08-13,St. Paul,MN0620900,13A,A,A,N,M,22,,N,RU,Residence/Home,Home,Blunt Object,Severe Laceration,C
174661492,157997450,2022-08-13,St. Paul,MN0620900,13A,U,U,U,M,28,,N,RU,Residence/Home,Home,Firearm,Minor Injury,C
181607627,164062329,2022-08-13,St. Paul,MN0620900,13A,B,B,U,F,40,,N,RU,Residence/Home,Home,Handgun,,C
174409210,157777461,2022-08-14,St. Paul,MN0620900,13A,B,B,N,M,63,,N,RU,Residence/Home,Home,Handgun,Minor Injury,C
174444095,157807780,2022-08-14,St. Paul,MN0620900,13A,H,W,H,M,30,,N,RU,Community Center,Community Center,Personal Weapons,Unconscious,C
174661500,157997456,2022-08-15,St. Paul,MN0620900,13A,B,B,N,F,21,,N,RU,Residence/Home,Home,Handgun,,C
175023911,158313367,2022-08-15,St. Paul,MN0620900,13A,U,U,U,M,42,,N,RU,Highway/Road/Alley/Street/Sidewalk,Street & Sidewalk,Firearm,,C
176266014,159397055,2022-08-15,St. Paul,MN0620900,13A,B,B,U,F,30,,N,RU,Highway/Road/Alley/Street/Sidewalk,Street & Sidewalk,Firearm,Other Major Injury;Possible Internal Injury,C
178781570,161596757,2022-08-15,St. Paul,MN0620900,13A,B,B,N,F,34,,N,RU,Residence/Home,Home,Handgun,,C
186845341,168641589,2022-08-15,St. Paul,MN0620900,13A,B,B,U,F,37,,N,RU,Parking/Drop Lot/Garage,Parking Lot,Handgun,Other Major Injury,C
175792410,158984220,2022-08-16,St. Paul,MN0620900,13A,U,U,U,F,26,,N,RU,Residence/Home,Home,Firearm,Minor Injury,C
183957443,166119324,2022-08-16,St. Paul,MN0620900,13A,B,B,N,M,30,,N,RU,Residence/Home,Home,Blunt Object,Possible Internal Injury,C
188358328,169957297,2022-08-16,St. Paul,MN0620900,13A,B,B,N,F,19,,N,RU,Residence/Home,Home,Handgun,,C
188358329,169957297,2022-08-16,St. Paul,MN0620900,13A,U,U,N,M,3,,N,RU,Residence/Home,Home,Handgun,,C
188358330,169957297,2022-08-16,St. Paul,MN0620900,13A,W,W,N,F,47,,N,RU,Residence/Home,Home,Handgun,,C
175118189,158395821,2022-08-17,St. Paul,MN0620900,13A,W,W,U,M,19,,N,RU,Residence/Home,Home,Other,Minor Injury,C
175118190,158395822,2022-08-17,St. Paul,MN0620900,13A,B,B,N,M,38,,N,RU;VO,Residence/Home,Home,Knife/Cutting Instrument;Personal Weapons,,C
178781576,161596760,2022-08-17,St. Paul,MN0620900,13A,B,B,N,F,39,,N,RU,Residence/Home,Home,Firearm,Other Major Injury,C
179284204,162035202,2022-08-17,St. Paul,MN0620900,13A,B,B,U,F,45,,N,RU,Convenience Store,Convenience Store,Blunt Object,Minor Injury,C
180816961,163367917,2022-08-17,St. Paul,MN0620900,13A,U,U,U,F,44,,N,RU,Shopping Mall,Shopping Mall,Other,Minor Injury,C
174561482,157910613,2022-08-18,St. Paul,MN0620900,13A,B,B,N,F,24,,N,RU,Highway/Road/Alley/Street/Sidewalk,Street & Sidewalk,Asphyxiation,Minor Injury,C
174561483,157910614,2022-08-18,St. Paul,MN0620900,13A,W,W,N,M,19,,N,RU,Residence/Home,Home,Personal Weapons,Loss of Teeth,C
177449285,160432609,2022-08-18,St. Paul,MN0620900,13A,W,W,N,M,54,,N,RU,Highway/Road/Alley/Street/Sidewalk,Street & Sidewalk,Firearm;Personal Weapons,Apparent Broken Bones,C
181816910,164247895,2022-08-18,St. Paul,MN0620900,13A,W,W,N,M,41,,N,RU,Highway/Road/Alley/Street/Sidewalk,Street & Sidewalk,Firearm,Other Major Injury,C
185195950,167200274,2022-08-18,St. Paul,MN0620900,13A,B,B,N,M,22,,N,RU,Residence/Home,Home,Handgun,Minor Injury,C
176197909,159337676,2022-08-19,St. Paul,MN0620900,13A,W,W,N,M,45,,N,RU,Hotel/Motel/Etc.,Hotel & Motel,Knife/Cutting Instrument,,C
188046138,169686029,2022-08-19,St. Paul,MN0620900,13A,B,B,N,M,33,,N,RU,Highway/Road/Alley/Street/Sidewalk,Street & Sidewalk,Motor Vehicle/Vessel,,C
175118198,158395827,2022-08-20,St. Paul,MN0620900,13A,A,A,N,M,32,,N,RU,Residence/Home,Home,Handgun,,C
175478076,158709858,2022-08-20,St. Paul,MN0620900,13A,B,B,N,M,37,,N,RU,Highway/Road/Alley/Street/Sidewalk,Street & Sidewalk,Firearm,,C
177449298,160432618,2022-08-20,St. Paul,MN0620900,13A,B,B,N,M,17,,N,RU,Highway/Road/Alley/Street/Sidewalk,Street & Sidewalk,Handgun,,C
177449299,160432618,2022-08-20,St. Paul,MN0620900,13A,B,B,N,F,64,,N,RU,Highway/Road/Alley/Street/Sidewalk,Street & Sidewalk,Handgun,,C
177730727,160677508,2022-08-20,St. Paul,MN0620900,13A,W,W,U,M,60,,N,RU,Highway/Road/Alley/Street/Sidewalk,Street & Sidewalk,Personal Weapons,Unconscious,C
182861175,165164996,2022-08-20,St. Paul,MN0620900,13A,B,B,N,F,33,,N,RU,Bar/Nightclub,Bar & Nightclub,Personal Weapons,Apparent Broken Bones;Other Major Injury,C
174561621,157910732,2022-08-21,St. Paul,MN0620900,13A,U,U,U,M,28,,N,RU,Highway/Road/Alley/Street/Sidewalk,Street & Sidewalk,Knife/Cutting Instrument,Minor Injury,C
175118202,158395831,2022-08-21,St. Paul,MN0620900,13A,B,B,U,F,28,,N,RU,Residence/Home,Home,Blunt Object,Severe Laceration,C
175492718,158722616,2022-08-21,St. Paul,MN0620900,13A,B,B,N,M,14,,N,RU,Highway/Road/Alley/Street/Sidewalk,Street & Sidewalk,Firearm,Other Major Injury,C
177449288,160432612,2022-08-21,St. Paul,MN0620900,13A,W,W,N,M,20,,N,RU,Highway/Road/Alley/Street/Sidewalk,Street & Sidewalk,Handgun,Other Major Injury,C
179202278,161963363,2022-08-21,St. Paul,MN0620900,13A,A,A,U,M,18,,N,RU,Highway/Road/Alley/Street/Sidewalk,Street & Sidewalk,Handgun,,C
179202279,161963363,2022-08-21,St. Paul,MN0620900,13A,A,A,U,M,16,,N,RU,Highway/Road/Alley/Street/Sidewalk,Street & Sidewalk,Handgun,,C
179922751,162590834,2022-08-21,St. Paul,MN0620900,13A,U,U,N,F,46,,N,RU,Residence/Home,Home,Knife/Cutting Instrument,,C
180816980,163367935,2022-08-21,St. Paul,MN0620900,13A,W,W,N,M,28,,N,RU,Highway/Road/Alley/Street/Sidewalk,Street & Sidewalk,Firearm,,C
174759811,158082029,2022-08-22,St. Paul,MN0620900,13A,W,W,N,M,62,,N,RU,Residence/Home,Home,Blunt Object,Minor Injury,C
174851752,158162331,2022-08-22,St. Paul,MN0620900,13A,B,B,N,M,56,,N,RU,Residence/Home,Home,Firearm,,C
177730776,160677553,2022-08-22,St. Paul,MN0620900,13A,B,B,N,F,24,,N,RU,Highway/Road/Alley/Street/Sidewalk,Street & Sidewalk,Motor Vehicle/Vessel;Personal Weapons,Minor Injury,C
175048980,158335457,2022-08-23,St. Paul,MN0620900,13A,W,W,N,F,19,,N,RU,Grocery/Supermarket,Grocery Store,Firearm,,C
175048981,158335457,2022-08-23,St. Paul,MN0620900,13A,B,B,N,M,38,,N,RU,Grocery/Supermarket,Grocery Store,Firearm,,C
176266024,159397064,2022-08-23,St. Paul,MN0620900,13A,B,B,N,M,21,,N,RU,Parking/Drop Lot/Garage,Parking Lot,Firearm,,C
176266025,159397064,2022-08-23,St. Paul,MN0620900,13A,W,W,N,M,30,,N,RU,Parking/Drop Lot/Garage,Parking Lot,Firearm,,C
176266026,159397064,2022-08-23,St. Paul,MN0620900,13A,W,W,N,M,27,,N,RU,Parking/Drop Lot/Garage,Parking Lot,Firearm,,C
182584987,164922838,2022-08-24,St. Paul,MN0620900,13A,B,B,N,M,43,,N,RU,Residence/Home,Home,Handgun,Possible Internal Injury,C
177449301,160432620,2022-08-25,St. Paul,MN0620900,13A,B,B,N,M,31,,N,RU,Highway/Road/Alley/Street/Sidewalk,Street & Sidewalk,Motor Vehicle/Vessel,Minor Injury,C
175118215,158395844,2022-08-26,St. Paul,MN0620900,13A,B,B,N,M,21,,N,RU,Residence/Home,Home,Firearm,,C
175118216,158395845,2022-08-26,St. Paul,MN0620900,13A,B,B,N,F,49,,N,RU,Residence/Home,Home,Firearm,,C
184141728,166280881,2022-08-26,St. Paul,MN0620900,13A,W,W,N,M,57,,N,RU,Highway/Road/Alley/Street/Sidewalk,Street & Sidewalk,Firearm,Other Major Injury;Possible Internal Injury,C
174814500,158129823,2022-08-27,St. Paul,MN0620900,13A,B,B,N,M,54,,N,RU,Highway/Road/Alley/Street/Sidewalk,Street & Sidewalk,Firearm,,C
174851860,158162429,2022-08-27,St. Paul,MN0620900,13A,B,B,N,M,32,,N,RU,Bar/Nightclub,Bar & Nightclub,Firearm,Minor Injury,C
185195955,167200278,2022-08-27,St. Paul,MN0620900,13A,B,B,N,M,50,,N,RU,Highway/Road/Alley/Street/Sidewalk,Street & Sidewalk,Knife/Cutting Instrument,,C
185195956,167200278,2022-08-27,St. Paul,MN0620900,13A,B,B,U,F,39,,N,RU,Highway/Road/Alley/Street/Sidewalk,Street & Sidewalk,Knife/Cutting Instrument,Minor Injury,C
176691705,159767718,2022-08-28,St. Paul,MN0620900,13A,B,B,N,M,42,,N,RU,Church/Synagogue/Temple/Mosque,Religious Building,Other,Minor Injury,C
177722397,160670085,2022-08-28,St. Paul,MN0620900,13A,B,B,N,M,15,,N,RU,Park/Playground,Park & Playground,Handgun,Minor Injury,C
175118226,158395853,2022-08-29,St. Paul,MN0620900,13A,W,W,N,M,49,,N,RU,Highway/Road/Alley/Street/Sidewalk,Street & Sidewalk,Firearm,,C
176429567,159539100,2022-08-29,St. Paul,MN0620900,13A,W,W,N,M,50,,N,RU,Highway/Road/Alley/Street/Sidewalk,Street & Sidewalk,Motor Vehicle/Vessel,Other Major Injury,C
181816913,164247898,2022-08-29,St. Paul,MN0620900,13A,A,A,N,F,28,,N,RU,Residence/Home,Home,Firearm,,C
182107091,164505128,2022-08-29,St. Paul,MN0620900,13A,A,A,N,F,23,,N,RU,Residence/Home,Home,Personal Weapons,Other Major Injury,C
184018136,166172779,2022-08-29,St. Paul,MN0620900,13A,B,B,U,F,33,,N,RU,Residence/Home,Home,Other,,C
177449317,160432632,2022-08-30,St. Paul,MN0620900,13A,B,B,N,M,31,,N,RU,Residence/Home,Home,Knife/Cutting Instrument,Other Major Injury;Severe Laceration,C
177834627,160767791,2022-08-30,St. Paul,MN0620900,13A,I,I,U,M,22,,N,RU,Highway/Road/Alley/Street/Sidewalk,Street & Sidewalk,Blunt Object;Drugs/Narcotics/Sleeping Pills,Minor Injury,C
184093051,166238915,2022-08-30,St. Paul,MN0620900,13A,B,B,N,M,58,,N,RU,Residence/Home,Home,Knife/Cutting Instrument,Minor Injury,C
184793216,166850215,2022-08-30,St. Paul,MN0620900,13A,A,A,N,F,68,,N,RU,Highway/Road/Alley/Street/Sidewalk,Street & Sidewalk,Firearm,Other Major Injury,C
184985291,167017308,2022-08-30,St. Paul,MN0620900,13A,B,B,N,M,19,,N,RU,Highway/Road/Alley/Street/Sidewalk,Street & Sidewalk,Handgun,,C
174924555,158225868,2022-08-31,St. Paul,MN0620900,13A,B,B,U,M,31,,N,RU,Highway/Road/Alley/Street/Sidewalk,Street & Sidewalk,Motor Vehicle/Vessel,,C
175049033,158335496,2022-08-31,St. Paul,MN0620900,13A,B,B,N,M,39,,N,RU,Parking/Drop Lot/Garage,Parking Lot,Personal Weapons;Unknown,Minor Injury,C
177834634,160767794,2022-08-31,St. Paul,MN0620900,13A,B,B,N,M,29,,N,RU,Highway/Road/Alley/Street/Sidewalk,Street & Sidewalk,Firearm,,C
177834635,160767794,2022-08-31,St. Paul,MN0620900,13A,B,B,N,M,47,,N,RU,Highway/Road/Alley/Street/Sidewalk,Street & Sidewalk,Firearm,,C
185068058,167090365,2022-08-31,St. Paul,MN0620900,13A,B,B,N,F,18,,N,RU,Highway/Road/Alley/Street/Sidewalk,Street & Sidewalk,Firearm,Minor Injury,C
175049034,158335497,2022-09-01,St. Paul,MN0620900,13A,B,B,N,F,41,,N,RU,Residence/Home,Home,Knife/Cutting Instrument,,C
175049035,158335497,2022-09-01,St. Paul,MN0620900,13A,B,B,N,M,38,,N,RU,Residence/Home,Home,Knife/Cutting Instrument,,C
178926906,161724157,2022-09-01,St. Paul,MN0620900,13A,B,B,N,M,16,,N,RU,Highway/Road/Alley/Street/Sidewalk,Street & Sidewalk,Firearm,,C
179202282,161963366,2022-09-01,St. Paul,MN0620900,13A,W,W,N,M,48,,N,RU,Highway/Road/Alley/Street/Sidewalk,Street & Sidewalk,Blunt Object,,C
180985878,163515324,2022-09-01,St. Paul,MN0620900,13A,B,B,N,M,21,,N,RU;VO,Convenience Store,Convenience Store,Firearm,Other Major Injury,C
175629574,158842349,2022-09-02,St. Paul,MN0620900,13A,B,B,N,M,34,,N,RU;VO,Residence/Home,Home,Knife/Cutting Instrument,Other Major Injury,C
176266042,159397077,2022-09-02,St. Paul,MN0620900,13A,W,W,U,M,17,,N,RU,Service/Gas Station,Gas Station,Blunt Object,Severe Laceration,C
176266048,159397083,2022-09-02,St. Paul,MN0620900,13A,H,W,H,F,32,,N,RU,Highway/Road/Alley/Street/Sidewalk,Street & Sidewalk,Motor Vehicle/Vessel,Minor Injury,C
176266050,159397085,2022-09-02,St. Paul,MN0620900,13A,W,W,U,M,15,,N,RU,Highway/Road/Alley/Street/Sidewalk,Street & Sidewalk,Firearm,,C
176266051,159397085,2022-09-02,St. Paul,MN0620900,13A,U,U,U,M,15,,N,RU,Highway/Road/Alley/Street/Sidewalk,Street & Sidewalk,Firearm,,C
177669086,160623536,2022-09-02,St. Paul,MN0620900,13A,B,B,U,M,27,,N,RU,Shelter-Mission/Homeless,Shelter,Knife/Cutting Instrument,Other Major Injury,C
180817050,163368002,2022-09-02,St. Paul,MN0620900,13A,W,W,U,M,26,,N,RU,Specialty Store,Specialty Store,Handgun,,C
180817051,163368002,2022-09-02,St. Paul,MN0620900,13A,W,W,U,M,26,,N,RU,Specialty Store,Specialty Store,Handgun,,C
180817052,163368002,2022-09-02,St. Paul,MN0620900,13A,B,B,U,M,26,,N,RU,Specialty Store,Specialty Store,Handgun,,C
182661772,164989979,2022-09-02,St. Paul,MN0620900,13A,B,B,N,M,37,,N,RU,Highway/Road/Alley/Street/Sidewalk,Street & Sidewalk,Firearm,Other Major Injury,C
176520572,159618478,2022-09-03,St. Paul,MN0620900,13A,U,U,U,M,18,,N,RU,Residence/Home,Home,Handgun,Other Major Injury;Possible Internal Injury,C
177449339,160432644,2022-09-03,St. Paul,MN0620900,13A,B,B,U,F,31,,N,RU,Residence/Home,Home,Firearm,,C
175501329,158730033,2022-09-04,St. Paul,MN0620900,13A,B,B,N,F,37,,N,RU,Parking/Drop Lot/Garage,Parking Lot,Motor Vehicle/Vessel,,C
175501330,158730033,2022-09-04,St. Paul,MN0620900,13A,B,B,N,F,37,,N,RU,Parking/Drop Lot/Garage,Parking Lot,Motor Vehicle/Vessel,,C
184141730,166280882,2022-09-04,St. Paul,MN0620900,13A,B,B,U,M,57,,N,RU,Residence/Home,Home,Firearm,,C
184141731,166280882,2022-09-04,St. Paul,MN0620900,13A,W,W,N,F,41,,N,RU,Residence/Home,Home,Firearm,Other Major Injury,C
184141732,166280882,2022-09-04,St. Paul,MN0620900,13A,B,B,N,M,33,,N,RU,Residence/Home,Home,Firearm,Other Major Injury,C
175629459,158842250,2022-09-05,St. Paul,MN0620900,13A,W,W,N,F,64,,N,RU,Highway/Road/Alley/Street/Sidewalk,Street & Sidewalk,Firearm,,C
175629485,158842273,2022-09-05,St. Paul,MN0620900,13A,B,B,N,F,21,,N,RU,Residence/Home,Home,Knife/Cutting Instrument,,C
176520574,159618480,2022-09-05,St. Paul,MN0620900,13A,W,W,N,M,52,,N,RU,Highway/Road/Alley/Street/Sidewalk,Street & Sidewalk,Blunt Object,,C
177449344,160432649,2022-09-05,St. Paul,MN0620900,13A,B,B,N,M,28,,N,RU,Residence/Home,Home,Handgun (Automatic),,C
184018153,166172794,2022-09-05,St. Paul,MN0620900,13A,B,B,N,M,18,,N,RU,Highway/Road/Alley/Street/Sidewalk,Street & Sidewalk,Firearm,Possible Internal Injury,C
186637850,168461233,2022-09-05,St. Paul,MN0620900,13A,B,B,N,F,36,,N,RU,Residence/Home,Home,Other,Other Major Injury,C
176225263,159361876,2022-09-07,St. Paul,MN0620900,13A,B,B,N,F,33,,N,RU,Residence/Home,Home,Handgun;Personal Weapons,Minor Injury,C
176520580,159618486,2022-09-07,St. Paul,MN0620900,13A,B,B,N,F,29,,N,RU,Other/Unknown,Other & Unknown,Other,Minor Injury,C
179879144,162552169,2022-09-07,St. Paul,MN0620900,13A,B,B,N,F,30,,N,RU,Residence/Home,Home,Knife/Cutting Instrument,,C
180817079,163368029,2022-09-07,St. Paul,MN0620900,13A,B,B,N,M,27,,N,RU,Highway/Road/Alley/Street/Sidewalk,Street & Sidewalk,Blunt Object,Minor Injury,C
175118737,158396300,2022-09-08,St. Paul,MN0620900,13A,B,B,U,M,44,,N,RU,Highway/Road/Alley/Street/Sidewalk,Street & Sidewalk,Knife/Cutting Instrument,,C
175629475,158842263,2022-09-08,St. Paul,MN0620900,13A,W,W,U,M,26,,N,RU,Convenience Store,Convenience Store,Knife/Cutting Instrument,,C
178474580,161331629,2022-09-08,St. Paul,MN0620900,13A,W,W,N,M,70,,N,RU,Residence/Home,Home,Handgun,Possible Internal Injury;Severe Laceration,C
185465985,167436031,2022-09-08,St. Paul,MN0620900,13A,B,B,U,M,19,,N,RU,Parking/Drop Lot/Garage,Parking Lot,Firearm,Other Major Injury,C
175629486,158842274,2022-09-09,St. Paul,MN0620900,13A,B,B,N,F,33,,N,RU,Residence/Home,Home,Firearm,,C
175629487,158842274,2022-09-09,St. Paul,MN0620900,13A,B,B,N,F,33,,N,RU,Residence/Home,Home,Firearm,,C
176271983,159402079,2022-09-09,St. Paul,MN0620900,13A,W,W,N,F,54,,N,RU,Highway/Road/Alley/Street/Sidewalk,Street & Sidewalk,,,C
176275895,159405326,2022-09-09,St. Paul,MN0620900,13A,H,U,H,M,27,,N,RU,Highway/Road/Alley/Street/Sidewalk,Street & Sidewalk,Blunt Object,Minor Injury,C
178453420,161312938,2022-09-10,St. Paul,MN0620900,13A,A,A,N,F,23,,N,RU,Residence/Home,Home,Knife/Cutting Instrument,,C
178820126,161630223,2022-09-11,St. Paul,MN0620900,13A,U,U,U,M,23,,N,RU,Service/Gas Station,Gas Station,Knife/Cutting Instrument,,C
180817107,163368050,2022-09-11,St. Paul,MN0620900,13A,B,B,N,M,46,,N,RU,Highway/Road/Alley/Street/Sidewalk,Street & Sidewalk,Personal Weapons,Possible Internal Injury;Unconscious,C
176282052,159410391,2022-09-12,St. Paul,MN0620900,13A,W,W,N,F,40,,N,RU,Residence/Home,Home,Knife/Cutting Instrument,,C
185794690,167725826,2022-09-12,St. Paul,MN0620900,13A,B,B,N,M,36,,N,RU,Highway/Road/Alley/Street/Sidewalk,Street & Sidewalk,Firearm,Other Major Injury,C
175629548,158842323,2022-09-13,St. Paul,MN0620900,13A,U,U,U,F,18,,N,RU,Residence/Home,Home,Personal Weapons,Possible Internal Injury,C
175629606,158842373,2022-09-13,St. Paul,MN0620900,13A,W,W,U,M,19,,N,RU,School-College/University,College,Blunt Object,Severe Laceration,C
176282286,159410592,2022-09-13,St. Paul,MN0620900,13A,B,B,N,M,26,,N,RU,Highway/Road/Alley/Street/Sidewalk,Street & Sidewalk,Firearm,Other Major Injury,C
177449384,160432683,2022-09-13,St. Paul,MN0620900,13A,W,W,N,M,34,,N,RU,Highway/Road/Alley/Street/Sidewalk,Street & Sidewalk,Unknown,Possible Internal Injury;Severe Laceration;Unconscious,C
175657875,158866479,2022-09-14,St. Paul,MN0620900,13A,W,W,U,M,27,,N,RU,Parking/Drop Lot/Garage,Parking Lot,Handgun,,C
175783880,158976834,2022-09-14,St. Paul,MN0620900,13A,U,U,U,M,32,,N,RU,Residence/Home,Home,Other,,C
176282291,159410597,2022-09-14,St. Paul,MN0620900,13A,H,W,H,M,21,,N,RU,Residence/Home,Home,Blunt Object,Minor Injury,C
177449393,160432690,2022-09-14,St. Paul,MN0620900,13A,U,U,N,M,57,,N,RU,Other/Unknown,Other & Unknown,Other,Minor Injury,C
177449394,160432690,2022-09-14,St. Paul,MN0620900,13A,W,W,N,M,62,,N,RU,Other/Unknown,Other & Unknown,Other,,C
176082102,159236404,2022-09-15,St. Paul,MN0620900,13A,B,B,N,M,17,,N,RU,Highway/Road/Alley/Street/Sidewalk,Street & Sidewalk,Firearm,,C
176282295,159410601,2022-09-15,St. Paul,MN0620900,13A,B,B,U,F,15,,N,RU,School-Elementary/Secondary,K-12 School,Firearm,,C
178820130,161630226,2022-09-15,St. Paul,MN0620900,13A,B,B,N,M,24,,N,RU,Highway/Road/Alley/Street/Sidewalk,Street & Sidewalk,Knife/Cutting Instrument,Severe Laceration,C
179413526,162147232,2022-09-15,St. Paul,MN0620900,13A,U,U,U,F,34,,N,RU,Highway/Road/Alley/Street/Sidewalk,Street & Sidewalk,Firearm,,C
180817129,163368071,2022-09-15,St. Paul,MN0620900,13A,B,B,N,M,41,,N,RU,Highway/Road/Alley/Street/Sidewalk,Street & Sidewalk,Blunt Object,Minor Injury,C
184990496,167021897,2022-09-15,St. Paul,MN0620900,13A,B,B,U,F,25,,N,RU,Residence/Home,Home,Knife/Cutting Instrument,Severe Laceration,C
184990497,167021897,2022-09-15,St. Paul,MN0620900,13A,B,B,U,F,21,,N,RU,Residence/Home,Home,Knife/Cutting Instrument,Severe Laceration,C
177309581,160311635,2022-09-16,St. Paul,MN0620900,13A,U,U,U,F,32,,N,RU,Highway/Road/Alley/Street/Sidewalk,Street & Sidewalk,Personal Weapons,Unconscious,C
177449412,160432703,2022-09-16,St. Paul,MN0620900,13A,B,B,N,F,18,,N,RU,Highway/Road/Alley/Street/Sidewalk,Street & Sidewalk,Handgun,,C
180817132,163368074,2022-09-16,St. Paul,MN0620900,13A,B,B,N,F,33,,N,RU,Parking/Drop Lot/Garage,Parking Lot,Motor Vehicle/Vessel,Minor Injury,C
175894213,159074287,2022-09-17,St. Paul,MN0620900,13A,B,B,N,F,44,,N,RU,Residence/Home,Home,Knife/Cutting Instrument,Minor Injury,C
177449415,160432706,2022-09-17,St. Paul,MN0620900,13A,B,B,N,M,17,,N,RU,Highway/Road/Alley/Street/Sidewalk,Street & Sidewalk,Handgun,,C
179374613,162113645,2022-09-17,St. Paul,MN0620900,13A,B,B,N,M,25,,N,RU,Service/Gas Station,Gas Station,Unknown,,C
180817140,163368081,2022-09-17,St. Paul,MN0620900,13A,U,U,U,F,24,,N,RU,Residence/Home,Home,Blunt Object,Other Major Injury,C
183088066,165365372,2022-09-17,St. Paul,MN0620900,13A,B,B,N,M,54,,N,RU,Residence/Home,Home,Blunt Object,Severe Laceration,C
188866404,170400677,2022-09-17,St. Paul,MN0620900,13A,B,B,N,M,58,,N,RU,Residence/Home,Home,Other,Severe Laceration,C
176225281,159361893,2022-09-18,St. Paul,MN0620900,13A,U,U,U,F,34,,N,RU,Highway/Road/Alley/Street/Sidewalk,Street & Sidewalk,Firearm,,C
176282311,159410617,2022-09-18,St. Paul,MN0620900,13A,B,B,N,M,42,,N,RU,Highway/Road/Alley/Street/Sidewalk,Street & Sidewalk,Firearm,,C
176282313,159410619,2022-09-18,St. Paul,MN0620900,13A,U,U,U,F,65,,N,RU,Residence/Home,Home,Handgun (Automatic),,C
176282314,159410619,2022-09-18,St. Paul,MN0620900,13A,U,U,U,M,17,,N,RU,Residence/Home,Home,Handgun (Automatic),,C
177449418,160432709,2022-09-18,St. Paul,MN0620900,13A,B,B,N,F,19,,N,RU,Highway/Road/Alley/Street/Sidewalk,Street & Sidewalk,Firearm,,C
177449419,160432709,2022-09-18,St. Paul,MN0620900,13A,B,B,N,F,2,,N,RU,Highway/Road/Alley/Street/Sidewalk,Street & Sidewalk,Firearm,,C
177449420,160432709,2022-09-18,St. Paul,MN0620900,13A,B,B,N,M,,,N,RU,Highway/Road/Alley/Street/Sidewalk,Street & Sidewalk,Firearm,,C
180817143,163368084,2022-09-18,St. Paul,MN0620900,13A,B,B,N,F,28,,N,RU,Highway/Road/Alley/Street/Sidewalk,Street & Sidewalk,Knife/Cutting Instrument,Minor Injury,C
180817146,163368086,2022-09-18,St. Paul,MN0620900,13A,B,B,N,M,29,,N,RU;VO,Residence/Home,Home,Knife/Cutting Instrument,,C
176198007,159337758,2022-09-19,St. Paul,MN0620900,13A,H,W,H,M,33,,N,RU,Residence/Home,Home,Knife/Cutting Instrument,,C
176282317,159410622,2022-09-19,St. Paul,MN0620900,13A,U,U,U,M,41,,N,RU,Other/Unknown,Other & Unknown,Firearm,,C
185068596,167090858,2022-09-19,St. Paul,MN0620900,13A,B,B,N,F,46,,N,RU,Highway/Road/Alley/Street/Sidewalk,Street & Sidewalk,Firearm,Minor Injury,C
176282321,159410625,2022-09-20,St. Paul,MN0620900,13A,H,W,H,F,19,,N,RU,Highway/Road/Alley/Street/Sidewalk,Street & Sidewalk,Other,Minor Injury,C
176282324,159410628,2022-09-20,St. Paul,MN0620900,13A,B,B,N,F,37,,N,RU,Residence/Home,Home,Knife/Cutting Instrument,Possible Internal Injury,C
177488008,160466380,2022-09-20,St. Paul,MN0620900,13A,B,B,N,M,34,,N,RU,Residence/Home,Home,Blunt Object,Minor Injury,C
178735453,161557118,2022-09-20,St. Paul,MN0620900,13A,B,B,U,F,43,,N,RU,Highway/Road/Alley/Street/Sidewalk,Street & Sidewalk,Handgun,Other Major Injury,C
184062341,166212037,2022-09-20,St. Paul,MN0620900,13A,B,B,N,M,15,,N,RU,Highway/Road/Alley/Street/Sidewalk,Street & Sidewalk,Firearm,Other Major Injury,C
185068169,167090465,2022-09-20,St. Paul,MN0620900,13A,B,B,N,F,17,,N,RU,Residence/Home,Home,Asphyxiation,Possible Internal Injury,C
185466230,167436233,2022-09-20,St. Paul,MN0620900,13A,B,B,N,F,35,,N,RU,Residence/Home,Home,Asphyxiation,Possible Internal Injury,C
184993827,167024845,2022-09-21,St. Paul,MN0620900,13A,U,U,N,M,2,,N,RU,Residence/Home,Home,Personal Weapons,Other Major Injury,C
176107765,159259508,2022-09-22,St. Paul,MN0620900,13A,H,W,H,M,27,,N,RU,Residence/Home,Home,Personal Weapons,Severe Laceration,C
177811323,160747552,2022-09-22,St. Paul,MN0620900,13A,B,B,N,F,28,,N,RU,Residence/Home,Home,Knife/Cutting Instrument;Personal Weapons,Severe Laceration,C
177834646,160767803,2022-09-22,St. Paul,MN0620900,13A,B,B,N,M,38,,N,RU,Parking/Drop Lot/Garage,Parking Lot,Handgun,,C
182107096,164505132,2022-09-22,St. Paul,MN0620900,13A,B,B,N,F,42,,N,RU,Residence/Home,Home,Knife/Cutting Instrument,Minor Injury,C
176240852,159375201,2022-09-23,St. Paul,MN0620900,13A,W,W,N,F,53,,N,RU,Highway/Road/Alley/Street/Sidewalk,Street & Sidewalk,Handgun,,C
177530121,160502770,2022-09-23,St. Paul,MN0620900,13A,B,B,N,F,38,,N,RU,Residence/Home,Home,Knife/Cutting Instrument,Minor Injury,C
180817180,163368120,2022-09-23,St. Paul,MN0620900,13A,B,B,N,F,21,,N,RU,Commercial/Office Building,Office Building,Other,Minor Injury,C
177449441,160432725,2022-09-24,St. Paul,MN0620900,13A,W,W,N,M,54,,N,RU,Highway/Road/Alley/Street/Sidewalk,Street & Sidewalk,Firearm,,C
177530126,160502775,2022-09-24,St. Paul,MN0620900,13A,U,U,U,F,22,,N,RU,Parking/Drop Lot/Garage,Parking Lot,Motor Vehicle/Vessel,,C
177811339,160747568,2022-09-24,St. Paul,MN0620900,13A,A,A,U,M,67,,N,RU,Parking/Drop Lot/Garage,Parking Lot,Blunt Object,,C
185068598,167090860,2022-09-24,St. Paul,MN0620900,13A,W,W,N,M,26,,N,RU,Residence/Home,Home,Firearm,,C
185068599,167090860,2022-09-24,St. Paul,MN0620900,13A,W,W,N,M,26,,N,RU,Residence/Home,Home,Firearm,,C
188274921,169885331,2022-09-24,St. Paul,MN0620900,13A,A,A,N,M,29,,N,RU,Parking/Drop Lot/Garage,Parking Lot,Firearm,Other Major Injury,C
176282339,159410641,2022-09-25,St. Paul,MN0620900,13A,B,B,N,M,32,,N,RU,Highway/Road/Alley/Street/Sidewalk,Street & Sidewalk,Firearm,Other Major Injury,C
177722437,160670114,2022-09-25,St. Paul,MN0620900,13A,A,A,N,M,15,,N,RU,Residence/Home,Home,Blunt Object,Minor Injury,C
177449449,160432731,2022-09-26,St. Paul,MN0620900,13A,W,W,N,M,48,,N,RU,Highway/Road/Alley/Street/Sidewalk,Street & Sidewalk,Knife/Cutting Instrument,,C
185195960,167200281,2022-09-26,St. Paul,MN0620900,13A,A,A,N,F,18,,N,RU,Highway/Road/Alley/Street/Sidewalk,Street & Sidewalk,Firearm,Other Major Injury,C
185377261,167358615,2022-09-26,St. Paul,MN0620900,13A,U,U,U,M,31,,N,RU,Residence/Home,Home,Handgun,Other Major Injury,C
188849858,170386217,2022-09-26,St. Paul,MN0620900,13A,B,B,U,M,45,,N,RU,Department/Discount Store,Department Store,Blunt Object,,C
185794691,167725827,2022-09-27,St. Paul,MN0620900,13A,W,W,U,M,19,,N,RU,Residence/Home,Home,Other Firearm (Automatic),Other Major Injury,C
176282357,159410657,2022-09-28,St. Paul,MN0620900,13A,W,W,N,M,35,,N,RU,Other/Unknown,Other & Unknown,Unknown,,C
176282358,159410657,2022-09-28,St. Paul,MN0620900,13A,W,W,N,F,32,,N,RU,Other/Unknown,Other & Unknown,Unknown,,C
176282362,159410660,2022-09-28,St. Paul,MN0620900,13A,W,W,N,M,37,,N,RU,Highway/Road/Alley/Street/Sidewalk,Street & Sidewalk,Knife/Cutting Instrument,,C
180361444,162976125,2022-09-28,St. Paul,MN0620900,13A,B,B,U,M,16,,N,RU,Residence/Home,Home,Firearm,Other Major Injury,C
180361445,162976125,2022-09-28,St. Paul,MN0620900,13A,B,B,N,M,16,,N,RU,Residence/Home,Home,Firearm,Other Major Injury,C
182661779,164989984,2022-09-28,St. Paul,MN0620900,13A,B,B,N,M,25,,N,RU,Highway/Road/Alley/Street/Sidewalk,Street & Sidewalk,Handgun,Other Major Injury,C
183446841,165672474,2022-09-28,St. Paul,MN0620900,13A,W,W,N,F,22,,N,RU,Service/Gas Station,Gas Station,Handgun,,C
177669145,160623591,2022-09-29,St. Paul,MN0620900,13A,B,B,N,F,33,,N,RU,Residence/Home,Home,Knife/Cutting Instrument,Severe Laceration,C
177448730,160432166,2022-09-30,St. Paul,MN0620900,13A,W,W,N,M,38,,N,RU,Parking/Drop Lot/Garage,Parking Lot,Knife/Cutting Instrument,,C
184018170,166172806,2022-09-30,St. Paul,MN0620900,13A,W,W,N,M,23,,N,RU,Highway/Road/Alley/Street/Sidewalk,Street & Sidewalk,Other Firearm,,C
184018171,166172806,2022-09-30,St. Paul,MN0620900,13A,W,W,N,M,23,,N,RU,Highway/Road/Alley/Street/Sidewalk,Street & Sidewalk,Other Firearm,,C
184994053,167025053,2022-09-30,St. Paul,MN0620900,13A,B,B,N,F,42,,N,RU,Residence/Home,Home,Handgun,,C
187679732,169366426,2022-09-30,St. Paul,MN0620900,13A,B,B,N,M,63,,N,RU,Residence/Home,Home,Blunt Object,Minor Injury,C
178253300,161136032,2022-10-01,St. Paul,MN0620900,13A,B,B,U,F,27,,N,RU,Residence/Home,Home,Handgun,Severe Laceration,C
178253301,161136032,2022-10-01,St. Paul,MN0620900,13A,B,B,U,F,29,,N,RU,Residence/Home,Home,Handgun,,C
177448746,160432179,2022-10-02,St. Paul,MN0620900,13A,A,A,N,M,11,,N,RU,Highway/Road/Alley/Street/Sidewalk,Street & Sidewalk,Firearm,,C
177448747,160432179,2022-10-02,St. Paul,MN0620900,13A,U,U,U,M,11,,N,RU,Highway/Road/Alley/Street/Sidewalk,Street & Sidewalk,Firearm,,C
178736255,161557801,2022-10-02,St. Paul,MN0620900,13A,B,B,U,F,29,,N,RU,Parking/Drop Lot/Garage,Parking Lot,Unknown,,C
179202302,161963383,2022-10-02,St. Paul,MN0620900,13A,B,B,U,F,23,,N,RU,Highway/Road/Alley/Street/Sidewalk,Street & Sidewalk,Motor Vehicle/Vessel,Severe Laceration,C
181607633,164062335,2022-10-02,St. Paul,MN0620900,13A,B,B,N,M,29,,N,RU,Highway/Road/Alley/Street/Sidewalk,Street & Sidewalk,Firearm,,C
177722456,160670132,2022-10-03,St. Paul,MN0620900,13A,B,B,N,F,19,,N,RU,Highway/Road/Alley/Street/Sidewalk,Street & Sidewalk,Handgun,,C
177722457,160670132,2022-10-03,St. Paul,MN0620900,13A,U,U,U,F,4,,N,RU,Highway/Road/Alley/Street/Sidewalk,Street & Sidewalk,Handgun,,C
177722458,160670132,2022-10-03,St. Paul,MN0620900,13A,B,B,N,F,65,,N,RU,Highway/Road/Alley/Street/Sidewalk,Street & Sidewalk,Handgun,,C
177722459,160670132,2022-10-03,St. Paul,MN0620900,13A,B,B,N,F,16,,N,RU,Highway/Road/Alley/Street/Sidewalk,Street & Sidewalk,Handgun,,C
178253307,161136038,2022-10-03,St. Paul,MN0620900,13A,W,W,U,M,56,,N,RU,Residence/Home,Home,Blunt Object,Possible Internal Injury,C
180781367,163336628,2022-10-03,St. Paul,MN0620900,13A,B,B,N,F,32,,N,RU;VO,Bar/Nightclub,Bar & Nightclub,Knife/Cutting Instrument,Minor Injury,C
180781368,163336628,2022-10-03,St. Paul,MN0620900,13A,B,B,N,F,68,,N,RU;VO,Bar/Nightclub,Bar & Nightclub,Knife/Cutting Instrument,Minor Injury,C
184995063,167025961,2022-10-03,St. Paul,MN0620900,13A,B,B,N,F,23,,N,RU,Residence/Home,Home,Knife/Cutting Instrument,Other Major Injury,C
178253312,161136042,2022-10-04,St. Paul,MN0620900,13A,B,B,N,M,18,,N,RU,Residence/Home,Home,Knife/Cutting Instrument,Minor Injury,C
178820148,161630244,2022-10-04,St. Paul,MN0620900,13A,B,B,U,M,63,,N,RU,Residence/Home,Home,Firearm,,C
178820149,161630245,2022-10-04,St. Paul,MN0620900,13A,B,B,N,F,14,,N,RU,Highway/Road/Alley/Street/Sidewalk,Street & Sidewalk,Handgun,,C
180792771,163346666,2022-10-04,St. Paul,MN0620900,13A,H,W,H,F,63,,N,RU,Highway/Road/Alley/Street/Sidewalk,Street & Sidewalk,Knife/Cutting Instrument,Minor Injury,C
180926735,163463433,2022-10-04,St. Paul,MN0620900,13A,W,W,N,F,42,,N,RU,Highway/Road/Alley/Street/Sidewalk,Street & Sidewalk,Firearm (Automatic),Minor Injury,C
187679735,169366428,2022-10-04,St. Paul,MN0620900,13A,B,B,N,M,64,,N,RU,Residence/Home,Home,Handgun,,C
187679736,169366428,2022-10-04,St. Paul,MN0620900,13A,B,B,N,M,48,,N,RU,Residence/Home,Home,Handgun,,C
187679737,169366428,2022-10-04,St. Paul,MN0620900,13A,B,B,N,M,45,,N,RU,Residence/Home,Home,Handgun,,C
177503378,160479704,2022-10-06,St. Paul,MN0620900,13A,B,B,N,M,21,,N,RU,Residence/Home,Home,Knife/Cutting Instrument,Minor Injury,C
177530160,160502807,2022-10-06,St. Paul,MN0620900,13A,U,U,U,F,36,,N,RU,Highway/Road/Alley/Street/Sidewalk,Street & Sidewalk,Motor Vehicle/Vessel,,C
177530162,160502809,2022-10-06,St. Paul,MN0620900,13A,U,U,U,F,52,,N,RU,Residence/Home,Home,Knife/Cutting Instrument,,C
185068269,167090558,2022-10-06,St. Paul,MN0620900,13A,B,B,U,M,44,,N,RU,Residence/Home,Home,Knife/Cutting Instrument,Minor Injury,C
185074998,167096393,2022-10-06,St. Paul,MN0620900,13A,U,U,U,M,57,,N,RU,Residence/Home,Home,Personal Weapons,Apparent Broken Bones,C
176670619,159749196,2022-10-07,St. Paul,MN0620900,13A,W,W,N,F,79,,N,RU,Residence/Home,Home,Blunt Object,,C
177503383,160479709,2022-10-07,St. Paul,MN0620900,13A,H,U,H,M,25,,N,RU,Bar/Nightclub,Bar & Nightclub,Firearm,Possible Internal Injury,C
180926728,163463427,2022-10-07,St. Paul,MN0620900,13A,A,A,N,F,60,,N,RU,Residence/Home,Home,Knife/Cutting Instrument,,C
185068606,167090866,2022-10-07,St. Paul,MN0620900,13A,B,B,N,M,34,,N,RU,Highway/Road/Alley/Street/Sidewalk,Street & Sidewalk,Handgun,Other Major Injury,C
185068607,167090867,2022-10-07,St. Paul,MN0620900,13A,B,B,N,F,32,,N,RU,Bar/Nightclub,Bar & Nightclub,Handgun,Minor Injury,C
187697659,169382057,2022-10-07,St. Paul,MN0620900,13A,W,W,N,M,32,,N,RU,Highway/Road/Alley/Street/Sidewalk,Street & Sidewalk,Motor Vehicle/Vessel,,C
187697661,169382057,2022-10-07,St. Paul,MN0620900,13A,W,W,N,M,23,,N,RU,Highway/Road/Alley/Street/Sidewalk,Street & Sidewalk,Motor Vehicle/Vessel,,C
187697662,169382057,2022-10-07,St. Paul,MN0620900,13A,W,W,N,M,32,,N,RU,Highway/Road/Alley/Street/Sidewalk,Street & Sidewalk,Motor Vehicle/Vessel,,C
177503394,160479719,2022-10-08,St. Paul,MN0620900,13A,B,B,N,M,42,,N,RU,Residence/Home,Home,Knife/Cutting Instrument,Minor Injury,C
177530169,160502816,2022-10-08,St. Paul,MN0620900,13A,B,B,N,M,31,,N,RU,Residence/Home,Home,Blunt Object;Personal Weapons,Minor Injury,C
184996590,167027316,2022-10-08,St. Paul,MN0620900,13A,B,B,N,F,46,,N,RU,Residence/Home,Home,Blunt Object;Personal Weapons,Apparent Broken Bones,C
186700375,168515422,2022-10-09,St. Paul,MN0620900,13A,B,B,U,M,44,,N,RU,Residence/Home,Home,Firearm,Possible Internal Injury,C
178942493,161737367,2022-10-10,St. Paul,MN0620900,13A,W,W,N,M,32,,N,RU,Residence/Home,Home,Handgun,,C
176694423,159770170,2022-10-12,St. Paul,MN0620900,13A,W,W,N,M,41,,N,RU,Residence/Home,Home,Knife/Cutting Instrument,Severe Laceration,C
177310119,160312116,2022-10-12,St. Paul,MN0620900,13A,B,B,N,M,42,,N,RU,Residence/Home,Home,Handgun,,C
177482522,160461493,2022-10-12,St. Paul,MN0620900,13A,W,W,N,F,37,,N,RU,Highway/Road/Alley/Street/Sidewalk,Street & Sidewalk,Personal Weapons,Apparent Broken Bones,C
178820156,161630252,2022-10-12,St. Paul,MN0620900,13A,B,B,N,M,33,,N,RU,Bar/Nightclub,Bar & Nightclub,Personal Weapons,Loss of Teeth,C
179374641,162113667,2022-10-12,St. Paul,MN0620900,13A,B,B,N,M,40,,N,RU,Residence/Home,Home,Blunt Object,Minor Injury,C
185562818,167522178,2022-10-12,St. Paul,MN0620900,13A,B,B,N,F,21,,N,RU,Residence/Home,Home,Handgun,Minor Injury,C
178820158,161630254,2022-10-13,St. Paul,MN0620900,13A,H,W,H,M,36,,N,RU,Highway/Road/Alley/Street/Sidewalk,Street & Sidewalk,Firearm,,C
184998082,167028655,2022-10-13,St. Paul,MN0620900,13A,A,A,N,M,31,,N,RU,Park/Playground,Park & Playground,Firearm,Possible Internal Injury,C
188358456,169957421,2022-10-14,St. Paul,MN0620900,13A,W,W,N,F,64,,N,RU,Hotel/Motel/Etc.,Hotel & Motel,,Apparent Broken Bones,C
188812431,170353269,2022-10-15,St. Paul,MN0620900,13A,W,W,U,M,22,,N,RU,Bar/Nightclub,Bar & Nightclub,Handgun,Minor Injury,C
188812432,170353269,2022-10-15,St. Paul,MN0620900,13A,H,W,H,M,35,,N,RU,Bar/Nightclub,Bar & Nightclub,Handgun,Other Major Injury,C
177448839,160432256,2022-10-16,St. Paul,MN0620900,13A,W,W,N,F,38,,N,RU,Residence/Home,Home,Personal Weapons,Loss of Teeth,C
177527275,160500260,2022-10-16,St. Paul,MN0620900,13A,B,B,N,F,37,,N,RU,Highway/Road/Alley/Street/Sidewalk,Street & Sidewalk,Personal Weapons,Possible Internal Injury,C
177834677,160767834,2022-10-17,St. Paul,MN0620900,13A,B,B,N,F,28,,N,RU,Highway/Road/Alley/Street/Sidewalk,Street & Sidewalk,Handgun,Minor Injury,C
177834678,160767834,2022-10-17,St. Paul,MN0620900,13A,B,B,N,M,25,,N,RU,Highway/Road/Alley/Street/Sidewalk,Street & Sidewalk,Handgun,Minor Injury,C
179202322,161963402,2022-10-17,St. Paul,MN0620900,13A,W,W,N,F,42,,N,RU,Residence/Home,Home,Blunt Object;Other,,C
185068613,167090871,2022-10-17,St. Paul,MN0620900,13A,B,B,U,M,31,,N,RU,Residence/Home,Home,Blunt Object,Other Major Injury;Possible Internal Injury;Severe Laceration,C
177527297,160500280,2022-10-18,St. Paul,MN0620900,13A,B,B,N,F,30,,N,RU,Residence/Home,Home,Handgun;Personal Weapons,,C
177527299,160500282,2022-10-18,St. Paul,MN0620900,13A,H,W,H,U,20,,N,RU,Parking/Drop Lot/Garage,Parking Lot,Handgun,Minor Injury,C
178820167,161630262,2022-10-18,St. Paul,MN0620900,13A,W,W,N,F,53,,N,RU,Residence/Home,Home,Firearm,,C
178820168,161630262,2022-10-18,St. Paul,MN0620900,13A,W,W,N,F,75,,N,RU,Residence/Home,Home,Firearm,,C
187792350,169463832,2022-10-19,St. Paul,MN0620900,13A,W,W,N,F,30,,N,RU,Highway/Road/Alley/Street/Sidewalk,Street & Sidewalk,Firearm,Other Major Injury,C
177722531,160670193,2022-10-20,St. Paul,MN0620900,13A,B,B,U,U,45,,N,RU,Highway/Road/Alley/Street/Sidewalk,Street & Sidewalk,Blunt Object;Firearm,,C
177834695,160767851,2022-10-20,St. Paul,MN0620900,13A,B,B,N,M,58,,N,RU,Convenience Store,Convenience Store,Knife/Cutting Instrument,,C
178738330,161559623,2022-10-20,St. Paul,MN0620900,13A,B,B,U,M,36,,N,RU,Residence/Home,Home,Knife/Cutting Instrument,,C
179284224,162035218,2022-10-20,St. Paul,MN0620900,13A,B,B,N,M,18,,N,RU,Specialty Store,Specialty Store,Firearm,,C
184999399,167029854,2022-10-20,St. Paul,MN0620900,13A,H,B,H,M,20,,N,RU,Residence/Home,Home,Personal Weapons,Possible Internal Injury,C
179193360,161955449,2022-10-21,St. Paul,MN0620900,13A,W,W,N,M,19,,N,RU,Residence/Home,Home,Knife/Cutting Instrument,Other Major Injury,C
179202328,161963407,2022-10-21,St. Paul,MN0620900,13A,B,B,N,F,44,,N,RU,Residence/Home,Home,Blunt Object,Minor Injury,C
184999476,167029924,2022-10-21,St. Paul,MN0620900,13A,B,B,N,F,31,,N,RU,Residence/Home,Home,Knife/Cutting Instrument,Severe Laceration,C
177669259,160623697,2022-10-22,St. Paul,MN0620900,13A,B,B,N,M,43,,N,RU,Convenience Store,Convenience Store,Other,,C
180781387,163336642,2022-10-22,St. Paul,MN0620900,13A,B,B,N,M,22,,N,RU,Department/Discount Store,Department Store,Handgun,,C
184999486,167029934,2022-10-22,St. Paul,MN0620900,13A,B,B,N,F,42,,N,RU,Highway/Road/Alley/Street/Sidewalk,Street & Sidewalk,Knife/Cutting Instrument,,C
184999487,167029934,2022-10-22,St. Paul,MN0620900,13A,B,B,N,F,9,,N,RU,Highway/Road/Alley/Street/Sidewalk,Street & Sidewalk,Knife/Cutting Instrument,,C
188433976,170024221,2022-10-22,St. Paul,MN0620900,13A,W,W,N,M,42,,N,RU,Residence/Home,Home,Handgun,,C
188433977,170024221,2022-10-22,St. Paul,MN0620900,13A,I,I,N,F,32,,N,RU,Residence/Home,Home,Handgun,,C
178942604,161737469,2022-10-23,St. Paul,MN0620900,13A,B,B,U,M,27,,N,RU,Highway/Road/Alley/Street/Sidewalk,Street & Sidewalk,Firearm,,C
180817340,163368265,2022-10-23,St. Paul,MN0620900,13A,B,B,N,F,40,,N,RU,Residence/Home,Home,Firearm,,C
178741289,161562117,2022-10-24,St. Paul,MN0620900,13A,H,W,H,M,16,,N,RU,Residence/Home,Home,Handgun,,C
180781390,163336643,2022-10-24,St. Paul,MN0620900,13A,B,B,U,F,19,,N,RU,Hotel/Motel/Etc.,Hotel & Motel,Knife/Cutting Instrument,Minor Injury,C
180817341,163368266,2022-10-24,St. Paul,MN0620900,13A,B,B,U,F,28,,N,RU,Highway/Road/Alley/Street/Sidewalk,Street & Sidewalk,Handgun,,C
187135129,168888661,2022-10-24,St. Paul,MN0620900,13A,W,W,U,M,49,,N,RU,Highway/Road/Alley/Street/Sidewalk,Street & Sidewalk,Handgun,Other Major Injury,C
178820211,161630296,2022-10-25,St. Paul,MN0620900,13A,W,W,N,M,41,,N,RU,Highway/Road/Alley/Street/Sidewalk,Street & Sidewalk,Blunt Object,Severe Laceration,C
185068294,167090581,2022-10-25,St. Paul,MN0620900,13A,B,B,N,F,22,,N,RU,Restaurant,Restaurant,Firearm,,C
185068295,167090581,2022-10-25,St. Paul,MN0620900,13A,B,B,N,M,17,,N,RU,Restaurant,Restaurant,Firearm,,C
180817359,163368281,2022-10-26,St. Paul,MN0620900,13A,B,B,N,M,20,,N,RU,Highway/Road/Alley/Street/Sidewalk,Street & Sidewalk,Firearm,Other Major Injury,C
184999610,167030043,2022-10-26,St. Paul,MN0620900,13A,B,B,N,F,22,,N,RU,Parking/Drop Lot/Garage,Parking Lot,Motor Vehicle/Vessel,Minor Injury,C
177838165,160770909,2022-10-27,St. Paul,MN0620900,13A,B,B,N,M,33,,N,RU,Highway/Road/Alley/Street/Sidewalk,Street & Sidewalk,Firearm,Minor Injury,C
181800973,164233797,2022-10-27,St. Paul,MN0620900,13A,W,W,N,F,34,,N,RU,Highway/Road/Alley/Street/Sidewalk,Street & Sidewalk,Firearm,,C
184999612,167030045,2022-10-27,St. Paul,MN0620900,13A,W,W,N,M,24,,N,RU,Highway/Road/Alley/Street/Sidewalk,Street & Sidewalk,Unknown,Other Major Injury,C
184999639,167030069,2022-10-28,St. Paul,MN0620900,13A,B,B,N,M,57,,N,RU,Parking/Drop Lot/Garage,Parking Lot,Knife/Cutting Instrument,Other Major Injury,C
185068333,167090617,2022-10-28,St. Paul,MN0620900,13A,B,B,N,F,51,,N,RU,Residence/Home,Home,Personal Weapons,Other Major Injury,C
185068644,167090900,2022-10-28,St. Paul,MN0620900,13A,A,A,N,M,24,,N,RU,Residence/Home,Home,Handgun,,C
180781399,163336651,2022-10-29,St. Paul,MN0620900,13A,B,B,U,F,40,,N,RU,Residence/Home,Home,Knife/Cutting Instrument,Minor Injury,C
184999680,167030105,2022-10-30,St. Paul,MN0620900,13A,B,B,U,M,70,,N,RU,Parking/Drop Lot/Garage,Parking Lot,Knife/Cutting Instrument,,C
184999687,167030110,2022-10-30,St. Paul,MN0620900,13A,B,B,N,M,14,,N,RU,Air/Bus/Train Terminal,Transit Station,Blunt Object,Other Major Injury,C
184999689,167030112,2022-10-30,St. Paul,MN0620900,13A,B,B,N,F,42,,N,RU,Highway/Road/Alley/Street/Sidewalk,Street & Sidewalk,Firearm,,C
184999696,167030117,2022-10-30,St. Paul,MN0620900,13A,B,B,U,F,29,,N,RU,Residence/Home,Home,Personal Weapons,Possible Internal Injury;Unconscious,C
187697666,169382059,2022-10-30,St. Paul,MN0620900,13A,W,W,N,F,40,,N,RU,Residence/Home,Home,Personal Weapons,Loss of Teeth,C
188274931,169885338,2022-10-30,St. Paul,MN0620900,13A,W,W,N,F,33,,N,RU,Residence/Home,Home,Firearm,,C
188274932,169885338,2022-10-30,St. Paul,MN0620900,13A,W,W,N,F,28,,N,RU,Residence/Home,Home,Firearm,,C
188866422,170400690,2022-10-30,St. Paul,MN0620900,13A,U,U,U,M,25,,N,RU,Residence/Home,Home,Handgun,,C
188866423,170400690,2022-10-30,St. Paul,MN0620900,13A,U,U,U,F,22,,N,RU,Residence/Home,Home,Handgun,,C
178950872,161744682,2022-10-31,St. Paul,MN0620900,13A,W,W,N,F,48,,N,RU,Residence/Home,Home,Firearm,,C
178950873,161744682,2022-10-31,St. Paul,MN0620900,13A,U,U,U,F,16,,N,RU,Residence/Home,Home,Firearm,,C
178741942,161562685,2022-11-01,St. Paul,MN0620900,13A,U,U,U,F,49,,N,RU,Other/Unknown,Other & Unknown,Firearm,,C
185035920,167060854,2022-11-01,St. Paul,MN0620900,13A,U,U,X,U,,,N,RU,Residence/Home,Home,Blunt Object;Handgun,,C
185035925,167060858,2022-11-01,St. Paul,MN0620900,13A,W,W,N,F,35,,N,RU,Residence/Home,Home,Personal Weapons,,C
185562824,167522183,2022-11-01,St. Paul,MN0620900,13A,A,A,N,M,20,,N,RU,Residence/Home,Home,Rifle,,C
185035960,167060892,2022-11-02,St. Paul,MN0620900,13A,B,B,N,F,48,,N,RU,Shelter-Mission/Homeless,Shelter,,,C
185035961,167060892,2022-11-02,St. Paul,MN0620900,13A,W,W,N,F,28,,N,RU,Shelter-Mission/Homeless,Shelter,,,C
185035999,167060927,2022-11-02,St. Paul,MN0620900,13A,W,W,N,M,38,,N,RU,Highway/Road/Alley/Street/Sidewalk,Street & Sidewalk,Motor Vehicle/Vessel,Minor Injury,C
185036003,167060931,2022-11-02,St. Paul,MN0620900,13A,B,B,N,M,51,,N,RU,Residence/Home,Home,Blunt Object,,C
185036011,167060937,2022-11-02,St. Paul,MN0620900,13A,U,U,U,F,32,,N,RU,Jail/Prison/Penitentiary/Corrections Facility,Jail & Prison,,,C
187772382,169446535,2022-11-02,St. Paul,MN0620900,13A,B,B,U,M,24,,N,RU,Highway/Road/Alley/Street/Sidewalk,Street & Sidewalk,Firearm,Other Major Injury,C
180799759,163352878,2022-11-04,St. Paul,MN0620900,13A,B,B,N,M,53,,N,RU,Highway/Road/Alley/Street/Sidewalk,Street & Sidewalk,Firearm,,C
180799760,163352878,2022-11-04,St. Paul,MN0620900,13A,B,B,N,M,22,,N,RU,Highway/Road/Alley/Street/Sidewalk,Street & Sidewalk,Firearm,,C
180799761,163352878,2022-11-04,St. Paul,MN0620900,13A,B,B,N,M,50,,N,RU,Highway/Road/Alley/Street/Sidewalk,Street & Sidewalk,Firearm,,C
185064363,167086983,2022-11-04,St. Paul,MN0620900,13A,B,B,U,F,37,,N,RU,Residence/Home,Home,Firearm,,C
185078737,167099656,2022-11-04,St. Paul,MN0620900,13A,B,B,N,F,42,,N,RU,Highway/Road/Alley/Street/Sidewalk,Street & Sidewalk,Firearm,,C
178741939,161562682,2022-11-05,St. Paul,MN0620900,13A,W,W,N,F,30,,N,RU,Residence/Home,Home,Knife/Cutting Instrument,,C
179284238,162035229,2022-11-05,St. Paul,MN0620900,13A,B,B,N,F,63,,N,RU,Residence/Home,Home,Firearm,,C
179284239,162035229,2022-11-05,St. Paul,MN0620900,13A,B,B,N,M,48,,N,RU,Residence/Home,Home,Firearm,,C
179374670,162113691,2022-11-05,St. Paul,MN0620900,13A,B,B,N,M,21,,N,RU,Residence/Home,Home,Handgun,,C
179246439,162002458,2022-11-06,St. Paul,MN0620900,13A,B,B,U,M,31,,N,RU,Other/Unknown,Other & Unknown,Firearm,Minor Injury,C
185242313,167241452,2022-11-06,St. Paul,MN0620900,13A,B,B,U,M,53,,N,RU,Highway/Road/Alley/Street/Sidewalk,Street & Sidewalk,Firearm,,C
179472333,162197483,2022-11-07,St. Paul,MN0620900,13A,W,W,U,F,32,,N,RU,Highway/Road/Alley/Street/Sidewalk,Street & Sidewalk,Firearm,,C
180361459,162976137,2022-11-07,St. Paul,MN0620900,13A,H,U,H,F,34,,N,RU,Highway/Road/Alley/Street/Sidewalk,Street & Sidewalk,Motor Vehicle/Vessel,,C
179738744,162427046,2022-11-08,St. Paul,MN0620900,13A,B,B,N,M,31,,N,RU,Highway/Road/Alley/Street/Sidewalk,Street & Sidewalk,Motor Vehicle/Vessel,Minor Injury,C
179179487,161943307,2022-11-09,St. Paul,MN0620900,13A,B,B,U,M,55,,N,RU,Residence/Home,Home,Knife/Cutting Instrument,Minor Injury,C
178781896,161597045,2022-11-10,St. Paul,MN0620900,13A,W,W,N,M,49,,N,RU,Residence/Home,Home,Blunt Object,Severe Laceration,C
180781414,163336665,2022-11-10,St. Paul,MN0620900,13A,B,B,N,F,25,,N,RU,Highway/Road/Alley/Street/Sidewalk,Street & Sidewalk,Handgun,,C
180781417,163336668,2022-11-10,St. Paul,MN0620900,13A,W,W,N,F,30,,N,RU,Parking/Drop Lot/Garage,Parking Lot,Blunt Object;Personal Weapons,Minor Injury,C
180817407,163368324,2022-11-10,St. Paul,MN0620900,13A,H,U,H,F,38,,N,RU,Residence/Home,Home,Blunt Object;Knife/Cutting Instrument;Personal Weapons,Minor Injury,C
180387185,162998250,2022-11-11,St. Paul,MN0620900,13A,B,B,N,F,34,,N,RU,Field/Woods,Field & Woods,Handgun,,C
187135131,168888663,2022-11-11,St. Paul,MN0620900,13A,H,W,H,M,19,,N,RU,Residence/Home,Home,Other,,C
187772384,169446536,2022-11-11,St. Paul,MN0620900,13A,H,W,H,M,40,,N,RU,Highway/Road/Alley/Street/Sidewalk,Street & Sidewalk,Firearm;Personal Weapons,Minor Injury,C
178782486,161597584,2022-11-12,St. Paul,MN0620900,13A,W,W,N,F,48,,N,RU,Residence/Home,Home,Knife/Cutting Instrument,,C
180996784,163524891,2022-11-12,St. Paul,MN0620900,13A,B,B,U,M,17,,N,RU,Highway/Road/Alley/Street/Sidewalk,Street & Sidewalk,Firearm,Minor Injury,C
179284258,162035247,2022-11-13,St. Paul,MN0620900,13A,B,B,U,F,34,,N,RU;VO,Convenience Store,Convenience Store,Blunt Object;Personal Weapons,,C
179284259,162035247,2022-11-13,St. Paul,MN0620900,13A,B,B,U,F,45,,N,RU;VO,Convenience Store,Convenience Store,Blunt Object;Personal Weapons,Minor Injury,C
180817426,163368339,2022-11-13,St. Paul,MN0620900,13A,B,B,U,F,35,,N,RU,Highway/Road/Alley/Street/Sidewalk,Street & Sidewalk,Firearm,,C
184062362,166212057,2022-11-14,St. Paul,MN0620900,13A,W,W,U,F,23,,N,RU,Residence/Home,Home,Personal Weapons,Apparent Broken Bones;Possible Internal Injury,C
179193415,161955499,2022-11-15,St. Paul,MN0620900,13A,B,B,U,F,18,,N,RU,Residence/Home,Home,Personal Weapons,Unconscious,C
179246463,162002481,2022-11-15,St. Paul,MN0620900,13A,W,W,U,F,48,,N,RU,Highway/Road/Alley/Street/Sidewalk,Street & Sidewalk,Firearm,,C
180387188,162998253,2022-11-15,St. Paul,MN0620900,13A,I,I,U,F,28,,N,RU,Residence/Home,Home,Firearm,Minor Injury,C
179284263,162035251,2022-11-16,St. Paul,MN0620900,13A,H,W,H,M,28,,N,RU,Residence/Home,Home,Blunt Object;Knife/Cutting Instrument;Personal Weapons,Loss of Teeth;Other Major Injury;Possible Internal Injury;Unconscious,C
179413633,162147330,2022-11-16,St. Paul,MN0620900,13A,B,B,N,M,54,,N,RU,Convenience Store,Convenience Store,Motor Vehicle/Vessel,Minor Injury,C
187792354,169463835,2022-11-16,St. Paul,MN0620900,13A,B,B,N,M,19,,N,RU,Residence/Home,Home,Firearm,,C
187792355,169463835,2022-11-16,St. Paul,MN0620900,13A,W,W,U,M,49,,N,RU,Residence/Home,Home,Firearm,,C
179246478,162002494,2022-11-17,St. Paul,MN0620900,13A,B,B,N,F,29,,N,RU,Highway/Road/Alley/Street/Sidewalk,Street & Sidewalk,Knife/Cutting Instrument,,C
179472489,162197596,2022-11-18,St. Paul,MN0620900,13A,W,W,N,F,25,,N,RU,Drug Store/Doctor's Office/Hospital,Hospital & Clinic,Other,Possible Internal Injury,C
182861219,165165033,2022-11-18,St. Paul,MN0620900,13A,W,W,N,U,21,,N,RU,Highway/Road/Alley/Street/Sidewalk,Street & Sidewalk,Blunt Object,Minor Injury,C
182861220,165165033,2022-11-18,St. Paul,MN0620900,13A,W,W,N,M,21,,N,RU,Highway/Road/Alley/Street/Sidewalk,Street & Sidewalk,Blunt Object,Minor Injury,C
180756936,163314848,2022-11-19,St. Paul,MN0620900,13A,A,A,U,M,15,,N,RU,Highway/Road/Alley/Street/Sidewalk,Street & Sidewalk,Firearm,Other Major Injury,C
180820629,163371160,2022-11-19,St. Paul,MN0620900,13A,B,B,N,F,42,,N,RU,Residence/Home,Home,Asphyxiation,Possible Internal Injury;Unconscious,C
181408315,163886821,2022-11-19,St. Paul,MN0620900,13A,H,W,H,M,23,,N,RU,Highway/Road/Alley/Street/Sidewalk,Street & Sidewalk,Firearm,Possible Internal Injury,C
181776925,164212895,2022-11-19,St. Paul,MN0620900,13A,B,B,U,F,46,,N,RU,Residence/Home,Home,Knife/Cutting Instrument,,C
182861222,165165035,2022-11-19,St. Paul,MN0620900,13A,A,A,N,M,33,,N,RU,Residence/Home,Home,Knife/Cutting Instrument,Minor Injury,C
188813776,170354437,2022-11-19,St. Paul,MN0620900,13A,W,W,U,M,63,,N,RU,Highway/Road/Alley/Street/Sidewalk,Street & Sidewalk,Firearm,Other Major Injury,C
188814170,170354791,2022-11-19,St. Paul,MN0620900,13A,U,U,U,M,47,,N,RU,Bar/Nightclub,Bar & Nightclub,Personal Weapons,Apparent Broken Bones;Unconscious,C
180387195,162998259,2022-11-20,St. Paul,MN0620900,13A,W,W,N,F,27,,N,RU,Residence/Home,Home,Personal Weapons,Severe Laceration,C
186637862,168461243,2022-11-20,St. Paul,MN0620900,13A,U,U,X,M,25,,N,RU,Bar/Nightclub,Bar & Nightclub,Personal Weapons,Apparent Broken Bones,C
180781432,163336683,2022-11-21,St. Paul,MN0620900,13A,B,B,N,F,26,,N,RU,Highway/Road/Alley/Street/Sidewalk,Street & Sidewalk,Handgun,,C
180781433,163336683,2022-11-21,St. Paul,MN0620900,13A,B,B,N,F,36,,N,RU,Highway/Road/Alley/Street/Sidewalk,Street & Sidewalk,Handgun,,C
185592440,167547742,2022-11-21,St. Paul,MN0620900,13A,B,B,N,F,0,,N,RU,Residence/Home,Home,Blunt Object;Personal Weapons,Minor Injury,C
185592441,167547742,2022-11-21,St. Paul,MN0620900,13A,B,B,N,F,23,,N,RU,Residence/Home,Home,Blunt Object;Personal Weapons,Minor Injury,C
186978400,168756928,2022-11-21,St. Paul,MN0620900,13A,A,A,N,M,45,,N,RU,Residence/Home,Home,Firearm,Other Major Injury,C
180817479,163368387,2022-11-22,St. Paul,MN0620900,13A,W,W,N,F,57,,N,RU,Restaurant,Restaurant,Firearm,,C
180985907,163515350,2022-11-22,St. Paul,MN0620900,13A,B,B,N,M,8,,N,RU,Residence/Home,Home,Knife/Cutting Instrument;Personal Weapons,Minor Injury,C
180818008,163368865,2022-11-23,St. Paul,MN0620900,13A,B,B,N,F,24,,N,RU,Residence/Home,Home,Asphyxiation;Personal Weapons,Minor Injury,C
181231899,163730999,2022-11-23,St. Paul,MN0620900,13A,U,U,U,M,47,,N,RU,Parking/Drop Lot/Garage,Parking Lot,Motor Vehicle/Vessel,Minor Injury,C
184576641,166660160,2022-11-23,St. Paul,MN0620900,13A,U,U,N,M,44,,N,RU,Highway/Road/Alley/Street/Sidewalk,Street & Sidewalk,Firearm,,C
180387201,162998265,2022-11-24,St. Paul,MN0620900,13A,H,U,H,M,43,,N,RU,Residence/Home,Home,Blunt Object,Other Major Injury;Possible Internal Injury,C
180387202,162998265,2022-11-24,St. Paul,MN0620900,13A,H,U,H,F,16,,N,RU,Residence/Home,Home,Blunt Object,Minor Injury,C
186912265,168700069,2022-11-24,St. Paul,MN0620900,13A,B,B,N,F,27,,N,RU,Residence/Home,Home,Asphyxiation;Personal Weapons,Possible Internal Injury,C
188274936,169885340,2022-11-24,St. Paul,MN0620900,13A,W,W,N,F,37,,N,RU,Residence/Home,Home,Firearm,,C
179666170,162364310,2022-11-25,St. Paul,MN0620900,13A,B,B,N,M,53,,N,RU,Residence/Home,Home,Knife/Cutting Instrument,Severe Laceration,C
185075251,167096622,2022-11-26,St. Paul,MN0620900,13A,W,W,N,F,45,,N,RU,Residence/Home,Home,Knife/Cutting Instrument,Minor Injury,C
181408335,163886839,2022-11-27,St. Paul,MN0620900,13A,B,B,U,M,32,,N,RU,Bar/Nightclub,Bar & Nightclub,Firearm,,C
179413881,162147556,2022-11-28,St. Paul,MN0620900,13A,B,B,N,F,50,,N,RU,Residence/Home,Home,Knife/Cutting Instrument,,C
180781443,163336693,2022-11-28,St. Paul,MN0620900,13A,A,A,N,M,16,,N,RU,Other/Unknown,Other & Unknown,Personal Weapons,Other Major Injury,C
182626792,164959106,2022-11-28,St. Paul,MN0620900,13A,B,B,N,F,30,,N,RU,Residence/Home,Home,Asphyxiation;Personal Weapons,Minor Injury,C
179413887,162147562,2022-11-29,St. Paul,MN0620900,13A,B,B,N,M,30,,N,RU,Residence/Home,Home,Knife/Cutting Instrument,,C
179738774,162427073,2022-11-29,St. Paul,MN0620900,13A,B,B,N,F,29,,N,RU,Residence/Home,Home,Firearm,,C
180387223,162998282,2022-11-30,St. Paul,MN0620900,13A,B,B,N,M,21,,N,RU,Residence/Home,Home,Knife/Cutting Instrument,Other Major Injury;Severe Laceration,C
180808864,163360802,2022-11-30,St. Paul,MN0620900,13A,B,B,N,F,41,,N,RU,Residence/Home,Home,Blunt Object,,C
182050710,164456204,2022-11-30,St. Paul,MN0620900,13A,B,B,N,F,39,,N,RU,Residence/Home,Home,Asphyxiation;Personal Weapons,Minor Injury,C
182661797,164989999,2022-11-30,St. Paul,MN0620900,13A,W,W,N,F,42,,N,RU,Residence/Home,Home,Knife/Cutting Instrument,,C
179690710,162385816,2022-12-01,St. Paul,MN0620900,13A,B,B,N,M,18,,N,RU,Highway/Road/Alley/Street/Sidewalk,Street & Sidewalk,Firearm,Minor Injury,C
180808867,163360805,2022-12-01,St. Paul,MN0620900,13A,B,B,N,M,24,,N,RU,Highway/Road/Alley/Street/Sidewalk,Street & Sidewalk,Other Firearm,Other Major Injury,C
181782223,164217668,2022-12-01,St. Paul,MN0620900,13A,W,W,N,M,51,,N,RU,Residence/Home,Home,Knife/Cutting Instrument,Minor Injury,C
179566159,162278772,2022-12-02,St. Paul,MN0620900,13A,W,W,N,M,46,,N,RU,Bar/Nightclub,Bar & Nightclub,Personal Weapons,Apparent Broken Bones,C
179566187,162278799,2022-12-02,St. Paul,MN0620900,13A,H,W,H,M,33,,N,RU,Residence/Home,Home,Unknown,Severe Laceration,C
180781451,163336701,2022-12-02,St. Paul,MN0620900,13A,B,B,N,M,46,,N,RU,Highway/Road/Alley/Street/Sidewalk,Street & Sidewalk,Motor Vehicle/Vessel,,C
180781456,163336705,2022-12-02,St. Paul,MN0620900,13A,B,B,N,F,45,,N,RU,Residence/Home,Home,Blunt Object,,C
180926751,163463448,2022-12-02,St. Paul,MN0620900,13A,B,B,N,M,35,,N,RU,Highway/Road/Alley/Street/Sidewalk,Street & Sidewalk,Handgun,,C
181607656,164062354,2022-12-02,St. Paul,MN0620900,13A,B,B,N,M,18,,N,RU,Parking/Drop Lot/Garage,Parking Lot,Firearm,,C
182615126,164948926,2022-12-02,St. Paul,MN0620900,13A,U,U,U,F,21,,N,RU,Bar/Nightclub,Bar & Nightclub,Blunt Object,Minor Injury,C
179738794,162427091,2022-12-04,St. Paul,MN0620900,13A,B,B,N,F,31,,N,RU,Residence/Home,Home,Asphyxiation;Handgun;Personal Weapons,Minor Injury,C
179738799,162427094,2022-12-04,St. Paul,MN0620900,13A,H,W,H,F,46,,N,RU,Highway/Road/Alley/Street/Sidewalk,Street & Sidewalk,Motor Vehicle/Vessel,,C
184018226,166172850,2022-12-04,St. Paul,MN0620900,13A,W,W,U,F,56,,N,RU,Highway/Road/Alley/Street/Sidewalk,Street & Sidewalk,Knife/Cutting Instrument,Severe Laceration,C
179951911,162616024,2022-12-05,St. Paul,MN0620900,13A,H,W,H,M,13,,N,RU,Air/Bus/Train Terminal,Transit Station,Knife/Cutting Instrument,,C
180799802,163352909,2022-12-05,St. Paul,MN0620900,13A,W,W,U,F,35,,N,RU,Residence/Home,Home,Knife/Cutting Instrument,,C
180799803,163352909,2022-12-05,St. Paul,MN0620900,13A,W,W,U,F,61,,N,RU,Residence/Home,Home,Knife/Cutting Instrument,,C
180799804,163352909,2022-12-05,St. Paul,MN0620900,13A,W,W,U,M,60,,N,RU,Residence/Home,Home,Knife/Cutting Instrument,,C
184018229,166172853,2022-12-05,St. Paul,MN0620900,13A,B,B,U,M,35,,N,RU;VO,Parking/Drop Lot/Garage,Parking Lot,Blunt Object,Minor Injury,C
184018230,166172853,2022-12-05,St. Paul,MN0620900,13A,B,B,U,M,39,,N,RU;VO,Parking/Drop Lot/Garage,Parking Lot,Blunt Object,Minor Injury,C
182615128,164948928,2022-12-06,St. Paul,MN0620900,13A,B,B,N,F,46,,N,RU,Highway/Road/Alley/Street/Sidewalk,Street & Sidewalk,Handgun,,C
182615129,164948928,2022-12-06,St. Paul,MN0620900,13A,B,B,N,M,17,,N,RU,Highway/Road/Alley/Street/Sidewalk,Street & Sidewalk,Handgun,,C
182711815,165034214,2022-12-06,St. Paul,MN0620900,13A,W,W,N,F,40,,N,RU,Residence/Home,Home,Blunt Object;Personal Weapons,,C
185685891,167629118,2022-12-06,St. Paul,MN0620900,13A,B,B,N,M,28,,N,RU,Highway/Road/Alley/Street/Sidewalk,Street & Sidewalk,Motor Vehicle/Vessel,,C
179690847,162385944,2022-12-07,St. Paul,MN0620900,13A,W,W,N,M,23,,N,RU,Residence/Home,Home,Knife/Cutting Instrument,,C
179922985,162591026,2022-12-07,St. Paul,MN0620900,13A,B,B,U,F,29,,N,RU,Residence/Home,Home,Blunt Object;Personal Weapons,Minor Injury,C
182416886,164775411,2022-12-07,St. Paul,MN0620900,13A,B,B,N,M,49,,N,RU,Bar/Nightclub,Bar & Nightclub,Handgun,,C
182861258,165165069,2022-12-07,St. Paul,MN0620900,13A,W,W,N,F,58,,N,RU,Residence/Home,Home,Blunt Object,Minor Injury,C
185195973,167200292,2022-12-07,St. Paul,MN0620900,13A,B,B,N,F,38,,N,RU,Residence/Home,Home,Firearm,,C
185195975,167200292,2022-12-07,St. Paul,MN0620900,13A,B,B,N,F,33,,N,RU,Residence/Home,Home,Firearm,,C
180996830,163524927,2022-12-08,St. Paul,MN0620900,13A,B,B,N,F,30,,N,RU,Residence/Home,Home,Unknown,,C
184062374,166212069,2022-12-08,St. Paul,MN0620900,13A,W,W,N,F,39,,N,RU,Residence/Home,Home,Handgun,Minor Injury,C
181782259,164217700,2022-12-09,St. Paul,MN0620900,13A,U,U,U,F,37,,N,RU,Residence/Home,Home,Unknown,,C
182871742,165174432,2022-12-09,St. Paul,MN0620900,13A,W,W,N,F,20,,N,RU,Residence/Home,Home,Asphyxiation;Personal Weapons,Minor Injury,C
185116339,167132121,2022-12-09,St. Paul,MN0620900,13A,B,B,N,F,36,,N,RU,Residence/Home,Home,Handgun,,C
179893989,162565722,2022-12-10,St. Paul,MN0620900,13A,W,W,N,M,20,,N,RU,Residence/Home,Home,Blunt Object,Minor Injury,C
180361544,162976211,2022-12-10,St. Paul,MN0620900,13A,B,B,U,F,23,,N,RU,Residence/Home,Home,Personal Weapons,Unconscious,C
180361546,162976213,2022-12-10,St. Paul,MN0620900,13A,B,B,N,M,52,,N,RU,Residence/Home,Home,Blunt Object,Severe Laceration,C
180781485,163336731,2022-12-10,St. Paul,MN0620900,13A,B,B,N,M,32,,N,RU,Highway/Road/Alley/Street/Sidewalk,Street & Sidewalk,Firearm,Minor Injury,C
180781486,163336732,2022-12-10,St. Paul,MN0620900,13A,B,B,N,M,21,,N,RU,Other/Unknown,Other & Unknown,Other Firearm,Other Major Injury,C
180926775,163463466,2022-12-10,St. Paul,MN0620900,13A,B,B,N,F,8,,N,RU,Highway/Road/Alley/Street/Sidewalk,Street & Sidewalk,Blunt Object,Minor Injury,C
180985936,163515374,2022-12-10,St. Paul,MN0620900,13A,B,B,N,M,1,,N,RU,Residence/Home,Home,Knife/Cutting Instrument,,C
185242328,167241463,2022-12-10,St. Paul,MN0620900,13A,B,B,N,F,18,,N,RU,Residence/Home,Home,Handgun,,C
185242329,167241463,2022-12-10,St. Paul,MN0620900,13A,B,B,N,F,23,,N,RU,Residence/Home,Home,Handgun,,C
185242330,167241463,2022-12-10,St. Paul,MN0620900,13A,B,B,N,F,51,,N,RU,Residence/Home,Home,Handgun,,C
179923058,162591092,2022-12-11,St. Paul,MN0620900,13A,B,B,N,M,43,,N,RU,Residence/Home,Home,Blunt Object,Minor Injury,C
179923059,162591092,2022-12-11,St. Paul,MN0620900,13A,B,B,N,F,45,,N,RU,Residence/Home,Home,Blunt Object,Minor Injury,C
180361551,162976218,2022-12-11,St. Paul,MN0620900,13A,H,W,H,F,29,,N,RU,Residence/Home,Home,,Unconscious,C
180361553,162976220,2022-12-11,St. Paul,MN0620900,13A,B,B,N,F,36,,N,RU,Residence/Home,Home,Knife/Cutting Instrument,,C
182050761,164456249,2022-12-11,St. Paul,MN0620900,13A,B,B,U,F,38,,N,RU,Highway/Road/Alley/Street/Sidewalk,Street & Sidewalk,Firearm,,C
180361569,162976233,2022-12-12,St. Paul,MN0620900,13A,W,W,N,M,20,,N,RU,Residence/Home,Home,Blunt Object,,C
180781502,163336745,2022-12-12,St. Paul,MN0620900,13A,B,B,N,F,31,,N,RU,Residence/Home,Home,Firearm,Possible Internal Injury,C
181782305,164217732,2022-12-12,St. Paul,MN0620900,13A,B,B,N,F,30,,N,RU,Residence/Home,Home,Asphyxiation;Personal Weapons,Other Major Injury;Possible Internal Injury;Severe Laceration;Unconscious,C
182107131,164505157,2022-12-12,St. Paul,MN0620900,13A,B,B,N,F,41,,N,RU,Residence/Home,Home,Unknown,,C
181782318,164217742,2022-12-13,St. Paul,MN0620900,13A,B,B,U,M,29,,N,RU,Residence/Home,Home,Firearm,Other Major Injury,C
182107132,164505158,2022-12-13,St. Paul,MN0620900,13A,W,W,N,M,25,,N,RU,Highway/Road/Alley/Street/Sidewalk,Street & Sidewalk,Knife/Cutting Instrument,,C
182615144,164948939,2022-12-13,St. Paul,MN0620900,13A,W,W,N,M,53,,N,RU,Highway/Road/Alley/Street/Sidewalk,Street & Sidewalk,Motor Vehicle/Vessel,,C
182615145,164948940,2022-12-13,St. Paul,MN0620900,13A,B,B,N,M,33,,N,RU,Residence/Home,Home,Other,Severe Laceration,C
186978408,168756934,2022-12-13,St. Paul,MN0620900,13A,B,B,N,M,18,,N,RU,Other/Unknown,Other & Unknown,Firearm,Other Major Injury,C
181800976,164233800,2022-12-14,St. Paul,MN0620900,13A,B,B,N,M,64,,N,RU,Residence/Home,Home,Firearm;Knife/Cutting Instrument,Severe Laceration,C
182861288,165165098,2022-12-14,St. Paul,MN0620900,13A,B,B,N,F,16,,N,RU,Residence/Home,Home,Knife/Cutting Instrument,Minor Injury,C
185075379,167096738,2022-12-14,St. Paul,MN0620900,13A,B,B,N,F,32,,N,RU,Highway/Road/Alley/Street/Sidewalk,Street & Sidewalk,Firearm,,C
188866439,170400701,2022-12-14,St. Paul,MN0620900,13A,B,B,N,M,49,,N,RU,Residence/Home,Home,Handgun,Other Major Injury,C
187772393,169446545,2022-12-15,St. Paul,MN0620900,13A,W,W,N,F,48,,N,RU,Residence/Home,Home,Unknown,Other Major Injury,C
180818500,163369294,2022-12-16,St. Paul,MN0620900,13A,B,B,U,F,36,,N,RU,Field/Woods,Field & Woods,Blunt Object,Minor Injury,C
180818501,163369295,2022-12-16,St. Paul,MN0620900,13A,B,B,N,F,17,,N,RU,School-College/University,College,Asphyxiation;Personal Weapons,Minor Injury,C
181408370,163886868,2022-12-17,St. Paul,MN0620900,13A,B,B,N,F,34,,N,RU,Residence/Home,Home,Firearm,Possible Internal Injury;Severe Laceration,C
183088725,165365971,2022-12-18,St. Paul,MN0620900,13A,W,W,U,F,69,,N,RU,Drug Store/Doctor's Office/Hospital,Hospital & Clinic,Blunt Object,,C
184062379,166212074,2022-12-18,St. Paul,MN0620900,13A,W,W,U,M,24,,N,RU,Residence/Home,Home,Personal Weapons,Loss of Teeth,C
184793329,166850313,2022-12-18,St. Paul,MN0620900,13A,H,W,H,M,32,,N,RU,Residence/Home,Home,Knife/Cutting Instrument,Minor Injury,C
180799904,163352995,2022-12-19,St. Paul,MN0620900,13A,B,B,N,F,28,,N,RU;VO,Highway/Road/Alley/Street/Sidewalk,Street & Sidewalk,Firearm,,C
184018257,166172877,2022-12-19,St. Paul,MN0620900,13A,B,B,N,F,30,,N,RU,Bar/Nightclub,Bar & Nightclub,Other Firearm,,C
187623952,169317101,2022-12-19,St. Paul,MN0620900,13A,B,B,U,F,30,,N,RU,Bar/Nightclub,Bar & Nightclub,Firearm,Minor Injury,C
181782419,164217820,2022-12-20,St. Paul,MN0620900,13A,U,U,U,F,26,,N,RU,Residence/Home,Home,Personal Weapons,Apparent Broken Bones,C
182107144,164505168,2022-12-20,St. Paul,MN0620900,13A,W,W,N,M,32,,N,RU,Residence/Home,Home,Knife/Cutting Instrument,Minor Injury,C
182711825,165034224,2022-12-20,St. Paul,MN0620900,13A,B,B,N,M,24,,N,RU,Residence/Home,Home,Firearm,Minor Injury,C
180926829,163463516,2022-12-22,St. Paul,MN0620900,13A,H,W,H,M,66,,N,RU,Highway/Road/Alley/Street/Sidewalk,Street & Sidewalk,Handgun,,C
180996865,163524960,2022-12-22,St. Paul,MN0620900,13A,W,W,N,M,41,,N,RU,Hotel/Motel/Etc.,Hotel & Motel,Motor Vehicle/Vessel,Minor Injury,C
185304735,167296413,2022-12-22,St. Paul,MN0620900,13A,U,U,U,M,22,,N,RU,Highway/Road/Alley/Street/Sidewalk,Street & Sidewalk,Blunt Object;Knife/Cutting Instrument,Other Major Injury,C
181607701,164062387,2022-12-23,St. Paul,MN0620900,13A,A,A,N,M,30,,N,RU,Parking/Drop Lot/Garage,Parking Lot,Firearm,,C
182107153,164505175,2022-12-23,St. Paul,MN0620900,13A,B,B,N,M,22,,N,RU,Residence/Home,Home,Firearm,Minor Injury,C
186444129,168292787,2022-12-23,St. Paul,MN0620900,13A,A,A,N,M,15,,N,RU,Residence/Home,Home,Knife/Cutting Instrument;Personal Weapons,,C
186444130,168292787,2022-12-23,St. Paul,MN0620900,13A,A,A,N,F,18,,N,RU,Residence/Home,Home,Knife/Cutting Instrument;Personal Weapons,,C
186444131,168292787,2022-12-23,St. Paul,MN0620900,13A,A,A,N,F,17,,N,RU,Residence/Home,Home,Knife/Cutting Instrument;Personal Weapons,Unconscious,C
181112814,163626010,2022-12-25,St. Paul,MN0620900,13A,B,B,N,F,22,,N,RU,Residence/Home,Home,Knife/Cutting Instrument,,C
181112815,163626010,2022-12-25,St. Paul,MN0620900,13A,B,B,N,F,50,,N,RU,Residence/Home,Home,Knife/Cutting Instrument,,C
180926924,163463603,2022-12-26,St. Paul,MN0620900,13A,B,B,U,M,51,,N,RU,Residence/Home,Home,Blunt Object,,C
183447194,165672770,2022-12-26,St. Paul,MN0620900,13A,A,A,N,F,22,,N,RU,Residence/Home,Home,Firearm,,C
185592463,167547756,2022-12-27,St. Paul,MN0620900,13A,B,B,U,M,,,N,RU,Hotel/Motel/Etc.,Hotel & Motel,Firearm,,C
186359400,168217915,2022-12-27,St. Paul,MN0620900,13A,W,W,N,F,26,,N,RU,Residence/Home,Home,Firearm,Minor Injury,C
180996935,163525022,2022-12-28,St. Paul,MN0620900,13A,A,A,N,U,35,,N,RU;VO,Residence/Home,Home,Asphyxiation,Minor Injury,C
181782439,164217836,2022-12-28,St. Paul,MN0620900,13A,W,W,U,M,30,,N,RU,Residence/Home,Home,Firearm,,C
181782440,164217836,2022-12-28,St. Paul,MN0620900,13A,W,W,N,F,32,,N,RU,Residence/Home,Home,Firearm,,C
181782442,164217838,2022-12-28,St. Paul,MN0620900,13A,B,B,N,M,40,,N,RU,Residence/Home,Home,Knife/Cutting Instrument,,C
182644316,164974617,2022-12-28,St. Paul,MN0620900,13A,H,W,H,F,34,,N,RU,Residence/Home,Home,Asphyxiation;Personal Weapons,Minor Injury,C
183957558,166119433,2022-12-28,St. Paul,MN0620900,13A,B,B,N,M,22,,N,RU,Highway/Road/Alley/Street/Sidewalk,Street & Sidewalk,Knife/Cutting Instrument,,C
183957559,166119433,2022-12-28,St. Paul,MN0620900,13A,W,W,N,M,24,,N,RU,Highway/Road/Alley/Street/Sidewalk,Street & Sidewalk,Knife/Cutting Instrument,,C
183957560,166119433,2022-12-28,St. Paul,MN0620900,13A,W,W,N,M,29,,N,RU,Highway/Road/Alley/Street/Sidewalk,Street & Sidewalk,Knife/Cutting Instrument,,C
183957561,166119433,2022-12-28,St. Paul,MN0620900,13A,A,A,N,M,21,,N,RU,Highway/Road/Alley/Street/Sidewalk,Street & Sidewalk,Knife/Cutting Instrument,,C
183957562,166119433,2022-12-28,St. Paul,MN0620900,13A,W,W,N,M,30,,N,RU,Highway/Road/Alley/Street/Sidewalk,Street & Sidewalk,Knife/Cutting Instrument,,C
184018277,166172895,2022-12-28,St. Paul,MN0620900,13A,B,B,N,M,52,,N,,Parking/Drop Lot/Garage,Parking Lot,Firearm,,C
187679755,169366440,2022-12-28,St. Paul,MN0620900,13A,U,U,U,M,39,,N,RU,Highway/Road/Alley/Street/Sidewalk,Street & Sidewalk,Firearm,Other Major Injury;Possible Internal Injury,C
183957578,166119449,2022-12-29,St. Paul,MN0620900,13A,B,B,U,M,66,,N,RU,Residence/Home,Home,Handgun,Minor Injury,C
185803955,167734018,2022-12-29,St. Paul,MN0620900,13A,H,U,H,F,31,,N,RU,Residence/Home,Home,Handgun,,C
181782457,164217851,2022-12-30,St. Paul,MN0620900,13A,H,U,H,F,33,,N,RU,Residence/Home,Home,Knife/Cutting Instrument,,C
188866451,170400710,2022-12-30,St. Paul,MN0620900,13A,B,B,N,M,45,,N,RU,Highway/Road/Alley/Street/Sidewalk,Street & Sidewalk,Firearm,,C
182464213,164817177,2022-12-31,St. Paul,MN0620900,13A,B,B,N,M,35,,N,RU,Shelter-Mission/Homeless,Shelter,Knife/Cutting Instrument,Other Major Injury;Severe Laceration,C
183447229,165672804,2022-12-31,St. Paul,MN0620900,13A,U,U,U,M,26,,N,RU,Highway/Road/Alley/Street/Sidewalk,Street & Sidewalk,Firearm,,C
185562884,167522234,2022-12-31,St. Paul,MN0620900,13A,B,B,U,F,19,,N,RU,Residence/Home,Home,Blunt Object;Knife/Cutting Instrument;Personal Weapons,Possible Internal Injury;Severe Laceration,C
185562885,167522234,2022-12-31,St. Paul,MN0620900,13A,B,B,U,F,23,,N,RU,Residence/Home,Home,Blunt Object;Knife/Cutting Instrument;Personal Weapons,Severe Laceration,C
185562887,167522234,2022-12-31,St. Paul,MN0620900,13A,B,B,U,F,23,,N,RU,Residence/Home,Home,Blunt Object;Knife/Cutting Instrument;Personal Weapons,Severe Laceration,C
181113162,163626308,2023-01-01,St. Paul,MN0620900,13A,B,B,N,M,65,,N,RU,Residence/Home,Home,Blunt Object,Minor Injury,C
183613832,165819613,2023-01-01,St. Paul,MN0620900,13A,W,W,U,F,43,,N,RU,Parking/Drop Lot/Garage,Parking Lot,Knife/Cutting Instrument,,C
185304742,167296419,2023-01-01,St. Paul,MN0620900,13A,B,B,N,F,41,,N,RU,Residence/Home,Home,Firearm,,C
195161403,175897095,2023-01-01,St. Paul,MN0620900,13A,B,B,U,F,34,,N,RU,Residence/Home,Home,Asphyxiation,Minor Injury,C
199531518,179733411,2023-01-01,St. Paul,MN0620900,13A,B,B,N,M,42,,N,RU,Residence/Home,Home,Firearm,Other Major Injury,C
181782594,164217964,2023-01-02,St. Paul,MN0620900,13A,B,B,N,F,49,,N,RU,Residence/Home,Home,Knife/Cutting Instrument,Minor Injury,C
186444223,168292867,2023-01-02,St. Paul,MN0620900,13A,B,B,N,F,41,,N,RU,Residence/Home,Home,Firearm,,C
181782619,164217982,2023-01-03,St. Paul,MN0620900,13A,W,W,N,M,33,,N,RU,Field/Woods,Field & Woods,Blunt Object,,C
181782620,164217982,2023-01-03,St. Paul,MN0620900,13A,I,I,N,F,35,,N,RU,Field/Woods,Field & Woods,Blunt Object,,C
181782824,164218154,2023-01-03,St. Paul,MN0620900,13A,B,B,N,F,44,,N,RU,Residence/Home,Home,Asphyxiation,Minor Injury,C
182417074,164775572,2023-01-03,St. Paul,MN0620900,13A,W,W,U,F,56,,N,RU,Residence/Home,Home,Blunt Object,Other Major Injury,C
185304744,167296420,2023-01-03,St. Paul,MN0620900,13A,B,B,U,F,33,,N,RU,Bar/Nightclub,Bar & Nightclub,Blunt Object,Unconscious,C
193759255,174671008,2023-01-03,St. Paul,MN0620900,13A,W,W,N,F,38,,N,RU,Residence/Home,Home,Firearm,,C
181465053,163936586,2023-01-04,St. Paul,MN0620900,13A,W,W,N,F,19,,N,RU,Residence/Home,Home,Asphyxiation;Personal Weapons,Minor Injury,C
183957641,166119501,2023-01-04,St. Paul,MN0620900,13A,B,B,N,F,76,,N,RU,Residence/Home,Home,Blunt Object,Severe Laceration,C
190915378,172194545,2023-01-04,St. Paul,MN0620900,13A,W,W,U,F,24,,N,RU,Residence/Home,Home,Firearm,,C
190568378,171889199,2023-01-06,St. Paul,MN0620900,13A,B,B,U,M,60,,N,RU,Residence/Home,Home,Knife/Cutting Instrument,Severe Laceration,C
181782954,164218262,2023-01-07,St. Paul,MN0620900,13A,A,A,U,F,47,,N,RU,Residence/Home,Home,Knife/Cutting Instrument,Minor Injury,C
181782955,164218262,2023-01-07,St. Paul,MN0620900,13A,A,A,N,M,53,,N,RU,Residence/Home,Home,Knife/Cutting Instrument,,C
182417157,164775647,2023-01-07,St. Paul,MN0620900,13A,H,W,H,F,55,,N,RU,Residence/Home,Home,Blunt Object,Minor Injury,C
185466247,167436247,2023-01-07,St. Paul,MN0620900,13A,B,B,N,M,53,,N,RU,Residence/Home,Home,Handgun,Other Major Injury,C
185562898,167522245,2023-01-07,St. Paul,MN0620900,13A,W,W,N,F,33,,N,RU,Residence/Home,Home,Asphyxiation;Personal Weapons,Minor Injury,C
198767279,179046512,2023-01-08,St. Paul,MN0620900,13A,W,W,U,F,41,,N,RU,Residence/Home,Home,Knife/Cutting Instrument,Severe Laceration,C
181783137,164218412,2023-01-09,St. Paul,MN0620900,13A,B,B,N,F,19,,N,RU,Residence/Home,Home,,Possible Internal Injury,C
182051083,164456544,2023-01-09,St. Paul,MN0620900,13A,H,W,H,F,25,,N,RU,Residence/Home,Home,Personal Weapons,Possible Internal Injury,C
182615181,164948972,2023-01-09,St. Paul,MN0620900,13A,B,B,N,F,46,,N,RU,Highway/Road/Alley/Street/Sidewalk,Street & Sidewalk,Handgun,,C
184818653,166872129,2023-01-09,St. Paul,MN0620900,13A,H,U,H,F,31,,N,RU,Residence/Home,Home,,Apparent Broken Bones,C
182051180,164456633,2023-01-10,St. Paul,MN0620900,13A,U,U,U,M,35,,N,RU,School-Elementary/Secondary,K-12 School,Firearm,,C
183089930,165367067,2023-01-10,St. Paul,MN0620900,13A,W,W,N,M,64,,N,RU,Highway/Road/Alley/Street/Sidewalk,Street & Sidewalk,Blunt Object,Severe Laceration,C
182615191,164948982,2023-01-12,St. Paul,MN0620900,13A,B,B,N,M,26,,N,RU,Residence/Home,Home,Firearm,,C
182823321,165131677,2023-01-12,St. Paul,MN0620900,13A,B,B,N,F,28,,N,RU,Parking/Drop Lot/Garage,Parking Lot,Firearm,,C
184694790,166763159,2023-01-12,St. Paul,MN0620900,13A,W,W,U,F,63,,N,RU,School-Elementary/Secondary,K-12 School,Blunt Object,Minor Injury,C
184818657,166872133,2023-01-12,St. Paul,MN0620900,13A,W,W,N,M,40,,N,RU,Commercial/Office Building,Office Building,Blunt Object,Minor Injury,C
185075795,167097088,2023-01-13,St. Paul,MN0620900,13A,B,B,N,M,65,,N,RU,Residence/Home,Home,Knife/Cutting Instrument,Minor Injury,C
190193642,171562235,2023-01-13,St. Paul,MN0620900,13A,H,U,H,F,18,,N,RU,Highway/Road/Alley/Street/Sidewalk,Street & Sidewalk,Handgun,,C
182418339,164776691,2023-01-14,St. Paul,MN0620900,13A,W,W,N,M,28,,N,RU,Residence/Home,Home,Firearm,,C
182615199,164948990,2023-01-14,St. Paul,MN0620900,13A,B,B,N,M,40,,N,RU,Residence/Home,Home,Personal Weapons,Severe Laceration,C
186700953,168515960,2023-01-14,St. Paul,MN0620900,13A,H,U,H,F,29,,N,RU,Highway/Road/Alley/Street/Sidewalk,Street & Sidewalk,Handgun;Knife/Cutting Instrument;Personal Weapons,Other Major Injury,C
195161407,175897098,2023-01-14,St. Paul,MN0620900,13A,B,B,N,M,42,,N,RU,Residence/Home,Home,Handgun,Minor Injury,C
199531527,179733418,2023-01-14,St. Paul,MN0620900,13A,W,W,N,M,38,,N,RU,Residence/Home,Home,Other,Minor Injury,C
182615205,164948995,2023-01-15,St. Paul,MN0620900,13A,B,B,U,M,12,,N,RU,Hotel/Motel/Etc.,Hotel & Motel,Handgun,,C
186359711,168218189,2023-01-15,St. Paul,MN0620900,13A,B,B,N,F,49,,N,RU,Residence/Home,Home,Knife/Cutting Instrument;Personal Weapons,Minor Injury,C
191628460,172810327,2023-01-15,St. Paul,MN0620900,13A,U,U,U,M,43,,N,RU,Residence/Home,Home,Firearm,,C
187739677,169418395,2023-01-16,St. Paul,MN0620900,13A,W,W,N,M,40,,N,RU,Convenience Store,Convenience Store,Firearm,,C
183957739,166119587,2023-01-17,St. Paul,MN0620900,13A,B,B,N,F,48,,N,RU,Highway/Road/Alley/Street/Sidewalk,Street & Sidewalk,Firearm,Unconscious,C
185075946,167097228,2023-01-17,St. Paul,MN0620900,13A,B,B,U,M,47,,N,RU,Residence/Home,Home,Knife/Cutting Instrument,,C
182615234,164949023,2023-01-18,St. Paul,MN0620900,13A,B,B,N,M,23,,N,RU,Parking/Drop Lot/Garage,Parking Lot,Motor Vehicle/Vessel,,C
183265369,165517248,2023-01-18,St. Paul,MN0620900,13A,W,W,N,M,59,,N,RU,Shelter-Mission/Homeless,Shelter,Personal Weapons,Unconscious,C
183265370,165517248,2023-01-18,St. Paul,MN0620900,13A,W,W,N,F,,,N,RU,Shelter-Mission/Homeless,Shelter,Personal Weapons,Minor Injury,C
196998630,177493158,2023-01-18,St. Paul,MN0620900,13A,W,W,U,M,24,,N,RU,Parking/Drop Lot/Garage,Parking Lot,Knife/Cutting Instrument,,C
204641426,184195333,2023-01-18,St. Paul,MN0620900,13A,B,B,N,M,16,,N,RU,Community Center,Community Center,Firearm,Other Major Injury;Possible Internal Injury;Unconscious,C
182615301,164949086,2023-01-19,St. Paul,MN0620900,13A,B,B,U,F,52,,N,RU,Residence/Home,Home,Handgun,,C
195161408,175897099,2023-01-20,St. Paul,MN0620900,13A,W,W,U,F,21,,N,RU,Residence/Home,Home,Asphyxiation;Personal Weapons,Minor Injury,C
197178000,177653118,2023-01-20,St. Paul,MN0620900,13A,W,W,N,F,45,,N,RU,School-Elementary/Secondary,K-12 School,Firearm,Minor Injury,C
182944405,165238875,2023-01-21,St. Paul,MN0620900,13A,B,B,N,M,55,,N,RU,Residence/Home,Home,Blunt Object,Other Major Injury,C
182944413,165238883,2023-01-21,St. Paul,MN0620900,13A,A,A,N,F,34,,N,RU,Residence/Home,Home,Asphyxiation;Handgun,Unconscious,C
183057422,165338214,2023-01-21,St. Paul,MN0620900,13A,W,W,N,F,31,,N,RU,Residence/Home,Home,Asphyxiation;Personal Weapons,Minor Injury,C
183092090,165368960,2023-01-21,St. Paul,MN0620900,13A,H,W,H,F,25,,N,RU,Highway/Road/Alley/Street/Sidewalk,Street & Sidewalk,Firearm,,C
183092091,165368960,2023-01-21,St. Paul,MN0620900,13A,W,W,N,F,24,,N,RU,Highway/Road/Alley/Street/Sidewalk,Street & Sidewalk,Firearm,,C
184141754,166280899,2023-01-21,St. Paul,MN0620900,13A,U,U,U,M,45,,N,RU,Highway/Road/Alley/Street/Sidewalk,Street & Sidewalk,Blunt Object,Minor Injury,C
184629312,166706456,2023-01-21,St. Paul,MN0620900,13A,U,U,U,F,38,,N,RU,Residence/Home,Home,Personal Weapons,Other Major Injury,C
185076192,167097441,2023-01-21,St. Paul,MN0620900,13A,W,W,N,M,24,,N,RU,Department/Discount Store,Department Store,Knife/Cutting Instrument,,C
182662184,164990353,2023-01-22,St. Paul,MN0620900,13A,B,B,N,F,30,,N,RU,Residence/Home,Home,Knife/Cutting Instrument;Personal Weapons,Severe Laceration,C
186846710,168642771,2023-01-22,St. Paul,MN0620900,13A,B,B,N,F,24,,N,RU,Residence/Home,Home,Knife/Cutting Instrument,,C
186846711,168642771,2023-01-22,St. Paul,MN0620900,13A,B,B,N,F,24,,N,RU,Residence/Home,Home,Knife/Cutting Instrument,,C
199531566,179733454,2023-01-22,St. Paul,MN0620900,13A,B,B,N,M,19,,N,RU,Highway/Road/Alley/Street/Sidewalk,Street & Sidewalk,Firearm,Other Major Injury,C
182916839,165214228,2023-01-23,St. Paul,MN0620900,13A,B,B,U,M,42,,N,RU,Highway/Road/Alley/Street/Sidewalk,Street & Sidewalk,Knife/Cutting Instrument,,C
182944458,165238927,2023-01-23,St. Paul,MN0620900,13A,W,W,N,F,30,,N,RU,Residence/Home,Home,Knife/Cutting Instrument,Other Major Injury,C
183448513,165673951,2023-01-23,St. Paul,MN0620900,13A,B,B,N,M,27,,N,RU,Highway/Road/Alley/Street/Sidewalk,Street & Sidewalk,Handgun,,C
184093173,166239030,2023-01-23,St. Paul,MN0620900,13A,B,B,U,F,37,,N,RU,Residence/Home,Home,Handgun,,C
186666483,168485931,2023-01-23,St. Paul,MN0620900,13A,B,B,N,F,21,,N,RU,Residence/Home,Home,Blunt Object,Minor Injury,C
186846790,168642839,2023-01-23,St. Paul,MN0620900,13A,B,B,N,M,57,,N,RU,Residence/Home,Home,Blunt Object,Other Major Injury,C
182944465,165238934,2023-01-24,St. Paul,MN0620900,13A,W,W,N,F,28,,N,RU,Highway/Road/Alley/Street/Sidewalk,Street & Sidewalk,Firearm,,C
182944466,165238934,2023-01-24,St. Paul,MN0620900,13A,W,W,N,F,33,,N,RU,Highway/Road/Alley/Street/Sidewalk,Street & Sidewalk,Firearm,,C
182944473,165238941,2023-01-24,St. Paul,MN0620900,13A,U,U,U,F,,,N,RU,Other/Unknown,Other & Unknown,Other,,C
183448015,165673523,2023-01-24,St. Paul,MN0620900,13A,W,W,N,M,18,,N,RU,Highway/Road/Alley/Street/Sidewalk,Street & Sidewalk,Knife/Cutting Instrument,Minor Injury,C
183448018,165673526,2023-01-24,St. Paul,MN0620900,13A,B,B,N,M,41,,N,RU,Residence/Home,Home,Blunt Object,Minor Injury,C
183957755,166119600,2023-01-24,St. Paul,MN0620900,13A,B,B,N,M,32,,N,RU,Residence/Home,Home,Knife/Cutting Instrument,,C
186444297,168292918,2023-01-24,St. Paul,MN0620900,13A,B,B,N,F,31,,N,RU,Community Center,Community Center,Handgun,,C
210148634,188994415,2023-01-24,St. Paul,MN0620900,13A,U,U,U,M,45,,N,RU,Residence/Home,Home,Firearm,,C
183092821,165369602,2023-01-25,St. Paul,MN0620900,13A,W,W,U,F,38,,N,RU,Other/Unknown,Other & Unknown,Other Firearm,,C
183092888,165369660,2023-01-25,St. Paul,MN0620900,13A,W,W,U,F,49,,N,RU,Residence/Home,Home,Blunt Object;Personal Weapons,Minor Injury,C
184793513,166850477,2023-01-25,St. Paul,MN0620900,13A,A,A,N,F,32,,N,RU,Residence/Home,Home,Asphyxiation;Personal Weapons,Minor Injury,C
184793514,166850478,2023-01-25,St. Paul,MN0620900,13A,H,U,H,M,14,,N,RU,Residence/Home,Home,Other Firearm,,C
185077736,167098798,2023-01-25,St. Paul,MN0620900,13A,W,W,N,F,27,,N,RU,Residence/Home,Home,Knife/Cutting Instrument,Other Major Injury;Possible Internal Injury,C
185304766,167296436,2023-01-26,St. Paul,MN0620900,13A,H,W,H,M,34,,N,RU,Residence/Home,Home,Unknown,Apparent Broken Bones,C
186514240,168354602,2023-01-26,St. Paul,MN0620900,13A,H,U,H,F,25,,N,RU,Residence/Home,Home,Blunt Object,Minor Injury,C
187772413,169446560,2023-01-26,St. Paul,MN0620900,13A,B,B,N,M,0,,N,RU,Other/Unknown,Other & Unknown,Unknown,Other Major Injury,C
187772414,169446560,2023-01-26,St. Paul,MN0620900,13A,B,B,N,M,0,,N,RU,Other/Unknown,Other & Unknown,Unknown,,C
183093099,165369845,2023-01-27,St. Paul,MN0620900,13A,H,U,H,M,23,,N,RU,Residence/Home,Home,Knife/Cutting Instrument,,C
185803961,167734022,2023-01-27,St. Paul,MN0620900,13A,B,B,N,F,21,,N,RU,Residence/Home,Home,Handgun,Minor Injury,C
186514275,168354635,2023-01-27,St. Paul,MN0620900,13A,B,B,U,M,67,,N,RU,Shelter-Mission/Homeless,Shelter,Knife/Cutting Instrument,,C
199530160,179732138,2023-01-27,St. Paul,MN0620900,13A,A,A,N,M,15,,N,RU,Highway/Road/Alley/Street/Sidewalk,Street & Sidewalk,Firearm,Other Major Injury,C
185304802,167296466,2023-01-28,St. Paul,MN0620900,13A,B,B,N,M,21,,N,RU,Residence/Home,Home,Knife/Cutting Instrument,Minor Injury,C
186359963,168218418,2023-01-28,St. Paul,MN0620900,13A,U,U,U,F,15,,N,RU,Residence/Home,Home,Blunt Object,,C
199530164,179732141,2023-01-28,St. Paul,MN0620900,13A,W,W,U,M,33,,N,RU,Residence/Home,Home,Firearm,Other Major Injury,C
199530165,179732141,2023-01-28,St. Paul,MN0620900,13A,W,W,U,M,33,,N,RU,Residence/Home,Home,Firearm,Other Major Injury,C
184018776,166173342,2023-01-29,St. Paul,MN0620900,13A,B,B,N,M,,,N,RU,Residence/Home,Home,Personal Weapons,Other Major Injury;Possible Internal Injury,C
186637884,168461262,2023-01-29,St. Paul,MN0620900,13A,B,B,N,M,35,,N,RU,Residence/Home,Home,Knife/Cutting Instrument,Severe Laceration,C
188586667,170157187,2023-01-30,St. Paul,MN0620900,13A,B,B,N,F,31,,N,RU,Residence/Home,Home,Asphyxiation;Personal Weapons,Minor Injury,C
200808916,180852090,2023-01-30,St. Paul,MN0620900,13A,B,B,N,M,0,,N,RU,Daycare Facility,Daycare Facility,Unknown,Apparent Broken Bones,C
183458486,165682556,2023-01-31,St. Paul,MN0620900,13A,B,B,U,F,31,,N,RU,Residence/Home,Home,Asphyxiation,Minor Injury,C
183625834,165830560,2023-01-31,St. Paul,MN0620900,13A,W,W,N,F,19,,N,RU,Residence/Home,Home,Asphyxiation,Minor Injury,C
183957790,166119630,2023-01-31,St. Paul,MN0620900,13A,W,W,N,M,13,,N,RU,Residence/Home,Home,Blunt Object,,C
183957791,166119630,2023-01-31,St. Paul,MN0620900,13A,W,W,N,F,41,,N,RU,Residence/Home,Home,Blunt Object,,C
184576842,166660339,2023-02-01,St. Paul,MN0620900,13A,W,W,N,M,40,,N,RU,Highway/Road/Alley/Street/Sidewalk,Street & Sidewalk,Knife/Cutting Instrument,,C
186251284,168124059,2023-02-01,St. Paul,MN0620900,13A,B,B,N,M,35,,N,RU,Residence/Home,Home,Handgun,,C
202633430,182441237,2023-02-01,St. Paul,MN0620900,13A,H,W,H,F,33,,N,RU,Residence/Home,Home,Handgun,,C
184018833,166173395,2023-02-02,St. Paul,MN0620900,13A,B,B,N,M,27,,N,RU,Convenience Store,Convenience Store,Knife/Cutting Instrument,,C
184793549,166850503,2023-02-03,St. Paul,MN0620900,13A,B,B,N,M,13,,N,RU,Residence/Home,Home,Handgun,,C
185078209,167099193,2023-02-03,St. Paul,MN0620900,13A,U,U,U,M,27,,N,RU,Other/Unknown,Other & Unknown,Knife/Cutting Instrument,,C
185794708,167725841,2023-02-04,St. Paul,MN0620900,13A,W,W,U,M,42,,N,RU,Other/Unknown,Other & Unknown,Knife/Cutting Instrument,Other Major Injury;Possible Internal Injury,C
193274851,174244807,2023-02-04,St. Paul,MN0620900,13A,A,A,N,M,26,,N,RU,Bar/Nightclub,Bar & Nightclub,Blunt Object,Possible Internal Injury;Severe Laceration;Unconscious,C
185415567,167392177,2023-02-05,St. Paul,MN0620900,13A,B,B,N,M,44,,N,RU,Highway/Road/Alley/Street/Sidewalk,Street & Sidewalk,Blunt Object,Minor Injury,C
194942315,175706158,2023-02-05,St. Paul,MN0620900,13A,W,W,N,M,22,,N,RU,Restaurant,Restaurant,Firearm,Possible Internal Injury,C
194942316,175706158,2023-02-05,St. Paul,MN0620900,13A,H,B,H,M,21,,N,RU,Restaurant,Restaurant,Firearm,Possible Internal Injury,C
199530176,179732148,2023-02-05,St. Paul,MN0620900,13A,B,B,U,M,22,,N,RU,Highway/Road/Alley/Street/Sidewalk,Street & Sidewalk,Firearm,Minor Injury,C
208773102,187795397,2023-02-06,St. Paul,MN0620900,13A,A,A,N,M,24,,N,RU,Parking/Drop Lot/Garage,Parking Lot,Firearm,,C
208773103,187795397,2023-02-06,St. Paul,MN0620900,13A,A,A,N,M,35,,N,RU,Parking/Drop Lot/Garage,Parking Lot,Firearm,,C
187158094,168908614,2023-02-07,St. Paul,MN0620900,13A,B,B,N,M,44,,N,RU,Grocery/Supermarket,Grocery Store,Handgun (Automatic),,C
195204717,175934445,2023-02-07,St. Paul,MN0620900,13A,U,U,U,F,41,,N,RU,Highway/Road/Alley/Street/Sidewalk,Street & Sidewalk,Blunt Object,Severe Laceration;Unconscious,C
184141811,166280944,2023-02-08,St. Paul,MN0620900,13A,H,W,H,F,52,,N,RU,Residence/Home,Home,Other,,C
184793561,166850509,2023-02-08,St. Paul,MN0620900,13A,B,B,U,M,23,,N,RU,Highway/Road/Alley/Street/Sidewalk,Street & Sidewalk,Firearm,,C
184793562,166850509,2023-02-08,St. Paul,MN0620900,13A,B,B,U,F,29,,N,RU,Highway/Road/Alley/Street/Sidewalk,Street & Sidewalk,Firearm,,C
186363318,168221319,2023-02-08,St. Paul,MN0620900,13A,W,W,N,F,23,,N,RU,Residence/Home,Home,Asphyxiation;Other;Personal Weapons,Minor Injury,C
187697700,169382085,2023-02-08,St. Paul,MN0620900,13A,W,W,U,M,22,,N,RU,Highway/Road/Alley/Street/Sidewalk,Street & Sidewalk,Handgun,,C
188180412,169802732,2023-02-08,St. Paul,MN0620900,13A,B,B,N,M,32,,N,RU,Residence/Home,Home,Handgun;Other;Personal Weapons,Minor Injury,C
189588135,171033239,2023-02-08,St. Paul,MN0620900,13A,H,U,H,M,71,,N,RU,Residence/Home,Home,Blunt Object,Minor Injury,C
198192940,178540943,2023-02-08,St. Paul,MN0620900,13A,B,B,N,M,15,,N,RU,Park/Playground,Park & Playground,Firearm,Minor Injury;Possible Internal Injury,C
184706897,166773911,2023-02-09,St. Paul,MN0620900,13A,W,W,N,F,51,,N,RU,Residence/Home,Home,Asphyxiation;Personal Weapons,Minor Injury,C
185116792,167132525,2023-02-09,St. Paul,MN0620900,13A,B,B,N,M,30,,N,RU,Residence/Home,Home,Knife/Cutting Instrument,,C
185116793,167132525,2023-02-09,St. Paul,MN0620900,13A,B,B,N,F,47,,N,RU,Residence/Home,Home,Knife/Cutting Instrument,,C
186666490,168485936,2023-02-09,St. Paul,MN0620900,13A,B,B,N,M,27,,N,RU,Residence/Home,Home,Firearm,,C
186666491,168485936,2023-02-09,St. Paul,MN0620900,13A,B,B,N,F,30,,N,RU,Residence/Home,Home,Firearm,,C
186666492,168485936,2023-02-09,St. Paul,MN0620900,13A,B,B,N,M,0,,N,RU,Residence/Home,Home,Firearm,,C
198767329,179046559,2023-02-09,St. Paul,MN0620900,13A,B,B,N,F,25,,N,RU,Residence/Home,Home,Blunt Object,Minor Injury,C
186364472,168222317,2023-02-10,St. Paul,MN0620900,13A,W,W,N,F,46,,N,RU,Residence/Home,Home,Asphyxiation;Personal Weapons,Unconscious,C
190030771,171419772,2023-02-10,St. Paul,MN0620900,13A,B,B,N,F,30,,N,RU,Residence/Home,Home,Asphyxiation;Personal Weapons,Minor Injury,C
184708628,166775471,2023-02-11,St. Paul,MN0620900,13A,B,B,N,F,31,,N,RU,Highway/Road/Alley/Street/Sidewalk,Street & Sidewalk,Personal Weapons,Possible Internal Injury,C
184818707,166872172,2023-02-11,St. Paul,MN0620900,13A,B,B,N,F,29,,N,RU,Residence/Home,Home,Firearm,,C
184818708,166872172,2023-02-11,St. Paul,MN0620900,13A,U,U,U,F,29,,N,RU,Residence/Home,Home,Firearm,,C
186368945,168226098,2023-02-11,St. Paul,MN0620900,13A,A,A,N,F,33,,N,RU,Residence/Home,Home,Knife/Cutting Instrument,,C
209764365,188661393,2023-02-11,St. Paul,MN0620900,13A,B,B,U,M,43,,N,ST,Residence/Home,Home,Blunt Object,,C
186978448,168756969,2023-02-12,St. Paul,MN0620900,13A,B,B,N,F,22,,N,RU,Residence/Home,Home,Blunt Object,Minor Injury,C
186978449,168756969,2023-02-12,St. Paul,MN0620900,13A,B,B,N,M,2,,N,RU,Residence/Home,Home,Blunt Object,Minor Injury,C
190030772,171419773,2023-02-12,St. Paul,MN0620900,13A,B,B,N,F,22,,N,RU,Residence/Home,Home,Firearm,,C
192564159,173624118,2023-02-12,St. Paul,MN0620900,13A,W,W,N,F,54,,N,RU,Residence/Home,Home,Personal Weapons,Other Major Injury,C
199530178,179732149,2023-02-12,St. Paul,MN0620900,13A,B,B,U,M,16,,N,RU,Highway/Road/Alley/Street/Sidewalk,Street & Sidewalk,Firearm,Other Major Injury,C
201200889,181196456,2023-02-13,St. Paul,MN0620900,13A,U,U,U,F,,,N,OF,Residence/Home,Home,Firearm,,C
185078407,167099366,2023-02-14,St. Paul,MN0620900,13A,U,U,N,M,11,,N,RU,Highway/Road/Alley/Street/Sidewalk,Street & Sidewalk,Other,Minor Injury,C
186378437,168234471,2023-02-14,St. Paul,MN0620900,13A,H,W,H,F,50,,N,RU,Residence/Home,Home,Asphyxiation;Personal Weapons,Minor Injury,C
185242402,167241523,2023-02-15,St. Paul,MN0620900,13A,U,U,U,M,47,,N,RU,Highway/Road/Alley/Street/Sidewalk,Street & Sidewalk,Firearm,,C
198685694,178974150,2023-02-15,St. Paul,MN0620900,13A,U,U,X,U,,,N,RU,Highway/Road/Alley/Street/Sidewalk,Street & Sidewalk,Firearm (Automatic),,C
186514661,168354998,2023-02-16,St. Paul,MN0620900,13A,W,W,N,F,32,,N,RU,Residence/Home,Home,Firearm,Minor Injury,C
188434008,170024248,2023-02-16,St. Paul,MN0620900,13A,W,W,N,M,40,,N,RU,Residence/Home,Home,Handgun,,C
199380968,179595276,2023-02-16,St. Paul,MN0620900,13A,W,W,N,F,37,,N,RU,Residence/Home,Home,Personal Weapons,Apparent Broken Bones,C
186164426,168049674,2023-02-17,St. Paul,MN0620900,13A,B,B,U,F,30,,N,RU,Residence/Home,Home,Blunt Object;Personal Weapons,Possible Internal Injury;Unconscious,C
186444933,168293460,2023-02-17,St. Paul,MN0620900,13A,B,B,N,M,19,,N,RU;VO,Residence/Home,Home,Asphyxiation;Personal Weapons,,C
186444934,168293460,2023-02-17,St. Paul,MN0620900,13A,H,B,H,M,21,,N,RU;VO,Residence/Home,Home,Asphyxiation;Personal Weapons,Minor Injury,C
186912221,168700027,2023-02-17,St. Paul,MN0620900,13A,B,B,N,M,62,,N,RU,Residence/Home,Home,Blunt Object;Personal Weapons,,C
188817720,170357984,2023-02-17,St. Paul,MN0620900,13A,B,B,N,F,30,,N,RU,Bar/Nightclub,Bar & Nightclub,Blunt Object,Minor Injury,C
185117155,167132848,2023-02-18,St. Paul,MN0620900,13A,B,B,N,M,35,,N,RU,Residence/Home,Home,Knife/Cutting Instrument,Minor Injury,C
185794723,167725856,2023-02-18,St. Paul,MN0620900,13A,W,W,N,F,20,,N,RU,Highway/Road/Alley/Street/Sidewalk,Street & Sidewalk,Handgun,,C
199530186,179732156,2023-02-18,St. Paul,MN0620900,13A,B,B,U,M,25,,N,RU,Residence/Home,Home,Firearm,Other Major Injury,C
186381783,168237364,2023-02-19,St. Paul,MN0620900,13A,B,B,N,M,41,,N,RU,Field/Woods,Field & Woods,Knife/Cutting Instrument,Minor Injury,C
186700998,168515996,2023-02-19,St. Paul,MN0620900,13A,B,B,U,M,18,,N,RU,Hotel/Motel/Etc.,Hotel & Motel,Blunt Object;Firearm,Minor Injury,C
186846949,168642975,2023-02-19,St. Paul,MN0620900,13A,B,B,N,M,46,,N,RU,Highway/Road/Alley/Street/Sidewalk,Street & Sidewalk,Firearm,,C
186978461,168756978,2023-02-19,St. Paul,MN0620900,13A,B,B,N,M,35,,N,RU,Residence/Home,Home,Personal Weapons,Apparent Broken Bones;Severe Laceration;Unconscious,C
206474671,185795996,2023-02-19,St. Paul,MN0620900,13A,W,W,N,F,22,,N,RU,Residence/Home,Home,Asphyxiation;Personal Weapons,Minor Injury,C
185562951,167522290,2023-02-20,St. Paul,MN0620900,13A,B,B,U,F,31,,N,RU,Residence/Home,Home,Asphyxiation;Personal Weapons,Minor Injury,C
186382815,168238229,2023-02-20,St. Paul,MN0620900,13A,W,W,N,M,29,,N,RU,Parking/Drop Lot/Garage,Parking Lot,Blunt Object,Other Major Injury,C
186444969,168293491,2023-02-21,St. Paul,MN0620900,13A,B,B,U,F,28,,N,RU,Daycare Facility,Daycare Facility,Knife/Cutting Instrument,,C
186445033,168293548,2023-02-22,St. Paul,MN0620900,13A,B,B,N,F,32,,N,RU,Residence/Home,Home,Asphyxiation;Other;Personal Weapons,Minor Injury,C
185803970,167734029,2023-02-23,St. Paul,MN0620900,13A,H,U,H,F,37,,N,RU,Residence/Home,Home,Knife/Cutting Instrument,Minor Injury,C
192564348,173624291,2023-02-24,St. Paul,MN0620900,13A,W,W,N,M,31,,N,RU,Highway/Road/Alley/Street/Sidewalk,Street & Sidewalk,Knife/Cutting Instrument,,C
203905986,183555521,2023-02-24,St. Paul,MN0620900,13A,B,B,N,M,14,,N,RU,Community Center,Community Center,Firearm,Other Major Injury;Possible Internal Injury,C
203905987,183555521,2023-02-24,St. Paul,MN0620900,13A,B,B,N,M,17,,N,RU,Community Center,Community Center,Firearm,Other Major Injury,C
203905988,183555521,2023-02-24,St. Paul,MN0620900,13A,B,B,N,M,17,,N,RU,Community Center,Community Center,Firearm,Other Major Injury,C
185243097,167242113,2023-02-25,St. Paul,MN0620900,13A,W,W,U,M,59,,N,RU,Residence/Home,Home,Knife/Cutting Instrument,Other Major Injury,C
186164725,168049932,2023-02-25,St. Paul,MN0620900,13A,W,W,N,M,84,,N,RU,Residence/Home,Home,Firearm,,C
210003535,188867731,2023-02-25,St. Paul,MN0620900,13A,B,B,N,F,36,,N,RU,Parking/Drop Lot/Garage,Parking Lot,Handgun,Other Major Injury,C
210003536,188867731,2023-02-25,St. Paul,MN0620900,13A,B,B,N,F,56,,N,RU,Parking/Drop Lot/Garage,Parking Lot,Handgun,Other Major Injury,C
210003537,188867731,2023-02-25,St. Paul,MN0620900,13A,B,B,N,M,19,,N,RU,Parking/Drop Lot/Garage,Parking Lot,Handgun,Other Major Injury,C
185305557,167297123,2023-02-26,St. Paul,MN0620900,13A,H,U,H,F,42,,N,RU,Parking/Drop Lot/Garage,Parking Lot,Motor Vehicle/Vessel,Minor Injury,C
186164779,168049980,2023-02-26,St. Paul,MN0620900,13A,B,B,N,M,31,,N,RU,Highway/Road/Alley/Street/Sidewalk,Street & Sidewalk,Firearm,,C
185563071,167522393,2023-02-27,St. Paul,MN0620900,13A,A,A,N,F,32,,N,RU,Residence/Home,Home,Blunt Object;Personal Weapons,Other Major Injury;Possible Internal Injury;Severe Laceration,C
185592702,167547960,2023-02-27,St. Paul,MN0620900,13A,W,W,N,F,33,,N,RU,Residence/Home,Home,Blunt Object;Handgun;Personal Weapons,Possible Internal Injury,C
186387268,168242000,2023-02-27,St. Paul,MN0620900,13A,W,W,N,M,24,,N,RU,Air/Bus/Train Terminal,Transit Station,Drugs/Narcotics/Sleeping Pills,,C
187679825,169366498,2023-02-27,St. Paul,MN0620900,13A,W,W,U,M,19,,N,RU,Restaurant,Restaurant,Handgun,,C
188046182,169686067,2023-02-27,St. Paul,MN0620900,13A,B,B,N,M,14,,N,RU,Highway/Road/Alley/Street/Sidewalk,Street & Sidewalk,Firearm,,C
188046183,169686067,2023-02-27,St. Paul,MN0620900,13A,B,B,N,M,16,,N,RU,Highway/Road/Alley/Street/Sidewalk,Street & Sidewalk,Firearm,,C
197001179,177495243,2023-02-27,St. Paul,MN0620900,13A,W,W,U,F,54,,N,RU,Residence/Home,Home,Rifle,,C
185377791,167359087,2023-02-28,St. Paul,MN0620900,13A,B,B,N,M,48,,N,RU,Residence/Home,Home,Knife/Cutting Instrument,Minor Injury,C
188546332,170122015,2023-02-28,St. Paul,MN0620900,13A,B,B,N,F,19,,N,RU,Residence/Home,Home,Blunt Object,Minor Injury,C
195161421,175897111,2023-02-28,St. Paul,MN0620900,13A,B,B,N,F,24,,N,RU,Residence/Home,Home,Personal Weapons,Loss of Teeth,C
185466071,167436099,2023-03-01,St. Paul,MN0620900,13A,B,B,U,M,37,,N,RU,Highway/Road/Alley/Street/Sidewalk,Street & Sidewalk,Knife/Cutting Instrument;Other,Other Major Injury;Possible Internal Injury,C
189588151,171033253,2023-03-01,St. Paul,MN0620900,13A,B,B,N,F,32,,N,RU,Residence/Home,Home,Personal Weapons,Loss of Teeth,C
185563142,167522460,2023-03-02,St. Paul,MN0620900,13A,B,B,N,F,20,,N,RU,Residence/Home,Home,Knife/Cutting Instrument,,C
186701018,168516008,2023-03-02,St. Paul,MN0620900,13A,W,W,U,M,31,,N,RU,Highway/Road/Alley/Street/Sidewalk,Street & Sidewalk,Handgun,,C
186978495,168757005,2023-03-02,St. Paul,MN0620900,13A,B,B,U,M,19,,N,RU,Highway/Road/Alley/Street/Sidewalk,Street & Sidewalk,Blunt Object,Minor Injury,C
187679868,169366541,2023-03-03,St. Paul,MN0620900,13A,W,W,N,M,22,,N,RU,Convenience Store,Convenience Store,Knife/Cutting Instrument,,C
187679869,169366541,2023-03-03,St. Paul,MN0620900,13A,W,W,N,M,27,,N,RU,Convenience Store,Convenience Store,Knife/Cutting Instrument,,C
187679870,169366541,2023-03-03,St. Paul,MN0620900,13A,W,W,N,M,34,,N,RU,Convenience Store,Convenience Store,Knife/Cutting Instrument,,C
187679871,169366541,2023-03-03,St. Paul,MN0620900,13A,A,A,N,M,42,,N,RU,Convenience Store,Convenience Store,Knife/Cutting Instrument,,C
187679872,169366541,2023-03-03,St. Paul,MN0620900,13A,W,W,N,F,22,,N,RU,Convenience Store,Convenience Store,Knife/Cutting Instrument,,C
185563341,167522616,2023-03-05,St. Paul,MN0620900,13A,W,W,U,F,44,,N,RU,Residence/Home,Home,Blunt Object,Severe Laceration,C
188046192,169686074,2023-03-05,St. Paul,MN0620900,13A,B,B,N,F,26,,N,RU,Highway/Road/Alley/Street/Sidewalk,Street & Sidewalk,Handgun,,C
185563511,167522773,2023-03-06,St. Paul,MN0620900,13A,B,B,N,F,30,,N,RU,Residence/Home,Home,Blunt Object,,C
186447794,168296007,2023-03-06,St. Paul,MN0620900,13A,W,W,U,F,51,,N,RU,Bar/Nightclub,Bar & Nightclub,Unknown,,C
185593030,167548268,2023-03-07,St. Paul,MN0620900,13A,W,W,U,M,22,,N,RU,Residence/Home,Home,Knife/Cutting Instrument,Possible Internal Injury,C
186160685,168046303,2023-03-07,St. Paul,MN0620900,13A,W,W,N,F,51,,N,RU,Highway/Road/Alley/Street/Sidewalk,Street & Sidewalk,Blunt Object,Minor Injury,C
190890333,172172952,2023-03-07,St. Paul,MN0620900,13A,B,B,N,M,47,,N,RU,Highway/Road/Alley/Street/Sidewalk,Street & Sidewalk,Firearm,,C
186447915,168296118,2023-03-08,St. Paul,MN0620900,13A,W,W,U,M,65,,N,RU,Residence/Home,Home,Handgun,Other Major Injury;Severe Laceration,C
185794785,167725895,2023-03-09,St. Paul,MN0620900,13A,B,B,N,M,23,,N,RU,Residence/Home,Home,Knife/Cutting Instrument,Minor Injury,C
185803986,167734043,2023-03-09,St. Paul,MN0620900,13A,B,B,N,M,34,,N,RU;VO,Residence/Home,Home,Firearm,,C
187135332,168888839,2023-03-09,St. Paul,MN0620900,13A,U,U,U,F,21,,N,RU,Highway/Road/Alley/Street/Sidewalk,Street & Sidewalk,Blunt Object;Firearm;Motor Vehicle/Vessel,,C
189086935,170593841,2023-03-09,St. Paul,MN0620900,13A,B,B,N,M,59,,N,RU,Residence/Home,Home,Knife/Cutting Instrument,Minor Injury,C
187624812,169317903,2023-03-10,St. Paul,MN0620900,13A,B,B,N,F,31,,N,RU,Highway/Road/Alley/Street/Sidewalk,Street & Sidewalk,Personal Weapons,Other Major Injury,C
189995045,171388155,2023-03-10,St. Paul,MN0620900,13A,B,B,U,M,4,,N,RU,Residence/Home,Home,Unknown,Minor Injury,C
194194974,175055009,2023-03-11,St. Paul,MN0620900,13A,U,U,U,M,43,,N,RU,Highway/Road/Alley/Street/Sidewalk,Street & Sidewalk,Personal Weapons,Loss of Teeth,C
186445387,168293853,2023-03-12,St. Paul,MN0620900,13A,B,B,N,M,25,,N,RU,Residence/Home,Home,Handgun,,C
186445388,168293853,2023-03-12,St. Paul,MN0620900,13A,B,B,N,F,20,,N,RU,Residence/Home,Home,Handgun,Minor Injury,C
188851706,170387858,2023-03-12,St. Paul,MN0620900,13A,W,W,N,F,26,,N,RU,Residence/Home,Home,Asphyxiation;Blunt Object;Personal Weapons,Possible Internal Injury;Unconscious,C
187679898,169366565,2023-03-13,St. Paul,MN0620900,13A,H,W,H,F,47,,N,RU,Residence/Home,Home,Knife/Cutting Instrument,Minor Injury,C
186701098,168516073,2023-03-14,St. Paul,MN0620900,13A,B,B,N,F,20,,N,RU,Highway/Road/Alley/Street/Sidewalk,Street & Sidewalk,Asphyxiation;Personal Weapons,Minor Injury,C
187792417,169463891,2023-03-14,St. Paul,MN0620900,13A,B,B,N,F,2,,N,RU,Residence/Home,Home,Other,Minor Injury,C
186447226,168295477,2023-03-15,St. Paul,MN0620900,13A,B,B,N,M,52,,N,RU,Air/Bus/Train Terminal,Transit Station,Handgun,,C
186701113,168516088,2023-03-15,St. Paul,MN0620900,13A,B,B,N,F,33,,N,RU,Highway/Road/Alley/Street/Sidewalk,Street & Sidewalk,Handgun,Minor Injury,C
189069635,170578709,2023-03-17,St. Paul,MN0620900,13A,W,W,U,M,28,,N,RU,Residence/Home,Home,Asphyxiation;Personal Weapons,Possible Internal Injury,C
189588159,171033261,2023-03-17,St. Paul,MN0620900,13A,A,A,N,F,30,,N,RU,Residence/Home,Home,Firearm,Minor Injury,C
201676865,181610698,2023-03-17,St. Paul,MN0620900,13A,B,B,N,M,26,,N,RU,Convenience Store,Convenience Store,Firearm,,C
187158263,168908774,2023-03-18,St. Paul,MN0620900,13A,W,W,N,M,23,,N,RU,Highway/Road/Alley/Street/Sidewalk,Street & Sidewalk,Personal Weapons,Severe Laceration,C
187624996,169318068,2023-03-18,St. Paul,MN0620900,13A,W,W,N,M,37,,N,RU,Highway/Road/Alley/Street/Sidewalk,Street & Sidewalk,Blunt Object,Minor Injury,C
186701236,168516204,2023-03-19,St. Paul,MN0620900,13A,A,A,U,M,37,,N,RU,Hotel/Motel/Etc.,Hotel & Motel,Firearm,Other Major Injury;Possible Internal Injury,C
186847850,168643728,2023-03-19,St. Paul,MN0620900,13A,W,W,N,F,35,,N,RU,Residence/Home,Home,Blunt Object,,C
186912277,168700080,2023-03-20,St. Paul,MN0620900,13A,B,B,U,F,22,,N,RU,Government/Public Building,Government Building,Handgun;Personal Weapons,Minor Injury,C
187679912,169366579,2023-03-20,St. Paul,MN0620900,13A,B,B,N,F,22,,N,RU,Residence/Home,Home,Handgun,,C
187679913,169366579,2023-03-20,St. Paul,MN0620900,13A,B,B,N,F,20,,N,RU,Residence/Home,Home,Handgun,,C
186912286,168700088,2023-03-21,St. Paul,MN0620900,13A,B,B,N,F,46,,N,RU,Highway/Road/Alley/Street/Sidewalk,Street & Sidewalk,Handgun,,C
186978588,168757090,2023-03-21,St. Paul,MN0620900,13A,B,B,N,M,32,,N,RU,Highway/Road/Alley/Street/Sidewalk,Street & Sidewalk,Knife/Cutting Instrument,Other Major Injury,C
188142612,169769632,2023-03-21,St. Paul,MN0620900,13A,U,U,U,M,34,,N,RU,Residence/Home,Home,Other,Other Major Injury,C
188817738,170358002,2023-03-21,St. Paul,MN0620900,13A,W,W,N,M,22,,N,RU,Other/Unknown,Other & Unknown,Knife/Cutting Instrument,Minor Injury,C
190030781,171419780,2023-03-21,St. Paul,MN0620900,13A,B,B,N,M,33,,N,RU,Convenience Store,Convenience Store,Firearm,,C
202839264,182618917,2023-03-21,St. Paul,MN0620900,13A,B,B,N,F,22,,N,RU,Highway/Road/Alley/Street/Sidewalk,Street & Sidewalk,Firearm,,C
186978618,168757113,2023-03-22,St. Paul,MN0620900,13A,W,W,U,F,49,,N,RU,Residence/Home,Home,Firearm,,C
186978619,168757113,2023-03-22,St. Paul,MN0620900,13A,W,W,U,F,25,,N,RU,Residence/Home,Home,Firearm,,C
187625166,169318197,2023-03-22,St. Paul,MN0620900,13A,B,B,N,M,14,,N,RU,School-College/University,College,Handgun,,C
188142613,169769633,2023-03-22,St. Paul,MN0620900,13A,H,W,H,F,17,,N,RU,Residence/Home,Home,Knife/Cutting Instrument,,C
188142615,169769635,2023-03-23,St. Paul,MN0620900,13A,H,W,H,F,27,,N,RU,Residence/Home,Home,Personal Weapons,Possible Internal Injury,C
188358577,169957520,2023-03-25,St. Paul,MN0620900,13A,U,U,U,M,50,,N,RU,Highway/Road/Alley/Street/Sidewalk,Street & Sidewalk,Personal Weapons,Other Major Injury,C
198767371,179046595,2023-03-25,St. Paul,MN0620900,13A,B,B,N,M,57,,N,RU,Grocery/Supermarket,Grocery Store,Knife/Cutting Instrument,Other Major Injury;Possible Internal Injury;Severe Laceration,C
201201145,181196688,2023-03-25,St. Paul,MN0620900,13A,W,W,N,M,0,,N,CH,Residence/Home,Home,Personal Weapons,Minor Injury,C
187792438,169463907,2023-03-26,St. Paul,MN0620900,13A,B,B,N,M,35,,N,RU,Residence/Home,Home,Knife/Cutting Instrument,Other Major Injury,C
188817744,170358008,2023-03-26,St. Paul,MN0620900,13A,B,B,N,F,31,,N,RU,Residence/Home,Home,Knife/Cutting Instrument,Severe Laceration,C
190030787,171419785,2023-03-26,St. Paul,MN0620900,13A,B,B,U,F,33,,N,RU,Bar/Nightclub,Bar & Nightclub,Knife/Cutting Instrument,Minor Injury,C
195550193,176234192,2023-03-26,St. Paul,MN0620900,13A,B,B,U,F,22,,N,RU,Residence/Home,Home,Firearm,,C
191352721,172574943,2023-03-27,St. Paul,MN0620900,13A,W,W,N,F,25,,N,RU,Residence/Home,Home,Personal Weapons,Other Major Injury,C
199530198,179732164,2023-03-27,St. Paul,MN0620900,13A,B,B,U,M,52,,N,RU,Highway/Road/Alley/Street/Sidewalk,Street & Sidewalk,Handgun,Other Major Injury,C
203190672,182929090,2023-03-27,St. Paul,MN0620900,13A,B,B,N,F,25,,N,RU,Residence/Home,Home,Firearm,,C
188897803,170427827,2023-03-28,St. Paul,MN0620900,13A,B,B,N,M,17,,N,RU,Highway/Road/Alley/Street/Sidewalk,Street & Sidewalk,Firearm,,C
189761685,171185353,2023-03-28,St. Paul,MN0620900,13A,U,U,U,F,29,,N,RU,Highway/Road/Alley/Street/Sidewalk,Street & Sidewalk,Firearm,Minor Injury,C
193811614,174716804,2023-03-28,St. Paul,MN0620900,13A,B,B,U,M,19,,N,RU,Highway/Road/Alley/Street/Sidewalk,Street & Sidewalk,Firearm,,C
193811615,174716804,2023-03-28,St. Paul,MN0620900,13A,B,B,N,M,17,,N,RU,Highway/Road/Alley/Street/Sidewalk,Street & Sidewalk,Firearm,,C
199101316,179345058,2023-03-28,St. Paul,MN0620900,13A,W,W,U,M,58,,N,RU,Highway/Road/Alley/Street/Sidewalk,Street & Sidewalk,Firearm,Other Major Injury,C
188142620,169769639,2023-03-29,St. Paul,MN0620900,13A,B,B,N,F,52,,N,RU,Residence/Home,Home,Knife/Cutting Instrument,,C
190799674,172094048,2023-03-29,St. Paul,MN0620900,13A,W,W,N,F,54,,N,RU,Residence/Home,Home,Blunt Object,,C
194106368,174976049,2023-03-30,St. Paul,MN0620900,13A,W,W,N,M,40,,N,RU,Residence/Home,Home,Asphyxiation;Personal Weapons,Minor Injury,C
199530204,179732169,2023-03-30,St. Paul,MN0620900,13A,B,B,N,F,17,,N,RU,Highway/Road/Alley/Street/Sidewalk,Street & Sidewalk,Firearm,Other Major Injury,C
187697776,169382151,2023-03-31,St. Paul,MN0620900,13A,B,B,N,F,55,,N,RU,Residence/Home,Home,Asphyxiation,,C
188817749,170358013,2023-03-31,St. Paul,MN0620900,13A,U,U,X,U,,,N,RU,Highway/Road/Alley/Street/Sidewalk,Street & Sidewalk,Handgun,,C
187625803,169318758,2023-04-01,St. Paul,MN0620900,13A,B,B,N,F,20,,N,RU,Highway/Road/Alley/Street/Sidewalk,Street & Sidewalk,Handgun,,C
187739718,169418432,2023-04-01,St. Paul,MN0620900,13A,U,U,U,M,40,,N,RU,Residence/Home,Home,Asphyxiation;Handgun;Personal Weapons,Minor Injury,C
190799688,172094061,2023-04-01,St. Paul,MN0620900,13A,U,U,U,F,34,,N,RU,Residence/Home,Home,Blunt Object,Loss of Teeth,C
191352725,172574947,2023-04-01,St. Paul,MN0620900,13A,B,B,N,F,32,,N,RU,Residence/Home,Home,Handgun (Automatic),,C
199530208,179732172,2023-04-01,St. Paul,MN0620900,13A,U,U,U,M,15,,N,RU,Parking/Drop Lot/Garage,Parking Lot,Firearm,Minor Injury,C
187697802,169382176,2023-04-02,St. Paul,MN0620900,13A,H,B,H,M,36,,N,RU,Residence/Home,Home,Firearm,,C
187697813,169382186,2023-04-02,St. Paul,MN0620900,13A,B,B,N,F,17,,N,RU,Residence/Home,Home,Knife/Cutting Instrument,,C
187697814,169382186,2023-04-02,St. Paul,MN0620900,13A,B,B,N,F,51,,N,RU,Residence/Home,Home,Knife/Cutting Instrument,,C
207126357,186360098,2023-04-02,St. Paul,MN0620900,13A,B,B,N,F,24,,N,RU,Residence/Home,Home,Firearm,Minor Injury,C
187697824,169382196,2023-04-03,St. Paul,MN0620900,13A,W,W,N,F,48,,N,RU,Residence/Home,Home,Asphyxiation;Personal Weapons,Minor Injury,C
187697848,169382217,2023-04-05,St. Paul,MN0620900,13A,B,B,N,F,22,,N,RU,Residence/Home,Home,,,C
188180464,169802773,2023-04-05,St. Paul,MN0620900,13A,B,B,N,M,4,,N,RU,Parking/Drop Lot/Garage,Parking Lot,Other,,C
188434040,170024280,2023-04-05,St. Paul,MN0620900,13A,U,U,U,U,19,,N,RU,Highway/Road/Alley/Street/Sidewalk,Street & Sidewalk,Handgun,,C
188434041,170024280,2023-04-05,St. Paul,MN0620900,13A,U,U,U,F,18,,N,RU,Highway/Road/Alley/Street/Sidewalk,Street & Sidewalk,Handgun,,C
188434042,170024280,2023-04-05,St. Paul,MN0620900,13A,U,U,U,F,18,,N,RU,Highway/Road/Alley/Street/Sidewalk,Street & Sidewalk,Handgun,,C
188434043,170024280,2023-04-05,St. Paul,MN0620900,13A,U,U,U,F,19,,N,RU,Highway/Road/Alley/Street/Sidewalk,Street & Sidewalk,Handgun,,C
188434051,170024286,2023-04-06,St. Paul,MN0620900,13A,H,W,H,F,41,,N,RU,Highway/Road/Alley/Street/Sidewalk,Street & Sidewalk,Handgun,,C
188434052,170024286,2023-04-06,St. Paul,MN0620900,13A,W,W,N,M,22,,N,RU,Highway/Road/Alley/Street/Sidewalk,Street & Sidewalk,Handgun,,C
188546361,170122039,2023-04-06,St. Paul,MN0620900,13A,W,W,N,F,44,,N,RU,Parking/Drop Lot/Garage,Parking Lot,Motor Vehicle/Vessel,,C
210003527,188867726,2023-04-06,St. Paul,MN0620900,13A,B,B,U,M,20,,N,RU,Specialty Store,Specialty Store,Firearm,Other Major Injury,C
189707703,171137229,2023-04-07,St. Paul,MN0620900,13A,U,U,N,F,21,,N,RU,Residence/Home,Home,Personal Weapons,Apparent Broken Bones;Possible Internal Injury,C
187772576,169446706,2023-04-08,St. Paul,MN0620900,13A,B,B,N,M,23,,N,RU,Highway/Road/Alley/Street/Sidewalk,Street & Sidewalk,Firearm,Possible Internal Injury,C
188142649,169769667,2023-04-08,St. Paul,MN0620900,13A,B,B,N,F,46,,N,RU;VO,Residence/Home,Home,Asphyxiation;Personal Weapons,Minor Injury,C
188358715,169957643,2023-04-08,St. Paul,MN0620900,13A,B,B,N,M,27,,N,RU,Highway/Road/Alley/Street/Sidewalk,Street & Sidewalk,Knife/Cutting Instrument,,C
188358755,169957680,2023-04-08,St. Paul,MN0620900,13A,U,U,U,M,20,,N,RU,Highway/Road/Alley/Street/Sidewalk,Street & Sidewalk,Handgun,,C
193160257,174145506,2023-04-08,St. Paul,MN0620900,13A,B,B,N,M,22,,N,RU,Highway/Road/Alley/Street/Sidewalk,Street & Sidewalk,Firearm,,C
195711463,176377382,2023-04-08,St. Paul,MN0620900,13A,W,W,N,M,27,,N,RU,Residence/Home,Home,Knife/Cutting Instrument,,C
199530219,179732181,2023-04-08,St. Paul,MN0620900,13A,B,B,N,M,27,,N,RU,Highway/Road/Alley/Street/Sidewalk,Street & Sidewalk,Firearm,Minor Injury,C
202644057,182450300,2023-04-08,St. Paul,MN0620900,13A,B,B,N,F,27,,N,RU,Highway/Road/Alley/Street/Sidewalk,Street & Sidewalk,Firearm,Minor Injury,C
202644058,182450300,2023-04-08,St. Paul,MN0620900,13A,B,B,N,M,26,,N,RU,Highway/Road/Alley/Street/Sidewalk,Street & Sidewalk,Firearm,,C
188358771,169957693,2023-04-09,St. Paul,MN0620900,13A,U,U,U,M,38,,N,RU,Highway/Road/Alley/Street/Sidewalk,Street & Sidewalk,Firearm,,C
188358772,169957693,2023-04-09,St. Paul,MN0620900,13A,U,U,U,U,40,,N,RU,Highway/Road/Alley/Street/Sidewalk,Street & Sidewalk,Firearm,,C
191239129,172477018,2023-04-09,St. Paul,MN0620900,13A,B,B,N,F,30,,N,RU,Residence/Home,Home,Firearm,,C
187792623,169464067,2023-04-10,St. Paul,MN0620900,13A,W,W,N,F,38,,N,RU,Highway/Road/Alley/Street/Sidewalk,Street & Sidewalk,Blunt Object,Minor Injury,C
188968032,170488665,2023-04-10,St. Paul,MN0620900,13A,B,B,N,F,36,,N,RU,Highway/Road/Alley/Street/Sidewalk,Street & Sidewalk,Firearm,,C
194985079,175743343,2023-04-10,St. Paul,MN0620900,13A,H,U,H,M,25,,N,NE,Residence/Home,Home,Firearm,,C
195044493,175795381,2023-04-10,St. Paul,MN0620900,13A,A,A,N,F,33,,N,RU,Highway/Road/Alley/Street/Sidewalk,Street & Sidewalk,Handgun,,C
195044494,175795381,2023-04-10,St. Paul,MN0620900,13A,A,A,N,F,11,,N,RU,Highway/Road/Alley/Street/Sidewalk,Street & Sidewalk,Handgun,,C
196332513,176917521,2023-04-10,St. Paul,MN0620900,13A,W,W,U,M,37,,N,RU,Residence/Home,Home,Firearm,Other Major Injury,C
188569466,170141903,2023-04-11,St. Paul,MN0620900,13A,B,B,N,F,17,,N,RU,Highway/Road/Alley/Street/Sidewalk,Street & Sidewalk,Knife/Cutting Instrument,Other Major Injury,C
194106419,174976091,2023-04-11,St. Paul,MN0620900,13A,H,W,H,F,32,,N,RU,Highway/Road/Alley/Street/Sidewalk,Street & Sidewalk,Knife/Cutting Instrument,Other Major Injury,C
210067296,188923583,2023-04-11,St. Paul,MN0620900,13A,B,B,N,F,15,,N,RU,Specialty Store,Specialty Store,Firearm,Minor Injury,C
188546395,170122065,2023-04-12,St. Paul,MN0620900,13A,B,B,U,M,47,,N,RU,Highway/Road/Alley/Street/Sidewalk,Street & Sidewalk,Firearm,,C
189588199,171033295,2023-04-12,St. Paul,MN0620900,13A,B,B,U,M,23,,N,RU,Parking/Drop Lot/Garage,Parking Lot,Motor Vehicle/Vessel,Minor Injury,C
188546408,170122075,2023-04-13,St. Paul,MN0620900,13A,U,U,U,F,23,,N,RU,Residence/Home,Home,Personal Weapons,Possible Internal Injury,C
190411010,171751870,2023-04-13,St. Paul,MN0620900,13A,W,W,N,M,39,,N,RU,Residence/Home,Home,Blunt Object,Possible Internal Injury,C
190799698,172094071,2023-04-13,St. Paul,MN0620900,13A,B,B,N,M,17,,N,RU,School-Elementary/Secondary,K-12 School,Blunt Object,,C
191352728,172574950,2023-04-13,St. Paul,MN0620900,13A,H,W,H,M,38,,N,RU,Restaurant,Restaurant,Handgun,,C
191352729,172574950,2023-04-13,St. Paul,MN0620900,13A,H,W,H,F,21,,N,RU,Restaurant,Restaurant,Handgun,,C
191352730,172574950,2023-04-13,St. Paul,MN0620900,13A,H,W,H,M,26,,N,RU,Restaurant,Restaurant,Handgun,,C
191352731,172574950,2023-04-13,St. Paul,MN0620900,13A,H,W,H,F,21,,N,RU,Restaurant,Restaurant,Handgun,,C
191352732,172574950,2023-04-13,St. Paul,MN0620900,13A,W,W,N,M,53,,N,RU,Restaurant,Restaurant,Handgun,,C
192290620,173384733,2023-04-13,St. Paul,MN0620900,13A,A,A,N,M,42,,N,RU,Highway/Road/Alley/Street/Sidewalk,Street & Sidewalk,Firearm,,C
192290621,173384733,2023-04-13,St. Paul,MN0620900,13A,W,W,N,M,35,,N,RU,Highway/Road/Alley/Street/Sidewalk,Street & Sidewalk,Firearm,,C
199528787,179730844,2023-04-13,St. Paul,MN0620900,13A,H,W,H,M,18,,N,RU,Highway/Road/Alley/Street/Sidewalk,Street & Sidewalk,Firearm,Other Major Injury,C
188548320,170123788,2023-04-14,St. Paul,MN0620900,13A,B,B,U,M,18,,N,RU,Other/Unknown,Other & Unknown,Personal Weapons,Possible Internal Injury,C
189069661,170578727,2023-04-14,St. Paul,MN0620900,13A,B,B,N,F,7,,N,RU,Highway/Road/Alley/Street/Sidewalk,Street & Sidewalk,Blunt Object,Other Major Injury,C
201201144,181196687,2023-04-15,St. Paul,MN0620900,13A,W,W,N,F,49,,N,RU,Residence/Home,Home,Asphyxiation;Personal Weapons,Minor Injury,C
188575226,170146996,2023-04-17,St. Paul,MN0620900,13A,U,U,U,F,39,,N,RU,Residence/Home,Home,Blunt Object,Minor Injury,C
188817828,170358077,2023-04-17,St. Paul,MN0620900,13A,W,W,N,M,34,,N,RU,Highway/Road/Alley/Street/Sidewalk,Street & Sidewalk,Firearm,,C
188849553,170385947,2023-04-17,St. Paul,MN0620900,13A,A,A,N,M,14,,N,RU,Highway/Road/Alley/Street/Sidewalk,Street & Sidewalk,Knife/Cutting Instrument,Minor Injury,C
196240332,176836945,2023-04-17,St. Paul,MN0620900,13A,B,B,N,F,17,,N,RU,Highway/Road/Alley/Street/Sidewalk,Street & Sidewalk,Firearm,,C
191933705,173074439,2023-04-19,St. Paul,MN0620900,13A,B,B,N,M,49,,N,RU,Residence/Home,Home,Blunt Object,Minor Injury,C
195460632,176156566,2023-04-19,St. Paul,MN0620900,13A,B,B,N,M,56,,N,RU,Highway/Road/Alley/Street/Sidewalk,Street & Sidewalk,Handgun,,C
188817855,170358103,2023-04-20,St. Paul,MN0620900,13A,B,B,N,M,32,,N,RU,Highway/Road/Alley/Street/Sidewalk,Street & Sidewalk,Handgun,,C
188817872,170358120,2023-04-20,St. Paul,MN0620900,13A,B,B,N,F,41,,N,RU,Hotel/Motel/Etc.,Hotel & Motel,Asphyxiation,Minor Injury,C
188817873,170358121,2023-04-20,St. Paul,MN0620900,13A,W,W,N,F,44,,N,RU,Highway/Road/Alley/Street/Sidewalk,Street & Sidewalk,Unknown,,C
189061294,170571503,2023-04-20,St. Paul,MN0620900,13A,A,A,N,M,57,,N,RU,Residence/Home,Home,Personal Weapons,Other Major Injury,C
190285823,171642422,2023-04-20,St. Paul,MN0620900,13A,W,W,U,F,35,,N,RU,Residence/Home,Home,Personal Weapons,Unconscious,C
191239135,172477023,2023-04-20,St. Paul,MN0620900,13A,B,B,N,M,35,,N,RU,Highway/Road/Alley/Street/Sidewalk,Street & Sidewalk,Handgun,,C
189045680,170557895,2023-04-21,St. Paul,MN0620900,13A,H,W,H,M,31,,N,RU,Parking/Drop Lot/Garage,Parking Lot,Knife/Cutting Instrument,,C
195821224,176474680,2023-04-21,St. Paul,MN0620900,13A,W,W,N,F,40,,N,RU,Residence/Home,Home,,Apparent Broken Bones,C
199528800,179730856,2023-04-21,St. Paul,MN0620900,13A,W,W,N,M,41,,N,RU,Residence/Home,Home,Handgun,Other Major Injury,C
189513110,170966255,2023-04-22,St. Paul,MN0620900,13A,W,W,N,F,18,,N,RU,Highway/Road/Alley/Street/Sidewalk,Street & Sidewalk,Personal Weapons,Possible Internal Injury,C
190030796,171419792,2023-04-22,St. Paul,MN0620900,13A,B,B,U,M,30,,N,RU,Highway/Road/Alley/Street/Sidewalk,Street & Sidewalk,Handgun,,C
190030797,171419792,2023-04-22,St. Paul,MN0620900,13A,B,B,N,F,34,,N,RU,Highway/Road/Alley/Street/Sidewalk,Street & Sidewalk,Handgun,,C
190030798,171419792,2023-04-22,St. Paul,MN0620900,13A,B,B,N,M,16,,N,RU,Highway/Road/Alley/Street/Sidewalk,Street & Sidewalk,Handgun,,C
199528808,179730863,2023-04-22,St. Paul,MN0620900,13A,B,B,N,M,34,,N,RU,Bar/Nightclub,Bar & Nightclub,Handgun,Other Major Injury,C
188824321,170363711,2023-04-23,St. Paul,MN0620900,13A,B,B,N,M,36,,N,RU,Restaurant,Restaurant,Knife/Cutting Instrument,,C
189069708,170578767,2023-04-24,St. Paul,MN0620900,13A,W,W,N,F,32,,N,RU,Residence/Home,Home,Blunt Object,Minor Injury,C
189588226,171033320,2023-04-24,St. Paul,MN0620900,13A,W,W,U,F,18,,N,RU,Highway/Road/Alley/Street/Sidewalk,Street & Sidewalk,Knife/Cutting Instrument,,C
192557408,173617988,2023-04-24,St. Paul,MN0620900,13A,B,B,N,F,21,,N,RU,Highway/Road/Alley/Street/Sidewalk,Street & Sidewalk,Firearm,Minor Injury,C
207755472,186903905,2023-04-24,St. Paul,MN0620900,13A,H,W,H,M,29,,N,RU,Residence/Home,Home,Blunt Object,,C
189260838,170747997,2023-04-25,St. Paul,MN0620900,13A,W,W,N,F,71,,N,RU,Residence/Home,Home,Personal Weapons,Other Major Injury,C
189817562,171233927,2023-04-25,St. Paul,MN0620900,13A,B,B,N,M,35,,N,RU,Grocery/Supermarket,Grocery Store,Knife/Cutting Instrument,Other Major Injury,C
190915400,172194562,2023-04-25,St. Paul,MN0620900,13A,W,W,N,F,24,,N,RU,Residence/Home,Home,Blunt Object,,C
199528822,179730876,2023-04-25,St. Paul,MN0620900,13A,B,B,N,M,55,,N,RU,Residence/Home,Home,Handgun,Other Major Injury,C
188897889,170427903,2023-04-26,St. Paul,MN0620900,13A,B,B,N,M,37,,N,RU,Residence/Home,Home,Knife/Cutting Instrument,,C
189045722,170557931,2023-04-27,St. Paul,MN0620900,13A,W,W,U,M,28,,N,RU,Residence/Home,Home,Knife/Cutting Instrument,Other Major Injury,C
189513144,170966285,2023-04-27,St. Paul,MN0620900,13A,B,B,N,M,49,,N,RU,Service/Gas Station,Gas Station,Firearm,,C
189588249,171033342,2023-04-27,St. Paul,MN0620900,13A,B,B,U,M,32,,N,RU,Highway/Road/Alley/Street/Sidewalk,Street & Sidewalk,Firearm,Minor Injury,C
191239140,172477027,2023-04-27,St. Paul,MN0620900,13A,U,U,U,M,22,,N,RU,Residence/Home,Home,Shotgun,,C
191681930,172856519,2023-04-27,St. Paul,MN0620900,13A,W,W,N,M,56,,N,RU,Highway/Road/Alley/Street/Sidewalk,Street & Sidewalk,Blunt Object,,C
193979963,174865176,2023-04-27,St. Paul,MN0620900,13A,B,B,U,M,60,,N,RU,Residence/Home,Home,Other,,C
204892080,184412255,2023-04-27,St. Paul,MN0620900,13A,U,U,U,U,0,,N,RU,Residence/Home,Home,Personal Weapons,Other Major Injury,C
188973746,170493692,2023-04-28,St. Paul,MN0620900,13A,B,B,N,F,29,,N,RU,Residence/Home,Home,Knife/Cutting Instrument,,C
188973747,170493692,2023-04-28,St. Paul,MN0620900,13A,U,U,X,U,,,N,RU,Residence/Home,Home,Knife/Cutting Instrument,,C
190030806,171419800,2023-04-28,St. Paul,MN0620900,13A,B,B,N,F,29,,N,RU,Parking/Drop Lot/Garage,Parking Lot,Blunt Object;Personal Weapons,Severe Laceration,C
188974924,170494762,2023-04-29,St. Paul,MN0620900,13A,W,W,N,M,31,,N,RU,Residence/Home,Home,Blunt Object,Minor Injury,C
192290625,173384737,2023-04-29,St. Paul,MN0620900,13A,B,B,N,M,64,,N,RU,Residence/Home,Home,Firearm,Minor Injury,C
189045769,170557976,2023-04-30,St. Paul,MN0620900,13A,B,B,N,M,30,,N,RU,Shelter-Mission/Homeless,Shelter,Knife/Cutting Instrument,Possible Internal Injury;Severe Laceration,C
194723378,175515221,2023-04-30,St. Paul,MN0620900,13A,W,W,U,M,46,,N,RU,Highway/Road/Alley/Street/Sidewalk,Street & Sidewalk,Firearm,,C
189045781,170557984,2023-05-01,St. Paul,MN0620900,13A,W,W,U,F,53,,N,RU,Residence/Home,Home,Personal Weapons,Other Major Injury,C
189045785,170557988,2023-05-01,St. Paul,MN0620900,13A,B,B,N,F,30,,N,RU,Residence/Home,Home,Blunt Object;Personal Weapons,Minor Injury,C
190411024,171751882,2023-05-01,St. Paul,MN0620900,13A,B,B,N,M,35,,N,RU,Highway/Road/Alley/Street/Sidewalk,Street & Sidewalk,Firearm,,C
189245212,170733896,2023-05-02,St. Paul,MN0620900,13A,A,A,N,F,47,,N,RU,Residence/Home,Home,Knife/Cutting Instrument,Minor Injury,C
189588299,171033384,2023-05-02,St. Paul,MN0620900,13A,B,B,N,M,19,,N,RU,Highway/Road/Alley/Street/Sidewalk,Street & Sidewalk,Firearm,Other Major Injury,C
191031938,172296236,2023-05-02,St. Paul,MN0620900,13A,B,B,N,F,19,,N,RU,Highway/Road/Alley/Street/Sidewalk,Street & Sidewalk,Handgun,,C
194106622,174976246,2023-05-02,St. Paul,MN0620900,13A,B,B,N,M,18,,N,RU,School-Elementary/Secondary,K-12 School,Firearm,Minor Injury,C
189513222,170966354,2023-05-03,St. Paul,MN0620900,13A,B,B,N,F,26,,N,RU,Residence/Home,Home,Asphyxiation,Possible Internal Injury,C
189708158,171137634,2023-05-03,St. Paul,MN0620900,13A,H,W,H,F,37,,N,RU,Highway/Road/Alley/Street/Sidewalk,Street & Sidewalk,Handgun,,C
194839232,175617515,2023-05-03,St. Paul,MN0620900,13A,W,W,U,F,34,,N,RU,Highway/Road/Alley/Street/Sidewalk,Street & Sidewalk,Firearm,,C
194839233,175617515,2023-05-03,St. Paul,MN0620900,13A,W,W,U,F,35,,N,RU,Highway/Road/Alley/Street/Sidewalk,Street & Sidewalk,Firearm,,C
198767411,179046627,2023-05-03,St. Paul,MN0620900,13A,W,W,N,F,28,,N,RU,Residence/Home,Home,Personal Weapons,Possible Internal Injury,C
209024320,188013014,2023-05-03,St. Paul,MN0620900,13A,B,B,N,F,19,,N,RU,Residence/Home,Home,Handgun,,C
192290628,173384740,2023-05-04,St. Paul,MN0620900,13A,B,B,N,F,28,,N,RU,Highway/Road/Alley/Street/Sidewalk,Street & Sidewalk,Firearm,,C
193160267,174145516,2023-05-04,St. Paul,MN0620900,13A,A,A,N,F,52,,N,RU,Highway/Road/Alley/Street/Sidewalk,Street & Sidewalk,Handgun,,C
201676867,181610700,2023-05-04,St. Paul,MN0620900,13A,B,B,U,F,26,,N,RU,Highway/Road/Alley/Street/Sidewalk,Street & Sidewalk,,Possible Internal Injury,C
189588325,171033403,2023-05-05,St. Paul,MN0620900,13A,B,B,N,F,27,,N,RU,Highway/Road/Alley/Street/Sidewalk,Street & Sidewalk,Other,Minor Injury,C
190060024,171445477,2023-05-05,St. Paul,MN0620900,13A,H,U,H,M,24,,N,RU,Parking/Drop Lot/Garage,Parking Lot,Handgun,,C
191239148,172477034,2023-05-05,St. Paul,MN0620900,13A,W,W,U,M,30,,N,RU,Convenience Store,Convenience Store,Blunt Object,,C
207126367,186360104,2023-05-05,St. Paul,MN0620900,13A,B,B,U,F,14,,N,RU,Residence/Home,Home,Firearm,,C
207126368,186360104,2023-05-05,St. Paul,MN0620900,13A,B,B,U,M,10,,N,RU,Residence/Home,Home,Firearm,,C
207126369,186360104,2023-05-05,St. Paul,MN0620900,13A,B,B,U,F,4,,N,RU,Residence/Home,Home,Firearm,,C
207126370,186360104,2023-05-05,St. Paul,MN0620900,13A,B,B,U,F,54,,N,RU,Residence/Home,Home,Firearm,,C
189516334,170969065,2023-05-06,St. Paul,MN0620900,13A,B,B,N,M,42,,N,RU,Grocery/Supermarket,Grocery Store,Firearm,,C
192403417,173482333,2023-05-06,St. Paul,MN0620900,13A,W,W,N,F,31,,N,RU,Residence/Home,Home,Handgun,,C
194194979,175055014,2023-05-06,St. Paul,MN0620900,13A,W,W,U,F,34,,N,RU,Residence/Home,Home,Handgun,,C
200808925,180852098,2023-05-06,St. Paul,MN0620900,13A,B,B,U,F,38,,N,RU,Residence/Home,Home,Knife/Cutting Instrument,,C
189588408,171033468,2023-05-07,St. Paul,MN0620900,13A,B,B,N,M,31,,N,RU,Residence/Home,Home,Knife/Cutting Instrument,Minor Injury,C
190453468,171788887,2023-05-07,St. Paul,MN0620900,13A,H,U,H,M,59,,N,RU,Residence/Home,Home,Knife/Cutting Instrument,,C
194315490,175161722,2023-05-07,St. Paul,MN0620900,13A,B,B,N,F,29,,N,RU,Highway/Road/Alley/Street/Sidewalk,Street & Sidewalk,Motor Vehicle/Vessel,Minor Injury,C
194315491,175161722,2023-05-07,St. Paul,MN0620900,13A,B,B,N,F,36,,N,RU,Highway/Road/Alley/Street/Sidewalk,Street & Sidewalk,Motor Vehicle/Vessel,Minor Injury,C
199528842,179730895,2023-05-07,St. Paul,MN0620900,13A,B,B,N,M,34,,N,RU,Bar/Nightclub,Bar & Nightclub,Handgun,Other Major Injury,C
208333131,187413769,2023-05-07,St. Paul,MN0620900,13A,B,B,N,M,30,,N,RU,Residence/Home,Home,Firearm,,C
208333132,187413769,2023-05-07,St. Paul,MN0620900,13A,B,B,N,F,44,,N,RU,Residence/Home,Home,Firearm,,C
189588433,171033490,2023-05-08,St. Paul,MN0620900,13A,A,A,N,F,38,,N,RU,Residence/Home,Home,Asphyxiation;Knife/Cutting Instrument,Minor Injury,C
190568517,171889324,2023-05-08,St. Paul,MN0620900,13A,W,W,U,M,39,,N,RU,Highway/Road/Alley/Street/Sidewalk,Street & Sidewalk,Blunt Object,Minor Injury,C
191513646,172710455,2023-05-08,St. Paul,MN0620900,13A,U,U,U,F,57,,N,RU,Residence/Home,Home,Firearm,,C
192290638,173384746,2023-05-08,St. Paul,MN0620900,13A,B,B,N,M,,,N,RU,School-Elementary/Secondary,K-12 School,Handgun,,C
197752688,178156601,2023-05-08,St. Paul,MN0620900,13A,B,B,N,M,41,,N,RU,Restaurant,Restaurant,Firearm (Automatic),,C
209996350,188861552,2023-05-08,St. Paul,MN0620900,13A,H,U,H,M,36,,N,RU,Highway/Road/Alley/Street/Sidewalk,Street & Sidewalk,Handgun,,C
189762168,171185795,2023-05-09,St. Paul,MN0620900,13A,W,W,U,F,28,,N,RU,Residence/Home,Home,Firearm,,C
189938447,171340051,2023-05-09,St. Paul,MN0620900,13A,B,B,N,M,34,,N,RU,Convenience Store,Convenience Store,Knife/Cutting Instrument,,C
190165234,171537227,2023-05-09,St. Paul,MN0620900,13A,W,W,N,M,50,,N,RU,Specialty Store,Specialty Store,Knife/Cutting Instrument,Minor Injury,C
193275308,174245192,2023-05-09,St. Paul,MN0620900,13A,B,B,N,M,34,,N,RU,Highway/Road/Alley/Street/Sidewalk,Street & Sidewalk,Knife/Cutting Instrument,Other Major Injury,C
190568520,171889327,2023-05-10,St. Paul,MN0620900,13A,B,B,N,F,29,,N,RU,Highway/Road/Alley/Street/Sidewalk,Street & Sidewalk,Motor Vehicle/Vessel,Possible Internal Injury,C
195487996,176180552,2023-05-10,St. Paul,MN0620900,13A,W,W,N,M,40,,N,RU,Specialty Store,Specialty Store,Personal Weapons,Apparent Broken Bones,C
206241661,185592665,2023-05-10,St. Paul,MN0620900,13A,B,B,N,M,44,,N,RU,Highway/Road/Alley/Street/Sidewalk,Street & Sidewalk,Handgun,Possible Internal Injury,C
189938468,171340069,2023-05-11,St. Paul,MN0620900,13A,B,B,N,F,30,,N,RU,Parking/Drop Lot/Garage,Parking Lot,Blunt Object;Firearm,,C
191681941,172856530,2023-05-12,St. Paul,MN0620900,13A,B,B,N,F,33,,N,RU,Residence/Home,Home,Knife/Cutting Instrument,Minor Injury,C
207534348,186710560,2023-05-12,St. Paul,MN0620900,13A,U,U,U,M,18,,N,RU,Highway/Road/Alley/Street/Sidewalk,Street & Sidewalk,Firearm,Other Major Injury,C
190453473,171788891,2023-05-13,St. Paul,MN0620900,13A,W,W,N,F,33,,N,RU,Highway/Road/Alley/Street/Sidewalk,Street & Sidewalk,Handgun,,C
203155355,182897674,2023-05-13,St. Paul,MN0620900,13A,W,W,N,F,34,,N,RU,Parking/Drop Lot/Garage,Parking Lot,Motor Vehicle/Vessel,,C
190030844,171419831,2023-05-14,St. Paul,MN0620900,13A,B,B,N,F,20,,N,RU,Highway/Road/Alley/Street/Sidewalk,Street & Sidewalk,Blunt Object,Minor Injury,C
190030848,171419835,2023-05-14,St. Paul,MN0620900,13A,U,U,U,F,44,,N,RU,Residence/Home,Home,Firearm,,C
190030849,171419835,2023-05-14,St. Paul,MN0620900,13A,U,U,U,F,26,,N,RU,Residence/Home,Home,Firearm,,C
190285881,171642472,2023-05-14,St. Paul,MN0620900,13A,B,B,N,M,42,,N,RU,Residence/Home,Home,Blunt Object,Minor Injury,C
190568531,171889337,2023-05-14,St. Paul,MN0620900,13A,B,B,N,M,23,,N,RU,Residence/Home,Home,Blunt Object,Minor Injury,C
191681943,172856532,2023-05-14,St. Paul,MN0620900,13A,W,W,N,F,28,,N,RU,Residence/Home,Home,Asphyxiation;Personal Weapons,Possible Internal Injury,C
192403425,173482339,2023-05-14,St. Paul,MN0620900,13A,A,A,N,F,40,,N,RU,Residence/Home,Home,Personal Weapons,Possible Internal Injury,C
199528893,179730939,2023-05-14,St. Paul,MN0620900,13A,B,B,N,M,35,,N,RU,Highway/Road/Alley/Street/Sidewalk,Street & Sidewalk,Firearm,Minor Injury,C
200464629,180555743,2023-05-14,St. Paul,MN0620900,13A,B,B,N,F,30,,N,RU,Highway/Road/Alley/Street/Sidewalk,Street & Sidewalk,Motor Vehicle/Vessel,Minor Injury,C
190799798,172094164,2023-05-15,St. Paul,MN0620900,13A,B,B,N,M,41,,N,RU,Residence/Home,Home,Knife/Cutting Instrument,Other Major Injury;Possible Internal Injury;Severe Laceration,C
205133896,184622369,2023-05-15,St. Paul,MN0620900,13A,B,B,N,M,25,,N,RU,Highway/Road/Alley/Street/Sidewalk,Street & Sidewalk,Firearm,Minor Injury,C
190193757,171562333,2023-05-16,St. Paul,MN0620900,13A,A,A,N,F,14,,N,RU,Residence/Home,Home,Knife/Cutting Instrument,,C
190193758,171562333,2023-05-16,St. Paul,MN0620900,13A,A,A,N,F,12,,N,RU,Residence/Home,Home,Knife/Cutting Instrument,,C
190193759,171562333,2023-05-16,St. Paul,MN0620900,13A,A,A,N,F,11,,N,RU,Residence/Home,Home,Knife/Cutting Instrument,,C
190193760,171562333,2023-05-16,St. Paul,MN0620900,13A,A,A,N,F,58,,N,RU,Residence/Home,Home,Knife/Cutting Instrument,,C
191065903,172325658,2023-05-16,St. Paul,MN0620900,13A,B,B,U,F,33,,N,RU,Residence/Home,Home,Knife/Cutting Instrument,Minor Injury,C
190059498,171445014,2023-05-17,St. Paul,MN0620900,13A,B,B,U,F,37,,N,RU,Residence/Home,Home,Blunt Object,Apparent Broken Bones,C
190193792,171562359,2023-05-17,St. Paul,MN0620900,13A,B,B,U,M,50,,N,RU,Residence/Home,Home,Knife/Cutting Instrument,,C
192403443,173482357,2023-05-19,St. Paul,MN0620900,13A,W,W,N,F,28,,N,RU,Residence/Home,Home,Asphyxiation,Minor Injury,C
190377355,171722517,2023-05-20,St. Paul,MN0620900,13A,W,W,N,F,47,,N,RU,Residence/Home,Home,Asphyxiation;Personal Weapons,Possible Internal Injury,C
191589436,172776724,2023-05-20,St. Paul,MN0620900,13A,B,B,N,M,35,,N,RU,Highway/Road/Alley/Street/Sidewalk,Street & Sidewalk,Firearm,,C
193219410,174196410,2023-05-20,St. Paul,MN0620900,13A,W,W,N,M,59,,N,RU,Residence/Home,Home,Firearm,,C
203359709,183076439,2023-05-20,St. Paul,MN0620900,13A,B,B,N,F,32,,N,RU,Bar/Nightclub,Bar & Nightclub,Firearm,Other Major Injury,C
203359710,183076439,2023-05-20,St. Paul,MN0620900,13A,B,B,N,M,26,,N,RU,Bar/Nightclub,Bar & Nightclub,Firearm,Other Major Injury,C
190193970,171562513,2023-05-21,St. Paul,MN0620900,13A,B,B,N,M,39,,N,RU,Highway/Road/Alley/Street/Sidewalk,Street & Sidewalk,Knife/Cutting Instrument,Minor Injury,C
190285933,171642517,2023-05-21,St. Paul,MN0620900,13A,A,A,N,M,63,,N,RU,Residence/Home,Home,Knife/Cutting Instrument,,C
190568562,171889364,2023-05-21,St. Paul,MN0620900,13A,B,B,N,M,15,,N,RU,Residence/Home,Home,Knife/Cutting Instrument,Minor Injury,C
191628493,172810358,2023-05-21,St. Paul,MN0620900,13A,W,W,N,M,49,,N,RU,Highway/Road/Alley/Street/Sidewalk,Street & Sidewalk,Firearm,,C
190377371,171722531,2023-05-22,St. Paul,MN0620900,13A,W,W,N,F,20,,N,RU,Residence/Home,Home,Personal Weapons,Possible Internal Injury,C
190799918,172094275,2023-05-22,St. Paul,MN0620900,13A,W,W,N,M,25,,N,RU,Parking/Drop Lot/Garage,Parking Lot,Motor Vehicle/Vessel,Minor Injury,C
190799919,172094275,2023-05-22,St. Paul,MN0620900,13A,W,W,N,M,51,,N,RU,Parking/Drop Lot/Garage,Parking Lot,Motor Vehicle/Vessel,Minor Injury,C
190890395,172173006,2023-05-23,St. Paul,MN0620900,13A,W,W,N,F,36,,N,RU,Highway/Road/Alley/Street/Sidewalk,Street & Sidewalk,Handgun,,C
190890396,172173006,2023-05-23,St. Paul,MN0620900,13A,W,W,N,F,39,,N,RU,Highway/Road/Alley/Street/Sidewalk,Street & Sidewalk,Handgun,,C
191628494,172810359,2023-05-23,St. Paul,MN0620900,13A,W,W,U,M,34,,N,RU,Highway/Road/Alley/Street/Sidewalk,Street & Sidewalk,Blunt Object,Minor Injury,C
192072401,173195522,2023-05-23,St. Paul,MN0620900,13A,B,B,N,F,25,,N,RU,Residence/Home,Home,Knife/Cutting Instrument,Severe Laceration,C
192072402,173195522,2023-05-23,St. Paul,MN0620900,13A,B,B,N,F,24,,N,RU,Residence/Home,Home,Knife/Cutting Instrument,Severe Laceration,C
201581439,181527310,2023-05-23,St. Paul,MN0620900,13A,B,B,N,F,32,,N,RU,Residence/Home,Home,Knife/Cutting Instrument,Severe Laceration,C
190568573,171889375,2023-05-24,St. Paul,MN0620900,13A,W,W,N,M,30,,N,RU,Highway/Road/Alley/Street/Sidewalk,Street & Sidewalk,Handgun,,C
191246144,172483057,2023-05-24,St. Paul,MN0620900,13A,B,B,N,F,27,,N,RU,Residence/Home,Home,Handgun,,C
190453517,171788926,2023-05-25,St. Paul,MN0620900,13A,B,B,N,F,15,,N,RU,Residence/Home,Home,Knife/Cutting Instrument,,C
194106773,174976385,2023-05-25,St. Paul,MN0620900,13A,W,W,N,F,50,,N,RU,Residence/Home,Home,Blunt Object,Minor Injury,C
199553429,179753301,2023-05-26,St. Paul,MN0620900,13A,W,W,N,M,34,,N,RU,Highway/Road/Alley/Street/Sidewalk,Street & Sidewalk,Other Firearm,Minor Injury,C
190568640,171889439,2023-05-27,St. Paul,MN0620900,13A,H,W,H,M,23,,N,RU,Parking/Drop Lot/Garage,Parking Lot,Firearm,,C
190890408,172173018,2023-05-27,St. Paul,MN0620900,13A,B,B,N,M,21,,N,RU,Highway/Road/Alley/Street/Sidewalk,Street & Sidewalk,Firearm,,C
190890409,172173018,2023-05-27,St. Paul,MN0620900,13A,W,W,N,M,23,,N,RU,Highway/Road/Alley/Street/Sidewalk,Street & Sidewalk,Firearm,,C
190890410,172173018,2023-05-27,St. Paul,MN0620900,13A,B,B,N,F,19,,N,RU,Highway/Road/Alley/Street/Sidewalk,Street & Sidewalk,Firearm,,C
191246156,172483068,2023-05-27,St. Paul,MN0620900,13A,B,B,N,M,49,,N,RU,Highway/Road/Alley/Street/Sidewalk,Street & Sidewalk,Handgun,,C
194497548,175321192,2023-05-27,St. Paul,MN0620900,13A,B,B,N,M,37,,N,RU,Highway/Road/Alley/Street/Sidewalk,Street & Sidewalk,Firearm,,C
190679141,171986333,2023-05-28,St. Paul,MN0620900,13A,B,B,N,F,49,,N,RU,Residence/Home,Home,Personal Weapons,Other Major Injury,C
191513652,172710460,2023-05-28,St. Paul,MN0620900,13A,B,B,U,F,24,,N,RU,Highway/Road/Alley/Street/Sidewalk,Street & Sidewalk,Handgun,,C
191513653,172710460,2023-05-28,St. Paul,MN0620900,13A,B,B,U,M,21,,N,RU,Highway/Road/Alley/Street/Sidewalk,Street & Sidewalk,Handgun,Minor Injury,C
192072405,173195525,2023-05-28,St. Paul,MN0620900,13A,H,B,H,M,19,,N,RU,Park/Playground,Park & Playground,Blunt Object,Severe Laceration,C
197552806,177981426,2023-05-28,St. Paul,MN0620900,13A,W,W,N,M,60,,N,RU,Highway/Road/Alley/Street/Sidewalk,Street & Sidewalk,Knife/Cutting Instrument,,C
201153182,181154676,2023-05-28,St. Paul,MN0620900,13A,I,I,U,F,22,,N,RU,Residence/Home,Home,Knife/Cutting Instrument,Minor Injury,C
192290679,173384782,2023-05-29,St. Paul,MN0620900,13A,B,B,N,F,24,,N,RU,Highway/Road/Alley/Street/Sidewalk,Street & Sidewalk,Other,,C
192290680,173384782,2023-05-29,St. Paul,MN0620900,13A,B,B,N,M,17,,N,RU,Highway/Road/Alley/Street/Sidewalk,Street & Sidewalk,Other,,C
194176648,175038867,2023-05-29,St. Paul,MN0620900,13A,B,B,N,M,25,,N,RU,Residence/Home,Home,Blunt Object,Minor Injury,C
197178316,177653386,2023-05-29,St. Paul,MN0620900,13A,U,U,U,F,,,N,RU,Convenience Store,Convenience Store,Handgun,,C
201195332,181191503,2023-05-29,St. Paul,MN0620900,13A,B,B,N,M,61,,N,RU,Residence/Home,Home,Firearm,,C
201195333,181191503,2023-05-29,St. Paul,MN0620900,13A,B,B,N,M,17,,N,RU,Residence/Home,Home,Firearm,,C
201195334,181191503,2023-05-29,St. Paul,MN0620900,13A,B,B,N,F,10,,N,RU,Residence/Home,Home,Firearm,,C
201195335,181191503,2023-05-29,St. Paul,MN0620900,13A,B,B,N,F,12,,N,RU,Residence/Home,Home,Firearm,,C
201195336,181191503,2023-05-29,St. Paul,MN0620900,13A,B,B,N,M,4,,N,RU,Residence/Home,Home,Firearm,,C
190915565,172194700,2023-05-30,St. Paul,MN0620900,13A,B,B,N,F,68,,N,RU,Residence/Home,Home,Blunt Object,Severe Laceration,C
191032045,172296338,2023-05-30,St. Paul,MN0620900,13A,B,B,N,F,42,,N,RU,Residence/Home,Home,Knife/Cutting Instrument,Minor Injury,C
194497549,175321193,2023-05-30,St. Paul,MN0620900,13A,B,B,N,F,30,,N,RU,Residence/Home,Home,Handgun,Minor Injury,C
190650001,171961196,2023-05-31,St. Paul,MN0620900,13A,U,U,U,M,28,,N,RU,Highway/Road/Alley/Street/Sidewalk,Street & Sidewalk,Firearm,,C
190800120,172094464,2023-05-31,St. Paul,MN0620900,13A,W,W,U,M,63,,N,RU,Shelter-Mission/Homeless,Shelter,Blunt Object,Possible Internal Injury,C
190800304,172094634,2023-06-01,St. Paul,MN0620900,13A,B,B,N,F,24,,N,RU,Residence/Home,Home,Knife/Cutting Instrument,Minor Injury,C
190800305,172094634,2023-06-01,St. Paul,MN0620900,13A,B,B,N,M,36,,N,RU,Residence/Home,Home,Knife/Cutting Instrument,Minor Injury,C
192510219,173576424,2023-06-01,St. Paul,MN0620900,13A,B,B,N,M,48,,N,RU,Residence/Home,Home,Firearm,,C
193230407,174206083,2023-06-01,St. Paul,MN0620900,13A,U,U,U,M,,,N,RU,Highway/Road/Alley/Street/Sidewalk,Street & Sidewalk,Motor Vehicle/Vessel,,C
200335712,180442027,2023-06-01,St. Paul,MN0620900,13A,I,I,N,F,64,,N,RU,Residence/Home,Home,Blunt Object,Minor Injury,C
201829539,181746736,2023-06-01,St. Paul,MN0620900,13A,B,B,N,M,25,,N,RU,Highway/Road/Alley/Street/Sidewalk,Street & Sidewalk,Firearm,Minor Injury,C
191681965,172856551,2023-06-02,St. Paul,MN0620900,13A,I,I,U,F,34,,N,RU,Residence/Home,Home,Firearm,,C
192290699,173384795,2023-06-02,St. Paul,MN0620900,13A,W,W,N,F,46,,N,RU,Highway/Road/Alley/Street/Sidewalk,Street & Sidewalk,Firearm,,C
193406050,174362075,2023-06-02,St. Paul,MN0620900,13A,B,B,N,F,47,,N,RU,School-Elementary/Secondary,K-12 School,Knife/Cutting Instrument,Minor Injury,C
193759357,174671099,2023-06-02,St. Paul,MN0620900,13A,W,W,U,M,31,,N,RU,Residence/Home,Home,Firearm,,C
190890454,172173055,2023-06-03,St. Paul,MN0620900,13A,W,W,N,M,35,,N,RU,Bar/Nightclub,Bar & Nightclub,Blunt Object,Severe Laceration,C
194664436,175464203,2023-06-03,St. Paul,MN0620900,13A,U,U,U,F,26,,N,RU,Park/Playground,Park & Playground,Handgun,,C
200808955,180852122,2023-06-03,St. Paul,MN0620900,13A,B,B,N,M,23,,N,AQ;RU,Residence/Home,Home,Handgun,Other Major Injury,C
192290703,173384798,2023-06-04,St. Paul,MN0620900,13A,B,B,U,F,16,,N,RU,Residence/Home,Home,Firearm,,C
192290704,173384798,2023-06-04,St. Paul,MN0620900,13A,B,B,U,F,16,,N,RU,Residence/Home,Home,Firearm,,C
190800758,172095040,2023-06-05,St. Paul,MN0620900,13A,B,B,U,F,33,,N,RU,Other/Unknown,Other & Unknown,Knife/Cutting Instrument,,C
190800759,172095040,2023-06-05,St. Paul,MN0620900,13A,B,B,U,F,17,,N,RU,Other/Unknown,Other & Unknown,Knife/Cutting Instrument,,C
190890482,172173078,2023-06-05,St. Paul,MN0620900,13A,B,B,N,F,35,,N,RU,Residence/Home,Home,Blunt Object,Minor Injury,C
190915597,172194728,2023-06-05,St. Paul,MN0620900,13A,B,B,N,M,32,,N,RU,Residence/Home,Home,Unknown,Other Major Injury;Severe Laceration,C
194664441,175464206,2023-06-05,St. Paul,MN0620900,13A,W,W,N,F,42,,N,RU,Park/Playground,Park & Playground,Handgun,,C
190891664,172174138,2023-06-06,St. Paul,MN0620900,13A,B,B,N,F,21,,N,RU,Residence/Home,Home,Knife/Cutting Instrument,Minor Injury,C
191513659,172710465,2023-06-06,St. Paul,MN0620900,13A,W,W,N,M,58,,N,RU,Highway/Road/Alley/Street/Sidewalk,Street & Sidewalk,Blunt Object,Other Major Injury,C
191513660,172710466,2023-06-06,St. Paul,MN0620900,13A,B,B,N,F,25,,N,RU,Highway/Road/Alley/Street/Sidewalk,Street & Sidewalk,Motor Vehicle/Vessel,,C
192290713,173384807,2023-06-06,St. Paul,MN0620900,13A,B,B,N,F,20,,N,RU,Highway/Road/Alley/Street/Sidewalk,Street & Sidewalk,Firearm,,C
192663766,173711199,2023-06-06,St. Paul,MN0620900,13A,B,B,U,M,51,,N,RU,Other/Unknown,Other & Unknown,Blunt Object;Handgun,Other Major Injury;Possible Internal Injury,C
193394006,174351428,2023-06-06,St. Paul,MN0620900,13A,B,B,N,F,24,,N,RU,Highway/Road/Alley/Street/Sidewalk,Street & Sidewalk,Firearm,Minor Injury,C
190921599,172200029,2023-06-07,St. Paul,MN0620900,13A,W,W,U,M,34,,N,RU,Highway/Road/Alley/Street/Sidewalk,Street & Sidewalk,Blunt Object;Knife/Cutting Instrument,Minor Injury,C
191032296,172296554,2023-06-07,St. Paul,MN0620900,13A,W,W,U,F,57,,N,RU,Residence/Home,Home,Blunt Object,,C
191352917,172575108,2023-06-07,St. Paul,MN0620900,13A,B,B,N,M,38,,N,RU,Residence/Home,Home,Personal Weapons,Severe Laceration,C
191681978,172856561,2023-06-07,St. Paul,MN0620900,13A,W,W,N,F,32,,N,RU,Highway/Road/Alley/Street/Sidewalk,Street & Sidewalk,Motor Vehicle/Vessel,,C
191681982,172856565,2023-06-07,St. Paul,MN0620900,13A,B,B,N,M,32,,N,RU,Highway/Road/Alley/Street/Sidewalk,Street & Sidewalk,Firearm,,C
199526699,179728876,2023-06-07,St. Paul,MN0620900,13A,A,A,N,M,21,,N,RU,Highway/Road/Alley/Street/Sidewalk,Street & Sidewalk,Handgun,Minor Injury,C
190999008,172267450,2023-06-08,St. Paul,MN0620900,13A,B,B,N,F,20,,N,RU,Residence/Home,Home,Knife/Cutting Instrument,Minor Injury,C
191246232,172483133,2023-06-08,St. Paul,MN0620900,13A,W,W,N,M,66,,N,RU,Service/Gas Station,Gas Station,Motor Vehicle/Vessel,,C
200808964,180852130,2023-06-08,St. Paul,MN0620900,13A,B,B,U,F,41,,N,RU,Highway/Road/Alley/Street/Sidewalk,Street & Sidewalk,Handgun,,C
200808965,180852130,2023-06-08,St. Paul,MN0620900,13A,B,B,U,F,17,,N,RU,Highway/Road/Alley/Street/Sidewalk,Street & Sidewalk,Handgun,,C
200808966,180852130,2023-06-08,St. Paul,MN0620900,13A,B,B,U,F,16,,N,RU,Highway/Road/Alley/Street/Sidewalk,Street & Sidewalk,Handgun,,C
201829541,181746737,2023-06-08,St. Paul,MN0620900,13A,W,W,U,M,40,,N,RU,Residence/Home,Home,Handgun,Minor Injury,C
191246241,172483141,2023-06-09,St. Paul,MN0620900,13A,W,W,N,M,59,,N,RU,Highway/Road/Alley/Street/Sidewalk,Street & Sidewalk,Handgun,,C
192626411,173678965,2023-06-09,St. Paul,MN0620900,13A,B,B,N,F,35,,N,RU,Residence/Home,Home,Firearm,Minor Injury,C
191681995,172856576,2023-06-10,St. Paul,MN0620900,13A,W,W,U,F,39,,N,RU,Residence/Home,Home,Blunt Object,Minor Injury,C
192047990,173174832,2023-06-10,St. Paul,MN0620900,13A,B,B,N,M,31,,N,RU,Residence/Home,Home,Other,Other Major Injury;Severe Laceration,C
192763346,173798470,2023-06-10,St. Paul,MN0620900,13A,W,W,U,F,39,,N,RU,Residence/Home,Home,Firearm,,C
194109272,174978604,2023-06-10,St. Paul,MN0620900,13A,B,B,N,M,65,,N,RU,Residence/Home,Home,Personal Weapons,Apparent Broken Bones;Loss of Teeth,C
194109580,174978877,2023-06-10,St. Paul,MN0620900,13A,U,U,U,M,23,,N,RU,Bar/Nightclub,Bar & Nightclub,Personal Weapons,Apparent Broken Bones,C
203746814,183415246,2023-06-10,St. Paul,MN0620900,13A,B,B,N,F,37,,N,RU,Residence/Home,Home,Personal Weapons,Unconscious,C
193394018,174351438,2023-06-11,St. Paul,MN0620900,13A,H,W,H,F,19,,N,RU,Residence/Home,Home,Knife/Cutting Instrument,Minor Injury,C
194664447,175464211,2023-06-11,St. Paul,MN0620900,13A,U,U,U,M,59,,N,RU,Highway/Road/Alley/Street/Sidewalk,Street & Sidewalk,Blunt Object,Minor Injury,C
196708570,177242290,2023-06-11,St. Paul,MN0620900,13A,W,W,N,F,44,,N,RU,Residence/Home,Home,Other,Possible Internal Injury,C
201776930,181700399,2023-06-11,St. Paul,MN0620900,13A,B,B,N,M,43,,N,RU,Residence/Home,Home,Blunt Object,Severe Laceration,C
204789990,184323194,2023-06-11,St. Paul,MN0620900,13A,B,B,N,M,54,,N,RU,Shelter-Mission/Homeless,Shelter,Blunt Object,Severe Laceration;Unconscious,C
205632995,185059221,2023-06-11,St. Paul,MN0620900,13A,B,B,N,F,41,,N,RU,Residence/Home,Home,Firearm,,C
192626427,173678978,2023-06-12,St. Paul,MN0620900,13A,B,B,U,M,36,,N,RU,Residence/Home,Home,Knife/Cutting Instrument,,C
195161577,175897249,2023-06-12,St. Paul,MN0620900,13A,B,B,N,F,25,,N,AQ,Highway/Road/Alley/Street/Sidewalk,Street & Sidewalk,Personal Weapons,Severe Laceration,C
195374969,176082111,2023-06-12,St. Paul,MN0620900,13A,B,B,N,M,34,,N,RU,Residence/Home,Home,Knife/Cutting Instrument,,C
196874657,177386200,2023-06-12,St. Paul,MN0620900,13A,W,W,N,F,59,,N,RU,Residence/Home,Home,Personal Weapons,Apparent Broken Bones;Possible Internal Injury;Unconscious,C
195161455,175897139,2023-06-13,St. Paul,MN0620900,13A,B,B,N,F,24,,N,RU,Highway/Road/Alley/Street/Sidewalk,Street & Sidewalk,Handgun,Minor Injury,C
199526709,179728885,2023-06-13,St. Paul,MN0620900,13A,B,B,U,M,37,,N,RU,Residence/Home,Home,Firearm,Other Major Injury,C
206692810,185986470,2023-06-13,St. Paul,MN0620900,13A,B,B,N,F,13,,N,RU,School-Elementary/Secondary,K-12 School,Personal Weapons,Apparent Broken Bones,C
191589547,172776822,2023-06-14,St. Paul,MN0620900,13A,W,W,U,M,66,,N,RU,Highway/Road/Alley/Street/Sidewalk,Street & Sidewalk,Personal Weapons,Apparent Broken Bones,C
191933720,173074453,2023-06-15,St. Paul,MN0620900,13A,B,B,N,F,40,,N,RU,Residence/Home,Home,Firearm,,C
195161457,175897141,2023-06-15,St. Paul,MN0620900,13A,B,B,N,M,66,,N,RU,Residence/Home,Home,Blunt Object;Personal Weapons,Severe Laceration,C
191513802,172710582,2023-06-16,St. Paul,MN0620900,13A,H,B,H,M,26,,N,RU,Residence/Home,Home,Firearm,,C
191513803,172710582,2023-06-16,St. Paul,MN0620900,13A,H,B,H,M,22,,N,RU,Residence/Home,Home,Firearm,,C
194664450,175464213,2023-06-16,St. Paul,MN0620900,13A,B,B,N,F,50,,N,RU,Bar/Nightclub,Bar & Nightclub,Blunt Object,,C
205893502,185287038,2023-06-16,St. Paul,MN0620900,13A,B,B,N,M,50,,N,RU,Residence/Home,Home,Personal Weapons,Apparent Broken Bones,C
192072438,173195554,2023-06-17,St. Paul,MN0620900,13A,W,W,N,F,33,,N,RU,Highway/Road/Alley/Street/Sidewalk,Street & Sidewalk,Blunt Object,Other Major Injury,C
192072439,173195555,2023-06-17,St. Paul,MN0620900,13A,B,B,N,F,26,,N,RU,Residence/Home,Home,,Minor Injury,C
192403595,173482489,2023-06-17,St. Paul,MN0620900,13A,H,W,H,F,31,,N,RU,Residence/Home,Home,Blunt Object,Minor Injury,C
191684389,172858739,2023-06-18,St. Paul,MN0620900,13A,B,B,N,M,24,,N,RU,Highway/Road/Alley/Street/Sidewalk,Street & Sidewalk,Handgun,Other Major Injury,C
192403611,173482503,2023-06-18,St. Paul,MN0620900,13A,B,B,U,M,26,,N,RU,Residence/Home,Home,Knife/Cutting Instrument,,C
196377494,176957559,2023-06-18,St. Paul,MN0620900,13A,W,W,N,M,34,,N,RU,Shelter-Mission/Homeless,Shelter,Knife/Cutting Instrument,Minor Injury,C
199526723,179728897,2023-06-18,St. Paul,MN0620900,13A,H,U,H,M,41,,N,RU,Highway/Road/Alley/Street/Sidewalk,Street & Sidewalk,Firearm,Other Major Injury,C
201903846,181812065,2023-06-18,St. Paul,MN0620900,13A,U,U,U,M,23,,N,RU,Highway/Road/Alley/Street/Sidewalk,Street & Sidewalk,Personal Weapons,Apparent Broken Bones,C
192072453,173195568,2023-06-19,St. Paul,MN0620900,13A,U,U,U,M,47,,N,RU,Restaurant,Restaurant,Knife/Cutting Instrument,,C
192290805,173384886,2023-06-19,St. Paul,MN0620900,13A,B,B,N,F,33,,N,RU,Highway/Road/Alley/Street/Sidewalk,Street & Sidewalk,Firearm,,C
205668679,185089730,2023-06-19,St. Paul,MN0620900,13A,W,W,U,M,34,,Y,XR,Park/Playground,Park & Playground,Knife/Cutting Instrument,Possible Internal Injury,C
209024327,188013020,2023-06-19,St. Paul,MN0620900,13A,A,A,N,F,31,,N,RU,Residence/Home,Home,Rifle,,C
192626436,173678986,2023-06-20,St. Paul,MN0620900,13A,A,A,N,M,38,,N,RU,Highway/Road/Alley/Street/Sidewalk,Street & Sidewalk,Knife/Cutting Instrument,Severe Laceration,C
194194996,175055027,2023-06-20,St. Paul,MN0620900,13A,H,W,H,F,33,,N,RU,Highway/Road/Alley/Street/Sidewalk,Street & Sidewalk,Knife/Cutting Instrument,,C
194283809,175133719,2023-06-20,St. Paul,MN0620900,13A,B,B,N,F,45,,N,RU,Residence/Home,Home,Blunt Object,,C
208344017,187423750,2023-06-20,St. Paul,MN0620900,13A,B,B,N,F,8,,N,RU,Other/Unknown,Other & Unknown,Firearm,Other Major Injury,C
191685191,172859470,2023-06-21,St. Paul,MN0620900,13A,W,W,N,M,58,,N,RU,Parking/Drop Lot/Garage,Parking Lot,Firearm,,C
191704831,172876184,2023-06-21,St. Paul,MN0620900,13A,U,U,U,M,32,,N,RU,Residence/Home,Home,Knife/Cutting Instrument,Severe Laceration,C
200838574,180878163,2023-06-21,St. Paul,MN0620900,13A,W,W,N,M,39,,N,RU,Highway/Road/Alley/Street/Sidewalk,Street & Sidewalk,Handgun (Automatic),,C
200838575,180878163,2023-06-21,St. Paul,MN0620900,13A,W,W,N,F,40,,N,RU,Highway/Road/Alley/Street/Sidewalk,Street & Sidewalk,Handgun (Automatic),,C
201776932,181700401,2023-06-21,St. Paul,MN0620900,13A,W,W,N,M,64,,N,RU,Highway/Road/Alley/Street/Sidewalk,Street & Sidewalk,Firearm,Other Major Injury,C
201776934,181700401,2023-06-21,St. Paul,MN0620900,13A,B,B,N,F,25,,N,RU,Highway/Road/Alley/Street/Sidewalk,Street & Sidewalk,Firearm,Other Major Injury,C
201776935,181700401,2023-06-21,St. Paul,MN0620900,13A,B,B,N,M,22,,N,RU,Highway/Road/Alley/Street/Sidewalk,Street & Sidewalk,Firearm,Other Major Injury,C
207704181,186859705,2023-06-21,St. Paul,MN0620900,13A,A,A,N,M,34,,N,RU,Park/Playground,Park & Playground,Blunt Object,Minor Injury,C
191704840,172876189,2023-06-22,St. Paul,MN0620900,13A,B,B,N,F,46,,N,RU,Highway/Road/Alley/Street/Sidewalk,Street & Sidewalk,Handgun,,C
192290840,173384916,2023-06-22,St. Paul,MN0620900,13A,B,B,N,F,33,,N,RU,Residence/Home,Home,Asphyxiation;Personal Weapons,Minor Injury,C
192290843,173384919,2023-06-22,St. Paul,MN0620900,13A,B,B,N,M,21,,N,RU,Residence/Home,Home,Knife/Cutting Instrument,Minor Injury,C
192290854,173384927,2023-06-22,St. Paul,MN0620900,13A,B,B,N,F,27,,N,RU,Residence/Home,Home,Handgun,,C
205666667,185087942,2023-06-22,St. Paul,MN0620900,13A,A,A,U,M,32,,N,RU,Field/Woods,Field & Woods,Blunt Object,Minor Injury;Severe Laceration,C
192290847,173384922,2023-06-23,St. Paul,MN0620900,13A,B,B,N,M,44,,N,RU,Grocery/Supermarket,Grocery Store,Firearm,,C
192290862,173384934,2023-06-24,St. Paul,MN0620900,13A,U,U,U,M,26,,N,RU,Residence/Home,Home,Knife/Cutting Instrument,Minor Injury,C
192290863,173384935,2023-06-24,St. Paul,MN0620900,13A,B,B,N,F,26,,N,RU,Residence/Home,Home,Knife/Cutting Instrument,Minor Injury,C
192663785,173711217,2023-06-24,St. Paul,MN0620900,13A,H,U,H,M,44,,N,RU,Highway/Road/Alley/Street/Sidewalk,Street & Sidewalk,Knife/Cutting Instrument,Possible Internal Injury,C
193647150,174572861,2023-06-25,St. Paul,MN0620900,13A,U,U,U,F,4,,N,RU,Residence/Home,Home,,Other Major Injury,C
196377495,176957560,2023-06-25,St. Paul,MN0620900,13A,B,B,N,M,34,,N,RU,Convenience Store,Convenience Store,Knife/Cutting Instrument,,C
196377496,176957560,2023-06-25,St. Paul,MN0620900,13A,B,B,N,M,20,,N,RU,Convenience Store,Convenience Store,Knife/Cutting Instrument,,C
196588619,177139612,2023-06-25,St. Paul,MN0620900,13A,U,U,U,M,30,,N,RU,Residence/Home,Home,Knife/Cutting Instrument,Possible Internal Injury,C
192290945,173385007,2023-06-26,St. Paul,MN0620900,13A,H,U,H,M,52,,N,RU,Highway/Road/Alley/Street/Sidewalk,Street & Sidewalk,Blunt Object,Minor Injury,C
192510417,173576601,2023-06-26,St. Paul,MN0620900,13A,W,W,N,M,41,,N,RU,Highway/Road/Alley/Street/Sidewalk,Street & Sidewalk,Firearm,,C
193980228,174865396,2023-06-26,St. Paul,MN0620900,13A,B,B,N,F,21,,N,RU,Residence/Home,Home,Blunt Object;Personal Weapons,Possible Internal Injury;Unconscious,C
195868986,176517579,2023-06-26,St. Paul,MN0620900,13A,B,B,N,M,39,,N,RU,Residence/Home,Home,Knife/Cutting Instrument,Other Major Injury,C
205893559,185287083,2023-06-26,St. Paul,MN0620900,13A,W,W,N,M,28,,N,RU;ST,Field/Woods,Field & Woods,Blunt Object,Other Major Injury;Possible Internal Injury;Unconscious,C
209928082,188804185,2023-06-26,St. Paul,MN0620900,13A,B,B,N,M,19,,N,RU,Highway/Road/Alley/Street/Sidewalk,Street & Sidewalk,Firearm,Minor Injury,C
192072481,173195595,2023-06-27,St. Paul,MN0620900,13A,B,B,N,M,35,,N,RU,Residence/Home,Home,Blunt Object,Minor Injury,C
193811700,174716882,2023-06-27,St. Paul,MN0620900,13A,W,W,N,F,35,,N,RU,Highway/Road/Alley/Street/Sidewalk,Street & Sidewalk,Motor Vehicle/Vessel,,C
193811701,174716882,2023-06-27,St. Paul,MN0620900,13A,W,W,N,M,34,,N,RU,Highway/Road/Alley/Street/Sidewalk,Street & Sidewalk,Motor Vehicle/Vessel,,C
206046149,185423538,2023-06-27,St. Paul,MN0620900,13A,B,B,N,F,53,,N,RU,Highway/Road/Alley/Street/Sidewalk,Street & Sidewalk,Firearm,,C
206046150,185423538,2023-06-27,St. Paul,MN0620900,13A,B,B,U,F,53,,N,RU,Highway/Road/Alley/Street/Sidewalk,Street & Sidewalk,Firearm,Minor Injury,C
192510557,173576730,2023-06-28,St. Paul,MN0620900,13A,H,W,H,M,37,,N,RU,Residence/Home,Home,Handgun,Minor Injury,C
199526737,179728908,2023-06-28,St. Paul,MN0620900,13A,A,A,N,M,16,,N,RU,Highway/Road/Alley/Street/Sidewalk,Street & Sidewalk,Firearm,Possible Internal Injury,C
192072501,173195611,2023-06-29,St. Paul,MN0620900,13A,W,W,U,M,23,,N,RU,Highway/Road/Alley/Street/Sidewalk,Street & Sidewalk,Knife/Cutting Instrument,Other Major Injury;Severe Laceration,C
205893615,185287131,2023-06-29,St. Paul,MN0620900,13A,U,U,U,M,30,,N,RU,Residence/Home,Home,Handgun,,C
205893616,185287131,2023-06-29,St. Paul,MN0620900,13A,B,B,N,F,27,,N,RU,Residence/Home,Home,Handgun,Possible Internal Injury;Unconscious,C
194664456,175464218,2023-06-30,St. Paul,MN0620900,13A,B,B,U,F,56,,N,RU,Residence/Home,Home,Knife/Cutting Instrument,Minor Injury,C
196240813,176837320,2023-06-30,St. Paul,MN0620900,13A,W,W,N,M,23,,N,RU,Residence/Home,Home,Blunt Object,Minor Injury,C
199553472,179753342,2023-06-30,St. Paul,MN0620900,13A,B,B,N,M,44,,N,RU,Highway/Road/Alley/Street/Sidewalk,Street & Sidewalk,Firearm,Apparent Broken Bones,C
192663806,173711235,2023-07-01,St. Paul,MN0620900,13A,U,U,U,M,23,,N,RU,Parking/Drop Lot/Garage,Parking Lot,Blunt Object,Minor Injury,C
195711528,176377442,2023-07-01,St. Paul,MN0620900,13A,U,U,U,F,36,,N,RU,Residence/Home,Home,Knife/Cutting Instrument;Personal Weapons,Minor Injury;Other Major Injury,C
205575435,185009669,2023-07-01,St. Paul,MN0620900,13A,W,W,U,F,37,,N,RU,Highway/Road/Alley/Street/Sidewalk,Street & Sidewalk,Blunt Object,Minor Injury,C
207444525,186633172,2023-07-01,St. Paul,MN0620900,13A,H,U,H,M,18,,N,RU,Highway/Road/Alley/Street/Sidewalk,Street & Sidewalk,Blunt Object;Firearm;Personal Weapons,Apparent Broken Bones;Possible Internal Injury,C
207444526,186633172,2023-07-01,St. Paul,MN0620900,13A,H,U,H,M,19,,N,RU,Highway/Road/Alley/Street/Sidewalk,Street & Sidewalk,Blunt Object;Firearm;Personal Weapons,Other Major Injury;Possible Internal Injury,C
193586761,174519663,2023-07-02,St. Paul,MN0620900,13A,B,B,U,M,55,,N,RU,Residence/Home,Home,Knife/Cutting Instrument,Minor Injury,C
196708571,177242291,2023-07-02,St. Paul,MN0620900,13A,W,W,N,M,54,,N,RU,Highway/Road/Alley/Street/Sidewalk,Street & Sidewalk,Firearm,,C
200562701,180641842,2023-07-02,St. Paul,MN0620900,13A,B,B,N,M,23,,N,RU,Parking/Drop Lot/Garage,Parking Lot,Firearm,Minor Injury;Other Major Injury,C
205669593,185090514,2023-07-02,St. Paul,MN0620900,13A,U,U,U,M,25,,N,RU,Residence/Home,Home,Handgun,,C
205669594,185090514,2023-07-02,St. Paul,MN0620900,13A,H,W,H,F,26,,N,RU,Residence/Home,Home,Handgun,,C
205669595,185090514,2023-07-02,St. Paul,MN0620900,13A,W,W,N,F,10,,N,RU,Residence/Home,Home,Handgun,,C
205669596,185090514,2023-07-02,St. Paul,MN0620900,13A,H,W,H,F,8,,N,RU,Residence/Home,Home,Handgun,,C
192291048,173385105,2023-07-03,St. Paul,MN0620900,13A,B,B,N,F,23,,N,RU,Residence/Home,Home,Unknown,,C
194471264,175297959,2023-07-03,St. Paul,MN0620900,13A,B,B,N,F,68,,N,RU,Residence/Home,Home,Rifle,,C
192291069,173385122,2023-07-04,St. Paul,MN0620900,13A,U,U,X,U,,,N,RU,Parking/Drop Lot/Garage,Parking Lot,Knife/Cutting Instrument,,C
192291070,173385123,2023-07-04,St. Paul,MN0620900,13A,W,W,N,F,52,,N,RU,Highway/Road/Alley/Street/Sidewalk,Street & Sidewalk,Blunt Object,,C
193053518,174054310,2023-07-04,St. Paul,MN0620900,13A,B,B,U,F,35,,N,RU,Park/Playground,Park & Playground,,Other Major Injury,C
205633006,185059231,2023-07-04,St. Paul,MN0620900,13A,B,B,N,F,45,,N,RU,Highway/Road/Alley/Street/Sidewalk,Street & Sidewalk,Handgun,Other Major Injury,C
205803249,185206056,2023-07-04,St. Paul,MN0620900,13A,B,B,U,F,53,,N,RU,Highway/Road/Alley/Street/Sidewalk,Street & Sidewalk,Knife/Cutting Instrument,,C
192290882,173384954,2023-07-05,St. Paul,MN0620900,13A,B,B,N,M,25,,N,RU,Residence/Home,Home,Blunt Object,Unconscious,C
192290884,173384956,2023-07-05,St. Paul,MN0620900,13A,B,B,N,F,36,,N,RU,Residence/Home,Home,Handgun,Minor Injury,C
192291211,173385259,2023-07-05,St. Paul,MN0620900,13A,I,I,N,F,40,,N,RU,Residence/Home,Home,Knife/Cutting Instrument,Minor Injury,C
195374979,176082121,2023-07-05,St. Paul,MN0620900,13A,B,B,N,M,49,,N,RU,Highway/Road/Alley/Street/Sidewalk,Street & Sidewalk,Blunt Object,Minor Injury,C
204641464,184195366,2023-07-05,St. Paul,MN0620900,13A,B,B,N,M,36,,N,RU,Parking/Drop Lot/Garage,Parking Lot,Firearm,Other Major Injury,C
193053645,174054427,2023-07-06,St. Paul,MN0620900,13A,B,B,U,F,32,,N,RU,Residence/Home,Home,Blunt Object,Minor Injury,C
193160526,174145752,2023-07-06,St. Paul,MN0620900,13A,B,B,U,M,41,,N,RU,Residence/Home,Home,Knife/Cutting Instrument,Minor Injury,C
194839487,175617736,2023-07-06,St. Paul,MN0620900,13A,A,A,N,M,26,,N,RU,Highway/Road/Alley/Street/Sidewalk,Street & Sidewalk,Firearm,Severe Laceration,C
195573361,176254891,2023-07-06,St. Paul,MN0620900,13A,W,W,N,F,32,,N,RU,Highway/Road/Alley/Street/Sidewalk,Street & Sidewalk,Handgun;Personal Weapons,Minor Injury,C
192626491,173679039,2023-07-07,St. Paul,MN0620900,13A,H,B,H,M,13,,N,RU,Residence/Home,Home,Knife/Cutting Instrument,,C
193406052,174362077,2023-07-08,St. Paul,MN0620900,13A,H,U,H,M,51,,N,RU,Highway/Road/Alley/Street/Sidewalk,Street & Sidewalk,Knife/Cutting Instrument,,C
194664473,175464230,2023-07-08,St. Paul,MN0620900,13A,B,B,N,F,16,,N,RU,Residence/Home,Home,Firearm,,C
194664474,175464230,2023-07-08,St. Paul,MN0620900,13A,B,B,N,F,15,,N,RU,Residence/Home,Home,Firearm,,C
194724705,175516331,2023-07-08,St. Paul,MN0620900,13A,W,W,U,M,59,,N,RU,Highway/Road/Alley/Street/Sidewalk,Street & Sidewalk,Unknown,Severe Laceration,C
195044959,175795744,2023-07-08,St. Paul,MN0620900,13A,B,B,N,F,38,,N,RU,Highway/Road/Alley/Street/Sidewalk,Street & Sidewalk,Firearm,,C
192626509,173679053,2023-07-09,St. Paul,MN0620900,13A,B,B,N,F,51,,N,RU,Residence/Home,Home,Handgun,Minor Injury,C
194025909,174905401,2023-07-09,St. Paul,MN0620900,13A,U,U,N,M,31,,N,RU,Service/Gas Station,Gas Station,Firearm,,C
194025910,174905401,2023-07-09,St. Paul,MN0620900,13A,B,B,N,U,47,,N,RU,Service/Gas Station,Gas Station,Firearm,,C
195265373,175986952,2023-07-09,St. Paul,MN0620900,13A,B,B,N,F,28,,N,RU,Highway/Road/Alley/Street/Sidewalk,Street & Sidewalk,Firearm,,C
192626530,173679069,2023-07-10,St. Paul,MN0620900,13A,H,W,H,M,28,,N,RU,Highway/Road/Alley/Street/Sidewalk,Street & Sidewalk,Knife/Cutting Instrument,,C
192663837,173711266,2023-07-10,St. Paul,MN0620900,13A,U,U,U,M,11,,N,RU,School-Elementary/Secondary,K-12 School,Knife/Cutting Instrument,,C
193586771,174519671,2023-07-10,St. Paul,MN0620900,13A,B,B,N,M,15,,N,RU,Highway/Road/Alley/Street/Sidewalk,Street & Sidewalk,Handgun,,C
192663863,173711287,2023-07-11,St. Paul,MN0620900,13A,B,B,U,F,32,,N,RU,Community Center,Community Center,Firearm,,C
193394058,174351476,2023-07-11,St. Paul,MN0620900,13A,B,B,U,F,24,,N,RU,Residence/Home,Home,Asphyxiation;Personal Weapons,Minor Injury,C
194025912,174905403,2023-07-11,St. Paul,MN0620900,13A,B,B,U,F,45,,N,RU,Community Center,Community Center,Knife/Cutting Instrument,,C
194285114,175134780,2023-07-11,St. Paul,MN0620900,13A,B,B,U,F,32,,N,RU,Community Center,Community Center,Firearm,,C
194664514,175464266,2023-07-11,St. Paul,MN0620900,13A,B,B,U,M,30,,N,RU,Highway/Road/Alley/Street/Sidewalk,Street & Sidewalk,Firearm,,C
194724707,175516333,2023-07-11,St. Paul,MN0620900,13A,U,U,U,M,61,,N,RU,Convenience Store,Convenience Store,Firearm,Other Major Injury,C
195573366,176254896,2023-07-11,St. Paul,MN0620900,13A,B,B,U,F,61,,N,RU,Highway/Road/Alley/Street/Sidewalk,Street & Sidewalk,Personal Weapons,Other Major Injury,C
207534352,186710563,2023-07-11,St. Paul,MN0620900,13A,A,A,N,M,62,,N,RU,Residence/Home,Home,Other,Loss of Teeth;Other Major Injury,C
193647167,174572877,2023-07-12,St. Paul,MN0620900,13A,B,B,N,M,27,,N,RU,Other/Unknown,Other & Unknown,Knife/Cutting Instrument,Other Major Injury,C
194839490,175617739,2023-07-12,St. Paul,MN0620900,13A,B,B,N,M,65,,N,RU,Grocery/Supermarket,Grocery Store,Motor Vehicle/Vessel,,C
195374985,176082127,2023-07-12,St. Paul,MN0620900,13A,B,B,N,F,38,,N,RU,Parking/Drop Lot/Garage,Parking Lot,Knife/Cutting Instrument,,C
205633015,185059239,2023-07-12,St. Paul,MN0620900,13A,B,B,N,F,24,,N,RU,Highway/Road/Alley/Street/Sidewalk,Street & Sidewalk,Firearm,,C
205633016,185059239,2023-07-12,St. Paul,MN0620900,13A,B,B,N,M,35,,N,RU,Highway/Road/Alley/Street/Sidewalk,Street & Sidewalk,Firearm,,C
194025914,174905405,2023-07-13,St. Paul,MN0620900,13A,W,W,N,M,37,,N,RU,Highway/Road/Alley/Street/Sidewalk,Street & Sidewalk,Blunt Object,Minor Injury,C
205799463,185203001,2023-07-13,St. Paul,MN0620900,13A,B,B,N,F,19,,N,RU,Parking/Drop Lot/Garage,Parking Lot,Motor Vehicle/Vessel,,C
205799464,185203001,2023-07-13,St. Paul,MN0620900,13A,B,B,N,F,16,,N,RU;VO,Parking/Drop Lot/Garage,Parking Lot,Motor Vehicle/Vessel,,C
205799465,185203001,2023-07-13,St. Paul,MN0620900,13A,U,U,U,F,17,,N,RU,Parking/Drop Lot/Garage,Parking Lot,Motor Vehicle/Vessel,,C
193160668,174145877,2023-07-14,St. Paul,MN0620900,13A,U,U,U,F,23,,N,RU,Highway/Road/Alley/Street/Sidewalk,Street & Sidewalk,Other,,C
194724713,175516338,2023-07-14,St. Paul,MN0620900,13A,B,B,N,M,46,,N,RU,Other/Unknown,Other & Unknown,Knife/Cutting Instrument,Other Major Injury,C
195460671,176156597,2023-07-14,St. Paul,MN0620900,13A,W,W,N,M,45,,N,RU,Residence/Home,Home,Firearm,,C
201424329,181390106,2023-07-14,St. Paul,MN0620900,13A,B,B,N,F,25,,N,RU,Residence/Home,Home,Asphyxiation,,C
207404708,186599382,2023-07-14,St. Paul,MN0620900,13A,H,U,H,M,48,,N,RU,Residence/Home,Home,Knife/Cutting Instrument,,C
193160745,174145941,2023-07-15,St. Paul,MN0620900,13A,W,W,N,M,80,,N,RU,Residence/Home,Home,Knife/Cutting Instrument,,C
193160746,174145941,2023-07-15,St. Paul,MN0620900,13A,B,B,N,F,41,,N,RU,Residence/Home,Home,Knife/Cutting Instrument,,C
193160809,174146001,2023-07-15,St. Paul,MN0620900,13A,W,W,N,F,52,,N,RU,Residence/Home,Home,Knife/Cutting Instrument,Possible Internal Injury,C
193219546,174196536,2023-07-15,St. Paul,MN0620900,13A,W,W,N,M,58,,N,RU,Residence/Home,Home,Blunt Object;Personal Weapons,Minor Injury,C
193277425,174246993,2023-07-15,St. Paul,MN0620900,13A,B,B,N,F,24,,N,RU,Residence/Home,Home,Blunt Object,Minor Injury,C
193277426,174246994,2023-07-16,St. Paul,MN0620900,13A,B,B,N,F,18,,N,RU,Residence/Home,Home,Handgun,,C
197058528,177546009,2023-07-17,St. Paul,MN0620900,13A,W,W,N,M,57,,N,RU,Highway/Road/Alley/Street/Sidewalk,Street & Sidewalk,Blunt Object,Minor Injury,C
197229326,177699861,2023-07-17,St. Paul,MN0620900,13A,W,W,N,F,23,,N,RU,Residence/Home,Home,Personal Weapons,Severe Laceration,C
200562743,180641880,2023-07-17,St. Paul,MN0620900,13A,B,B,N,F,22,,N,RU,Residence/Home,Home,Handgun,Minor Injury,C
205668696,185089747,2023-07-17,St. Paul,MN0620900,13A,W,W,N,F,47,,N,ST,Convenience Store,Convenience Store,Motor Vehicle/Vessel,Minor Injury,C
206046155,185423542,2023-07-17,St. Paul,MN0620900,13A,W,W,N,M,46,,N,RU,Bar/Nightclub,Bar & Nightclub,Firearm,,C
206046156,185423542,2023-07-17,St. Paul,MN0620900,13A,B,B,U,F,31,,N,RU,Bar/Nightclub,Bar & Nightclub,Firearm,,C
194025970,174905454,2023-07-18,St. Paul,MN0620900,13A,B,B,N,M,45,,N,RU,Highway/Road/Alley/Street/Sidewalk,Street & Sidewalk,Firearm,,C
193278647,174248026,2023-07-19,St. Paul,MN0620900,13A,B,B,U,U,34,,N,RU,Parking/Drop Lot/Garage,Parking Lot,Knife/Cutting Instrument,,C
193278648,174248026,2023-07-19,St. Paul,MN0620900,13A,B,B,N,F,25,,N,RU,Parking/Drop Lot/Garage,Parking Lot,Knife/Cutting Instrument,,C
193394085,174351496,2023-07-19,St. Paul,MN0620900,13A,W,W,N,M,66,,N,RU,Convenience Store,Convenience Store,Knife/Cutting Instrument,,C
194942383,175706216,2023-07-20,St. Paul,MN0620900,13A,B,B,N,M,21,,N,RU,Highway/Road/Alley/Street/Sidewalk,Street & Sidewalk,Firearm,,C
194942384,175706216,2023-07-20,St. Paul,MN0620900,13A,B,B,N,F,19,,N,RU,Highway/Road/Alley/Street/Sidewalk,Street & Sidewalk,Firearm,,C
195821429,176474873,2023-07-20,St. Paul,MN0620900,13A,W,W,N,M,80,,N,RU,Residence/Home,Home,Firearm,,C
196742252,177271369,2023-07-20,St. Paul,MN0620900,13A,W,W,U,M,53,,N,RU,Residence/Home,Home,Knife/Cutting Instrument,,C
199154579,179393020,2023-07-20,St. Paul,MN0620900,13A,W,W,N,M,30,,N,RU,Residence/Home,Home,Knife/Cutting Instrument,Minor Injury,C
206046157,185423543,2023-07-20,St. Paul,MN0620900,13A,I,I,N,M,34,,N,RU,Residence/Home,Home,Knife/Cutting Instrument;Personal Weapons,Minor Injury,C
194724788,175516411,2023-07-21,St. Paul,MN0620900,13A,W,W,N,F,38,,N,ST,Residence/Home,Home,Firearm,,C
196241124,176837579,2023-07-21,St. Paul,MN0620900,13A,B,B,N,M,22,,N,AQ,Restaurant,Restaurant,Other,Other Major Injury,C
198312961,178644676,2023-07-22,St. Paul,MN0620900,13A,A,A,U,F,42,,N,RU,Residence/Home,Home,Blunt Object,Minor Injury,C
198312962,178644676,2023-07-22,St. Paul,MN0620900,13A,A,A,U,F,23,,N,OF,Residence/Home,Home,Blunt Object,Minor Injury,C
194025995,174905476,2023-07-23,St. Paul,MN0620900,13A,B,B,N,F,31,,N,FR,Residence/Home,Home,Blunt Object,Minor Injury,C
194942387,175706219,2023-07-23,St. Paul,MN0620900,13A,B,B,N,M,29,,N,RU,Residence/Home,Home,Blunt Object,Possible Internal Injury,C
193647737,174573388,2023-07-24,St. Paul,MN0620900,13A,U,U,U,M,33,,N,AQ,Residence/Home,Home,Blunt Object,Severe Laceration,C
194664758,175464472,2023-07-24,St. Paul,MN0620900,13A,B,B,U,M,40,,N,RU,Highway/Road/Alley/Street/Sidewalk,Street & Sidewalk,Firearm,,C
195161509,175897189,2023-07-24,St. Paul,MN0620900,13A,B,B,N,F,32,,N,RU,Residence/Home,Home,Asphyxiation,Minor Injury,C
194107015,174976601,2023-07-25,St. Paul,MN0620900,13A,B,B,N,M,44,,N,RU,Parking/Drop Lot/Garage,Parking Lot,Handgun,,C
195375000,176082141,2023-07-25,St. Paul,MN0620900,13A,W,W,U,M,42,,N,RU,Highway/Road/Alley/Street/Sidewalk,Street & Sidewalk,Handgun,,C
195573365,176254895,2023-07-25,St. Paul,MN0620900,13A,B,B,U,F,28,,Y,SE,Residence/Home,Home,Asphyxiation;Personal Weapons,Minor Injury,C
199526782,179728948,2023-07-25,St. Paul,MN0620900,13A,W,W,N,M,42,,N,RU,Highway/Road/Alley/Street/Sidewalk,Street & Sidewalk,Firearm,Possible Internal Injury,C
202638889,182445903,2023-07-25,St. Paul,MN0620900,13A,W,W,N,M,25,,Y,BG;VO,Residence/Home,Home,Knife/Cutting Instrument,Severe Laceration,C
206345709,185684148,2023-07-25,St. Paul,MN0620900,13A,B,B,N,F,31,,N,AQ;RU,Highway/Road/Alley/Street/Sidewalk,Street & Sidewalk,Handgun,,C
206345710,185684148,2023-07-25,St. Paul,MN0620900,13A,B,B,N,F,38,,Y,BG;RU,Highway/Road/Alley/Street/Sidewalk,Street & Sidewalk,Handgun,,C
194107142,174976714,2023-07-26,St. Paul,MN0620900,13A,B,B,U,M,46,,Y,SE,Residence/Home,Home,Knife/Cutting Instrument,Other Major Injury,C
196708598,177242316,2023-07-27,St. Paul,MN0620900,13A,B,B,N,F,45,,N,RU,Residence/Home,Home,Firearm,,C
194107568,174977092,2023-07-28,St. Paul,MN0620900,13A,W,W,N,M,31,,N,RU,Residence/Home,Home,Handgun,,C
194286024,175135557,2023-07-28,St. Paul,MN0620900,13A,B,B,U,F,25,,N,RU,Highway/Road/Alley/Street/Sidewalk,Street & Sidewalk,Handgun,,C
199526802,179728964,2023-07-28,St. Paul,MN0620900,13A,A,A,N,M,25,,N,RU,Highway/Road/Alley/Street/Sidewalk,Street & Sidewalk,,Possible Internal Injury,C
194982672,175741306,2023-07-29,St. Paul,MN0620900,13A,U,U,N,M,23,,N,AQ;RU;ST,Residence/Home,Home,Blunt Object,Minor Injury,C
195265382,175986959,2023-07-29,St. Paul,MN0620900,13A,A,A,N,M,59,,N,ST,Highway/Road/Alley/Street/Sidewalk,Street & Sidewalk,Handgun,,C
195375006,176082147,2023-07-29,St. Paul,MN0620900,13A,B,B,N,M,43,,N,RU,Highway/Road/Alley/Street/Sidewalk,Street & Sidewalk,Knife/Cutting Instrument,Severe Laceration,C
201966258,181866244,2023-07-29,St. Paul,MN0620900,13A,W,W,N,M,59,,N,RU,Residence/Home,Home,Knife/Cutting Instrument,Other Major Injury,C
206046161,185423544,2023-07-29,St. Paul,MN0620900,13A,H,W,H,M,61,,N,OK,Highway/Road/Alley/Street/Sidewalk,Street & Sidewalk,Knife/Cutting Instrument,,C
206046162,185423544,2023-07-29,St. Paul,MN0620900,13A,H,W,H,F,28,,N,OK,Highway/Road/Alley/Street/Sidewalk,Street & Sidewalk,Knife/Cutting Instrument,,C
194026063,174905537,2023-07-30,St. Paul,MN0620900,13A,W,W,U,M,50,,N,RU,Restaurant,Restaurant,Knife/Cutting Instrument,,C
194108096,174977563,2023-07-30,St. Paul,MN0620900,13A,W,W,N,F,36,,N,RU,Residence/Home,Home,Personal Weapons,Other Major Injury,C
194286304,175135759,2023-07-30,St. Paul,MN0620900,13A,B,B,N,M,46,,N,ST,Parking/Drop Lot/Garage,Parking Lot,Knife/Cutting Instrument,,C
194286305,175135759,2023-07-30,St. Paul,MN0620900,13A,A,A,N,M,30,,N,ST,Parking/Drop Lot/Garage,Parking Lot,Knife/Cutting Instrument,,C
194286306,175135759,2023-07-30,St. Paul,MN0620900,13A,U,U,U,M,59,,N,ST,Parking/Drop Lot/Garage,Parking Lot,Knife/Cutting Instrument,,C
194471297,175297990,2023-07-30,St. Paul,MN0620900,13A,B,B,N,F,31,,N,RU,Residence/Home,Home,Personal Weapons,Severe Laceration,C
195045312,175796040,2023-07-31,St. Paul,MN0620900,13A,W,W,N,M,50,,N,RU,Other/Unknown,Other & Unknown,Knife/Cutting Instrument,Minor Injury,C
195869037,176517627,2023-07-31,St. Paul,MN0620900,13A,I,I,U,F,36,,N,RU,Parking/Drop Lot/Garage,Parking Lot,Handgun,,C
196241442,176837833,2023-07-31,St. Paul,MN0620900,13A,W,W,U,F,30,,N,RU,Highway/Road/Alley/Street/Sidewalk,Street & Sidewalk,Blunt Object,Minor Injury,C
198154415,178507746,2023-07-31,St. Paul,MN0620900,13A,W,W,N,F,22,,N,RU,Residence/Home,Home,Personal Weapons,Other Major Injury,C
195488152,176180695,2023-08-01,St. Paul,MN0620900,13A,B,B,N,F,31,,N,RU,Highway/Road/Alley/Street/Sidewalk,Street & Sidewalk,Firearm,Severe Laceration,C
199526811,179728972,2023-08-01,St. Paul,MN0620900,13A,B,B,N,F,16,,N,RU,Residence/Home,Home,Firearm,Other Major Injury,C
194195058,175055084,2023-08-02,St. Paul,MN0620900,13A,U,U,U,F,25,,N,RU,Residence/Home,Home,Personal Weapons,Possible Internal Injury,C
194386442,175224623,2023-08-02,St. Paul,MN0620900,13A,W,W,U,M,45,,N,RU,Highway/Road/Alley/Street/Sidewalk,Street & Sidewalk,Personal Weapons,Possible Internal Injury;Unconscious,C
194982680,175741311,2023-08-02,St. Paul,MN0620900,13A,B,B,N,F,24,,N,RU,Highway/Road/Alley/Street/Sidewalk,Street & Sidewalk,Firearm,,C
197446300,177889639,2023-08-02,St. Paul,MN0620900,13A,B,B,N,F,19,,N,RU,Highway/Road/Alley/Street/Sidewalk,Street & Sidewalk,Firearm;Handgun;Personal Weapons,Minor Injury,C
198767527,179046721,2023-08-02,St. Paul,MN0620900,13A,U,U,U,M,25,,N,OF,Residence/Home,Home,Firearm,,C
201581445,181527316,2023-08-03,St. Paul,MN0620900,13A,B,B,N,M,17,,N,RU,Residence/Home,Home,Firearm,,C
201829568,181746755,2023-08-03,St. Paul,MN0620900,13A,A,A,N,F,20,,N,RU,Highway/Road/Alley/Street/Sidewalk,Street & Sidewalk,Firearm,,C
201829569,181746755,2023-08-03,St. Paul,MN0620900,13A,U,U,N,U,47,,N,RU,Highway/Road/Alley/Street/Sidewalk,Street & Sidewalk,Firearm,,C
194387056,175225180,2023-08-04,St. Paul,MN0620900,13A,B,B,U,M,69,,N,RU,Liquor Store,Liquor Store,Other,Minor Injury,C
194664801,175464507,2023-08-04,St. Paul,MN0620900,13A,B,B,U,M,35,,N,RU,Other/Unknown,Other & Unknown,Knife/Cutting Instrument,Other Major Injury,C
205668697,185089748,2023-08-04,St. Paul,MN0620900,13A,B,B,N,M,36,,N,RU,Highway/Road/Alley/Street/Sidewalk,Street & Sidewalk,Firearm,Other Major Injury,C
205796532,185200548,2023-08-04,St. Paul,MN0620900,13A,A,A,U,M,22,,N,RU,Highway/Road/Alley/Street/Sidewalk,Street & Sidewalk,Firearm,,C
205796533,185200548,2023-08-04,St. Paul,MN0620900,13A,U,U,U,F,22,,N,RU,Highway/Road/Alley/Street/Sidewalk,Street & Sidewalk,Firearm,,C
194387359,175225456,2023-08-05,St. Paul,MN0620900,13A,W,W,N,M,33,,N,AQ,Highway/Road/Alley/Street/Sidewalk,Street & Sidewalk,Knife/Cutting Instrument,Minor Injury,C
194497610,175321239,2023-08-05,St. Paul,MN0620900,13A,U,U,U,F,48,,N,FR,Highway/Road/Alley/Street/Sidewalk,Street & Sidewalk,Other,,C
195161564,175897236,2023-08-05,St. Paul,MN0620900,13A,W,W,U,F,26,,N,RU,Highway/Road/Alley/Street/Sidewalk,Street & Sidewalk,Blunt Object,Unconscious,C
196241574,176837941,2023-08-05,St. Paul,MN0620900,13A,B,B,N,M,24,,N,RU,Other/Unknown,Other & Unknown,Motor Vehicle/Vessel,,C
197058621,177546090,2023-08-05,St. Paul,MN0620900,13A,W,W,N,M,37,,N,RU,Park/Playground,Park & Playground,Blunt Object,Minor Injury,C
194497615,175321243,2023-08-06,St. Paul,MN0620900,13A,A,A,N,M,47,,N,FR,Highway/Road/Alley/Street/Sidewalk,Street & Sidewalk,Knife/Cutting Instrument,Other Major Injury;Possible Internal Injury,C
195161568,175897240,2023-08-06,St. Paul,MN0620900,13A,B,B,U,F,54,,N,RU,Residence/Home,Home,Knife/Cutting Instrument,,C
195573369,176254899,2023-08-06,St. Paul,MN0620900,13A,A,A,N,M,26,,N,OK,Residence/Home,Home,Handgun,,C
195573370,176254899,2023-08-06,St. Paul,MN0620900,13A,A,A,N,F,28,,N,RU,Residence/Home,Home,Handgun,,C
195869067,176517655,2023-08-06,St. Paul,MN0620900,13A,W,W,N,M,65,,N,RU,Highway/Road/Alley/Street/Sidewalk,Street & Sidewalk,Personal Weapons,Other Major Injury;Severe Laceration,C
198154445,178507770,2023-08-06,St. Paul,MN0620900,13A,B,B,N,F,19,,N,FR,Residence/Home,Home,Firearm,,C
194387982,175226034,2023-08-07,St. Paul,MN0620900,13A,H,W,H,F,24,,N,CH,Residence/Home,Home,Blunt Object,Minor Injury,C
194497622,175321250,2023-08-08,St. Paul,MN0620900,13A,B,B,N,F,35,,N,RU,Parking/Drop Lot/Garage,Parking Lot,Firearm,,C
194664812,175464518,2023-08-08,St. Paul,MN0620900,13A,W,W,N,M,41,,N,RU,Highway/Road/Alley/Street/Sidewalk,Street & Sidewalk,Handgun (Automatic),,C
195161639,175897308,2023-08-08,St. Paul,MN0620900,13A,B,B,U,F,17,,N,RU,Residence/Home,Home,Asphyxiation;Handgun,Minor Injury,C
206562547,185872299,2023-08-08,St. Paul,MN0620900,13A,B,B,N,F,20,,N,ST,Highway/Road/Alley/Street/Sidewalk,Street & Sidewalk,Blunt Object,,C
194497628,175321256,2023-08-09,St. Paul,MN0620900,13A,W,W,N,M,38,,Y,SE,Residence/Home,Home,Knife/Cutting Instrument,,C
194497637,175321264,2023-08-09,St. Paul,MN0620900,13A,B,B,N,F,17,,N,CH,Residence/Home,Home,Knife/Cutting Instrument,,C
194497638,175321265,2023-08-09,St. Paul,MN0620900,13A,B,B,N,M,48,,N,OK,Residence/Home,Home,Asphyxiation,,C
195711725,176377628,2023-08-09,St. Paul,MN0620900,13A,W,W,N,F,29,,N,AQ,Highway/Road/Alley/Street/Sidewalk,Street & Sidewalk,Blunt Object,Minor Injury,C
197178555,177653594,2023-08-09,St. Paul,MN0620900,13A,B,B,N,M,28,,N,RU,Service/Gas Station,Gas Station,Firearm,,C
199101619,179345337,2023-08-09,St. Paul,MN0620900,13A,B,B,N,M,44,,N,RU,Highway/Road/Alley/Street/Sidewalk,Street & Sidewalk,Personal Weapons,Possible Internal Injury;Unconscious,C
203906154,183555670,2023-08-09,St. Paul,MN0620900,13A,W,W,N,F,32,,Y,BG,Residence/Home,Home,Other,Minor Injury,C
196241849,176838192,2023-08-10,St. Paul,MN0620900,13A,W,W,N,M,22,,N,RU,Parking/Drop Lot/Garage,Parking Lot,Other,Minor Injury,C
196708616,177242331,2023-08-10,St. Paul,MN0620900,13A,H,U,H,F,29,,Y,SE,Residence/Home,Home,Knife/Cutting Instrument,Minor Injury,C
195161650,175897319,2023-08-11,St. Paul,MN0620900,13A,B,B,U,F,34,,N,RU,Residence/Home,Home,Asphyxiation;Personal Weapons,Minor Injury,C
195161655,175897324,2023-08-11,St. Paul,MN0620900,13A,W,W,N,F,39,,N,AQ,Residence/Home,Home,Knife/Cutting Instrument,Severe Laceration,C
199525345,179727655,2023-08-11,St. Paul,MN0620900,13A,B,B,N,M,41,,N,RU,Highway/Road/Alley/Street/Sidewalk,Street & Sidewalk,Handgun,Possible Internal Injury,C
194982686,175741317,2023-08-12,St. Paul,MN0620900,13A,W,W,U,M,51,,N,RU,Highway/Road/Alley/Street/Sidewalk,Street & Sidewalk,Firearm,,C
195821609,176475034,2023-08-12,St. Paul,MN0620900,13A,U,U,U,F,23,,N,NE,Residence/Home,Home,Personal Weapons,Apparent Broken Bones,C
194665301,175464921,2023-08-13,St. Paul,MN0620900,13A,B,B,N,M,39,,N,RU,Convenience Store,Convenience Store,Firearm,Minor Injury,C
194726042,175517448,2023-08-13,St. Paul,MN0620900,13A,B,B,N,M,51,,N,RU,Residence/Home,Home,Knife/Cutting Instrument,Minor Injury,C
194726082,175517482,2023-08-13,St. Paul,MN0620900,13A,H,U,H,F,28,,N,RU,Residence/Home,Home,Knife/Cutting Instrument,Minor Injury,C
194726155,175517544,2023-08-13,St. Paul,MN0620900,13A,B,B,U,F,44,,N,RU,Residence/Home,Home,Knife/Cutting Instrument,,C
198767619,179046798,2023-08-13,St. Paul,MN0620900,13A,U,U,U,F,33,,Y,SE,Other/Unknown,Other & Unknown,Asphyxiation,Minor Injury,C
195066991,175815023,2023-08-14,St. Paul,MN0620900,13A,B,B,N,M,48,,N,RU,Highway/Road/Alley/Street/Sidewalk,Street & Sidewalk,Blunt Object,Possible Internal Injury;Unconscious,C
195821614,176475039,2023-08-14,St. Paul,MN0620900,13A,W,W,U,M,39,,N,RU,Auto Dealership New/Used,Auto Dealership,Knife/Cutting Instrument,,C
197920924,178302556,2023-08-14,St. Paul,MN0620900,13A,U,U,U,F,52,,N,FR,Highway/Road/Alley/Street/Sidewalk,Street & Sidewalk,Other,Minor Injury,C
194982693,175741323,2023-08-15,St. Paul,MN0620900,13A,W,W,N,F,17,,N,OK,Residence/Home,Home,Knife/Cutting Instrument,Minor Injury,C
195375040,176082177,2023-08-15,St. Paul,MN0620900,13A,W,W,N,M,75,,N,RU,Park/Playground,Park & Playground,Blunt Object,Minor Injury,C
195821739,176475149,2023-08-15,St. Paul,MN0620900,13A,W,W,U,M,47,,Y,SE,Residence/Home,Home,Blunt Object,Minor Injury,C
195375047,176082183,2023-08-16,St. Paul,MN0620900,13A,U,U,U,F,29,,N,ST,Other/Unknown,Other & Unknown,Firearm,,C
196708623,177242338,2023-08-16,St. Paul,MN0620900,13A,B,B,N,F,21,,N,RU,Residence/Home,Home,Asphyxiation;Personal Weapons,Minor Injury,C
205633020,185059243,2023-08-16,St. Paul,MN0620900,13A,W,W,N,M,39,,N,RU,Residence/Home,Home,Firearm,,C
205633021,185059243,2023-08-16,St. Paul,MN0620900,13A,B,B,N,F,48,,N,RU,Residence/Home,Home,Firearm,,C
205633022,185059243,2023-08-16,St. Paul,MN0620900,13A,B,B,N,M,53,,N,RU,Residence/Home,Home,Firearm,,C
205633023,185059243,2023-08-16,St. Paul,MN0620900,13A,B,B,N,M,29,,N,RU,Residence/Home,Home,Firearm,,C
206046163,185423545,2023-08-16,St. Paul,MN0620900,13A,B,B,N,F,28,,Y,RU;XR,Shelter-Mission/Homeless,Shelter,Knife/Cutting Instrument,,C
195209741,175938881,2023-08-18,St. Paul,MN0620900,13A,U,U,U,F,35,,N,RU,Highway/Road/Alley/Street/Sidewalk,Street & Sidewalk,Other,,C
200562965,180642068,2023-08-18,St. Paul,MN0620900,13A,B,B,N,M,56,,N,RU,Highway/Road/Alley/Street/Sidewalk,Street & Sidewalk,Handgun,Possible Internal Injury;Severe Laceration;Unconscious,C
201424340,181390113,2023-08-18,St. Paul,MN0620900,13A,U,U,U,F,27,,Y,SE,Park/Playground,Park & Playground,Blunt Object,Minor Injury,C
205803250,185206057,2023-08-18,St. Paul,MN0620900,13A,I,I,N,M,25,,Y,BG,Residence/Home,Home,Motor Vehicle/Vessel,Minor Injury,C
195266977,175988397,2023-08-19,St. Paul,MN0620900,13A,B,B,N,F,38,,N,RU,Residence/Home,Home,Firearm,Other Major Injury,C
195573373,176254902,2023-08-19,St. Paul,MN0620900,13A,H,U,H,M,31,,N,RU,Residence/Home,Home,Knife/Cutting Instrument,Other Major Injury,C
195573374,176254902,2023-08-19,St. Paul,MN0620900,13A,H,U,H,F,35,,Y,SE,Residence/Home,Home,Knife/Cutting Instrument,,C
195869297,176517845,2023-08-19,St. Paul,MN0620900,13A,B,B,N,M,45,,N,RU,Highway/Road/Alley/Street/Sidewalk,Street & Sidewalk,Handgun,Other Major Injury;Severe Laceration,C
196708636,177242346,2023-08-19,St. Paul,MN0620900,13A,W,W,N,M,42,,N,NE,Residence/Home,Home,Firearm,,C
197178627,177653659,2023-08-19,St. Paul,MN0620900,13A,W,W,U,M,63,,N,RU,Other/Unknown,Other & Unknown,Firearm,,C
197752742,178156651,2023-08-19,St. Paul,MN0620900,13A,W,W,N,M,57,,N,AQ,Residence/Home,Home,Knife/Cutting Instrument,,C
199525361,179727669,2023-08-19,St. Paul,MN0620900,13A,B,B,N,M,27,,N,RU,Other/Unknown,Other & Unknown,Firearm,Severe Laceration,C
201581453,181527324,2023-08-19,St. Paul,MN0620900,13A,W,W,N,M,42,,N,RU,Residence/Home,Home,Knife/Cutting Instrument,Other Major Injury,C
195170819,175905395,2023-08-20,St. Paul,MN0620900,13A,W,W,N,F,13,,N,NE,Highway/Road/Alley/Street/Sidewalk,Street & Sidewalk,Other Firearm,,C
195267847,175989165,2023-08-20,St. Paul,MN0620900,13A,B,B,N,M,6,,N,NE,Highway/Road/Alley/Street/Sidewalk,Street & Sidewalk,Blunt Object,Minor Injury,C
199525369,179727676,2023-08-20,St. Paul,MN0620900,13A,A,A,N,M,38,,N,RU,Park/Playground,Park & Playground,Handgun (Automatic),Possible Internal Injury,C
200152065,180284153,2023-08-20,St. Paul,MN0620900,13A,W,W,N,M,21,,N,RU,Residence/Home,Home,Handgun,,C
195067130,175815145,2023-08-21,St. Paul,MN0620900,13A,H,B,H,F,41,,N,RU,Residence/Home,Home,Unknown,,C
195956877,176593830,2023-08-21,St. Paul,MN0620900,13A,W,W,U,F,38,,N,RU,Highway/Road/Alley/Street/Sidewalk,Street & Sidewalk,Blunt Object,Minor Injury,C
199525380,179727686,2023-08-21,St. Paul,MN0620900,13A,B,B,N,M,49,,N,RU,Bar/Nightclub,Bar & Nightclub,Firearm,Other Major Injury,C
195375095,176082217,2023-08-22,St. Paul,MN0620900,13A,W,W,N,M,36,,N,RU,Highway/Road/Alley/Street/Sidewalk,Street & Sidewalk,Handgun,,C
195375100,176082221,2023-08-22,St. Paul,MN0620900,13A,I,I,N,F,17,,N,RU,Residence/Home,Home,Knife/Cutting Instrument,Severe Laceration,C
202633443,182441249,2023-08-22,St. Paul,MN0620900,13A,B,B,U,F,65,,N,OK,Parking/Drop Lot/Garage,Parking Lot,Handgun,,C
195211068,175940072,2023-08-23,St. Paul,MN0620900,13A,W,W,N,M,73,,N,RU,Residence/Home,Home,Blunt Object;Knife/Cutting Instrument,Minor Injury,C
195265445,175987011,2023-08-23,St. Paul,MN0620900,13A,B,B,N,M,25,,N,AQ,Highway/Road/Alley/Street/Sidewalk,Street & Sidewalk,Knife/Cutting Instrument,Minor Injury,C
196432935,177006370,2023-08-23,St. Paul,MN0620900,13A,B,B,N,F,46,,N,RU,Highway/Road/Alley/Street/Sidewalk,Street & Sidewalk,Firearm (Automatic),,C
195375119,176082236,2023-08-24,St. Paul,MN0620900,13A,B,B,U,F,41,,N,ST,Convenience Store,Convenience Store,Knife/Cutting Instrument,,C
200420091,180516498,2023-08-24,St. Paul,MN0620900,13A,U,U,U,M,28,,N,RU,Restaurant,Restaurant,Firearm,,C
202479724,182309315,2023-08-24,St. Paul,MN0620900,13A,H,W,H,F,45,,N,OK;RU,Highway/Road/Alley/Street/Sidewalk,Street & Sidewalk,Firearm,,C
202479725,182309315,2023-08-24,St. Paul,MN0620900,13A,H,W,H,M,56,,N,RU;ST,Highway/Road/Alley/Street/Sidewalk,Street & Sidewalk,Firearm,,C
195375137,176082251,2023-08-25,St. Paul,MN0620900,13A,W,W,N,F,53,,Y,SE,Hotel/Motel/Etc.,Hotel & Motel,Firearm,Minor Injury,C
195550245,176234238,2023-08-25,St. Paul,MN0620900,13A,W,W,U,M,40,,N,RU,Residence/Home,Home,Handgun (Automatic),,C
197178663,177653691,2023-08-25,St. Paul,MN0620900,13A,W,W,U,F,21,,N,RU,Residence/Home,Home,Knife/Cutting Instrument,,C
197178664,177653691,2023-08-25,St. Paul,MN0620900,13A,W,W,U,F,28,,N,RU,Residence/Home,Home,Knife/Cutting Instrument,,C
205575436,185009670,2023-08-25,St. Paul,MN0620900,13A,B,B,N,M,23,,N,RU,Parking/Drop Lot/Garage,Parking Lot,Firearm,,C
205575437,185009670,2023-08-25,St. Paul,MN0620900,13A,B,B,N,F,41,,N,RU,Parking/Drop Lot/Garage,Parking Lot,Firearm,,C
205575438,185009670,2023-08-25,St. Paul,MN0620900,13A,B,B,N,F,24,,N,RU,Parking/Drop Lot/Garage,Parking Lot,Firearm,,C
205575439,185009670,2023-08-25,St. Paul,MN0620900,13A,B,B,N,F,26,,N,RU,Parking/Drop Lot/Garage,Parking Lot,Firearm,,C
197058687,177546150,2023-08-27,St. Paul,MN0620900,13A,A,A,N,F,49,,N,OF,Residence/Home,Home,Firearm,,C
198767745,179046905,2023-08-27,St. Paul,MN0620900,13A,A,A,U,F,24,,N,RU,Highway/Road/Alley/Street/Sidewalk,Street & Sidewalk,Knife/Cutting Instrument,,C
203392885,183105796,2023-08-27,St. Paul,MN0620900,13A,B,B,N,F,27,,N,RU,Residence/Home,Home,Personal Weapons,Severe Laceration,C
203441350,183144466,2023-08-27,St. Paul,MN0620900,13A,B,B,U,F,25,,Y,BG,Residence/Home,Home,Personal Weapons,Possible Internal Injury,C
197034113,177523710,2023-08-28,St. Paul,MN0620900,13A,H,U,H,M,43,,N,RU,Liquor Store,Liquor Store,Blunt Object,Minor Injury,C
197034114,177523710,2023-08-28,St. Paul,MN0620900,13A,H,U,H,M,49,,N,RU,Liquor Store,Liquor Store,Blunt Object,Minor Injury,C
197178682,177653709,2023-08-28,St. Paul,MN0620900,13A,B,B,N,F,28,,N,RU,Residence/Home,Home,Blunt Object,Minor Injury,C
197752751,178156659,2023-08-28,St. Paul,MN0620900,13A,W,W,N,M,35,,N,RU,Highway/Road/Alley/Street/Sidewalk,Street & Sidewalk,Firearm,,C
196433110,177006532,2023-08-29,St. Paul,MN0620900,13A,W,W,N,M,46,,N,RU,Highway/Road/Alley/Street/Sidewalk,Street & Sidewalk,Blunt Object;Knife/Cutting Instrument,Possible Internal Injury;Severe Laceration,C
197594721,178018421,2023-08-29,St. Paul,MN0620900,13A,B,B,U,M,58,,N,RU,Highway/Road/Alley/Street/Sidewalk,Street & Sidewalk,Blunt Object,Minor Injury,C
199525388,179727692,2023-08-29,St. Paul,MN0620900,13A,W,W,U,M,31,,N,RU,Residence/Home,Home,Firearm,Other Major Injury,C
195822378,176475735,2023-08-30,St. Paul,MN0620900,13A,B,B,N,M,62,,N,RU,Highway/Road/Alley/Street/Sidewalk,Street & Sidewalk,Handgun,,C
196768535,177293806,2023-08-30,St. Paul,MN0620900,13A,W,W,N,M,53,,N,RU,Shelter-Mission/Homeless,Shelter,Blunt Object,Severe Laceration,C
209735190,188636771,2023-08-30,St. Paul,MN0620900,13A,B,B,N,F,27,,Y,XR,Highway/Road/Alley/Street/Sidewalk,Street & Sidewalk,Handgun,,C
209735191,188636771,2023-08-30,St. Paul,MN0620900,13A,B,B,N,F,28,,N,ST,Highway/Road/Alley/Street/Sidewalk,Street & Sidewalk,Handgun,,C
195822704,176476005,2023-09-01,St. Paul,MN0620900,13A,W,W,N,U,27,,N,ST,Residence/Home,Home,Firearm,,C
197594726,178018426,2023-09-01,St. Paul,MN0620900,13A,B,B,U,M,41,,N,RU,Other/Unknown,Other & Unknown,Unknown,Unconscious,C
199252637,179482482,2023-09-01,St. Paul,MN0620900,13A,B,B,N,M,33,,N,RU,Parking/Drop Lot/Garage,Parking Lot,Motor Vehicle/Vessel,Possible Internal Injury,C
202101218,181982882,2023-09-01,St. Paul,MN0620900,13A,W,W,N,M,0,,N,CH,Residence/Home,Home,Unknown,Apparent Broken Bones,C
202101219,181982882,2023-09-01,St. Paul,MN0620900,13A,W,W,N,M,0,,N,CH,Residence/Home,Home,Unknown,Apparent Broken Bones,C
195957950,176594702,2023-09-02,St. Paul,MN0620900,13A,A,A,N,F,34,,N,RU,Residence/Home,Home,Knife/Cutting Instrument,,C
195958124,176594848,2023-09-04,St. Paul,MN0620900,13A,W,W,N,F,40,,N,RU,Residence/Home,Home,Knife/Cutting Instrument;Personal Weapons,Minor Injury,C
195958191,176594901,2023-09-04,St. Paul,MN0620900,13A,U,U,U,F,23,,N,ST,Restaurant,Restaurant,Knife/Cutting Instrument,,C
195958596,176595146,2023-09-05,St. Paul,MN0620900,13A,W,W,N,M,41,,N,RU,Residence/Home,Home,Knife/Cutting Instrument,Minor Injury,C
196244464,176840482,2023-09-05,St. Paul,MN0620900,13A,B,B,U,F,17,,N,RU,Residence/Home,Home,Knife/Cutting Instrument,,C
196708736,177242415,2023-09-05,St. Paul,MN0620900,13A,B,B,U,F,29,,Y,SE,Highway/Road/Alley/Street/Sidewalk,Street & Sidewalk,Firearm,Minor Injury,C
196708739,177242418,2023-09-05,St. Paul,MN0620900,13A,A,A,N,F,54,,N,RU,Residence/Home,Home,Knife/Cutting Instrument,,C
199553617,179753473,2023-09-05,St. Paul,MN0620900,13A,B,B,N,M,28,,N,RU,Highway/Road/Alley/Street/Sidewalk,Street & Sidewalk,Firearm,Other Major Injury,C
195958626,176595171,2023-09-06,St. Paul,MN0620900,13A,W,W,N,F,41,,N,RU,Residence/Home,Home,Knife/Cutting Instrument,,C
196244803,176840785,2023-09-06,St. Paul,MN0620900,13A,B,B,N,M,30,,N,RU,Highway/Road/Alley/Street/Sidewalk,Street & Sidewalk,Handgun,,C
197178769,177653791,2023-09-06,St. Paul,MN0620900,13A,H,W,H,M,43,,N,RU,Highway/Road/Alley/Street/Sidewalk,Street & Sidewalk,Handgun,,C
198784122,179061217,2023-09-06,St. Paul,MN0620900,13A,I,I,N,F,32,,N,RU,Highway/Road/Alley/Street/Sidewalk,Street & Sidewalk,Knife/Cutting Instrument,,C
199380984,179595289,2023-09-06,St. Paul,MN0620900,13A,B,B,U,F,25,,N,RU,Highway/Road/Alley/Street/Sidewalk,Street & Sidewalk,Firearm,Minor Injury,C
202223796,182089545,2023-09-06,St. Paul,MN0620900,13A,W,W,U,M,41,,N,RU,Highway/Road/Alley/Street/Sidewalk,Street & Sidewalk,,Severe Laceration,C
196245312,176841247,2023-09-07,St. Paul,MN0620900,13A,B,B,N,F,20,,N,RU,Residence/Home,Home,Knife/Cutting Instrument,,C
209024341,188013032,2023-09-08,St. Paul,MN0620900,13A,A,A,N,M,44,,N,RU,Residence/Home,Home,Other;Personal Weapons,Other Major Injury,C
201195353,181191517,2023-09-09,St. Paul,MN0620900,13A,B,B,X,U,,,N,RU,Highway/Road/Alley/Street/Sidewalk,Street & Sidewalk,Handgun,,C
201446409,181409216,2023-09-09,St. Paul,MN0620900,13A,B,B,N,F,35,,N,RU,Service/Gas Station,Gas Station,Handgun,Other Major Injury,C
201446410,181409216,2023-09-09,St. Paul,MN0620900,13A,U,U,U,M,45,,N,RU,Service/Gas Station,Gas Station,Handgun,,C
196708923,177242586,2023-09-10,St. Paul,MN0620900,13A,B,B,N,M,18,,N,RU,Residence/Home,Home,Other,,C
200152137,180284221,2023-09-10,St. Paul,MN0620900,13A,U,U,U,M,15,,N,RU,Other/Unknown,Other & Unknown,Firearm,,C
197058798,177546257,2023-09-11,St. Paul,MN0620900,13A,B,B,U,M,53,,N,RU,Highway/Road/Alley/Street/Sidewalk,Street & Sidewalk,Knife/Cutting Instrument,Minor Injury,C
198791753,179067976,2023-09-11,St. Paul,MN0620900,13A,U,U,U,F,18,,N,OF;RU,Residence/Home,Home,Knife/Cutting Instrument,Minor Injury,C
198791754,179067976,2023-09-11,St. Paul,MN0620900,13A,W,W,U,F,34,,N,RU,Residence/Home,Home,Knife/Cutting Instrument,,C
201424349,181390122,2023-09-11,St. Paul,MN0620900,13A,A,A,N,F,45,,Y,SE,Restaurant,Restaurant,Asphyxiation,,C
196709228,177242842,2023-09-12,St. Paul,MN0620900,13A,A,A,N,M,31,,N,RU,Highway/Road/Alley/Street/Sidewalk,Street & Sidewalk,Firearm,Other Major Injury,C
197178879,177653893,2023-09-12,St. Paul,MN0620900,13A,U,U,U,M,26,,N,RU,Highway/Road/Alley/Street/Sidewalk,Street & Sidewalk,Handgun,,C
199101855,179345549,2023-09-12,St. Paul,MN0620900,13A,B,B,N,F,25,,N,RU,Bar/Nightclub,Bar & Nightclub,Blunt Object,Minor Injury,C
205803251,185206058,2023-09-12,St. Paul,MN0620900,13A,B,B,N,F,19,,Y,BG,Residence/Home,Home,Knife/Cutting Instrument,Possible Internal Injury;Unconscious,C
205803252,185206058,2023-09-12,St. Paul,MN0620900,13A,B,B,N,M,43,,N,PA,Residence/Home,Home,Knife/Cutting Instrument,,C
196709261,177242870,2023-09-15,St. Paul,MN0620900,13A,B,B,N,M,38,,N,RU,Highway/Road/Alley/Street/Sidewalk,Street & Sidewalk,Blunt Object,Severe Laceration,C
198833037,179104195,2023-09-15,St. Paul,MN0620900,13A,B,B,N,F,22,,N,RU,Residence/Home,Home,Firearm,,C
201560257,181508783,2023-09-15,St. Paul,MN0620900,13A,B,B,N,M,54,,N,RU,Highway/Road/Alley/Street/Sidewalk,Street & Sidewalk,Handgun,,C
207093689,186331242,2023-09-15,St. Paul,MN0620900,13A,B,B,N,M,29,,N,RU,Highway/Road/Alley/Street/Sidewalk,Street & Sidewalk,Knife/Cutting Instrument,Other Major Injury;Severe Laceration,C
207093690,186331242,2023-09-15,St. Paul,MN0620900,13A,B,B,N,F,38,,N,RU,Highway/Road/Alley/Street/Sidewalk,Street & Sidewalk,Knife/Cutting Instrument,Other Major Injury;Possible Internal Injury;Severe Laceration,C
199101897,179345590,2023-09-16,St. Paul,MN0620900,13A,B,B,N,F,24,,N,RU,Highway/Road/Alley/Street/Sidewalk,Street & Sidewalk,Firearm,,C
199101910,179345603,2023-09-16,St. Paul,MN0620900,13A,H,W,H,U,37,,N,ST,Residence/Home,Home,Blunt Object,Severe Laceration,C
197138663,177618569,2023-09-17,St. Paul,MN0620900,13A,U,U,U,M,19,,N,AQ;RU,Restaurant,Restaurant,Blunt Object,Minor Injury,C
203076147,182827688,2023-09-18,St. Paul,MN0620900,13A,B,B,N,F,38,,Y,BG,Residence/Home,Home,Blunt Object,Minor Injury,C
207534357,186710568,2023-09-18,St. Paul,MN0620900,13A,B,B,N,M,48,,N,RU,Highway/Road/Alley/Street/Sidewalk,Street & Sidewalk,Firearm,Other Major Injury,C
201424354,181390126,2023-09-19,St. Paul,MN0620900,13A,B,B,N,F,25,,N,RU,Residence/Home,Home,Personal Weapons,Other Major Injury;Possible Internal Injury,C
204213951,183824729,2023-09-19,St. Paul,MN0620900,13A,B,B,U,M,44,,N,RU,Residence/Home,Home,Personal Weapons,Apparent Broken Bones;Loss of Teeth,C
207534359,186710569,2023-09-19,St. Paul,MN0620900,13A,B,B,N,M,32,,N,FR,Highway/Road/Alley/Street/Sidewalk,Street & Sidewalk,Knife/Cutting Instrument,Severe Laceration,C
209024342,188013033,2023-09-20,St. Paul,MN0620900,13A,B,B,N,M,35,,N,RU,Residence/Home,Home,Firearm,,C
209024344,188013034,2023-09-20,St. Paul,MN0620900,13A,A,A,N,M,17,,N,RU,Highway/Road/Alley/Street/Sidewalk,Street & Sidewalk,Firearm,Other Major Injury,C
197131521,177612249,2023-09-21,St. Paul,MN0620900,13A,W,W,N,F,25,,N,RU,Residence/Home,Home,Personal Weapons,Unconscious,C
197179091,177654085,2023-09-21,St. Paul,MN0620900,13A,B,B,U,F,44,,N,RU,Residence/Home,Home,Personal Weapons,Possible Internal Injury,C
197179159,177654145,2023-09-21,St. Paul,MN0620900,13A,B,B,U,F,18,,N,RU,Residence/Home,Home,Knife/Cutting Instrument,Minor Injury,C
197179184,177654167,2023-09-21,St. Paul,MN0620900,13A,B,B,U,M,21,,N,RU,Highway/Road/Alley/Street/Sidewalk,Street & Sidewalk,Knife/Cutting Instrument,Minor Injury,C
203076164,182827705,2023-09-21,St. Paul,MN0620900,13A,A,A,N,M,49,,N,RU,Residence/Home,Home,Firearm,,C
204641695,184195555,2023-09-21,St. Paul,MN0620900,13A,B,B,N,M,32,,N,RU,Residence/Home,Home,Firearm,Minor Injury,C
199836270,180003107,2023-09-22,St. Paul,MN0620900,13A,B,B,N,F,46,,N,RU,Residence/Home,Home,Blunt Object,Loss of Teeth,C
201581456,181527327,2023-09-22,St. Paul,MN0620900,13A,B,B,N,F,30,,Y,BG,Residence/Home,Home,Firearm,,C
205246212,184721120,2023-09-22,St. Paul,MN0620900,13A,A,A,N,F,52,,Y,BG,Residence/Home,Home,Knife/Cutting Instrument,Minor Injury,C
197179702,177654633,2023-09-23,St. Paul,MN0620900,13A,U,U,N,F,33,,N,RU,Residence/Home,Home,Knife/Cutting Instrument,,C
197179703,177654633,2023-09-23,St. Paul,MN0620900,13A,H,U,H,F,25,,N,RU,Residence/Home,Home,Knife/Cutting Instrument,,C
197179704,177654633,2023-09-23,St. Paul,MN0620900,13A,H,U,H,F,32,,N,RU,Residence/Home,Home,Knife/Cutting Instrument,,C
197179717,177654645,2023-09-24,St. Paul,MN0620900,13A,B,B,N,M,32,,N,RU,Highway/Road/Alley/Street/Sidewalk,Street & Sidewalk,Knife/Cutting Instrument,Other Major Injury,C
197179788,177654707,2023-09-24,St. Paul,MN0620900,13A,U,U,U,M,18,,N,RU,Field/Woods,Field & Woods,Blunt Object;Knife/Cutting Instrument,,C
197921304,178302916,2023-09-24,St. Paul,MN0620900,13A,U,U,U,F,21,,N,RU,Restaurant,Restaurant,Other,,C
198104026,178464606,2023-09-25,St. Paul,MN0620900,13A,B,B,U,M,63,,N,,Residence/Home,Home,Blunt Object,,C
201581457,181527328,2023-09-25,St. Paul,MN0620900,13A,B,B,N,F,49,,N,RU,Convenience Store,Convenience Store,Handgun;Personal Weapons,Minor Injury,C
207103581,186340110,2023-09-25,St. Paul,MN0620900,13A,W,W,N,F,35,,N,RU,Highway/Road/Alley/Street/Sidewalk,Street & Sidewalk,Personal Weapons,Severe Laceration;Unconscious,C
208548876,187602719,2023-09-25,St. Paul,MN0620900,13A,B,B,N,M,18,,N,RU,Residence/Home,Home,Firearm,Other Major Injury;Possible Internal Injury,C
197180870,177655669,2023-09-26,St. Paul,MN0620900,13A,B,B,N,M,33,,N,RU,Field/Woods,Field & Woods,Knife/Cutting Instrument,Severe Laceration,C
207027993,186274878,2023-09-26,St. Paul,MN0620900,13A,B,B,N,M,50,,N,RU,Residence/Home,Home,Blunt Object,Severe Laceration,C
197823888,178217265,2023-09-27,St. Paul,MN0620900,13A,B,B,U,F,22,,N,RU,Parking/Drop Lot/Garage,Parking Lot,Firearm,,C
198104290,178464802,2023-09-27,St. Paul,MN0620900,13A,A,A,N,M,37,,N,RU,Residence/Home,Home,Blunt Object,Minor Injury,C
208548878,187602720,2023-09-28,St. Paul,MN0620900,13A,U,U,U,M,18,,N,RU,Highway/Road/Alley/Street/Sidewalk,Street & Sidewalk,Firearm,,C
208548879,187602720,2023-09-28,St. Paul,MN0620900,13A,H,U,H,M,21,,N,RU,Highway/Road/Alley/Street/Sidewalk,Street & Sidewalk,Firearm,Severe Laceration,C
197752799,178156704,2023-09-29,St. Paul,MN0620900,13A,W,W,N,F,15,,N,RU;ST,Park/Playground,Park & Playground,Handgun,,C
207364179,186564266,2023-09-29,St. Paul,MN0620900,13A,B,B,U,F,39,,N,RU,Residence/Home,Home,Asphyxiation,Minor Injury,C
199381241,179595533,2023-09-30,St. Paul,MN0620900,13A,W,W,N,F,42,,Y,SE,Residence/Home,Home,Blunt Object,Severe Laceration,C
199381247,179595539,2023-09-30,St. Paul,MN0620900,13A,A,A,N,F,31,,N,RU,Residence/Home,Home,Asphyxiation,Minor Injury,C
200232189,180353433,2023-09-30,St. Paul,MN0620900,13A,B,B,N,M,28,,N,ST,Residence/Home,Home,Knife/Cutting Instrument,,C
201904125,181812306,2023-09-30,St. Paul,MN0620900,13A,W,W,N,F,43,,N,RU,Residence/Home,Home,Firearm,,C
206781178,186061341,2023-09-30,St. Paul,MN0620900,13A,U,U,U,M,19,,N,RU,Highway/Road/Alley/Street/Sidewalk,Street & Sidewalk,Handgun,,C
206781179,186061341,2023-09-30,St. Paul,MN0620900,13A,B,B,N,M,19,,N,RU,Highway/Road/Alley/Street/Sidewalk,Street & Sidewalk,Handgun,Other Major Injury,C
207877272,187010768,2023-09-30,St. Paul,MN0620900,13A,W,W,U,F,43,,N,RU,Highway/Road/Alley/Street/Sidewalk,Street & Sidewalk,Blunt Object,Other Major Injury,C
207877273,187010768,2023-09-30,St. Paul,MN0620900,13A,U,U,U,F,25,,N,RU,Highway/Road/Alley/Street/Sidewalk,Street & Sidewalk,Blunt Object,Other Major Injury,C
197447089,177890348,2023-10-01,St. Paul,MN0620900,13A,B,B,N,F,27,,N,RU,Highway/Road/Alley/Street/Sidewalk,Street & Sidewalk,Firearm,,C
198330716,178660146,2023-10-01,St. Paul,MN0620900,13A,H,W,H,F,23,,N,AQ,Residence/Home,Home,Knife/Cutting Instrument,Severe Laceration,C
199102182,179345867,2023-10-01,St. Paul,MN0620900,13A,B,B,N,F,17,,N,AQ,Residence/Home,Home,Blunt Object,Minor Injury,C
200661434,180727419,2023-10-01,St. Paul,MN0620900,13A,W,W,N,M,30,,N,RU,Highway/Road/Alley/Street/Sidewalk,Street & Sidewalk,Firearm,,C
198106443,178466544,2023-10-02,St. Paul,MN0620900,13A,B,B,N,M,45,,N,RU,Residence/Home,Home,Blunt Object,,C
200152231,180284304,2023-10-02,St. Paul,MN0620900,13A,W,W,U,F,38,,N,RU,Residence/Home,Home,Handgun,Minor Injury,C
197921661,178303251,2023-10-04,St. Paul,MN0620900,13A,B,B,U,M,37,,N,RU,Parking/Drop Lot/Garage,Parking Lot,Knife/Cutting Instrument,,C
201581463,181527332,2023-10-04,St. Paul,MN0620900,13A,W,W,N,F,40,,Y,BG,Highway/Road/Alley/Street/Sidewalk,Street & Sidewalk,Firearm,,C
204892094,184412267,2023-10-04,St. Paul,MN0620900,13A,W,W,U,F,56,,N,ST,Residence/Home,Home,Knife/Cutting Instrument,,C
210007063,188870739,2023-10-04,St. Paul,MN0620900,13A,B,B,U,F,13,,N,RU,Highway/Road/Alley/Street/Sidewalk,Street & Sidewalk,Firearm,Other Major Injury,C
210007065,188870739,2023-10-04,St. Paul,MN0620900,13A,B,B,N,F,15,,N,RU,Highway/Road/Alley/Street/Sidewalk,Street & Sidewalk,Firearm,Severe Laceration,C
210007066,188870739,2023-10-04,St. Paul,MN0620900,13A,U,U,U,F,19,,N,RU,Highway/Road/Alley/Street/Sidewalk,Street & Sidewalk,Firearm,Minor Injury,C
210007067,188870739,2023-10-04,St. Paul,MN0620900,13A,B,B,N,F,12,,N,RU,Highway/Road/Alley/Street/Sidewalk,Street & Sidewalk,Firearm,,C
198106815,178466870,2023-10-05,St. Paul,MN0620900,13A,B,B,N,F,50,,N,RU,Parking/Drop Lot/Garage,Parking Lot,Blunt Object,Minor Injury,C
198443089,178759213,2023-10-05,St. Paul,MN0620900,13A,B,B,N,F,40,,N,RU,Residence/Home,Home,Personal Weapons,Possible Internal Injury,C
199836452,180003270,2023-10-05,St. Paul,MN0620900,13A,B,B,N,F,46,,N,RU,Highway/Road/Alley/Street/Sidewalk,Street & Sidewalk,Handgun,,C
199836478,180003293,2023-10-05,St. Paul,MN0620900,13A,I,I,N,M,21,,N,RU,Highway/Road/Alley/Street/Sidewalk,Street & Sidewalk,Knife/Cutting Instrument,Severe Laceration,C
198106893,178466935,2023-10-06,St. Paul,MN0620900,13A,W,W,N,F,28,,N,RU,Residence/Home,Home,Personal Weapons,Loss of Teeth,C
200661475,180727453,2023-10-06,St. Paul,MN0620900,13A,W,W,N,M,55,,N,RU,Highway/Road/Alley/Street/Sidewalk,Street & Sidewalk,Firearm,,C
206801176,186079019,2023-10-06,St. Paul,MN0620900,13A,W,W,U,F,46,,N,RU,Residence/Home,Home,Knife/Cutting Instrument,,C
206801177,186079019,2023-10-06,St. Paul,MN0620900,13A,W,W,U,M,49,,N,RU,Residence/Home,Home,Knife/Cutting Instrument,Minor Injury,C
198107128,178467124,2023-10-07,St. Paul,MN0620900,13A,W,W,N,M,37,,N,AQ,Residence/Home,Home,Handgun,,C
198107224,178467190,2023-10-07,St. Paul,MN0620900,13A,W,W,N,F,69,,N,FR,Hotel/Motel/Etc.,Hotel & Motel,Knife/Cutting Instrument,,C
198193021,178541004,2023-10-07,St. Paul,MN0620900,13A,B,B,N,M,40,,N,AQ,Rental Storage Facility,Storage Facility,Handgun,Minor Injury,C
201829711,181746878,2023-10-07,St. Paul,MN0620900,13A,W,W,N,F,40,,N,ST,Residence/Home,Home,Other,Minor Injury,C
207007992,186256888,2023-10-07,St. Paul,MN0620900,13A,B,B,N,M,17,,N,RU,Highway/Road/Alley/Street/Sidewalk,Street & Sidewalk,Firearm,Other Major Injury,C
207408577,186602797,2023-10-08,St. Paul,MN0620900,13A,W,W,N,M,37,,N,RU,Residence/Home,Home,Firearm,,C
207408578,186602797,2023-10-08,St. Paul,MN0620900,13A,W,W,N,F,41,,N,RU,Residence/Home,Home,Firearm,,C
197923024,178304554,2023-10-09,St. Paul,MN0620900,13A,H,B,H,F,20,,N,RU,Parking/Drop Lot/Garage,Parking Lot,Handgun,,C
198105291,178465614,2023-10-09,St. Paul,MN0620900,13A,B,B,N,F,25,,N,RU,Residence/Home,Home,Blunt Object,Severe Laceration,C
200152315,180284375,2023-10-09,St. Paul,MN0620900,13A,B,B,N,M,32,,N,OK,School-Elementary/Secondary,K-12 School,Personal Weapons,Possible Internal Injury,C
201424495,181390242,2023-10-09,St. Paul,MN0620900,13A,W,W,U,M,33,,N,RU,Residence/Home,Home,Knife/Cutting Instrument,Minor Injury;Severe Laceration,C
206241670,185592673,2023-10-09,St. Paul,MN0620900,13A,U,U,N,F,20,,Y,BG,Residence/Home,Home,Unknown,,C
198107616,178467486,2023-10-10,St. Paul,MN0620900,13A,U,U,U,M,38,,N,RU,Residence/Home,Home,Knife/Cutting Instrument,Other Major Injury;Severe Laceration,C
204641986,184195796,2023-10-10,St. Paul,MN0620900,13A,B,B,U,F,33,,N,OF,Residence/Home,Home,Knife/Cutting Instrument,Other Major Injury,C
199102613,179346276,2023-10-11,St. Paul,MN0620900,13A,U,U,U,F,11,,N,ST,Other/Unknown,Other & Unknown,Firearm,,C
199102614,179346276,2023-10-11,St. Paul,MN0620900,13A,U,U,U,M,17,,N,ST,Other/Unknown,Other & Unknown,Firearm,,C
199381415,179595690,2023-10-11,St. Paul,MN0620900,13A,A,A,U,M,26,,N,FR,Highway/Road/Alley/Street/Sidewalk,Street & Sidewalk,Blunt Object;Personal Weapons,Severe Laceration;Unconscious,C
200152430,180284485,2023-10-11,St. Paul,MN0620900,13A,B,B,N,M,34,,N,RU,Highway/Road/Alley/Street/Sidewalk,Street & Sidewalk,Firearm,,C
207367011,186566749,2023-10-11,St. Paul,MN0620900,13A,B,B,N,M,24,,N,RU,Other/Unknown,Other & Unknown,Personal Weapons,Apparent Broken Bones;Loss of Teeth;Possible Internal Injury;Severe Laceration;Unconscious,C
208548882,187602722,2023-10-11,St. Paul,MN0620900,13A,B,B,N,F,22,,N,AQ;RU,Highway/Road/Alley/Street/Sidewalk,Street & Sidewalk,Handgun,Other Major Injury,C
198834992,179105952,2023-10-12,St. Paul,MN0620900,13A,U,U,U,F,36,,N,RU,Residence/Home,Home,Knife/Cutting Instrument,,C
199102627,179346289,2023-10-12,St. Paul,MN0620900,13A,W,W,N,M,45,,N,NE,Shelter-Mission/Homeless,Shelter,Personal Weapons,Severe Laceration,C
199553908,179753746,2023-10-12,St. Paul,MN0620900,13A,W,W,U,F,39,,N,RU,Residence/Home,Home,Personal Weapons,Possible Internal Injury;Severe Laceration,C
200661490,180727467,2023-10-13,St. Paul,MN0620900,13A,U,U,U,F,33,,N,ST,Highway/Road/Alley/Street/Sidewalk,Street & Sidewalk,Knife/Cutting Instrument,,C
207027819,186274740,2023-10-13,St. Paul,MN0620900,13A,B,B,U,M,72,,N,PA,Residence/Home,Home,Blunt Object,Minor Injury,C
203076195,182827734,2023-10-14,St. Paul,MN0620900,13A,B,B,N,M,53,,N,RU,Parking/Drop Lot/Garage,Parking Lot,Motor Vehicle/Vessel,Possible Internal Injury,C
207367012,186566750,2023-10-14,St. Paul,MN0620900,13A,B,B,N,F,33,,N,AQ,Residence/Home,Home,Knife/Cutting Instrument,Severe Laceration,C
208548890,187602728,2023-10-14,St. Paul,MN0620900,13A,W,W,N,F,40,,N,RU,Other/Unknown,Other & Unknown,Firearm,Other Major Injury,C
208548891,187602728,2023-10-14,St. Paul,MN0620900,13A,W,W,N,M,56,,N,RU,Other/Unknown,Other & Unknown,Firearm,,C
208548892,187602728,2023-10-14,St. Paul,MN0620900,13A,B,B,N,M,18,,N,RU,Other/Unknown,Other & Unknown,Firearm,,C
208548893,187602728,2023-10-14,St. Paul,MN0620900,13A,B,B,N,F,15,,N,RU,Other/Unknown,Other & Unknown,Firearm,,C
208548894,187602728,2023-10-14,St. Paul,MN0620900,13A,U,U,U,F,18,,N,RU,Other/Unknown,Other & Unknown,Firearm,,C
208548895,187602728,2023-10-14,St. Paul,MN0620900,13A,U,U,U,F,16,,N,RU,Other/Unknown,Other & Unknown,Firearm,,C
208548896,187602728,2023-10-14,St. Paul,MN0620900,13A,I,I,N,F,18,,N,RU,Other/Unknown,Other & Unknown,Firearm,Minor Injury,C
198835433,179106363,2023-10-15,St. Paul,MN0620900,13A,B,B,N,M,58,,N,RU,Residence/Home,Home,Knife/Cutting Instrument,,C
200152600,180284637,2023-10-15,St. Paul,MN0620900,13A,W,W,N,M,23,,N,RU,Residence/Home,Home,Knife/Cutting Instrument,,C
209104204,188082445,2023-10-15,St. Paul,MN0620900,13A,W,W,U,F,57,,N,RU,Bar/Nightclub,Bar & Nightclub,Firearm,Minor Injury,C
209764371,188661399,2023-10-15,St. Paul,MN0620900,13A,U,U,U,F,51,,N,RU,Residence/Home,Home,Knife/Cutting Instrument,Minor Injury,C
198835525,179106448,2023-10-16,St. Paul,MN0620900,13A,U,U,U,F,28,,N,RU,Residence/Home,Home,Unknown,Severe Laceration,C
199162360,179399959,2023-10-16,St. Paul,MN0620900,13A,H,W,H,M,19,,N,RU,Residence/Home,Home,Knife/Cutting Instrument,,C
199162685,179400239,2023-10-16,St. Paul,MN0620900,13A,A,A,N,M,12,,N,RU,Park/Playground,Park & Playground,Handgun,,C
200152614,180284651,2023-10-16,St. Paul,MN0620900,13A,B,B,N,F,13,,N,RU,Highway/Road/Alley/Street/Sidewalk,Street & Sidewalk,Firearm,,C
200152615,180284651,2023-10-16,St. Paul,MN0620900,13A,B,B,N,F,14,,N,RU,Highway/Road/Alley/Street/Sidewalk,Street & Sidewalk,Firearm,,C
200152616,180284651,2023-10-16,St. Paul,MN0620900,13A,U,U,U,F,20,,N,RU,Highway/Road/Alley/Street/Sidewalk,Street & Sidewalk,Firearm,,C
207121074,186355341,2023-10-16,St. Paul,MN0620900,13A,I,I,N,M,37,,N,RU,Residence/Home,Home,Handgun,Other Major Injury,C
199103071,179346708,2023-10-17,St. Paul,MN0620900,13A,W,W,N,M,29,,N,RU,Convenience Store,Convenience Store,Handgun,,C
203906314,183555812,2023-10-17,St. Paul,MN0620900,13A,H,W,H,M,29,,N,RU,Bar/Nightclub,Bar & Nightclub,Other;Personal Weapons,Severe Laceration,C
199253408,179483210,2023-10-18,St. Paul,MN0620900,13A,B,B,N,M,27,,N,RU,Residence/Home,Home,Knife/Cutting Instrument,Other Major Injury,C
199409418,179621068,2023-10-18,St. Paul,MN0620900,13A,B,B,N,F,31,,N,RU,Highway/Road/Alley/Street/Sidewalk,Street & Sidewalk,Personal Weapons,Possible Internal Injury,C
204057180,183687175,2023-10-18,St. Paul,MN0620900,13A,B,B,N,F,53,,N,AQ,Convenience Store,Convenience Store,Firearm,,C
199103147,179346780,2023-10-19,St. Paul,MN0620900,13A,B,B,U,F,23,,N,ST,Highway/Road/Alley/Street/Sidewalk,Street & Sidewalk,Other,,C
201581481,181527348,2023-10-19,St. Paul,MN0620900,13A,B,B,N,F,22,,Y,XR,Residence/Home,Home,Handgun;Personal Weapons,Minor Injury,C
206773324,186054799,2023-10-19,St. Paul,MN0620900,13A,U,U,U,M,,,N,RU,Highway/Road/Alley/Street/Sidewalk,Street & Sidewalk,Drugs/Narcotics/Sleeping Pills;Other,,C
207027821,186274742,2023-10-19,St. Paul,MN0620900,13A,B,B,N,F,53,,N,OK;RU,Highway/Road/Alley/Street/Sidewalk,Street & Sidewalk,Firearm,,C
207027822,186274742,2023-10-19,St. Paul,MN0620900,13A,B,B,N,M,3,,N,RU,Highway/Road/Alley/Street/Sidewalk,Street & Sidewalk,Firearm,,C
207027823,186274742,2023-10-19,St. Paul,MN0620900,13A,B,B,N,F,23,,N,OK;RU,Highway/Road/Alley/Street/Sidewalk,Street & Sidewalk,Firearm,,C
199836744,180003543,2023-10-20,St. Paul,MN0620900,13A,B,B,N,F,21,,N,RU,Residence/Home,Home,Personal Weapons,Possible Internal Injury,C
199836770,180003566,2023-10-20,St. Paul,MN0620900,13A,B,B,N,F,35,,N,SC,Residence/Home,Home,Asphyxiation;Personal Weapons,Minor Injury,C
201104238,181112675,2023-10-20,St. Paul,MN0620900,13A,B,B,N,M,16,,N,RU,Highway/Road/Alley/Street/Sidewalk,Street & Sidewalk,Other Firearm,,C
201104239,181112675,2023-10-20,St. Paul,MN0620900,13A,B,B,N,M,10,,N,RU,Highway/Road/Alley/Street/Sidewalk,Street & Sidewalk,Other Firearm,,C
201104240,181112675,2023-10-20,St. Paul,MN0620900,13A,B,B,N,M,16,,N,RU,Highway/Road/Alley/Street/Sidewalk,Street & Sidewalk,Other Firearm,,C
203076210,182827746,2023-10-20,St. Paul,MN0620900,13A,B,B,N,M,16,,N,RU,Highway/Road/Alley/Street/Sidewalk,Street & Sidewalk,Asphyxiation;Blunt Object;Personal Weapons,Minor Injury,C
203076211,182827746,2023-10-20,St. Paul,MN0620900,13A,B,B,N,F,14,,N,RU,Highway/Road/Alley/Street/Sidewalk,Street & Sidewalk,Asphyxiation;Blunt Object;Personal Weapons,Minor Injury,C
203076212,182827746,2023-10-20,St. Paul,MN0620900,13A,B,B,N,M,17,,N,RU,Highway/Road/Alley/Street/Sidewalk,Street & Sidewalk,Asphyxiation;Blunt Object;Personal Weapons,Minor Injury,C
207534360,186710570,2023-10-20,St. Paul,MN0620900,13A,W,W,N,F,37,,N,RU,Residence/Home,Home,Handgun,,C
209104208,188082447,2023-10-20,St. Paul,MN0620900,13A,B,B,N,F,18,,N,FR;OK,Highway/Road/Alley/Street/Sidewalk,Street & Sidewalk,Blunt Object;Personal Weapons,Minor Injury,C
201829772,181746935,2023-10-21,St. Paul,MN0620900,13A,A,A,N,M,22,,N,RU,Bar/Nightclub,Bar & Nightclub,Blunt Object,Possible Internal Injury;Severe Laceration,C
202143800,182019656,2023-10-21,St. Paul,MN0620900,13A,W,W,N,F,46,,N,RU,Highway/Road/Alley/Street/Sidewalk,Street & Sidewalk,Other,Severe Laceration,C
200152629,180284662,2023-10-22,St. Paul,MN0620900,13A,B,B,N,F,40,,N,FR,Highway/Road/Alley/Street/Sidewalk,Street & Sidewalk,Motor Vehicle/Vessel,Minor Injury,C
201904249,181812410,2023-10-22,St. Paul,MN0620900,13A,W,W,N,M,34,,N,RU,Highway/Road/Alley/Street/Sidewalk,Street & Sidewalk,Unknown,,C
207103582,186340111,2023-10-22,St. Paul,MN0620900,13A,B,B,N,F,20,,Y,BG,Residence/Home,Home,Personal Weapons,Possible Internal Injury,C
207103583,186340111,2023-10-22,St. Paul,MN0620900,13A,B,B,N,F,31,,N,RU,Residence/Home,Home,Personal Weapons,Severe Laceration,C
199163584,179401065,2023-10-23,St. Paul,MN0620900,13A,W,W,N,M,33,,N,RU,Highway/Road/Alley/Street/Sidewalk,Street & Sidewalk,Firearm,,C
199382338,179596556,2023-10-23,St. Paul,MN0620900,13A,W,W,N,F,51,,N,RU,Residence/Home,Home,Handgun,,C
200337075,180443218,2023-10-23,St. Paul,MN0620900,13A,B,B,U,M,14,,N,RU,School-Elementary/Secondary,K-12 School,Personal Weapons,Other Major Injury,C
207000046,186250094,2023-10-23,St. Paul,MN0620900,13A,W,W,U,M,34,,N,RU,Restaurant,Restaurant,Firearm,,C
207000047,186250094,2023-10-23,St. Paul,MN0620900,13A,U,U,U,M,62,,N,RU,Restaurant,Restaurant,Firearm,,C
207612991,186779586,2023-10-23,St. Paul,MN0620900,13A,W,W,U,M,37,,N,RU,Parking/Drop Lot/Garage,Parking Lot,Firearm,Possible Internal Injury,C
200152640,180284672,2023-10-24,St. Paul,MN0620900,13A,B,B,N,M,49,,N,RU,Highway/Road/Alley/Street/Sidewalk,Street & Sidewalk,Personal Weapons,Apparent Broken Bones;Unconscious,C
201424638,181390370,2023-10-24,St. Paul,MN0620900,13A,U,U,U,M,28,,N,RU,Other/Unknown,Other & Unknown,Handgun,,C
201777185,181700607,2023-10-24,St. Paul,MN0620900,13A,W,W,U,M,39,,N,RU,Shelter-Mission/Homeless,Shelter,Knife/Cutting Instrument,Severe Laceration,C
201829811,181746972,2023-10-25,St. Paul,MN0620900,13A,B,B,N,F,17,,N,AQ,Residence/Home,Home,Blunt Object,,C
203906366,183555858,2023-10-25,St. Paul,MN0620900,13A,W,W,N,M,26,,N,RU,Highway/Road/Alley/Street/Sidewalk,Street & Sidewalk,Personal Weapons,Apparent Broken Bones;Possible Internal Injury,C
205202456,184683016,2023-10-25,St. Paul,MN0620900,13A,W,W,N,M,39,,N,ST,Shopping Mall,Shopping Mall,Knife/Cutting Instrument,,C
207121117,186355383,2023-10-27,St. Paul,MN0620900,13A,H,U,H,M,26,,N,ST,Service/Gas Station,Gas Station,Knife/Cutting Instrument,,C
210003618,188867796,2023-10-27,St. Paul,MN0620900,13A,A,A,N,M,49,,N,RU,Residence/Home,Home,Firearm,Minor Injury,C
210003619,188867796,2023-10-27,St. Paul,MN0620900,13A,A,A,N,F,20,,N,RU,Residence/Home,Home,Firearm,,C
201424648,181390380,2023-10-28,St. Paul,MN0620900,13A,H,W,H,F,20,,Y,OF;SE,Residence/Home,Home,Knife/Cutting Instrument,Minor Injury,C
201677019,181610830,2023-10-28,St. Paul,MN0620900,13A,W,W,N,F,21,,N,ST,Drug Store/Doctor's Office/Hospital,Hospital & Clinic,Blunt Object;Personal Weapons,Minor Injury,C
201777218,181700635,2023-10-28,St. Paul,MN0620900,13A,H,W,H,F,54,,N,RU,Residence/Home,Home,Firearm,,C
201777219,181700635,2023-10-28,St. Paul,MN0620900,13A,H,W,H,F,17,,N,RU,Residence/Home,Home,Firearm,,C
201777220,181700635,2023-10-28,St. Paul,MN0620900,13A,H,W,H,F,52,,N,RU,Residence/Home,Home,Firearm,,C
203076243,182827774,2023-10-28,St. Paul,MN0620900,13A,B,B,U,M,28,,N,RU,Other/Unknown,Other & Unknown,Personal Weapons,Possible Internal Injury;Unconscious,C
209104209,188082448,2023-10-28,St. Paul,MN0620900,13A,W,W,N,F,40,,N,RU,Residence/Home,Home,Blunt Object,Apparent Broken Bones,C
210007070,188870741,2023-10-28,St. Paul,MN0620900,13A,B,B,N,M,30,,N,AQ;RU,Service/Gas Station,Gas Station,Firearm,Other Major Injury;Possible Internal Injury,C
199695433,179880239,2023-10-29,St. Paul,MN0620900,13A,W,W,N,M,21,,N,RU,Residence/Home,Home,Knife/Cutting Instrument,Severe Laceration,C
200421291,180517508,2023-10-29,St. Paul,MN0620900,13A,B,B,N,M,21,,N,RU,Residence/Home,Home,Firearm,Other Major Injury;Possible Internal Injury,C
200564929,180643743,2023-10-29,St. Paul,MN0620900,13A,W,W,N,M,46,,N,RU,Parking/Drop Lot/Garage,Parking Lot,Knife/Cutting Instrument,Other Major Injury,C
200661520,180727494,2023-10-29,St. Paul,MN0620900,13A,A,A,N,M,29,,N,RU,Park/Playground,Park & Playground,Firearm,Possible Internal Injury,C
210148653,188994431,2023-10-29,St. Paul,MN0620900,13A,B,B,U,M,23,,N,RU,Commercial/Office Building,Office Building,Firearm,Minor Injury,C
210148654,188994431,2023-10-29,St. Paul,MN0620900,13A,B,B,N,M,18,,N,RU,Commercial/Office Building,Office Building,Firearm,Other Major Injury,C
201424654,181390386,2023-10-30,St. Paul,MN0620900,13A,W,W,N,F,49,,N,RU,Residence/Home,Home,Blunt Object;Personal Weapons,Apparent Broken Bones,C
199695910,179880650,2023-10-31,St. Paul,MN0620900,13A,W,W,N,M,21,,N,RU,Residence/Home,Home,Knife/Cutting Instrument;Personal Weapons,Minor Injury,C
201104450,181112848,2023-10-31,St. Paul,MN0620900,13A,B,B,U,F,31,,N,RU,Highway/Road/Alley/Street/Sidewalk,Street & Sidewalk,Knife/Cutting Instrument,Other Major Injury;Severe Laceration,C
204641720,184195574,2023-10-31,St. Paul,MN0620900,13A,B,B,N,F,21,,Y,BG,Residence/Home,Home,Asphyxiation;Personal Weapons,Possible Internal Injury;Unconscious,C
200152724,180284742,2023-11-01,St. Paul,MN0620900,13A,H,U,H,F,56,,N,RU,Residence/Home,Home,Blunt Object,,C
201474842,181433884,2023-11-01,St. Paul,MN0620900,13A,W,W,U,U,38,,Y,BG,Highway/Road/Alley/Street/Sidewalk,Street & Sidewalk,Blunt Object,Minor Injury;Severe Laceration,C
209764401,188661423,2023-11-01,St. Paul,MN0620900,13A,B,B,N,F,26,,Y,BG,Residence/Home,Home,,,C
201474849,181433891,2023-11-02,St. Paul,MN0620900,13A,B,B,N,F,49,,N,AQ,Park/Playground,Park & Playground,Blunt Object,Minor Injury,C
204869205,184392290,2023-11-02,St. Paul,MN0620900,13A,B,B,N,F,59,,N,RU,Residence/Home,Home,Motor Vehicle/Vessel,,C
200152762,180284778,2023-11-03,St. Paul,MN0620900,13A,B,B,N,F,44,,N,NE,Residence/Home,Home,Firearm,,C
201474859,181433901,2023-11-03,St. Paul,MN0620900,13A,B,B,N,M,42,,N,RU,Highway/Road/Alley/Street/Sidewalk,Street & Sidewalk,Firearm,,C
202479815,182309392,2023-11-03,St. Paul,MN0620900,13A,H,U,H,M,48,,N,RU,Residence/Home,Home,Personal Weapons,Possible Internal Injury,C
201966273,181866258,2023-11-04,St. Paul,MN0620900,13A,W,W,N,F,40,,Y,BG,Highway/Road/Alley/Street/Sidewalk,Street & Sidewalk,Asphyxiation;Personal Weapons,Possible Internal Injury,C
200153735,180285639,2023-11-05,St. Paul,MN0620900,13A,H,U,H,M,61,,N,NE,Residence/Home,Home,Blunt Object,Other Major Injury,C
201424776,181390502,2023-11-05,St. Paul,MN0620900,13A,B,B,U,F,37,,N,RU,Residence/Home,Home,Firearm,,C
201424781,181390506,2023-11-05,St. Paul,MN0620900,13A,W,W,N,F,53,,N,PA,Residence/Home,Home,Blunt Object,Minor Injury,C
201446485,181409280,2023-11-05,St. Paul,MN0620900,13A,B,B,N,M,18,,N,RU,Other/Unknown,Other & Unknown,Firearm,Other Major Injury,C
201829854,181747001,2023-11-05,St. Paul,MN0620900,13A,H,A,H,M,57,,N,RU,Residence/Home,Home,Knife/Cutting Instrument,,C
201829855,181747001,2023-11-05,St. Paul,MN0620900,13A,A,A,N,M,28,,N,RU,Residence/Home,Home,Knife/Cutting Instrument,,C
206046341,185423702,2023-11-05,St. Paul,MN0620900,13A,B,B,U,F,26,,N,AQ,Residence/Home,Home,Handgun,,C
206046342,185423702,2023-11-05,St. Paul,MN0620900,13A,B,B,N,F,22,,N,CH,Residence/Home,Home,Handgun,,C
200233807,180354844,2023-11-06,St. Paul,MN0620900,13A,W,W,N,M,54,,N,RU,Highway/Road/Alley/Street/Sidewalk,Street & Sidewalk,Knife/Cutting Instrument,,C
201474872,181433911,2023-11-06,St. Paul,MN0620900,13A,B,B,N,F,27,,Y,XR,Residence/Home,Home,Asphyxiation,Unconscious,C
201560387,181508838,2023-11-06,St. Paul,MN0620900,13A,B,B,N,M,32,,N,RU,Residence/Home,Home,Knife/Cutting Instrument,Minor Injury,C
201424890,181390606,2023-11-07,St. Paul,MN0620900,13A,U,U,U,M,67,,N,AQ,Highway/Road/Alley/Street/Sidewalk,Street & Sidewalk,Other,Minor Injury,C
207367420,186567087,2023-11-07,St. Paul,MN0620900,13A,H,U,H,F,17,,Y,BG;RU,Highway/Road/Alley/Street/Sidewalk,Street & Sidewalk,Firearm;Handgun,,C
201425020,181390716,2023-11-08,St. Paul,MN0620900,13A,B,B,N,M,53,,N,RU,Church/Synagogue/Temple/Mosque,Religious Building,Motor Vehicle/Vessel,,C
200424942,180520690,2023-11-09,St. Paul,MN0620900,13A,U,U,U,M,,,N,RU,Other/Unknown,Other & Unknown,Rifle,,C
200424943,180520690,2023-11-09,St. Paul,MN0620900,13A,U,U,U,M,,,N,RU,Other/Unknown,Other & Unknown,Rifle,,C
200424944,180520690,2023-11-09,St. Paul,MN0620900,13A,U,U,U,M,,,N,RU,Other/Unknown,Other & Unknown,Rifle,,C
200424945,180520690,2023-11-09,St. Paul,MN0620900,13A,U,U,U,F,,,N,RU,Other/Unknown,Other & Unknown,Rifle,,C
200424946,180520690,2023-11-09,St. Paul,MN0620900,13A,U,U,U,F,,,N,RU,Other/Unknown,Other & Unknown,Rifle,,C
200424947,180520690,2023-11-09,St. Paul,MN0620900,13A,U,U,U,M,,,N,RU,Other/Unknown,Other & Unknown,Rifle,,C
201425068,181390758,2023-11-09,St. Paul,MN0620900,13A,B,B,N,F,34,,N,RU,Residence/Home,Home,Personal Weapons,Severe Laceration,C
201425101,181390789,2023-11-09,St. Paul,MN0620900,13A,W,W,N,F,33,,Y,SE,Highway/Road/Alley/Street/Sidewalk,Street & Sidewalk,Knife/Cutting Instrument;Personal Weapons,Minor Injury,C
201153886,181155252,2023-11-11,St. Paul,MN0620900,13A,B,B,N,F,25,,N,RU,Highway/Road/Alley/Street/Sidewalk,Street & Sidewalk,Knife/Cutting Instrument,Other Major Injury,C
201446502,181409296,2023-11-11,St. Paul,MN0620900,13A,B,B,N,M,19,,N,RU,Service/Gas Station,Gas Station,Other,Severe Laceration,C
201474884,181433922,2023-11-11,St. Paul,MN0620900,13A,B,B,N,F,39,,Y,BG,Residence/Home,Home,Personal Weapons,Apparent Broken Bones;Unconscious,C
207837950,186976626,2023-11-13,St. Paul,MN0620900,13A,B,B,N,M,22,,N,RU,Highway/Road/Alley/Street/Sidewalk,Street & Sidewalk,Firearm,,C
201446514,181409307,2023-11-14,St. Paul,MN0620900,13A,B,B,N,M,20,,N,RU,Residence/Home,Home,Handgun,Apparent Broken Bones,C
201474892,181433930,2023-11-14,St. Paul,MN0620900,13A,A,A,N,M,30,,N,NE,Residence/Home,Home,Knife/Cutting Instrument,,C
200876340,180910954,2023-11-15,St. Paul,MN0620900,13A,U,U,U,M,,,N,RU,Highway/Road/Alley/Street/Sidewalk,Street & Sidewalk,Firearm,,C
200876341,180910955,2023-11-15,St. Paul,MN0620900,13A,B,B,N,M,26,,N,RU,Residence/Home,Home,Firearm,,C
201425370,181391035,2023-11-16,St. Paul,MN0620900,13A,W,W,N,F,45,,N,RU,Highway/Road/Alley/Street/Sidewalk,Street & Sidewalk,Firearm,,C
201425373,181391038,2023-11-16,St. Paul,MN0620900,13A,B,B,N,M,25,,N,AQ,Other/Unknown,Other & Unknown,Firearm,,C
201829876,181747020,2023-11-16,St. Paul,MN0620900,13A,A,A,N,M,30,,N,RU,Parking/Drop Lot/Garage,Parking Lot,Firearm,Minor Injury,C
204001152,183638699,2023-11-16,St. Paul,MN0620900,13A,B,B,N,F,25,,Y,BG,Residence/Home,Home,Firearm,Minor Injury,C
201106110,181114200,2023-11-17,St. Paul,MN0620900,13A,W,W,N,M,29,,N,RU,Specialty Store,Specialty Store,Firearm,,C
201581664,181527516,2023-11-17,St. Paul,MN0620900,13A,W,W,N,F,27,,Y,BG,Residence/Home,Home,Asphyxiation;Personal Weapons,Minor Injury,C
201966282,181866267,2023-11-17,St. Paul,MN0620900,13A,B,B,N,F,20,,Y,BG,Residence/Home,Home,Asphyxiation;Personal Weapons,Minor Injury,C
201682885,181616070,2023-11-18,St. Paul,MN0620900,13A,B,B,N,M,36,,N,RU,Highway/Road/Alley/Street/Sidewalk,Street & Sidewalk,Handgun,,C
202319101,182171893,2023-11-19,St. Paul,MN0620900,13A,B,B,N,M,24,,Y,BG,Residence/Home,Home,Blunt Object,Minor Injury,C
201425793,181391408,2023-11-20,St. Paul,MN0620900,13A,B,B,N,M,36,,N,RU,Residence/Home,Home,Knife/Cutting Instrument,Minor Injury,C
204405355,183990424,2023-11-20,St. Paul,MN0620900,13A,U,U,N,F,22,,Y,BG,Other/Unknown,Other & Unknown,Blunt Object,Other Major Injury,C
209850442,188736434,2023-11-20,St. Paul,MN0620900,13A,B,B,N,M,49,,N,RU,Highway/Road/Alley/Street/Sidewalk,Street & Sidewalk,Firearm,,C
201904352,181812501,2023-11-22,St. Paul,MN0620900,13A,W,W,N,F,39,,N,RU,Residence/Home,Home,Handgun,,C
206562556,185872307,2023-11-22,St. Paul,MN0620900,13A,B,B,U,M,31,,Y,XR,Convenience Store,Convenience Store,Unknown,Minor Injury,C
207948716,187072814,2023-11-23,St. Paul,MN0620900,13A,B,B,N,F,26,,N,RU,Residence/Home,Home,Firearm;Personal Weapons,Severe Laceration,C
207948717,187072814,2023-11-23,St. Paul,MN0620900,13A,B,B,N,F,29,,N,RU,Residence/Home,Home,Firearm;Personal Weapons,Possible Internal Injury,C
209850446,188736436,2023-11-23,St. Paul,MN0620900,13A,A,A,N,M,49,,N,RU,Residence/Home,Home,Firearm,,C
209850447,188736436,2023-11-23,St. Paul,MN0620900,13A,A,A,N,F,24,,N,RU,Residence/Home,Home,Firearm,,C
201425941,181391545,2023-11-25,St. Paul,MN0620900,13A,B,B,N,F,34,,N,RU,Highway/Road/Alley/Street/Sidewalk,Street & Sidewalk,Firearm,,C
203076364,182827888,2023-11-25,St. Paul,MN0620900,13A,A,A,N,M,18,,N,RU,Highway/Road/Alley/Street/Sidewalk,Street & Sidewalk,Other,Minor Injury,C
201425956,181391560,2023-11-26,St. Paul,MN0620900,13A,U,U,U,F,40,,N,RU,Residence/Home,Home,Blunt Object,Minor Injury,C
201446775,181409534,2023-11-26,St. Paul,MN0620900,13A,B,B,N,F,32,,N,RU,Residence/Home,Home,Knife/Cutting Instrument,Minor Injury,C
206113901,185481727,2023-11-26,St. Paul,MN0620900,13A,W,W,U,M,45,,N,RU,Residence/Home,Home,Blunt Object,Minor Injury,C
207121155,186355421,2023-11-26,St. Paul,MN0620900,13A,U,U,N,M,30,,N,RU,Bar/Nightclub,Bar & Nightclub,Personal Weapons,Apparent Broken Bones,C
207877281,187010776,2023-11-26,St. Paul,MN0620900,13A,B,B,N,M,26,,N,RU,Residence/Home,Home,Firearm,Minor Injury,C
201683093,181616259,2023-11-27,St. Paul,MN0620900,13A,B,B,N,F,34,,Y,SE,Residence/Home,Home,Asphyxiation,Unconscious,C
202143957,182019797,2023-11-28,St. Paul,MN0620900,13A,B,B,N,M,22,,N,RU,Service/Gas Station,Gas Station,Knife/Cutting Instrument,Minor Injury,C
203543509,183233109,2023-11-28,St. Paul,MN0620900,13A,U,U,U,M,41,,N,RU,Parking/Drop Lot/Garage,Parking Lot,Firearm,,C
207704352,186859854,2023-11-28,St. Paul,MN0620900,13A,B,B,N,M,31,,N,RU,Residence/Home,Home,Firearm,,C
207704353,186859854,2023-11-28,St. Paul,MN0620900,13A,B,B,N,M,14,,N,RU,Residence/Home,Home,Firearm,,C
207704354,186859854,2023-11-28,St. Paul,MN0620900,13A,U,U,U,M,6,,N,RU,Residence/Home,Home,Firearm,,C
207704355,186859854,2023-11-28,St. Paul,MN0620900,13A,U,U,U,M,2,,N,RU,Residence/Home,Home,Firearm,,C
207704356,186859854,2023-11-28,St. Paul,MN0620900,13A,B,B,N,F,29,,N,RU,Residence/Home,Home,Firearm,,C
207704357,186859854,2023-11-28,St. Paul,MN0620900,13A,U,U,U,F,11,,N,RU,Residence/Home,Home,Firearm,,C
207704358,186859854,2023-11-28,St. Paul,MN0620900,13A,U,U,U,F,4,,N,RU,Residence/Home,Home,Firearm,,C
204214624,183825343,2023-11-29,St. Paul,MN0620900,13A,W,W,N,M,51,,N,RU,Highway/Road/Alley/Street/Sidewalk,Street & Sidewalk,Knife/Cutting Instrument,,C
204869210,184392294,2023-11-29,St. Paul,MN0620900,13A,H,U,H,M,22,,N,RU;ST,Hotel/Motel/Etc.,Hotel & Motel,Personal Weapons,Possible Internal Injury,C
205140036,184628001,2023-11-29,St. Paul,MN0620900,13A,W,W,N,M,54,,Y,XR,Highway/Road/Alley/Street/Sidewalk,Street & Sidewalk,Blunt Object,Minor Injury,C
205604513,185034146,2023-11-29,St. Paul,MN0620900,13A,H,U,H,F,28,,Y,XR,Residence/Home,Home,Handgun,,C
207517623,186695915,2023-11-29,St. Paul,MN0620900,13A,W,W,N,M,32,,N,RU,Highway/Road/Alley/Street/Sidewalk,Street & Sidewalk,Handgun,,C
207517624,186695915,2023-11-29,St. Paul,MN0620900,13A,W,W,N,F,31,,N,RU,Highway/Road/Alley/Street/Sidewalk,Street & Sidewalk,Handgun,,C
209764373,188661401,2023-11-29,St. Paul,MN0620900,13A,B,B,N,M,45,,N,RU,Highway/Road/Alley/Street/Sidewalk,Street & Sidewalk,Firearm,Other Major Injury,C
201682652,181615853,2023-11-30,St. Paul,MN0620900,13A,B,B,N,F,51,,N,FR,Residence/Home,Home,Firearm,,C
201682665,181615865,2023-11-30,St. Paul,MN0620900,13A,B,B,N,M,55,,N,RU,Residence/Home,Home,Knife/Cutting Instrument,Minor Injury,C
210067308,188923593,2023-11-30,St. Paul,MN0620900,13A,U,U,U,F,36,,N,ST,Highway/Road/Alley/Street/Sidewalk,Street & Sidewalk,Firearm,,C
210067309,188923593,2023-11-30,St. Paul,MN0620900,13A,B,B,N,M,38,,N,RU,Highway/Road/Alley/Street/Sidewalk,Street & Sidewalk,Firearm,Other Major Injury,C
210067310,188923593,2023-11-30,St. Paul,MN0620900,13A,B,B,N,M,7,,N,ST,Highway/Road/Alley/Street/Sidewalk,Street & Sidewalk,Firearm,,C
201966317,181866297,2023-12-01,St. Paul,MN0620900,13A,B,B,N,M,64,,Y,XR,Residence/Home,Home,Knife/Cutting Instrument,,C
201966321,181866301,2023-12-01,St. Paul,MN0620900,13A,H,W,H,F,26,,Y,BG,Residence/Home,Home,Asphyxiation,Minor Injury,C
206801261,186079089,2023-12-02,St. Paul,MN0620900,13A,B,B,N,F,49,,Y,BG,Residence/Home,Home,Knife/Cutting Instrument;Personal Weapons,Unconscious,C
206801262,186079089,2023-12-02,St. Paul,MN0620900,13A,U,U,U,F,21,,N,OK,Residence/Home,Home,Knife/Cutting Instrument;Personal Weapons,,C
202480852,182310248,2023-12-03,St. Paul,MN0620900,13A,B,B,N,F,22,,N,RU,Residence/Home,Home,Asphyxiation,Minor Injury,C
203544420,183233891,2023-12-03,St. Paul,MN0620900,13A,B,B,N,M,49,,N,OK,Residence/Home,Home,Handgun,,C
206592280,185898698,2023-12-03,St. Paul,MN0620900,13A,W,W,N,F,35,,N,AQ,Highway/Road/Alley/Street/Sidewalk,Street & Sidewalk,Blunt Object,Minor Injury,C
202481060,182310427,2023-12-04,St. Paul,MN0620900,13A,B,B,N,M,36,,N,AQ,Residence/Home,Home,Blunt Object,Severe Laceration,C
203544705,183234150,2023-12-04,St. Paul,MN0620900,13A,U,U,U,F,12,,N,RU,School-Elementary/Secondary,K-12 School,Firearm,,C
201966352,181866330,2023-12-05,St. Paul,MN0620900,13A,B,B,N,F,49,,Y,BG,Highway/Road/Alley/Street/Sidewalk,Street & Sidewalk,Handgun;Personal Weapons,Possible Internal Injury,C
201966353,181866330,2023-12-05,St. Paul,MN0620900,13A,B,B,N,F,47,,N,AQ,Highway/Road/Alley/Street/Sidewalk,Street & Sidewalk,Handgun;Personal Weapons,,C
207103840,186340342,2023-12-05,St. Paul,MN0620900,13A,W,W,U,F,37,,N,RU,Drug Store/Doctor's Office/Hospital,Hospital & Clinic,Handgun,,C
207103841,186340342,2023-12-05,St. Paul,MN0620900,13A,U,U,U,M,23,,N,RU,Drug Store/Doctor's Office/Hospital,Hospital & Clinic,Handgun,,C
207103842,186340342,2023-12-05,St. Paul,MN0620900,13A,U,U,U,M,25,,N,RU,Drug Store/Doctor's Office/Hospital,Hospital & Clinic,Handgun,,C
207103843,186340342,2023-12-05,St. Paul,MN0620900,13A,U,U,U,M,32,,N,RU,Drug Store/Doctor's Office/Hospital,Hospital & Clinic,Handgun,,C
207103844,186340342,2023-12-05,St. Paul,MN0620900,13A,U,U,U,M,26,,N,RU,Drug Store/Doctor's Office/Hospital,Hospital & Clinic,Handgun,,C
207367013,186566751,2023-12-05,St. Paul,MN0620900,13A,B,B,N,F,21,,N,RU,Residence/Home,Home,Knife/Cutting Instrument;Personal Weapons,,C
207367014,186566751,2023-12-05,St. Paul,MN0620900,13A,B,B,N,F,49,,N,RU,Residence/Home,Home,Knife/Cutting Instrument;Personal Weapons,Minor Injury,C
202144297,182020092,2023-12-06,St. Paul,MN0620900,13A,B,B,N,M,38,,N,AQ,Residence/Home,Home,Knife/Cutting Instrument,,C
203126815,182873292,2023-12-06,St. Paul,MN0620900,13A,U,U,U,M,35,,N,RU,Highway/Road/Alley/Street/Sidewalk,Street & Sidewalk,Knife/Cutting Instrument,Severe Laceration,C
204058324,183688168,2023-12-07,St. Paul,MN0620900,13A,B,B,U,F,23,,N,RU,Highway/Road/Alley/Street/Sidewalk,Street & Sidewalk,Firearm,,C
204058417,183688244,2023-12-07,St. Paul,MN0620900,13A,B,B,N,M,28,,N,FR,Residence/Home,Home,Firearm,Minor Injury,C
204881031,184402665,2023-12-07,St. Paul,MN0620900,13A,B,B,N,M,41,,N,RU,Highway/Road/Alley/Street/Sidewalk,Street & Sidewalk,Firearm;Motor Vehicle/Vessel,,C
204881032,184402665,2023-12-07,St. Paul,MN0620900,13A,W,W,N,F,38,,Y,BG,Highway/Road/Alley/Street/Sidewalk,Street & Sidewalk,Firearm;Motor Vehicle/Vessel,,C
203076626,182828126,2023-12-08,St. Paul,MN0620900,13A,B,B,N,M,29,,N,RU,Highway/Road/Alley/Street/Sidewalk,Street & Sidewalk,Unknown,Severe Laceration,C
204058490,183688303,2023-12-08,St. Paul,MN0620900,13A,H,W,H,M,30,,N,RU,Highway/Road/Alley/Street/Sidewalk,Street & Sidewalk,Firearm,Other Major Injury;Possible Internal Injury,C
205103062,184595967,2023-12-08,St. Paul,MN0620900,13A,W,W,N,F,51,,N,RU,Residence/Home,Home,Blunt Object,Minor Injury,C
210054802,188912902,2023-12-08,St. Paul,MN0620900,13A,B,B,N,F,55,,N,RU,Highway/Road/Alley/Street/Sidewalk,Street & Sidewalk,Personal Weapons,Loss of Teeth;Unconscious,C
207027994,186274879,2023-12-09,St. Paul,MN0620900,13A,B,B,N,M,52,,N,RU,Residence/Home,Home,Knife/Cutting Instrument;Other,Minor Injury,C
207027995,186274879,2023-12-09,St. Paul,MN0620900,13A,B,B,N,F,54,,N,RU,Residence/Home,Home,Knife/Cutting Instrument;Other,Possible Internal Injury;Unconscious,C
209850450,188736438,2023-12-09,St. Paul,MN0620900,13A,W,W,N,M,38,,N,RU,Hotel/Motel/Etc.,Hotel & Motel,Handgun,Other Major Injury,C
202237936,182101771,2023-12-10,St. Paul,MN0620900,13A,B,B,N,F,51,,N,RU,Residence/Home,Home,Asphyxiation;Personal Weapons,Minor Injury,C
202482536,182311722,2023-12-10,St. Paul,MN0620900,13A,B,B,N,M,45,,N,RU,Highway/Road/Alley/Street/Sidewalk,Street & Sidewalk,Knife/Cutting Instrument,Severe Laceration,C
202482596,182311778,2023-12-10,St. Paul,MN0620900,13A,B,B,U,F,28,,Y,BG,Residence/Home,Home,Firearm,,C
203672205,183348354,2023-12-10,St. Paul,MN0620900,13A,U,U,U,F,27,,N,OF,Residence/Home,Home,Blunt Object,Minor Injury,C
205103065,184595969,2023-12-10,St. Paul,MN0620900,13A,W,W,N,F,43,,N,ST,Community Center,Community Center,Personal Weapons,Severe Laceration,C
205633035,185059252,2023-12-10,St. Paul,MN0620900,13A,B,B,N,M,50,,N,RU,Service/Gas Station,Gas Station,Personal Weapons,Loss of Teeth;Severe Laceration;Unconscious,C
209183478,188151176,2023-12-11,St. Paul,MN0620900,13A,W,W,N,M,76,,N,RU,Residence/Home,Home,Other,,C
202633521,182441317,2023-12-12,St. Paul,MN0620900,13A,H,W,H,F,26,,Y,BG,Residence/Home,Home,Knife/Cutting Instrument,,C
203003160,182761366,2023-12-12,St. Paul,MN0620900,13A,W,W,N,M,34,,Y,XR,Residence/Home,Home,Knife/Cutting Instrument,,C
203003171,182761374,2023-12-12,St. Paul,MN0620900,13A,B,B,N,F,40,,N,RU,Other/Unknown,Other & Unknown,Asphyxiation;Personal Weapons,Possible Internal Injury;Unconscious,C
205604555,185034183,2023-12-12,St. Paul,MN0620900,13A,W,W,N,F,22,,Y,BG,Residence/Home,Home,Personal Weapons,Possible Internal Injury,C
207704407,186859893,2023-12-12,St. Paul,MN0620900,13A,W,W,N,M,24,,N,RU,Highway/Road/Alley/Street/Sidewalk,Street & Sidewalk,Firearm,,C
207704408,186859893,2023-12-12,St. Paul,MN0620900,13A,W,W,N,M,36,,N,RU,Highway/Road/Alley/Street/Sidewalk,Street & Sidewalk,Firearm,,C
208548907,187602738,2023-12-12,St. Paul,MN0620900,13A,B,B,N,M,14,,N,RU,Residence/Home,Home,Handgun,,C
209764378,188661403,2023-12-13,St. Paul,MN0620900,13A,W,W,N,M,56,,N,RU,Residence/Home,Home,Knife/Cutting Instrument,,C
210148666,188994441,2023-12-13,St. Paul,MN0620900,13A,B,B,N,M,31,,N,RU,Highway/Road/Alley/Street/Sidewalk,Street & Sidewalk,Firearm,Apparent Broken Bones;Other Major Injury;Possible Internal Injury;Severe Laceration,C
210148667,188994441,2023-12-13,St. Paul,MN0620900,13A,B,B,N,F,29,,N,RU,Highway/Road/Alley/Street/Sidewalk,Street & Sidewalk,Firearm,,C
203126841,182873313,2023-12-14,St. Paul,MN0620900,13A,B,B,U,M,29,,N,RU,Highway/Road/Alley/Street/Sidewalk,Street & Sidewalk,Knife/Cutting Instrument,Severe Laceration,C
207027996,186274880,2023-12-14,St. Paul,MN0620900,13A,B,B,N,M,54,,N,RU,Shelter-Mission/Homeless,Shelter,Knife/Cutting Instrument,Minor Injury,C
207662554,186823762,2023-12-14,St. Paul,MN0620900,13A,W,W,U,F,62,,N,RU,School-Elementary/Secondary,K-12 School,Personal Weapons,Possible Internal Injury,C
207662558,186823766,2023-12-14,St. Paul,MN0620900,13A,B,B,N,F,19,,N,RU,Residence/Home,Home,Firearm,,C
209455534,188387264,2023-12-14,St. Paul,MN0620900,13A,B,B,N,M,35,,N,RU,Highway/Road/Alley/Street/Sidewalk,Street & Sidewalk,Firearm,,C
203672355,183348489,2023-12-15,St. Paul,MN0620900,13A,U,U,U,F,32,,Y,BG,Residence/Home,Home,Personal Weapons,Possible Internal Injury;Unconscious,C
204059156,183688877,2023-12-15,St. Paul,MN0620900,13A,B,B,N,F,17,,N,RU,Residence/Home,Home,Other,,C
204059157,183688877,2023-12-15,St. Paul,MN0620900,13A,W,W,N,F,18,,N,RU,Residence/Home,Home,Other,,C
203747153,183415537,2023-12-16,St. Paul,MN0620900,13A,U,U,U,U,30,,N,RU,Hotel/Motel/Etc.,Hotel & Motel,Personal Weapons,Unconscious,C
203906924,183556290,2023-12-16,St. Paul,MN0620900,13A,W,W,N,F,39,,N,RU,Residence/Home,Home,Knife/Cutting Instrument,Minor Injury,C
210067313,188923595,2023-12-16,St. Paul,MN0620900,13A,B,B,N,M,46,,N,RU,Highway/Road/Alley/Street/Sidewalk,Street & Sidewalk,Handgun,,C
203190834,182929230,2023-12-17,St. Paul,MN0620900,13A,B,B,N,M,47,,N,RU,Residence/Home,Home,Knife/Cutting Instrument,Other Major Injury,C
203546643,183235878,2023-12-17,St. Paul,MN0620900,13A,W,W,N,F,27,,N,ST,Drug Store/Doctor's Office/Hospital,Hospital & Clinic,Knife/Cutting Instrument;Personal Weapons,Minor Injury,C
204410821,183995277,2023-12-17,St. Paul,MN0620900,13A,W,W,N,M,43,,N,RU,Highway/Road/Alley/Street/Sidewalk,Street & Sidewalk,Firearm,,C
206046493,185423840,2023-12-17,St. Paul,MN0620900,13A,A,A,U,M,16,,N,RU,Residence/Home,Home,Firearm,Other Major Injury,C
203190836,182929232,2023-12-18,St. Paul,MN0620900,13A,B,B,N,F,21,,Y,BG,Residence/Home,Home,Asphyxiation,,C
203190837,182929233,2023-12-18,St. Paul,MN0620900,13A,B,B,U,F,24,,Y,BG,Residence/Home,Home,Personal Weapons,,C
206772381,186054010,2023-12-18,St. Paul,MN0620900,13A,W,W,N,F,25,,N,RU,Residence/Home,Home,Other,,C
207338866,186542076,2023-12-18,St. Paul,MN0620900,13A,W,W,N,M,51,,N,RU,Bar/Nightclub,Bar & Nightclub,Personal Weapons,Apparent Broken Bones,C
203190842,182929237,2023-12-19,St. Paul,MN0620900,13A,B,B,N,F,42,,N,RU,Residence/Home,Home,Other,,C
203190845,182929240,2023-12-19,St. Paul,MN0620900,13A,B,B,N,F,35,,N,OF,Residence/Home,Home,Firearm,Minor Injury,C
203190958,182929327,2023-12-19,St. Paul,MN0620900,13A,B,B,U,M,25,,N,RU,Residence/Home,Home,Knife/Cutting Instrument,,C
203906942,183556304,2023-12-19,St. Paul,MN0620900,13A,U,U,U,F,34,,Y,XR,Residence/Home,Home,Firearm,Minor Injury,C
204215207,183825825,2023-12-19,St. Paul,MN0620900,13A,B,B,N,M,65,,N,RU,Highway/Road/Alley/Street/Sidewalk,Street & Sidewalk,Firearm,Minor Injury,C
207704443,186859920,2023-12-19,St. Paul,MN0620900,13A,W,W,N,M,55,,N,RU,Highway/Road/Alley/Street/Sidewalk,Street & Sidewalk,Handgun,,C
203190960,182929329,2023-12-20,St. Paul,MN0620900,13A,B,B,N,M,54,,N,RU,Residence/Home,Home,Firearm,,C
209764379,188661404,2023-12-20,St. Paul,MN0620900,13A,B,B,N,F,19,,N,AQ,Highway/Road/Alley/Street/Sidewalk,Street & Sidewalk,Blunt Object,Minor Injury,C
203191087,182929442,2023-12-21,St. Paul,MN0620900,13A,A,A,N,F,41,,Y,SE,Residence/Home,Home,Knife/Cutting Instrument,,C
203191138,182929489,2023-12-21,St. Paul,MN0620900,13A,U,U,X,M,25,,N,RU,Residence/Home,Home,Blunt Object,Minor Injury,C
203191139,182929489,2023-12-21,St. Paul,MN0620900,13A,B,B,N,M,24,,N,RU,Residence/Home,Home,Blunt Object,Minor Injury,C
205604831,185034376,2023-12-21,St. Paul,MN0620900,13A,B,B,N,F,29,,Y,BG,Highway/Road/Alley/Street/Sidewalk,Street & Sidewalk,Handgun,Minor Injury,C
203236371,182969163,2023-12-22,St. Paul,MN0620900,13A,B,B,N,F,34,,N,RU,Residence/Home,Home,Asphyxiation;Personal Weapons,Minor Injury,C
203548804,183237791,2023-12-22,St. Paul,MN0620900,13A,B,B,N,M,22,,N,RU,Highway/Road/Alley/Street/Sidewalk,Street & Sidewalk,Firearm,,C
205604935,185034471,2023-12-22,St. Paul,MN0620900,13A,U,U,U,F,32,,Y,SE,Highway/Road/Alley/Street/Sidewalk,Street & Sidewalk,Personal Weapons,Apparent Broken Bones,C
210148669,188994442,2023-12-22,St. Paul,MN0620900,13A,W,W,N,F,36,,Y,BG,Hotel/Motel/Etc.,Hotel & Motel,Knife/Cutting Instrument,Minor Injury,C
203191231,182929568,2023-12-23,St. Paul,MN0620900,13A,B,B,N,F,36,,N,PA,Residence/Home,Home,Knife/Cutting Instrument,,C
203191232,182929568,2023-12-23,St. Paul,MN0620900,13A,B,B,N,F,12,,N,RU,Residence/Home,Home,Knife/Cutting Instrument,Minor Injury,C
206046510,185423855,2023-12-23,St. Paul,MN0620900,13A,B,B,N,M,38,,N,RU,Rest Area,Rest Area,Firearm,,C
203237261,182969987,2023-12-24,St. Paul,MN0620900,13A,H,W,H,F,32,,N,RU,Residence/Home,Home,Asphyxiation,,C
205103078,184595979,2023-12-24,St. Paul,MN0620900,13A,W,W,N,F,9,,N,,Highway/Road/Alley/Street/Sidewalk,Street & Sidewalk,Handgun,,C
205103079,184595979,2023-12-24,St. Paul,MN0620900,13A,W,W,N,M,27,,N,,Highway/Road/Alley/Street/Sidewalk,Street & Sidewalk,Handgun,,C
209769601,188665945,2023-12-24,St. Paul,MN0620900,13A,B,B,N,F,55,,Y,BG,Residence/Home,Home,Firearm;Handgun,,C
204001248,183638782,2023-12-25,St. Paul,MN0620900,13A,H,W,H,M,31,,N,RU,Residence/Home,Home,Knife/Cutting Instrument,Severe Laceration,C
206241753,185592750,2023-12-25,St. Paul,MN0620900,13A,B,B,N,F,24,,Y,BG,Hotel/Motel/Etc.,Hotel & Motel,Asphyxiation,Minor Injury,C
203441375,183144487,2023-12-26,St. Paul,MN0620900,13A,W,W,N,F,51,,Y,BG,Residence/Home,Home,Asphyxiation,Unconscious,C
206046515,185423860,2023-12-26,St. Paul,MN0620900,13A,U,U,U,F,40,,Y,BG,Highway/Road/Alley/Street/Sidewalk,Street & Sidewalk,Asphyxiation,Possible Internal Injury,C
209104217,188082455,2023-12-26,St. Paul,MN0620900,13A,B,B,N,F,43,,N,RU,Residence/Home,Home,Firearm,,C
204001360,183638878,2023-12-28,St. Paul,MN0620900,13A,B,B,N,F,36,,N,RU,Rental Storage Facility,Storage Facility,Blunt Object,Minor Injury,C
205604858,185034400,2023-12-28,St. Paul,MN0620900,13A,B,B,N,F,34,,Y,BG,Residence/Home,Home,Asphyxiation;Personal Weapons,Minor Injury,C
206046637,185423970,2023-12-28,St. Paul,MN0620900,13A,U,U,N,M,37,,N,RU,Restaurant,Restaurant,Knife/Cutting Instrument,Severe Laceration,C
206046638,185423971,2023-12-28,St. Paul,MN0620900,13A,W,W,N,M,8,,N,NE,Highway/Road/Alley/Street/Sidewalk,Street & Sidewalk,Knife/Cutting Instrument,,C
210148671,188994444,2023-12-28,St. Paul,MN0620900,13A,B,B,N,F,14,,N,RU,Residence/Home,Home,Firearm,,C
203673958,183349914,2023-12-29,St. Paul,MN0620900,13A,B,B,N,M,32,,N,CH,Residence/Home,Home,Knife/Cutting Instrument,Minor Injury,C
203909743,183558780,2023-12-29,St. Paul,MN0620900,13A,A,A,N,F,39,,N,FR,Residence/Home,Home,Firearm,Minor Injury,C
203909813,183558840,2023-12-29,St. Paul,MN0620900,13A,B,B,N,M,42,,N,RU,Bar/Nightclub,Bar & Nightclub,Handgun,,C
203909814,183558840,2023-12-29,St. Paul,MN0620900,13A,B,B,N,M,37,,N,RU,Bar/Nightclub,Bar & Nightclub,Handgun,,C
204405395,183990458,2023-12-29,St. Paul,MN0620900,13A,B,B,N,F,19,,N,CH,Residence/Home,Home,Knife/Cutting Instrument,Minor Injury,C
209183487,188151182,2023-12-29,St. Paul,MN0620900,13A,A,A,N,M,21,,N,RU,Highway/Road/Alley/Street/Sidewalk,Street & Sidewalk,Firearm,Other Major Injury,C
203909901,183558919,2023-12-30,St. Paul,MN0620900,13A,W,W,N,M,43,,N,RU,Commercial/Office Building,Office Building,Handgun,,C
204642038,184195840,2023-12-30,St. Paul,MN0620900,13A,B,B,N,M,20,,N,RU,Residence/Home,Home,Blunt Object,Minor Injury,C
206046655,185423987,2023-12-31,St. Paul,MN0620900,13A,W,W,N,M,36,,N,FR,Residence/Home,Home,Personal Weapons,Other Major Injury;Possible Internal Injury,C
210054804,188912904,2023-12-31,St. Paul,MN0620900,13A,B,B,N,M,10,,N,OF,Residence/Home,Home,Firearm,Other Major Injury,C
210067316,188923597,2023-12-31,St. Paul,MN0620900,13A,B,B,N,M,25,,N,RU,Bar/Nightclub,Bar & Nightclub,Handgun,Other Major Injury;Possible Internal Injury;Severe Laceration,C
203675793,183351612,2024-01-01,St. Paul,MN0620900,13A,H,W,H,M,43,,N,ST,Park/Playground,Park & Playground,Personal Weapons,Apparent Broken Bones;Other Major Injury;Unconscious,C
203678771,183354404,2024-01-01,St. Paul,MN0620900,13A,U,U,U,M,41,,N,RU,Highway/Road/Alley/Street/Sidewalk,Street & Sidewalk,Handgun,,C
203910080,183559060,2024-01-01,St. Paul,MN0620900,13A,B,B,N,F,23,,N,RU,Residence/Home,Home,Firearm,Minor Injury,C
232390133,208370850,2024-01-01,St. Paul,MN0620900,13A,B,B,N,M,22,,N,RU,Residence/Home,Home,Firearm,Other Major Injury,C
232390134,208370850,2024-01-01,St. Paul,MN0620900,13A,A,A,N,M,15,,N,RU,Residence/Home,Home,Firearm,Other Major Injury,C
204217159,183827605,2024-01-02,St. Paul,MN0620900,13A,A,A,N,M,33,,N,RU,Residence/Home,Home,Firearm,,C
205604934,185034470,2024-01-02,St. Paul,MN0620900,13A,B,B,N,M,26,,N,RU,Highway/Road/Alley/Street/Sidewalk,Street & Sidewalk,Firearm,,C
229041547,205445496,2024-01-02,St. Paul,MN0620900,13A,W,W,N,M,51,,N,RU,Residence/Home,Home,Firearm,Other Major Injury,C
215273233,193451642,2024-01-03,St. Paul,MN0620900,13A,B,B,N,M,42,,N,RU,Parking/Drop Lot/Garage,Parking Lot,Firearm,Other Major Injury,C
203907588,183556887,2024-01-04,St. Paul,MN0620900,13A,B,B,N,F,37,,N,RU,Residence/Home,Home,Other,,C
204405445,183990498,2024-01-04,St. Paul,MN0620900,13A,B,B,U,F,42,,N,RU,Highway/Road/Alley/Street/Sidewalk,Street & Sidewalk,Handgun;Personal Weapons,,C
204405446,183990498,2024-01-04,St. Paul,MN0620900,13A,B,B,U,F,19,,N,RU,Highway/Road/Alley/Street/Sidewalk,Street & Sidewalk,Handgun;Personal Weapons,,C
204405447,183990498,2024-01-04,St. Paul,MN0620900,13A,B,B,U,M,40,,N,RU,Highway/Road/Alley/Street/Sidewalk,Street & Sidewalk,Handgun;Personal Weapons,,C
204098606,183723762,2024-01-05,St. Paul,MN0620900,13A,W,W,N,M,38,,N,RU,Other/Unknown,Other & Unknown,Blunt Object,Minor Injury,C
203907885,183557147,2024-01-06,St. Paul,MN0620900,13A,W,W,N,F,36,,Y,BG,Hotel/Motel/Etc.,Hotel & Motel,Handgun;Personal Weapons,Minor Injury,C
230312734,206551234,2024-01-06,St. Paul,MN0620900,13A,W,W,N,M,46,,N,RU,Parking/Drop Lot/Garage,Parking Lot,Firearm,,C
203908228,183557440,2024-01-07,St. Paul,MN0620900,13A,A,A,U,F,45,,N,RU,Residence/Home,Home,,Other Major Injury,C
204405455,183990505,2024-01-07,St. Paul,MN0620900,13A,B,B,N,F,38,,N,RU,Residence/Home,Home,Knife/Cutting Instrument,,C
204722013,184264396,2024-01-08,St. Paul,MN0620900,13A,W,W,N,F,22,,N,RU,Residence/Home,Home,Asphyxiation;Personal Weapons,Possible Internal Injury,C
205203501,184683889,2024-01-08,St. Paul,MN0620900,13A,W,W,N,M,48,,N,RU,Highway/Road/Alley/Street/Sidewalk,Street & Sidewalk,Firearm,,C
205605132,185034645,2024-01-08,St. Paul,MN0620900,13A,W,W,N,F,35,,N,RU,Highway/Road/Alley/Street/Sidewalk,Street & Sidewalk,Motor Vehicle/Vessel,Minor Injury,C
223001969,200169505,2024-01-08,St. Paul,MN0620900,13A,B,B,N,M,29,,N,RU,Highway/Road/Alley/Street/Sidewalk,Street & Sidewalk,Firearm,Severe Laceration,C
207517740,186696022,2024-01-09,St. Paul,MN0620900,13A,W,W,N,M,29,,N,OK,Highway/Road/Alley/Street/Sidewalk,Street & Sidewalk,Blunt Object,Severe Laceration,C
209850463,188736450,2024-01-09,St. Paul,MN0620900,13A,B,B,N,M,16,,N,RU,Residence/Home,Home,Firearm,,C
209850464,188736450,2024-01-09,St. Paul,MN0620900,13A,B,B,N,F,49,,N,RU,Residence/Home,Home,Firearm,,C
210067322,188923600,2024-01-09,St. Paul,MN0620900,13A,H,B,H,M,13,,N,RU,Residence/Home,Home,Firearm,Minor Injury,C
204405498,183990536,2024-01-10,St. Paul,MN0620900,13A,B,B,N,M,21,,N,CH,Residence/Home,Home,Knife/Cutting Instrument,,C
204869491,184392533,2024-01-10,St. Paul,MN0620900,13A,W,W,N,M,44,,N,RU,School-Elementary/Secondary,K-12 School,Explosives,,C
207126448,186360168,2024-01-10,St. Paul,MN0620900,13A,W,W,N,F,29,,Y,XR,Residence/Home,Home,Blunt Object,,C
204665227,184215986,2024-01-11,St. Paul,MN0620900,13A,W,W,N,F,13,,N,OK,School-Elementary/Secondary,K-12 School,Firearm,,C
204665228,184215986,2024-01-11,St. Paul,MN0620900,13A,W,W,N,F,13,,N,OK,School-Elementary/Secondary,K-12 School,Firearm,,C
204869500,184392540,2024-01-11,St. Paul,MN0620900,13A,W,W,U,M,53,,Y,BG,Residence/Home,Home,Blunt Object,Minor Injury,C
205282916,184752877,2024-01-11,St. Paul,MN0620900,13A,U,U,U,F,22,,N,RU,Highway/Road/Alley/Street/Sidewalk,Street & Sidewalk,Handgun,,C
205606217,185035617,2024-01-13,St. Paul,MN0620900,13A,A,A,U,F,33,,Y,BG,Residence/Home,Home,Firearm,,C
205618874,185046851,2024-01-13,St. Paul,MN0620900,13A,A,A,N,F,49,,Y,SE;VO,Residence/Home,Home,Blunt Object,Other Major Injury,C
205618875,185046851,2024-01-13,St. Paul,MN0620900,13A,A,A,N,M,48,,Y,SE;VO,Residence/Home,Home,Blunt Object,Severe Laceration,C
210708128,189481648,2024-01-13,St. Paul,MN0620900,13A,B,B,N,F,36,,N,RU,Residence/Home,Home,Handgun,,C
205252189,184726225,2024-01-14,St. Paul,MN0620900,13A,B,B,N,F,28,,N,RU,Other/Unknown,Other & Unknown,Firearm,,C
213398346,191815008,2024-01-14,St. Paul,MN0620900,13A,B,B,N,M,66,,N,RU,Field/Woods,Field & Woods,Firearm,Minor Injury,C
204869514,184392552,2024-01-15,St. Paul,MN0620900,13A,B,B,N,M,58,,N,OK,Residence/Home,Home,Personal Weapons,Unconscious,C
205631683,185058096,2024-01-15,St. Paul,MN0620900,13A,H,W,H,M,30,,Y,BG,Residence/Home,Home,Knife/Cutting Instrument,,C
221757968,199086876,2024-01-15,St. Paul,MN0620900,13A,B,B,N,M,37,,N,RU,Highway/Road/Alley/Street/Sidewalk,Street & Sidewalk,Handgun,Possible Internal Injury,C
207704654,186860100,2024-01-16,St. Paul,MN0620900,13A,W,W,N,M,32,,Y,BG,Residence/Home,Home,Blunt Object,Other Major Injury,C
209928116,188804209,2024-01-16,St. Paul,MN0620900,13A,H,W,H,F,26,,Y,SE,Residence/Home,Home,Blunt Object,Minor Injury,C
213398376,191815033,2024-01-16,St. Paul,MN0620900,13A,B,B,N,M,18,,N,RU,Residence/Home,Home,Firearm,Severe Laceration,C
217581935,195458047,2024-01-16,St. Paul,MN0620900,13A,W,W,N,F,39,,N,AQ,Grocery/Supermarket,Grocery Store,Blunt Object,Minor Injury,C
205252153,184726192,2024-01-17,St. Paul,MN0620900,13A,U,U,U,F,43,,N,RU,Residence/Home,Home,Knife/Cutting Instrument,,C
207704569,186860030,2024-01-17,St. Paul,MN0620900,13A,B,B,U,M,33,,N,RU,Highway/Road/Alley/Street/Sidewalk,Street & Sidewalk,Handgun,,C
208344188,187423899,2024-01-17,St. Paul,MN0620900,13A,B,B,N,M,56,,N,RU,School-Elementary/Secondary,K-12 School,Unknown,,C
206047037,185424309,2024-01-18,St. Paul,MN0620900,13A,W,W,N,F,36,,Y,BG,Highway/Road/Alley/Street/Sidewalk,Street & Sidewalk,Handgun,Minor Injury,C
207755663,186904077,2024-01-18,St. Paul,MN0620900,13A,W,W,U,F,32,,N,RU,Residence/Home,Home,Knife/Cutting Instrument,,C
224390901,201377910,2024-01-18,St. Paul,MN0620900,13A,B,B,N,M,15,,N,SB,Residence/Home,Home,Knife/Cutting Instrument,,C
224390902,201377910,2024-01-18,St. Paul,MN0620900,13A,B,B,N,F,47,,N,PA,Residence/Home,Home,Knife/Cutting Instrument,,C
224390903,201377910,2024-01-18,St. Paul,MN0620900,13A,B,B,N,F,13,,N,SB,Residence/Home,Home,Knife/Cutting Instrument,,C
205631947,185058335,2024-01-19,St. Paul,MN0620900,13A,B,B,N,F,20,,Y,BG,Residence/Home,Home,,Unconscious,C
206047045,185424316,2024-01-19,St. Paul,MN0620900,13A,B,B,N,M,33,,N,RU,Highway/Road/Alley/Street/Sidewalk,Street & Sidewalk,Firearm,,C
206913281,186174531,2024-01-19,St. Paul,MN0620900,13A,U,U,U,M,45,,Y,BG;ST,Other/Unknown,Other & Unknown,Blunt Object;Knife/Cutting Instrument,Minor Injury,C
219987069,197545308,2024-01-19,St. Paul,MN0620900,13A,B,B,N,M,32,,N,AQ,Highway/Road/Alley/Street/Sidewalk,Street & Sidewalk,Firearm,,C
205140536,184628452,2024-01-20,St. Paul,MN0620900,13A,B,B,N,M,32,,N,RU,Parking/Drop Lot/Garage,Parking Lot,Firearm,,C
206346210,185684592,2024-01-20,St. Paul,MN0620900,13A,W,W,N,F,48,,Y,BG,Residence/Home,Home,Asphyxiation,Minor Injury,C
215321267,193492853,2024-01-20,St. Paul,MN0620900,13A,W,W,U,M,19,,N,RU,Highway/Road/Alley/Street/Sidewalk,Street & Sidewalk,Firearm,Other Major Injury,C
205202591,184683128,2024-01-21,St. Paul,MN0620900,13A,A,A,N,M,43,,N,AQ,Residence/Home,Home,Other Firearm,,C
205632223,185058559,2024-01-21,St. Paul,MN0620900,13A,B,B,N,F,25,,Y,BG,Residence/Home,Home,Blunt Object,Other Major Injury,C
206913283,186174533,2024-01-21,St. Paul,MN0620900,13A,B,B,N,F,36,,N,RU,Restaurant,Restaurant,Handgun,,C
205246313,184721212,2024-01-22,St. Paul,MN0620900,13A,W,W,N,F,31,,N,RU,Convenience Store,Convenience Store,Knife/Cutting Instrument,,C
206562572,185872321,2024-01-22,St. Paul,MN0620900,13A,H,U,H,M,34,,N,AQ,Highway/Road/Alley/Street/Sidewalk,Street & Sidewalk,Firearm,,C
206562573,185872321,2024-01-22,St. Paul,MN0620900,13A,H,U,H,M,42,,N,AQ,Highway/Road/Alley/Street/Sidewalk,Street & Sidewalk,Firearm,,C
210739813,189508310,2024-01-22,St. Paul,MN0620900,13A,W,W,U,F,50,,Y,SE,Residence/Home,Home,Personal Weapons,Unconscious,C
206475383,185796630,2024-01-24,St. Paul,MN0620900,13A,B,B,U,M,36,,N,ST,Residence/Home,Home,Knife/Cutting Instrument,,C
207444707,186633317,2024-01-24,St. Paul,MN0620900,13A,B,B,N,F,20,,N,RU,Highway/Road/Alley/Street/Sidewalk,Street & Sidewalk,Handgun,,C
207444708,186633317,2024-01-24,St. Paul,MN0620900,13A,B,B,N,F,29,,N,RU,Highway/Road/Alley/Street/Sidewalk,Street & Sidewalk,Handgun,,C
207444709,186633317,2024-01-24,St. Paul,MN0620900,13A,B,B,N,M,24,,N,RU,Highway/Road/Alley/Street/Sidewalk,Street & Sidewalk,Handgun,,C
215148350,193342559,2024-01-24,St. Paul,MN0620900,13A,B,B,N,M,39,,N,RU,Parking/Drop Lot/Garage,Parking Lot,Firearm,,C
206047334,185424558,2024-01-25,St. Paul,MN0620900,13A,B,B,N,F,8,,N,,Residence/Home,Home,Personal Weapons,Minor Injury,C
206722260,186011363,2024-01-25,St. Paul,MN0620900,13A,B,B,N,F,17,,N,RU,Residence/Home,Home,Knife/Cutting Instrument;Personal Weapons,Minor Injury,C
215388831,193551102,2024-01-25,St. Paul,MN0620900,13A,B,B,N,F,26,,N,RU,Other/Unknown,Other & Unknown,Handgun,,C
206047350,185424573,2024-01-26,St. Paul,MN0620900,13A,W,W,U,F,29,,Y,BG,Residence/Home,Home,Asphyxiation;Firearm;Personal Weapons,,C
206047353,185424576,2024-01-26,St. Paul,MN0620900,13A,B,B,U,M,64,,N,RU,Parking/Drop Lot/Garage,Parking Lot,Firearm,,C
206072176,185445925,2024-01-26,St. Paul,MN0620900,13A,H,U,H,F,47,,N,RU,Residence/Home,Home,Knife/Cutting Instrument,,C
216722277,194707404,2024-01-26,St. Paul,MN0620900,13A,B,B,N,F,18,,Y,BG,Residence/Home,Home,Handgun,,C
206047370,185424589,2024-01-27,St. Paul,MN0620900,13A,U,U,U,M,34,,N,RU,Highway/Road/Alley/Street/Sidewalk,Street & Sidewalk,Other Firearm,,C
206475461,185796701,2024-01-27,St. Paul,MN0620900,13A,U,U,X,M,58,,N,RU,Residence/Home,Home,Blunt Object,Minor Injury,C
206475462,185796701,2024-01-27,St. Paul,MN0620900,13A,B,B,N,M,58,,N,RU,Residence/Home,Home,Blunt Object,Minor Injury,C
206722295,186011389,2024-01-27,St. Paul,MN0620900,13A,B,B,N,M,23,,Y,BG,Residence/Home,Home,Knife/Cutting Instrument,Minor Injury,C
206047425,185424634,2024-01-28,St. Paul,MN0620900,13A,W,W,N,M,33,,N,RU,Highway/Road/Alley/Street/Sidewalk,Street & Sidewalk,Unknown,Unconscious,C
206047517,185424712,2024-01-28,St. Paul,MN0620900,13A,U,U,U,M,38,,N,ST,Shelter-Mission/Homeless,Shelter,Knife/Cutting Instrument,,C
209183498,188151190,2024-01-28,St. Paul,MN0620900,13A,W,W,N,M,45,,N,OF,Residence/Home,Home,Personal Weapons,Possible Internal Injury,C
212907159,191392367,2024-01-28,St. Paul,MN0620900,13A,B,B,U,M,24,,N,RU,Highway/Road/Alley/Street/Sidewalk,Street & Sidewalk,Firearm,Minor Injury,C
206047526,185424719,2024-01-29,St. Paul,MN0620900,13A,B,B,N,F,52,,Y,BG,Residence/Home,Home,Blunt Object;Personal Weapons,Minor Injury,C
206047557,185424746,2024-01-29,St. Paul,MN0620900,13A,B,B,N,M,41,,N,RU,Residence/Home,Home,Knife/Cutting Instrument,,C
209928127,188804219,2024-01-29,St. Paul,MN0620900,13A,B,B,N,M,49,,N,OF,Residence/Home,Home,Firearm,,C
206047680,185424855,2024-01-30,St. Paul,MN0620900,13A,B,B,U,F,25,,Y,BG,Residence/Home,Home,Handgun,,C
206047701,185424876,2024-01-30,St. Paul,MN0620900,13A,W,W,U,M,32,,N,RU,Residence/Home,Home,Knife/Cutting Instrument,Minor Injury,C
206694457,185987808,2024-01-30,St. Paul,MN0620900,13A,W,W,N,M,38,,N,ST,Highway/Road/Alley/Street/Sidewalk,Street & Sidewalk,Firearm,,C
207883501,187016192,2024-01-30,St. Paul,MN0620900,13A,B,B,N,M,30,,N,RU,Residence/Home,Home,Firearm,Minor Injury,C
207883502,187016192,2024-01-30,St. Paul,MN0620900,13A,B,B,N,F,30,,N,RU,Residence/Home,Home,Firearm,,C
214681120,192932374,2024-01-30,St. Paul,MN0620900,13A,B,B,N,M,36,,N,RU,Residence/Home,Home,Firearm,,C
206047715,185424886,2024-01-31,St. Paul,MN0620900,13A,W,W,N,F,48,,Y,BG,Residence/Home,Home,Blunt Object,,C
211229335,189927372,2024-01-31,St. Paul,MN0620900,13A,A,A,N,M,31,,N,AQ,Park/Playground,Park & Playground,Knife/Cutting Instrument,Minor Injury,C
206077309,185450502,2024-02-01,St. Paul,MN0620900,13A,B,B,N,M,67,,Y,BG,Residence/Home,Home,Knife/Cutting Instrument,Minor Injury,C
207662785,186823976,2024-02-01,St. Paul,MN0620900,13A,B,B,N,M,22,,N,RU,Highway/Road/Alley/Street/Sidewalk,Street & Sidewalk,Blunt Object,Possible Internal Injury,C
206562588,185872335,2024-02-02,St. Paul,MN0620900,13A,B,B,N,M,45,,N,RU,Highway/Road/Alley/Street/Sidewalk,Street & Sidewalk,Knife/Cutting Instrument,,C
207094395,186331866,2024-02-02,St. Paul,MN0620900,13A,W,W,N,F,49,,N,RU,Residence/Home,Home,Personal Weapons,Possible Internal Injury;Unconscious,C
210200823,189039441,2024-02-02,St. Paul,MN0620900,13A,B,B,N,F,29,,N,RU,Highway/Road/Alley/Street/Sidewalk,Street & Sidewalk,Blunt Object,Minor Injury,C
209104242,188082477,2024-02-03,St. Paul,MN0620900,13A,W,W,U,M,57,,N,ST,Commercial/Office Building,Office Building,Blunt Object,Other Major Injury,C
217581936,195458048,2024-02-03,St. Paul,MN0620900,13A,U,U,N,M,27,,N,RU,Air/Bus/Train Terminal,Transit Station,Handgun,Possible Internal Injury,C
206475880,185797059,2024-02-04,St. Paul,MN0620900,13A,W,W,N,M,16,,N,CH,Residence/Home,Home,Knife/Cutting Instrument,,C
208344230,187423935,2024-02-04,St. Paul,MN0620900,13A,I,I,N,F,25,,N,FR,Residence/Home,Home,Blunt Object,Severe Laceration,C
209928130,188804220,2024-02-04,St. Paul,MN0620900,13A,U,U,U,F,39,,N,RU,Residence/Home,Home,Blunt Object,,C
207755680,186904093,2024-02-05,St. Paul,MN0620900,13A,B,B,N,M,28,,N,OK,Residence/Home,Home,Firearm,,C
213749217,192126022,2024-02-05,St. Paul,MN0620900,13A,B,B,N,F,26,,Y,BG,Residence/Home,Home,Firearm,Minor Injury,C
208344236,187423941,2024-02-06,St. Paul,MN0620900,13A,W,W,N,M,44,,N,OF,Residence/Home,Home,Unknown,Severe Laceration,C
208953850,187952318,2024-02-06,St. Paul,MN0620900,13A,W,W,N,M,23,,N,RU,Drug Store/Doctor's Office/Hospital,Hospital & Clinic,Handgun,,C
210402412,189215608,2024-02-06,St. Paul,MN0620900,13A,W,W,N,F,23,,N,RU,Drug Store/Doctor's Office/Hospital,Hospital & Clinic,Blunt Object,Minor Injury,C
206562604,185872349,2024-02-07,St. Paul,MN0620900,13A,U,U,U,F,14,,N,RU,School-Elementary/Secondary,K-12 School,Unknown,,C
206760270,186043507,2024-02-07,St. Paul,MN0620900,13A,W,W,N,F,53,,N,NE,Residence/Home,Home,Knife/Cutting Instrument,Minor Injury,C
206915395,186176368,2024-02-08,St. Paul,MN0620900,13A,W,W,N,M,50,,Y,BG,Residence/Home,Home,,Unconscious,C
213189428,191635183,2024-02-08,St. Paul,MN0620900,13A,B,B,N,F,51,,N,RU,Highway/Road/Alley/Street/Sidewalk,Street & Sidewalk,Firearm,,C
213189429,191635183,2024-02-08,St. Paul,MN0620900,13A,B,B,N,F,14,,N,RU,Highway/Road/Alley/Street/Sidewalk,Street & Sidewalk,Firearm,,C
213831444,192199004,2024-02-08,St. Paul,MN0620900,13A,H,U,H,M,28,,N,RU,Residence/Home,Home,Firearm,Minor Injury,C
208773134,187795425,2024-02-09,St. Paul,MN0620900,13A,H,W,H,M,13,,N,AQ,School-Elementary/Secondary,K-12 School,Personal Weapons,Apparent Broken Bones,C
206760812,186043944,2024-02-10,St. Paul,MN0620900,13A,I,I,N,M,42,,N,OF;RU,Residence/Home,Home,Knife/Cutting Instrument,,C
207444796,186633391,2024-02-10,St. Paul,MN0620900,13A,W,W,U,F,34,,N,RU,Hotel/Motel/Etc.,Hotel & Motel,Shotgun,Minor Injury,C
216224976,194276743,2024-02-10,St. Paul,MN0620900,13A,B,B,N,F,28,,N,RU,Bar/Nightclub,Bar & Nightclub,Firearm,,C
216224977,194276743,2024-02-10,St. Paul,MN0620900,13A,B,B,N,F,37,,N,RU,Bar/Nightclub,Bar & Nightclub,Firearm,Minor Injury,C
207444829,186633422,2024-02-11,St. Paul,MN0620900,13A,W,W,N,M,43,,N,RU,Highway/Road/Alley/Street/Sidewalk,Street & Sidewalk,Other,Minor Injury,C
207662855,186824036,2024-02-11,St. Paul,MN0620900,13A,B,B,U,F,52,,N,RU,Residence/Home,Home,Firearm,,C
207126542,186360246,2024-02-12,St. Paul,MN0620900,13A,H,W,H,M,22,,N,OK,Residence/Home,Home,Knife/Cutting Instrument,Minor Injury,C
207126543,186360246,2024-02-12,St. Paul,MN0620900,13A,H,W,H,M,30,,N,OK,Residence/Home,Home,Knife/Cutting Instrument,Minor Injury,C
209104252,188082484,2024-02-13,St. Paul,MN0620900,13A,B,B,N,M,35,,N,RU,Highway/Road/Alley/Street/Sidewalk,Street & Sidewalk,Firearm,,C
209928137,188804225,2024-02-13,St. Paul,MN0620900,13A,B,B,N,M,31,,N,RU,Department/Discount Store,Department Store,Handgun,,C
207126563,186360263,2024-02-14,St. Paul,MN0620900,13A,W,W,U,M,39,,N,AQ,Highway/Road/Alley/Street/Sidewalk,Street & Sidewalk,Other,,C
209764387,188661411,2024-02-14,St. Paul,MN0620900,13A,B,B,N,F,33,,N,RU,Residence/Home,Home,Other,,C
207613090,186779659,2024-02-15,St. Paul,MN0620900,13A,B,B,N,F,23,,Y,BG,Parking/Drop Lot/Garage,Parking Lot,Knife/Cutting Instrument;Personal Weapons,,C
207755809,186904206,2024-02-15,St. Paul,MN0620900,13A,B,B,N,F,55,,N,RU,Highway/Road/Alley/Street/Sidewalk,Street & Sidewalk,Blunt Object,Minor Injury,C
208548180,187602178,2024-02-15,St. Paul,MN0620900,13A,B,B,N,U,32,,N,RU,Shelter-Mission/Homeless,Shelter,Knife/Cutting Instrument,Other Major Injury,C
214090018,192422581,2024-02-15,St. Paul,MN0620900,13A,B,B,N,M,17,,N,AQ,Residence/Home,Home,Knife/Cutting Instrument,,C
207405942,186600522,2024-02-17,St. Paul,MN0620900,13A,B,B,N,U,44,,N,ST,Residence/Home,Home,Knife/Cutting Instrument,,C
207662927,186824101,2024-02-18,St. Paul,MN0620900,13A,H,W,H,M,32,,N,RU,Residence/Home,Home,Knife/Cutting Instrument,Minor Injury,C
221640249,198985268,2024-02-18,St. Paul,MN0620900,13A,B,B,N,F,25,,N,RU,Residence/Home,Home,Knife/Cutting Instrument,Other Major Injury,C
207613118,186779684,2024-02-19,St. Paul,MN0620900,13A,B,B,U,F,38,,Y,BG,Residence/Home,Home,Firearm,,C
209284434,188238026,2024-02-19,St. Paul,MN0620900,13A,B,B,U,M,26,,N,RU,Highway/Road/Alley/Street/Sidewalk,Street & Sidewalk,Handgun,Other Major Injury,C
210708144,189481658,2024-02-19,St. Paul,MN0620900,13A,H,W,H,F,1,,N,RU,Residence/Home,Home,Personal Weapons,,C
207466567,186651291,2024-02-20,St. Paul,MN0620900,13A,W,W,N,M,38,,N,RU,Convenience Store,Convenience Store,Handgun,,C
208344323,187424025,2024-02-20,St. Paul,MN0620900,13A,U,U,U,F,47,,Y,SE,Highway/Road/Alley/Street/Sidewalk,Street & Sidewalk,Personal Weapons,Other Major Injury;Severe Laceration,C
210739817,189508313,2024-02-20,St. Paul,MN0620900,13A,W,W,N,M,44,,Y,BG,Residence/Home,Home,Firearm,,C
207518640,186696846,2024-02-21,St. Paul,MN0620900,13A,W,W,N,M,38,,N,RU,Bank/Savings and Loan,Bank,Unknown,,C
213166510,191615302,2024-02-21,St. Paul,MN0620900,13A,B,B,N,M,1,,N,RU,Residence/Home,Home,Personal Weapons,Possible Internal Injury,C
207534379,186710585,2024-02-22,St. Paul,MN0620900,13A,W,W,N,M,50,,N,RU,Highway/Road/Alley/Street/Sidewalk,Street & Sidewalk,Firearm,,C
207842648,186980872,2024-02-22,St. Paul,MN0620900,13A,B,B,N,F,35,,N,OK,Residence/Home,Home,Blunt Object,,C
214130866,192457587,2024-02-22,St. Paul,MN0620900,13A,I,I,N,F,35,,N,RU,Highway/Road/Alley/Street/Sidewalk,Street & Sidewalk,Other,,C
214130867,192457587,2024-02-22,St. Paul,MN0620900,13A,I,I,N,F,39,,N,RU,Highway/Road/Alley/Street/Sidewalk,Street & Sidewalk,Other,,C
207705696,186860942,2024-02-23,St. Paul,MN0620900,13A,B,B,N,M,13,,N,RU,Residence/Home,Home,Blunt Object;Personal Weapons,Minor Injury,C
208344339,187424041,2024-02-23,St. Paul,MN0620900,13A,B,B,N,F,25,,N,RU,Restaurant,Restaurant,Knife/Cutting Instrument,,C
210067337,188923612,2024-02-23,St. Paul,MN0620900,13A,B,B,N,M,26,,N,RU,Residence/Home,Home,Firearm,,C
210332277,189154395,2024-02-23,St. Paul,MN0620900,13A,W,W,N,M,14,,N,ST,School-Elementary/Secondary,K-12 School,Personal Weapons,Unconscious,C
207883510,187016198,2024-02-24,St. Paul,MN0620900,13A,B,B,N,M,35,,Y,BG;VO,Residence/Home,Home,Knife/Cutting Instrument,Minor Injury,C
229041580,205445526,2024-02-24,St. Paul,MN0620900,13A,B,B,N,F,51,,N,RU,Residence/Home,Home,Firearm,Other Major Injury,C
207705981,186861194,2024-02-25,St. Paul,MN0620900,13A,W,W,N,F,60,,N,RU,Residence/Home,Home,Personal Weapons,Possible Internal Injury,C
207842765,186980976,2024-02-25,St. Paul,MN0620900,13A,W,W,N,F,28,,N,CH,Residence/Home,Home,Personal Weapons,Severe Laceration,C
208344362,187424063,2024-02-25,St. Paul,MN0620900,13A,B,B,N,M,34,,N,RU,Highway/Road/Alley/Street/Sidewalk,Street & Sidewalk,Knife/Cutting Instrument,Minor Injury,C
208344379,187424079,2024-02-25,St. Paul,MN0620900,13A,B,B,U,M,23,,N,RU,Highway/Road/Alley/Street/Sidewalk,Street & Sidewalk,Blunt Object,Severe Laceration,C
209735263,188636835,2024-02-25,St. Paul,MN0620900,13A,H,W,H,M,71,,N,RU,Residence/Home,Home,Knife/Cutting Instrument,,C
207755977,186904361,2024-02-26,St. Paul,MN0620900,13A,A,A,N,M,39,,Y,SE,Residence/Home,Home,Blunt Object,Minor Injury,C
207755982,186904365,2024-02-26,St. Paul,MN0620900,13A,W,W,N,F,52,,N,AQ,Residence/Home,Home,Asphyxiation;Personal Weapons,Minor Injury,C
208344390,187424088,2024-02-26,St. Paul,MN0620900,13A,H,U,H,F,,,N,,School-College/University,College,Explosives,,C
230569650,206774938,2024-02-26,St. Paul,MN0620900,13A,B,B,U,M,41,,N,SB,Convenience Store,Convenience Store,Firearm,,C
207842786,186980995,2024-02-27,St. Paul,MN0620900,13A,B,B,N,F,43,,N,RU,Highway/Road/Alley/Street/Sidewalk,Street & Sidewalk,Knife/Cutting Instrument,,C
209928286,188804355,2024-02-27,St. Paul,MN0620900,13A,B,B,U,M,59,,N,FR,Residence/Home,Home,Blunt Object,Minor Injury,C
212098460,190689103,2024-03-01,St. Paul,MN0620900,13A,W,W,U,F,37,,N,RU,Highway/Road/Alley/Street/Sidewalk,Street & Sidewalk,Firearm,,C
210332326,189154442,2024-03-02,St. Paul,MN0620900,13A,W,W,N,M,27,,N,AQ,Highway/Road/Alley/Street/Sidewalk,Street & Sidewalk,Handgun,,C
210631495,189414921,2024-03-02,St. Paul,MN0620900,13A,H,U,H,F,20,,N,RU,Residence/Home,Home,Knife/Cutting Instrument,,C
218093588,195899532,2024-03-02,St. Paul,MN0620900,13A,B,B,N,M,41,,N,RU,Highway/Road/Alley/Street/Sidewalk,Street & Sidewalk,Knife/Cutting Instrument,Minor Injury,C
218288297,196068568,2024-03-03,St. Paul,MN0620900,13A,B,B,N,M,56,,N,RU,Highway/Road/Alley/Street/Sidewalk,Street & Sidewalk,Motor Vehicle/Vessel,Minor Injury,C
218451023,196208994,2024-03-03,St. Paul,MN0620900,13A,H,U,H,F,59,,N,AQ,Bar/Nightclub,Bar & Nightclub,Personal Weapons,Unconscious,C
208335106,187415580,2024-03-04,St. Paul,MN0620900,13A,W,W,U,M,28,,N,RU,Residence/Home,Home,Unknown,Minor Injury,C
208548314,187602291,2024-03-04,St. Paul,MN0620900,13A,A,A,N,F,30,,Y,XR,Residence/Home,Home,Knife/Cutting Instrument,Minor Injury,C
213749227,192126029,2024-03-04,St. Paul,MN0620900,13A,B,B,U,F,24,,N,SB,Residence/Home,Home,Firearm,,C
229756071,206068494,2024-03-04,St. Paul,MN0620900,13A,B,B,N,M,22,,N,RU,Highway/Road/Alley/Street/Sidewalk,Street & Sidewalk,Handgun,Other Major Injury,C
208953884,187952345,2024-03-05,St. Paul,MN0620900,13A,H,W,H,M,33,,N,RU,Highway/Road/Alley/Street/Sidewalk,Street & Sidewalk,Unknown,Minor Injury,C
208953885,187952346,2024-03-05,St. Paul,MN0620900,13A,A,A,N,F,25,,N,RU,Highway/Road/Alley/Street/Sidewalk,Street & Sidewalk,Firearm,,C
208953886,187952346,2024-03-05,St. Paul,MN0620900,13A,A,A,N,F,25,,N,RU,Highway/Road/Alley/Street/Sidewalk,Street & Sidewalk,Firearm,,C
209024555,188013194,2024-03-05,St. Paul,MN0620900,13A,H,U,H,M,29,,N,RU,Residence/Home,Home,Firearm,,C
209024556,188013194,2024-03-05,St. Paul,MN0620900,13A,H,U,H,M,29,,N,RU,Residence/Home,Home,Firearm,,C
222738490,199939438,2024-03-05,St. Paul,MN0620900,13A,B,B,N,F,26,,N,AQ;RU;VO,Highway/Road/Alley/Street/Sidewalk,Street & Sidewalk,Firearm,,C
222738491,199939438,2024-03-05,St. Paul,MN0620900,13A,U,U,U,M,27,,N,AQ;RU;VO,Highway/Road/Alley/Street/Sidewalk,Street & Sidewalk,Firearm,Other Major Injury,C
208361048,187439493,2024-03-06,St. Paul,MN0620900,13A,B,B,N,M,39,,N,RU,Highway/Road/Alley/Street/Sidewalk,Street & Sidewalk,Knife/Cutting Instrument,,C
208361211,187439642,2024-03-06,St. Paul,MN0620900,13A,B,B,N,U,64,,N,AQ,Residence/Home,Home,Blunt Object,Minor Injury,C
212279717,190848522,2024-03-06,St. Paul,MN0620900,13A,B,B,N,F,17,,Y,SE,Residence/Home,Home,Asphyxiation,,C
208361624,187440011,2024-03-07,St. Paul,MN0620900,13A,B,B,N,F,19,,N,OK,Residence/Home,Home,Knife/Cutting Instrument,,C
208501819,187562279,2024-03-07,St. Paul,MN0620900,13A,W,W,N,M,64,,N,ST,Residence/Home,Home,Knife/Cutting Instrument,,C
209593355,188508637,2024-03-07,St. Paul,MN0620900,13A,W,W,U,F,18,,Y,BG,Residence/Home,Home,Personal Weapons,Loss of Teeth,C
210739826,189508321,2024-03-07,St. Paul,MN0620900,13A,B,B,N,F,24,,N,RU,Residence/Home,Home,Firearm,Minor Injury,C
212279718,190848523,2024-03-07,St. Paul,MN0620900,13A,A,A,N,M,40,,N,RU;ST,Residence/Home,Home,Firearm,,C
213349838,191772476,2024-03-07,St. Paul,MN0620900,13A,B,B,U,F,51,,N,RU,Highway/Road/Alley/Street/Sidewalk,Street & Sidewalk,Other,Other Major Injury,C
210148981,188994696,2024-03-08,St. Paul,MN0620900,13A,W,W,U,M,36,,N,NE,Highway/Road/Alley/Street/Sidewalk,Street & Sidewalk,Firearm,,C
212279719,190848524,2024-03-08,St. Paul,MN0620900,13A,U,U,U,F,20,,Y,XR,Residence/Home,Home,Other Firearm,,C
213463737,191872623,2024-03-08,St. Paul,MN0620900,13A,W,W,N,F,39,,N,ST,Service/Gas Station,Gas Station,Personal Weapons,Possible Internal Injury,C
228040835,204567600,2024-03-08,St. Paul,MN0620900,13A,B,B,N,F,20,,N,SB,Residence/Home,Home,Knife/Cutting Instrument,,C
209593361,188508642,2024-03-09,St. Paul,MN0620900,13A,B,B,N,F,51,,N,RU,Residence/Home,Home,Blunt Object,Severe Laceration,C
208548502,187602441,2024-03-10,St. Paul,MN0620900,13A,B,B,N,F,14,,N,RU,Highway/Road/Alley/Street/Sidewalk,Street & Sidewalk,Personal Weapons,Apparent Broken Bones,C
208548504,187602442,2024-03-10,St. Paul,MN0620900,13A,A,A,U,F,15,,N,RU,Residence/Home,Home,Knife/Cutting Instrument,,C
209996594,188861745,2024-03-10,St. Paul,MN0620900,13A,B,B,N,F,17,,N,FR,Residence/Home,Home,Knife/Cutting Instrument,,C
210201483,189040021,2024-03-10,St. Paul,MN0620900,13A,H,W,H,M,27,,N,RU,Residence/Home,Home,Blunt Object,Minor Injury,C
209024595,188013228,2024-03-11,St. Paul,MN0620900,13A,B,B,N,F,29,,N,RU,Highway/Road/Alley/Street/Sidewalk,Street & Sidewalk,Handgun,,C
226312410,203058900,2024-03-11,St. Paul,MN0620900,13A,B,B,N,M,30,,N,RU,Residence/Home,Home,Firearm,Other Major Injury,C
208625673,187669243,2024-03-12,St. Paul,MN0620900,13A,B,B,N,F,35,,N,RU,Residence/Home,Home,Blunt Object,Unconscious,C
208625674,187669243,2024-03-12,St. Paul,MN0620900,13A,B,B,U,F,54,,N,RU,Residence/Home,Home,Blunt Object,,C
209593368,188508649,2024-03-12,St. Paul,MN0620900,13A,B,B,N,F,27,,Y,XR,Highway/Road/Alley/Street/Sidewalk,Street & Sidewalk,Asphyxiation,Minor Injury,C
209928905,188804864,2024-03-12,St. Paul,MN0620900,13A,B,B,N,M,25,,N,OF;VO,Residence/Home,Home,Personal Weapons,,C
209928906,188804864,2024-03-12,St. Paul,MN0620900,13A,B,B,N,M,24,,N,OF;VO,Residence/Home,Home,Personal Weapons,,C
209928907,188804864,2024-03-12,St. Paul,MN0620900,13A,B,B,N,M,42,,N,OF;VO,Residence/Home,Home,Personal Weapons,Minor Injury,C
211881615,190498918,2024-03-12,St. Paul,MN0620900,13A,B,B,N,M,29,,Y,XR,Highway/Road/Alley/Street/Sidewalk,Street & Sidewalk,Motor Vehicle/Vessel,Apparent Broken Bones,C
216877062,194844915,2024-03-12,St. Paul,MN0620900,13A,B,B,N,M,34,,N,RU,Convenience Store,Convenience Store,Knife/Cutting Instrument;Personal Weapons,Minor Injury,C
221975506,199276275,2024-03-12,St. Paul,MN0620900,13A,B,B,N,F,25,,N,RU,Highway/Road/Alley/Street/Sidewalk,Street & Sidewalk,Firearm,Other Major Injury,C
208773972,187796152,2024-03-13,St. Paul,MN0620900,13A,B,B,N,M,46,,N,RU,Highway/Road/Alley/Street/Sidewalk,Street & Sidewalk,Knife/Cutting Instrument,,C
209457330,188388962,2024-03-14,St. Paul,MN0620900,13A,B,B,N,F,38,,N,RU,Highway/Road/Alley/Street/Sidewalk,Street & Sidewalk,Handgun,,C
209593383,188508661,2024-03-14,St. Paul,MN0620900,13A,U,U,U,M,36,,N,NE,Residence/Home,Home,Blunt Object,,C
210835095,189590267,2024-03-14,St. Paul,MN0620900,13A,B,B,N,M,51,,N,RU,Highway/Road/Alley/Street/Sidewalk,Street & Sidewalk,Knife/Cutting Instrument,Other Major Injury,C
220883566,198329161,2024-03-14,St. Paul,MN0620900,13A,W,W,N,M,71,,Y,SE,Residence/Home,Home,Personal Weapons,Apparent Broken Bones,C
208953995,187952428,2024-03-15,St. Paul,MN0620900,13A,W,W,N,M,59,,N,RU,Highway/Road/Alley/Street/Sidewalk,Street & Sidewalk,Blunt Object,Other Major Injury;Possible Internal Injury,C
209026635,188015059,2024-03-15,St. Paul,MN0620900,13A,B,B,N,M,55,,Y,BG,Residence/Home,Home,Blunt Object,Minor Injury,C
209457371,188389000,2024-03-15,St. Paul,MN0620900,13A,W,W,N,F,52,,Y,BG,Residence/Home,Home,Asphyxiation;Personal Weapons,Minor Injury,C
210373529,189189902,2024-03-15,St. Paul,MN0620900,13A,U,U,U,F,27,,Y,XR,Residence/Home,Home,Unknown,,C
211057510,189779211,2024-03-15,St. Paul,MN0620900,13A,B,B,N,F,44,,N,RU,Service/Gas Station,Gas Station,Other,,C
219558139,197171377,2024-03-15,St. Paul,MN0620900,13A,B,B,N,M,53,,N,RU,Bar/Nightclub,Bar & Nightclub,Personal Weapons,Possible Internal Injury,C
229041624,205445561,2024-03-15,St. Paul,MN0620900,13A,B,B,N,M,25,,N,RU,Service/Gas Station,Gas Station,Firearm,Minor Injury,C
209104645,188082816,2024-03-16,St. Paul,MN0620900,13A,W,W,N,F,60,,N,RU,Highway/Road/Alley/Street/Sidewalk,Street & Sidewalk,Handgun,,C
209850716,188736651,2024-03-16,St. Paul,MN0620900,13A,B,B,U,M,16,,N,RU,Highway/Road/Alley/Street/Sidewalk,Street & Sidewalk,Firearm,Other Major Injury,C
209183577,188151253,2024-03-17,St. Paul,MN0620900,13A,B,B,N,F,26,,Y,BG,Residence/Home,Home,Firearm,Minor Injury,C
230569654,206774941,2024-03-17,St. Paul,MN0620900,13A,B,B,N,F,16,,N,RU;ST,Parking/Drop Lot/Garage,Parking Lot,Firearm,Minor Injury,C
212654215,191172509,2024-03-18,St. Paul,MN0620900,13A,B,B,N,F,26,,N,OF,Residence/Home,Home,Handgun,,C
209104662,188082832,2024-03-19,St. Paul,MN0620900,13A,W,W,N,F,18,,N,RU,Residence/Home,Home,Handgun,,C
210971205,189705813,2024-03-19,St. Paul,MN0620900,13A,A,A,N,M,51,,N,RU,Residence/Home,Home,Handgun,,C
217819704,195664155,2024-03-19,St. Paul,MN0620900,13A,W,W,N,M,61,,N,AQ,Highway/Road/Alley/Street/Sidewalk,Street & Sidewalk,Blunt Object,Severe Laceration,C
209183588,188151263,2024-03-20,St. Paul,MN0620900,13A,H,W,H,M,29,,N,OK,Residence/Home,Home,Knife/Cutting Instrument,,C
209183589,188151263,2024-03-20,St. Paul,MN0620900,13A,H,W,H,M,22,,N,AQ,Residence/Home,Home,Knife/Cutting Instrument,,C
209183590,188151263,2024-03-20,St. Paul,MN0620900,13A,H,W,H,M,31,,N,AQ,Residence/Home,Home,Knife/Cutting Instrument,,C
210997076,189727861,2024-03-20,St. Paul,MN0620900,13A,B,B,N,M,22,,N,AQ,Residence/Home,Home,Handgun,,C
209457791,188389388,2024-03-21,St. Paul,MN0620900,13A,B,B,U,M,7,,N,AQ,School-Elementary/Secondary,K-12 School,Blunt Object,Minor Injury,C
210739841,189508335,2024-03-21,St. Paul,MN0620900,13A,U,U,X,U,,,N,OK,School-Elementary/Secondary,K-12 School,,,C
210739842,189508336,2024-03-21,St. Paul,MN0620900,13A,B,B,N,M,34,,N,RU,Parking/Drop Lot/Garage,Parking Lot,Blunt Object,Apparent Broken Bones;Severe Laceration,C
213749238,192126039,2024-03-21,St. Paul,MN0620900,13A,B,B,U,M,43,,Y,BG,Residence/Home,Home,Firearm,,C
209457811,188389407,2024-03-22,St. Paul,MN0620900,13A,W,W,N,F,39,,Y,BG,Residence/Home,Home,Blunt Object,,C
210739868,189508356,2024-03-22,St. Paul,MN0620900,13A,B,B,N,M,34,,N,RU,Camp/Campground,Campground,Knife/Cutting Instrument,Other Major Injury,C
211229451,189927483,2024-03-22,St. Paul,MN0620900,13A,W,W,N,F,21,,Y,AQ;BG;CH;RU;VO,Residence/Home,Home,Personal Weapons,Possible Internal Injury,C
209372216,188313936,2024-03-24,St. Paul,MN0620900,13A,W,W,U,F,36,,N,RU,Residence/Home,Home,Asphyxiation;Personal Weapons,Minor Injury,C
209457955,188389526,2024-03-24,St. Paul,MN0620900,13A,W,W,N,F,40,,N,RU,Residence/Home,Home,Blunt Object,Minor Injury,C
209593571,188508814,2024-03-24,St. Paul,MN0620900,13A,B,B,N,F,14,,N,AQ,Residence/Home,Home,Handgun,,C
209593572,188508814,2024-03-24,St. Paul,MN0620900,13A,B,B,N,F,12,,N,AQ,Residence/Home,Home,Handgun,,C
209928952,188804904,2024-03-24,St. Paul,MN0620900,13A,W,W,U,M,38,,N,ST,Residence/Home,Home,Handgun,,C
210854965,189607687,2024-03-24,St. Paul,MN0620900,13A,W,W,N,F,54,,Y,BG,Highway/Road/Alley/Street/Sidewalk,Street & Sidewalk,Asphyxiation;Personal Weapons,Possible Internal Injury,C
209996808,188861930,2024-03-25,St. Paul,MN0620900,13A,B,B,N,F,56,,N,RU,Residence/Home,Home,Knife/Cutting Instrument,Minor Injury,C
211229494,189927522,2024-03-25,St. Paul,MN0620900,13A,W,W,N,F,53,,N,RU,Hotel/Motel/Etc.,Hotel & Motel,Handgun,,C
211229495,189927522,2024-03-25,St. Paul,MN0620900,13A,B,B,N,F,10,,N,RU,Hotel/Motel/Etc.,Hotel & Motel,Handgun,,C
211229496,189927522,2024-03-25,St. Paul,MN0620900,13A,B,B,N,F,31,,N,RU,Hotel/Motel/Etc.,Hotel & Motel,Handgun,,C
211684387,190325772,2024-03-25,St. Paul,MN0620900,13A,H,W,H,F,39,,Y,BG,Residence/Home,Home,Asphyxiation,Possible Internal Injury;Unconscious,C
213831452,192199011,2024-03-25,St. Paul,MN0620900,13A,U,U,U,F,36,,N,AQ,Other/Unknown,Other & Unknown,Firearm,,C
213831453,192199011,2024-03-25,St. Paul,MN0620900,13A,U,U,U,M,17,,N,AQ,Other/Unknown,Other & Unknown,Firearm,,C
214090040,192422598,2024-03-26,St. Paul,MN0620900,13A,H,W,H,M,24,,N,RU,Highway/Road/Alley/Street/Sidewalk,Street & Sidewalk,Firearm,,C
214090041,192422598,2024-03-26,St. Paul,MN0620900,13A,H,W,H,M,22,,N,RU,Highway/Road/Alley/Street/Sidewalk,Street & Sidewalk,Firearm,,C
210067373,188923642,2024-03-27,St. Paul,MN0620900,13A,B,B,N,F,28,,Y,BG,Residence/Home,Home,Knife/Cutting Instrument,,C
210371586,189188208,2024-03-27,St. Paul,MN0620900,13A,W,W,U,F,24,,Y,BG;RU,Residence/Home,Home,Knife/Cutting Instrument,Other Major Injury,C
212175367,190757118,2024-03-27,St. Paul,MN0620900,13A,B,B,N,M,17,,N,RU,Highway/Road/Alley/Street/Sidewalk,Street & Sidewalk,Firearm,,C
227347885,203958467,2024-03-27,St. Paul,MN0620900,13A,B,B,N,M,22,,N,RU,Residence/Home,Home,Handgun,Other Major Injury,C
209769625,188665965,2024-03-28,St. Paul,MN0620900,13A,W,W,N,M,36,,Y,SE,Residence/Home,Home,Knife/Cutting Instrument,,C
210003587,188867772,2024-03-28,St. Paul,MN0620900,13A,W,W,N,F,39,,N,RU,Residence/Home,Home,Other,,C
210202265,189040708,2024-03-28,St. Paul,MN0620900,13A,B,B,N,F,33,,Y,SE,Highway/Road/Alley/Street/Sidewalk,Street & Sidewalk,Motor Vehicle/Vessel,Apparent Broken Bones;Possible Internal Injury,C
210971269,189705870,2024-03-28,St. Paul,MN0620900,13A,B,B,N,M,66,,N,RU,Highway/Road/Alley/Street/Sidewalk,Street & Sidewalk,Firearm,,C
210971270,189705870,2024-03-28,St. Paul,MN0620900,13A,B,B,N,F,43,,N,RU,Highway/Road/Alley/Street/Sidewalk,Street & Sidewalk,Firearm,,C
209929099,188805027,2024-03-29,St. Paul,MN0620900,13A,B,B,N,F,46,,Y,BG,Parking/Drop Lot/Garage,Parking Lot,Blunt Object,Minor Injury,C
210371597,189188218,2024-03-29,St. Paul,MN0620900,13A,A,A,N,M,36,,N,RU,Residence/Home,Home,Knife/Cutting Instrument,,C
212279822,190848618,2024-03-29,St. Paul,MN0620900,13A,B,B,N,M,34,,N,SB,Residence/Home,Home,Firearm,Apparent Broken Bones,C
215056490,193261453,2024-03-29,St. Paul,MN0620900,13A,B,B,N,F,40,,N,RU,Highway/Road/Alley/Street/Sidewalk,Street & Sidewalk,Firearm,,C
215056491,193261453,2024-03-29,St. Paul,MN0620900,13A,B,B,N,F,6,,N,RU,Highway/Road/Alley/Street/Sidewalk,Street & Sidewalk,Firearm,,C
215056492,193261453,2024-03-29,St. Paul,MN0620900,13A,B,B,N,M,14,,N,RU,Highway/Road/Alley/Street/Sidewalk,Street & Sidewalk,Firearm,,C
215056493,193261453,2024-03-29,St. Paul,MN0620900,13A,B,B,N,M,12,,N,RU,Highway/Road/Alley/Street/Sidewalk,Street & Sidewalk,Firearm,,C
215056494,193261453,2024-03-29,St. Paul,MN0620900,13A,B,B,N,F,9,,N,RU,Highway/Road/Alley/Street/Sidewalk,Street & Sidewalk,Firearm,,C
215388847,193551115,2024-03-29,St. Paul,MN0620900,13A,W,W,N,F,59,,N,AQ,Residence/Home,Home,Firearm,,C
219637102,197240612,2024-03-29,St. Paul,MN0620900,13A,U,U,U,F,31,,N,SB,Highway/Road/Alley/Street/Sidewalk,Street & Sidewalk,Firearm;Knife/Cutting Instrument,,C
219637103,197240612,2024-03-29,St. Paul,MN0620900,13A,U,U,U,M,27,,N,AQ,Highway/Road/Alley/Street/Sidewalk,Street & Sidewalk,Firearm;Knife/Cutting Instrument,,C
226312413,203058902,2024-03-29,St. Paul,MN0620900,13A,B,B,N,M,11,,N,RU,Residence/Home,Home,Handgun,Other Major Injury,C
210007218,188870855,2024-03-30,St. Paul,MN0620900,13A,H,W,H,F,43,,N,RU,Residence/Home,Home,Asphyxiation;Personal Weapons,Minor Injury,C
212279823,190848619,2024-03-30,St. Paul,MN0620900,13A,B,B,N,F,24,,N,RU,Residence/Home,Home,Handgun;Personal Weapons,Minor Injury,C
213652728,192040104,2024-03-30,St. Paul,MN0620900,13A,B,B,N,F,25,,Y,SE,Hotel/Motel/Etc.,Hotel & Motel,Asphyxiation,Minor Injury,C
216492070,194508610,2024-03-30,St. Paul,MN0620900,13A,W,W,N,M,69,,N,RU;ST,Hotel/Motel/Etc.,Hotel & Motel,Firearm;Handgun,,C
210997282,189728038,2024-03-31,St. Paul,MN0620900,13A,W,W,N,F,23,,Y,BG,Residence/Home,Home,Knife/Cutting Instrument;Personal Weapons,Minor Injury,C
212279826,190848622,2024-03-31,St. Paul,MN0620900,13A,B,B,N,F,26,,Y,RU;XR,Highway/Road/Alley/Street/Sidewalk,Street & Sidewalk,Firearm,,C
212654224,191172518,2024-03-31,St. Paul,MN0620900,13A,B,B,N,F,24,,Y,BG,Residence/Home,Home,Asphyxiation,Other Major Injury;Unconscious,C
215217897,193403702,2024-03-31,St. Paul,MN0620900,13A,H,W,H,F,22,,Y,SE,Residence/Home,Home,Asphyxiation;Personal Weapons,Minor Injury;Possible Internal Injury,C
213831457,192199015,2024-04-01,St. Paul,MN0620900,13A,B,B,N,F,25,,N,SB,Residence/Home,Home,Blunt Object;Personal Weapons,Minor Injury,C
216492142,194508638,2024-04-01,St. Paul,MN0620900,13A,U,U,X,U,,,N,RU,Highway/Road/Alley/Street/Sidewalk,Street & Sidewalk,Firearm,,C
210371734,189188341,2024-04-03,St. Paul,MN0620900,13A,H,W,H,F,29,,Y,SE,Residence/Home,Home,Asphyxiation;Personal Weapons,,C
210708339,189481811,2024-04-03,St. Paul,MN0620900,13A,W,W,N,F,56,,N,RU,Other/Unknown,Other & Unknown,,,C
213831460,192199017,2024-04-03,St. Paul,MN0620900,13A,B,B,N,F,36,,Y,BG,Residence/Home,Home,Asphyxiation;Personal Weapons,Possible Internal Injury,C
218703110,196426567,2024-04-03,St. Paul,MN0620900,13A,B,B,N,M,58,,N,RU,Shelter-Mission/Homeless,Shelter,Knife/Cutting Instrument,Severe Laceration,C
218288301,196068572,2024-04-04,St. Paul,MN0620900,13A,B,B,N,F,25,,N,RU,Bar/Nightclub,Bar & Nightclub,Handgun,Minor Injury,C
210334444,189156232,2024-04-06,St. Paul,MN0620900,13A,U,U,U,F,27,,N,RU,Residence/Home,Home,Knife/Cutting Instrument,,C
210371800,189188401,2024-04-06,St. Paul,MN0620900,13A,W,W,N,F,26,,Y,BG,Residence/Home,Home,Personal Weapons,Possible Internal Injury,C
211229691,189927690,2024-04-06,St. Paul,MN0620900,13A,U,U,U,M,33,,N,RU,Highway/Road/Alley/Street/Sidewalk,Street & Sidewalk,Knife/Cutting Instrument,Other Major Injury,C
211229712,189927710,2024-04-06,St. Paul,MN0620900,13A,B,B,N,M,23,,N,RU,Shelter-Mission/Homeless,Shelter,Knife/Cutting Instrument,,C
214090109,192422652,2024-04-06,St. Paul,MN0620900,13A,B,B,U,F,22,,Y,BG,Residence/Home,Home,Firearm,,C
218093593,195899536,2024-04-06,St. Paul,MN0620900,13A,A,A,N,M,9,,N,RU,Residence/Home,Home,Firearm,Minor Injury,C
214935540,193156163,2024-04-07,St. Paul,MN0620900,13A,B,B,N,F,37,,Y,BG,Highway/Road/Alley/Street/Sidewalk,Street & Sidewalk,Personal Weapons,Possible Internal Injury;Unconscious,C
210971292,189705890,2024-04-08,St. Paul,MN0620900,13A,W,W,N,M,60,,N,NE,Residence/Home,Home,Blunt Object,,C
210971293,189705890,2024-04-08,St. Paul,MN0620900,13A,U,U,U,M,50,,N,NE,Residence/Home,Home,Blunt Object,,C
210334857,189156570,2024-04-09,St. Paul,MN0620900,13A,U,U,U,M,37,,N,RU,Residence/Home,Home,Knife/Cutting Instrument,Severe Laceration,C
217357949,195261955,2024-04-09,St. Paul,MN0620900,13A,W,W,N,F,39,,N,RU,Residence/Home,Home,Knife/Cutting Instrument,Minor Injury,C
210372233,189188778,2024-04-10,St. Paul,MN0620900,13A,B,B,N,M,11,,N,RU,Park/Playground,Park & Playground,Knife/Cutting Instrument,,C
210372234,189188778,2024-04-10,St. Paul,MN0620900,13A,B,B,N,F,8,,N,RU,Park/Playground,Park & Playground,Knife/Cutting Instrument,,C
210372235,189188778,2024-04-10,St. Paul,MN0620900,13A,B,B,N,M,10,,N,RU,Park/Playground,Park & Playground,Knife/Cutting Instrument,,C
210372236,189188778,2024-04-10,St. Paul,MN0620900,13A,B,B,N,F,11,,N,RU,Park/Playground,Park & Playground,Knife/Cutting Instrument,,C
210854974,189607695,2024-04-10,St. Paul,MN0620900,13A,A,A,N,M,15,,N,FR;RU,Highway/Road/Alley/Street/Sidewalk,Street & Sidewalk,Firearm,Minor Injury,C
211461162,190133927,2024-04-10,St. Paul,MN0620900,13A,W,W,N,F,34,,N,RU,Highway/Road/Alley/Street/Sidewalk,Street & Sidewalk,Knife/Cutting Instrument,,C
212098524,190689151,2024-04-10,St. Paul,MN0620900,13A,U,U,U,F,27,,Y,BG,Highway/Road/Alley/Street/Sidewalk,Street & Sidewalk,Knife/Cutting Instrument;Personal Weapons,Minor Injury,C
212098545,190689171,2024-04-10,St. Paul,MN0620900,13A,B,B,N,M,50,,Y,XR,Residence/Home,Home,Blunt Object,Severe Laceration,C
213831467,192199023,2024-04-11,St. Paul,MN0620900,13A,U,U,U,F,34,,Y,BG,Residence/Home,Home,Blunt Object;Personal Weapons,Other Major Injury;Unconscious,C
210646952,189428420,2024-04-12,St. Paul,MN0620900,13A,B,B,N,F,43,,Y,BG,Residence/Home,Home,Blunt Object,Minor Injury,C
214090110,192422653,2024-04-12,St. Paul,MN0620900,13A,B,B,N,M,18,,N,RU;ST,Highway/Road/Alley/Street/Sidewalk,Street & Sidewalk,Motor Vehicle/Vessel,Apparent Broken Bones;Other Major Injury;Possible Internal Injury,C
214090111,192422653,2024-04-12,St. Paul,MN0620900,13A,W,W,N,M,18,,N,RU;ST,Highway/Road/Alley/Street/Sidewalk,Street & Sidewalk,Motor Vehicle/Vessel,Minor Injury,C
210773827,189537596,2024-04-13,St. Paul,MN0620900,13A,H,W,H,M,26,,N,ST,Highway/Road/Alley/Street/Sidewalk,Street & Sidewalk,Blunt Object,Severe Laceration,C
210854977,189607698,2024-04-13,St. Paul,MN0620900,13A,H,W,H,F,23,,Y,BG,Residence/Home,Home,Blunt Object,,C
210997328,189728080,2024-04-13,St. Paul,MN0620900,13A,U,U,U,F,20,,N,RU,Highway/Road/Alley/Street/Sidewalk,Street & Sidewalk,Firearm,,C
210997329,189728080,2024-04-13,St. Paul,MN0620900,13A,B,B,N,M,20,,N,RU,Highway/Road/Alley/Street/Sidewalk,Street & Sidewalk,Firearm,,C
215217908,193403710,2024-04-13,St. Paul,MN0620900,13A,U,U,U,F,30,,N,AQ;RU,Residence/Home,Home,Blunt Object,Possible Internal Injury,C
215273285,193451674,2024-04-13,St. Paul,MN0620900,13A,B,B,N,M,44,,Y,BG,Residence/Home,Home,Personal Weapons,Possible Internal Injury,C
227921659,204463884,2024-04-13,St. Paul,MN0620900,13A,U,U,X,U,,,N,RU,Highway/Road/Alley/Street/Sidewalk,Street & Sidewalk,Firearm,,C
210854995,189607710,2024-04-14,St. Paul,MN0620900,13A,B,B,N,M,59,,N,RU,Residence/Home,Home,Handgun,Minor Injury,C
210997335,189728084,2024-04-14,St. Paul,MN0620900,13A,B,B,U,F,52,,Y,BG,Residence/Home,Home,Personal Weapons,Possible Internal Injury,C
211069255,189789515,2024-04-14,St. Paul,MN0620900,13A,A,A,N,F,41,,N,RU,Residence/Home,Home,Unknown,Minor Injury,C
216040164,194117910,2024-04-14,St. Paul,MN0620900,13A,B,B,U,F,43,,Y,SE,Highway/Road/Alley/Street/Sidewalk,Street & Sidewalk,Motor Vehicle/Vessel,,C
216040165,194117910,2024-04-14,St. Paul,MN0620900,13A,B,B,U,F,36,,N,AQ,Highway/Road/Alley/Street/Sidewalk,Street & Sidewalk,Motor Vehicle/Vessel,,C
222343183,199595251,2024-04-14,St. Paul,MN0620900,13A,U,U,U,F,38,,N,RU,Highway/Road/Alley/Street/Sidewalk,Street & Sidewalk,Firearm,,C
210774023,189537732,2024-04-15,St. Paul,MN0620900,13A,A,A,U,M,35,,Y,BG,Highway/Road/Alley/Street/Sidewalk,Street & Sidewalk,Knife/Cutting Instrument,Other Major Injury,C
213831472,192199028,2024-04-15,St. Paul,MN0620900,13A,B,B,N,F,27,,Y,BG,Residence/Home,Home,Knife/Cutting Instrument,,C
217357950,195261956,2024-04-15,St. Paul,MN0620900,13A,B,B,N,F,46,,N,RU,Residence/Home,Home,Firearm,,C
224391119,201378091,2024-04-15,St. Paul,MN0620900,13A,W,W,U,M,42,,N,RU,Parking/Drop Lot/Garage,Parking Lot,Personal Weapons,Loss of Teeth,C
211461398,190134129,2024-04-17,St. Paul,MN0620900,13A,U,U,U,M,38,,N,RU,Highway/Road/Alley/Street/Sidewalk,Street & Sidewalk,Firearm,,C
211882144,190499346,2024-04-17,St. Paul,MN0620900,13A,B,B,U,F,23,,N,RU,Residence/Home,Home,Asphyxiation;Personal Weapons,Minor Injury,C
223328597,200455607,2024-04-17,St. Paul,MN0620900,13A,B,B,N,F,41,,Y,SE,Residence/Home,Home,Handgun,,C
223328598,200455607,2024-04-17,St. Paul,MN0620900,13A,B,B,N,F,33,,N,OK,Residence/Home,Home,Handgun,,C
210971327,189705919,2024-04-18,St. Paul,MN0620900,13A,U,U,U,F,26,,N,RU,Residence/Home,Home,Knife/Cutting Instrument,,C
212654248,191172539,2024-04-18,St. Paul,MN0620900,13A,U,U,U,F,16,,Y,XR,Residence/Home,Home,Firearm,,C
212863997,191355345,2024-04-18,St. Paul,MN0620900,13A,W,W,U,M,32,,N,RU,Other/Unknown,Other & Unknown,Other,,C
213750068,192126793,2024-04-18,St. Paul,MN0620900,13A,H,W,H,M,14,,N,RU,School-College/University,College,Blunt Object,,C
215149877,193343869,2024-04-18,St. Paul,MN0620900,13A,B,B,N,M,37,,N,RU,Highway/Road/Alley/Street/Sidewalk,Street & Sidewalk,Handgun,,C
215149878,193343869,2024-04-18,St. Paul,MN0620900,13A,B,B,N,M,51,,N,RU,Highway/Road/Alley/Street/Sidewalk,Street & Sidewalk,Handgun,,C
212049698,190647045,2024-04-19,St. Paul,MN0620900,13A,W,W,N,F,13,,N,RU,Highway/Road/Alley/Street/Sidewalk,Street & Sidewalk,Knife/Cutting Instrument,Minor Injury,C
212049699,190647045,2024-04-19,St. Paul,MN0620900,13A,W,W,N,F,70,,N,RU,Highway/Road/Alley/Street/Sidewalk,Street & Sidewalk,Knife/Cutting Instrument,Minor Injury,C
224070250,201098129,2024-04-19,St. Paul,MN0620900,13A,B,B,N,M,18,,N,RU,Highway/Road/Alley/Street/Sidewalk,Street & Sidewalk,Knife/Cutting Instrument,Other Major Injury,C
211229754,189927746,2024-04-20,St. Paul,MN0620900,13A,U,U,U,M,24,,N,FR,Residence/Home,Home,Blunt Object,Apparent Broken Bones,C
211239521,189936221,2024-04-20,St. Paul,MN0620900,13A,H,U,H,F,26,,N,RU,Residence/Home,Home,Personal Weapons,Possible Internal Injury,C
212049757,190647089,2024-04-20,St. Paul,MN0620900,13A,U,U,N,M,51,,N,ST,Arena/Stadium/Fairgrounds/Coliseum,Arena & Stadium,Knife/Cutting Instrument,,C
211229762,189927754,2024-04-22,St. Paul,MN0620900,13A,A,A,N,M,28,,N,RU,Residence/Home,Home,Drugs/Narcotics/Sleeping Pills;Personal Weapons,Minor Injury,C
212864008,191355354,2024-04-22,St. Paul,MN0620900,13A,H,U,H,M,46,,N,RU,Highway/Road/Alley/Street/Sidewalk,Street & Sidewalk,Firearm,,C
217358055,195262044,2024-04-22,St. Paul,MN0620900,13A,B,B,N,F,42,,Y,SE,Residence/Home,Home,Knife/Cutting Instrument,,C
212908045,191393110,2024-04-23,St. Paul,MN0620900,13A,W,W,N,M,31,,N,RU,Department/Discount Store,Department Store,Knife/Cutting Instrument,,C
213831478,192199034,2024-04-23,St. Paul,MN0620900,13A,H,W,H,M,23,,N,RU,Convenience Store,Convenience Store,Personal Weapons,Apparent Broken Bones;Other Major Injury;Possible Internal Injury;Unconscious,C
219558287,197171517,2024-04-23,St. Paul,MN0620900,13A,U,U,N,M,39,,N,ST,Convenience Store,Convenience Store,Other,,C
225742268,202563268,2024-04-23,St. Paul,MN0620900,13A,H,W,H,F,25,,Y,BG,Residence/Home,Home,Blunt Object,,C
226158339,202924030,2024-04-23,St. Paul,MN0620900,13A,W,W,U,F,34,,N,RU,Highway/Road/Alley/Street/Sidewalk,Street & Sidewalk,Firearm,,C
212864020,191355363,2024-04-24,St. Paul,MN0620900,13A,U,U,N,F,33,,N,RU,Highway/Road/Alley/Street/Sidewalk,Street & Sidewalk,Firearm,,C
214286010,192591651,2024-04-24,St. Paul,MN0620900,13A,B,B,U,F,35,,N,AQ,Highway/Road/Alley/Street/Sidewalk,Street & Sidewalk,Blunt Object,Minor Injury,C
211562050,190218171,2024-04-25,St. Paul,MN0620900,13A,B,B,N,M,46,,N,RU,Residence/Home,Home,Handgun,,C
211562051,190218171,2024-04-25,St. Paul,MN0620900,13A,B,B,N,F,18,,N,RU,Residence/Home,Home,Handgun,,C
211562053,190218171,2024-04-25,St. Paul,MN0620900,13A,H,B,H,F,39,,N,RU,Residence/Home,Home,Handgun,,C
211686517,190327648,2024-04-25,St. Paul,MN0620900,13A,B,B,U,M,26,,N,RU,Parking/Drop Lot/Garage,Parking Lot,Knife/Cutting Instrument,,C
212864050,191355391,2024-04-25,St. Paul,MN0620900,13A,B,B,N,M,16,,N,AQ,School-Elementary/Secondary,K-12 School,Handgun,,C
219558396,197171622,2024-04-25,St. Paul,MN0620900,13A,W,W,U,M,63,,N,ST,Grocery/Supermarket,Grocery Store,Personal Weapons,Loss of Teeth;Severe Laceration,C
211562189,190218293,2024-04-26,St. Paul,MN0620900,13A,W,W,N,F,48,,N,NE,Residence/Home,Home,Handgun,,C
211562192,190218296,2024-04-26,St. Paul,MN0620900,13A,B,B,N,F,39,,Y,XR,Residence/Home,Home,Asphyxiation,Minor Injury,C
212098652,190689263,2024-04-26,St. Paul,MN0620900,13A,U,U,U,M,47,,Y,BG,Residence/Home,Home,Knife/Cutting Instrument,Minor Injury,C
215388862,193551126,2024-04-26,St. Paul,MN0620900,13A,W,W,N,M,58,,N,ST,Restaurant,Restaurant,,Severe Laceration;Unconscious,C
211562212,190218315,2024-04-27,St. Paul,MN0620900,13A,B,B,N,F,49,,N,RU,Residence/Home,Home,Handgun,,C
211562258,190218351,2024-04-27,St. Paul,MN0620900,13A,B,B,N,M,59,,Y,BG,Residence/Home,Home,Blunt Object,Other Major Injury,C
213464432,191873173,2024-04-27,St. Paul,MN0620900,13A,W,W,N,F,21,,N,AQ,Shelter-Mission/Homeless,Shelter,Blunt Object,Severe Laceration,C
214090124,192422663,2024-04-27,St. Paul,MN0620900,13A,W,W,N,F,38,,Y,BG,Residence/Home,Home,Other,,C
212946868,191426221,2024-04-28,St. Paul,MN0620900,13A,B,B,N,M,42,,N,RU,Field/Woods,Field & Woods,Knife/Cutting Instrument,Severe Laceration,C
213750389,192127082,2024-04-28,St. Paul,MN0620900,13A,B,B,N,F,31,,N,RU,Parking/Drop Lot/Garage,Parking Lot,Firearm,,C
218350218,196122173,2024-04-28,St. Paul,MN0620900,13A,W,W,U,M,54,,N,RU,Residence/Home,Home,Blunt Object,Minor Injury,C
212175815,190757439,2024-04-29,St. Paul,MN0620900,13A,W,W,U,F,39,,N,RU,Highway/Road/Alley/Street/Sidewalk,Street & Sidewalk,Motor Vehicle/Vessel,Apparent Broken Bones,C
212280417,190849032,2024-04-29,St. Paul,MN0620900,13A,H,U,H,F,42,,Y,SE,Other/Unknown,Other & Unknown,Knife/Cutting Instrument,,C
213464532,191873251,2024-04-29,St. Paul,MN0620900,13A,W,W,N,M,81,,N,RU,Highway/Road/Alley/Street/Sidewalk,Street & Sidewalk,Firearm,,C
213464533,191873251,2024-04-29,St. Paul,MN0620900,13A,W,W,U,F,25,,N,RU,Highway/Road/Alley/Street/Sidewalk,Street & Sidewalk,Firearm,,C
218834329,196540397,2024-04-29,St. Paul,MN0620900,13A,B,B,U,F,27,,N,RU,Highway/Road/Alley/Street/Sidewalk,Street & Sidewalk,Firearm,,C
212050531,190647783,2024-04-30,St. Paul,MN0620900,13A,W,W,N,M,67,,N,PA,Highway/Road/Alley/Street/Sidewalk,Street & Sidewalk,Motor Vehicle/Vessel,Minor Injury,C
215149926,193343908,2024-04-30,St. Paul,MN0620900,13A,W,W,N,M,50,,N,RU,Highway/Road/Alley/Street/Sidewalk,Street & Sidewalk,Unknown,Minor Injury,C
221238410,198638859,2024-04-30,St. Paul,MN0620900,13A,W,W,N,F,26,,N,AQ,Residence/Home,Home,Firearm,,C
221238411,198638859,2024-04-30,St. Paul,MN0620900,13A,W,W,U,F,30,,Y,BG,Residence/Home,Home,Firearm,,C
211563911,190219800,2024-05-01,St. Paul,MN0620900,13A,A,A,U,F,38,,Y,BG,Residence/Home,Home,Knife/Cutting Instrument,Minor Injury,C
212280371,190848992,2024-05-01,St. Paul,MN0620900,13A,W,W,N,M,42,,N,RU,Highway/Road/Alley/Street/Sidewalk,Street & Sidewalk,Knife/Cutting Instrument,Minor Injury,C
212654384,191172651,2024-05-01,St. Paul,MN0620900,13A,B,B,N,F,37,,Y,SE,Residence/Home,Home,Personal Weapons,Severe Laceration,C
214739740,192982651,2024-05-01,St. Paul,MN0620900,13A,B,B,U,F,46,,N,RU,Residence/Home,Home,Blunt Object;Handgun,,C
212050666,190647889,2024-05-02,St. Paul,MN0620900,13A,H,U,H,M,76,,N,RU,Residence/Home,Home,Knife/Cutting Instrument;Personal Weapons,Severe Laceration,C
211884589,190501523,2024-05-03,St. Paul,MN0620900,13A,W,W,N,F,33,,N,RU,Highway/Road/Alley/Street/Sidewalk,Street & Sidewalk,Knife/Cutting Instrument,Other Major Injury,C
211884596,190501529,2024-05-03,St. Paul,MN0620900,13A,U,U,N,F,34,,N,RU,Residence/Home,Home,Firearm,,C
221832259,199151402,2024-05-03,St. Paul,MN0620900,13A,W,W,N,M,21,,N,RU,Bar/Nightclub,Bar & Nightclub,Handgun,,C
221832260,199151402,2024-05-03,St. Paul,MN0620900,13A,W,W,N,M,24,,N,RU,Bar/Nightclub,Bar & Nightclub,Handgun,,C
211943092,190551681,2024-05-04,St. Paul,MN0620900,13A,A,A,U,F,30,,Y,SE,Residence/Home,Home,Knife/Cutting Instrument,Minor Injury,C
213831489,192199043,2024-05-04,St. Paul,MN0620900,13A,B,B,N,F,47,,N,RU,Residence/Home,Home,Firearm,,C
214090207,192422716,2024-05-04,St. Paul,MN0620900,13A,H,W,H,F,59,,Y,BG,Residence/Home,Home,Asphyxiation,Minor Injury,C
212654450,191172710,2024-05-05,St. Paul,MN0620900,13A,I,I,N,F,31,,Y,XR,Residence/Home,Home,Personal Weapons,Minor Injury,C
214131020,192457714,2024-05-05,St. Paul,MN0620900,13A,B,B,U,F,20,,Y,BG,Residence/Home,Home,Knife/Cutting Instrument,,C
220883818,198329372,2024-05-05,St. Paul,MN0620900,13A,B,B,N,M,44,,N,RU,Highway/Road/Alley/Street/Sidewalk,Street & Sidewalk,Firearm,Minor Injury,C
213831497,192199048,2024-05-06,St. Paul,MN0620900,13A,H,W,H,F,25,,N,CF,Residence/Home,Home,Asphyxiation,Minor Injury,C
214131026,192457719,2024-05-06,St. Paul,MN0620900,13A,B,B,N,F,31,,Y,XR,Other/Unknown,Other & Unknown,Handgun,,C
212280403,190849021,2024-05-07,St. Paul,MN0620900,13A,H,W,H,M,25,,N,RU,Highway/Road/Alley/Street/Sidewalk,Street & Sidewalk,Firearm,,C
218703164,196426618,2024-05-07,St. Paul,MN0620900,13A,B,B,N,M,17,,N,RU,Highway/Road/Alley/Street/Sidewalk,Street & Sidewalk,Firearm,Minor Injury,C
212280414,190849030,2024-05-09,St. Paul,MN0620900,13A,B,B,N,F,17,,N,RU,Residence/Home,Home,Blunt Object;Personal Weapons,Other Major Injury,C
222462891,199698529,2024-05-09,St. Paul,MN0620900,13A,A,A,U,M,31,,N,RU,Parking/Drop Lot/Garage,Parking Lot,Firearm,Other Major Injury;Severe Laceration,C
213464939,191873593,2024-05-10,St. Paul,MN0620900,13A,B,B,U,M,39,,N,RU,Highway/Road/Alley/Street/Sidewalk,Street & Sidewalk,Knife/Cutting Instrument,Other Major Injury,C
218095982,195901655,2024-05-10,St. Paul,MN0620900,13A,B,B,N,F,26,,Y,BG,Residence/Home,Home,Asphyxiation;Blunt Object;Personal Weapons,Minor Injury,C
224949031,201863427,2024-05-10,St. Paul,MN0620900,13A,B,B,N,F,29,,N,RU,Highway/Road/Alley/Street/Sidewalk,Street & Sidewalk,Handgun,,C
212281251,190849808,2024-05-11,St. Paul,MN0620900,13A,U,U,U,M,22,,N,RU,Residence/Home,Home,Firearm,Minor Injury,C
212910311,191395154,2024-05-11,St. Paul,MN0620900,13A,W,W,N,F,37,,N,AQ,Residence/Home,Home,Knife/Cutting Instrument,Other Major Injury;Severe Laceration,C
213250615,191687777,2024-05-11,St. Paul,MN0620900,13A,W,W,U,M,30,,N,RU,Highway/Road/Alley/Street/Sidewalk,Street & Sidewalk,Knife/Cutting Instrument,Other Major Injury;Possible Internal Injury,C
219430615,197059803,2024-05-11,St. Paul,MN0620900,13A,B,B,N,F,33,,Y,BG,Residence/Home,Home,Blunt Object,Minor Injury,C
212281264,190849818,2024-05-12,St. Paul,MN0620900,13A,B,B,U,M,31,,N,RU,Residence/Home,Home,Asphyxiation;Blunt Object;Personal Weapons,Severe Laceration,C
212281265,190849818,2024-05-12,St. Paul,MN0620900,13A,B,B,U,F,44,,N,RU,Residence/Home,Home,Asphyxiation;Blunt Object;Personal Weapons,Minor Injury,C
212281274,190849826,2024-05-12,St. Paul,MN0620900,13A,B,B,N,F,36,,Y,BG,Residence/Home,Home,Asphyxiation,,C
212385139,190940258,2024-05-12,St. Paul,MN0620900,13A,B,B,N,F,17,,N,RU,Residence/Home,Home,Asphyxiation;Personal Weapons,Minor Injury,C
213018267,191488114,2024-05-12,St. Paul,MN0620900,13A,W,W,N,M,16,,N,RU,Highway/Road/Alley/Street/Sidewalk,Street & Sidewalk,Handgun,,C
212692750,191205480,2024-05-13,St. Paul,MN0620900,13A,B,B,N,F,26,,N,RU,Service/Gas Station,Gas Station,Handgun,,C
212864588,191355876,2024-05-13,St. Paul,MN0620900,13A,B,B,N,M,7,,N,RU,Residence/Home,Home,Blunt Object,,C
212864589,191355876,2024-05-13,St. Paul,MN0620900,13A,B,B,N,M,12,,N,RU,Residence/Home,Home,Blunt Object,Severe Laceration,C
213333530,191758531,2024-05-13,St. Paul,MN0620900,13A,U,U,U,M,46,,N,RU,Parking/Drop Lot/Garage,Parking Lot,Blunt Object,Minor Injury,C
213831523,192199070,2024-05-13,St. Paul,MN0620900,13A,W,W,U,M,18,,N,CH;VO,Residence/Home,Home,Knife/Cutting Instrument,,C
218288309,196068578,2024-05-13,St. Paul,MN0620900,13A,B,B,U,F,36,,Y,BG,Residence/Home,Home,Knife/Cutting Instrument,,C
212988929,191462640,2024-05-14,St. Paul,MN0620900,13A,W,W,N,F,48,,Y,BG,Residence/Home,Home,Personal Weapons,Possible Internal Injury,C
212864961,191356227,2024-05-15,St. Paul,MN0620900,13A,H,W,H,M,36,,N,ST,Residence/Home,Home,Handgun,,C
212970424,191446788,2024-05-15,St. Paul,MN0620900,13A,B,B,N,M,36,,N,OF;RU,Residence/Home,Home,Knife/Cutting Instrument;Personal Weapons,,C
224391152,201378124,2024-05-15,St. Paul,MN0620900,13A,U,U,U,M,38,,N,RU,Parking/Drop Lot/Garage,Parking Lot,Firearm,Minor Injury,C
220247722,197771388,2024-05-16,St. Paul,MN0620900,13A,W,W,N,F,63,,N,AQ,Highway/Road/Alley/Street/Sidewalk,Street & Sidewalk,Blunt Object,Possible Internal Injury;Unconscious,C
228713330,205160639,2024-05-16,St. Paul,MN0620900,13A,W,W,N,F,5,,N,RU,Residence/Home,Home,Blunt Object;Personal Weapons,Apparent Broken Bones;Possible Internal Injury,C
212864988,191356251,2024-05-17,St. Paul,MN0620900,13A,B,B,U,M,42,,N,FR,Residence/Home,Home,Knife/Cutting Instrument,Other Major Injury,C
212989058,191462748,2024-05-17,St. Paul,MN0620900,13A,W,W,N,F,41,,N,RU,Residence/Home,Home,Other,Minor Injury,C
213250630,191687788,2024-05-17,St. Paul,MN0620900,13A,H,B,H,F,36,,N,NE,Air/Bus/Train Terminal,Transit Station,Other,Minor Injury,C
213750458,192127141,2024-05-17,St. Paul,MN0620900,13A,W,W,N,F,25,,Y,BG,Residence/Home,Home,Asphyxiation;Personal Weapons,Possible Internal Injury,C
219817507,197395577,2024-05-17,St. Paul,MN0620900,13A,B,B,U,F,21,,N,RU,Highway/Road/Alley/Street/Sidewalk,Street & Sidewalk,Handgun,,C
219817508,197395577,2024-05-17,St. Paul,MN0620900,13A,B,B,U,F,36,,N,RU,Highway/Road/Alley/Street/Sidewalk,Street & Sidewalk,Handgun,,C
219817509,197395577,2024-05-17,St. Paul,MN0620900,13A,B,B,U,F,22,,N,RU,Highway/Road/Alley/Street/Sidewalk,Street & Sidewalk,Handgun,,C
227237455,203863405,2024-05-17,St. Paul,MN0620900,13A,U,U,U,F,27,,N,RU,Highway/Road/Alley/Street/Sidewalk,Street & Sidewalk,Firearm,,C
214090282,192422781,2024-05-18,St. Paul,MN0620900,13A,B,B,N,M,40,,N,SB,Highway/Road/Alley/Street/Sidewalk,Street & Sidewalk,Firearm,,C
215148375,193342583,2024-05-18,St. Paul,MN0620900,13A,W,W,U,M,53,,N,ST,Field/Woods,Field & Woods,Blunt Object,Possible Internal Injury,C
230469650,206686134,2024-05-18,St. Paul,MN0620900,13A,B,B,U,M,28,,N,RU,Highway/Road/Alley/Street/Sidewalk,Street & Sidewalk,Firearm,Other Major Injury;Possible Internal Injury,C
212865063,191356314,2024-05-19,St. Paul,MN0620900,13A,W,W,N,F,21,,N,RU,Residence/Home,Home,Firearm,,C
212865064,191356314,2024-05-19,St. Paul,MN0620900,13A,W,W,N,F,21,,N,RU,Residence/Home,Home,Firearm,,C
212916087,191400294,2024-05-19,St. Paul,MN0620900,13A,W,W,U,M,33,,N,NE,Residence/Home,Home,Other,Possible Internal Injury,C
213750541,192127214,2024-05-19,St. Paul,MN0620900,13A,W,W,N,F,43,,N,RU,Highway/Road/Alley/Street/Sidewalk,Street & Sidewalk,Personal Weapons,Possible Internal Injury,C
213750545,192127218,2024-05-19,St. Paul,MN0620900,13A,B,B,N,M,31,,Y,BG,Residence/Home,Home,Knife/Cutting Instrument,Minor Injury,C
215148377,193342585,2024-05-19,St. Paul,MN0620900,13A,B,B,U,M,34,,N,RU,Residence/Home,Home,Handgun,,C
215148378,193342585,2024-05-19,St. Paul,MN0620900,13A,B,B,U,F,28,,N,RU,Residence/Home,Home,Handgun,,C
215148379,193342585,2024-05-19,St. Paul,MN0620900,13A,B,B,U,F,,,N,RU,Residence/Home,Home,Handgun,,C
215148380,193342585,2024-05-19,St. Paul,MN0620900,13A,B,B,U,F,9,,N,RU,Residence/Home,Home,Handgun,,C
215148381,193342585,2024-05-19,St. Paul,MN0620900,13A,B,B,U,F,5,,N,RU,Residence/Home,Home,Handgun,,C
215148382,193342585,2024-05-19,St. Paul,MN0620900,13A,B,B,N,F,,,N,RU,Residence/Home,Home,Handgun,,C
215148386,193342589,2024-05-19,St. Paul,MN0620900,13A,W,W,U,M,48,,N,RU,Highway/Road/Alley/Street/Sidewalk,Street & Sidewalk,Knife/Cutting Instrument,,C
215733428,193852123,2024-05-19,St. Paul,MN0620900,13A,B,B,N,F,31,,N,RU,Highway/Road/Alley/Street/Sidewalk,Street & Sidewalk,Firearm,,C
212989274,191462926,2024-05-20,St. Paul,MN0620900,13A,H,B,H,F,23,,Y,BG,Residence/Home,Home,Knife/Cutting Instrument,Other Major Injury,C
212989345,191462987,2024-05-20,St. Paul,MN0620900,13A,B,B,N,F,45,,N,NE,Residence/Home,Home,Other,Minor Injury,C
214477951,192758316,2024-05-20,St. Paul,MN0620900,13A,U,U,U,M,36,,N,RU,Highway/Road/Alley/Street/Sidewalk,Street & Sidewalk,Knife/Cutting Instrument,Possible Internal Injury,C
216040701,194118406,2024-05-20,St. Paul,MN0620900,13A,U,U,U,M,30,,N,RU,School-Elementary/Secondary,K-12 School,Knife/Cutting Instrument,,C
216040702,194118406,2024-05-20,St. Paul,MN0620900,13A,W,W,U,M,52,,N,RU,School-Elementary/Secondary,K-12 School,Knife/Cutting Instrument,,C
222343211,199595275,2024-05-20,St. Paul,MN0620900,13A,B,B,U,M,41,,N,RU,Residence/Home,Home,Firearm;Knife/Cutting Instrument,Minor Injury,C
228628296,205087891,2024-05-21,St. Paul,MN0620900,13A,A,A,N,M,18,,N,RU,Residence/Home,Home,Firearm,Other Major Injury,C
213465017,191873662,2024-05-22,St. Paul,MN0620900,13A,W,W,N,F,40,,Y,SE,Residence/Home,Home,Personal Weapons,Possible Internal Injury,C
213250792,191687935,2024-05-23,St. Paul,MN0620900,13A,A,A,N,F,33,,Y,SE,Residence/Home,Home,Blunt Object,Minor Injury,C
213534449,191932570,2024-05-23,St. Paul,MN0620900,13A,B,B,N,F,27,,N,CF,Residence/Home,Home,Personal Weapons,Possible Internal Injury,C
223215339,200356013,2024-05-23,St. Paul,MN0620900,13A,B,B,N,F,64,,N,RU,Residence/Home,Home,Knife/Cutting Instrument,,C
213250802,191687944,2024-05-24,St. Paul,MN0620900,13A,A,A,U,F,56,,N,FR,Residence/Home,Home,Handgun;Unknown,Minor Injury,C
213465175,191873789,2024-05-24,St. Paul,MN0620900,13A,B,B,N,F,20,,Y,BG,Residence/Home,Home,Handgun,Minor Injury,C
214477961,192758325,2024-05-24,St. Paul,MN0620900,13A,B,B,N,M,34,,N,AQ,Convenience Store,Convenience Store,Knife/Cutting Instrument,,C
214477962,192758325,2024-05-24,St. Paul,MN0620900,13A,B,B,N,M,,,N,ST,Convenience Store,Convenience Store,Knife/Cutting Instrument,,C
215148400,193342603,2024-05-24,St. Paul,MN0620900,13A,H,W,H,M,37,,N,RU,Highway/Road/Alley/Street/Sidewalk,Street & Sidewalk,Rifle,,C
215148402,193342605,2024-05-24,St. Paul,MN0620900,13A,H,U,H,M,51,,N,ST,Highway/Road/Alley/Street/Sidewalk,Street & Sidewalk,Blunt Object,Minor Injury,C
215148403,193342605,2024-05-24,St. Paul,MN0620900,13A,H,W,H,M,78,,N,ST,Highway/Road/Alley/Street/Sidewalk,Street & Sidewalk,Blunt Object,Minor Injury,C
215148404,193342605,2024-05-24,St. Paul,MN0620900,13A,H,W,H,M,51,,N,RU,Highway/Road/Alley/Street/Sidewalk,Street & Sidewalk,Blunt Object,Minor Injury,C
218093602,195899544,2024-05-24,St. Paul,MN0620900,13A,B,B,N,M,42,,N,RU,Highway/Road/Alley/Street/Sidewalk,Street & Sidewalk,Firearm,Minor Injury,C
220431089,197931513,2024-05-24,St. Paul,MN0620900,13A,U,U,U,F,17,,Y,BG,Residence/Home,Home,Firearm,,C
213349919,191772535,2024-05-25,St. Paul,MN0620900,13A,B,B,N,F,34,,Y,BG,Residence/Home,Home,Blunt Object;Personal Weapons,Minor Injury,C
213465196,191873808,2024-05-25,St. Paul,MN0620900,13A,B,B,N,F,27,,N,RU,Residence/Home,Home,Handgun;Knife/Cutting Instrument,,C
215148410,193342611,2024-05-25,St. Paul,MN0620900,13A,W,W,N,F,27,,N,RU,Bar/Nightclub,Bar & Nightclub,Drugs/Narcotics/Sleeping Pills,,C
214253899,192563937,2024-05-26,St. Paul,MN0620900,13A,W,W,N,M,19,,N,RU,Highway/Road/Alley/Street/Sidewalk,Street & Sidewalk,Knife/Cutting Instrument,,C
214478041,192758387,2024-05-26,St. Paul,MN0620900,13A,I,I,N,F,57,,N,RU,Highway/Road/Alley/Street/Sidewalk,Street & Sidewalk,Other,Minor Injury,C
214681150,192932396,2024-05-26,St. Paul,MN0620900,13A,B,B,N,F,14,,N,RU,Residence/Home,Home,Firearm,,C
214681151,192932396,2024-05-26,St. Paul,MN0620900,13A,B,B,N,M,8,,N,RU,Residence/Home,Home,Firearm,,C
220756130,198216436,2024-05-26,St. Paul,MN0620900,13A,W,W,N,F,28,,N,RU,Residence/Home,Home,Firearm,Other Major Injury,C
220756131,198216436,2024-05-26,St. Paul,MN0620900,13A,B,B,N,F,20,,N,RU,Residence/Home,Home,Firearm,Other Major Injury,C
220756132,198216436,2024-05-26,St. Paul,MN0620900,13A,B,B,N,F,20,,N,RU,Residence/Home,Home,Firearm,Other Major Injury,C
220756133,198216436,2024-05-26,St. Paul,MN0620900,13A,U,U,N,M,23,,N,RU,Residence/Home,Home,Firearm,Other Major Injury,C
222462894,199698530,2024-05-26,St. Paul,MN0620900,13A,B,B,U,F,20,,N,RU,Park/Playground,Park & Playground,Firearm,Other Major Injury;Possible Internal Injury,C
222462895,199698530,2024-05-26,St. Paul,MN0620900,13A,B,B,N,F,20,,N,RU,Park/Playground,Park & Playground,Firearm,Other Major Injury;Possible Internal Injury;Unconscious,C
222462896,199698530,2024-05-26,St. Paul,MN0620900,13A,B,B,U,F,20,,N,RU,Park/Playground,Park & Playground,Firearm,Possible Internal Injury,C
214253900,192563938,2024-05-27,St. Paul,MN0620900,13A,B,B,N,F,25,,Y,XR,Residence/Home,Home,Asphyxiation;Personal Weapons,Minor Injury,C
215321288,193492868,2024-05-27,St. Paul,MN0620900,13A,B,B,N,F,31,,N,AQ,Residence/Home,Home,Handgun,Minor Injury,C
213673993,192058155,2024-05-28,St. Paul,MN0620900,13A,B,B,N,F,15,,Y,XR,Residence/Home,Home,Personal Weapons,Possible Internal Injury,C
215056517,193261469,2024-05-28,St. Paul,MN0620900,13A,B,B,N,F,27,,Y,XR,Residence/Home,Home,Knife/Cutting Instrument,,C
213674025,192058181,2024-05-29,St. Paul,MN0620900,13A,B,B,N,F,29,,N,RU,Highway/Road/Alley/Street/Sidewalk,Street & Sidewalk,Asphyxiation;Personal Weapons,Possible Internal Injury,C
215766557,193880787,2024-05-30,St. Paul,MN0620900,13A,B,B,N,F,30,,Y,BG,Residence/Home,Home,Asphyxiation;Personal Weapons,Possible Internal Injury;Unconscious,C
220170808,197704682,2024-05-30,St. Paul,MN0620900,13A,W,W,N,F,39,,N,RU,Residence/Home,Home,Firearm,Minor Injury,C
214090449,192422922,2024-05-31,St. Paul,MN0620900,13A,A,A,N,M,17,,N,RU,Restaurant,Restaurant,Knife/Cutting Instrument,,C
214090450,192422922,2024-05-31,St. Paul,MN0620900,13A,H,W,H,F,32,,N,RU,Restaurant,Restaurant,Knife/Cutting Instrument,,C
214253908,192563945,2024-05-31,St. Paul,MN0620900,13A,H,U,H,M,35,,N,OK,Highway/Road/Alley/Street/Sidewalk,Street & Sidewalk,Knife/Cutting Instrument,,C
215389037,193551261,2024-05-31,St. Paul,MN0620900,13A,W,W,N,F,21,,N,AQ,Highway/Road/Alley/Street/Sidewalk,Street & Sidewalk,Handgun,Other Major Injury;Severe Laceration,C
213468223,191876340,2024-06-01,St. Paul,MN0620900,13A,U,U,N,M,18,,N,ST,Highway/Road/Alley/Street/Sidewalk,Street & Sidewalk,Handgun,,C
213468224,191876340,2024-06-01,St. Paul,MN0620900,13A,U,U,U,F,17,,N,ST,Highway/Road/Alley/Street/Sidewalk,Street & Sidewalk,Handgun,,C
213750607,192127272,2024-06-01,St. Paul,MN0620900,13A,H,U,H,F,26,,N,RU,Residence/Home,Home,Handgun,,C
213750608,192127272,2024-06-01,St. Paul,MN0620900,13A,H,U,H,F,19,,N,RU,Residence/Home,Home,Handgun,,C
213831571,192199104,2024-06-01,St. Paul,MN0620900,13A,W,W,N,M,54,,N,RU,Highway/Road/Alley/Street/Sidewalk,Street & Sidewalk,Firearm,,C
213507003,191909364,2024-06-02,St. Paul,MN0620900,13A,W,W,N,M,51,,N,PA,Residence/Home,Home,Knife/Cutting Instrument,,C
216558808,194565963,2024-06-02,St. Paul,MN0620900,13A,U,U,U,F,28,,Y,XR,Residence/Home,Home,Handgun,,C
216558809,194565963,2024-06-02,St. Paul,MN0620900,13A,B,B,N,F,31,,N,OK,Residence/Home,Home,Handgun,,C
217248682,195166496,2024-06-02,St. Paul,MN0620900,13A,B,B,N,M,15,,N,RU,Highway/Road/Alley/Street/Sidewalk,Street & Sidewalk,Handgun,,C
213509150,191911148,2024-06-03,St. Paul,MN0620900,13A,W,W,U,F,37,,N,RU,Residence/Home,Home,Handgun,,C
213653598,192040854,2024-06-03,St. Paul,MN0620900,13A,B,B,N,F,28,,Y,BG,Residence/Home,Home,Asphyxiation,Minor Injury,C
214131278,192457884,2024-06-03,St. Paul,MN0620900,13A,W,W,N,F,38,,Y,XR,Highway/Road/Alley/Street/Sidewalk,Street & Sidewalk,Firearm,Minor Injury,C
215148473,193342669,2024-06-03,St. Paul,MN0620900,13A,B,B,N,F,20,,N,RU,Highway/Road/Alley/Street/Sidewalk,Street & Sidewalk,Knife/Cutting Instrument,Other Major Injury,C
218586597,196325231,2024-06-03,St. Paul,MN0620900,13A,B,B,N,F,17,,N,AQ,School-Elementary/Secondary,K-12 School,Poison,,C
225942080,202735860,2024-06-03,St. Paul,MN0620900,13A,A,A,N,M,22,,N,RU,Highway/Road/Alley/Street/Sidewalk,Street & Sidewalk,Firearm,Other Major Injury,C
213677732,192061398,2024-06-04,St. Paul,MN0620900,13A,B,B,N,F,29,,N,RU,Residence/Home,Home,Blunt Object;Personal Weapons,Minor Injury,C
213993655,192337864,2024-06-04,St. Paul,MN0620900,13A,B,B,N,F,47,,Y,SE,Residence/Home,Home,Asphyxiation;Personal Weapons,Unconscious,C
225742271,202563271,2024-06-04,St. Paul,MN0620900,13A,W,W,U,U,20,,Y,BG,Residence/Home,Home,Personal Weapons,Possible Internal Injury,C
230920089,207083186,2024-06-04,St. Paul,MN0620900,13A,B,B,N,M,38,,N,RU,Highway/Road/Alley/Street/Sidewalk,Street & Sidewalk,Handgun,Other Major Injury;Possible Internal Injury,C
232217996,208221433,2024-06-04,St. Paul,MN0620900,13A,B,B,N,M,63,,N,RU,Residence/Home,Home,Firearm,Minor Injury,C
213751272,192127856,2024-06-05,St. Paul,MN0620900,13A,A,A,N,M,45,,N,RU,Residence/Home,Home,Knife/Cutting Instrument,Severe Laceration,C
213831600,192199127,2024-06-05,St. Paul,MN0620900,13A,H,W,H,M,38,,N,RU,Park/Playground,Park & Playground,Unknown,Severe Laceration,C
214017978,192359075,2024-06-05,St. Paul,MN0620900,13A,B,B,N,F,21,,N,RU,Residence/Home,Home,Personal Weapons,Possible Internal Injury,C
214478085,192758426,2024-06-05,St. Paul,MN0620900,13A,U,U,U,F,29,,N,ST,Commercial/Office Building,Office Building,Blunt Object,Minor Injury,C
218728404,196448733,2024-06-05,St. Paul,MN0620900,13A,W,W,U,M,37,,N,RU,Highway/Road/Alley/Street/Sidewalk,Street & Sidewalk,Knife/Cutting Instrument,,C
213831621,192199145,2024-06-06,St. Paul,MN0620900,13A,B,B,N,M,37,,Y,BG,Residence/Home,Home,Knife/Cutting Instrument,,C
214277639,192584284,2024-06-06,St. Paul,MN0620900,13A,U,U,U,M,68,,N,ST,Liquor Store,Liquor Store,Knife/Cutting Instrument,,C
215056520,193261472,2024-06-06,St. Paul,MN0620900,13A,B,B,N,F,45,,N,AQ,Residence/Home,Home,Knife/Cutting Instrument,Minor Injury,C
215148484,193342676,2024-06-06,St. Paul,MN0620900,13A,B,B,N,F,43,,N,AQ,Residence/Home,Home,Handgun,,C
215148485,193342676,2024-06-06,St. Paul,MN0620900,13A,B,B,N,F,41,,N,AQ,Residence/Home,Home,Handgun,,C
215148486,193342676,2024-06-06,St. Paul,MN0620900,13A,B,B,N,F,46,,N,AQ,Residence/Home,Home,Handgun,,C
215148488,193342678,2024-06-06,St. Paul,MN0620900,13A,B,B,N,M,29,,N,RU,Department/Discount Store,Department Store,Firearm,,C
215594127,193730770,2024-06-06,St. Paul,MN0620900,13A,B,B,N,M,37,,Y,BG,Highway/Road/Alley/Street/Sidewalk,Street & Sidewalk,Handgun,,C
216148188,194210833,2024-06-06,St. Paul,MN0620900,13A,U,U,U,M,35,,N,RU,Highway/Road/Alley/Street/Sidewalk,Street & Sidewalk,Firearm,,C
214131784,192458312,2024-06-07,St. Paul,MN0620900,13A,W,W,N,M,23,,N,AQ;RU,Residence/Home,Home,Knife/Cutting Instrument,Minor Injury,C
214091009,192423373,2024-06-08,St. Paul,MN0620900,13A,B,B,N,M,51,,N,RU,Residence/Home,Home,Knife/Cutting Instrument;Personal Weapons,Minor Injury,C
218095989,195901662,2024-06-08,St. Paul,MN0620900,13A,B,B,N,F,20,,Y,BG,Residence/Home,Home,Knife/Cutting Instrument,,C
221640329,198985337,2024-06-08,St. Paul,MN0620900,13A,B,B,N,M,36,,N,RU,Residence/Home,Home,Handgun,,C
221640330,198985337,2024-06-08,St. Paul,MN0620900,13A,B,B,N,F,34,,N,RU,Residence/Home,Home,Handgun,,C
231156759,207298184,2024-06-08,St. Paul,MN0620900,13A,B,B,N,F,34,,N,RU,Residence/Home,Home,Firearm,,C
231156760,207298184,2024-06-08,St. Paul,MN0620900,13A,B,B,N,M,10,,N,RU,Residence/Home,Home,Firearm,,C
231156761,207298184,2024-06-08,St. Paul,MN0620900,13A,B,B,N,F,15,,N,RU,Residence/Home,Home,Firearm,,C
231156762,207298184,2024-06-08,St. Paul,MN0620900,13A,B,B,N,M,14,,N,RU,Residence/Home,Home,Firearm,,C
214091226,192423570,2024-06-09,St. Paul,MN0620900,13A,B,B,N,F,,,Y,BG,Residence/Home,Home,Handgun,Minor Injury,C
214131958,192458439,2024-06-09,St. Paul,MN0620900,13A,B,B,N,M,47,,N,AQ,Highway/Road/Alley/Street/Sidewalk,Street & Sidewalk,Knife/Cutting Instrument,Severe Laceration,C
214739780,192982682,2024-06-09,St. Paul,MN0620900,13A,B,B,N,F,47,,N,RU,Residence/Home,Home,Personal Weapons,Possible Internal Injury,C
215218387,193404120,2024-06-09,St. Paul,MN0620900,13A,B,B,N,F,30,,Y,BG,Residence/Home,Home,Asphyxiation;Personal Weapons,Minor Injury,C
220649602,198124308,2024-06-09,St. Paul,MN0620900,13A,B,B,N,M,52,,N,RU,Highway/Road/Alley/Street/Sidewalk,Street & Sidewalk,Firearm,,C
220756135,198216437,2024-06-09,St. Paul,MN0620900,13A,B,B,N,M,51,,N,FR,Residence/Home,Home,Firearm,Unconscious,C
215218416,193404143,2024-06-10,St. Paul,MN0620900,13A,U,U,U,F,16,,N,RU,Highway/Road/Alley/Street/Sidewalk,Street & Sidewalk,Personal Weapons,Possible Internal Injury,C
215389089,193551309,2024-06-10,St. Paul,MN0620900,13A,U,U,N,M,20,,N,OK,Highway/Road/Alley/Street/Sidewalk,Street & Sidewalk,Blunt Object,Loss of Teeth;Possible Internal Injury;Unconscious,C
215389090,193551309,2024-06-10,St. Paul,MN0620900,13A,H,U,H,F,29,,N,OK,Highway/Road/Alley/Street/Sidewalk,Street & Sidewalk,Blunt Object,Minor Injury,C
220649642,198124339,2024-06-10,St. Paul,MN0620900,13A,B,B,N,M,15,,N,RU,Residence/Home,Home,Handgun,Loss of Teeth,C
231706043,207774636,2024-06-10,St. Paul,MN0620900,13A,B,B,N,M,27,,N,RU,Highway/Road/Alley/Street/Sidewalk,Street & Sidewalk,Firearm,Possible Internal Injury;Severe Laceration,C
214254132,192564125,2024-06-11,St. Paul,MN0620900,13A,B,B,N,F,22,,N,RU,Residence/Home,Home,Knife/Cutting Instrument,,C
214254133,192564125,2024-06-11,St. Paul,MN0620900,13A,B,B,N,F,21,,N,CH,Residence/Home,Home,Knife/Cutting Instrument,,C
214739784,192982686,2024-06-11,St. Paul,MN0620900,13A,B,B,N,M,26,,N,NE,Highway/Road/Alley/Street/Sidewalk,Street & Sidewalk,Knife/Cutting Instrument,,C
215108057,193306939,2024-06-11,St. Paul,MN0620900,13A,B,B,N,F,33,,Y,BG,Highway/Road/Alley/Street/Sidewalk,Street & Sidewalk,Asphyxiation;Personal Weapons,Minor Injury,C
225941812,202735627,2024-06-11,St. Paul,MN0620900,13A,H,W,H,M,38,,N,RU;ST,Residence/Home,Home,Firearm,,C
225941813,202735627,2024-06-11,St. Paul,MN0620900,13A,H,U,H,M,29,,N,RU;ST,Residence/Home,Home,Firearm,Severe Laceration,C
214268051,192576013,2024-06-12,St. Paul,MN0620900,13A,W,W,N,M,19,,N,SC;VO,Residence/Home,Home,Asphyxiation;Personal Weapons,Possible Internal Injury;Unconscious,C
214670038,192922885,2024-06-12,St. Paul,MN0620900,13A,H,U,H,M,31,,N,RU,Shelter-Mission/Homeless,Shelter,Personal Weapons,Other Major Injury,C
214935960,193156530,2024-06-12,St. Paul,MN0620900,13A,B,B,U,M,22,,N,RU,Parking/Drop Lot/Garage,Parking Lot,Blunt Object,Minor Injury,C
229107873,205502723,2024-06-12,St. Paul,MN0620900,13A,B,B,N,F,30,,N,RU,Highway/Road/Alley/Street/Sidewalk,Street & Sidewalk,Handgun,,C
214277675,192584311,2024-06-13,St. Paul,MN0620900,13A,A,A,N,M,16,,N,SB,Residence/Home,Home,Knife/Cutting Instrument,Minor Injury,C
214681561,192932750,2024-06-13,St. Paul,MN0620900,13A,B,B,N,M,15,,N,RU,Park/Playground,Park & Playground,Knife/Cutting Instrument,,C
215148530,193342711,2024-06-13,St. Paul,MN0620900,13A,W,W,N,M,31,,N,RU,Other/Unknown,Other & Unknown,Blunt Object;Personal Weapons,Severe Laceration,C
218095995,195901666,2024-06-13,St. Paul,MN0620900,13A,B,B,N,F,26,,Y,BG,Residence/Home,Home,Handgun (Automatic),Minor Injury,C
221130864,198545452,2024-06-13,St. Paul,MN0620900,13A,I,I,N,M,22,,N,AQ,Park/Playground,Park & Playground,Personal Weapons,Severe Laceration,C
214670040,192922887,2024-06-14,St. Paul,MN0620900,13A,W,W,N,F,26,,N,RU,Residence/Home,Home,Knife/Cutting Instrument;Personal Weapons,Minor Injury,C
214890295,193117676,2024-06-14,St. Paul,MN0620900,13A,B,B,N,M,42,,Y,BG,Residence/Home,Home,Blunt Object,Minor Injury,C
215148537,193342718,2024-06-14,St. Paul,MN0620900,13A,W,W,N,F,40,,N,RU,Park/Playground,Park & Playground,Blunt Object,Other Major Injury,C
215321291,193492871,2024-06-14,St. Paul,MN0620900,13A,B,B,N,M,21,,N,RU,Residence/Home,Home,Handgun,,C
218703360,196426787,2024-06-14,St. Paul,MN0620900,13A,B,B,N,F,31,,N,OK,Highway/Road/Alley/Street/Sidewalk,Street & Sidewalk,Blunt Object,,C
224391237,201378195,2024-06-14,St. Paul,MN0620900,13A,W,W,N,F,54,,N,RU,Residence/Home,Home,Knife/Cutting Instrument,Minor Injury,C
226844055,203523756,2024-06-14,St. Paul,MN0620900,13A,W,W,N,M,21,,N,AQ,Residence/Home,Home,Knife/Cutting Instrument,,C
214890430,193117796,2024-06-15,St. Paul,MN0620900,13A,A,A,N,F,24,,Y,SE,Residence/Home,Home,Knife/Cutting Instrument;Personal Weapons,Minor Injury,C
216225069,194276821,2024-06-15,St. Paul,MN0620900,13A,B,B,U,F,36,,Y,BG,Residence/Home,Home,Handgun,,C
214681608,192932793,2024-06-16,St. Paul,MN0620900,13A,B,B,N,M,50,,N,NE,Residence/Home,Home,Knife/Cutting Instrument,,C
214739820,192982712,2024-06-16,St. Paul,MN0620900,13A,B,B,U,F,42,,N,RU,Park/Playground,Park & Playground,Knife/Cutting Instrument;Motor Vehicle/Vessel,,C
214890437,193117801,2024-06-16,St. Paul,MN0620900,13A,B,B,U,M,26,,N,RU,Residence/Home,Home,Knife/Cutting Instrument,Minor Injury,C
216614622,194613835,2024-06-16,St. Paul,MN0620900,13A,B,B,N,M,39,,N,RU,Residence/Home,Home,Handgun,,C
219430741,197059908,2024-06-16,St. Paul,MN0620900,13A,U,U,U,M,13,,N,RU,Highway/Road/Alley/Street/Sidewalk,Street & Sidewalk,Handgun,,C
224070256,201098134,2024-06-16,St. Paul,MN0620900,13A,H,W,H,M,21,,N,RU,Restaurant,Restaurant,Knife/Cutting Instrument,,C
224070257,201098134,2024-06-16,St. Paul,MN0620900,13A,B,B,N,M,46,,N,RU,Restaurant,Restaurant,Knife/Cutting Instrument,,C
214890459,193117820,2024-06-17,St. Paul,MN0620900,13A,A,A,U,M,44,,N,RU,Residence/Home,Home,Knife/Cutting Instrument,Severe Laceration,C
215148559,193342730,2024-06-17,St. Paul,MN0620900,13A,B,B,N,F,29,,N,OK;VO,Residence/Home,Home,Blunt Object,Minor Injury,C
215321334,193492899,2024-06-17,St. Paul,MN0620900,13A,B,B,N,M,44,,N,RU,Highway/Road/Alley/Street/Sidewalk,Street & Sidewalk,Firearm,Other Major Injury,C
215389238,193551424,2024-06-17,St. Paul,MN0620900,13A,H,W,H,F,45,,N,RU,Restaurant,Restaurant,Other,,C
215526301,193672432,2024-06-17,St. Paul,MN0620900,13A,B,B,N,M,32,,N,RU,Other/Unknown,Other & Unknown,Knife/Cutting Instrument,Other Major Injury,C
216040797,194118479,2024-06-17,St. Paul,MN0620900,13A,B,B,U,F,44,,N,RU,Grocery/Supermarket,Grocery Store,Handgun,,C
214890482,193117841,2024-06-18,St. Paul,MN0620900,13A,B,B,N,M,22,,N,AQ,Residence/Home,Home,Firearm,Minor Injury,C
215733506,193852187,2024-06-18,St. Paul,MN0620900,13A,W,W,N,M,12,,N,RU,Park/Playground,Park & Playground,Knife/Cutting Instrument,,C
215148748,193342901,2024-06-19,St. Paul,MN0620900,13A,W,W,N,F,37,,N,NE,Residence/Home,Home,Other,,C
215148780,193342930,2024-06-19,St. Paul,MN0620900,13A,W,W,N,F,64,,N,RU,Highway/Road/Alley/Street/Sidewalk,Street & Sidewalk,Other,,C
215148781,193342930,2024-06-19,St. Paul,MN0620900,13A,W,W,N,F,50,,N,RU,Highway/Road/Alley/Street/Sidewalk,Street & Sidewalk,Other,Minor Injury,C
219430747,197059914,2024-06-19,St. Paul,MN0620900,13A,W,W,U,M,36,,N,RU,Highway/Road/Alley/Street/Sidewalk,Street & Sidewalk,Personal Weapons,Severe Laceration,C
214739880,192982762,2024-06-20,St. Paul,MN0620900,13A,W,W,N,F,28,,N,RU,Parking/Drop Lot/Garage,Parking Lot,Knife/Cutting Instrument,,C
214890631,193117969,2024-06-20,St. Paul,MN0620900,13A,W,W,N,F,22,,Y,RU;XR,Residence/Home,Home,Asphyxiation;Personal Weapons,Minor Injury,C
214936157,193156680,2024-06-20,St. Paul,MN0620900,13A,B,B,N,F,45,,N,RU,Residence/Home,Home,Asphyxiation;Personal Weapons,Minor Injury,C
216225083,194276833,2024-06-20,St. Paul,MN0620900,13A,W,W,N,M,31,,N,ST,Highway/Road/Alley/Street/Sidewalk,Street & Sidewalk,Knife/Cutting Instrument,,C
228628301,205087893,2024-06-20,St. Paul,MN0620900,13A,B,B,N,M,41,,N,RU,Highway/Road/Alley/Street/Sidewalk,Street & Sidewalk,Firearm,Other Major Injury,C
215754874,193870456,2024-06-21,St. Paul,MN0620900,13A,B,B,N,F,38,,Y,BG,Highway/Road/Alley/Street/Sidewalk,Street & Sidewalk,Blunt Object,Minor Injury,C
215148848,193342989,2024-06-22,St. Paul,MN0620900,13A,H,W,H,F,51,,N,RU,Residence/Home,Home,Firearm,,C
223328704,200455695,2024-06-22,St. Paul,MN0620900,13A,B,B,N,M,20,,N,RU,Highway/Road/Alley/Street/Sidewalk,Street & Sidewalk,Firearm,,C
223328705,200455695,2024-06-22,St. Paul,MN0620900,13A,B,B,N,M,21,,N,RU,Highway/Road/Alley/Street/Sidewalk,Street & Sidewalk,Firearm,,C
222462913,199698542,2024-06-23,St. Paul,MN0620900,13A,B,B,N,M,15,,N,RU,Residence/Home,Home,Firearm,,C
228232438,204734408,2024-06-23,St. Paul,MN0620900,13A,B,B,N,F,57,,N,RU,Highway/Road/Alley/Street/Sidewalk,Street & Sidewalk,Firearm,,C
228232439,204734408,2024-06-23,St. Paul,MN0620900,13A,B,B,U,M,66,,N,RU,Highway/Road/Alley/Street/Sidewalk,Street & Sidewalk,Firearm,,C
228232440,204734408,2024-06-23,St. Paul,MN0620900,13A,B,B,N,F,33,,N,RU,Highway/Road/Alley/Street/Sidewalk,Street & Sidewalk,Firearm,,C
228232442,204734409,2024-06-23,St. Paul,MN0620900,13A,B,B,N,F,57,,N,RU,Highway/Road/Alley/Street/Sidewalk,Street & Sidewalk,Firearm,,C
216745437,194727739,2024-06-24,St. Paul,MN0620900,13A,B,B,N,F,3,,N,GC,Residence/Home,Home,Personal Weapons,Minor Injury,C
218093615,195899554,2024-06-24,St. Paul,MN0620900,13A,B,B,N,M,41,,N,RU,Highway/Road/Alley/Street/Sidewalk,Street & Sidewalk,Firearm,Minor Injury,C
219359160,196997296,2024-06-24,St. Paul,MN0620900,13A,A,A,N,F,33,,N,RU,Highway/Road/Alley/Street/Sidewalk,Street & Sidewalk,Firearm;Personal Weapons,Minor Injury,C
221822515,199142871,2024-06-24,St. Paul,MN0620900,13A,W,W,U,M,30,,N,RU,Convenience Store,Convenience Store,Firearm,,C
221822516,199142871,2024-06-24,St. Paul,MN0620900,13A,B,B,U,M,45,,N,RU,Convenience Store,Convenience Store,Firearm,,C
214987237,193201612,2024-06-25,St. Paul,MN0620900,13A,H,U,H,M,18,,N,CH,Residence/Home,Home,Knife/Cutting Instrument,,C
214987238,193201612,2024-06-25,St. Paul,MN0620900,13A,H,U,H,F,19,,N,CH,Residence/Home,Home,Knife/Cutting Instrument,,C
215149047,193343134,2024-06-25,St. Paul,MN0620900,13A,B,B,N,M,50,,N,OF,Residence/Home,Home,Unknown,Minor Injury,C
215218631,193404328,2024-06-25,St. Paul,MN0620900,13A,U,U,U,M,33,,N,RU,Residence/Home,Home,Firearm,,C
215754893,193870469,2024-06-25,St. Paul,MN0620900,13A,H,U,H,M,30,,N,OK,Residence/Home,Home,Firearm,,C
218096000,195901671,2024-06-25,St. Paul,MN0620900,13A,W,W,N,M,31,,N,ST,Residence/Home,Home,Blunt Object;Personal Weapons,Apparent Broken Bones,C
214987257,193201626,2024-06-26,St. Paul,MN0620900,13A,B,B,U,M,43,,N,CH,Residence/Home,Home,Handgun,,C
215148993,193343097,2024-06-26,St. Paul,MN0620900,13A,W,W,N,F,45,,N,ST,Restaurant,Restaurant,Knife/Cutting Instrument,,C
215148994,193343097,2024-06-26,St. Paul,MN0620900,13A,W,W,N,F,55,,N,ST,Restaurant,Restaurant,Knife/Cutting Instrument,,C
215149059,193343141,2024-06-26,St. Paul,MN0620900,13A,B,B,N,M,35,,N,ST;VO,Service/Gas Station,Gas Station,Knife/Cutting Instrument,Minor Injury,C
215149060,193343141,2024-06-26,St. Paul,MN0620900,13A,B,B,N,M,34,,N,ST;VO,Service/Gas Station,Gas Station,Knife/Cutting Instrument,Minor Injury,C
215754897,193870473,2024-06-26,St. Paul,MN0620900,13A,B,B,N,M,28,,Y,BG,Residence/Home,Home,Knife/Cutting Instrument,Minor Injury,C
218586617,196325245,2024-06-26,St. Paul,MN0620900,13A,W,W,N,M,69,,N,NE,Highway/Road/Alley/Street/Sidewalk,Street & Sidewalk,Other,Minor Injury,C
220017854,197571816,2024-06-26,St. Paul,MN0620900,13A,B,B,N,M,29,,N,FR,Residence/Home,Home,Handgun,Other Major Injury;Possible Internal Injury,C
227036169,203689504,2024-06-26,St. Paul,MN0620900,13A,B,B,N,M,65,,N,RU,Residence/Home,Home,Handgun,,C
215149102,193343178,2024-06-28,St. Paul,MN0620900,13A,B,B,N,M,55,,N,ST,Shelter-Mission/Homeless,Shelter,Knife/Cutting Instrument,,C
215321327,193492893,2024-06-28,St. Paul,MN0620900,13A,A,A,N,M,26,,N,RU,Department/Discount Store,Department Store,Knife/Cutting Instrument,,C
215526339,193672465,2024-06-28,St. Paul,MN0620900,13A,B,B,N,M,41,,N,RU,Residence/Home,Home,Knife/Cutting Instrument,Minor Injury,C
215786704,193898550,2024-06-28,St. Paul,MN0620900,13A,W,W,N,F,24,,Y,SE,Residence/Home,Home,Handgun,,C
217081328,195021609,2024-06-28,St. Paul,MN0620900,13A,B,B,U,M,24,,N,RU,Highway/Road/Alley/Street/Sidewalk,Street & Sidewalk,Handgun,,C
217081329,195021609,2024-06-28,St. Paul,MN0620900,13A,B,B,U,M,0,,N,RU,Highway/Road/Alley/Street/Sidewalk,Street & Sidewalk,Handgun,,C
218703593,196427005,2024-06-28,St. Paul,MN0620900,13A,U,U,X,U,,,N,RU,Highway/Road/Alley/Street/Sidewalk,Street & Sidewalk,Handgun,,C
224765898,201702008,2024-06-28,St. Paul,MN0620900,13A,B,B,U,M,35,,N,RU,Shelter-Mission/Homeless,Shelter,Other,Minor Injury,C
215273767,193452033,2024-06-29,St. Paul,MN0620900,13A,B,B,N,F,33,,N,RU,Residence/Home,Home,Knife/Cutting Instrument,,C
215754902,193870478,2024-06-29,St. Paul,MN0620900,13A,B,B,U,F,34,,N,RU,Residence/Home,Home,Knife/Cutting Instrument;Personal Weapons,,C
215754903,193870479,2024-06-29,St. Paul,MN0620900,13A,B,B,N,F,46,,Y,BG,Bar/Nightclub,Bar & Nightclub,Handgun,Minor Injury,C
216225444,194277149,2024-06-29,St. Paul,MN0620900,13A,B,B,N,M,10,,N,RU,Highway/Road/Alley/Street/Sidewalk,Street & Sidewalk,Other Firearm,,C
215273771,193452037,2024-06-30,St. Paul,MN0620900,13A,U,U,N,F,20,,N,FR,Residence/Home,Home,Handgun,,C
215273787,193452052,2024-06-30,St. Paul,MN0620900,13A,W,W,N,M,57,,N,RU,Highway/Road/Alley/Street/Sidewalk,Street & Sidewalk,Blunt Object,Minor Injury,C
215273789,193452054,2024-06-30,St. Paul,MN0620900,13A,U,U,U,U,29,,N,AQ,Residence/Home,Home,Knife/Cutting Instrument,,C
215733569,193852246,2024-06-30,St. Paul,MN0620900,13A,I,I,N,F,39,,N,RU,Park/Playground,Park & Playground,Handgun,,C
223974195,201014353,2024-06-30,St. Paul,MN0620900,13A,B,B,N,F,25,,Y,XR,Parking/Drop Lot/Garage,Parking Lot,Firearm;Knife/Cutting Instrument,Minor Injury,C
216040854,194118532,2024-07-01,St. Paul,MN0620900,13A,W,W,N,M,26,,N,RU,Highway/Road/Alley/Street/Sidewalk,Street & Sidewalk,Personal Weapons,Possible Internal Injury,C
217433760,195328252,2024-07-01,St. Paul,MN0620900,13A,B,B,N,F,40,,N,RU,Highway/Road/Alley/Street/Sidewalk,Street & Sidewalk,Handgun,,C
218034627,195849849,2024-07-01,St. Paul,MN0620900,13A,B,B,N,F,23,,Y,BG,Residence/Home,Home,Handgun (Automatic),Minor Injury,C
218096006,195901677,2024-07-01,St. Paul,MN0620900,13A,B,B,U,F,23,,Y,BG,Residence/Home,Home,Handgun,,C
215766571,193880798,2024-07-02,St. Paul,MN0620900,13A,U,U,U,F,19,,Y,BG,Residence/Home,Home,Asphyxiation,Unconscious,C
216614665,194613874,2024-07-02,St. Paul,MN0620900,13A,B,B,N,M,35,,N,OF,Highway/Road/Alley/Street/Sidewalk,Street & Sidewalk,Handgun,,C
219817588,197395640,2024-07-02,St. Paul,MN0620900,13A,W,W,N,M,54,,N,RU,Department/Discount Store,Department Store,Knife/Cutting Instrument,Other Major Injury,C
215349007,193517096,2024-07-03,St. Paul,MN0620900,13A,W,W,N,F,60,,Y,BG,Residence/Home,Home,Blunt Object,,C
216225748,194277429,2024-07-03,St. Paul,MN0620900,13A,B,B,U,F,31,,N,RU,Highway/Road/Alley/Street/Sidewalk,Street & Sidewalk,Firearm,,C
216299377,194342050,2024-07-03,St. Paul,MN0620900,13A,B,B,N,M,29,,N,RU,Highway/Road/Alley/Street/Sidewalk,Street & Sidewalk,Knife/Cutting Instrument,Minor Injury,C
216299378,194342050,2024-07-03,St. Paul,MN0620900,13A,U,U,X,F,,,N,RU,Highway/Road/Alley/Street/Sidewalk,Street & Sidewalk,Knife/Cutting Instrument,,C
218288571,196068810,2024-07-03,St. Paul,MN0620900,13A,W,W,N,F,41,,N,RU,Field/Woods,Field & Woods,Blunt Object,,C
229861236,206160060,2024-07-03,St. Paul,MN0620900,13A,B,B,N,M,24,,N,RU,Residence/Home,Home,Firearm,Minor Injury,C
230312781,206551272,2024-07-03,St. Paul,MN0620900,13A,B,B,U,M,36,,N,RU,Highway/Road/Alley/Street/Sidewalk,Street & Sidewalk,Handgun,Possible Internal Injury,C
216697744,194686861,2024-07-04,St. Paul,MN0620900,13A,W,W,N,F,39,,Y,SE,Residence/Home,Home,Personal Weapons,Possible Internal Injury,C
218096012,195901683,2024-07-04,St. Paul,MN0620900,13A,B,B,N,M,42,,Y,XR,Highway/Road/Alley/Street/Sidewalk,Street & Sidewalk,Knife/Cutting Instrument,Minor Injury,C
220649767,198124450,2024-07-04,St. Paul,MN0620900,13A,H,U,H,F,33,,N,RU,Highway/Road/Alley/Street/Sidewalk,Street & Sidewalk,Firearm,,C
229258532,205634957,2024-07-04,St. Paul,MN0620900,13A,B,B,N,M,38,,N,RU,Residence/Home,Home,Firearm,Other Major Injury,C
216225791,194277468,2024-07-05,St. Paul,MN0620900,13A,H,U,H,M,38,,N,RU,Highway/Road/Alley/Street/Sidewalk,Street & Sidewalk,Handgun,,C
216942300,194900981,2024-07-05,St. Paul,MN0620900,13A,B,B,N,F,21,,N,RU,Residence/Home,Home,Firearm,,C
220017863,197571822,2024-07-05,St. Paul,MN0620900,13A,B,B,U,M,34,,N,RU,Highway/Road/Alley/Street/Sidewalk,Street & Sidewalk,Firearm,Possible Internal Injury;Severe Laceration,C
220170826,197704694,2024-07-05,St. Paul,MN0620900,13A,B,B,N,M,59,,N,AQ,Residence/Home,Home,Knife/Cutting Instrument,Other Major Injury,C
221975521,199276287,2024-07-05,St. Paul,MN0620900,13A,W,W,N,M,30,,N,ST,Parking/Drop Lot/Garage,Parking Lot,Handgun,,C
227347899,203958479,2024-07-05,St. Paul,MN0620900,13A,U,U,U,F,20,,Y,BG,Residence/Home,Home,Asphyxiation;Personal Weapons,Minor Injury;Possible Internal Injury,C
215594513,193731102,2024-07-06,St. Paul,MN0620900,13A,B,B,N,M,34,,Y,BG,Highway/Road/Alley/Street/Sidewalk,Street & Sidewalk,Knife/Cutting Instrument,Other Major Injury,C
216615380,194614526,2024-07-06,St. Paul,MN0620900,13A,B,B,N,M,52,,N,RU,Residence/Home,Home,Knife/Cutting Instrument,,C
216615382,194614526,2024-07-06,St. Paul,MN0620900,13A,B,B,N,M,21,,N,RU,Residence/Home,Home,Knife/Cutting Instrument,,C
216680641,194671875,2024-07-06,St. Paul,MN0620900,13A,B,B,N,M,0,,N,CH;RU,Other/Unknown,Other & Unknown,Personal Weapons,,C
217358758,195262598,2024-07-06,St. Paul,MN0620900,13A,W,W,N,F,20,,N,RU,Residence/Home,Home,Knife/Cutting Instrument,Other Major Injury,C
218096015,195901686,2024-07-06,St. Paul,MN0620900,13A,B,B,N,M,33,,N,SB,Residence/Home,Home,Firearm,,C
219817629,197395678,2024-07-06,St. Paul,MN0620900,13A,A,A,U,M,44,,N,RU,Highway/Road/Alley/Street/Sidewalk,Street & Sidewalk,Blunt Object,Other Major Injury;Severe Laceration;Unconscious,C
227036212,203689538,2024-07-06,St. Paul,MN0620900,13A,W,W,N,F,74,,N,AQ,Residence/Home,Home,Blunt Object,Severe Laceration,C
215391234,193553196,2024-07-07,St. Paul,MN0620900,13A,B,B,N,F,48,,N,RU,Residence/Home,Home,Firearm,,C
215594530,193731117,2024-07-07,St. Paul,MN0620900,13A,B,B,N,F,45,,N,RU,Residence/Home,Home,Knife/Cutting Instrument,Severe Laceration,C
215594532,193731119,2024-07-07,St. Paul,MN0620900,13A,B,B,N,M,36,,N,RU,Parking/Drop Lot/Garage,Parking Lot,Blunt Object,,C
215594533,193731119,2024-07-07,St. Paul,MN0620900,13A,B,B,N,F,24,,N,RU,Parking/Drop Lot/Garage,Parking Lot,Blunt Object,,C
215594534,193731119,2024-07-07,St. Paul,MN0620900,13A,W,W,N,F,57,,N,RU,Parking/Drop Lot/Garage,Parking Lot,Blunt Object,,C
217358973,195262767,2024-07-07,St. Paul,MN0620900,13A,B,B,N,F,23,,Y,SE,Residence/Home,Home,Personal Weapons,Unconscious,C
221782049,199107893,2024-07-07,St. Paul,MN0620900,13A,B,B,N,F,31,,N,CF,Highway/Road/Alley/Street/Sidewalk,Street & Sidewalk,Firearm,,C
223974199,201014356,2024-07-07,St. Paul,MN0620900,13A,B,B,N,M,51,,N,RU,Residence/Home,Home,Handgun,,C
217359039,195262816,2024-07-08,St. Paul,MN0620900,13A,B,B,N,F,36,,Y,BG,Residence/Home,Home,Asphyxiation;Personal Weapons,Minor Injury,C
217819877,195664299,2024-07-08,St. Paul,MN0620900,13A,A,A,N,F,51,,N,RU,Residence/Home,Home,Explosives;Other,,C
219558672,197171866,2024-07-08,St. Paul,MN0620900,13A,W,W,N,F,33,,Y,BG,Residence/Home,Home,Blunt Object,Minor Injury,C
216617054,194615946,2024-07-09,St. Paul,MN0620900,13A,W,W,N,M,30,,N,RU,Highway/Road/Alley/Street/Sidewalk,Street & Sidewalk,Firearm,,C
224949039,201863432,2024-07-09,St. Paul,MN0620900,13A,H,W,H,M,46,,N,RU,Residence/Home,Home,Firearm,,C
215596231,193732634,2024-07-10,St. Paul,MN0620900,13A,B,B,N,F,36,,Y,BG,Highway/Road/Alley/Street/Sidewalk,Street & Sidewalk,Blunt Object,Minor Injury,C
216148433,194211043,2024-07-10,St. Paul,MN0620900,13A,W,W,N,F,19,,N,RU,Highway/Road/Alley/Street/Sidewalk,Street & Sidewalk,Firearm,Other Major Injury;Possible Internal Injury,C
216148436,194211046,2024-07-10,St. Paul,MN0620900,13A,B,B,N,M,26,,N,RU,Residence/Home,Home,Knife/Cutting Instrument,Minor Injury,C
215766594,193880817,2024-07-11,St. Paul,MN0620900,13A,B,B,N,F,34,,N,RU,Highway/Road/Alley/Street/Sidewalk,Street & Sidewalk,Handgun,,C
216492835,194509028,2024-07-11,St. Paul,MN0620900,13A,B,B,N,F,31,,Y,BG,Residence/Home,Home,Personal Weapons,Loss of Teeth,C
216878666,194846334,2024-07-11,St. Paul,MN0620900,13A,W,W,N,M,60,,N,RU,Highway/Road/Alley/Street/Sidewalk,Street & Sidewalk,Blunt Object,Possible Internal Injury,C
218288605,196068837,2024-07-11,St. Paul,MN0620900,13A,W,W,U,M,52,,N,AQ,Shelter-Mission/Homeless,Shelter,Blunt Object,Minor Injury,C
218523370,196271780,2024-07-11,St. Paul,MN0620900,13A,W,W,U,F,24,,N,RU,Residence/Home,Home,Firearm,Severe Laceration,C
226147584,202914678,2024-07-11,St. Paul,MN0620900,13A,B,B,U,M,26,,N,IL,Residence/Home,Home,Handgun,,C
226841366,203521643,2024-07-11,St. Paul,MN0620900,13A,A,A,N,F,42,,N,FR,Residence/Home,Home,Handgun,Minor Injury,C
215766596,193880819,2024-07-12,St. Paul,MN0620900,13A,B,B,N,F,40,,Y,BG,Residence/Home,Home,Asphyxiation,Minor Injury,C
216103311,194172776,2024-07-12,St. Paul,MN0620900,13A,B,B,N,M,21,,N,RU,Residence/Home,Home,Knife/Cutting Instrument,,C
216299398,194342067,2024-07-12,St. Paul,MN0620900,13A,B,B,U,M,34,,N,RU,Highway/Road/Alley/Street/Sidewalk,Street & Sidewalk,Knife/Cutting Instrument,Minor Injury,C
216617671,194616409,2024-07-12,St. Paul,MN0620900,13A,H,W,H,M,33,,N,AQ,Shelter-Mission/Homeless,Shelter,Personal Weapons,Apparent Broken Bones,C
216617712,194616419,2024-07-12,St. Paul,MN0620900,13A,W,W,N,M,73,,N,RU,Highway/Road/Alley/Street/Sidewalk,Street & Sidewalk,Personal Weapons,Severe Laceration,C
218288601,196068835,2024-07-12,St. Paul,MN0620900,13A,H,W,H,M,67,,N,OK,Parking/Drop Lot/Garage,Parking Lot,Handgun,,C
219430774,197059941,2024-07-12,St. Paul,MN0620900,13A,B,B,U,M,40,,N,RU,Parking/Drop Lot/Garage,Parking Lot,Firearm,,C
219637130,197240631,2024-07-12,St. Paul,MN0620900,13A,A,A,N,M,20,,N,RU,Convenience Store,Convenience Store,Knife/Cutting Instrument,,C
219637131,197240631,2024-07-12,St. Paul,MN0620900,13A,A,A,N,M,65,,N,RU,Convenience Store,Convenience Store,Knife/Cutting Instrument,,C
216039779,194117590,2024-07-13,St. Paul,MN0620900,13A,W,W,U,M,59,,N,AQ,Shelter-Mission/Homeless,Shelter,Knife/Cutting Instrument,Minor Injury,C
216878853,194846492,2024-07-13,St. Paul,MN0620900,13A,H,U,H,M,27,,N,RU,Restaurant,Restaurant,Knife/Cutting Instrument,,C
218451560,196209417,2024-07-13,St. Paul,MN0620900,13A,A,A,N,M,42,,N,RU,Highway/Road/Alley/Street/Sidewalk,Street & Sidewalk,Blunt Object;Knife/Cutting Instrument,Severe Laceration;Unconscious,C
228041010,204567766,2024-07-13,St. Paul,MN0620900,13A,B,B,N,F,15,,N,RU;ST,Highway/Road/Alley/Street/Sidewalk,Street & Sidewalk,Firearm,Other Major Injury,C
228232459,204734423,2024-07-13,St. Paul,MN0620900,13A,B,B,N,M,16,,N,RU,Residence/Home,Home,Firearm,Other Major Injury,C
228232460,204734423,2024-07-13,St. Paul,MN0620900,13A,B,B,N,F,3,,N,RU,Residence/Home,Home,Firearm,,C
228232461,204734423,2024-07-13,St. Paul,MN0620900,13A,B,B,N,F,5,,N,RU,Residence/Home,Home,Firearm,,C
228232462,204734423,2024-07-13,St. Paul,MN0620900,13A,B,B,N,M,25,,N,RU,Residence/Home,Home,Firearm,,C
228232463,204734423,2024-07-13,St. Paul,MN0620900,13A,B,B,N,M,15,,N,RU,Residence/Home,Home,Firearm,,C
228232464,204734423,2024-07-13,St. Paul,MN0620900,13A,B,B,N,F,25,,N,RU,Residence/Home,Home,Firearm,,C
229756104,206068522,2024-07-13,St. Paul,MN0620900,13A,B,B,N,M,34,,N,RU,Parking/Drop Lot/Garage,Parking Lot,Handgun,Other Major Injury,C
216149323,194211818,2024-07-14,St. Paul,MN0620900,13A,W,W,U,M,39,,N,RU,Residence/Home,Home,Knife/Cutting Instrument,,C
216149338,194211830,2024-07-14,St. Paul,MN0620900,13A,W,W,U,M,34,,N,FR,Shelter-Mission/Homeless,Shelter,Knife/Cutting Instrument,Minor Injury,C
218933013,196624525,2024-07-14,St. Paul,MN0620900,13A,A,A,N,M,29,,N,RU,Residence/Home,Home,Firearm;Handgun,,C
216722327,194707446,2024-07-15,St. Paul,MN0620900,13A,B,B,N,F,48,,Y,XR,Highway/Road/Alley/Street/Sidewalk,Street & Sidewalk,Knife/Cutting Instrument,,C
217248981,195166748,2024-07-15,St. Paul,MN0620900,13A,B,B,N,M,16,,N,RU,Highway/Road/Alley/Street/Sidewalk,Street & Sidewalk,Firearm,,C
217248982,195166748,2024-07-15,St. Paul,MN0620900,13A,B,B,N,M,19,,N,RU,Highway/Road/Alley/Street/Sidewalk,Street & Sidewalk,Firearm,,C
217433797,195328278,2024-07-15,St. Paul,MN0620900,13A,B,B,U,F,31,,N,AQ;RU,Highway/Road/Alley/Street/Sidewalk,Street & Sidewalk,Motor Vehicle/Vessel,Minor Injury,C
220884380,198329811,2024-07-15,St. Paul,MN0620900,13A,B,B,N,M,21,,N,RU,Other/Unknown,Other & Unknown,Handgun,,C
216103326,194172790,2024-07-16,St. Paul,MN0620900,13A,W,W,U,F,41,,N,RU,Other/Unknown,Other & Unknown,Other,Minor Injury,C
216151816,194213890,2024-07-16,St. Paul,MN0620900,13A,B,B,N,M,53,,N,RU,Residence/Home,Home,Handgun,,C
216299442,194342098,2024-07-16,St. Paul,MN0620900,13A,B,B,N,M,32,,N,RU,Convenience Store,Convenience Store,Firearm,,C
227946721,204485717,2024-07-16,St. Paul,MN0620900,13A,W,W,N,F,25,,N,RU,Highway/Road/Alley/Street/Sidewalk,Street & Sidewalk,Blunt Object,Other Major Injury;Possible Internal Injury;Severe Laceration;Unconscious,C
216722330,194707449,2024-07-17,St. Paul,MN0620900,13A,B,B,N,F,25,,N,RU,Residence/Home,Home,Asphyxiation,Minor Injury,C
216881449,194848820,2024-07-17,St. Paul,MN0620900,13A,B,B,N,M,52,,N,RU,Highway/Road/Alley/Street/Sidewalk,Street & Sidewalk,Knife/Cutting Instrument,Minor Injury,C
218350259,196122205,2024-07-17,St. Paul,MN0620900,13A,B,B,N,F,37,,Y,XR,Highway/Road/Alley/Street/Sidewalk,Street & Sidewalk,Asphyxiation,Minor Injury,C
221757982,199086884,2024-07-17,St. Paul,MN0620900,13A,W,W,N,F,47,,N,RU,Restaurant,Restaurant,Firearm;Handgun,,C
225959872,202751534,2024-07-17,St. Paul,MN0620900,13A,B,B,U,F,24,,Y,BG,Highway/Road/Alley/Street/Sidewalk,Street & Sidewalk,Knife/Cutting Instrument,,C
217820088,195664487,2024-07-18,St. Paul,MN0620900,13A,B,B,U,M,40,,N,RU,Shelter-Mission/Homeless,Shelter,Knife/Cutting Instrument,Severe Laceration,C
218451570,196209426,2024-07-18,St. Paul,MN0620900,13A,B,B,N,F,16,,N,CH,Residence/Home,Home,Blunt Object,Minor Injury,C
216881645,194848993,2024-07-19,St. Paul,MN0620900,13A,I,I,N,F,45,,N,RU,Residence/Home,Home,Knife/Cutting Instrument,,C
217359302,195263034,2024-07-19,St. Paul,MN0620900,13A,B,B,N,F,23,,Y,XR,Residence/Home,Home,Asphyxiation;Personal Weapons,Minor Injury,C
217359303,195263034,2024-07-19,St. Paul,MN0620900,13A,B,B,N,F,0,,N,CH,Residence/Home,Home,Asphyxiation;Personal Weapons,,C
220884455,198329875,2024-07-19,St. Paul,MN0620900,13A,W,W,N,F,34,,Y,BG,Residence/Home,Home,Other Firearm,Minor Injury,C
216722345,194707463,2024-07-20,St. Paul,MN0620900,13A,W,W,N,F,20,,Y,BG,Residence/Home,Home,Other,,C
217249054,195166817,2024-07-20,St. Paul,MN0620900,13A,W,W,N,M,55,,N,RU,Residence/Home,Home,Personal Weapons,Apparent Broken Bones,C
217542559,195424264,2024-07-20,St. Paul,MN0620900,13A,B,B,N,M,54,,N,RU,Parking/Drop Lot/Garage,Parking Lot,Blunt Object,Minor Injury,C
218451589,196209442,2024-07-20,St. Paul,MN0620900,13A,B,B,N,F,5,,N,CH,Residence/Home,Home,Unknown,Minor Injury,C
219559019,197172141,2024-07-20,St. Paul,MN0620900,13A,B,B,N,M,23,,Y,XR,Residence/Home,Home,Knife/Cutting Instrument,,C
219817700,197395742,2024-07-20,St. Paul,MN0620900,13A,B,B,N,M,28,,N,RU,Highway/Road/Alley/Street/Sidewalk,Street & Sidewalk,Firearm,,C
220884486,198329905,2024-07-20,St. Paul,MN0620900,13A,H,U,H,F,44,,N,RU,Highway/Road/Alley/Street/Sidewalk,Street & Sidewalk,Knife/Cutting Instrument,Other Major Injury,C
216617955,194616636,2024-07-21,St. Paul,MN0620900,13A,H,U,H,M,38,,N,FR,Residence/Home,Home,Personal Weapons,Severe Laceration,C
217581969,195458075,2024-07-21,St. Paul,MN0620900,13A,W,W,U,M,57,,N,RU,Parking/Drop Lot/Garage,Parking Lot,Motor Vehicle/Vessel,,C
218350261,196122207,2024-07-21,St. Paul,MN0620900,13A,B,B,N,F,23,,Y,XR,Residence/Home,Home,Firearm,,C
220756152,198216449,2024-07-21,St. Paul,MN0620900,13A,W,W,N,M,27,,N,AQ,Parking/Drop Lot/Garage,Parking Lot,Personal Weapons,Severe Laceration;Unconscious,C
216942636,194901281,2024-07-22,St. Paul,MN0620900,13A,B,B,N,F,28,,N,RU,Residence/Home,Home,Personal Weapons,Other Major Injury,C
219637134,197240634,2024-07-22,St. Paul,MN0620900,13A,B,B,N,F,20,,N,SB,Residence/Home,Home,Knife/Cutting Instrument,,C
216680724,194671949,2024-07-23,St. Paul,MN0620900,13A,H,W,H,M,20,,N,FR,Residence/Home,Home,Knife/Cutting Instrument,Minor Injury,C
218034643,195849863,2024-07-23,St. Paul,MN0620900,13A,W,W,N,M,38,,N,OK,Highway/Road/Alley/Street/Sidewalk,Street & Sidewalk,Personal Weapons,Apparent Broken Bones,C
229913796,206206024,2024-07-23,St. Paul,MN0620900,13A,W,W,U,F,34,,N,RU,Residence/Home,Home,Firearm,Apparent Broken Bones;Other Major Injury;Possible Internal Injury,C
216680736,194671957,2024-07-24,St. Paul,MN0620900,13A,W,W,U,M,31,,N,RU,Shelter-Mission/Homeless,Shelter,Unknown,Severe Laceration,C
217249415,195167102,2024-07-24,St. Paul,MN0620900,13A,U,U,U,M,45,,N,ST,Residence/Home,Home,Handgun,,C
218586640,196325264,2024-07-24,St. Paul,MN0620900,13A,W,W,U,F,45,,N,RU,Shelter-Mission/Homeless,Shelter,Knife/Cutting Instrument,,C
218586641,196325265,2024-07-24,St. Paul,MN0620900,13A,B,B,N,M,35,,N,AQ,Residence/Home,Home,Blunt Object,Minor Injury,C
218451614,196209465,2024-07-25,St. Paul,MN0620900,13A,H,U,H,M,20,,N,RU,Highway/Road/Alley/Street/Sidewalk,Street & Sidewalk,Knife/Cutting Instrument,Minor Injury,C
218451615,196209465,2024-07-25,St. Paul,MN0620900,13A,B,B,N,F,22,,N,RU,Highway/Road/Alley/Street/Sidewalk,Street & Sidewalk,Knife/Cutting Instrument,,C
218527681,196275407,2024-07-25,St. Paul,MN0620900,13A,U,U,U,M,54,,N,RU,Highway/Road/Alley/Street/Sidewalk,Street & Sidewalk,Blunt Object,Other Major Injury,C
219110474,196781276,2024-07-25,St. Paul,MN0620900,13A,H,U,H,M,24,,N,RU,Highway/Road/Alley/Street/Sidewalk,Street & Sidewalk,Knife/Cutting Instrument,Severe Laceration,C
227946722,204485718,2024-07-25,St. Paul,MN0620900,13A,H,W,H,F,25,,N,ST,Highway/Road/Alley/Street/Sidewalk,Street & Sidewalk,Unknown,,C
216885336,194852271,2024-07-26,St. Paul,MN0620900,13A,B,B,N,M,31,,Y,BG,Residence/Home,Home,Knife/Cutting Instrument,Other Major Injury,C
219430792,197059955,2024-07-26,St. Paul,MN0620900,13A,I,I,N,F,37,,Y,XR,Residence/Home,Home,Asphyxiation;Personal Weapons,Possible Internal Injury,C
227036314,203689614,2024-07-26,St. Paul,MN0620900,13A,W,W,N,M,46,,N,RU,Highway/Road/Alley/Street/Sidewalk,Street & Sidewalk,Handgun,,C
216885725,194852589,2024-07-27,St. Paul,MN0620900,13A,B,B,N,F,27,,N,RU,Residence/Home,Home,Personal Weapons,Severe Laceration,C
217359630,195263306,2024-07-27,St. Paul,MN0620900,13A,W,W,U,M,55,,N,PA,Residence/Home,Home,Blunt Object;Personal Weapons,Other Major Injury;Severe Laceration,C
220884589,198329998,2024-07-27,St. Paul,MN0620900,13A,B,B,U,F,21,,N,RU,Bar/Nightclub,Bar & Nightclub,Knife/Cutting Instrument,Minor Injury,C
222462919,199698547,2024-07-27,St. Paul,MN0620900,13A,H,B,H,M,19,,N,RU,Residence/Home,Home,Firearm,Other Major Injury,C
218386533,196153004,2024-07-28,St. Paul,MN0620900,13A,W,W,N,M,61,,N,OK,Residence/Home,Home,Motor Vehicle/Vessel,,C
220170830,197704698,2024-07-28,St. Paul,MN0620900,13A,W,W,N,M,30,,N,ST,Highway/Road/Alley/Street/Sidewalk,Street & Sidewalk,Knife/Cutting Instrument,,C
221832273,199151412,2024-07-28,St. Paul,MN0620900,13A,U,U,U,M,52,,N,RU,Service/Gas Station,Gas Station,Firearm,,C
226420736,203154597,2024-07-28,St. Paul,MN0620900,13A,B,B,N,M,50,,N,RU;VO,Residence/Home,Home,Handgun,Other Major Injury;Severe Laceration,C
217017554,194965781,2024-07-29,St. Paul,MN0620900,13A,U,U,N,F,30,,N,ST,Highway/Road/Alley/Street/Sidewalk,Street & Sidewalk,Knife/Cutting Instrument,,C
218451668,196209510,2024-07-29,St. Paul,MN0620900,13A,B,B,U,F,44,,Y,XR,Restaurant,Restaurant,Asphyxiation;Personal Weapons,Minor Injury,C
224949043,201863434,2024-07-29,St. Paul,MN0620900,13A,W,W,N,M,41,,N,OK;VO,Residence/Home,Home,Firearm,,C
217017618,194965833,2024-07-30,St. Paul,MN0620900,13A,W,W,N,M,43,,N,RU,Highway/Road/Alley/Street/Sidewalk,Street & Sidewalk,Unknown,Possible Internal Injury;Severe Laceration;Unconscious,C
218096029,195901698,2024-07-30,St. Paul,MN0620900,13A,U,U,N,F,34,,N,RU,Highway/Road/Alley/Street/Sidewalk,Street & Sidewalk,Firearm,,C
219359577,196997651,2024-07-30,St. Paul,MN0620900,13A,B,B,N,M,21,,N,RU,Residence/Home,Home,Firearm;Knife/Cutting Instrument,Severe Laceration,C
227722381,204285491,2024-07-30,St. Paul,MN0620900,13A,B,B,N,F,24,,N,RU,Residence/Home,Home,Firearm,Severe Laceration,C
217542609,195424308,2024-07-31,St. Paul,MN0620900,13A,B,B,N,F,37,,N,RU,Shelter-Mission/Homeless,Shelter,Asphyxiation,,C
220017888,197571841,2024-07-31,St. Paul,MN0620900,13A,B,B,U,F,57,,N,RU,Residence/Home,Home,Firearm,,C
217359854,195263481,2024-08-01,St. Paul,MN0620900,13A,W,W,N,F,59,,Y,XR,Residence/Home,Home,Asphyxiation;Personal Weapons,Possible Internal Injury,C
218451746,196209573,2024-08-01,St. Paul,MN0620900,13A,B,B,N,F,29,,N,OF,Residence/Home,Home,Knife/Cutting Instrument,Minor Injury,C
217251167,195168660,2024-08-02,St. Paul,MN0620900,13A,W,W,N,M,38,,N,RU,Highway/Road/Alley/Street/Sidewalk,Street & Sidewalk,Shotgun,,C
218167190,195963728,2024-08-02,St. Paul,MN0620900,13A,A,A,U,M,27,,N,RU,Highway/Road/Alley/Street/Sidewalk,Street & Sidewalk,Other,,C
218167197,195963734,2024-08-02,St. Paul,MN0620900,13A,B,B,N,F,58,,N,RU;VO,Highway/Road/Alley/Street/Sidewalk,Street & Sidewalk,Knife/Cutting Instrument,Minor Injury,C
218451829,196209643,2024-08-02,St. Paul,MN0620900,13A,B,B,N,U,36,,N,SB;VO,Highway/Road/Alley/Street/Sidewalk,Street & Sidewalk,Knife/Cutting Instrument,,C
219359688,196997748,2024-08-02,St. Paul,MN0620900,13A,B,B,N,M,31,,N,RU,Residence/Home,Home,Blunt Object;Motor Vehicle/Vessel;Personal Weapons,Minor Injury,C
217360480,195263992,2024-08-03,St. Paul,MN0620900,13A,B,B,N,F,36,,N,RU,Residence/Home,Home,Knife/Cutting Instrument,,C
217433899,195328366,2024-08-03,St. Paul,MN0620900,13A,U,U,U,M,65,,N,SB;VO,Residence/Home,Home,Blunt Object;Knife/Cutting Instrument,Minor Injury,C
217433900,195328366,2024-08-03,St. Paul,MN0620900,13A,U,U,U,M,65,,N,SB;VO,Residence/Home,Home,Blunt Object;Knife/Cutting Instrument,Minor Injury,C
217252263,195169630,2024-08-04,St. Paul,MN0620900,13A,B,B,U,F,66,,N,RU,Residence/Home,Home,Blunt Object,Minor Injury,C
217370614,195273260,2024-08-04,St. Paul,MN0620900,13A,B,B,N,M,19,,Y,BG;VO,Residence/Home,Home,Other,,C
217433907,195328372,2024-08-04,St. Paul,MN0620900,13A,B,B,N,F,30,,N,OF,Highway/Road/Alley/Street/Sidewalk,Street & Sidewalk,Knife/Cutting Instrument,Minor Injury,C
218586668,196325290,2024-08-04,St. Paul,MN0620900,13A,B,B,N,F,53,,N,RU,Highway/Road/Alley/Street/Sidewalk,Street & Sidewalk,Motor Vehicle/Vessel,,C
219359734,196997789,2024-08-04,St. Paul,MN0620900,13A,W,W,N,F,65,,N,RU,Residence/Home,Home,Asphyxiation,Minor Injury,C
221832277,199151416,2024-08-04,St. Paul,MN0620900,13A,W,W,U,F,28,,N,RU,Residence/Home,Home,Asphyxiation;Handgun;Personal Weapons,Minor Injury,C
218093645,195899580,2024-08-05,St. Paul,MN0620900,13A,U,U,N,M,57,,N,RU,Residence/Home,Home,Motor Vehicle/Vessel,,C
218451955,196209752,2024-08-05,St. Paul,MN0620900,13A,B,B,N,M,28,,N,AQ,Highway/Road/Alley/Street/Sidewalk,Street & Sidewalk,Firearm,Minor Injury,C
218096031,195901700,2024-08-07,St. Paul,MN0620900,13A,B,B,N,F,30,,Y,BG,Residence/Home,Home,Asphyxiation;Personal Weapons,Other Major Injury,C
218167511,195964004,2024-08-07,St. Paul,MN0620900,13A,W,W,U,M,36,,N,ST,Highway/Road/Alley/Street/Sidewalk,Street & Sidewalk,Blunt Object,,C
220885110,198330454,2024-08-07,St. Paul,MN0620900,13A,B,B,U,F,30,,Y,VO;XR,Residence/Home,Home,Handgun,,C
222057519,199346450,2024-08-07,St. Paul,MN0620900,13A,W,W,N,M,27,,N,RU,Highway/Road/Alley/Street/Sidewalk,Street & Sidewalk,Blunt Object,Minor Injury,C
218096045,195901712,2024-08-08,St. Paul,MN0620900,13A,H,W,H,F,32,,N,RU,Residence/Home,Home,Other;Personal Weapons,Severe Laceration,C
220281573,197800746,2024-08-08,St. Paul,MN0620900,13A,B,B,U,M,35,,N,RU,Highway/Road/Alley/Street/Sidewalk,Street & Sidewalk,Firearm,Apparent Broken Bones;Possible Internal Injury,C
220585782,198068775,2024-08-08,St. Paul,MN0620900,13A,A,A,N,M,22,,N,RU,Liquor Store,Liquor Store,Knife/Cutting Instrument,,C
217820911,195665230,2024-08-09,St. Paul,MN0620900,13A,B,B,N,M,39,,N,RU,Highway/Road/Alley/Street/Sidewalk,Street & Sidewalk,Handgun,,C
218167571,195964058,2024-08-09,St. Paul,MN0620900,13A,B,B,N,F,35,,N,RU,Residence/Home,Home,Handgun,,C
220046998,197596745,2024-08-09,St. Paul,MN0620900,13A,H,W,H,M,31,,N,RU,Residence/Home,Home,,Other Major Injury,C
220170847,197704712,2024-08-09,St. Paul,MN0620900,13A,W,W,N,F,25,,N,RU,Highway/Road/Alley/Street/Sidewalk,Street & Sidewalk,Knife/Cutting Instrument,,C
217820915,195665234,2024-08-10,St. Paul,MN0620900,13A,W,W,N,F,43,,N,OK;RU,Drug Store/Doctor's Office/Hospital,Hospital & Clinic,Personal Weapons,Possible Internal Injury,C
218034823,195850033,2024-08-10,St. Paul,MN0620900,13A,B,B,U,F,47,,Y,BG,Residence/Home,Home,Personal Weapons,Loss of Teeth,C
220885250,198330579,2024-08-10,St. Paul,MN0620900,13A,B,B,N,F,35,,Y,XR,Highway/Road/Alley/Street/Sidewalk,Street & Sidewalk,Firearm,,C
220885297,198330624,2024-08-10,St. Paul,MN0620900,13A,W,W,N,F,28,,Y,BG,Residence/Home,Home,Asphyxiation;Personal Weapons,Minor Injury,C
218034845,195850050,2024-08-11,St. Paul,MN0620900,13A,W,W,U,F,33,,N,RU,Highway/Road/Alley/Street/Sidewalk,Street & Sidewalk,Motor Vehicle/Vessel,,C
218319115,196095300,2024-08-11,St. Paul,MN0620900,13A,B,B,N,F,22,,N,RU;ST,Residence/Home,Home,Handgun,,C
219637145,197240644,2024-08-11,St. Paul,MN0620900,13A,A,A,U,F,19,,Y,BG,Residence/Home,Home,Personal Weapons,Possible Internal Injury,C
220209064,197737465,2024-08-11,St. Paul,MN0620900,13A,B,B,U,M,43,,N,RU,Community Center,Community Center,Blunt Object,Minor Injury,C
220885387,198330704,2024-08-11,St. Paul,MN0620900,13A,B,B,N,F,32,,Y,BG,Residence/Home,Home,Blunt Object,Minor Injury,C
227237702,203863623,2024-08-11,St. Paul,MN0620900,13A,B,B,N,F,21,,Y,XR,Highway/Road/Alley/Street/Sidewalk,Street & Sidewalk,Motor Vehicle/Vessel,,C
227237703,203863623,2024-08-11,St. Paul,MN0620900,13A,B,B,N,F,21,,N,RU,Highway/Road/Alley/Street/Sidewalk,Street & Sidewalk,Motor Vehicle/Vessel,,C
227237704,203863623,2024-08-11,St. Paul,MN0620900,13A,B,B,N,F,18,,N,RU,Highway/Road/Alley/Street/Sidewalk,Street & Sidewalk,Motor Vehicle/Vessel,,C
227237705,203863623,2024-08-11,St. Paul,MN0620900,13A,B,B,N,F,19,,N,RU,Highway/Road/Alley/Street/Sidewalk,Street & Sidewalk,Motor Vehicle/Vessel,,C
218034867,195850069,2024-08-12,St. Paul,MN0620900,13A,B,B,N,M,34,,N,RU,Residence/Home,Home,Knife/Cutting Instrument,Other Major Injury,C
218707845,196430726,2024-08-12,St. Paul,MN0620900,13A,B,B,N,M,35,,N,RU,Residence/Home,Home,Knife/Cutting Instrument,Severe Laceration,C
220170849,197704714,2024-08-12,St. Paul,MN0620900,13A,W,W,N,M,23,,N,RU,Highway/Road/Alley/Street/Sidewalk,Street & Sidewalk,Motor Vehicle/Vessel,Minor Injury,C
221757990,199086890,2024-08-12,St. Paul,MN0620900,13A,W,W,N,M,28,,N,ST,Park/Playground,Park & Playground,Blunt Object,Minor Injury,C
221333089,198720775,2024-08-13,St. Paul,MN0620900,13A,H,W,H,F,29,,N,OK,Residence/Home,Home,Asphyxiation,Minor Injury,C
218168803,195965067,2024-08-15,St. Paul,MN0620900,13A,H,U,H,M,42,,N,AQ,Residence/Home,Home,Knife/Cutting Instrument,,C
222222075,199490410,2024-08-15,St. Paul,MN0620900,13A,B,B,N,F,23,,N,RU,Parking/Drop Lot/Garage,Parking Lot,Firearm,Other Major Injury,C
231278977,207402717,2024-08-15,St. Paul,MN0620900,13A,B,B,N,M,15,,N,RU,Residence/Home,Home,Handgun,Other Major Injury,C
231520154,207613390,2024-08-15,St. Paul,MN0620900,13A,B,B,N,M,35,,N,RU,Highway/Road/Alley/Street/Sidewalk,Street & Sidewalk,Handgun,Possible Internal Injury,C
219360102,196998114,2024-08-16,St. Paul,MN0620900,13A,B,B,N,M,40,,N,RU,Highway/Road/Alley/Street/Sidewalk,Street & Sidewalk,Firearm,,C
222738560,199939501,2024-08-16,St. Paul,MN0620900,13A,B,B,N,M,33,,N,RU,Highway/Road/Alley/Street/Sidewalk,Street & Sidewalk,Firearm,,C
222738561,199939501,2024-08-16,St. Paul,MN0620900,13A,U,U,U,F,29,,N,RU,Highway/Road/Alley/Street/Sidewalk,Street & Sidewalk,Firearm,,C
222738562,199939501,2024-08-16,St. Paul,MN0620900,13A,B,B,N,F,61,,N,RU,Highway/Road/Alley/Street/Sidewalk,Street & Sidewalk,Firearm,,C
218289208,196069345,2024-08-17,St. Paul,MN0620900,13A,B,B,N,M,57,,Y,SE,Residence/Home,Home,Blunt Object,Minor Injury,C
218289213,196069350,2024-08-17,St. Paul,MN0620900,13A,U,U,U,M,32,,N,ST,Highway/Road/Alley/Street/Sidewalk,Street & Sidewalk,Blunt Object,Minor Injury,C
218355263,196126566,2024-08-17,St. Paul,MN0620900,13A,B,B,N,F,27,,N,RU,Residence/Home,Home,Asphyxiation;Knife/Cutting Instrument;Personal Weapons,Possible Internal Injury,C
221832289,199151426,2024-08-17,St. Paul,MN0620900,13A,H,U,H,F,28,,N,,Bar/Nightclub,Bar & Nightclub,Other;Personal Weapons,Minor Injury,C
218289554,196069631,2024-08-18,St. Paul,MN0620900,13A,W,W,N,M,32,,N,RU,Residence/Home,Home,Knife/Cutting Instrument,,C
219360136,196998142,2024-08-18,St. Paul,MN0620900,13A,B,B,N,M,33,,N,RU,Bar/Nightclub,Bar & Nightclub,Other,Minor Injury,C
229913803,206206028,2024-08-18,St. Paul,MN0620900,13A,B,B,N,M,28,,N,RU,Residence/Home,Home,Firearm;Personal Weapons,Minor Injury,C
231948800,207984347,2024-08-18,St. Paul,MN0620900,13A,B,B,N,M,20,,N,RU,Highway/Road/Alley/Street/Sidewalk,Street & Sidewalk,Firearm,Other Major Injury,C
219360179,196998180,2024-08-19,St. Paul,MN0620900,13A,B,B,N,F,29,,N,RU,Highway/Road/Alley/Street/Sidewalk,Street & Sidewalk,Handgun,,C
218319395,196095517,2024-08-20,St. Paul,MN0620900,13A,B,B,N,M,39,,N,RU,Shelter-Mission/Homeless,Shelter,Blunt Object,Other Major Injury,C
219360239,196998235,2024-08-20,St. Paul,MN0620900,13A,U,U,U,F,43,,Y,BG,Residence/Home,Home,Asphyxiation;Personal Weapons,Possible Internal Injury,C
220885606,198330907,2024-08-20,St. Paul,MN0620900,13A,U,U,U,F,42,,Y,BG,Residence/Home,Home,Knife/Cutting Instrument,Minor Injury,C
218452487,196210194,2024-08-21,St. Paul,MN0620900,13A,W,W,U,F,49,,Y,BG,Hotel/Motel/Etc.,Hotel & Motel,Personal Weapons,Apparent Broken Bones,C
218452524,196210225,2024-08-21,St. Paul,MN0620900,13A,W,W,U,M,63,,N,RU,Residence/Home,Home,Handgun,,C
219233314,196888972,2024-08-21,St. Paul,MN0620900,13A,A,A,N,M,56,,N,RU,Camp/Campground,Campground,Blunt Object,Apparent Broken Bones,C
219360478,196998445,2024-08-22,St. Paul,MN0620900,13A,B,B,N,M,29,,N,RU,Residence/Home,Home,Knife/Cutting Instrument,,C
221238450,198638894,2024-08-22,St. Paul,MN0620900,13A,W,W,N,F,21,,N,RU,Highway/Road/Alley/Street/Sidewalk,Street & Sidewalk,Blunt Object,Minor Injury,C
226248138,203002698,2024-08-22,St. Paul,MN0620900,13A,B,B,N,F,14,,N,RU,Highway/Road/Alley/Street/Sidewalk,Street & Sidewalk,Firearm,,C
226248139,203002698,2024-08-22,St. Paul,MN0620900,13A,B,B,N,M,15,,N,RU,Highway/Road/Alley/Street/Sidewalk,Street & Sidewalk,Firearm,,C
226248140,203002698,2024-08-22,St. Paul,MN0620900,13A,B,B,N,F,32,,N,RU,Highway/Road/Alley/Street/Sidewalk,Street & Sidewalk,Firearm,,C
226248141,203002698,2024-08-22,St. Paul,MN0620900,13A,B,B,N,F,13,,N,RU,Highway/Road/Alley/Street/Sidewalk,Street & Sidewalk,Firearm,,C
218728532,196448836,2024-08-23,St. Paul,MN0620900,13A,B,B,U,M,26,,N,RU,Shelter-Mission/Homeless,Shelter,Knife/Cutting Instrument;Personal Weapons,Severe Laceration,C
219637161,197240656,2024-08-23,St. Paul,MN0620900,13A,B,B,N,F,23,,N,FR,Highway/Road/Alley/Street/Sidewalk,Street & Sidewalk,Motor Vehicle/Vessel,Minor Injury,C
230378033,206607887,2024-08-23,St. Paul,MN0620900,13A,B,B,U,M,35,,N,RU,Highway/Road/Alley/Street/Sidewalk,Street & Sidewalk,Firearm,Possible Internal Injury,C
219360532,196998496,2024-08-24,St. Paul,MN0620900,13A,B,B,N,M,33,,N,RU,Residence/Home,Home,Knife/Cutting Instrument,Minor Injury,C
219637167,197240660,2024-08-24,St. Paul,MN0620900,13A,B,B,N,F,47,,N,AQ,Highway/Road/Alley/Street/Sidewalk,Street & Sidewalk,Blunt Object,,C
219906843,197476302,2024-08-24,St. Paul,MN0620900,13A,A,A,U,M,45,,N,RU,Service/Gas Station,Gas Station,Handgun,,C
219637168,197240661,2024-08-25,St. Paul,MN0620900,13A,I,I,N,F,38,,Y,SE,Residence/Home,Home,Blunt Object,Minor Injury,C
219637169,197240662,2024-08-25,St. Paul,MN0620900,13A,B,B,U,F,26,,N,RU,Residence/Home,Home,Knife/Cutting Instrument,Severe Laceration,C
219637170,197240663,2024-08-26,St. Paul,MN0620900,13A,W,W,N,M,42,,N,FR,Residence/Home,Home,Other,Minor Injury,C
220885955,198331209,2024-08-26,St. Paul,MN0620900,13A,W,W,N,F,21,,Y,BG,Residence/Home,Home,Asphyxiation,Minor Injury,C
229258577,205634997,2024-08-26,St. Paul,MN0620900,13A,B,B,N,F,52,,N,RU,Residence/Home,Home,Knife/Cutting Instrument,Severe Laceration,C
219233450,196889093,2024-08-27,St. Paul,MN0620900,13A,H,U,H,F,35,,N,RU,Residence/Home,Home,Handgun,,C
220885989,198331239,2024-08-27,St. Paul,MN0620900,13A,W,W,N,M,38,,Y,OK;XR,Residence/Home,Home,Blunt Object;Personal Weapons,Unconscious,C
221640375,198985368,2024-08-27,St. Paul,MN0620900,13A,W,W,N,M,46,,N,ST,Parking/Drop Lot/Garage,Parking Lot,Firearm,,C
222462936,199698559,2024-08-27,St. Paul,MN0620900,13A,B,B,N,M,22,,N,RU,Residence/Home,Home,Firearm,Other Major Injury,C
222738569,199939507,2024-08-27,St. Paul,MN0620900,13A,A,A,N,M,41,,N,RU,Highway/Road/Alley/Street/Sidewalk,Street & Sidewalk,Blunt Object;Firearm,Possible Internal Injury;Severe Laceration,C
231672589,207745944,2024-08-27,St. Paul,MN0620900,13A,B,B,N,M,31,,N,RU,Highway/Road/Alley/Street/Sidewalk,Street & Sidewalk,Firearm,Minor Injury,C
231672590,207745944,2024-08-27,St. Paul,MN0620900,13A,W,W,N,F,27,,N,RU,Highway/Road/Alley/Street/Sidewalk,Street & Sidewalk,Firearm,,C
219400725,197033200,2024-08-28,St. Paul,MN0620900,13A,B,B,N,F,52,,N,RU,Residence/Home,Home,Asphyxiation;Personal Weapons,Possible Internal Injury,C
219637197,197240682,2024-08-28,St. Paul,MN0620900,13A,B,B,N,M,26,,N,RU,Residence/Home,Home,Knife/Cutting Instrument,,C
218934241,196625511,2024-08-29,St. Paul,MN0620900,13A,B,B,N,M,19,,N,RU,Highway/Road/Alley/Street/Sidewalk,Street & Sidewalk,Firearm,Minor Injury,C
219431102,197060229,2024-08-29,St. Paul,MN0620900,13A,W,W,N,M,39,,N,RU,Highway/Road/Alley/Street/Sidewalk,Street & Sidewalk,Other,Other Major Injury,C
219637200,197240684,2024-08-29,St. Paul,MN0620900,13A,B,B,N,F,35,,Y,BG,Residence/Home,Home,Blunt Object,Severe Laceration,C
220047010,197596757,2024-08-29,St. Paul,MN0620900,13A,B,B,N,M,24,,N,RU,Convenience Store,Convenience Store,Firearm,,C
220047011,197596757,2024-08-29,St. Paul,MN0620900,13A,B,B,N,F,21,,N,RU,Convenience Store,Convenience Store,Firearm,,C
228713553,205160827,2024-08-29,St. Paul,MN0620900,13A,A,A,N,M,29,,N,ST,Drug Store/Doctor's Office/Hospital,Hospital & Clinic,Personal Weapons,Other Major Injury,C
220171096,197704901,2024-08-30,St. Paul,MN0620900,13A,A,A,U,M,31,,N,RU,Grocery/Supermarket,Grocery Store,Knife/Cutting Instrument,Minor Injury,C
220586004,198068966,2024-08-30,St. Paul,MN0620900,13A,W,W,N,M,7,,N,CH,Residence/Home,Home,Handgun,,C
220650533,198125131,2024-08-30,St. Paul,MN0620900,13A,H,W,H,M,30,,N,RU,Highway/Road/Alley/Street/Sidewalk,Street & Sidewalk,Motor Vehicle/Vessel,Minor Injury,C
219233757,196889332,2024-08-31,St. Paul,MN0620900,13A,B,B,N,M,38,,N,RU,Highway/Road/Alley/Street/Sidewalk,Street & Sidewalk,Firearm,Other Major Injury,C
219431125,197060252,2024-08-31,St. Paul,MN0620900,13A,A,A,N,F,46,,N,RU,Residence/Home,Home,Knife/Cutting Instrument,Minor Injury,C
219431155,197060280,2024-08-31,St. Paul,MN0620900,13A,B,B,N,M,19,,N,CH;RU,Residence/Home,Home,Knife/Cutting Instrument,,C
220247795,197771451,2024-08-31,St. Paul,MN0620900,13A,B,B,N,F,17,,N,OF,Residence/Home,Home,Knife/Cutting Instrument,Severe Laceration,C
219233820,196889391,2024-09-01,St. Paul,MN0620900,13A,W,W,N,M,59,,N,RU,Highway/Road/Alley/Street/Sidewalk,Street & Sidewalk,Blunt Object,Other Major Injury;Severe Laceration,C
219431363,197060458,2024-09-02,St. Paul,MN0620900,13A,H,W,H,F,34,,N,RU,Residence/Home,Home,Knife/Cutting Instrument,,C
219560899,197173712,2024-09-02,St. Paul,MN0620900,13A,H,W,H,F,30,,N,RU,Residence/Home,Home,Knife/Cutting Instrument,,C
221131037,198545597,2024-09-02,St. Paul,MN0620900,13A,B,B,N,F,37,,Y,XR,Residence/Home,Home,Knife/Cutting Instrument,Other Major Injury,C
222016196,199310299,2024-09-02,St. Paul,MN0620900,13A,B,B,N,F,22,,N,RU,Residence/Home,Home,Handgun,,C
222016197,199310299,2024-09-02,St. Paul,MN0620900,13A,B,B,N,F,51,,N,RU,Residence/Home,Home,Handgun,,C
225742277,202563277,2024-09-02,St. Paul,MN0620900,13A,B,B,N,M,25,,Y,BG,Highway/Road/Alley/Street/Sidewalk,Street & Sidewalk,Knife/Cutting Instrument,,C
232045521,208071170,2024-09-02,St. Paul,MN0620900,13A,B,B,N,M,17,,N,RU,Highway/Road/Alley/Street/Sidewalk,Street & Sidewalk,Firearm,Other Major Injury,C
232045522,208071170,2024-09-02,St. Paul,MN0620900,13A,B,B,N,M,17,,N,RU,Highway/Road/Alley/Street/Sidewalk,Street & Sidewalk,Firearm,Other Major Injury,C
232045523,208071170,2024-09-02,St. Paul,MN0620900,13A,B,B,N,M,18,,N,RU,Highway/Road/Alley/Street/Sidewalk,Street & Sidewalk,Firearm,Minor Injury,C
219637222,197240699,2024-09-03,St. Paul,MN0620900,13A,B,B,U,M,43,,N,RU,Residence/Home,Home,Handgun,,C
222343335,199595361,2024-09-03,St. Paul,MN0620900,13A,B,B,N,U,17,,N,RU,Residence/Home,Home,Firearm,,C
223974212,201014367,2024-09-03,St. Paul,MN0620900,13A,H,U,H,F,25,,N,RU,Residence/Home,Home,Blunt Object,Severe Laceration,C
223974213,201014367,2024-09-03,St. Paul,MN0620900,13A,A,A,U,M,35,,N,RU,Residence/Home,Home,Blunt Object,Possible Internal Injury;Severe Laceration,C
221131040,198545600,2024-09-05,St. Paul,MN0620900,13A,W,W,N,F,46,,Y,XR,Residence/Home,Home,Firearm,,C
219431549,197060614,2024-09-06,St. Paul,MN0620900,13A,B,B,N,F,22,,N,RU,Residence/Home,Home,Firearm,,C
221758016,199086910,2024-09-06,St. Paul,MN0620900,13A,A,A,N,F,40,,N,RU,Highway/Road/Alley/Street/Sidewalk,Street & Sidewalk,Handgun,,C
219431668,197060709,2024-09-07,St. Paul,MN0620900,13A,B,B,U,F,23,,N,RU,Residence/Home,Home,Blunt Object,Minor Injury,C
219431669,197060709,2024-09-07,St. Paul,MN0620900,13A,B,B,N,F,23,,N,OF,Residence/Home,Home,Blunt Object,Severe Laceration,C
221131044,198545604,2024-09-07,St. Paul,MN0620900,13A,H,U,H,M,31,,N,,Highway/Road/Alley/Street/Sidewalk,Street & Sidewalk,Motor Vehicle/Vessel,Minor Injury,C
222057534,199346460,2024-09-07,St. Paul,MN0620900,13A,W,W,N,M,52,,N,NE,Shelter-Mission/Homeless,Shelter,Knife/Cutting Instrument,Severe Laceration,C
227491735,204084863,2024-09-07,St. Paul,MN0620900,13A,B,B,N,F,38,,Y,SE,Residence/Home,Home,Firearm,,C
219373320,197009639,2024-09-08,St. Paul,MN0620900,13A,W,W,N,F,40,,N,AQ,Residence/Home,Home,Personal Weapons,Other Major Injury,C
220431499,197931845,2024-09-08,St. Paul,MN0620900,13A,W,W,N,M,26,,N,RU,Convenience Store,Convenience Store,Other,,C
220756322,198216575,2024-09-08,St. Paul,MN0620900,13A,B,B,N,M,28,,N,RU,Shelter-Mission/Homeless,Shelter,Blunt Object,Minor Injury,C
220886570,198331741,2024-09-08,St. Paul,MN0620900,13A,W,W,N,F,45,,Y,BG,Residence/Home,Home,Personal Weapons,Minor Injury,C
219431703,197060736,2024-09-09,St. Paul,MN0620900,13A,H,W,H,F,24,,Y,SE,Residence/Home,Home,Other,Severe Laceration,C
219431727,197060753,2024-09-09,St. Paul,MN0620900,13A,H,U,H,F,21,,Y,BG,Residence/Home,Home,Personal Weapons,Minor Injury,C
220650854,198125406,2024-09-09,St. Paul,MN0620900,13A,H,U,H,M,30,,N,RU,Residence/Home,Home,Firearm,,C
219469281,197094162,2024-09-10,St. Paul,MN0620900,13A,B,B,N,M,30,,N,RU,Air/Bus/Train Terminal,Transit Station,Knife/Cutting Instrument,Severe Laceration,C
226248343,203002855,2024-09-10,St. Paul,MN0620900,13A,B,B,U,F,27,,Y,BG,Residence/Home,Home,Personal Weapons,Possible Internal Injury,C
229913810,206206032,2024-09-10,St. Paul,MN0620900,13A,B,B,N,M,18,,N,RU,Highway/Road/Alley/Street/Sidewalk,Street & Sidewalk,Firearm,Possible Internal Injury,C
229913811,206206032,2024-09-10,St. Paul,MN0620900,13A,B,B,N,M,16,,N,RU,Highway/Road/Alley/Street/Sidewalk,Street & Sidewalk,Firearm,Minor Injury,C
230177865,206434174,2024-09-10,St. Paul,MN0620900,13A,U,U,U,F,27,,N,RU,Residence/Home,Home,Handgun,,C
219469765,197094592,2024-09-11,St. Paul,MN0620900,13A,H,W,H,M,46,,N,FR,Bar/Nightclub,Bar & Nightclub,Blunt Object,,C
220756328,198216581,2024-09-11,St. Paul,MN0620900,13A,W,W,N,M,58,,N,RU,Highway/Road/Alley/Street/Sidewalk,Street & Sidewalk,Firearm,Unconscious,C
221131164,198545712,2024-09-11,St. Paul,MN0620900,13A,W,W,N,M,58,,N,RU,Bar/Nightclub,Bar & Nightclub,Personal Weapons,Apparent Broken Bones;Other Major Injury;Possible Internal Injury,C
222238579,199504778,2024-09-11,St. Paul,MN0620900,13A,B,B,N,M,37,,N,RU,Other/Unknown,Other & Unknown,Knife/Cutting Instrument,Other Major Injury,C
220209445,197737792,2024-09-13,St. Paul,MN0620900,13A,H,W,H,M,29,,N,RU,Residence/Home,Home,Handgun,Minor Injury,C
221061073,198484427,2024-09-14,St. Paul,MN0620900,13A,W,W,U,M,71,,N,PA,Residence/Home,Home,Personal Weapons,Unconscious,C
221061084,198484435,2024-09-14,St. Paul,MN0620900,13A,W,W,N,M,40,,N,RU,Residence/Home,Home,Personal Weapons,Possible Internal Injury,C
221640613,198985565,2024-09-14,St. Paul,MN0620900,13A,W,W,N,F,18,,N,RU,Highway/Road/Alley/Street/Sidewalk,Street & Sidewalk,Motor Vehicle/Vessel,Minor Injury,C
225714440,202539168,2024-09-14,St. Paul,MN0620900,13A,W,W,N,M,50,,N,RU,Residence/Home,Home,Firearm,Severe Laceration,C
219819426,197397265,2024-09-15,St. Paul,MN0620900,13A,B,B,N,M,57,,N,RU,Highway/Road/Alley/Street/Sidewalk,Street & Sidewalk,Blunt Object,Severe Laceration,C
219836134,197411612,2024-09-15,St. Paul,MN0620900,13A,B,B,N,F,,,N,RU,Park/Playground,Park & Playground,Firearm,,C
221061148,198484490,2024-09-15,St. Paul,MN0620900,13A,B,B,N,M,36,,N,RU,Highway/Road/Alley/Street/Sidewalk,Street & Sidewalk,Handgun,,C
221061149,198484490,2024-09-15,St. Paul,MN0620900,13A,B,B,N,M,47,,N,RU,Highway/Road/Alley/Street/Sidewalk,Street & Sidewalk,Handgun,,C
221061162,198484500,2024-09-15,St. Paul,MN0620900,13A,B,B,U,M,45,,Y,RU;SE,Residence/Home,Home,Knife/Cutting Instrument,Possible Internal Injury,C
222057543,199346467,2024-09-15,St. Paul,MN0620900,13A,B,B,N,F,31,,N,RU,Residence/Home,Home,Asphyxiation,,C
226248364,203002873,2024-09-15,St. Paul,MN0620900,13A,H,W,H,M,44,,N,RU,Highway/Road/Alley/Street/Sidewalk,Street & Sidewalk,Firearm,,C
221061211,198484546,2024-09-16,St. Paul,MN0620900,13A,W,W,U,F,23,,N,RU,Residence/Home,Home,Firearm,Minor Injury,C
223583184,200678167,2024-09-16,St. Paul,MN0620900,13A,B,B,N,F,23,,Y,RU;XR,Residence/Home,Home,Firearm,,C
231672599,207745949,2024-09-16,St. Paul,MN0620900,13A,B,B,N,M,20,,N,RU,Community Center,Community Center,Handgun,Minor Injury,C
220018110,197572027,2024-09-17,St. Paul,MN0620900,13A,B,B,N,F,49,,N,RU,Highway/Road/Alley/Street/Sidewalk,Street & Sidewalk,Unknown,,C
224949062,201863447,2024-09-17,St. Paul,MN0620900,13A,A,A,N,M,14,,N,RU,School-Elementary/Secondary,K-12 School,Firearm,Other Major Injury,C
230312946,206551418,2024-09-17,St. Paul,MN0620900,13A,H,W,H,F,31,,N,RU,Residence/Home,Home,Knife/Cutting Instrument,,C
230312947,206551418,2024-09-17,St. Paul,MN0620900,13A,H,W,H,M,36,,N,RU,Residence/Home,Home,Knife/Cutting Instrument,,C
231156793,207298211,2024-09-17,St. Paul,MN0620900,13A,B,B,N,F,23,,Y,XR,Residence/Home,Home,Asphyxiation,,C
220171364,197705132,2024-09-18,St. Paul,MN0620900,13A,W,W,U,M,10,,N,OK,School-Elementary/Secondary,K-12 School,Knife/Cutting Instrument,Minor Injury,C
221238478,198638917,2024-09-18,St. Paul,MN0620900,13A,B,B,N,F,34,,N,RU,Residence/Home,Home,Knife/Cutting Instrument,Minor Injury,C
229756216,206068615,2024-09-18,St. Paul,MN0620900,13A,B,B,N,M,22,,N,RU,Highway/Road/Alley/Street/Sidewalk,Street & Sidewalk,Firearm,Possible Internal Injury,C
220047098,197596828,2024-09-19,St. Paul,MN0620900,13A,B,B,U,M,26,,N,RU,Shelter-Mission/Homeless,Shelter,Knife/Cutting Instrument,,C
220171374,197705140,2024-09-19,St. Paul,MN0620900,13A,U,U,X,U,,,N,RU,School-Elementary/Secondary,K-12 School,Firearm (Automatic),,C
220171379,197705145,2024-09-19,St. Paul,MN0620900,13A,B,B,N,M,34,,N,RU,Restaurant,Restaurant,Firearm,,C
220651218,198125730,2024-09-19,St. Paul,MN0620900,13A,B,B,N,M,28,,N,RU,Residence/Home,Home,Blunt Object;Knife/Cutting Instrument;Personal Weapons,Possible Internal Injury,C
220756496,198216715,2024-09-19,St. Paul,MN0620900,13A,W,W,N,M,33,,N,RU,Residence/Home,Home,Blunt Object,Minor Injury,C
224082004,201108027,2024-09-19,St. Paul,MN0620900,13A,H,W,H,M,31,,N,RU,Residence/Home,Home,Firearm,,C
224246496,201251315,2024-09-19,St. Paul,MN0620900,13A,W,W,N,F,74,,N,PA,Residence/Home,Home,Knife/Cutting Instrument,,C
224592081,201553757,2024-09-19,St. Paul,MN0620900,13A,U,U,U,M,36,,N,SB;VO,Residence/Home,Home,Knife/Cutting Instrument,Severe Laceration,C
224592082,201553757,2024-09-19,St. Paul,MN0620900,13A,U,U,U,F,37,,N,SB;VO,Residence/Home,Home,Knife/Cutting Instrument,Severe Laceration,C
227832667,204381388,2024-09-19,St. Paul,MN0620900,13A,W,W,N,M,27,,N,RU,Highway/Road/Alley/Street/Sidewalk,Street & Sidewalk,Firearm,,C
220651228,198125740,2024-09-20,St. Paul,MN0620900,13A,B,B,N,F,63,,N,RU,Residence/Home,Home,Asphyxiation;Personal Weapons,Unconscious,C
221704759,199040392,2024-09-20,St. Paul,MN0620900,13A,A,A,N,F,19,,N,RU,Residence/Home,Home,Asphyxiation;Personal Weapons,Possible Internal Injury,C
222462950,199698571,2024-09-20,St. Paul,MN0620900,13A,B,B,U,M,44,,N,RU,Highway/Road/Alley/Street/Sidewalk,Street & Sidewalk,Personal Weapons,Apparent Broken Bones,C
222016403,199310469,2024-09-21,St. Paul,MN0620900,13A,U,U,U,M,17,,N,RU,Highway/Road/Alley/Street/Sidewalk,Street & Sidewalk,Rifle,,C
231672601,207745950,2024-09-21,St. Paul,MN0620900,13A,B,B,N,M,39,,N,RU,Highway/Road/Alley/Street/Sidewalk,Street & Sidewalk,Handgun,Possible Internal Injury,C
232045526,208071171,2024-09-21,St. Paul,MN0620900,13A,B,B,U,M,19,,N,RU,Highway/Road/Alley/Street/Sidewalk,Street & Sidewalk,Firearm,Other Major Injury,C
220171734,197705442,2024-09-22,St. Paul,MN0620900,13A,B,B,N,M,50,,N,RU,Park/Playground,Park & Playground,Handgun,,C
220651337,198125815,2024-09-22,St. Paul,MN0620900,13A,W,W,N,F,33,,N,RU,Residence/Home,Home,Knife/Cutting Instrument;Personal Weapons,,C
221061341,198484657,2024-09-22,St. Paul,MN0620900,13A,A,A,N,M,18,,N,RU,Residence/Home,Home,Knife/Cutting Instrument,Severe Laceration,C
221131212,198545754,2024-09-22,St. Paul,MN0620900,13A,B,B,N,F,29,,Y,BG,Residence/Home,Home,Blunt Object,,C
224884061,201806799,2024-09-23,St. Paul,MN0620900,13A,B,B,N,F,33,,N,CH,Residence/Home,Home,Handgun,Minor Injury,C
222617165,199833960,2024-09-24,St. Paul,MN0620900,13A,B,B,N,M,33,,Y,XS,Parking/Drop Lot/Garage,Parking Lot,Motor Vehicle/Vessel,,C
225566919,202412424,2024-09-24,St. Paul,MN0620900,13A,H,W,H,M,16,,N,RU,Park/Playground,Park & Playground,Other,,C
220651452,198125908,2024-09-25,St. Paul,MN0620900,13A,W,W,U,M,20,,N,RU,Highway/Road/Alley/Street/Sidewalk,Street & Sidewalk,Motor Vehicle/Vessel,,C
221429581,198805038,2024-09-25,St. Paul,MN0620900,13A,W,W,N,F,47,,N,RU,Residence/Home,Home,Other,,C
228232709,204734634,2024-09-25,St. Paul,MN0620900,13A,B,B,N,F,17,,N,FR,Residence/Home,Home,Unknown,,C
220757103,198217166,2024-09-26,St. Paul,MN0620900,13A,B,B,N,M,30,,N,RU,Residence/Home,Home,Handgun,Severe Laceration;Unconscious,C
221640638,198985588,2024-09-26,St. Paul,MN0620900,13A,H,I,H,M,37,,N,RU,Residence/Home,Home,Knife/Cutting Instrument,Severe Laceration,C
220432506,197932722,2024-09-27,St. Paul,MN0620900,13A,B,B,U,F,18,,N,FR,Highway/Road/Alley/Street/Sidewalk,Street & Sidewalk,Firearm,,C
220651511,198125961,2024-09-27,St. Paul,MN0620900,13A,B,B,U,F,67,,Y,BG,Residence/Home,Home,Asphyxiation;Blunt Object,Minor Injury,C
220887793,198332825,2024-09-27,St. Paul,MN0620900,13A,W,W,N,M,17,,N,RU,Other/Unknown,Other & Unknown,Knife/Cutting Instrument,Other Major Injury,C
222738596,199939526,2024-09-27,St. Paul,MN0620900,13A,W,W,U,M,42,,N,RU,Highway/Road/Alley/Street/Sidewalk,Street & Sidewalk,Personal Weapons,Apparent Broken Bones,C
222617238,199834028,2024-09-28,St. Paul,MN0620900,13A,B,B,N,F,43,,Y,XR,Highway/Road/Alley/Street/Sidewalk,Street & Sidewalk,Other,,C
223328952,200455925,2024-09-28,St. Paul,MN0620900,13A,H,U,H,F,39,,Y,XR,Residence/Home,Home,Knife/Cutting Instrument,Minor Injury,C
220587533,198070275,2024-09-29,St. Paul,MN0620900,13A,H,U,H,F,35,,Y,BG;RU,Residence/Home,Home,Knife/Cutting Instrument;Personal Weapons,Minor Injury,C
220888275,198333223,2024-09-29,St. Paul,MN0620900,13A,B,B,U,U,24,,Y,BG,Highway/Road/Alley/Street/Sidewalk,Street & Sidewalk,Firearm,,C
221705710,199041241,2024-09-29,St. Paul,MN0620900,13A,W,W,U,M,,,N,RU,Residence/Home,Home,Firearm,,C
221705864,199041374,2024-09-29,St. Paul,MN0620900,13A,B,B,N,F,21,,N,NE,Residence/Home,Home,Other,,C
221705865,199041374,2024-09-29,St. Paul,MN0620900,13A,B,B,N,M,3,,N,NE,Residence/Home,Home,Other,,C
221705866,199041374,2024-09-29,St. Paul,MN0620900,13A,B,B,N,M,4,,N,NE,Residence/Home,Home,Other,,C
222462957,199698578,2024-09-29,St. Paul,MN0620900,13A,W,W,N,M,38,,N,RU,Highway/Road/Alley/Street/Sidewalk,Street & Sidewalk,Firearm,Possible Internal Injury,C
224574163,201537976,2024-09-29,St. Paul,MN0620900,13A,W,W,U,M,19,,Y,VO;XR,Other/Unknown,Other & Unknown,Blunt Object;Knife/Cutting Instrument,Severe Laceration,C
224574164,201537976,2024-09-29,St. Paul,MN0620900,13A,W,W,N,F,18,,Y,VO;XR,Other/Unknown,Other & Unknown,Blunt Object;Knife/Cutting Instrument,Severe Laceration,C
220588028,198070736,2024-09-30,St. Paul,MN0620900,13A,H,U,H,F,20,,N,AQ,Residence/Home,Home,Knife/Cutting Instrument,,C
220588029,198070736,2024-09-30,St. Paul,MN0620900,13A,H,W,H,M,,,N,RU,Residence/Home,Home,Knife/Cutting Instrument,Minor Injury,C
221061842,198485095,2024-09-30,St. Paul,MN0620900,13A,B,B,N,M,54,,N,RU,Residence/Home,Home,Blunt Object,Minor Injury,C
222832694,200022916,2024-09-30,St. Paul,MN0620900,13A,B,B,N,F,28,,Y,BG,Residence/Home,Home,Firearm,,C
229913841,206206056,2024-09-30,St. Paul,MN0620900,13A,W,W,N,U,38,,N,RU,Residence/Home,Home,Firearm,Minor Injury;Other Major Injury,C
223652869,200737684,2024-10-01,St. Paul,MN0620900,13A,B,B,N,M,57,,N,NE,Residence/Home,Home,Handgun,,C
231672606,207745953,2024-10-01,St. Paul,MN0620900,13A,W,W,N,F,41,,N,RU,Other/Unknown,Other & Unknown,Firearm,Other Major Injury;Severe Laceration,C
220888358,198333293,2024-10-02,St. Paul,MN0620900,13A,B,B,N,M,62,,N,NE,Highway/Road/Alley/Street/Sidewalk,Street & Sidewalk,Personal Weapons,Other Major Injury;Possible Internal Injury,C
221238539,198638975,2024-10-02,St. Paul,MN0620900,13A,A,A,N,M,63,,N,RU,Residence/Home,Home,Knife/Cutting Instrument,,C
222617423,199834196,2024-10-02,St. Paul,MN0620900,13A,B,B,N,F,33,,Y,SE,Residence/Home,Home,Knife/Cutting Instrument,Minor Injury,C
224984392,201893626,2024-10-02,St. Paul,MN0620900,13A,U,U,U,M,55,,N,RU,Church/Synagogue/Temple/Mosque,Religious Building,Rifle,,C
220760799,198220355,2024-10-04,St. Paul,MN0620900,13A,B,B,U,F,42,,N,ST,Residence/Home,Home,Firearm,,C
229359208,205723603,2024-10-04,St. Paul,MN0620900,13A,B,B,N,M,32,,N,RU,Highway/Road/Alley/Street/Sidewalk,Street & Sidewalk,Firearm,Other Major Injury,C
222046252,199336704,2024-10-06,St. Paul,MN0620900,13A,B,B,N,M,51,,N,AQ,Highway/Road/Alley/Street/Sidewalk,Street & Sidewalk,Knife/Cutting Instrument,Other Major Injury,C
221782094,199107922,2024-10-07,St. Paul,MN0620900,13A,H,W,H,M,22,,N,RU,Parking/Drop Lot/Garage,Parking Lot,Firearm,,C
223099536,200256022,2024-10-07,St. Paul,MN0620900,13A,A,A,N,M,14,,N,RU,Residence/Home,Home,Firearm,,C
224574169,201537979,2024-10-07,St. Paul,MN0620900,13A,B,B,N,M,15,,N,CH;SB;VO,Residence/Home,Home,Blunt Object;Knife/Cutting Instrument;Personal Weapons,Minor Injury,C
224574171,201537979,2024-10-07,St. Paul,MN0620900,13A,B,B,N,F,43,,N,PA;VO,Residence/Home,Home,Blunt Object;Knife/Cutting Instrument;Personal Weapons,Minor Injury,C
221131631,198546105,2024-10-08,St. Paul,MN0620900,13A,B,B,U,F,42,,N,PA,Residence/Home,Home,Knife/Cutting Instrument,,C
221640661,198985608,2024-10-08,St. Paul,MN0620900,13A,B,B,N,M,21,,N,RU,Residence/Home,Home,Knife/Cutting Instrument,Severe Laceration,C
221706709,199042121,2024-10-08,St. Paul,MN0620900,13A,B,B,N,M,38,,N,RU,Shelter-Mission/Homeless,Shelter,Knife/Cutting Instrument,,C
221832572,199151674,2024-10-09,St. Paul,MN0620900,13A,W,W,N,M,60,,N,ST,Bank/Savings and Loan,Bank,Knife/Cutting Instrument,,C
222738625,199939553,2024-10-09,St. Paul,MN0620900,13A,A,A,N,M,30,,N,RU,Highway/Road/Alley/Street/Sidewalk,Street & Sidewalk,Firearm,Minor Injury,C
224070314,201098178,2024-10-09,St. Paul,MN0620900,13A,B,B,U,F,20,,N,RU,Highway/Road/Alley/Street/Sidewalk,Street & Sidewalk,Handgun,,C
221640886,198985806,2024-10-10,St. Paul,MN0620900,13A,B,B,N,F,34,,N,RU,Highway/Road/Alley/Street/Sidewalk,Street & Sidewalk,Firearm,,C
222261422,199524749,2024-10-10,St. Paul,MN0620900,13A,A,A,N,M,51,,N,RU,Shelter-Mission/Homeless,Shelter,Blunt Object,Minor Injury,C
228232715,204734639,2024-10-10,St. Paul,MN0620900,13A,A,A,N,M,35,,N,RU,Service/Gas Station,Gas Station,Handgun,,C
231281529,207404884,2024-10-10,St. Paul,MN0620900,13A,A,A,N,M,45,,N,RU,Highway/Road/Alley/Street/Sidewalk,Street & Sidewalk,Firearm,,C
222579389,199799955,2024-10-11,St. Paul,MN0620900,13A,A,A,N,F,23,,Y,BG,Residence/Home,Home,Personal Weapons,Possible Internal Injury;Unconscious,C
222617684,199834432,2024-10-11,St. Paul,MN0620900,13A,W,W,N,F,33,,N,RU,Residence/Home,Home,Asphyxiation,,C
222617802,199834538,2024-10-11,St. Paul,MN0620900,13A,B,B,N,F,27,,Y,BG,Residence/Home,Home,Asphyxiation;Personal Weapons,Minor Injury,C
222617856,199834586,2024-10-11,St. Paul,MN0620900,13A,B,B,N,F,21,,Y,XR,Residence/Home,Home,Asphyxiation,,C
221640950,198985852,2024-10-12,St. Paul,MN0620900,13A,W,W,N,M,13,,N,RU,Highway/Road/Alley/Street/Sidewalk,Street & Sidewalk,Firearm;Knife/Cutting Instrument,Minor Injury,C
222017043,199311018,2024-10-12,St. Paul,MN0620900,13A,B,B,N,M,19,,N,RU,Highway/Road/Alley/Street/Sidewalk,Street & Sidewalk,Handgun,,C
222579393,199799959,2024-10-12,St. Paul,MN0620900,13A,W,W,U,F,40,,N,RU,Residence/Home,Home,Asphyxiation,Minor Injury,C
222738677,199939595,2024-10-12,St. Paul,MN0620900,13A,W,W,N,F,39,,N,RU,Other/Unknown,Other & Unknown,Blunt Object,Minor Injury,C
223652875,200737688,2024-10-12,St. Paul,MN0620900,13A,B,B,U,F,12,,N,AQ,Shelter-Mission/Homeless,Shelter,Blunt Object,Minor Injury,C
224392079,201378877,2024-10-12,St. Paul,MN0620900,13A,B,B,N,M,8,,N,RU,Highway/Road/Alley/Street/Sidewalk,Street & Sidewalk,Firearm,,C
224392080,201378877,2024-10-12,St. Paul,MN0620900,13A,B,B,N,F,21,,Y,XS,Highway/Road/Alley/Street/Sidewalk,Street & Sidewalk,Firearm,,C
224392081,201378877,2024-10-12,St. Paul,MN0620900,13A,B,B,N,F,24,,N,AQ,Highway/Road/Alley/Street/Sidewalk,Street & Sidewalk,Firearm,,C
230569699,206774961,2024-10-12,St. Paul,MN0620900,13A,U,U,X,U,6,,N,RU,Highway/Road/Alley/Street/Sidewalk,Street & Sidewalk,Handgun,,C
230569700,206774961,2024-10-12,St. Paul,MN0620900,13A,U,U,X,U,9,,N,RU,Highway/Road/Alley/Street/Sidewalk,Street & Sidewalk,Handgun,,C
230569701,206774961,2024-10-12,St. Paul,MN0620900,13A,W,W,N,M,37,,N,RU,Highway/Road/Alley/Street/Sidewalk,Street & Sidewalk,Handgun,,C
225934433,202729206,2024-10-13,St. Paul,MN0620900,13A,B,B,U,F,33,,N,RU,Highway/Road/Alley/Street/Sidewalk,Street & Sidewalk,Blunt Object,,C
230011445,206291198,2024-10-13,St. Paul,MN0620900,13A,U,U,N,M,50,,N,RU,Government/Public Building,Government Building,Handgun,Other Major Injury,C
222579409,199799974,2024-10-14,St. Paul,MN0620900,13A,H,W,H,M,19,,N,CF,Residence/Home,Home,Knife/Cutting Instrument,,C
231156820,207298236,2024-10-14,St. Paul,MN0620900,13A,B,B,N,M,33,,N,RU,Residence/Home,Home,Handgun,Other Major Injury,C
222261449,199524771,2024-10-15,St. Paul,MN0620900,13A,B,B,N,M,23,,N,AQ,Highway/Road/Alley/Street/Sidewalk,Street & Sidewalk,Handgun,Minor Injury,C
222579415,199799979,2024-10-15,St. Paul,MN0620900,13A,B,B,N,F,35,,N,RU,Residence/Home,Home,Handgun,,C
222527938,199755224,2024-10-17,St. Paul,MN0620900,13A,B,B,N,M,61,,N,RU,Residence/Home,Home,Blunt Object,Minor Injury,C
221832623,199151721,2024-10-18,St. Paul,MN0620900,13A,B,B,N,M,,,N,RU,Residence/Home,Home,Handgun,Minor Injury,C
222343959,199595865,2024-10-19,St. Paul,MN0620900,13A,H,W,H,M,24,,N,RU,Highway/Road/Alley/Street/Sidewalk,Street & Sidewalk,Knife/Cutting Instrument,Other Major Injury;Possible Internal Injury,C
225126274,202017355,2024-10-19,St. Paul,MN0620900,13A,B,B,N,M,49,,N,RU,Residence/Home,Home,Handgun,,C
225126275,202017355,2024-10-19,St. Paul,MN0620900,13A,B,B,N,F,22,,N,RU,Residence/Home,Home,Handgun,,C
229861243,206160065,2024-10-19,St. Paul,MN0620900,13A,H,W,H,M,28,,N,ST,Highway/Road/Alley/Street/Sidewalk,Street & Sidewalk,Firearm,,C
223439317,200552096,2024-10-20,St. Paul,MN0620900,13A,U,U,U,M,30,,N,RU,Highway/Road/Alley/Street/Sidewalk,Street & Sidewalk,Knife/Cutting Instrument,Other Major Injury,C
224392153,201378933,2024-10-20,St. Paul,MN0620900,13A,B,B,U,F,41,,Y,BG,Highway/Road/Alley/Street/Sidewalk,Street & Sidewalk,Firearm,,C
222343970,199595874,2024-10-21,St. Paul,MN0620900,13A,B,B,N,U,48,,N,OK;RU,Residence/Home,Home,Knife/Cutting Instrument,,C
222536100,199762609,2024-10-21,St. Paul,MN0620900,13A,W,W,N,F,19,,Y,XR,Other/Unknown,Other & Unknown,Blunt Object;Personal Weapons,Minor Injury,C
222929049,200106034,2024-10-21,St. Paul,MN0620900,13A,H,W,H,F,26,,Y,SE,Residence/Home,Home,Knife/Cutting Instrument;Personal Weapons,Minor Injury,C
225714923,202539578,2024-10-21,St. Paul,MN0620900,13A,H,W,H,M,69,,N,RU,Residence/Home,Home,Knife/Cutting Instrument,Minor Injury,C
222017640,199311522,2024-10-22,St. Paul,MN0620900,13A,A,A,N,M,39,,N,RU,Residence/Home,Home,Knife/Cutting Instrument,Severe Laceration,C
223102483,200258588,2024-10-22,St. Paul,MN0620900,13A,B,B,N,M,34,,N,AQ,Shelter-Mission/Homeless,Shelter,Knife/Cutting Instrument,,C
225934434,202729207,2024-10-22,St. Paul,MN0620900,13A,B,B,N,F,42,,N,PA,Residence/Home,Home,Asphyxiation;Blunt Object;Personal Weapons,Minor Injury,C
226158351,202924038,2024-10-23,St. Paul,MN0620900,13A,H,I,H,M,56,,N,RU,Residence/Home,Home,Firearm;Other,,C
226158352,202924038,2024-10-23,St. Paul,MN0620900,13A,U,U,U,U,,,N,RU,Residence/Home,Home,Firearm;Other,,C
227994920,204527633,2024-10-23,St. Paul,MN0620900,13A,A,A,N,M,41,,N,RU,Highway/Road/Alley/Street/Sidewalk,Street & Sidewalk,Handgun,,C
231672610,207745956,2024-10-23,St. Paul,MN0620900,13A,B,B,N,M,40,,N,RU,Highway/Road/Alley/Street/Sidewalk,Street & Sidewalk,Handgun,Other Major Injury,C
223974310,201014454,2024-10-25,St. Paul,MN0620900,13A,B,B,U,F,24,,N,ST,Parking/Drop Lot/Garage,Parking Lot,Firearm,,C
223974311,201014454,2024-10-25,St. Paul,MN0620900,13A,B,B,U,F,30,,N,ST,Parking/Drop Lot/Garage,Parking Lot,Firearm,,C
225096502,201991500,2024-10-25,St. Paul,MN0620900,13A,U,U,U,F,47,,N,RU,Highway/Road/Alley/Street/Sidewalk,Street & Sidewalk,Blunt Object,Possible Internal Injury,C
222344478,199596303,2024-10-26,St. Paul,MN0620900,13A,B,B,U,F,32,,N,RU,Residence/Home,Home,Asphyxiation;Personal Weapons,Possible Internal Injury,C
222344561,199596374,2024-10-26,St. Paul,MN0620900,13A,B,B,N,F,34,,N,RU,Industrial Site,Industrial Site,Knife/Cutting Instrument,Other Major Injury,C
227495993,204088540,2024-10-26,St. Paul,MN0620900,13A,B,B,N,M,24,,N,RU,Highway/Road/Alley/Street/Sidewalk,Street & Sidewalk,Firearm,Other Major Injury,C
222262583,199525743,2024-10-27,St. Paul,MN0620900,13A,H,B,H,F,42,,N,RU,Parking/Drop Lot/Garage,Parking Lot,,Other Major Injury,C
223974320,201014463,2024-10-27,St. Paul,MN0620900,13A,B,B,U,F,40,,N,RU,Residence/Home,Home,Knife/Cutting Instrument,Minor Injury;Possible Internal Injury,C
226528769,203250544,2024-10-27,St. Paul,MN0620900,13A,H,W,H,M,42,,N,RU,Residence/Home,Home,Handgun,Minor Injury,C
222463072,199698676,2024-10-28,St. Paul,MN0620900,13A,A,A,N,F,53,,Y,SE,Residence/Home,Home,Knife/Cutting Instrument,,C
222738849,199939749,2024-10-28,St. Paul,MN0620900,13A,U,U,N,F,,,N,ST,Highway/Road/Alley/Street/Sidewalk,Street & Sidewalk,Firearm,,C
224082025,201108042,2024-10-28,St. Paul,MN0620900,13A,W,W,N,M,16,,N,SC,Residence/Home,Home,Other,Minor Injury,C
224463132,201439644,2024-10-28,St. Paul,MN0620900,13A,W,W,N,F,23,,N,RU,Residence/Home,Home,Personal Weapons,Severe Laceration;Unconscious,C
223439395,200552166,2024-10-30,St. Paul,MN0620900,13A,B,B,N,F,37,,N,PA,Highway/Road/Alley/Street/Sidewalk,Street & Sidewalk,,Apparent Broken Bones,C
231283629,207406608,2024-10-30,St. Paul,MN0620900,13A,W,W,N,M,30,,N,RU,Highway/Road/Alley/Street/Sidewalk,Street & Sidewalk,Firearm,Other Major Injury,C
226248522,203003013,2024-10-31,St. Paul,MN0620900,13A,B,B,N,F,25,,N,RU,Bar/Nightclub,Bar & Nightclub,Firearm,,C
222833277,200023446,2024-11-01,St. Paul,MN0620900,13A,H,W,H,M,18,,N,RU,Residence/Home,Home,Handgun,,C
223583222,200678199,2024-11-01,St. Paul,MN0620900,13A,B,B,N,M,54,,N,RU,Highway/Road/Alley/Street/Sidewalk,Street & Sidewalk,Unknown,Severe Laceration;Unconscious,C
223652900,200737709,2024-11-01,St. Paul,MN0620900,13A,W,W,N,M,44,,N,RU;ST,Parking/Drop Lot/Garage,Parking Lot,Handgun,,C
223652901,200737709,2024-11-01,St. Paul,MN0620900,13A,W,W,N,F,39,,N,RU;ST,Parking/Drop Lot/Garage,Parking Lot,Handgun,,C
223974630,201014742,2024-11-01,St. Paul,MN0620900,13A,A,A,U,M,27,,N,OK,Bar/Nightclub,Bar & Nightclub,Blunt Object,,C
223974632,201014744,2024-11-01,St. Paul,MN0620900,13A,B,B,U,M,27,,Y,BG,Residence/Home,Home,Blunt Object,Apparent Broken Bones,C
223652903,200737711,2024-11-02,St. Paul,MN0620900,13A,W,W,N,F,63,,N,ST,Residence/Home,Home,Knife/Cutting Instrument,,C
223974634,201014746,2024-11-02,St. Paul,MN0620900,13A,H,W,H,F,23,,N,RU,Residence/Home,Home,Knife/Cutting Instrument,Severe Laceration,C
225126282,202017362,2024-11-02,St. Paul,MN0620900,13A,W,W,U,F,60,,N,AQ,Shelter-Mission/Homeless,Shelter,Blunt Object,Minor Injury,C
222748640,199948415,2024-11-03,St. Paul,MN0620900,13A,W,W,N,F,47,,N,PA,Residence/Home,Home,Asphyxiation,Minor Injury,C
228232745,204734663,2024-11-03,St. Paul,MN0620900,13A,B,B,N,M,43,,N,RU,Highway/Road/Alley/Street/Sidewalk,Street & Sidewalk,Handgun,,C
228232746,204734663,2024-11-03,St. Paul,MN0620900,13A,B,B,N,F,43,,N,RU,Highway/Road/Alley/Street/Sidewalk,Street & Sidewalk,Handgun,,C
229258664,205635072,2024-11-03,St. Paul,MN0620900,13A,B,B,N,M,21,,N,RU,Bar/Nightclub,Bar & Nightclub,Firearm,Minor Injury,C
222929487,200106413,2024-11-04,St. Paul,MN0620900,13A,B,B,U,M,25,,Y,BG;VO,Residence/Home,Home,Blunt Object,Minor Injury,C
223974782,201014872,2024-11-04,St. Paul,MN0620900,13A,B,B,U,M,47,,Y,XS,Residence/Home,Home,Knife/Cutting Instrument,Minor Injury,C
225934439,202729212,2024-11-04,St. Paul,MN0620900,13A,W,W,N,M,38,,N,FR,Residence/Home,Home,Blunt Object,Severe Laceration,C
227922729,204464792,2024-11-04,St. Paul,MN0620900,13A,H,U,H,F,36,,Y,BG,Residence/Home,Home,Asphyxiation;Personal Weapons,Possible Internal Injury,C
223974816,201014903,2024-11-05,St. Paul,MN0620900,13A,B,B,N,M,,,N,RU,Convenience Store,Convenience Store,Firearm,,C
230569703,206774962,2024-11-05,St. Paul,MN0620900,13A,A,A,N,M,44,,N,RU,Bar/Nightclub,Bar & Nightclub,Personal Weapons,Other Major Injury;Possible Internal Injury;Unconscious,C
223099583,200256063,2024-11-06,St. Paul,MN0620900,13A,B,B,N,M,47,,Y,SE,Residence/Home,Home,Knife/Cutting Instrument,Minor Injury,C
223974821,201014907,2024-11-06,St. Paul,MN0620900,13A,U,U,U,M,46,,N,ST,Highway/Road/Alley/Street/Sidewalk,Street & Sidewalk,Knife/Cutting Instrument,Severe Laceration,C
223974825,201014911,2024-11-06,St. Paul,MN0620900,13A,B,B,N,F,57,,Y,BG;VO,Residence/Home,Home,Unknown,Apparent Broken Bones,C
223974826,201014911,2024-11-06,St. Paul,MN0620900,13A,B,B,N,M,66,,Y,BG;VO,Residence/Home,Home,Unknown,Minor Injury,C
230207591,206459997,2024-11-06,St. Paul,MN0620900,13A,B,B,N,M,15,,N,RU,Highway/Road/Alley/Street/Sidewalk,Street & Sidewalk,Handgun,Minor Injury,C
230207592,206459997,2024-11-06,St. Paul,MN0620900,13A,B,B,N,M,14,,N,RU,Highway/Road/Alley/Street/Sidewalk,Street & Sidewalk,Handgun,Minor Injury,C
224617342,201575041,2024-11-07,St. Paul,MN0620900,13A,H,W,H,F,29,,N,OF,Residence/Home,Home,Handgun,,C
230569735,206774989,2024-11-07,St. Paul,MN0620900,13A,U,U,U,F,21,,Y,BG,Residence/Home,Home,Other Firearm,,C
223440724,200553339,2024-11-09,St. Paul,MN0620900,13A,B,B,N,M,60,,N,OK,Residence/Home,Home,Blunt Object,Minor Injury,C
223974901,201014978,2024-11-09,St. Paul,MN0620900,13A,B,B,N,M,61,,N,RU,Residence/Home,Home,Knife/Cutting Instrument,Minor Injury,C
224393428,201380020,2024-11-09,St. Paul,MN0620900,13A,H,W,H,F,18,,N,RU,Residence/Home,Home,Firearm,,C
228713923,205161112,2024-11-09,St. Paul,MN0620900,13A,B,B,N,F,34,,Y,BG,Parking/Drop Lot/Garage,Parking Lot,Motor Vehicle/Vessel,Minor Injury,C
224349737,201342399,2024-11-10,St. Paul,MN0620900,13A,B,B,N,F,29,,N,OK,Residence/Home,Home,Handgun,,C
224617213,201574925,2024-11-10,St. Paul,MN0620900,13A,B,B,N,M,41,,N,RU,Grocery/Supermarket,Grocery Store,Blunt Object;Firearm,Minor Injury,C
228232759,204734674,2024-11-10,St. Paul,MN0620900,13A,H,U,H,M,34,,N,OK,Bar/Nightclub,Bar & Nightclub,Blunt Object,Possible Internal Injury,C
231672613,207745958,2024-11-10,St. Paul,MN0620900,13A,H,U,H,M,27,,N,RU,Residence/Home,Home,Personal Weapons,Unconscious,C
232390345,208371039,2024-11-10,St. Paul,MN0620900,13A,B,B,N,M,53,,N,RU,Residence/Home,Home,Knife/Cutting Instrument,,C
223974653,201014761,2024-11-11,St. Paul,MN0620900,13A,W,W,N,F,30,,Y,XR,Residence/Home,Home,Asphyxiation;Personal Weapons,Minor Injury,C
228232763,204734677,2024-11-11,St. Paul,MN0620900,13A,W,W,N,F,40,,N,RU,Residence/Home,Home,Firearm,,C
228713959,205161147,2024-11-11,St. Paul,MN0620900,13A,B,B,N,M,0,,N,SC,Residence/Home,Home,Personal Weapons,Possible Internal Injury,C
230974770,207130472,2024-11-11,St. Paul,MN0620900,13A,B,B,N,F,22,,N,RU,Residence/Home,Home,Personal Weapons,Other Major Injury,C
223974699,201014804,2024-11-12,St. Paul,MN0620900,13A,W,W,N,F,51,,N,RU,Highway/Road/Alley/Street/Sidewalk,Street & Sidewalk,Motor Vehicle/Vessel,Other Major Injury,C
224149822,201167919,2024-11-12,St. Paul,MN0620900,13A,I,I,U,M,33,,Y,BG,Residence/Home,Home,Knife/Cutting Instrument,,C
223583612,200678545,2024-11-13,St. Paul,MN0620900,13A,W,W,U,F,31,,N,RU,Highway/Road/Alley/Street/Sidewalk,Street & Sidewalk,Knife/Cutting Instrument;Other,,C
223583613,200678545,2024-11-13,St. Paul,MN0620900,13A,W,W,N,M,39,,N,RU,Highway/Road/Alley/Street/Sidewalk,Street & Sidewalk,Knife/Cutting Instrument;Other,,C
224369960,201360083,2024-11-13,St. Paul,MN0620900,13A,W,W,N,F,21,,Y,BG,Residence/Home,Home,Asphyxiation;Personal Weapons,Possible Internal Injury,C
224246276,201251129,2024-11-14,St. Paul,MN0620900,13A,B,B,N,F,33,,N,SB,Parking/Drop Lot/Garage,Parking Lot,Motor Vehicle/Vessel,Minor Injury,C
230569799,206775037,2024-11-14,St. Paul,MN0620900,13A,W,W,U,M,33,,N,RU,Highway/Road/Alley/Street/Sidewalk,Street & Sidewalk,Firearm,,C
231706050,207774638,2024-11-14,St. Paul,MN0620900,13A,W,W,U,M,39,,N,OK,Highway/Road/Alley/Street/Sidewalk,Street & Sidewalk,Blunt Object,Severe Laceration,C
223974981,201015055,2024-11-15,St. Paul,MN0620900,13A,W,W,N,F,48,,N,RU,Residence/Home,Home,Knife/Cutting Instrument,Minor Injury,C
225941850,202735657,2024-11-15,St. Paul,MN0620900,13A,W,W,N,M,43,,N,RU,Highway/Road/Alley/Street/Sidewalk,Street & Sidewalk,Firearm,Minor Injury,C
227296934,203914352,2024-11-15,St. Paul,MN0620900,13A,B,B,N,F,22,,Y,BG,Parking/Drop Lot/Garage,Parking Lot,Personal Weapons,Possible Internal Injury,C
223851711,200908597,2024-11-16,St. Paul,MN0620900,13A,H,W,H,M,59,,N,PA,Residence/Home,Home,Personal Weapons,Loss of Teeth,C
223851792,200908667,2024-11-16,St. Paul,MN0620900,13A,W,W,N,F,38,,Y,BG,Residence/Home,Home,Asphyxiation;Personal Weapons,Minor Injury,C
223974995,201015068,2024-11-16,St. Paul,MN0620900,13A,B,B,N,F,43,,N,RU,Highway/Road/Alley/Street/Sidewalk,Street & Sidewalk,Handgun,Minor Injury,C
223974999,201015071,2024-11-16,St. Paul,MN0620900,13A,A,A,N,M,19,,N,RU,Residence/Home,Home,Firearm,,C
225126285,202017365,2024-11-16,St. Paul,MN0620900,13A,B,B,U,F,26,,N,FR,Highway/Road/Alley/Street/Sidewalk,Street & Sidewalk,Motor Vehicle/Vessel,Minor Injury,C
230920520,207083565,2024-11-16,St. Paul,MN0620900,13A,B,B,U,M,14,,N,RU,Parking/Drop Lot/Garage,Parking Lot,Firearm,Other Major Injury,C
228714075,205161248,2024-11-17,St. Paul,MN0620900,13A,W,W,N,M,37,,N,ST,Convenience Store,Convenience Store,Handgun,,C
230313274,206551685,2024-11-17,St. Paul,MN0620900,13A,B,B,N,M,58,,N,AQ,Park/Playground,Park & Playground,Blunt Object,Minor Injury,C
223975041,201015110,2024-11-18,St. Paul,MN0620900,13A,U,U,U,M,29,,N,RU,Highway/Road/Alley/Street/Sidewalk,Street & Sidewalk,Knife/Cutting Instrument,Other Major Injury,C
224070448,201098278,2024-11-18,St. Paul,MN0620900,13A,A,A,N,F,38,,N,RU,Residence/Home,Home,Knife/Cutting Instrument,,C
224070449,201098278,2024-11-18,St. Paul,MN0620900,13A,A,A,N,M,14,,N,RU,Residence/Home,Home,Knife/Cutting Instrument,Minor Injury,C
224393841,201380357,2024-11-18,St. Paul,MN0620900,13A,W,W,N,M,66,,N,RU,Highway/Road/Alley/Street/Sidewalk,Street & Sidewalk,Handgun,,C
229359504,205723845,2024-11-18,St. Paul,MN0620900,13A,B,B,U,M,44,,N,RU,Residence/Home,Home,Handgun,,C
224246305,201251154,2024-11-19,St. Paul,MN0620900,13A,B,B,U,F,33,,N,RU,Residence/Home,Home,Blunt Object,Apparent Broken Bones,C
224372618,201362341,2024-11-19,St. Paul,MN0620900,13A,B,B,N,F,31,,N,RU,Residence/Home,Home,Asphyxiation;Personal Weapons,Possible Internal Injury,C
224393847,201380363,2024-11-19,St. Paul,MN0620900,13A,W,W,U,F,13,,N,RU,Highway/Road/Alley/Street/Sidewalk,Street & Sidewalk,Rifle,,C
225126287,202017367,2024-11-19,St. Paul,MN0620900,13A,B,B,N,M,19,,N,RU,Residence/Home,Home,Knife/Cutting Instrument,Severe Laceration,C
225941853,202735659,2024-11-19,St. Paul,MN0620900,13A,B,B,U,F,26,,Y,BG,Residence/Home,Home,Blunt Object,Minor Injury,C
231672616,207745960,2024-11-19,St. Paul,MN0620900,13A,B,B,N,F,51,,N,RU,Highway/Road/Alley/Street/Sidewalk,Street & Sidewalk,Firearm,Other Major Injury,C
225900361,202699801,2024-11-20,St. Paul,MN0620900,13A,B,B,U,F,26,,N,AQ,Parking/Drop Lot/Garage,Parking Lot,Motor Vehicle/Vessel,Minor Injury,C
226248533,203003021,2024-11-20,St. Paul,MN0620900,13A,U,U,U,M,61,,N,ER,Residence/Home,Home,Blunt Object,Minor Injury,C
224082091,201108103,2024-11-21,St. Paul,MN0620900,13A,B,B,N,M,39,,Y,BG,Residence/Home,Home,Personal Weapons,Loss of Teeth,C
227492258,204085311,2024-11-21,St. Paul,MN0620900,13A,B,B,N,F,30,,N,RU,Air/Bus/Train Terminal,Transit Station,Firearm,Other Major Injury,C
229359568,205723901,2024-11-21,St. Paul,MN0620900,13A,W,W,N,F,32,,Y,BG,Residence/Home,Home,Personal Weapons,Severe Laceration,C
224550115,201517065,2024-11-22,St. Paul,MN0620900,13A,B,B,N,F,24,,N,CH;OK;VO,Residence/Home,Home,Firearm,,C
224550116,201517065,2024-11-22,St. Paul,MN0620900,13A,U,U,U,F,46,,N,OK;PA;VO,Residence/Home,Home,Firearm,,C
224550117,201517065,2024-11-22,St. Paul,MN0620900,13A,U,U,N,F,18,,N,CH;OK;VO,Residence/Home,Home,Firearm,,C
224550118,201517065,2024-11-22,St. Paul,MN0620900,13A,B,B,N,F,44,,N,OK;PA;VO,Residence/Home,Home,Firearm,,C
227492316,204085357,2024-11-22,St. Paul,MN0620900,13A,W,W,N,M,28,,N,RU,Convenience Store,Convenience Store,Firearm,,C
224394168,201380643,2024-11-23,St. Paul,MN0620900,13A,U,U,N,M,36,,N,ST,Residence/Home,Home,Knife/Cutting Instrument,,C
224550267,201517180,2024-11-24,St. Paul,MN0620900,13A,B,B,N,M,25,,N,RU,Convenience Store,Convenience Store,Firearm,,C
230313294,206551704,2024-11-24,St. Paul,MN0620900,13A,A,A,N,F,37,,Y,SE,Residence/Home,Home,Rifle,,C
230313295,206551704,2024-11-24,St. Paul,MN0620900,13A,A,A,N,F,17,,N,RU,Residence/Home,Home,Rifle,,C
230313296,206551704,2024-11-24,St. Paul,MN0620900,13A,A,A,N,M,10,,N,RU,Residence/Home,Home,Rifle,,C
230313297,206551704,2024-11-24,St. Paul,MN0620900,13A,A,A,N,M,18,,N,RU,Residence/Home,Home,Rifle,,C
230313298,206551704,2024-11-24,St. Paul,MN0620900,13A,A,A,N,F,12,,N,RU,Residence/Home,Home,Rifle,,C
230313299,206551704,2024-11-24,St. Paul,MN0620900,13A,U,U,X,F,28,,N,RU,Residence/Home,Home,Rifle,,C
231843478,207893404,2024-11-24,St. Paul,MN0620900,13A,B,B,N,M,18,,N,FR;RU,Residence/Home,Home,Firearm,Other Major Injury,C
224550648,201517467,2024-11-25,St. Paul,MN0620900,13A,A,A,U,M,14,,N,RU,School-Elementary/Secondary,K-12 School,Blunt Object,Minor Injury,C
227296937,203914355,2024-11-25,St. Paul,MN0620900,13A,B,B,N,F,31,,N,RU,Residence/Home,Home,Asphyxiation;Personal Weapons,Minor Injury,C
227946759,204485742,2024-11-26,St. Paul,MN0620900,13A,W,W,N,F,37,,Y,XR,Residence/Home,Home,Personal Weapons,Possible Internal Injury,C
224396583,201382503,2024-11-27,St. Paul,MN0620900,13A,B,B,N,M,44,,N,RU,Other/Unknown,Other & Unknown,Handgun,,C
224396890,201382773,2024-11-27,St. Paul,MN0620900,13A,W,W,N,F,28,,Y,AQ;BG,Highway/Road/Alley/Street/Sidewalk,Street & Sidewalk,Blunt Object,Minor Injury,C
224550711,201517518,2024-11-27,St. Paul,MN0620900,13A,A,A,N,F,39,,N,RU,Residence/Home,Home,Firearm,,C
226422338,203155967,2024-11-28,St. Paul,MN0620900,13A,W,W,N,M,41,,N,,Residence/Home,Home,Blunt Object,Minor Injury,C
230125900,206390259,2024-11-28,St. Paul,MN0620900,13A,U,U,U,F,33,,N,AQ,Residence/Home,Home,Handgun,,C
230125901,206390259,2024-11-28,St. Paul,MN0620900,13A,B,B,N,F,20,,N,AQ,Residence/Home,Home,Handgun,,C
230207607,206460005,2024-11-28,St. Paul,MN0620900,13A,W,W,N,F,37,,Y,BG,Residence/Home,Home,Explosives,Possible Internal Injury;Unconscious,C
230207609,206460007,2024-11-29,St. Paul,MN0620900,13A,B,B,N,M,23,,N,RU,Grocery/Supermarket,Grocery Store,Firearm,Other Major Injury,C
225576053,202421129,2024-12-01,St. Paul,MN0620900,13A,B,B,U,F,21,,N,RU,Residence/Home,Home,Personal Weapons,Apparent Broken Bones,C
228939568,205355567,2024-12-01,St. Paul,MN0620900,13A,B,B,N,F,41,,N,RU,Residence/Home,Home,Firearm,,C
228939569,205355567,2024-12-01,St. Paul,MN0620900,13A,B,B,N,M,17,,N,RU,Residence/Home,Home,Firearm,,C
229258810,205635196,2024-12-02,St. Paul,MN0620900,13A,U,U,X,U,,,N,RU,Convenience Store,Convenience Store,Firearm,,C
230974830,207130532,2024-12-02,St. Paul,MN0620900,13A,W,W,U,F,53,,N,ST,Residence/Home,Home,Personal Weapons,Severe Laceration,C
228714265,205161414,2024-12-03,St. Paul,MN0620900,13A,W,W,N,F,23,,N,RU,Highway/Road/Alley/Street/Sidewalk,Street & Sidewalk,Handgun,,C
229108384,205503168,2024-12-03,St. Paul,MN0620900,13A,B,B,U,M,29,,N,RU,Highway/Road/Alley/Street/Sidewalk,Street & Sidewalk,Firearm,Other Major Injury,C
230313385,206551781,2024-12-03,St. Paul,MN0620900,13A,B,B,N,M,18,,N,RU;SB,Residence/Home,Home,Knife/Cutting Instrument,Minor Injury,C
230378783,206608510,2024-12-03,St. Paul,MN0620900,13A,B,B,N,M,15,,N,AQ;RU,Community Center,Community Center,Firearm,,C
230207613,206460010,2024-12-04,St. Paul,MN0620900,13A,W,W,N,M,35,,Y,BG,Residence/Home,Home,Blunt Object,Minor Injury,C
226789838,203476977,2024-12-06,St. Paul,MN0620900,13A,B,B,N,F,31,,N,RU,Highway/Road/Alley/Street/Sidewalk,Street & Sidewalk,Handgun,,C
230125907,206390264,2024-12-06,St. Paul,MN0620900,13A,B,B,N,M,11,,N,RU,Highway/Road/Alley/Street/Sidewalk,Street & Sidewalk,Knife/Cutting Instrument,,C
230207614,206460011,2024-12-06,St. Paul,MN0620900,13A,B,B,N,F,26,,Y,BG;VO,Parking/Drop Lot/Garage,Parking Lot,Motor Vehicle/Vessel;Other,Possible Internal Injury;Severe Laceration,C
230207615,206460011,2024-12-06,St. Paul,MN0620900,13A,B,B,N,M,38,,Y,BG;VO,Parking/Drop Lot/Garage,Parking Lot,Motor Vehicle/Vessel;Other,Minor Injury,C
231286957,207409414,2024-12-06,St. Paul,MN0620900,13A,H,U,H,M,24,,N,RU,Highway/Road/Alley/Street/Sidewalk,Street & Sidewalk,Firearm,,C
231286958,207409414,2024-12-06,St. Paul,MN0620900,13A,W,W,U,M,37,,N,RU,Highway/Road/Alley/Street/Sidewalk,Street & Sidewalk,Firearm,,C
230639922,206836154,2024-12-07,St. Paul,MN0620900,13A,H,W,H,F,33,,Y,XR,Residence/Home,Home,Handgun,,C
224885726,201808191,2024-12-08,St. Paul,MN0620900,13A,W,W,N,F,41,,N,RU,Shelter-Mission/Homeless,Shelter,Blunt Object,,C
225114462,202007171,2024-12-08,St. Paul,MN0620900,13A,B,B,N,F,53,,N,RU,Residence/Home,Home,Knife/Cutting Instrument,,C
225315469,202180147,2024-12-08,St. Paul,MN0620900,13A,H,W,H,M,50,,N,RU;ST,Bar/Nightclub,Bar & Nightclub,Personal Weapons,Other Major Injury;Severe Laceration,C
227036475,203689748,2024-12-08,St. Paul,MN0620900,13A,B,B,N,M,36,,N,RU,Residence/Home,Home,Blunt Object,Minor Injury,C
227238098,203863953,2024-12-08,St. Paul,MN0620900,13A,B,B,N,F,60,,N,RU,Residence/Home,Home,Personal Weapons,Severe Laceration,C
224949978,201864245,2024-12-09,St. Paul,MN0620900,13A,U,U,U,F,34,,N,RU,Highway/Road/Alley/Street/Sidewalk,Street & Sidewalk,Handgun,,C
225730152,202552801,2024-12-09,St. Paul,MN0620900,13A,B,B,N,M,28,,N,RU,Residence/Home,Home,Other;Personal Weapons,Severe Laceration,C
225941870,202735673,2024-12-10,St. Paul,MN0620900,13A,I,I,N,F,38,,N,PA;RU,Residence/Home,Home,Personal Weapons,Severe Laceration,C
227946974,204485927,2024-12-12,St. Paul,MN0620900,13A,A,A,N,M,33,,Y,SE,Residence/Home,Home,Knife/Cutting Instrument,Severe Laceration,C
227995340,204528003,2024-12-12,St. Paul,MN0620900,13A,W,W,U,M,27,,N,OK,Drug Store/Doctor's Office/Hospital,Hospital & Clinic,Personal Weapons,Possible Internal Injury,C
230378988,206608688,2024-12-12,St. Paul,MN0620900,13A,B,B,N,M,42,,N,AQ,Residence/Home,Home,Knife/Cutting Instrument,Minor Injury,C
225715206,202539825,2024-12-13,St. Paul,MN0620900,13A,W,W,N,M,50,,N,RU,Bar/Nightclub,Bar & Nightclub,Personal Weapons,Apparent Broken Bones,C
229613730,205944849,2024-12-14,St. Paul,MN0620900,13A,B,B,N,F,29,,N,RU,Residence/Home,Home,Asphyxiation;Personal Weapons,Possible Internal Injury,C
230920619,207083650,2024-12-14,St. Paul,MN0620900,13A,W,W,N,M,35,,N,AQ,Residence/Home,Home,Knife/Cutting Instrument,,C
225941909,202735707,2024-12-16,St. Paul,MN0620900,13A,H,W,H,F,37,,Y,BG,Residence/Home,Home,Blunt Object,Severe Laceration,C
229108762,205503498,2024-12-16,St. Paul,MN0620900,13A,B,B,N,M,24,,N,RU,Parking/Drop Lot/Garage,Parking Lot,Handgun,Minor Injury,C
225750474,202570540,2024-12-17,St. Paul,MN0620900,13A,W,W,N,M,44,,N,RU,Residence/Home,Home,Knife/Cutting Instrument,,C
232390664,208371320,2024-12-17,St. Paul,MN0620900,13A,B,B,N,M,33,,N,RU,Residence/Home,Home,Firearm,Severe Laceration,C
232390665,208371320,2024-12-17,St. Paul,MN0620900,13A,B,B,N,F,33,,N,RU,Residence/Home,Home,Firearm,,C
225941920,202735718,2024-12-18,St. Paul,MN0620900,13A,B,B,N,M,31,,N,RU,Residence/Home,Home,Knife/Cutting Instrument,Minor Injury,C
227519634,204108809,2024-12-18,St. Paul,MN0620900,13A,B,B,N,F,42,,N,RU,Other/Unknown,Other & Unknown,Knife/Cutting Instrument,,C
230379197,206608880,2024-12-18,St. Paul,MN0620900,13A,B,B,N,M,21,,N,RU,Residence/Home,Home,,Severe Laceration,C
230379198,206608880,2024-12-18,St. Paul,MN0620900,13A,U,U,U,M,21,,N,RU,Residence/Home,Home,,Severe Laceration,C
225941924,202735722,2024-12-19,St. Paul,MN0620900,13A,W,W,N,F,25,,N,RU,Residence/Home,Home,Other,Minor Injury,C
227946789,204485764,2024-12-19,St. Paul,MN0620900,13A,B,B,N,F,23,,Y,BG,Residence/Home,Home,Asphyxiation,Minor Injury,C
230639930,206836160,2024-12-19,St. Paul,MN0620900,13A,U,U,U,F,32,,N,OF,Residence/Home,Home,Asphyxiation;Personal Weapons,Possible Internal Injury,C
230639931,206836161,2024-12-20,St. Paul,MN0620900,13A,W,W,N,F,37,,Y,BG,Residence/Home,Home,Personal Weapons,Apparent Broken Bones,C
230639932,206836162,2024-12-21,St. Paul,MN0620900,13A,B,B,N,F,1,,N,AQ,Residence/Home,Home,Knife/Cutting Instrument,Other Major Injury,C
230639933,206836162,2024-12-21,St. Paul,MN0620900,13A,B,B,N,M,26,,Y,BG,Residence/Home,Home,Knife/Cutting Instrument,Other Major Injury,C
225942074,202735855,2024-12-22,St. Paul,MN0620900,13A,B,B,N,F,17,,N,CH,Residence/Home,Home,Firearm,,C
230313420,206551814,2024-12-22,St. Paul,MN0620900,13A,B,B,U,M,72,,N,RU,Residence/Home,Home,Firearm,,C
230313421,206551814,2024-12-22,St. Paul,MN0620900,13A,B,B,N,M,45,,N,RU,Residence/Home,Home,Firearm,,C
230313422,206551814,2024-12-22,St. Paul,MN0620900,13A,A,A,N,M,59,,N,RU,Residence/Home,Home,Firearm,,C
225934545,202729309,2024-12-23,St. Paul,MN0620900,13A,B,B,N,M,33,,N,RU,Drug Store/Doctor's Office/Hospital,Hospital & Clinic,Knife/Cutting Instrument,,C
227946794,204485769,2024-12-23,St. Paul,MN0620900,13A,B,B,N,M,18,,N,RU,Residence/Home,Home,Firearm,Other Major Injury,C
230011508,206291255,2024-12-23,St. Paul,MN0620900,13A,B,B,N,M,10,,N,RU,Residence/Home,Home,Firearm,,C
230011509,206291255,2024-12-23,St. Paul,MN0620900,13A,B,B,N,F,43,,N,RU,Residence/Home,Home,Firearm,,C
226250249,203004566,2024-12-24,St. Paul,MN0620900,13A,B,B,N,F,43,,N,RU,Residence/Home,Home,Firearm,,C
226422855,203156382,2024-12-24,St. Paul,MN0620900,13A,B,B,N,M,25,,N,RU,Residence/Home,Home,Personal Weapons,Possible Internal Injury,C
227722758,204285811,2024-12-24,St. Paul,MN0620900,13A,B,B,U,M,53,,N,RU,Highway/Road/Alley/Street/Sidewalk,Street & Sidewalk,Personal Weapons,Loss of Teeth;Possible Internal Injury,C
227946796,204485770,2024-12-24,St. Paul,MN0620900,13A,U,U,U,F,33,,Y,XS,Residence/Home,Home,Firearm,Minor Injury,C
225941974,202735761,2024-12-25,St. Paul,MN0620900,13A,B,B,N,M,30,,N,OK;RU,Residence/Home,Home,Blunt Object;Handgun,,C
230639939,206836167,2024-12-25,St. Paul,MN0620900,13A,W,W,U,F,42,,N,PA,Residence/Home,Home,Blunt Object,Possible Internal Injury,C
231157028,207298407,2024-12-25,St. Paul,MN0620900,13A,B,B,N,M,59,,N,RU,Highway/Road/Alley/Street/Sidewalk,Street & Sidewalk,Personal Weapons,Apparent Broken Bones,C
226658269,203361348,2024-12-26,St. Paul,MN0620900,13A,B,B,N,F,21,,N,RU,Residence/Home,Home,Asphyxiation;Personal Weapons,,C
230207623,206460017,2024-12-26,St. Paul,MN0620900,13A,W,W,N,M,54,,N,RU,Bar/Nightclub,Bar & Nightclub,Motor Vehicle/Vessel;Personal Weapons,,C
226147126,202914274,2024-12-27,St. Paul,MN0620900,13A,B,B,N,M,39,,N,RU,Residence/Home,Home,Knife/Cutting Instrument,Minor Injury,C
226147174,202914317,2024-12-28,St. Paul,MN0620900,13A,B,B,N,F,14,,N,AQ,Residence/Home,Home,Knife/Cutting Instrument,,C
226147175,202914317,2024-12-28,St. Paul,MN0620900,13A,B,B,N,M,19,,N,AQ,Residence/Home,Home,Knife/Cutting Instrument,,C
226658279,203361357,2024-12-28,St. Paul,MN0620900,13A,W,W,U,M,19,,N,RU,Residence/Home,Home,Other,,C
226529247,203250956,2024-12-29,St. Paul,MN0620900,13A,B,B,N,F,52,,N,RU,Residence/Home,Home,Asphyxiation;Personal Weapons,Possible Internal Injury,C
228232986,204734877,2024-12-29,St. Paul,MN0620900,13A,W,W,N,M,63,,N,RU,Bank/Savings and Loan,Bank,Shotgun,,C
228714971,205162045,2024-12-29,St. Paul,MN0620900,13A,B,B,U,M,25,,N,RU,Highway/Road/Alley/Street/Sidewalk,Street & Sidewalk,Handgun,Severe Laceration,C
228813857,205248115,2024-12-29,St. Paul,MN0620900,13A,U,U,U,F,28,,N,RU;ST,Highway/Road/Alley/Street/Sidewalk,Street & Sidewalk,Other,Minor Injury,C
230207625,206460019,2024-12-29,St. Paul,MN0620900,13A,H,U,H,M,15,,N,RU,Highway/Road/Alley/Street/Sidewalk,Street & Sidewalk,Firearm,Minor Injury,C
230207627,206460020,2024-12-29,St. Paul,MN0620900,13A,B,B,N,M,33,,N,RU,Service/Gas Station,Gas Station,Firearm,Other Major Injury,C
230207628,206460020,2024-12-29,St. Paul,MN0620900,13A,B,B,N,M,34,,N,RU,Service/Gas Station,Gas Station,Firearm,Possible Internal Injury,C
226252802,203006883,2024-12-30,St. Paul,MN0620900,13A,B,B,N,F,31,,N,FR,Highway/Road/Alley/Street/Sidewalk,Street & Sidewalk,Firearm,,C
230207630,206460021,2024-12-30,St. Paul,MN0620900,13A,B,B,N,M,17,,N,RU,Residence/Home,Home,Firearm,Severe Laceration,C
230639943,206836171,2024-12-30,St. Paul,MN0620900,13A,B,B,U,F,25,,N,CF,Residence/Home,Home,Personal Weapons,Unconscious,C
231843684,207893590,2024-12-30,St. Paul,MN0620900,13A,B,B,N,F,22,,Y,XR,Residence/Home,Home,Knife/Cutting Instrument,,C
226257381,203011009,2025-01-01,St. Paul,MN0620900,13A,W,W,U,M,28,,Y,BG,Residence/Home,Home,Asphyxiation,Minor Injury,C
246034383,220283914,2025-01-01,St. Paul,MN0620900,13A,B,B,U,F,32,,Y,BG,Residence/Home,Home,Asphyxiation,Minor Injury,C
226423890,203157194,2025-01-02,St. Paul,MN0620900,13A,B,B,N,M,66,,N,ST,Highway/Road/Alley/Street/Sidewalk,Street & Sidewalk,Other,Other Major Injury,C
228628972,205088489,2025-01-02,St. Paul,MN0620900,13A,B,B,N,M,56,,N,AQ;RU,Residence/Home,Home,Handgun,,C
230639949,206836177,2025-01-02,St. Paul,MN0620900,13A,U,U,U,F,53,,Y,XS,Specialty Store,Specialty Store,Handgun;Personal Weapons,Minor Injury,C
226529720,203251352,2025-01-03,St. Paul,MN0620900,13A,H,I,H,M,40,,Y,SE,Residence/Home,Home,Asphyxiation,Minor Injury,C
230207701,206460085,2025-01-03,St. Paul,MN0620900,13A,B,B,N,M,19,,N,RU,Highway/Road/Alley/Street/Sidewalk,Street & Sidewalk,Firearm,Possible Internal Injury,C
230639952,206836179,2025-01-03,St. Paul,MN0620900,13A,W,W,N,F,34,,Y,XR,Highway/Road/Alley/Street/Sidewalk,Street & Sidewalk,Other,,C
229359628,205723955,2025-01-04,St. Paul,MN0620900,13A,B,B,N,F,26,,N,RU,Residence/Home,Home,Firearm,Minor Injury,C
229914007,206206208,2025-01-04,St. Paul,MN0620900,13A,A,A,N,M,43,,N,RU,Parking/Drop Lot/Garage,Parking Lot,Knife/Cutting Instrument,Minor Injury,C
233644179,209465449,2025-01-04,St. Paul,MN0620900,13A,B,B,N,F,30,,N,RU,Other/Unknown,Other & Unknown,Firearm,Minor Injury,C
226794088,203480837,2025-01-07,St. Paul,MN0620900,13A,W,W,U,M,38,,N,RU,Commercial/Office Building,Office Building,Firearm,Minor Injury,C
226794230,203480958,2025-01-07,St. Paul,MN0620900,13A,U,U,N,F,39,,Y,XR,Residence/Home,Home,Personal Weapons,Possible Internal Injury,C
230207703,206460087,2025-01-09,St. Paul,MN0620900,13A,W,W,N,M,37,,N,RU,Park/Playground,Park & Playground,Firearm,Minor Injury,C
230207704,206460088,2025-01-09,St. Paul,MN0620900,13A,W,W,U,F,37,,Y,BG,Residence/Home,Home,Knife/Cutting Instrument,,C
227922141,204464312,2025-01-10,St. Paul,MN0620900,13A,B,B,N,F,53,,N,RU,Highway/Road/Alley/Street/Sidewalk,Street & Sidewalk,Asphyxiation;Personal Weapons,Possible Internal Injury,C
229757118,206069435,2025-01-11,St. Paul,MN0620900,13A,B,B,N,M,63,,N,RU,Church/Synagogue/Temple/Mosque,Religious Building,Personal Weapons,Possible Internal Injury,C
231689380,207760332,2025-01-11,St. Paul,MN0620900,13A,U,U,U,M,42,,Y,XR,Highway/Road/Alley/Street/Sidewalk,Street & Sidewalk,Handgun,,C
231843693,207893598,2025-01-11,St. Paul,MN0620900,13A,B,B,N,F,43,,N,ST,Highway/Road/Alley/Street/Sidewalk,Street & Sidewalk,Handgun,,C
227349170,203959582,2025-01-13,St. Paul,MN0620900,13A,B,B,U,M,49,,N,NE,Residence/Home,Home,Blunt Object,Possible Internal Injury,C
250298315,224009216,2025-01-14,St. Paul,MN0620900,13A,W,W,U,F,47,,Y,SE,Highway/Road/Alley/Street/Sidewalk,Street & Sidewalk,Knife/Cutting Instrument;Personal Weapons,Minor Injury,C
227833058,204381738,2025-01-15,St. Paul,MN0620900,13A,W,W,U,M,34,,N,ST,Shelter-Mission/Homeless,Shelter,Knife/Cutting Instrument,,C
227922383,204464508,2025-01-16,St. Paul,MN0620900,13A,B,B,U,M,40,,Y,SE;VO,Residence/Home,Home,Unknown,,C
227922384,204464508,2025-01-16,St. Paul,MN0620900,13A,W,W,N,F,41,,Y,SE;VO,Residence/Home,Home,Unknown,,C
230125927,206390284,2025-01-16,St. Paul,MN0620900,13A,B,B,N,M,37,,N,RU,Residence/Home,Home,Firearm,,C
231352714,207466491,2025-01-16,St. Paul,MN0620900,13A,H,U,H,M,31,,N,OF,Residence/Home,Home,Knife/Cutting Instrument,Minor Injury,C
231352715,207466491,2025-01-16,St. Paul,MN0620900,13A,H,W,H,M,40,,N,OF,Residence/Home,Home,Knife/Cutting Instrument,Severe Laceration,C
227833085,204381764,2025-01-17,St. Paul,MN0620900,13A,W,W,U,F,33,,N,RU,Highway/Road/Alley/Street/Sidewalk,Street & Sidewalk,Handgun,,C
227995954,204528475,2025-01-17,St. Paul,MN0620900,13A,B,B,N,F,38,,N,NE,Residence/Home,Home,Blunt Object,,C
236007408,211529673,2025-01-18,St. Paul,MN0620900,13A,B,B,N,F,35,,Y,XR,Residence/Home,Home,Asphyxiation,Minor Injury,C
244375936,218830922,2025-01-18,St. Paul,MN0620900,13A,B,B,U,M,6,,N,RU,Residence/Home,Home,Personal Weapons,Loss of Teeth,C
251801462,225323006,2025-01-19,St. Paul,MN0620900,13A,B,B,N,M,39,,N,RU,Highway/Road/Alley/Street/Sidewalk,Street & Sidewalk,Firearm,Apparent Broken Bones;Loss of Teeth;Other Major Injury;Possible Internal Injury,C
231672640,207745980,2025-01-21,St. Paul,MN0620900,13A,B,B,N,F,24,,N,RU;ST,Highway/Road/Alley/Street/Sidewalk,Street & Sidewalk,Motor Vehicle/Vessel,,C
227946863,204485831,2025-01-22,St. Paul,MN0620900,13A,B,B,N,M,32,,N,RU,Residence/Home,Home,Firearm,,C
227946864,204485831,2025-01-22,St. Paul,MN0620900,13A,B,B,N,M,,,N,RU,Residence/Home,Home,Firearm,,C
229042094,205445957,2025-01-23,St. Paul,MN0620900,13A,U,U,N,M,46,,N,RU,Highway/Road/Alley/Street/Sidewalk,Street & Sidewalk,Motor Vehicle/Vessel,Minor Injury,C
234752639,210430485,2025-01-23,St. Paul,MN0620900,13A,B,B,N,M,18,,N,RU,Highway/Road/Alley/Street/Sidewalk,Street & Sidewalk,Handgun,,C
234861253,210525344,2025-01-23,St. Paul,MN0620900,13A,B,B,N,F,52,,N,RU,Residence/Home,Home,Firearm,,C
234861254,210525344,2025-01-23,St. Paul,MN0620900,13A,B,B,N,F,17,,N,RU,Residence/Home,Home,Firearm,,C
235983904,211509465,2025-01-23,St. Paul,MN0620900,13A,H,U,H,F,46,,Y,BG,Residence/Home,Home,Personal Weapons,Possible Internal Injury,C
230177905,206434205,2025-01-24,St. Paul,MN0620900,13A,B,B,N,M,26,,N,RU,Parking/Drop Lot/Garage,Parking Lot,Knife/Cutting Instrument,Other Major Injury,C
230570931,206775969,2025-01-24,St. Paul,MN0620900,13A,B,B,N,M,62,,Y,BG,Residence/Home,Home,Knife/Cutting Instrument,Minor Injury,C
237156306,212530922,2025-01-24,St. Paul,MN0620900,13A,B,B,N,M,31,,N,RU,Residence/Home,Home,Knife/Cutting Instrument,Minor Injury,C
228041773,204568430,2025-01-25,St. Paul,MN0620900,13A,B,B,N,F,14,,N,CH,Residence/Home,Home,Knife/Cutting Instrument,Minor Injury,C
234155972,209908619,2025-01-25,St. Paul,MN0620900,13A,B,B,N,F,30,,N,AQ,Residence/Home,Home,Personal Weapons,Minor Injury,C
234155973,209908619,2025-01-25,St. Paul,MN0620900,13A,B,B,N,M,50,,N,AQ,Residence/Home,Home,Personal Weapons,Apparent Broken Bones,C
238759554,213929487,2025-01-25,St. Paul,MN0620900,13A,B,B,U,F,24,,Y,BG,Residence/Home,Home,Handgun,Minor Injury,C
228041799,204568453,2025-01-26,St. Paul,MN0620900,13A,U,U,N,M,13,,N,CH,Residence/Home,Home,Asphyxiation;Personal Weapons,Possible Internal Injury,C
228041801,204568455,2025-01-26,St. Paul,MN0620900,13A,B,B,N,M,33,,Y,BG,Residence/Home,Home,Knife/Cutting Instrument,Minor Injury,C
232881042,208799324,2025-01-26,St. Paul,MN0620900,13A,B,B,N,F,19,,N,RU,Residence/Home,Home,Other,,C
232881043,208799324,2025-01-26,St. Paul,MN0620900,13A,B,B,N,F,15,,N,RU,Residence/Home,Home,Other,,C
233407945,209260736,2025-01-26,St. Paul,MN0620900,13A,A,A,U,M,14,,N,AQ;FR;RU,Convenience Store,Convenience Store,Handgun,Other Major Injury,C
233474580,209317766,2025-01-27,St. Paul,MN0620900,13A,B,B,U,M,49,,N,RU,Highway/Road/Alley/Street/Sidewalk,Street & Sidewalk,Firearm,,C
228467889,204945610,2025-01-28,St. Paul,MN0620900,13A,B,B,N,M,35,,N,AQ,Residence/Home,Home,Personal Weapons,Other Major Injury,C
229042487,205446278,2025-01-28,St. Paul,MN0620900,13A,W,W,U,F,32,,N,OK,Residence/Home,Home,Knife/Cutting Instrument;Personal Weapons,,C
231689484,207760417,2025-01-28,St. Paul,MN0620900,13A,W,W,N,M,63,,N,NE,Residence/Home,Home,Personal Weapons,Other Major Injury,C
244370920,218826835,2025-01-28,St. Paul,MN0620900,13A,B,B,U,F,24,,N,RU,Convenience Store,Convenience Store,Firearm,,C
233023850,208925537,2025-01-29,St. Paul,MN0620900,13A,W,W,N,F,22,,N,RU,Residence/Home,Home,Asphyxiation;Knife/Cutting Instrument;Other,Other Major Injury;Possible Internal Injury;Severe Laceration,C
232489973,208457024,2025-01-30,St. Paul,MN0620900,13A,W,W,N,M,41,,N,FR,Residence/Home,Home,Personal Weapons,Severe Laceration,C
252180489,225653941,2025-01-30,St. Paul,MN0620900,13A,B,B,N,M,20,,N,RU,Highway/Road/Alley/Street/Sidewalk,Street & Sidewalk,Firearm,Other Major Injury,C
230011554,206291298,2025-01-31,St. Paul,MN0620900,13A,B,B,U,M,19,,N,RU,Community Center,Community Center,Handgun,Minor Injury,C
230011555,206291298,2025-01-31,St. Paul,MN0620900,13A,B,B,U,M,21,,N,RU,Community Center,Community Center,Handgun,,C
238831677,213991607,2025-01-31,St. Paul,MN0620900,13A,B,B,N,M,25,,Y,BG,Residence/Home,Home,Knife/Cutting Instrument,,C
228718169,205164952,2025-02-01,St. Paul,MN0620900,13A,W,W,N,F,39,,N,RU,Other/Unknown,Other & Unknown,Knife/Cutting Instrument,Minor Injury,C
232616579,208566806,2025-02-01,St. Paul,MN0620900,13A,W,W,N,F,34,,Y,BG,Parking/Drop Lot/Garage,Parking Lot,Motor Vehicle/Vessel,Minor Injury,C
229043295,205447009,2025-02-03,St. Paul,MN0620900,13A,W,W,N,M,56,,N,RU,Other/Unknown,Other & Unknown,Firearm,Minor Injury,C
230921336,207084291,2025-02-03,St. Paul,MN0620900,13A,B,B,N,M,41,,N,RU,Residence/Home,Home,Personal Weapons,Severe Laceration,C
232750589,208685300,2025-02-03,St. Paul,MN0620900,13A,B,B,N,F,24,,Y,XR,Residence/Home,Home,Asphyxiation;Personal Weapons,Minor Injury,C
232750590,208685300,2025-02-03,St. Paul,MN0620900,13A,B,B,N,F,0,,N,CH,Residence/Home,Home,Asphyxiation;Personal Weapons,,C
230380739,206610191,2025-02-04,St. Paul,MN0620900,13A,B,B,N,M,70,,N,RU,Residence/Home,Home,Knife/Cutting Instrument,Severe Laceration,C
244375945,218830931,2025-02-04,St. Paul,MN0620900,13A,W,W,N,M,42,,Y,BG,Residence/Home,Home,Asphyxiation;Knife/Cutting Instrument;Personal Weapons,Unconscious,C
231843719,207893621,2025-02-05,St. Paul,MN0620900,13A,B,B,N,F,16,,N,RU,School-Elementary/Secondary,K-12 School,Firearm,,C
228889316,205311499,2025-02-06,St. Paul,MN0620900,13A,W,W,N,F,48,,N,RU,Residence/Home,Home,Personal Weapons,Severe Laceration,C
230011561,206291302,2025-02-06,St. Paul,MN0620900,13A,W,W,N,M,45,,N,AQ,Residence/Home,Home,Asphyxiation;Personal Weapons,Possible Internal Injury,C
229044106,205447736,2025-02-07,St. Paul,MN0620900,13A,U,U,U,F,45,,Y,BG,Residence/Home,Home,Asphyxiation;Personal Weapons,Minor Injury,C
229044227,205447842,2025-02-07,St. Paul,MN0620900,13A,W,W,N,M,61,,N,ST,Service/Gas Station,Gas Station,Handgun,,C
229044228,205447842,2025-02-07,St. Paul,MN0620900,13A,W,W,N,M,33,,N,ST,Service/Gas Station,Gas Station,Handgun,,C
229836980,206139189,2025-02-07,St. Paul,MN0620900,13A,W,W,U,F,14,,N,RU,Other/Unknown,Other & Unknown,Motor Vehicle/Vessel,,C
230470917,206687232,2025-02-07,St. Paul,MN0620900,13A,H,W,H,U,19,,N,OF,Residence/Home,Home,Motor Vehicle/Vessel,Minor Injury,C
231949316,207984838,2025-02-07,St. Paul,MN0620900,13A,B,B,N,M,16,,N,RU,Church/Synagogue/Temple/Mosque,Religious Building,Firearm,,C
231949317,207984838,2025-02-07,St. Paul,MN0620900,13A,B,B,N,M,19,,N,RU,Church/Synagogue/Temple/Mosque,Religious Building,Firearm,Minor Injury,C
232046364,208071900,2025-02-07,St. Paul,MN0620900,13A,W,W,N,F,22,,Y,BG,Residence/Home,Home,Asphyxiation;Knife/Cutting Instrument;Personal Weapons,Minor Injury,C
251565657,225117111,2025-02-07,St. Paul,MN0620900,13A,B,B,N,F,41,,N,RU,Highway/Road/Alley/Street/Sidewalk,Street & Sidewalk,Firearm,,C
229836985,206139193,2025-02-08,St. Paul,MN0620900,13A,B,B,N,F,31,,N,FR;RU,Residence/Home,Home,Handgun,,C
231672661,207746000,2025-02-08,St. Paul,MN0620900,13A,B,B,N,F,21,,Y,AQ;BG,Residence/Home,Home,Asphyxiation;Personal Weapons,Minor Injury,C
231843725,207893625,2025-02-08,St. Paul,MN0620900,13A,B,B,N,U,22,,N,RU,Highway/Road/Alley/Street/Sidewalk,Street & Sidewalk,Knife/Cutting Instrument,Other Major Injury,C
230313939,206552268,2025-02-09,St. Paul,MN0620900,13A,W,W,N,M,33,,N,RU,Highway/Road/Alley/Street/Sidewalk,Street & Sidewalk,Knife/Cutting Instrument,Minor Injury,C
230381853,206611131,2025-02-09,St. Paul,MN0620900,13A,W,W,N,F,25,,N,RU,Residence/Home,Home,Knife/Cutting Instrument,Minor Injury,C
231520267,207613491,2025-02-09,St. Paul,MN0620900,13A,H,U,H,F,29,,Y,BG,Residence/Home,Home,Personal Weapons,Possible Internal Injury,C
232046436,208071963,2025-02-09,St. Paul,MN0620900,13A,B,B,N,M,31,,N,RU,Residence/Home,Home,Blunt Object,Minor Injury,C
229111897,205506187,2025-02-10,St. Paul,MN0620900,13A,B,B,N,F,21,,N,RU,Residence/Home,Home,Firearm,,C
235505367,211081650,2025-02-10,St. Paul,MN0620900,13A,U,U,U,F,27,,N,RU,Residence/Home,Home,Blunt Object;Knife/Cutting Instrument,,C
235505368,211081650,2025-02-10,St. Paul,MN0620900,13A,U,U,U,M,32,,N,FR,Residence/Home,Home,Blunt Object;Knife/Cutting Instrument,,C
244375951,218830937,2025-02-11,St. Paul,MN0620900,13A,B,B,N,F,36,,Y,XR,Parking/Drop Lot/Garage,Parking Lot,Firearm,,C
233610136,209436103,2025-02-12,St. Paul,MN0620900,13A,U,U,U,F,35,,Y,BG,Residence/Home,Home,,Possible Internal Injury,C
230207731,206460113,2025-02-13,St. Paul,MN0620900,13A,I,I,N,F,39,,Y,XR,Residence/Home,Home,Blunt Object,Minor Injury,C
230314101,206552419,2025-02-13,St. Paul,MN0620900,13A,W,W,N,M,33,,N,RU,Grocery/Supermarket,Grocery Store,Handgun,,C
230011579,206291317,2025-02-15,St. Paul,MN0620900,13A,B,B,N,F,23,,N,RU,Hotel/Motel/Etc.,Hotel & Motel,Asphyxiation,Minor Injury,C
230977084,207132581,2025-02-15,St. Paul,MN0620900,13A,B,B,N,F,46,,N,RU,Parking/Drop Lot/Garage,Parking Lot,Motor Vehicle/Vessel,Possible Internal Injury,C
230977086,207132582,2025-02-15,St. Paul,MN0620900,13A,W,W,N,M,58,,N,RU,Residence/Home,Home,Knife/Cutting Instrument,Minor Injury,C
231294736,207416372,2025-02-15,St. Paul,MN0620900,13A,I,I,N,M,35,,N,RU,Residence/Home,Home,Knife/Cutting Instrument,,C
235216965,210832267,2025-02-15,St. Paul,MN0620900,13A,B,B,N,M,65,,N,AQ,Highway/Road/Alley/Street/Sidewalk,Street & Sidewalk,Firearm,,C
238369608,213593248,2025-02-15,St. Paul,MN0620900,13A,W,W,N,F,33,,Y,XR,Residence/Home,Home,Asphyxiation;Personal Weapons,Unconscious,C
229837094,206139284,2025-02-16,St. Paul,MN0620900,13A,B,B,N,F,18,,N,RU,Highway/Road/Alley/Street/Sidewalk,Street & Sidewalk,Handgun,,C
229837095,206139284,2025-02-16,St. Paul,MN0620900,13A,B,B,N,M,26,,N,RU,Highway/Road/Alley/Street/Sidewalk,Street & Sidewalk,Handgun,,C
231676241,207749097,2025-02-16,St. Paul,MN0620900,13A,B,B,N,F,53,,N,RU,Residence/Home,Home,Blunt Object,Severe Laceration,C
229757550,206069819,2025-02-17,St. Paul,MN0620900,13A,B,B,N,F,25,,N,RU,Residence/Home,Home,Handgun,,C
231676242,207749098,2025-02-17,St. Paul,MN0620900,13A,W,W,N,F,23,,N,FR,Residence/Home,Home,Blunt Object,Minor Injury,C
233407950,209260739,2025-02-17,St. Paul,MN0620900,13A,W,W,N,F,23,,Y,BG,Residence/Home,Home,Asphyxiation;Personal Weapons,Possible Internal Injury,C
230011619,206291353,2025-02-18,St. Paul,MN0620900,13A,B,B,N,M,19,,N,FR,Residence/Home,Home,Personal Weapons,Other Major Injury,C
230011627,206291360,2025-02-19,St. Paul,MN0620900,13A,W,W,N,F,25,,N,RU,Residence/Home,Home,Personal Weapons,Minor Injury,C
229915345,206207396,2025-02-20,St. Paul,MN0620900,13A,B,B,N,F,38,,N,FR;RU,Residence/Home,Home,Blunt Object,Minor Injury,C
230011649,206291379,2025-02-20,St. Paul,MN0620900,13A,B,B,U,F,59,,N,PA,Residence/Home,Home,Blunt Object,Minor Injury,C
230011665,206291393,2025-02-20,St. Paul,MN0620900,13A,W,W,N,M,40,,N,RU,Residence/Home,Home,Blunt Object,Minor Injury,C
230011679,206291407,2025-02-21,St. Paul,MN0620900,13A,A,A,N,M,38,,N,RU,Residence/Home,Home,Personal Weapons,Severe Laceration,C
230126318,206390647,2025-02-21,St. Paul,MN0620900,13A,U,U,N,M,33,,N,RU,Highway/Road/Alley/Street/Sidewalk,Street & Sidewalk,Knife/Cutting Instrument,Possible Internal Injury,C
235012974,210655658,2025-02-21,St. Paul,MN0620900,13A,H,U,H,M,35,,N,RU,Highway/Road/Alley/Street/Sidewalk,Street & Sidewalk,Firearm,,C
230383280,206612293,2025-02-22,St. Paul,MN0620900,13A,A,A,N,F,47,,Y,SE,Residence/Home,Home,Asphyxiation;Personal Weapons,Minor Injury,C
230011710,206291435,2025-02-23,St. Paul,MN0620900,13A,B,B,N,M,37,,Y,XR,Residence/Home,Home,Knife/Cutting Instrument,Severe Laceration,C
235983912,211509473,2025-02-23,St. Paul,MN0620900,13A,B,B,N,F,36,,Y,XS,Parking/Drop Lot/Garage,Parking Lot,Firearm,Minor Injury,C
230314295,206552598,2025-02-24,St. Paul,MN0620900,13A,A,A,N,M,36,,N,RU,Residence/Home,Home,Knife/Cutting Instrument,Severe Laceration,C
231672765,207746094,2025-02-24,St. Paul,MN0620900,13A,B,B,N,F,24,,Y,XR,Residence/Home,Home,Handgun,,C
231672771,207746099,2025-02-26,St. Paul,MN0620900,13A,W,W,N,M,32,,Y,BG,Residence/Home,Home,Blunt Object;Knife/Cutting Instrument,Minor Injury,C
231672773,207746101,2025-02-26,St. Paul,MN0620900,13A,B,B,N,M,11,,N,RU,Residence/Home,Home,Handgun,,C
244371077,218826974,2025-02-27,St. Paul,MN0620900,13A,B,B,U,U,24,,Y,SE,Residence/Home,Home,Personal Weapons,Possible Internal Injury,C
244371078,218826975,2025-02-27,St. Paul,MN0620900,13A,W,W,N,M,22,,N,RU,Highway/Road/Alley/Street/Sidewalk,Street & Sidewalk,Firearm,,C
231352729,207466503,2025-02-28,St. Paul,MN0620900,13A,B,B,N,F,33,,N,OF,Bar/Nightclub,Bar & Nightclub,Blunt Object,Minor Injury,C
233610177,209436141,2025-02-28,St. Paul,MN0620900,13A,W,W,N,M,36,,N,FR;RU,Residence/Home,Home,Blunt Object;Personal Weapons,Minor Injury,C
234861273,210525357,2025-02-28,St. Paul,MN0620900,13A,B,B,N,F,16,,N,AQ,Residence/Home,Home,Other,,C
231520291,207613515,2025-03-01,St. Paul,MN0620900,13A,W,W,N,M,30,,N,RU,Highway/Road/Alley/Street/Sidewalk,Street & Sidewalk,Handgun,,C
235216975,210832275,2025-03-01,St. Paul,MN0620900,13A,W,W,N,M,25,,N,RU,Residence/Home,Home,Other,,C
235505446,211081719,2025-03-01,St. Paul,MN0620900,13A,B,B,N,F,73,,N,RU,Residence/Home,Home,Knife/Cutting Instrument,,C
252975861,226351753,2025-03-01,St. Paul,MN0620900,13A,B,B,N,M,27,,N,RU,Highway/Road/Alley/Street/Sidewalk,Street & Sidewalk,Firearm,Other Major Injury,C
230386277,206614857,2025-03-02,St. Paul,MN0620900,13A,W,W,N,M,44,,N,RU,Highway/Road/Alley/Street/Sidewalk,Street & Sidewalk,Handgun,,C
233644208,209465475,2025-03-02,St. Paul,MN0620900,13A,H,W,H,M,41,,N,RU,Parking/Drop Lot/Garage,Parking Lot,Knife/Cutting Instrument,Severe Laceration,C
244375960,218830944,2025-03-02,St. Paul,MN0620900,13A,B,B,U,M,23,,Y,BG;VO,Highway/Road/Alley/Street/Sidewalk,Street & Sidewalk,Motor Vehicle/Vessel,Minor Injury,C
244714552,219126802,2025-03-02,St. Paul,MN0620900,13A,U,U,N,F,22,,N,AQ;RU;VO,Highway/Road/Alley/Street/Sidewalk,Street & Sidewalk,Firearm,,C
231672795,207746123,2025-03-05,St. Paul,MN0620900,13A,U,U,U,M,20,,N,RU,Highway/Road/Alley/Street/Sidewalk,Street & Sidewalk,Firearm,,C
233359885,209219357,2025-03-05,St. Paul,MN0620900,13A,B,B,N,M,47,,N,NE;VO,Parking/Drop Lot/Garage,Parking Lot,Blunt Object,Minor Injury,C
233359886,209219357,2025-03-05,St. Paul,MN0620900,13A,B,B,N,M,35,,N,NE;VO,Parking/Drop Lot/Garage,Parking Lot,Blunt Object,Minor Injury,C
230640618,206836784,2025-03-06,St. Paul,MN0620900,13A,B,B,N,M,16,,N,SB,Residence/Home,Home,Blunt Object,,C
232552998,208511231,2025-03-06,St. Paul,MN0620900,13A,W,W,N,F,33,,N,RU,Highway/Road/Alley/Street/Sidewalk,Street & Sidewalk,Blunt Object,Minor Injury,C
232552999,208511231,2025-03-06,St. Paul,MN0620900,13A,I,I,N,M,45,,N,RU,Highway/Road/Alley/Street/Sidewalk,Street & Sidewalk,Blunt Object,Severe Laceration,C
233425827,209276111,2025-03-06,St. Paul,MN0620900,13A,U,U,U,M,41,,N,RU,Highway/Road/Alley/Street/Sidewalk,Street & Sidewalk,Knife/Cutting Instrument,Other Major Injury,C
235559673,211128904,2025-03-07,St. Paul,MN0620900,13A,B,B,N,F,32,,N,IL,Residence/Home,Home,Blunt Object,Minor Injury,C
234861279,210525362,2025-03-08,St. Paul,MN0620900,13A,A,A,N,M,56,,N,RU,Bar/Nightclub,Bar & Nightclub,Blunt Object,Apparent Broken Bones;Other Major Injury,C
234861280,210525362,2025-03-08,St. Paul,MN0620900,13A,A,A,N,M,40,,N,RU,Bar/Nightclub,Bar & Nightclub,Blunt Object,Possible Internal Injury,C
251565839,225117280,2025-03-08,St. Paul,MN0620900,13A,W,W,N,M,39,,N,RU,Park/Playground,Park & Playground,Handgun,,C
231157912,207299183,2025-03-09,St. Paul,MN0620900,13A,B,B,N,F,26,,N,RU,Residence/Home,Home,Asphyxiation;Personal Weapons,Possible Internal Injury,C
242373598,217086469,2025-03-09,St. Paul,MN0620900,13A,A,A,N,F,28,,N,RU,Residence/Home,Home,Knife/Cutting Instrument,Minor Injury,C
231672852,207746174,2025-03-10,St. Paul,MN0620900,13A,W,W,N,F,21,,N,RU,Highway/Road/Alley/Street/Sidewalk,Street & Sidewalk,Personal Weapons,Loss of Teeth,C
235561673,211130788,2025-03-10,St. Paul,MN0620900,13A,H,U,H,F,23,,Y,BG,Residence/Home,Home,Asphyxiation;Personal Weapons,Minor Injury,C
252180532,225653982,2025-03-10,St. Paul,MN0620900,13A,W,W,U,M,24,,N,RU,Highway/Road/Alley/Street/Sidewalk,Street & Sidewalk,Handgun,Minor Injury,C
231158490,207299674,2025-03-11,St. Paul,MN0620900,13A,B,B,N,M,38,,N,RU,Park/Playground,Park & Playground,Handgun,Minor Injury,C
235562251,211131337,2025-03-11,St. Paul,MN0620900,13A,B,B,N,M,31,,Y,BG,Highway/Road/Alley/Street/Sidewalk,Street & Sidewalk,Blunt Object,,C
231356161,207469583,2025-03-12,St. Paul,MN0620900,13A,H,U,H,M,35,,N,RU,Park/Playground,Park & Playground,Knife/Cutting Instrument,Minor Injury,C
252180550,225653998,2025-03-12,St. Paul,MN0620900,13A,B,B,U,M,19,,N,RU,School-Elementary/Secondary,K-12 School,Personal Weapons,Other Major Injury,C
231352886,207466641,2025-03-13,St. Paul,MN0620900,13A,B,B,N,F,26,,N,RU,Highway/Road/Alley/Street/Sidewalk,Street & Sidewalk,Motor Vehicle/Vessel,,C
231844053,207893912,2025-03-13,St. Paul,MN0620900,13A,W,W,U,M,40,,N,RU,Highway/Road/Alley/Street/Sidewalk,Street & Sidewalk,Blunt Object,Other Major Injury,C
231879178,207924618,2025-03-13,St. Paul,MN0620900,13A,W,W,N,M,59,,N,RU,Highway/Road/Alley/Street/Sidewalk,Street & Sidewalk,Handgun,,C
233996945,209769395,2025-03-13,St. Paul,MN0620900,13A,B,B,N,F,32,,N,RU,Residence/Home,Home,Other,,C
233996946,209769395,2025-03-13,St. Paul,MN0620900,13A,B,B,U,M,10,,N,RU,Residence/Home,Home,Other,,C
232391664,208372205,2025-03-14,St. Paul,MN0620900,13A,W,W,N,F,35,,N,RU,Residence/Home,Home,Personal Weapons,Unconscious,C
233699181,209512930,2025-03-14,St. Paul,MN0620900,13A,P,P,N,M,28,,N,AQ,Highway/Road/Alley/Street/Sidewalk,Street & Sidewalk,Motor Vehicle/Vessel,,C
248399724,222351421,2025-03-14,St. Paul,MN0620900,13A,B,B,U,M,17,,N,RU,Park/Playground,Park & Playground,Handgun,Minor Injury;Other Major Injury,C
231538981,207629965,2025-03-15,St. Paul,MN0620900,13A,B,B,N,M,58,,N,ST,Drug Store/Doctor's Office/Hospital,Hospital & Clinic,Personal Weapons,Possible Internal Injury,C
231672950,207746254,2025-03-15,St. Paul,MN0620900,13A,W,W,N,M,43,,N,RU,Highway/Road/Alley/Street/Sidewalk,Street & Sidewalk,Blunt Object,Minor Injury,C
236956339,212356320,2025-03-15,St. Paul,MN0620900,13A,B,B,N,F,28,,N,SB,Highway/Road/Alley/Street/Sidewalk,Street & Sidewalk,Other Firearm,,C
235012984,210655668,2025-03-16,St. Paul,MN0620900,13A,H,W,H,M,32,,N,RU,Parking/Drop Lot/Garage,Parking Lot,Motor Vehicle/Vessel,Minor Injury,C
234861286,210525367,2025-03-17,St. Paul,MN0620900,13A,W,W,N,F,30,,N,RU,Residence/Home,Home,Personal Weapons,Possible Internal Injury,C
248342985,222302004,2025-03-17,St. Paul,MN0620900,13A,B,B,N,M,63,,N,RU,Shopping Mall,Shopping Mall,Personal Weapons,Other Major Injury;Possible Internal Injury,C
232109939,208127983,2025-03-18,St. Paul,MN0620900,13A,B,B,N,F,29,,Y,BG,Residence/Home,Home,Asphyxiation;Personal Weapons,Apparent Broken Bones;Minor Injury;Possible Internal Injury;Unconscious,C
232881802,208800005,2025-03-20,St. Paul,MN0620900,13A,H,W,H,M,28,,N,RU,Grocery/Supermarket,Grocery Store,Knife/Cutting Instrument,,C
232881803,208800005,2025-03-20,St. Paul,MN0620900,13A,H,W,H,M,29,,N,RU,Grocery/Supermarket,Grocery Store,Knife/Cutting Instrument,,C
232881804,208800005,2025-03-20,St. Paul,MN0620900,13A,H,W,H,M,59,,N,RU,Grocery/Supermarket,Grocery Store,Knife/Cutting Instrument,,C
232392185,208372674,2025-03-21,St. Paul,MN0620900,13A,H,W,H,F,36,,N,FR,Residence/Home,Home,Asphyxiation;Blunt Object;Personal Weapons,Possible Internal Injury,C
232490577,208457502,2025-03-21,St. Paul,MN0620900,13A,W,W,N,M,41,,N,RU,Residence/Home,Home,Knife/Cutting Instrument,Minor Injury,C
233644342,209465601,2025-03-21,St. Paul,MN0620900,13A,H,U,H,U,44,,N,RU,Convenience Store,Convenience Store,Firearm,,C
235573050,211141588,2025-03-22,St. Paul,MN0620900,13A,W,W,N,M,30,,Y,XR,Highway/Road/Alley/Street/Sidewalk,Street & Sidewalk,Blunt Object,Minor Injury,C
233024108,208925736,2025-03-23,St. Paul,MN0620900,13A,B,B,N,M,31,,Y,BG,Highway/Road/Alley/Street/Sidewalk,Street & Sidewalk,Motor Vehicle/Vessel,Minor Injury,C
244375988,218830970,2025-03-23,St. Paul,MN0620900,13A,B,B,N,M,37,,N,RU,Bar/Nightclub,Bar & Nightclub,Firearm,,C
233024124,208925744,2025-03-24,St. Paul,MN0620900,13A,B,B,N,M,32,,N,RU,Highway/Road/Alley/Street/Sidewalk,Street & Sidewalk,Knife/Cutting Instrument,Minor Injury,C
235324867,210925556,2025-03-24,St. Paul,MN0620900,13A,B,B,N,F,36,,N,NE,Residence/Home,Home,Blunt Object,Minor Injury,C
231949409,207984919,2025-03-25,St. Paul,MN0620900,13A,B,B,N,M,30,,N,FR,Government/Public Building,Government Building,Personal Weapons,Other Major Injury,C
244375993,218830974,2025-03-26,St. Paul,MN0620900,13A,B,B,N,F,23,,N,SB,Residence/Home,Home,Other,Minor Injury,C
235578711,211146958,2025-03-27,St. Paul,MN0620900,13A,B,B,N,F,22,,Y,BG,Residence/Home,Home,Asphyxiation;Personal Weapons,Possible Internal Injury,C
232882076,208800250,2025-03-28,St. Paul,MN0620900,13A,B,B,N,M,55,,N,RU,Residence/Home,Home,Firearm,,C
244371094,218826988,2025-03-28,St. Paul,MN0620900,13A,B,B,N,F,11,,N,RU,Residence/Home,Home,Other,Minor Injury,C
232490756,208457656,2025-03-29,St. Paul,MN0620900,13A,W,W,N,M,37,,N,AQ,Other/Unknown,Other & Unknown,Personal Weapons,Other Major Injury,C
234596887,210294665,2025-03-29,St. Paul,MN0620900,13A,B,B,U,F,35,,N,RU,Bar/Nightclub,Bar & Nightclub,Firearm;Handgun,,C
232648968,208595784,2025-03-30,St. Paul,MN0620900,13A,B,B,N,M,67,,Y,BG,Residence/Home,Home,Knife/Cutting Instrument,Other Major Injury,C
235012989,210655672,2025-03-30,St. Paul,MN0620900,13A,H,U,H,M,25,,N,ST;VO,Bar/Nightclub,Bar & Nightclub,Blunt Object,Loss of Teeth;Severe Laceration,C
235012990,210655672,2025-03-30,St. Paul,MN0620900,13A,W,W,U,M,37,,N,ST;VO,Bar/Nightclub,Bar & Nightclub,Blunt Object,,C
250298598,224009400,2025-03-30,St. Paul,MN0620900,13A,B,B,N,F,37,,N,,Parking/Drop Lot/Garage,Parking Lot,Firearm,Unconscious,C
232616618,208566841,2025-03-31,St. Paul,MN0620900,13A,H,U,H,M,47,,N,RU,Shelter-Mission/Homeless,Shelter,Knife/Cutting Instrument;Personal Weapons,,C
232616619,208566841,2025-03-31,St. Paul,MN0620900,13A,H,U,H,M,25,,N,RU,Shelter-Mission/Homeless,Shelter,Knife/Cutting Instrument;Personal Weapons,,C
233024190,208925799,2025-03-31,St. Paul,MN0620900,13A,B,B,N,F,40,,N,OK,Other/Unknown,Other & Unknown,Blunt Object,Severe Laceration,C
244426669,218875940,2025-03-31,St. Paul,MN0620900,13A,W,W,N,M,38,,N,RU,Highway/Road/Alley/Street/Sidewalk,Street & Sidewalk,Knife/Cutting Instrument,,C
233406853,209259810,2025-04-01,St. Paul,MN0620900,13A,B,B,U,M,34,,N,RU,ATM Separate from Bank,Cash Machine,Handgun,,C
233474605,209317786,2025-04-01,St. Paul,MN0620900,13A,B,B,N,M,57,,N,RU,Highway/Road/Alley/Street/Sidewalk,Street & Sidewalk,Firearm,,C
233997294,209769700,2025-04-01,St. Paul,MN0620900,13A,W,W,N,F,57,,N,PA,Drug Store/Doctor's Office/Hospital,Hospital & Clinic,Personal Weapons,Severe Laceration,C
232882241,208800403,2025-04-02,St. Paul,MN0620900,13A,B,B,U,F,14,,Y,BG,Residence/Home,Home,Knife/Cutting Instrument;Personal Weapons,,C
233024230,208925830,2025-04-02,St. Paul,MN0620900,13A,B,B,N,M,31,,N,RU,Residence/Home,Home,Knife/Cutting Instrument,Severe Laceration,C
235586350,211154148,2025-04-04,St. Paul,MN0620900,13A,B,B,N,F,42,,N,OF,Residence/Home,Home,Personal Weapons,Loss of Teeth,C
233264271,209136019,2025-04-05,St. Paul,MN0620900,13A,W,W,U,M,54,,N,RU,Residence/Home,Home,Knife/Cutting Instrument,Other Major Injury,C
235586955,211154724,2025-04-05,St. Paul,MN0620900,13A,W,W,U,F,37,,Y,XR,Residence/Home,Home,Handgun,,C
232882345,208800496,2025-04-06,St. Paul,MN0620900,13A,W,W,N,F,59,,N,RU,Residence/Home,Home,Personal Weapons,Loss of Teeth,C
235324877,210925566,2025-04-06,St. Paul,MN0620900,13A,B,B,U,M,49,,N,RU,Other/Unknown,Other & Unknown,Blunt Object,Minor Injury,C
233024301,208925886,2025-04-07,St. Paul,MN0620900,13A,U,U,U,F,42,,N,RU,Highway/Road/Alley/Street/Sidewalk,Street & Sidewalk,Personal Weapons,Apparent Broken Bones,C
235536097,211108470,2025-04-07,St. Paul,MN0620900,13A,B,B,N,F,37,,Y,SE,Residence/Home,Home,Firearm,,C
237624534,212940148,2025-04-07,St. Paul,MN0620900,13A,W,W,U,M,37,,N,RU,Bar/Nightclub,Bar & Nightclub,Handgun,Other Major Injury,C
233264278,209136026,2025-04-08,St. Paul,MN0620900,13A,H,W,H,M,22,,N,RU,Grocery/Supermarket,Grocery Store,Knife/Cutting Instrument,,C
233362048,209221343,2025-04-09,St. Paul,MN0620900,13A,B,B,N,F,39,,N,FR,Residence/Home,Home,Personal Weapons,Other Major Injury,C
235536213,211108574,2025-04-09,St. Paul,MN0620900,13A,B,B,N,M,18,,N,SB,Residence/Home,Home,Knife/Cutting Instrument,Minor Injury,C
233089669,208981748,2025-04-10,St. Paul,MN0620900,13A,W,W,U,F,44,,N,RU,Highway/Road/Alley/Street/Sidewalk,Street & Sidewalk,Handgun,,C
233425864,209276144,2025-04-10,St. Paul,MN0620900,13A,B,B,N,F,17,,N,RU,Residence/Home,Home,Firearm,,C
233425865,209276144,2025-04-10,St. Paul,MN0620900,13A,B,B,N,M,19,,N,AQ;RU,Residence/Home,Home,Firearm,,C
233329432,209192929,2025-04-11,St. Paul,MN0620900,13A,U,U,X,U,,,N,RU,Highway/Road/Alley/Street/Sidewalk,Street & Sidewalk,Handgun,,C
233362359,209221615,2025-04-12,St. Paul,MN0620900,13A,H,W,H,F,25,,Y,RU;XR,Residence/Home,Home,Personal Weapons,Severe Laceration,C
233362494,209221723,2025-04-12,St. Paul,MN0620900,13A,W,W,N,F,42,,Y,BG,Residence/Home,Home,Asphyxiation,,C
235536297,211108653,2025-04-12,St. Paul,MN0620900,13A,B,B,N,F,21,,Y,BG,Highway/Road/Alley/Street/Sidewalk,Street & Sidewalk,Motor Vehicle/Vessel,,C
235983929,211509489,2025-04-12,St. Paul,MN0620900,13A,B,B,N,M,58,,N,OF,Highway/Road/Alley/Street/Sidewalk,Street & Sidewalk,Motor Vehicle/Vessel,Apparent Broken Bones,C
238592370,213785759,2025-04-12,St. Paul,MN0620900,13A,W,W,N,M,48,,N,AQ,Residence/Home,Home,Blunt Object,Severe Laceration,C
238592371,213785759,2025-04-12,St. Paul,MN0620900,13A,W,W,N,F,74,,N,ST,Residence/Home,Home,Blunt Object,Severe Laceration,C
235536348,211108702,2025-04-13,St. Paul,MN0620900,13A,B,B,U,F,13,,N,RU,Residence/Home,Home,Blunt Object;Personal Weapons,Severe Laceration,C
244376010,218830991,2025-04-13,St. Paul,MN0620900,13A,W,W,N,M,53,,N,RU,Parking/Drop Lot/Garage,Parking Lot,Blunt Object,Possible Internal Injury;Severe Laceration,C
248175285,222155554,2025-04-13,St. Paul,MN0620900,13A,W,W,U,M,39,,N,RU,Residence/Home,Home,Firearm,Possible Internal Injury,C
233644573,209465801,2025-04-14,St. Paul,MN0620900,13A,B,B,N,F,43,,N,RU,Residence/Home,Home,Blunt Object,Minor Injury,C
234861336,210525414,2025-04-14,St. Paul,MN0620900,13A,B,B,U,F,31,,N,OK,Highway/Road/Alley/Street/Sidewalk,Street & Sidewalk,Personal Weapons,Other Major Injury,C
235217531,210832759,2025-04-14,St. Paul,MN0620900,13A,W,W,N,M,38,,N,NE,Residence/Home,Home,Firearm,Minor Injury,C
233644605,209465830,2025-04-15,St. Paul,MN0620900,13A,W,W,U,F,42,,N,OK,Residence/Home,Home,Blunt Object,,C
247451997,221526131,2025-04-16,St. Paul,MN0620900,13A,H,B,H,M,13,,N,AQ,Other/Unknown,Other & Unknown,Handgun,Possible Internal Injury,C
235013024,210655703,2025-04-17,St. Paul,MN0620900,13A,B,B,N,M,37,,Y,SE,Highway/Road/Alley/Street/Sidewalk,Street & Sidewalk,Motor Vehicle/Vessel,,C
235013025,210655704,2025-04-17,St. Paul,MN0620900,13A,B,B,N,M,27,,N,RU,Residence/Home,Home,Knife/Cutting Instrument,,C
235907751,211442048,2025-04-17,St. Paul,MN0620900,13A,B,B,N,U,35,,N,RU,Highway/Road/Alley/Street/Sidewalk,Street & Sidewalk,Knife/Cutting Instrument,Other Major Injury,C
238053736,213318121,2025-04-17,St. Paul,MN0620900,13A,B,B,N,M,16,,N,AQ;RU,School-Elementary/Secondary,K-12 School,Handgun,,C
244376013,218830993,2025-04-17,St. Paul,MN0620900,13A,B,B,N,F,42,,Y,SE;VO,Residence/Home,Home,Knife/Cutting Instrument;Personal Weapons,,C
234861366,210525438,2025-04-18,St. Paul,MN0620900,13A,W,W,N,M,22,,N,RU,Residence/Home,Home,Handgun,,C
234861367,210525438,2025-04-18,St. Paul,MN0620900,13A,W,W,N,M,25,,N,RU,Residence/Home,Home,Handgun,,C
234998216,210642887,2025-04-18,St. Paul,MN0620900,13A,B,B,N,F,48,,N,FR,School-Elementary/Secondary,K-12 School,Motor Vehicle/Vessel,Apparent Broken Bones,C
235355230,210951570,2025-04-18,St. Paul,MN0620900,13A,B,B,N,M,16,,N,RU,Restaurant,Restaurant,Handgun;Knife/Cutting Instrument,Minor Injury,C
235355231,210951570,2025-04-18,St. Paul,MN0620900,13A,B,B,N,M,15,,N,RU,Restaurant,Restaurant,Handgun;Knife/Cutting Instrument,,C
244816779,219216958,2025-04-19,St. Paul,MN0620900,13A,B,B,N,M,52,,N,RU,Highway/Road/Alley/Street/Sidewalk,Street & Sidewalk,Firearm,Minor Injury,C
252818993,226215627,2025-04-20,St. Paul,MN0620900,13A,B,B,N,M,36,,N,FR;RU,Parking/Drop Lot/Garage,Parking Lot,Handgun,Minor Injury;Other Major Injury,C
233613868,209439396,2025-04-21,St. Paul,MN0620900,13A,W,W,U,M,54,,N,RU,Residence/Home,Home,Other,,C
233613869,209439397,2025-04-21,St. Paul,MN0620900,13A,U,U,U,F,,,N,RU,Parking/Drop Lot/Garage,Parking Lot,Motor Vehicle/Vessel,,C
233613870,209439397,2025-04-21,St. Paul,MN0620900,13A,U,U,U,F,,,N,RU,Parking/Drop Lot/Garage,Parking Lot,Motor Vehicle/Vessel,,C
233613871,209439397,2025-04-21,St. Paul,MN0620900,13A,U,U,N,U,4,,N,RU,Parking/Drop Lot/Garage,Parking Lot,Motor Vehicle/Vessel,,C
235714017,211273815,2025-04-21,St. Paul,MN0620900,13A,U,U,U,M,41,,N,FR;RU,Highway/Road/Alley/Street/Sidewalk,Street & Sidewalk,Firearm,,C
234087584,209848516,2025-04-22,St. Paul,MN0620900,13A,B,B,U,F,19,,N,RU,Highway/Road/Alley/Street/Sidewalk,Street & Sidewalk,Firearm,,C
235714019,211273817,2025-04-22,St. Paul,MN0620900,13A,B,B,U,M,41,,N,AQ,Highway/Road/Alley/Street/Sidewalk,Street & Sidewalk,Handgun,,C
236816803,212234839,2025-04-22,St. Paul,MN0620900,13A,B,B,U,F,56,,Y,BG,Residence/Home,Home,Personal Weapons,Apparent Broken Bones;Severe Laceration,C
233699367,209513055,2025-04-23,St. Paul,MN0620900,13A,B,B,U,M,12,,N,RU,Highway/Road/Alley/Street/Sidewalk,Street & Sidewalk,Other,Minor Injury,C
246131940,220367693,2025-04-23,St. Paul,MN0620900,13A,A,A,N,M,51,,N,RU,Residence/Home,Home,Knife/Cutting Instrument,Severe Laceration,C
233840143,209635261,2025-04-24,St. Paul,MN0620900,13A,A,A,N,M,38,,N,RU,Residence/Home,Home,Knife/Cutting Instrument;Personal Weapons,Minor Injury,C
233991596,209764524,2025-04-25,St. Paul,MN0620900,13A,B,B,N,M,29,,N,OK,Drug Store/Doctor's Office/Hospital,Hospital & Clinic,Personal Weapons,Possible Internal Injury,C
234157222,209909761,2025-04-26,St. Paul,MN0620900,13A,B,B,N,F,32,,Y,BG;OF,Residence/Home,Home,Personal Weapons,Unconscious,C
234260117,210001565,2025-04-26,St. Paul,MN0620900,13A,H,W,H,F,37,,N,RU,Residence/Home,Home,Knife/Cutting Instrument,Minor Injury,C
245445476,219768058,2025-04-26,St. Paul,MN0620900,13A,U,U,U,F,20,,N,AQ;FR,Field/Woods,Field & Woods,Blunt Object,Minor Injury,C
234070626,209833626,2025-04-27,St. Paul,MN0620900,13A,W,W,N,M,38,,N,RU,Residence/Home,Home,Knife/Cutting Instrument,,C
234752905,210430721,2025-04-27,St. Paul,MN0620900,13A,H,U,H,M,42,,N,ST,Parking/Drop Lot/Garage,Parking Lot,Firearm,,C
238369610,213593250,2025-04-27,St. Paul,MN0620900,13A,B,B,U,F,30,,N,RU,Residence/Home,Home,Handgun,,C
244371114,218827006,2025-04-27,St. Paul,MN0620900,13A,U,U,U,M,37,,N,RU,Parking/Drop Lot/Garage,Parking Lot,Handgun,,C
235907761,211442058,2025-04-28,St. Paul,MN0620900,13A,B,B,N,F,23,,Y,XR,Residence/Home,Home,Handgun,Minor Injury,C
238803375,213967239,2025-04-28,St. Paul,MN0620900,13A,B,B,N,M,51,,N,RU,Highway/Road/Alley/Street/Sidewalk,Street & Sidewalk,Handgun;Knife/Cutting Instrument;Personal Weapons,Minor Injury,C
234394329,210117524,2025-04-29,St. Paul,MN0620900,13A,B,B,N,F,19,,Y,BG,Residence/Home,Home,Knife/Cutting Instrument,Minor Injury,C
236816813,212234848,2025-04-29,St. Paul,MN0620900,13A,B,B,N,M,24,,N,RU,Residence/Home,Home,Firearm,Other Major Injury,C
237157365,212531930,2025-04-29,St. Paul,MN0620900,13A,B,B,N,F,29,,N,AQ,Park/Playground,Park & Playground,Handgun,,C
237701503,213006998,2025-04-29,St. Paul,MN0620900,13A,B,B,N,M,40,,Y,BG,Other/Unknown,Other & Unknown,Knife/Cutting Instrument,Severe Laceration,C
238496521,213703122,2025-04-29,St. Paul,MN0620900,13A,B,B,N,M,35,,N,RU,Highway/Road/Alley/Street/Sidewalk,Street & Sidewalk,Knife/Cutting Instrument,Other Major Injury,C
237256842,212623930,2025-04-30,St. Paul,MN0620900,13A,U,U,U,F,18,,Y,BG,Residence/Home,Home,Personal Weapons,Possible Internal Injury,C
236514628,211973219,2025-05-01,St. Paul,MN0620900,13A,B,B,N,F,20,,N,RU,Residence/Home,Home,Firearm,Other Major Injury,C
236514629,211973219,2025-05-01,St. Paul,MN0620900,13A,U,U,X,U,,,N,RU,Residence/Home,Home,Firearm,Other Major Injury,C
238053856,213318232,2025-05-01,St. Paul,MN0620900,13A,B,B,N,U,45,,N,OK,Residence/Home,Home,Blunt Object,Minor Injury,C
248501500,222439813,2025-05-01,St. Paul,MN0620900,13A,B,B,U,F,42,,N,RU,Highway/Road/Alley/Street/Sidewalk,Street & Sidewalk,Firearm (Automatic),,C
235983951,211509507,2025-05-02,St. Paul,MN0620900,13A,W,W,N,M,38,,N,RU,Highway/Road/Alley/Street/Sidewalk,Street & Sidewalk,Unknown,Severe Laceration,C
244376054,218831027,2025-05-02,St. Paul,MN0620900,13A,W,W,N,M,33,,N,RU,Highway/Road/Alley/Street/Sidewalk,Street & Sidewalk,Rifle,,C
234861510,210525570,2025-05-03,St. Paul,MN0620900,13A,B,B,N,F,43,,N,RU,Residence/Home,Home,Knife/Cutting Instrument,Minor Injury,C
234861516,210525576,2025-05-04,St. Paul,MN0620900,13A,B,B,N,M,44,,N,RU,Residence/Home,Home,Blunt Object;Knife/Cutting Instrument,Other Major Injury,C
237701505,213007000,2025-05-04,St. Paul,MN0620900,13A,H,W,H,M,41,,N,AQ,Highway/Road/Alley/Street/Sidewalk,Street & Sidewalk,Blunt Object,Minor Injury,C
234394387,210117568,2025-05-05,St. Paul,MN0620900,13A,W,W,N,F,35,,N,AQ;RU,Shelter-Mission/Homeless,Shelter,Knife/Cutting Instrument,Other Major Injury,C
237701508,213007003,2025-05-05,St. Paul,MN0620900,13A,A,A,N,M,39,,N,SB,Residence/Home,Home,Firearm,,C
251464516,225027419,2025-05-05,St. Paul,MN0620900,13A,W,W,U,M,52,,N,RU,Highway/Road/Alley/Street/Sidewalk,Street & Sidewalk,Blunt Object,Minor Injury,C
234515538,210223569,2025-05-06,St. Paul,MN0620900,13A,H,W,H,F,0,,N,CH,Residence/Home,Home,Personal Weapons,Minor Injury,C
237701509,213007004,2025-05-06,St. Paul,MN0620900,13A,A,A,N,F,35,,N,AQ,Residence/Home,Home,Blunt Object,Other Major Injury,C
238831692,213991619,2025-05-06,St. Paul,MN0620900,13A,B,B,N,F,17,,Y,BG,Residence/Home,Home,Personal Weapons,Severe Laceration,C
244376114,218831076,2025-05-06,St. Paul,MN0620900,13A,B,B,U,M,17,,N,ST,School-Elementary/Secondary,K-12 School,Personal Weapons,Possible Internal Injury,C
234753412,210431173,2025-05-07,St. Paul,MN0620900,13A,A,A,N,F,60,,N,RU,Residence/Home,Home,Handgun,,C
234753413,210431173,2025-05-07,St. Paul,MN0620900,13A,A,A,N,M,60,,N,RU,Residence/Home,Home,Handgun,,C
234753458,210431207,2025-05-07,St. Paul,MN0620900,13A,W,W,U,F,30,,N,RU,Highway/Road/Alley/Street/Sidewalk,Street & Sidewalk,Blunt Object,Severe Laceration,C
234861570,210525621,2025-05-07,St. Paul,MN0620900,13A,B,B,N,F,42,,Y,BG,Residence/Home,Home,Blunt Object,Minor Injury,C
235013055,210655730,2025-05-07,St. Paul,MN0620900,13A,H,W,H,M,17,,N,RU,Parking/Drop Lot/Garage,Parking Lot,Personal Weapons,Severe Laceration;Unconscious,C
234861954,210525966,2025-05-09,St. Paul,MN0620900,13A,B,B,N,F,32,,Y,BG,Residence/Home,Home,Blunt Object,Minor Injury,C
235325045,210925699,2025-05-09,St. Paul,MN0620900,13A,B,B,N,M,12,,N,RU,Residence/Home,Home,Firearm,,C
235334049,210933110,2025-05-09,St. Paul,MN0620900,13A,B,B,U,F,40,,N,RU,Residence/Home,Home,Personal Weapons,Severe Laceration,C
237157870,212532414,2025-05-09,St. Paul,MN0620900,13A,W,W,N,F,47,,N,RU,Residence/Home,Home,Other,,C
250039794,223783765,2025-05-09,St. Paul,MN0620900,13A,W,W,N,F,40,,Y,BG,Residence/Home,Home,Firearm,,C
250890472,224524995,2025-05-10,St. Paul,MN0620900,13A,A,A,N,M,44,,N,RU,Highway/Road/Alley/Street/Sidewalk,Street & Sidewalk,Handgun,,C
235249213,210860180,2025-05-12,St. Paul,MN0620900,13A,B,B,U,M,23,,Y,XR,Residence/Home,Home,Knife/Cutting Instrument,Minor Injury,C
245359024,219691864,2025-05-12,St. Paul,MN0620900,13A,W,W,N,M,31,,N,RU,Highway/Road/Alley/Street/Sidewalk,Street & Sidewalk,Handgun,Possible Internal Injury,C
235325070,210925719,2025-05-13,St. Paul,MN0620900,13A,B,B,N,F,33,,N,RU,Residence/Home,Home,Shotgun,,C
235325073,210925722,2025-05-14,St. Paul,MN0620900,13A,B,B,N,F,22,,N,RU,Residence/Home,Home,Personal Weapons,Apparent Broken Bones,C
235367862,210962670,2025-05-14,St. Paul,MN0620900,13A,W,W,N,M,18,,N,ST,Residence/Home,Home,Blunt Object;Personal Weapons,Possible Internal Injury,C
236009227,211531316,2025-05-14,St. Paul,MN0620900,13A,H,W,H,M,25,,N,ST,Restaurant,Restaurant,Handgun,Minor Injury,C
235536654,211108979,2025-05-15,St. Paul,MN0620900,13A,B,B,N,F,23,,N,RU,Residence/Home,Home,Knife/Cutting Instrument,Other Major Injury,C
235536655,211108979,2025-05-15,St. Paul,MN0620900,13A,B,B,N,F,21,,N,RU,Residence/Home,Home,Knife/Cutting Instrument,Minor Injury,C
235908041,211442290,2025-05-15,St. Paul,MN0620900,13A,B,B,N,F,29,,Y,XS,Highway/Road/Alley/Street/Sidewalk,Street & Sidewalk,Motor Vehicle/Vessel,,C
236816905,212234921,2025-05-15,St. Paul,MN0620900,13A,W,W,N,M,34,,N,AQ,Residence/Home,Home,Personal Weapons,Other Major Injury,C
244376140,218831100,2025-05-15,St. Paul,MN0620900,13A,B,B,U,M,22,,N,RU,Highway/Road/Alley/Street/Sidewalk,Street & Sidewalk,Firearm,Other Major Injury,C
235608846,211175457,2025-05-16,St. Paul,MN0620900,13A,B,B,N,F,25,,N,RU;SB,Residence/Home,Home,Knife/Cutting Instrument,,C
237701516,213007010,2025-05-16,St. Paul,MN0620900,13A,B,B,N,M,18,,Y,BG;VO,Residence/Home,Home,Knife/Cutting Instrument;Personal Weapons,,C
237701517,213007010,2025-05-16,St. Paul,MN0620900,13A,B,B,N,F,18,,Y,BG;VO,Residence/Home,Home,Knife/Cutting Instrument;Personal Weapons,Minor Injury,C
244371136,218827021,2025-05-16,St. Paul,MN0620900,13A,B,B,N,M,26,,N,RU,Residence/Home,Home,Knife/Cutting Instrument,,C
244376145,218831102,2025-05-16,St. Paul,MN0620900,13A,B,B,N,F,50,,N,PA,Residence/Home,Home,Blunt Object,Minor Injury,C
235503765,211080300,2025-05-17,St. Paul,MN0620900,13A,B,B,N,M,40,,N,AQ,Parking/Drop Lot/Garage,Parking Lot,Other Firearm;Personal Weapons,,C
235536694,211109015,2025-05-18,St. Paul,MN0620900,13A,B,B,N,M,36,,N,CH,Residence/Home,Home,Blunt Object,Minor Injury,C
237159472,212533941,2025-05-18,St. Paul,MN0620900,13A,B,B,U,M,50,,N,RU,Highway/Road/Alley/Street/Sidewalk,Street & Sidewalk,Blunt Object,Minor Injury,C
237672024,212981344,2025-05-18,St. Paul,MN0620900,13A,B,B,N,M,54,,N,FR,Residence/Home,Home,Blunt Object,Severe Laceration,C
237624581,212940183,2025-05-19,St. Paul,MN0620900,13A,B,B,U,M,41,,N,RU,Highway/Road/Alley/Street/Sidewalk,Street & Sidewalk,Blunt Object,Severe Laceration,C
235984091,211509630,2025-05-20,St. Paul,MN0620900,13A,B,B,N,F,31,,N,RU,Highway/Road/Alley/Street/Sidewalk,Street & Sidewalk,Firearm,,C
244371141,218827025,2025-05-20,St. Paul,MN0620900,13A,U,U,X,U,,,N,RU,Air/Bus/Train Terminal,Transit Station,Firearm (Automatic),,C
244371145,218827027,2025-05-20,St. Paul,MN0620900,13A,B,B,U,F,25,,N,RU,Residence/Home,Home,Handgun,,C
244371146,218827027,2025-05-20,St. Paul,MN0620900,13A,B,B,U,F,20,,N,RU,Residence/Home,Home,Handgun,,C
251219585,224812804,2025-05-20,St. Paul,MN0620900,13A,B,B,N,M,24,,N,RU,Residence/Home,Home,Handgun,Apparent Broken Bones;Possible Internal Injury,C
235984096,211509634,2025-05-21,St. Paul,MN0620900,13A,W,W,U,M,39,,N,RU,Residence/Home,Home,Blunt Object,Apparent Broken Bones,C
238759594,213929524,2025-05-21,St. Paul,MN0620900,13A,B,B,U,F,23,,N,RU,Highway/Road/Alley/Street/Sidewalk,Street & Sidewalk,Firearm,,C
238759595,213929524,2025-05-21,St. Paul,MN0620900,13A,B,B,U,F,24,,N,RU,Highway/Road/Alley/Street/Sidewalk,Street & Sidewalk,Firearm,,C
238759596,213929524,2025-05-21,St. Paul,MN0620900,13A,B,B,U,M,1,,N,RU,Highway/Road/Alley/Street/Sidewalk,Street & Sidewalk,Firearm,,C
245834554,220111917,2025-05-21,St. Paul,MN0620900,13A,B,B,N,F,43,,Y,SE,Highway/Road/Alley/Street/Sidewalk,Street & Sidewalk,Firearm,,C
235536756,211109069,2025-05-22,St. Paul,MN0620900,13A,W,W,N,F,40,,N,AQ,Highway/Road/Alley/Street/Sidewalk,Street & Sidewalk,Blunt Object,Severe Laceration,C
238831718,213991637,2025-05-22,St. Paul,MN0620900,13A,W,W,N,F,65,,N,RU,Highway/Road/Alley/Street/Sidewalk,Street & Sidewalk,Other,,C
244376169,218831121,2025-05-22,St. Paul,MN0620900,13A,B,B,U,F,24,,N,SB,Highway/Road/Alley/Street/Sidewalk,Street & Sidewalk,Handgun,,C
237161595,212535960,2025-05-23,St. Paul,MN0620900,13A,B,B,N,F,44,,Y,XR,Parking/Drop Lot/Garage,Parking Lot,Unknown,Other Major Injury,C
247452056,221526185,2025-05-23,St. Paul,MN0620900,13A,H,W,H,M,51,,N,RU,Highway/Road/Alley/Street/Sidewalk,Street & Sidewalk,Motor Vehicle/Vessel,Minor Injury,C
235504517,211080936,2025-05-24,St. Paul,MN0620900,13A,B,B,N,F,41,,N,RU,Residence/Home,Home,Asphyxiation;Personal Weapons,Minor Injury,C
235849323,211391332,2025-05-24,St. Paul,MN0620900,13A,B,B,N,F,13,,N,CH,Residence/Home,Home,Other,Minor Injury,C
235908081,211442322,2025-05-24,St. Paul,MN0620900,13A,B,B,N,F,35,,N,ST,Highway/Road/Alley/Street/Sidewalk,Street & Sidewalk,Motor Vehicle/Vessel,,C
236056939,211573111,2025-05-24,St. Paul,MN0620900,13A,H,W,H,M,30,,N,RU,Bar/Nightclub,Bar & Nightclub,Blunt Object,Minor Injury,C
238831719,213991638,2025-05-24,St. Paul,MN0620900,13A,A,A,U,M,35,,N,SB,Residence/Home,Home,Blunt Object;Knife/Cutting Instrument,Minor Injury,C
235984106,211509643,2025-05-25,St. Paul,MN0620900,13A,U,U,U,M,20,,N,RU,Highway/Road/Alley/Street/Sidewalk,Street & Sidewalk,Firearm,,C
235984107,211509643,2025-05-25,St. Paul,MN0620900,13A,U,U,U,F,21,,N,RU,Highway/Road/Alley/Street/Sidewalk,Street & Sidewalk,Firearm,,C
235536845,211109150,2025-05-26,St. Paul,MN0620900,13A,B,B,N,F,30,,Y,BG,Residence/Home,Home,Blunt Object,,C
235908397,211442591,2025-05-26,St. Paul,MN0620900,13A,H,B,H,F,40,,Y,BG,Residence/Home,Home,Knife/Cutting Instrument,Severe Laceration,C
236514757,211973338,2025-05-26,St. Paul,MN0620900,13A,W,W,U,M,35,,N,RU,Residence/Home,Home,Knife/Cutting Instrument,Other Major Injury;Severe Laceration,C
238415786,213633212,2025-05-26,St. Paul,MN0620900,13A,W,W,N,M,62,,N,RU,Highway/Road/Alley/Street/Sidewalk,Street & Sidewalk,Firearm,,C
238549162,213747955,2025-05-26,St. Paul,MN0620900,13A,B,B,N,M,18,,N,RU,Highway/Road/Alley/Street/Sidewalk,Street & Sidewalk,Firearm,Minor Injury,C
250040218,223784150,2025-05-26,St. Paul,MN0620900,13A,H,W,H,F,28,,Y,BG,Residence/Home,Home,Asphyxiation;Personal Weapons,Minor Injury,C
237786592,213081250,2025-05-27,St. Paul,MN0620900,13A,H,U,H,M,46,,N,ST,Highway/Road/Alley/Street/Sidewalk,Street & Sidewalk,Motor Vehicle/Vessel,Possible Internal Injury,C
242622709,217301932,2025-05-27,St. Paul,MN0620900,13A,B,B,N,F,22,,N,RU,Residence/Home,Home,Asphyxiation;Personal Weapons,Possible Internal Injury,C
235636430,211201551,2025-05-28,St. Paul,MN0620900,13A,B,B,N,M,46,,N,OK,Residence/Home,Home,Knife/Cutting Instrument,Other Major Injury;Possible Internal Injury,C
238054027,213318383,2025-05-29,St. Paul,MN0620900,13A,I,I,U,M,48,,Y,BG,Residence/Home,Home,Knife/Cutting Instrument,Minor Injury,C
237079423,212464716,2025-05-30,St. Paul,MN0620900,13A,B,B,N,F,25,,N,RU,Residence/Home,Home,Handgun,,C
237079424,212464716,2025-05-30,St. Paul,MN0620900,13A,U,U,U,M,3,,N,RU,Residence/Home,Home,Handgun,,C
238415787,213633213,2025-05-30,St. Paul,MN0620900,13A,B,B,N,M,44,,N,RU,Convenience Store,Convenience Store,Firearm,,C
236639771,212083045,2025-05-31,St. Paul,MN0620900,13A,B,B,N,F,59,,Y,SE,Residence/Home,Home,Personal Weapons,Other Major Injury,C
237701524,213007017,2025-05-31,St. Paul,MN0620900,13A,W,W,U,M,55,,N,RU,Other/Unknown,Other & Unknown,Blunt Object,Severe Laceration,C
244376207,218831155,2025-05-31,St. Paul,MN0620900,13A,W,W,U,F,41,,N,RU,Residence/Home,Home,Personal Weapons,Loss of Teeth;Unconscious,C
244376208,218831156,2025-05-31,St. Paul,MN0620900,13A,H,W,H,F,16,,N,RU,Highway/Road/Alley/Street/Sidewalk,Street & Sidewalk,Handgun,,C
244376209,218831156,2025-05-31,St. Paul,MN0620900,13A,H,W,H,M,9,,N,RU,Highway/Road/Alley/Street/Sidewalk,Street & Sidewalk,Handgun,,C
244376210,218831156,2025-05-31,St. Paul,MN0620900,13A,H,W,H,U,47,,N,RU,Highway/Road/Alley/Street/Sidewalk,Street & Sidewalk,Handgun,,C
244376211,218831157,2025-05-31,St. Paul,MN0620900,13A,U,U,U,M,20,,N,AQ;VO,Residence/Home,Home,Knife/Cutting Instrument;Other,Minor Injury,C
244376212,218831157,2025-05-31,St. Paul,MN0620900,13A,W,W,U,M,57,,N,AQ;VO,Residence/Home,Home,Knife/Cutting Instrument;Other,,C
235984236,211509761,2025-06-01,St. Paul,MN0620900,13A,B,B,U,F,44,,Y,BG,Residence/Home,Home,Asphyxiation,Minor Injury,C
236198479,211698347,2025-06-01,St. Paul,MN0620900,13A,B,B,N,F,58,,N,RU,Highway/Road/Alley/Street/Sidewalk,Street & Sidewalk,Knife/Cutting Instrument,,C
237079431,212464723,2025-06-01,St. Paul,MN0620900,13A,B,B,N,F,31,,N,AQ,Restaurant,Restaurant,Personal Weapons,Severe Laceration,C
238496545,213703142,2025-06-01,St. Paul,MN0620900,13A,B,B,N,M,39,,N,OK,Residence/Home,Home,Other,Minor Injury,C
250040410,223784319,2025-06-01,St. Paul,MN0620900,13A,W,W,N,M,41,,N,RU,Highway/Road/Alley/Street/Sidewalk,Street & Sidewalk,Handgun,,C
237079443,212464733,2025-06-02,St. Paul,MN0620900,13A,H,W,H,F,10,,N,RU,Highway/Road/Alley/Street/Sidewalk,Street & Sidewalk,Handgun,,C
237079444,212464733,2025-06-02,St. Paul,MN0620900,13A,W,W,N,M,31,,N,RU,Highway/Road/Alley/Street/Sidewalk,Street & Sidewalk,Handgun,,C
250192064,223916704,2025-06-02,St. Paul,MN0620900,13A,B,B,N,M,19,,N,RU,Highway/Road/Alley/Street/Sidewalk,Street & Sidewalk,Firearm,,C
250192065,223916704,2025-06-02,St. Paul,MN0620900,13A,B,B,N,M,20,,N,RU,Highway/Road/Alley/Street/Sidewalk,Street & Sidewalk,Firearm,,C
250192066,223916704,2025-06-02,St. Paul,MN0620900,13A,B,B,N,M,20,,N,RU,Highway/Road/Alley/Street/Sidewalk,Street & Sidewalk,Firearm,,C
236198776,211698615,2025-06-03,St. Paul,MN0620900,13A,U,U,U,M,45,,N,ST,Highway/Road/Alley/Street/Sidewalk,Street & Sidewalk,Knife/Cutting Instrument,Minor Injury,C
244557579,218991663,2025-06-03,St. Paul,MN0620900,13A,B,B,N,M,20,,N,RU,Other/Unknown,Other & Unknown,Handgun,Possible Internal Injury,C
245641363,219943177,2025-06-03,St. Paul,MN0620900,13A,B,B,N,M,46,,N,RU,Service/Gas Station,Gas Station,Firearm,,C
250113216,223847712,2025-06-03,St. Paul,MN0620900,13A,B,B,N,M,19,,N,RU,Highway/Road/Alley/Street/Sidewalk,Street & Sidewalk,Motor Vehicle/Vessel;Personal Weapons,,C
236956364,212356341,2025-06-04,St. Paul,MN0620900,13A,W,W,U,M,28,,N,RU,Highway/Road/Alley/Street/Sidewalk,Street & Sidewalk,Personal Weapons,Other Major Injury,C
238054275,213318602,2025-06-04,St. Paul,MN0620900,13A,A,A,N,M,12,,N,RU,Highway/Road/Alley/Street/Sidewalk,Street & Sidewalk,Firearm,,C
236056972,211573141,2025-06-05,St. Paul,MN0620900,13A,B,B,N,M,54,,N,RU,Bar/Nightclub,Bar & Nightclub,Firearm,,C
236056976,211573145,2025-06-05,St. Paul,MN0620900,13A,U,U,U,M,,,N,AQ,Residence/Home,Home,Asphyxiation;Firearm,,C
236830661,212247077,2025-06-05,St. Paul,MN0620900,13A,W,W,N,M,42,,Y,XR,Residence/Home,Home,Blunt Object;Knife/Cutting Instrument,Minor Injury,C
248599132,222526472,2025-06-05,St. Paul,MN0620900,13A,A,A,N,F,51,,Y,XR,Other/Unknown,Other & Unknown,Blunt Object,Severe Laceration,C
236514800,211973379,2025-06-06,St. Paul,MN0620900,13A,U,U,U,F,32,,N,RU,Other/Unknown,Other & Unknown,Blunt Object,Minor Injury,C
238324995,213554700,2025-06-06,St. Paul,MN0620900,13A,A,A,U,F,51,,N,RU,Highway/Road/Alley/Street/Sidewalk,Street & Sidewalk,Firearm,,C
244376234,218831175,2025-06-06,St. Paul,MN0620900,13A,B,B,N,F,62,,N,AQ,Highway/Road/Alley/Street/Sidewalk,Street & Sidewalk,Blunt Object;Handgun,Minor Injury,C
252180653,225654082,2025-06-06,St. Paul,MN0620900,13A,B,B,N,M,18,,N,RU;VO,Highway/Road/Alley/Street/Sidewalk,Street & Sidewalk,Handgun,Minor Injury,C
252180654,225654082,2025-06-06,St. Paul,MN0620900,13A,B,B,N,M,18,,N,RU,Highway/Road/Alley/Street/Sidewalk,Street & Sidewalk,Handgun,Minor Injury,C
244376242,218831181,2025-06-07,St. Paul,MN0620900,13A,B,B,N,M,49,,N,OK;RU,Commercial/Office Building,Office Building,Handgun,,C
246934916,221077606,2025-06-07,St. Paul,MN0620900,13A,A,A,N,F,42,,N,RU,Residence/Home,Home,Other,Other Major Injury,C
244376244,218831183,2025-06-08,St. Paul,MN0620900,13A,B,B,N,F,37,,N,RU,Highway/Road/Alley/Street/Sidewalk,Street & Sidewalk,Motor Vehicle/Vessel,Other Major Injury;Possible Internal Injury,C
238803401,213967261,2025-06-09,St. Paul,MN0620900,13A,W,W,N,M,25,,N,AQ,Residence/Home,Home,Personal Weapons,Apparent Broken Bones;Severe Laceration,C
236514843,211973417,2025-06-10,St. Paul,MN0620900,13A,B,B,U,M,27,,N,FR,Residence/Home,Home,Blunt Object,Minor Injury,C
236639937,212083185,2025-06-10,St. Paul,MN0620900,13A,B,B,N,F,59,,N,RU,Residence/Home,Home,Personal Weapons,Apparent Broken Bones,C
244426721,218875984,2025-06-11,St. Paul,MN0620900,13A,W,W,N,F,49,,N,AQ,Restaurant,Restaurant,Handgun,Minor Injury,C
236514988,211973547,2025-06-12,St. Paul,MN0620900,13A,B,B,N,F,25,,N,RU,Residence/Home,Home,Handgun,,C
236514989,211973547,2025-06-12,St. Paul,MN0620900,13A,B,B,N,F,26,,N,RU,Residence/Home,Home,Handgun,,C
237378564,212727796,2025-06-12,St. Paul,MN0620900,13A,B,B,N,F,34,,N,RU,Highway/Road/Alley/Street/Sidewalk,Street & Sidewalk,Personal Weapons,Apparent Broken Bones,C
237532032,212859916,2025-06-12,St. Paul,MN0620900,13A,B,B,N,F,24,,N,RU,Residence/Home,Home,Asphyxiation;Personal Weapons,Possible Internal Injury,C
238831735,213991653,2025-06-12,St. Paul,MN0620900,13A,H,W,H,M,31,,N,RU,Highway/Road/Alley/Street/Sidewalk,Street & Sidewalk,Blunt Object,Severe Laceration,C
248175543,222155781,2025-06-12,St. Paul,MN0620900,13A,U,U,U,M,19,,N,RU,Residence/Home,Home,Knife/Cutting Instrument,Other Major Injury,C
248175544,222155781,2025-06-12,St. Paul,MN0620900,13A,B,B,N,F,19,,N,RU,Residence/Home,Home,Knife/Cutting Instrument,Other Major Injury,C
248175545,222155781,2025-06-12,St. Paul,MN0620900,13A,B,B,N,U,20,,N,RU,Residence/Home,Home,Knife/Cutting Instrument,Other Major Injury,C
237168273,212542255,2025-06-13,St. Paul,MN0620900,13A,B,B,N,F,18,,N,AQ,Restaurant,Restaurant,Personal Weapons,Loss of Teeth,C
238212762,213456143,2025-06-13,St. Paul,MN0620900,13A,U,U,U,F,30,,N,OK,Residence/Home,Home,Asphyxiation,Minor Injury,C
244356005,218813827,2025-06-13,St. Paul,MN0620900,13A,B,B,U,F,19,,Y,BG,Hotel/Motel/Etc.,Hotel & Motel,Firearm,Minor Injury,C
244426722,218875985,2025-06-13,St. Paul,MN0620900,13A,B,B,N,F,36,,N,OF,Residence/Home,Home,Knife/Cutting Instrument,Other Major Injury,C
253435772,226754358,2025-06-13,St. Paul,MN0620900,13A,B,B,N,F,22,,N,RU,Highway/Road/Alley/Street/Sidewalk,Street & Sidewalk,Handgun,Other Major Injury,C
253435773,226754358,2025-06-13,St. Paul,MN0620900,13A,B,B,U,F,2,,N,RU,Highway/Road/Alley/Street/Sidewalk,Street & Sidewalk,Handgun,,C
236817064,212235053,2025-06-14,St. Paul,MN0620900,13A,H,U,H,F,57,,Y,BG,Residence/Home,Home,Personal Weapons,Apparent Broken Bones,C
244356007,218813828,2025-06-14,St. Paul,MN0620900,13A,H,W,H,F,16,,Y,SE,Residence/Home,Home,Personal Weapons,Apparent Broken Bones,C
244356008,218813829,2025-06-14,St. Paul,MN0620900,13A,B,B,N,F,37,,Y,XS,Residence/Home,Home,Personal Weapons,Possible Internal Injury,C
244356011,218813832,2025-06-14,St. Paul,MN0620900,13A,H,W,H,F,42,,N,IL,Residence/Home,Home,Knife/Cutting Instrument,,C
237625077,212940592,2025-06-15,St. Paul,MN0620900,13A,B,B,N,M,30,,N,RU,Highway/Road/Alley/Street/Sidewalk,Street & Sidewalk,Knife/Cutting Instrument,Other Major Injury;Possible Internal Injury;Severe Laceration,C
237693158,212999835,2025-06-15,St. Paul,MN0620900,13A,B,B,U,F,21,,N,CF,Highway/Road/Alley/Street/Sidewalk,Street & Sidewalk,Other,Minor Injury,C
238196544,213442110,2025-06-15,St. Paul,MN0620900,13A,H,W,H,M,20,,N,RU,Residence/Home,Home,Blunt Object,Severe Laceration,C
238196638,213442193,2025-06-15,St. Paul,MN0620900,13A,H,U,H,M,32,,N,RU,Highway/Road/Alley/Street/Sidewalk,Street & Sidewalk,Personal Weapons,Apparent Broken Bones,C
238369914,213593512,2025-06-15,St. Paul,MN0620900,13A,A,A,U,F,38,,N,RU,Other/Unknown,Other & Unknown,Blunt Object,Minor Injury,C
249733182,223512137,2025-06-15,St. Paul,MN0620900,13A,B,B,N,F,27,,Y,XR,Highway/Road/Alley/Street/Sidewalk,Street & Sidewalk,Firearm,,C
238055306,213319520,2025-06-16,St. Paul,MN0620900,13A,U,U,N,F,37,,N,RU,Residence/Home,Home,Knife/Cutting Instrument,Minor Injury,C
238055307,213319520,2025-06-16,St. Paul,MN0620900,13A,B,B,N,F,28,,N,RU,Residence/Home,Home,Knife/Cutting Instrument,Severe Laceration,C
237378582,212727812,2025-06-17,St. Paul,MN0620900,13A,B,B,N,F,26,,N,RU,Residence/Home,Home,Knife/Cutting Instrument,Other Major Injury,C
238699644,213878385,2025-06-17,St. Paul,MN0620900,13A,H,W,H,M,34,,N,NE,Residence/Home,Home,Handgun,Severe Laceration,C
244356025,218813845,2025-06-17,St. Paul,MN0620900,13A,B,B,N,F,42,,N,AQ,Park/Playground,Park & Playground,Blunt Object,Severe Laceration,C
237674757,212983769,2025-06-18,St. Paul,MN0620900,13A,U,U,U,F,27,,N,RU,Highway/Road/Alley/Street/Sidewalk,Street & Sidewalk,Firearm,,C
237674758,212983769,2025-06-18,St. Paul,MN0620900,13A,H,W,H,M,41,,N,AQ,Highway/Road/Alley/Street/Sidewalk,Street & Sidewalk,Firearm,,C
238759622,213929547,2025-06-18,St. Paul,MN0620900,13A,B,B,N,M,59,,N,RU,Highway/Road/Alley/Street/Sidewalk,Street & Sidewalk,Firearm,,C
237079772,212465021,2025-06-19,St. Paul,MN0620900,13A,B,B,N,M,23,,Y,BG,Park/Playground,Park & Playground,Drugs/Narcotics/Sleeping Pills,Unconscious,C
237079950,212465170,2025-06-20,St. Paul,MN0620900,13A,H,W,H,M,60,,N,RU,Residence/Home,Home,Knife/Cutting Instrument;Other,,C
237779901,213075210,2025-06-20,St. Paul,MN0620900,13A,B,B,N,F,23,,N,RU,Other/Unknown,Other & Unknown,Knife/Cutting Instrument;Personal Weapons,Severe Laceration,C
244356038,218813857,2025-06-20,St. Paul,MN0620900,13A,B,B,N,M,22,,N,AQ;RU,Parking/Drop Lot/Garage,Parking Lot,Blunt Object,Severe Laceration,C
250532759,224215676,2025-06-20,St. Paul,MN0620900,13A,B,B,N,F,23,,N,RU,Highway/Road/Alley/Street/Sidewalk,Street & Sidewalk,Firearm,,C
250532760,224215676,2025-06-20,St. Paul,MN0620900,13A,B,B,N,F,18,,N,RU,Highway/Road/Alley/Street/Sidewalk,Street & Sidewalk,Firearm,,C
237182272,212555460,2025-06-21,St. Paul,MN0620900,13A,W,W,N,M,41,,N,OK,Residence/Home,Home,Handgun,,C
237625397,212940879,2025-06-21,St. Paul,MN0620900,13A,U,U,U,F,41,,N,NE;VO,Residence/Home,Home,Knife/Cutting Instrument;Personal Weapons,Severe Laceration,C
237625398,212940879,2025-06-21,St. Paul,MN0620900,13A,B,B,N,F,29,,N,NE;VO,Residence/Home,Home,Knife/Cutting Instrument;Personal Weapons,Minor Injury,C
238591292,213784818,2025-06-21,St. Paul,MN0620900,13A,B,B,N,F,15,,N,FR;RU,Highway/Road/Alley/Street/Sidewalk,Street & Sidewalk,Other,Minor Injury,C
244426738,218875996,2025-06-21,St. Paul,MN0620900,13A,B,B,U,M,21,,N,RU,Residence/Home,Home,Handgun,Other Major Injury,C
244426739,218875996,2025-06-21,St. Paul,MN0620900,13A,B,B,U,M,21,,N,RU,Residence/Home,Home,Handgun,Other Major Injury,C
244426740,218875996,2025-06-21,St. Paul,MN0620900,13A,B,B,N,M,16,,N,RU,Residence/Home,Home,Handgun,Other Major Injury,C
237392219,212739506,2025-06-22,St. Paul,MN0620900,13A,W,W,N,M,35,,N,RU,Highway/Road/Alley/Street/Sidewalk,Street & Sidewalk,Motor Vehicle/Vessel,,C
237788315,213082768,2025-06-22,St. Paul,MN0620900,13A,U,U,N,M,40,,N,RU,Shelter-Mission/Homeless,Shelter,Blunt Object,Minor Injury,C
238056272,213320373,2025-06-22,St. Paul,MN0620900,13A,U,U,U,F,34,,N,OK,Highway/Road/Alley/Street/Sidewalk,Street & Sidewalk,Motor Vehicle/Vessel,Minor Injury,C
244431684,218880336,2025-06-22,St. Paul,MN0620900,13A,H,W,H,F,20,,Y,BG,Residence/Home,Home,Knife/Cutting Instrument,Minor Injury,C
238831742,213991660,2025-06-23,St. Paul,MN0620900,13A,B,B,N,F,32,,Y,BG,Residence/Home,Home,Asphyxiation,Unconscious,C
244356065,218813882,2025-06-23,St. Paul,MN0620900,13A,H,U,H,M,30,,N,ST;VO,Rental Storage Facility,Storage Facility,Blunt Object;Other,Minor Injury,C
244356066,218813882,2025-06-23,St. Paul,MN0620900,13A,U,U,U,M,34,,N,ST;VO,Rental Storage Facility,Storage Facility,Blunt Object;Other,,C
250040640,223784522,2025-06-23,St. Paul,MN0620900,13A,B,B,U,M,15,,N,RU,Highway/Road/Alley/Street/Sidewalk,Street & Sidewalk,Firearm,Other Major Injury,C
252239465,225704814,2025-06-23,St. Paul,MN0620900,13A,B,B,N,M,16,,N,RU,Residence/Home,Home,Firearm,Minor Injury,C
238549205,213747991,2025-06-24,St. Paul,MN0620900,13A,B,B,U,F,38,,N,RU,Residence/Home,Home,Personal Weapons,Severe Laceration,C
244376329,218831251,2025-06-24,St. Paul,MN0620900,13A,W,W,N,F,45,,Y,XS,Residence/Home,Home,Personal Weapons,Severe Laceration,C
238326110,213555679,2025-06-25,St. Paul,MN0620900,13A,U,U,U,F,50,,N,RU,Residence/Home,Home,Firearm,,C
237626277,212941662,2025-06-27,St. Paul,MN0620900,13A,W,W,N,M,38,,N,RU,Residence/Home,Home,Blunt Object;Other;Personal Weapons,Minor Injury,C
244376370,218831287,2025-06-28,St. Paul,MN0620900,13A,B,B,N,M,52,,N,RU,Residence/Home,Home,Knife/Cutting Instrument,Other Major Injury,C
246034398,220283927,2025-06-28,St. Paul,MN0620900,13A,H,W,H,M,47,,N,RU,Highway/Road/Alley/Street/Sidewalk,Street & Sidewalk,Firearm,Possible Internal Injury,C
252180666,225654091,2025-06-28,St. Paul,MN0620900,13A,B,B,N,M,25,,N,RU,Bar/Nightclub,Bar & Nightclub,Firearm,Minor Injury,C
252569190,225991918,2025-06-28,St. Paul,MN0620900,13A,B,B,N,M,34,,N,ST,Highway/Road/Alley/Street/Sidewalk,Street & Sidewalk,Rifle,,C
238059646,213323329,2025-06-30,St. Paul,MN0620900,13A,B,B,N,F,26,,Y,SE,Highway/Road/Alley/Street/Sidewalk,Street & Sidewalk,Handgun,Possible Internal Injury,C
238370703,213594228,2025-06-30,St. Paul,MN0620900,13A,W,W,U,F,35,,N,AQ,Residence/Home,Home,Blunt Object,Minor Injury,C
244376390,218831307,2025-06-30,St. Paul,MN0620900,13A,W,W,N,F,71,,N,AQ,Residence/Home,Home,Personal Weapons,Apparent Broken Bones,C
246034399,220283928,2025-06-30,St. Paul,MN0620900,13A,U,U,X,U,,,N,RU,Highway/Road/Alley/Street/Sidewalk,Street & Sidewalk,Firearm,,C
238060159,213323761,2025-07-01,St. Paul,MN0620900,13A,B,B,N,F,20,,N,RU,Residence/Home,Home,Blunt Object;Personal Weapons,Possible Internal Injury,C
244376408,218831320,2025-07-01,St. Paul,MN0620900,13A,B,B,N,F,46,,N,FR,Residence/Home,Home,Blunt Object,Minor Injury,C
244376409,218831321,2025-07-01,St. Paul,MN0620900,13A,W,W,N,M,33,,N,RU,Residence/Home,Home,Motor Vehicle/Vessel,Minor Injury,C
244376411,218831323,2025-07-01,St. Paul,MN0620900,13A,W,W,N,F,55,,N,OK,Drug Store/Doctor's Office/Hospital,Hospital & Clinic,Personal Weapons,Apparent Broken Bones,C
245641402,219943210,2025-07-01,St. Paul,MN0620900,13A,W,W,U,M,50,,N,RU,Highway/Road/Alley/Street/Sidewalk,Street & Sidewalk,Handgun,,C
238060747,213324275,2025-07-02,St. Paul,MN0620900,13A,B,B,N,F,28,,N,RU,Highway/Road/Alley/Street/Sidewalk,Street & Sidewalk,Blunt Object,Minor Injury,C
238060748,213324275,2025-07-02,St. Paul,MN0620900,13A,W,W,N,M,47,,N,RU,Highway/Road/Alley/Street/Sidewalk,Street & Sidewalk,Blunt Object,Minor Injury,C
245359173,219691997,2025-07-02,St. Paul,MN0620900,13A,B,B,N,U,16,,N,FR;RU,Residence/Home,Home,Shotgun,Minor Injury,C
250041082,223784910,2025-07-02,St. Paul,MN0620900,13A,B,B,N,F,24,,Y,XR,Residence/Home,Home,Firearm,,C
237827079,213116682,2025-07-03,St. Paul,MN0620900,13A,W,W,N,M,18,,N,RU,Parking/Drop Lot/Garage,Parking Lot,Personal Weapons,Other Major Injury,C
244683673,219099454,2025-07-03,St. Paul,MN0620900,13A,A,A,N,F,39,,Y,BG,Residence/Home,Home,Asphyxiation,Minor Injury,C
246200666,220428691,2025-07-03,St. Paul,MN0620900,13A,B,B,N,F,23,,N,OK;RU,Residence/Home,Home,Handgun,,C
246200667,220428691,2025-07-03,St. Paul,MN0620900,13A,B,B,N,F,18,,N,OK;RU,Residence/Home,Home,Handgun,,C
246200668,220428691,2025-07-03,St. Paul,MN0620900,13A,B,B,N,M,41,,N,AQ;VO,Residence/Home,Home,Handgun,,C
246200669,220428691,2025-07-03,St. Paul,MN0620900,13A,B,B,N,M,22,,N,AQ;CH,Residence/Home,Home,Handgun,,C
246200670,220428691,2025-07-03,St. Paul,MN0620900,13A,U,U,N,F,20,,N,OK;RU,Residence/Home,Home,Handgun,,C
246200671,220428691,2025-07-03,St. Paul,MN0620900,13A,B,B,N,M,21,,N,AQ;VO,Residence/Home,Home,Handgun,,C
252239466,225704815,2025-07-03,St. Paul,MN0620900,13A,W,W,N,M,37,,N,RU,Highway/Road/Alley/Street/Sidewalk,Street & Sidewalk,Firearm,,C
252239467,225704815,2025-07-03,St. Paul,MN0620900,13A,B,B,N,F,33,,N,RU,Highway/Road/Alley/Street/Sidewalk,Street & Sidewalk,Firearm,Minor Injury,C
238061203,213324682,2025-07-04,St. Paul,MN0620900,13A,B,B,N,F,36,,N,NE,Residence/Home,Home,Blunt Object,Minor Injury,C
238061204,213324682,2025-07-04,St. Paul,MN0620900,13A,B,B,N,M,35,,N,NE,Residence/Home,Home,Blunt Object,Minor Injury,C
238326569,213556067,2025-07-04,St. Paul,MN0620900,13A,H,W,H,M,26,,N,RU,Parking/Drop Lot/Garage,Parking Lot,Personal Weapons,Severe Laceration,C
244376438,218831346,2025-07-04,St. Paul,MN0620900,13A,B,B,N,F,46,,N,RU,Highway/Road/Alley/Street/Sidewalk,Street & Sidewalk,Firearm,,C
244376440,218831347,2025-07-04,St. Paul,MN0620900,13A,B,B,N,F,34,,N,RU,Highway/Road/Alley/Street/Sidewalk,Street & Sidewalk,Other,,C
245265664,219610127,2025-07-04,St. Paul,MN0620900,13A,B,B,N,F,23,,N,RU,Residence/Home,Home,Personal Weapons,Other Major Injury,C
245834570,220111929,2025-07-04,St. Paul,MN0620900,13A,B,B,N,M,44,,N,RU,Residence/Home,Home,Firearm,Other Major Injury,C
251219665,224812870,2025-07-05,St. Paul,MN0620900,13A,U,U,U,M,22,,N,RU,Other/Unknown,Other & Unknown,Firearm,Other Major Injury,C
251261466,224848593,2025-07-05,St. Paul,MN0620900,13A,B,B,N,M,44,,N,RU,Highway/Road/Alley/Street/Sidewalk,Street & Sidewalk,Knife/Cutting Instrument,Other Major Injury,C
238062367,213325677,2025-07-07,St. Paul,MN0620900,13A,B,B,N,F,37,,N,AQ;VO,Highway/Road/Alley/Street/Sidewalk,Street & Sidewalk,Firearm,,C
238062368,213325677,2025-07-07,St. Paul,MN0620900,13A,B,B,N,F,33,,N,AQ;RU;VO,Highway/Road/Alley/Street/Sidewalk,Street & Sidewalk,Firearm,,C
244376473,218831378,2025-07-07,St. Paul,MN0620900,13A,H,U,H,M,27,,N,RU,Parking/Drop Lot/Garage,Parking Lot,Unknown,Other Major Injury,C
246527342,220713305,2025-07-07,St. Paul,MN0620900,13A,B,B,N,F,24,,N,RU;SB,Residence/Home,Home,Firearm,,C
244376540,218831440,2025-07-08,St. Paul,MN0620900,13A,B,B,U,F,37,,N,RU,Highway/Road/Alley/Street/Sidewalk,Street & Sidewalk,Other,,C
244376535,218831436,2025-07-09,St. Paul,MN0620900,13A,B,B,U,M,43,,N,RU,Residence/Home,Home,Other;Personal Weapons,,C
238212797,213456168,2025-07-10,St. Paul,MN0620900,13A,U,U,X,U,,,N,RU,Highway/Road/Alley/Street/Sidewalk,Street & Sidewalk,Handgun,,C
238591336,213784856,2025-07-10,St. Paul,MN0620900,13A,U,U,U,M,56,,N,RU,Residence/Home,Home,Firearm,,C
238831806,213991720,2025-07-10,St. Paul,MN0620900,13A,A,A,N,M,55,,N,RU,Highway/Road/Alley/Street/Sidewalk,Street & Sidewalk,Firearm,,C
244376537,218831437,2025-07-10,St. Paul,MN0620900,13A,B,B,U,M,55,,N,RU,Highway/Road/Alley/Street/Sidewalk,Street & Sidewalk,Blunt Object,Minor Injury,C
244376543,218831441,2025-07-10,St. Paul,MN0620900,13A,U,U,U,F,20,,N,ST,Highway/Road/Alley/Street/Sidewalk,Street & Sidewalk,Personal Weapons,Possible Internal Injury,C
244376552,218831450,2025-07-10,St. Paul,MN0620900,13A,W,W,U,F,36,,N,RU,Highway/Road/Alley/Street/Sidewalk,Street & Sidewalk,Personal Weapons,Possible Internal Injury,C
252818997,226215630,2025-07-10,St. Paul,MN0620900,13A,W,W,N,M,36,,N,RU,Highway/Road/Alley/Street/Sidewalk,Street & Sidewalk,Knife/Cutting Instrument;Personal Weapons,Apparent Broken Bones;Other Major Injury,C
238328442,213557663,2025-07-11,St. Paul,MN0620900,13A,B,B,N,M,30,,N,RU,Residence/Home,Home,Blunt Object;Firearm,,C
238497139,213703686,2025-07-11,St. Paul,MN0620900,13A,B,B,N,M,24,,N,AQ;VO,Highway/Road/Alley/Street/Sidewalk,Street & Sidewalk,Firearm,,C
238497140,213703686,2025-07-11,St. Paul,MN0620900,13A,B,B,N,M,26,,N,AQ;FR;VO,Highway/Road/Alley/Street/Sidewalk,Street & Sidewalk,Firearm,,C
238579589,213774461,2025-07-11,St. Paul,MN0620900,13A,B,B,N,M,29,,N,OF;VO,Highway/Road/Alley/Street/Sidewalk,Street & Sidewalk,Firearm,,C
244427038,218876257,2025-07-11,St. Paul,MN0620900,13A,I,I,N,F,51,,N,RU,Restaurant,Restaurant,Motor Vehicle/Vessel,Other Major Injury,C
246183403,220413625,2025-07-11,St. Paul,MN0620900,13A,H,W,H,M,23,,N,ST,Grocery/Supermarket,Grocery Store,Handgun,Other Major Injury,C
246183404,220413625,2025-07-11,St. Paul,MN0620900,13A,H,W,H,U,49,,N,ST,Grocery/Supermarket,Grocery Store,Handgun,Other Major Injury,C
247885930,221898675,2025-07-11,St. Paul,MN0620900,13A,W,W,U,M,82,,N,ST,Parking/Drop Lot/Garage,Parking Lot,Knife/Cutting Instrument,Minor Injury,C
253045179,226412164,2025-07-11,St. Paul,MN0620900,13A,B,B,U,F,49,,N,RU,Residence/Home,Home,Handgun,,C
253045181,226412164,2025-07-11,St. Paul,MN0620900,13A,B,B,U,F,26,,N,RU,Residence/Home,Home,Handgun,,C
238371831,213595182,2025-07-12,St. Paul,MN0620900,13A,A,A,N,F,56,,N,ST,Residence/Home,Home,Blunt Object,Minor Injury,C
244714645,219126880,2025-07-12,St. Paul,MN0620900,13A,H,W,H,M,27,,N,ST,Park/Playground,Park & Playground,Knife/Cutting Instrument,Minor Injury;Other Major Injury;Unconscious,C
248677927,222596002,2025-07-12,St. Paul,MN0620900,13A,I,I,U,F,47,,Y,BG,Residence/Home,Home,Personal Weapons,Unconscious,C
244376678,218831551,2025-07-13,St. Paul,MN0620900,13A,W,W,N,M,44,,N,ST,Other/Unknown,Other & Unknown,Personal Weapons,Loss of Teeth,C
238592428,213785806,2025-07-14,St. Paul,MN0620900,13A,B,B,N,F,20,,N,RU,Residence/Home,Home,Asphyxiation;Personal Weapons,Minor Injury,C
238592433,213785811,2025-07-14,St. Paul,MN0620900,13A,W,W,U,F,24,,Y,BG,Residence/Home,Home,Asphyxiation,Possible Internal Injury,C
238831817,213991731,2025-07-15,St. Paul,MN0620900,13A,B,B,N,F,23,,Y,BG,Residence/Home,Home,Asphyxiation;Personal Weapons,Minor Injury,C
238831818,213991732,2025-07-15,St. Paul,MN0620900,13A,B,B,U,F,40,,N,RU,Highway/Road/Alley/Street/Sidewalk,Street & Sidewalk,Handgun,,C
244377096,218831938,2025-07-17,St. Paul,MN0620900,13A,B,B,U,M,39,,Y,BG,Residence/Home,Home,Blunt Object,Minor Injury,C
246597673,220775128,2025-07-17,St. Paul,MN0620900,13A,W,W,U,F,40,,N,ST,Drug Store/Doctor's Office/Hospital,Hospital & Clinic,Personal Weapons,Possible Internal Injury,C
249733301,223512236,2025-07-18,St. Paul,MN0620900,13A,B,B,U,M,64,,N,FR,Residence/Home,Home,Blunt Object,Minor Injury,C
252180765,225654175,2025-07-18,St. Paul,MN0620900,13A,B,B,N,M,61,,N,FR;RU,Highway/Road/Alley/Street/Sidewalk,Street & Sidewalk,Firearm,Minor Injury;Other Major Injury,C
238831832,213991745,2025-07-19,St. Paul,MN0620900,13A,U,U,U,M,65,,N,RU,Residence/Home,Home,Blunt Object,,C
238831833,213991745,2025-07-19,St. Paul,MN0620900,13A,W,W,N,M,55,,N,RU,Residence/Home,Home,Blunt Object,,C
251464694,225027570,2025-07-19,St. Paul,MN0620900,13A,B,B,N,M,61,,N,RU,Residence/Home,Home,Blunt Object,,C
252239469,225704816,2025-07-19,St. Paul,MN0620900,13A,B,B,N,M,28,,N,RU;VO,Highway/Road/Alley/Street/Sidewalk,Street & Sidewalk,Firearm,,C
252239470,225704816,2025-07-19,St. Paul,MN0620900,13A,B,B,N,M,22,,N,RU;VO,Highway/Road/Alley/Street/Sidewalk,Street & Sidewalk,Firearm,Other Major Injury,C
242622712,217301934,2025-07-20,St. Paul,MN0620900,13A,W,W,U,M,46,,N,ST,Shelter-Mission/Homeless,Shelter,Blunt Object;Personal Weapons,Minor Injury,C
244377153,218831984,2025-07-20,St. Paul,MN0620900,13A,B,B,N,F,43,,N,RU,Parking/Drop Lot/Garage,Parking Lot,Firearm,,C
252239471,225704817,2025-07-20,St. Paul,MN0620900,13A,B,B,N,M,15,,N,RU,Highway/Road/Alley/Street/Sidewalk,Street & Sidewalk,Handgun,Other Major Injury,C
238700404,213879056,2025-07-21,St. Paul,MN0620900,13A,W,W,N,F,55,,N,RU,Highway/Road/Alley/Street/Sidewalk,Street & Sidewalk,Blunt Object,,C
244377182,218832005,2025-07-21,St. Paul,MN0620900,13A,A,A,N,M,21,,N,RU,Residence/Home,Home,Knife/Cutting Instrument,Severe Laceration,C
245359187,219692010,2025-07-21,St. Paul,MN0620900,13A,B,B,N,M,40,,N,RU,Other/Unknown,Other & Unknown,Firearm,,C
252975941,226351819,2025-07-21,St. Paul,MN0620900,13A,B,B,N,M,40,,N,RU,Residence/Home,Home,Firearm,Other Major Injury,C
244377184,218832007,2025-07-22,St. Paul,MN0620900,13A,A,A,N,M,16,,N,RU,Residence/Home,Home,Firearm,Minor Injury,C
238831859,213991768,2025-07-23,St. Paul,MN0620900,13A,B,B,N,F,26,,Y,BG,Highway/Road/Alley/Street/Sidewalk,Street & Sidewalk,Knife/Cutting Instrument,Minor Injury,C
244377370,218832180,2025-07-23,St. Paul,MN0620900,13A,W,W,N,M,56,,N,RU,Highway/Road/Alley/Street/Sidewalk,Street & Sidewalk,Knife/Cutting Instrument,,C
245641414,219943220,2025-07-23,St. Paul,MN0620900,13A,W,W,U,M,42,,N,RU,Highway/Road/Alley/Street/Sidewalk,Street & Sidewalk,Handgun,,C
238831882,213991786,2025-07-24,St. Paul,MN0620900,13A,B,B,N,M,52,,N,AQ,Highway/Road/Alley/Street/Sidewalk,Street & Sidewalk,Blunt Object,Minor Injury,C
238831886,213991789,2025-07-24,St. Paul,MN0620900,13A,B,B,N,M,37,,N,RU,Highway/Road/Alley/Street/Sidewalk,Street & Sidewalk,Other,Minor Injury,C
242616619,217296528,2025-07-24,St. Paul,MN0620900,13A,A,A,N,F,38,,N,AQ,Residence/Home,Home,Asphyxiation;Personal Weapons,Possible Internal Injury,C
244377729,218832494,2025-07-24,St. Paul,MN0620900,13A,B,B,N,F,2,,N,RU,Highway/Road/Alley/Street/Sidewalk,Street & Sidewalk,Motor Vehicle/Vessel,Minor Injury,C
246935274,221077880,2025-07-24,St. Paul,MN0620900,13A,W,W,N,M,71,,N,RU,Residence/Home,Home,Motor Vehicle/Vessel,,C
245777462,220062045,2025-07-25,St. Paul,MN0620900,13A,B,B,N,M,18,,N,CH,Highway/Road/Alley/Street/Sidewalk,Street & Sidewalk,Firearm,Minor Injury,C
244356071,218813887,2025-07-26,St. Paul,MN0620900,13A,B,B,N,U,56,,N,RU,Residence/Home,Home,Knife/Cutting Instrument,Minor Injury,C
244356078,218813893,2025-07-26,St. Paul,MN0620900,13A,B,B,N,M,34,,N,ST,Highway/Road/Alley/Street/Sidewalk,Street & Sidewalk,Knife/Cutting Instrument,,C
244377976,218832726,2025-07-26,St. Paul,MN0620900,13A,B,B,U,F,55,,Y,BG,Residence/Home,Home,Blunt Object,Minor Injury,C
249514984,223322336,2025-07-26,St. Paul,MN0620900,13A,B,B,N,M,21,,N,RU,Highway/Road/Alley/Street/Sidewalk,Street & Sidewalk,Firearm,Other Major Injury,C
244016298,218513243,2025-07-27,St. Paul,MN0620900,13A,A,A,N,M,40,,N,RU,Residence/Home,Home,Knife/Cutting Instrument,Other Major Injury,C
244356110,218813925,2025-07-27,St. Paul,MN0620900,13A,W,W,N,F,18,,N,RU,Highway/Road/Alley/Street/Sidewalk,Street & Sidewalk,Handgun,,C
246597676,220775131,2025-07-27,St. Paul,MN0620900,13A,B,B,N,F,32,,Y,BG,Hotel/Motel/Etc.,Hotel & Motel,Personal Weapons,Possible Internal Injury,C
244391883,218845025,2025-07-28,St. Paul,MN0620900,13A,B,B,N,F,22,,N,SB,Residence/Home,Home,Knife/Cutting Instrument,,C
244391916,218845057,2025-07-28,St. Paul,MN0620900,13A,B,B,N,F,37,,Y,BG,Residence/Home,Home,Personal Weapons,Unconscious,C
244391922,218845063,2025-07-28,St. Paul,MN0620900,13A,H,B,H,F,31,,Y,RU;XR,Residence/Home,Home,Knife/Cutting Instrument,,C
244391930,218845071,2025-07-29,St. Paul,MN0620900,13A,U,U,U,F,26,,Y,BG,Shelter-Mission/Homeless,Shelter,Knife/Cutting Instrument,,C
244391939,218845080,2025-07-29,St. Paul,MN0620900,13A,U,U,U,F,44,,Y,BG,Highway/Road/Alley/Street/Sidewalk,Street & Sidewalk,Blunt Object,Minor Injury,C
244391984,218845118,2025-07-29,St. Paul,MN0620900,13A,B,B,N,M,30,,N,AQ,Highway/Road/Alley/Street/Sidewalk,Street & Sidewalk,Other,,C
244816804,219216976,2025-07-30,St. Paul,MN0620900,13A,U,U,U,M,16,,N,RU,Highway/Road/Alley/Street/Sidewalk,Street & Sidewalk,Handgun,,C
244393517,218846431,2025-07-31,St. Paul,MN0620900,13A,B,B,U,F,37,,N,RU,Highway/Road/Alley/Street/Sidewalk,Street & Sidewalk,Other,Minor Injury,C
244393615,218846513,2025-07-31,St. Paul,MN0620900,13A,W,W,U,M,26,,N,NE,Highway/Road/Alley/Street/Sidewalk,Street & Sidewalk,Personal Weapons,Severe Laceration,C
246131977,220367722,2025-07-31,St. Paul,MN0620900,13A,U,U,U,F,34,,N,OK,Residence/Home,Home,,Unconscious,C
246935360,221077957,2025-07-31,St. Paul,MN0620900,13A,B,B,N,F,44,,N,NE;RU,Other/Unknown,Other & Unknown,Firearm,Minor Injury;Other Major Injury,C
247732543,221765147,2025-07-31,St. Paul,MN0620900,13A,B,B,N,M,17,,N,SB,Residence/Home,Home,Firearm,Other Major Injury,C
244395069,218847789,2025-08-02,St. Paul,MN0620900,13A,B,B,N,F,21,,N,SB,Residence/Home,Home,Personal Weapons,Possible Internal Injury,C
244395081,218847799,2025-08-02,St. Paul,MN0620900,13A,B,B,N,F,31,,N,RU,Residence/Home,Home,Blunt Object,Severe Laceration,C
249514985,223322337,2025-08-02,St. Paul,MN0620900,13A,B,B,N,F,47,,N,RU,Residence/Home,Home,Firearm,,C
249514986,223322337,2025-08-02,St. Paul,MN0620900,13A,B,B,N,M,54,,N,RU,Residence/Home,Home,Firearm,,C
249514987,223322338,2025-08-02,St. Paul,MN0620900,13A,A,A,N,M,17,,N,RU,Highway/Road/Alley/Street/Sidewalk,Street & Sidewalk,Firearm,Possible Internal Injury,C
244395118,218847833,2025-08-03,St. Paul,MN0620900,13A,B,B,N,F,19,,N,RU,Residence/Home,Home,Other,,C
244844020,219239090,2025-08-03,St. Paul,MN0620900,13A,B,B,N,F,52,,N,RU,Residence/Home,Home,Knife/Cutting Instrument,Other Major Injury,C
247452130,221526255,2025-08-03,St. Paul,MN0620900,13A,B,B,N,F,28,,Y,BG,Highway/Road/Alley/Street/Sidewalk,Street & Sidewalk,Motor Vehicle/Vessel,Minor Injury,C
244410962,218862311,2025-08-05,St. Paul,MN0620900,13A,B,B,N,F,38,,Y,XS,Residence/Home,Home,Other,,C
246598945,220776283,2025-08-05,St. Paul,MN0620900,13A,B,B,N,F,24,,N,RU;SB,Residence/Home,Home,Asphyxiation;Personal Weapons,Possible Internal Injury;Unconscious,C
244411066,218862410,2025-08-06,St. Paul,MN0620900,13A,W,W,N,M,54,,N,ST,Highway/Road/Alley/Street/Sidewalk,Street & Sidewalk,Blunt Object,Minor Injury,C
247732546,221765149,2025-08-06,St. Paul,MN0620900,13A,W,W,N,M,38,,N,RU;ST,Highway/Road/Alley/Street/Sidewalk,Street & Sidewalk,Knife/Cutting Instrument,Minor Injury,C
244356139,218813952,2025-08-07,St. Paul,MN0620900,13A,A,A,N,M,31,,N,SS,Residence/Home,Home,Personal Weapons,Severe Laceration,C
244356351,218814140,2025-08-08,St. Paul,MN0620900,13A,W,W,N,M,47,,N,RU,Bar/Nightclub,Bar & Nightclub,Other,,C
244411818,218863086,2025-08-08,St. Paul,MN0620900,13A,B,B,N,M,61,,N,ST,Service/Gas Station,Gas Station,Blunt Object,,C
244415760,218866463,2025-08-09,St. Paul,MN0620900,13A,U,U,U,M,20,,N,RU,Residence/Home,Home,Firearm,Minor Injury,C
244929052,219315584,2025-08-09,St. Paul,MN0620900,13A,B,B,N,F,64,,N,RU,Residence/Home,Home,Firearm,,C
244929053,219315584,2025-08-09,St. Paul,MN0620900,13A,B,B,N,M,34,,N,RU,Residence/Home,Home,Firearm,,C
244356185,218813989,2025-08-10,St. Paul,MN0620900,13A,W,W,N,F,65,,N,ST,Shelter-Mission/Homeless,Shelter,Blunt Object,Minor Injury,C
244415781,218866483,2025-08-10,St. Paul,MN0620900,13A,B,B,N,F,49,,N,AQ,Highway/Road/Alley/Street/Sidewalk,Street & Sidewalk,Blunt Object,Minor Injury,C
244415782,218866484,2025-08-10,St. Paul,MN0620900,13A,B,B,N,F,25,,Y,BG,Residence/Home,Home,Personal Weapons,Possible Internal Injury,C
244415783,218866485,2025-08-10,St. Paul,MN0620900,13A,B,B,N,M,58,,N,AQ,Residence/Home,Home,Blunt Object,Minor Injury,C
244415784,218866486,2025-08-10,St. Paul,MN0620900,13A,B,B,N,M,31,,N,RU,Highway/Road/Alley/Street/Sidewalk,Street & Sidewalk,Firearm,,C
244356208,218814012,2025-08-11,St. Paul,MN0620900,13A,B,B,N,M,33,,N,RU,Residence/Home,Home,Blunt Object,Severe Laceration,C
244356210,218814014,2025-08-11,St. Paul,MN0620900,13A,W,W,N,F,36,,N,AQ,Highway/Road/Alley/Street/Sidewalk,Street & Sidewalk,,Other Major Injury,C
244415795,218866495,2025-08-11,St. Paul,MN0620900,13A,A,A,N,M,47,,N,RU,Residence/Home,Home,Blunt Object,Minor Injury,C
246295822,220511427,2025-08-11,St. Paul,MN0620900,13A,W,W,N,F,38,,N,RU,Residence/Home,Home,Firearm,Other Major Injury,C
246598947,220776285,2025-08-11,St. Paul,MN0620900,13A,B,B,N,M,48,,Y,BG,Residence/Home,Home,Blunt Object,Minor Injury,C
244415825,218866519,2025-08-12,St. Paul,MN0620900,13A,B,B,N,F,36,,N,FR,Residence/Home,Home,Knife/Cutting Instrument,Severe Laceration,C
244421367,218871347,2025-08-12,St. Paul,MN0620900,13A,W,W,N,M,64,,N,RU,Highway/Road/Alley/Street/Sidewalk,Street & Sidewalk,Other,Minor Injury,C
244421398,218871372,2025-08-12,St. Paul,MN0620900,13A,W,W,U,F,62,,N,RU,Other/Unknown,Other & Unknown,Handgun,,C
244421385,218871360,2025-08-13,St. Paul,MN0620900,13A,B,B,N,M,49,,Y,SE,Residence/Home,Home,Knife/Cutting Instrument,,C
244421403,218871376,2025-08-13,St. Paul,MN0620900,13A,B,B,N,M,28,,N,RU,Other/Unknown,Other & Unknown,Knife/Cutting Instrument,,C
245834593,220111951,2025-08-14,St. Paul,MN0620900,13A,B,B,N,M,33,,N,RU,Highway/Road/Alley/Street/Sidewalk,Street & Sidewalk,Personal Weapons,Severe Laceration,C
244421468,218871439,2025-08-15,St. Paul,MN0620900,13A,B,B,N,M,36,,N,RU,Highway/Road/Alley/Street/Sidewalk,Street & Sidewalk,Knife/Cutting Instrument,Minor Injury,C
244421499,218871463,2025-08-15,St. Paul,MN0620900,13A,B,B,N,F,21,,N,RU,Residence/Home,Home,Firearm,,C
244421500,218871463,2025-08-15,St. Paul,MN0620900,13A,B,B,N,M,19,,N,RU,Residence/Home,Home,Firearm,,C
244421501,218871463,2025-08-15,St. Paul,MN0620900,13A,B,B,N,F,38,,N,RU,Residence/Home,Home,Firearm,,C
244421502,218871463,2025-08-15,St. Paul,MN0620900,13A,B,B,N,M,1,,N,RU,Residence/Home,Home,Firearm,,C
248856704,222751448,2025-08-15,St. Paul,MN0620900,13A,B,B,N,F,18,,Y,BG,Residence/Home,Home,Handgun (Automatic),Possible Internal Injury,C
246034414,220283941,2025-08-16,St. Paul,MN0620900,13A,A,A,N,M,62,,N,RU,Parking/Drop Lot/Garage,Parking Lot,Personal Weapons,Other Major Injury;Unconscious,C
244421565,218871519,2025-08-17,St. Paul,MN0620900,13A,B,B,N,M,49,,N,AQ,Highway/Road/Alley/Street/Sidewalk,Street & Sidewalk,Firearm,,C
244421592,218871542,2025-08-17,St. Paul,MN0620900,13A,B,B,N,M,62,,N,NE,Highway/Road/Alley/Street/Sidewalk,Street & Sidewalk,Handgun,,C
244421612,218871560,2025-08-17,St. Paul,MN0620900,13A,B,B,N,M,49,,N,ST,Highway/Road/Alley/Street/Sidewalk,Street & Sidewalk,Blunt Object,Minor Injury,C
244731000,219141163,2025-08-17,St. Paul,MN0620900,13A,W,W,N,M,33,,N,RU,Residence/Home,Home,Other,Minor Injury,C
244816816,219216986,2025-08-17,St. Paul,MN0620900,13A,W,W,U,M,45,,N,RU,Residence/Home,Home,Firearm,,C
247732558,221765159,2025-08-17,St. Paul,MN0620900,13A,U,U,N,M,27,,Y,SE,Residence/Home,Home,Knife/Cutting Instrument,Minor Injury,C
249744950,223522009,2025-08-17,St. Paul,MN0620900,13A,W,W,N,M,34,,N,ST,Grocery/Supermarket,Grocery Store,Blunt Object,,C
244421657,218871602,2025-08-18,St. Paul,MN0620900,13A,B,B,U,M,16,,N,RU,Residence/Home,Home,Other,,C
244421666,218871611,2025-08-18,St. Paul,MN0620900,13A,B,B,U,F,24,,N,RU,Highway/Road/Alley/Street/Sidewalk,Street & Sidewalk,Handgun,,C
244421667,218871611,2025-08-18,St. Paul,MN0620900,13A,W,W,U,M,35,,N,RU,Highway/Road/Alley/Street/Sidewalk,Street & Sidewalk,Handgun,,C
244421669,218871613,2025-08-19,St. Paul,MN0620900,13A,B,B,N,F,24,,Y,XR,Highway/Road/Alley/Street/Sidewalk,Street & Sidewalk,Personal Weapons,Other Major Injury,C
244421671,218871614,2025-08-19,St. Paul,MN0620900,13A,W,W,N,U,29,,N,ST,Highway/Road/Alley/Street/Sidewalk,Street & Sidewalk,Other Firearm,,C
244356239,218814041,2025-08-20,St. Paul,MN0620900,13A,B,B,N,F,7,,N,RU,Park/Playground,Park & Playground,Personal Weapons,Possible Internal Injury,C
244356241,218814043,2025-08-20,St. Paul,MN0620900,13A,U,U,U,F,47,,Y,XR,Residence/Home,Home,Handgun,,C
244356252,218814053,2025-08-21,St. Paul,MN0620900,13A,H,U,H,F,32,,Y,SE,Highway/Road/Alley/Street/Sidewalk,Street & Sidewalk,Knife/Cutting Instrument,Minor Injury,C
244356260,218814060,2025-08-21,St. Paul,MN0620900,13A,B,B,N,M,41,,N,RU,Residence/Home,Home,Blunt Object,Minor Injury,C
244421877,218871806,2025-08-22,St. Paul,MN0620900,13A,W,W,U,M,67,,N,RU,Park/Playground,Park & Playground,Handgun,,C
244421918,218871843,2025-08-23,St. Paul,MN0620900,13A,W,W,N,M,66,,N,RU,Shelter-Mission/Homeless,Shelter,Personal Weapons,Loss of Teeth;Unconscious,C
245359530,219692302,2025-08-23,St. Paul,MN0620900,13A,B,B,N,F,23,,Y,BG;RU,Residence/Home,Home,Knife/Cutting Instrument;Personal Weapons,Minor Injury,C
245777467,220062050,2025-08-23,St. Paul,MN0620900,13A,W,W,U,M,59,,N,RU,Highway/Road/Alley/Street/Sidewalk,Street & Sidewalk,Knife/Cutting Instrument,Possible Internal Injury;Severe Laceration,C
246599099,220776405,2025-08-23,St. Paul,MN0620900,13A,A,A,N,F,22,,Y,BG,Residence/Home,Home,Asphyxiation;Personal Weapons,Possible Internal Injury,C
244421936,218871859,2025-08-24,St. Paul,MN0620900,13A,A,A,N,F,33,,N,RU,Bar/Nightclub,Bar & Nightclub,Other,Apparent Broken Bones,C
244421940,218871863,2025-08-24,St. Paul,MN0620900,13A,B,B,N,M,47,,N,OF;VO,Residence/Home,Home,Knife/Cutting Instrument,Other Major Injury,C
244421941,218871863,2025-08-24,St. Paul,MN0620900,13A,B,B,N,M,22,,N,OF;VO,Residence/Home,Home,Knife/Cutting Instrument,Other Major Injury,C
252181030,225654397,2025-08-24,St. Paul,MN0620900,13A,B,B,N,M,18,,N,RU,Residence/Home,Home,Firearm,Other Major Injury,C
252181031,225654397,2025-08-24,St. Paul,MN0620900,13A,B,B,N,M,18,,N,RU,Residence/Home,Home,Firearm,Other Major Injury,C
253897717,227163856,2025-08-24,St. Paul,MN0620900,13A,B,B,U,M,34,,N,RU,Highway/Road/Alley/Street/Sidewalk,Street & Sidewalk,Handgun,Other Major Injury,C
244422015,218871930,2025-08-25,St. Paul,MN0620900,13A,W,W,N,F,24,,N,RU,Bar/Nightclub,Bar & Nightclub,Handgun,,C
244422016,218871930,2025-08-25,St. Paul,MN0620900,13A,W,W,N,F,32,,N,RU,Bar/Nightclub,Bar & Nightclub,Handgun,,C
244422036,218871948,2025-08-26,St. Paul,MN0620900,13A,B,B,N,F,31,,N,AQ,Highway/Road/Alley/Street/Sidewalk,Street & Sidewalk,Blunt Object,Minor Injury,C
244422037,218871949,2025-08-26,St. Paul,MN0620900,13A,H,W,H,M,19,,Y,XR,Residence/Home,Home,Knife/Cutting Instrument,Minor Injury,C
244422061,218871970,2025-08-26,St. Paul,MN0620900,13A,W,W,N,M,65,,N,RU,Residence/Home,Home,Personal Weapons,Possible Internal Injury;Unconscious,C
246117230,220355472,2025-08-26,St. Paul,MN0620900,13A,H,U,H,M,31,,N,RU;VO,Highway/Road/Alley/Street/Sidewalk,Street & Sidewalk,Knife/Cutting Instrument,Minor Injury,C
244422451,218872311,2025-08-28,St. Paul,MN0620900,13A,B,B,N,M,36,,Y,SE,Residence/Home,Home,Knife/Cutting Instrument,Minor Injury,C
244422486,218872342,2025-08-28,St. Paul,MN0620900,13A,B,B,N,M,61,,N,RU;VO,Residence/Home,Home,Knife/Cutting Instrument,Severe Laceration,C
248600038,222527234,2025-08-29,St. Paul,MN0620900,13A,W,W,N,M,48,,N,RU,Residence/Home,Home,Blunt Object,Severe Laceration,C
244356271,218814070,2025-08-30,St. Paul,MN0620900,13A,B,B,N,F,22,,N,AQ,Parking/Drop Lot/Garage,Parking Lot,Blunt Object,Minor Injury,C
244356272,218814071,2025-08-30,St. Paul,MN0620900,13A,B,B,U,M,54,,N,RU,Highway/Road/Alley/Street/Sidewalk,Street & Sidewalk,Other,Other Major Injury,C
249733460,223512369,2025-08-30,St. Paul,MN0620900,13A,U,U,N,F,27,,N,AQ;RU,Residence/Home,Home,Knife/Cutting Instrument,Severe Laceration,C
244356302,218814097,2025-08-31,St. Paul,MN0620900,13A,B,B,N,M,35,,N,OK,Residence/Home,Home,Blunt Object,Minor Injury,C
244424388,218873987,2025-08-31,St. Paul,MN0620900,13A,B,B,N,F,27,,Y,XR,Parking/Drop Lot/Garage,Parking Lot,Asphyxiation,Minor Injury,C
244844023,219239093,2025-08-31,St. Paul,MN0620900,13A,W,W,N,M,25,,N,RU,Highway/Road/Alley/Street/Sidewalk,Street & Sidewalk,Personal Weapons,Apparent Broken Bones,C
246684136,220851919,2025-08-31,St. Paul,MN0620900,13A,W,W,N,F,28,,N,RU,Residence/Home,Home,Asphyxiation;Personal Weapons,Minor Injury,C
246685807,220853397,2025-08-31,St. Paul,MN0620900,13A,B,B,N,F,18,,Y,BG,Residence/Home,Home,Personal Weapons,Possible Internal Injury,C
244424559,218874122,2025-09-01,St. Paul,MN0620900,13A,H,W,H,M,28,,N,RU,Highway/Road/Alley/Street/Sidewalk,Street & Sidewalk,Firearm,,C
244424560,218874122,2025-09-01,St. Paul,MN0620900,13A,H,W,H,F,2,,N,RU,Highway/Road/Alley/Street/Sidewalk,Street & Sidewalk,Firearm,,C
244424561,218874122,2025-09-01,St. Paul,MN0620900,13A,H,W,H,F,11,,N,RU,Highway/Road/Alley/Street/Sidewalk,Street & Sidewalk,Firearm,,C
244424562,218874122,2025-09-01,St. Paul,MN0620900,13A,W,W,N,F,25,,N,RU,Highway/Road/Alley/Street/Sidewalk,Street & Sidewalk,Firearm,,C
244424614,218874160,2025-09-01,St. Paul,MN0620900,13A,B,B,N,M,65,,Y,BG,Other/Unknown,Other & Unknown,Other;Personal Weapons,Other Major Injury;Unconscious,C
244424607,218874154,2025-09-02,St. Paul,MN0620900,13A,A,A,N,F,43,,N,RU,Residence/Home,Home,Knife/Cutting Instrument,,C
244424610,218874156,2025-09-02,St. Paul,MN0620900,13A,B,B,N,F,48,,N,RU,Highway/Road/Alley/Street/Sidewalk,Street & Sidewalk,Knife/Cutting Instrument,,C
244424616,218874162,2025-09-02,St. Paul,MN0620900,13A,H,U,H,M,20,,N,ST,Parking/Drop Lot/Garage,Parking Lot,Knife/Cutting Instrument,Minor Injury,C
244424617,218874162,2025-09-02,St. Paul,MN0620900,13A,H,W,H,M,20,,N,ST,Parking/Drop Lot/Garage,Parking Lot,Knife/Cutting Instrument,,C
244424619,218874162,2025-09-02,St. Paul,MN0620900,13A,W,W,U,F,50,,N,ST,Parking/Drop Lot/Garage,Parking Lot,Knife/Cutting Instrument,,C
244424751,218874278,2025-09-03,St. Paul,MN0620900,13A,B,B,N,F,20,,Y,XR,Residence/Home,Home,Handgun,,C
244844024,219239094,2025-09-03,St. Paul,MN0620900,13A,B,B,N,M,42,,N,RU,Highway/Road/Alley/Street/Sidewalk,Street & Sidewalk,Firearm,,C
244424780,218874304,2025-09-04,St. Paul,MN0620900,13A,W,W,U,M,3,,N,RU,Daycare Facility,Daycare Facility,Personal Weapons,Minor Injury,C
244424785,218874309,2025-09-04,St. Paul,MN0620900,13A,W,W,U,M,61,,N,FR,Residence/Home,Home,Blunt Object;Personal Weapons,Minor Injury,C
245359597,219692354,2025-09-04,St. Paul,MN0620900,13A,A,A,N,M,15,,N,AQ,School-Elementary/Secondary,K-12 School,Blunt Object,Minor Injury,C
247050036,221175734,2025-09-04,St. Paul,MN0620900,13A,U,U,U,F,25,,N,RU,Residence/Home,Home,,Possible Internal Injury,C
244702294,219116046,2025-09-05,St. Paul,MN0620900,13A,B,B,N,F,52,,N,RU,Residence/Home,Home,Other,,C
246295850,220511452,2025-09-05,St. Paul,MN0620900,13A,W,W,N,M,56,,N,RU,Residence/Home,Home,Knife/Cutting Instrument,Severe Laceration,C
248965048,222845951,2025-09-05,St. Paul,MN0620900,13A,A,A,N,M,16,,N,OK;RU,School-Elementary/Secondary,K-12 School,Personal Weapons,Apparent Broken Bones,C
244424913,218874415,2025-09-06,St. Paul,MN0620900,13A,W,W,N,F,25,,N,RU,Highway/Road/Alley/Street/Sidewalk,Street & Sidewalk,Personal Weapons,Loss of Teeth,C
244424926,218874426,2025-09-06,St. Paul,MN0620900,13A,U,U,N,M,39,,N,RU,Highway/Road/Alley/Street/Sidewalk,Street & Sidewalk,Blunt Object,Minor Injury,C
244816828,219216995,2025-09-06,St. Paul,MN0620900,13A,W,W,N,M,20,,N,RU,Residence/Home,Home,Firearm;Personal Weapons,Minor Injury,C
244424945,218874444,2025-09-07,St. Paul,MN0620900,13A,W,W,U,M,60,,N,ST,Convenience Store,Convenience Store,Firearm,,C
244424960,218874456,2025-09-07,St. Paul,MN0620900,13A,B,B,N,M,40,,N,RU,Residence/Home,Home,Knife/Cutting Instrument,,C
244715230,219127377,2025-09-07,St. Paul,MN0620900,13A,W,W,N,M,22,,N,RU,Other/Unknown,Other & Unknown,Firearm,,C
244424994,218874490,2025-09-08,St. Paul,MN0620900,13A,B,B,N,M,26,,N,OK,Residence/Home,Home,Handgun,Minor Injury,C
244683811,219099582,2025-09-08,St. Paul,MN0620900,13A,W,W,N,M,26,,N,RU,Highway/Road/Alley/Street/Sidewalk,Street & Sidewalk,Handgun,,C
246183216,220413471,2025-09-08,St. Paul,MN0620900,13A,W,W,N,F,41,,N,RU,Residence/Home,Home,Handgun,,C
244425052,218874544,2025-09-09,St. Paul,MN0620900,13A,B,B,U,M,60,,N,AQ,Highway/Road/Alley/Street/Sidewalk,Street & Sidewalk,Blunt Object,Minor Injury,C
244425057,218874548,2025-09-09,St. Paul,MN0620900,13A,W,W,U,M,66,,N,RU,Residence/Home,Home,Knife/Cutting Instrument,,C
244425065,218874555,2025-09-09,St. Paul,MN0620900,13A,W,W,N,F,47,,N,OK,Residence/Home,Home,Handgun,,C
246935717,221078255,2025-09-09,St. Paul,MN0620900,13A,B,B,N,F,49,,Y,XS,Residence/Home,Home,Asphyxiation;Personal Weapons,,C
244425241,218874688,2025-09-10,St. Paul,MN0620900,13A,B,B,N,M,49,,N,ST,Convenience Store,Convenience Store,Firearm,,C
247732573,221765173,2025-09-10,St. Paul,MN0620900,13A,B,B,N,M,57,,N,AQ,Other/Unknown,Other & Unknown,Knife/Cutting Instrument,Possible Internal Injury;Severe Laceration,C
244425635,218875071,2025-09-11,St. Paul,MN0620900,13A,W,W,U,M,37,,N,ST,Highway/Road/Alley/Street/Sidewalk,Street & Sidewalk,Handgun,,C
244427276,218876456,2025-09-11,St. Paul,MN0620900,13A,B,B,N,M,22,,N,RU,Camp/Campground,Campground,Unknown,Minor Injury,C
246697595,220863436,2025-09-11,St. Paul,MN0620900,13A,B,B,N,M,67,,Y,BG,Residence/Home,Home,Knife/Cutting Instrument,Minor Injury,C
250299370,224010080,2025-09-11,St. Paul,MN0620900,13A,B,B,U,F,55,,Y,BG,Residence/Home,Home,Asphyxiation;Personal Weapons,Minor Injury,C
244427403,218876572,2025-09-14,St. Paul,MN0620900,13A,B,B,N,M,44,,N,RU,Residence/Home,Home,Blunt Object,Possible Internal Injury,C
244431706,218880354,2025-09-14,St. Paul,MN0620900,13A,U,U,U,M,44,,N,OF,Highway/Road/Alley/Street/Sidewalk,Street & Sidewalk,Handgun,,C
250114344,223848642,2025-09-14,St. Paul,MN0620900,13A,B,B,N,F,52,,N,RU,Residence/Home,Home,Knife/Cutting Instrument,Severe Laceration,C
245641776,219943544,2025-09-15,St. Paul,MN0620900,13A,W,W,N,F,69,,N,RU,Highway/Road/Alley/Street/Sidewalk,Street & Sidewalk,Knife/Cutting Instrument,Severe Laceration,C
248600121,222527311,2025-09-15,St. Paul,MN0620900,13A,U,U,U,M,39,,N,ST,Highway/Road/Alley/Street/Sidewalk,Street & Sidewalk,Motor Vehicle/Vessel,,C
248600122,222527311,2025-09-15,St. Paul,MN0620900,13A,U,U,U,M,36,,N,ST,Highway/Road/Alley/Street/Sidewalk,Street & Sidewalk,Motor Vehicle/Vessel,,C
248600123,222527311,2025-09-15,St. Paul,MN0620900,13A,U,U,U,M,38,,N,ST,Highway/Road/Alley/Street/Sidewalk,Street & Sidewalk,Motor Vehicle/Vessel,,C
248600124,222527311,2025-09-15,St. Paul,MN0620900,13A,U,U,U,M,23,,N,ST,Highway/Road/Alley/Street/Sidewalk,Street & Sidewalk,Motor Vehicle/Vessel,,C
248600125,222527311,2025-09-15,St. Paul,MN0620900,13A,U,U,U,M,36,,N,ST,Highway/Road/Alley/Street/Sidewalk,Street & Sidewalk,Motor Vehicle/Vessel,,C
244427470,218876631,2025-09-16,St. Paul,MN0620900,13A,W,W,N,M,58,,N,AQ,Residence/Home,Home,Personal Weapons,Apparent Broken Bones,C
244427486,218876644,2025-09-16,St. Paul,MN0620900,13A,U,U,N,M,19,,N,ST,Highway/Road/Alley/Street/Sidewalk,Street & Sidewalk,Knife/Cutting Instrument,,C
244427487,218876644,2025-09-16,St. Paul,MN0620900,13A,B,B,N,M,21,,N,RU,Highway/Road/Alley/Street/Sidewalk,Street & Sidewalk,Knife/Cutting Instrument,Minor Injury,C
244427494,218876650,2025-09-16,St. Paul,MN0620900,13A,W,W,N,F,33,,N,RU,Residence/Home,Home,Blunt Object,Minor Injury,C
248078211,222071201,2025-09-16,St. Paul,MN0620900,13A,B,B,U,M,36,,N,RU,Bar/Nightclub,Bar & Nightclub,Handgun,Other Major Injury,C
251639310,225181318,2025-09-16,St. Paul,MN0620900,13A,B,B,N,F,24,,Y,BG,Residence/Home,Home,Asphyxiation;Personal Weapons,Minor Injury,C
244427533,218876684,2025-09-17,St. Paul,MN0620900,13A,B,B,U,M,65,,N,RU,Community Center,Community Center,Blunt Object,Minor Injury,C
245878994,220150401,2025-09-17,St. Paul,MN0620900,13A,W,W,U,F,32,,N,RU,Highway/Road/Alley/Street/Sidewalk,Street & Sidewalk,Firearm,,C
244427562,218876704,2025-09-18,St. Paul,MN0620900,13A,B,B,N,M,61,,Y,XR,Residence/Home,Home,Knife/Cutting Instrument,,C
244427592,218876731,2025-09-18,St. Paul,MN0620900,13A,B,B,N,M,29,,N,ST,Hotel/Motel/Etc.,Hotel & Motel,Knife/Cutting Instrument,,C
244427617,218876751,2025-09-18,St. Paul,MN0620900,13A,W,W,U,M,41,,N,AQ,Highway/Road/Alley/Street/Sidewalk,Street & Sidewalk,Other,Possible Internal Injury,C
244427628,218876762,2025-09-18,St. Paul,MN0620900,13A,B,B,N,M,67,,N,RU,Residence/Home,Home,Knife/Cutting Instrument,Minor Injury,C
244427629,218876762,2025-09-18,St. Paul,MN0620900,13A,B,B,N,F,27,,N,RU,Residence/Home,Home,Knife/Cutting Instrument,Minor Injury,C
244427630,218876762,2025-09-18,St. Paul,MN0620900,13A,B,B,N,F,43,,N,RU,Residence/Home,Home,Knife/Cutting Instrument,Minor Injury,C
245266524,219610895,2025-09-18,St. Paul,MN0620900,13A,B,B,N,F,34,,Y,BG,Residence/Home,Home,Asphyxiation,Minor Injury,C
247050112,221175804,2025-09-18,St. Paul,MN0620900,13A,H,U,H,M,12,,N,RU,Highway/Road/Alley/Street/Sidewalk,Street & Sidewalk,Other,Minor Injury,C
244427644,218876775,2025-09-19,St. Paul,MN0620900,13A,B,B,N,F,54,,N,PA,Parking/Drop Lot/Garage,Parking Lot,Asphyxiation,Apparent Broken Bones,C
244427650,218876780,2025-09-19,St. Paul,MN0620900,13A,W,W,N,M,65,,N,AQ,Residence/Home,Home,Blunt Object,,C
244427689,218876817,2025-09-19,St. Paul,MN0620900,13A,A,A,N,F,53,,N,RU,Specialty Store,Specialty Store,Personal Weapons,Apparent Broken Bones,C
245862332,220136117,2025-09-19,St. Paul,MN0620900,13A,B,B,N,F,36,,Y,XS,Highway/Road/Alley/Street/Sidewalk,Street & Sidewalk,Handgun,,C
244427717,218876838,2025-09-20,St. Paul,MN0620900,13A,B,B,U,F,21,,N,SC,Residence/Home,Home,Firearm,,C
244427730,218876849,2025-09-20,St. Paul,MN0620900,13A,B,B,N,M,2,,N,RU,Specialty Store,Specialty Store,Firearm;Handgun,,C
244427732,218876851,2025-09-20,St. Paul,MN0620900,13A,A,A,N,M,34,,N,AQ,Residence/Home,Home,Firearm,Minor Injury,C
244427735,218876854,2025-09-20,St. Paul,MN0620900,13A,B,B,N,M,16,,N,RU,Liquor Store,Liquor Store,Handgun,,C
244427738,218876856,2025-09-20,St. Paul,MN0620900,13A,B,B,N,M,19,,N,RU,Highway/Road/Alley/Street/Sidewalk,Street & Sidewalk,Firearm,Other Major Injury,C
242368007,217081761,2025-09-21,St. Paul,MN0620900,13A,B,B,N,F,15,,N,RU,Residence/Home,Home,Knife/Cutting Instrument,Minor Injury,C
244427781,218876896,2025-09-21,St. Paul,MN0620900,13A,U,U,U,F,49,,N,RU,Residence/Home,Home,Knife/Cutting Instrument,Minor Injury,C
246975767,221112787,2025-09-21,St. Paul,MN0620900,13A,H,W,H,F,30,,N,RU,Residence/Home,Home,Personal Weapons,Severe Laceration,C
248678093,222596155,2025-09-21,St. Paul,MN0620900,13A,B,B,N,F,21,,N,RU,Highway/Road/Alley/Street/Sidewalk,Street & Sidewalk,Firearm,,C
245834701,220112053,2025-09-22,St. Paul,MN0620900,13A,B,B,N,M,30,,N,RU,Highway/Road/Alley/Street/Sidewalk,Street & Sidewalk,Firearm,,C
245879010,220150416,2025-09-23,St. Paul,MN0620900,13A,U,U,U,M,25,,N,RU,Convenience Store,Convenience Store,Blunt Object,Minor Injury;Possible Internal Injury,C
244427876,218876983,2025-09-24,St. Paul,MN0620900,13A,B,B,U,M,5,,N,RU,Residence/Home,Home,Unknown,Minor Injury,C
249653230,223442821,2025-09-24,St. Paul,MN0620900,13A,W,W,N,F,21,,Y,XR,Highway/Road/Alley/Street/Sidewalk,Street & Sidewalk,Asphyxiation;Personal Weapons,Minor Injury,C
244427934,218877033,2025-09-25,St. Paul,MN0620900,13A,A,A,N,F,13,,N,OK,Highway/Road/Alley/Street/Sidewalk,Street & Sidewalk,Knife/Cutting Instrument,Minor Injury,C
244427940,218877039,2025-09-25,St. Paul,MN0620900,13A,H,U,H,F,17,,N,SB,Residence/Home,Home,Knife/Cutting Instrument,,C
245879014,220150418,2025-09-25,St. Paul,MN0620900,13A,H,W,H,F,54,,N,RU,Highway/Road/Alley/Street/Sidewalk,Street & Sidewalk,Firearm,,C
245879015,220150418,2025-09-25,St. Paul,MN0620900,13A,H,W,H,M,20,,N,RU,Highway/Road/Alley/Street/Sidewalk,Street & Sidewalk,Firearm,,C
245879016,220150418,2025-09-25,St. Paul,MN0620900,13A,W,W,N,M,58,,N,RU,Highway/Road/Alley/Street/Sidewalk,Street & Sidewalk,Firearm,,C
245879017,220150418,2025-09-25,St. Paul,MN0620900,13A,H,W,H,U,28,,N,RU,Highway/Road/Alley/Street/Sidewalk,Street & Sidewalk,Firearm,,C
246034633,220284090,2025-09-26,St. Paul,MN0620900,13A,H,W,H,M,22,,Y,AQ;BG,Residence/Home,Home,Asphyxiation,Minor Injury,C
246204147,220431659,2025-09-26,St. Paul,MN0620900,13A,B,B,N,F,43,,N,RU,Highway/Road/Alley/Street/Sidewalk,Street & Sidewalk,Blunt Object,,C
246204149,220431659,2025-09-26,St. Paul,MN0620900,13A,U,U,U,M,38,,N,RU,Highway/Road/Alley/Street/Sidewalk,Street & Sidewalk,Blunt Object,,C
252181051,225654416,2025-09-26,St. Paul,MN0620900,13A,W,W,N,M,31,,N,RU,Church/Synagogue/Temple/Mosque,Religious Building,Firearm,,C
252181052,225654416,2025-09-26,St. Paul,MN0620900,13A,W,W,N,F,33,,N,RU,Church/Synagogue/Temple/Mosque,Religious Building,Firearm,Minor Injury,C
245777489,220062069,2025-09-27,St. Paul,MN0620900,13A,W,W,N,M,45,,N,OF,Highway/Road/Alley/Street/Sidewalk,Street & Sidewalk,Blunt Object,Minor Injury,C
246549448,220732745,2025-09-27,St. Paul,MN0620900,13A,U,U,U,F,34,,Y,BG,Residence/Home,Home,Personal Weapons,Possible Internal Injury,C
250114504,223848777,2025-09-27,St. Paul,MN0620900,13A,W,W,N,F,34,,Y,XS,Residence/Home,Home,Personal Weapons,Other Major Injury;Unconscious,C
244428041,218877133,2025-09-28,St. Paul,MN0620900,13A,B,B,N,F,21,,Y,BG,Residence/Home,Home,Personal Weapons,Possible Internal Injury,C
246132003,220367745,2025-09-28,St. Paul,MN0620900,13A,B,B,N,F,27,,Y,BG,Residence/Home,Home,Personal Weapons,Apparent Broken Bones;Severe Laceration,C
248401273,222352796,2025-09-28,St. Paul,MN0620900,13A,W,W,N,M,47,,N,AQ;RU,Residence/Home,Home,Handgun,,C
251327148,224906051,2025-09-28,St. Paul,MN0620900,13A,B,B,U,M,32,,N,RU,Highway/Road/Alley/Street/Sidewalk,Street & Sidewalk,Blunt Object,Other Major Injury,C
248501771,222440051,2025-09-29,St. Paul,MN0620900,13A,U,U,U,M,28,,N,RU,Parking/Drop Lot/Garage,Parking Lot,Firearm,Other Major Injury,C
244428413,218877475,2025-09-30,St. Paul,MN0620900,13A,U,U,U,M,58,,N,RU,Highway/Road/Alley/Street/Sidewalk,Street & Sidewalk,Other,Minor Injury,C
244428419,218877480,2025-09-30,St. Paul,MN0620900,13A,B,B,N,M,54,,N,RU,Residence/Home,Home,Knife/Cutting Instrument,Minor Injury,C
245359710,219692446,2025-09-30,St. Paul,MN0620900,13A,B,B,N,F,51,,N,PA;RU,Residence/Home,Home,Knife/Cutting Instrument,,C
245642127,219943849,2025-09-30,St. Paul,MN0620900,13A,H,U,H,F,40,,Y,XR,Shelter-Mission/Homeless,Shelter,Personal Weapons,Apparent Broken Bones,C
245777493,220062073,2025-09-30,St. Paul,MN0620900,13A,B,B,N,M,27,,N,RU,Bar/Nightclub,Bar & Nightclub,Firearm,Possible Internal Injury,C
244428467,218877524,2025-10-01,St. Paul,MN0620900,13A,W,W,U,F,46,,N,ST,Residence/Home,Home,Blunt Object,,C
244428493,218877545,2025-10-01,St. Paul,MN0620900,13A,B,B,N,M,43,,N,AQ,Residence/Home,Home,Explosives,Minor Injury,C
245879027,220150425,2025-10-01,St. Paul,MN0620900,13A,W,W,U,M,55,,N,ST,Highway/Road/Alley/Street/Sidewalk,Street & Sidewalk,Personal Weapons,Severe Laceration,C
246685808,220853398,2025-10-01,St. Paul,MN0620900,13A,B,B,N,F,30,,N,RU,Residence/Home,Home,Personal Weapons,Possible Internal Injury,C
249515057,223322404,2025-10-01,St. Paul,MN0620900,13A,B,B,N,M,15,,N,RU,Other/Unknown,Other & Unknown,Firearm,,C
252819000,226215633,2025-10-01,St. Paul,MN0620900,13A,B,B,N,M,55,,Y,BG,Residence/Home,Home,Knife/Cutting Instrument,Other Major Injury;Severe Laceration,C
244428535,218877584,2025-10-02,St. Paul,MN0620900,13A,B,B,N,M,40,,N,RU,Highway/Road/Alley/Street/Sidewalk,Street & Sidewalk,Firearm,,C
244428536,218877584,2025-10-02,St. Paul,MN0620900,13A,B,B,N,M,16,,N,RU,Highway/Road/Alley/Street/Sidewalk,Street & Sidewalk,Firearm,,C
244428537,218877584,2025-10-02,St. Paul,MN0620900,13A,B,B,N,M,19,,N,RU,Highway/Road/Alley/Street/Sidewalk,Street & Sidewalk,Firearm,,C
247050119,221175811,2025-10-02,St. Paul,MN0620900,13A,I,I,U,F,23,,N,RU,Highway/Road/Alley/Street/Sidewalk,Street & Sidewalk,Firearm,,C
247050120,221175811,2025-10-02,St. Paul,MN0620900,13A,B,B,U,F,24,,N,RU,Highway/Road/Alley/Street/Sidewalk,Street & Sidewalk,Firearm,,C
247050121,221175812,2025-10-03,St. Paul,MN0620900,13A,W,W,N,M,52,,N,RU,Highway/Road/Alley/Street/Sidewalk,Street & Sidewalk,Handgun,,C
248600292,222527436,2025-10-03,St. Paul,MN0620900,13A,W,W,N,M,56,,N,RU,Parking/Drop Lot/Garage,Parking Lot,Motor Vehicle/Vessel,,C
248646390,222568354,2025-10-03,St. Paul,MN0620900,13A,B,B,N,M,39,,N,RU;ST,Parking/Drop Lot/Garage,Parking Lot,Firearm,Other Major Injury;Possible Internal Injury,C
244429487,218878379,2025-10-04,St. Paul,MN0620900,13A,B,B,N,F,17,,N,RU,Highway/Road/Alley/Street/Sidewalk,Street & Sidewalk,Firearm,,C
244429488,218878379,2025-10-04,St. Paul,MN0620900,13A,B,B,N,F,22,,Y,BG,Highway/Road/Alley/Street/Sidewalk,Street & Sidewalk,Firearm,,C
244429490,218878381,2025-10-05,St. Paul,MN0620900,13A,H,W,H,M,37,,N,RU,Highway/Road/Alley/Street/Sidewalk,Street & Sidewalk,Unknown,Minor Injury,C
246527489,220713432,2025-10-06,St. Paul,MN0620900,13A,B,B,N,M,25,,N,SB,Residence/Home,Home,Blunt Object,Possible Internal Injury;Severe Laceration,C
248226686,222200670,2025-10-06,St. Paul,MN0620900,13A,A,A,N,F,34,,N,RU,Residence/Home,Home,Knife/Cutting Instrument,,C
244429571,218878453,2025-10-07,St. Paul,MN0620900,13A,U,U,U,F,,,N,RU,Bank/Savings and Loan,Bank,Other Firearm,,C
245834706,220112058,2025-10-07,St. Paul,MN0620900,13A,B,B,N,M,48,,N,RU,Bar/Nightclub,Bar & Nightclub,Handgun,,C
247867549,221882575,2025-10-07,St. Paul,MN0620900,13A,W,W,U,M,51,,N,ST,Field/Woods,Field & Woods,Blunt Object;Knife/Cutting Instrument,,C
250042309,223785990,2025-10-07,St. Paul,MN0620900,13A,W,W,N,F,22,,N,AQ,Highway/Road/Alley/Street/Sidewalk,Street & Sidewalk,Handgun,Minor Injury,C
244715253,219127396,2025-10-08,St. Paul,MN0620900,13A,W,W,N,M,22,,N,RU,Highway/Road/Alley/Street/Sidewalk,Street & Sidewalk,Handgun,,C
245445635,219768201,2025-10-08,St. Paul,MN0620900,13A,W,W,U,F,26,,N,RU,Highway/Road/Alley/Street/Sidewalk,Street & Sidewalk,Motor Vehicle/Vessel,Minor Injury,C
249515017,223322368,2025-10-08,St. Paul,MN0620900,13A,A,A,N,F,44,,N,IL,Residence/Home,Home,Personal Weapons,Possible Internal Injury;Unconscious,C
244429670,218878537,2025-10-09,St. Paul,MN0620900,13A,B,B,N,M,57,,Y,BG,Residence/Home,Home,Knife/Cutting Instrument,Minor Injury,C
244429678,218878543,2025-10-09,St. Paul,MN0620900,13A,A,A,U,F,69,,N,RU,Residence/Home,Home,Blunt Object,Minor Injury,C
246630660,220804314,2025-10-09,St. Paul,MN0620900,13A,W,W,U,F,37,,N,RU;ST,Residence/Home,Home,Firearm,,C
246630661,220804314,2025-10-09,St. Paul,MN0620900,13A,U,U,U,F,0,,N,RU;ST,Residence/Home,Home,Firearm,,C
246970190,221108030,2025-10-09,St. Paul,MN0620900,13A,U,U,U,M,50,,Y,BG,Residence/Home,Home,Asphyxiation;Personal Weapons,,C
251639315,225181322,2025-10-09,St. Paul,MN0620900,13A,U,U,U,M,25,,N,RU,Highway/Road/Alley/Street/Sidewalk,Street & Sidewalk,Firearm,,C
251801716,225323226,2025-10-09,St. Paul,MN0620900,13A,U,U,U,F,35,,N,RU,Highway/Road/Alley/Street/Sidewalk,Street & Sidewalk,Firearm,,C
244429697,218878559,2025-10-10,St. Paul,MN0620900,13A,U,U,N,F,66,,N,ST,Residence/Home,Home,Other,,C
244429740,218878594,2025-10-10,St. Paul,MN0620900,13A,B,B,N,F,51,,N,OK,Residence/Home,Home,Knife/Cutting Instrument,Minor Injury,C
244715460,219127577,2025-10-10,St. Paul,MN0620900,13A,W,W,N,M,69,,N,RU,Parking/Drop Lot/Garage,Parking Lot,Knife/Cutting Instrument,Minor Injury,C
245642436,219944128,2025-10-10,St. Paul,MN0620900,13A,W,W,N,M,39,,N,RU,Community Center,Community Center,Handgun,,C
245777178,220061803,2025-10-10,St. Paul,MN0620900,13A,W,W,N,F,40,,N,EE,Restaurant,Restaurant,Unknown,,C
245879040,220150436,2025-10-10,St. Paul,MN0620900,13A,B,B,N,F,26,,Y,BG,Residence/Home,Home,Personal Weapons,Apparent Broken Bones,C
244715479,219127593,2025-10-11,St. Paul,MN0620900,13A,B,B,N,M,28,,N,RU,Residence/Home,Home,Knife/Cutting Instrument,,C
252239478,225704824,2025-10-11,St. Paul,MN0620900,13A,H,U,H,M,21,,N,RU,Restaurant,Restaurant,Handgun,Other Major Injury,C
252239479,225704824,2025-10-11,St. Paul,MN0620900,13A,W,W,U,M,41,,N,RU,Restaurant,Restaurant,Handgun,Other Major Injury,C
251801742,225323248,2025-10-12,St. Paul,MN0620900,13A,U,U,U,F,40,,Y,BG,Residence/Home,Home,Personal Weapons,Other Major Injury,C
244429857,218878703,2025-10-13,St. Paul,MN0620900,13A,W,W,U,F,36,,N,,Liquor Store,Liquor Store,Blunt Object,Minor Injury,C
246486393,220677277,2025-10-13,St. Paul,MN0620900,13A,B,B,N,M,35,,N,AQ,Highway/Road/Alley/Street/Sidewalk,Street & Sidewalk,Firearm,,C
244430027,218878851,2025-10-15,St. Paul,MN0620900,13A,B,B,U,M,20,,N,RU,Residence/Home,Home,Knife/Cutting Instrument,Minor Injury,C
244702297,219116048,2025-10-15,St. Paul,MN0620900,13A,B,B,N,M,18,,N,RU,Residence/Home,Home,Other,,C
244702298,219116048,2025-10-15,St. Paul,MN0620900,13A,B,B,U,F,17,,N,RU,Residence/Home,Home,Other,,C
246527526,220713467,2025-10-16,St. Paul,MN0620900,13A,U,U,U,F,20,,N,RU,Residence/Home,Home,Firearm,,C
246527527,220713467,2025-10-16,St. Paul,MN0620900,13A,U,U,U,F,66,,N,RU,Residence/Home,Home,Firearm,,C
247659154,221703810,2025-10-16,St. Paul,MN0620900,13A,B,B,N,F,59,,Y,SE,Residence/Home,Home,Blunt Object;Personal Weapons,Minor Injury,C
248600511,222527615,2025-10-16,St. Paul,MN0620900,13A,U,U,X,U,,,N,RU;ST,Parking/Drop Lot/Garage,Parking Lot,Handgun,,C
244430348,218879129,2025-10-17,St. Paul,MN0620900,13A,U,U,U,M,31,,N,ST,Highway/Road/Alley/Street/Sidewalk,Street & Sidewalk,Blunt Object,Minor Injury,C
247050656,221176264,2025-10-17,St. Paul,MN0620900,13A,B,B,N,F,21,,Y,BG,Residence/Home,Home,Knife/Cutting Instrument,Unconscious,C
247050657,221176264,2025-10-17,St. Paul,MN0620900,13A,B,B,N,F,0,,N,CH,Residence/Home,Home,Knife/Cutting Instrument,,C
247169810,221280826,2025-10-17,St. Paul,MN0620900,13A,B,B,N,F,26,,Y,XR,Residence/Home,Home,Blunt Object,Minor Injury,C
253045192,226412173,2025-10-17,St. Paul,MN0620900,13A,B,B,N,M,35,,N,RU,Highway/Road/Alley/Street/Sidewalk,Street & Sidewalk,Firearm,Other Major Injury,C
244430358,218879139,2025-10-18,St. Paul,MN0620900,13A,W,W,N,M,35,,Y,BG,Residence/Home,Home,Knife/Cutting Instrument,Severe Laceration,C
244683855,219099620,2025-10-18,St. Paul,MN0620900,13A,A,A,N,M,40,,N,ST,Shelter-Mission/Homeless,Shelter,Blunt Object,Minor Injury,C
250636396,224303949,2025-10-18,St. Paul,MN0620900,13A,B,B,N,F,28,,N,RU,Residence/Home,Home,Handgun,,C
244430535,218879297,2025-10-19,St. Paul,MN0620900,13A,A,A,N,M,35,,N,RU,Highway/Road/Alley/Street/Sidewalk,Street & Sidewalk,Personal Weapons,Apparent Broken Bones,C
244844050,219239113,2025-10-20,St. Paul,MN0620900,13A,B,B,N,M,31,,N,NE,Residence/Home,Home,Blunt Object,,C
244430648,218879399,2025-10-21,St. Paul,MN0620900,13A,B,B,U,M,24,,N,ST,Park/Playground,Park & Playground,Knife/Cutting Instrument,,C
244430694,218879435,2025-10-22,St. Paul,MN0620900,13A,B,B,N,M,48,,N,OK,Highway/Road/Alley/Street/Sidewalk,Street & Sidewalk,Blunt Object,Severe Laceration,C
252975949,226351827,2025-10-23,St. Paul,MN0620900,13A,B,B,N,F,21,,N,RU,Park/Playground,Park & Playground,Firearm;Handgun,,C
252975950,226351827,2025-10-23,St. Paul,MN0620900,13A,B,B,N,F,24,,N,RU,Park/Playground,Park & Playground,Firearm;Handgun,,C
244430753,218879488,2025-10-24,St. Paul,MN0620900,13A,H,W,H,M,23,,Y,BG,Residence/Home,Home,Asphyxiation;Personal Weapons,Minor Injury,C
247938243,221944069,2025-10-24,St. Paul,MN0620900,13A,B,B,N,M,28,,N,RU,Highway/Road/Alley/Street/Sidewalk,Street & Sidewalk,Handgun,Minor Injury,C
247938244,221944069,2025-10-24,St. Paul,MN0620900,13A,B,B,N,F,20,,N,RU,Highway/Road/Alley/Street/Sidewalk,Street & Sidewalk,Handgun,Other Major Injury,C
244430813,218879541,2025-10-25,St. Paul,MN0620900,13A,B,B,U,F,33,,N,RU,Residence/Home,Home,Knife/Cutting Instrument;Personal Weapons,,C
244558878,218992839,2025-10-25,St. Paul,MN0620900,13A,B,B,N,M,53,,N,RU,Highway/Road/Alley/Street/Sidewalk,Street & Sidewalk,Other,Loss of Teeth;Other Major Injury,C
245360036,219692727,2025-10-25,St. Paul,MN0620900,13A,H,U,H,M,24,,N,RU,Residence/Home,Home,Firearm,,C
247732582,221765182,2025-10-25,St. Paul,MN0620900,13A,B,B,U,F,52,,Y,RU;SE,Highway/Road/Alley/Street/Sidewalk,Street & Sidewalk,Personal Weapons,Severe Laceration,C
251858244,225371421,2025-10-25,St. Paul,MN0620900,13A,B,B,N,F,21,,Y,BG,Residence/Home,Home,Asphyxiation,Minor Injury,C
245266558,219610926,2025-10-26,St. Paul,MN0620900,13A,U,U,N,M,28,,N,RU,Other/Unknown,Other & Unknown,Firearm,,C
245879060,220150453,2025-10-26,St. Paul,MN0620900,13A,B,B,N,M,40,,N,RU,Highway/Road/Alley/Street/Sidewalk,Street & Sidewalk,Firearm,,C
246685813,220853403,2025-10-26,St. Paul,MN0620900,13A,B,B,N,F,25,,N,RU,Residence/Home,Home,Asphyxiation;Personal Weapons,Minor Injury,C
247452816,221526822,2025-10-26,St. Paul,MN0620900,13A,A,A,N,M,28,,N,RU,Highway/Road/Alley/Street/Sidewalk,Street & Sidewalk,Handgun,,C
244844065,219239123,2025-10-27,St. Paul,MN0620900,13A,B,B,U,M,37,,N,FR,Residence/Home,Home,Knife/Cutting Instrument,Severe Laceration,C
248078228,222071214,2025-10-28,St. Paul,MN0620900,13A,B,B,N,M,25,,N,RU,Highway/Road/Alley/Street/Sidewalk,Street & Sidewalk,Firearm,Minor Injury,C
244683993,219099746,2025-10-29,St. Paul,MN0620900,13A,A,A,U,M,48,,N,RU,Residence/Home,Home,Knife/Cutting Instrument,,C
244683994,219099746,2025-10-29,St. Paul,MN0620900,13A,B,B,U,M,28,,N,RU,Residence/Home,Home,Knife/Cutting Instrument,,C
244684001,219099751,2025-10-30,St. Paul,MN0620900,13A,B,B,N,M,39,,N,RU,Camp/Campground,Campground,Knife/Cutting Instrument,Minor Injury,C
247911120,221919986,2025-10-30,St. Paul,MN0620900,13A,W,W,N,F,39,,N,RU,Highway/Road/Alley/Street/Sidewalk,Street & Sidewalk,Knife/Cutting Instrument,Other Major Injury,C
250114702,223848954,2025-10-30,St. Paul,MN0620900,13A,A,A,N,M,22,,N,SB,Residence/Home,Home,Knife/Cutting Instrument,,C
250773453,224422891,2025-10-30,St. Paul,MN0620900,13A,B,B,U,M,34,,N,FR,Residence/Home,Home,Blunt Object,Minor Injury,C
251858278,225371440,2025-10-30,St. Paul,MN0620900,13A,A,A,N,M,62,,N,RU,Residence/Home,Home,Firearm,Possible Internal Injury,C
251901568,225408467,2025-10-30,St. Paul,MN0620900,13A,A,A,N,M,18,,N,RU,Residence/Home,Home,Firearm,,C
252239484,225704828,2025-10-30,St. Paul,MN0620900,13A,W,W,U,F,45,,N,RU,Residence/Home,Home,Rifle,Minor Injury,C
244431740,218880387,2025-10-31,St. Paul,MN0620900,13A,B,B,U,F,61,,N,RU,Residence/Home,Home,Knife/Cutting Instrument,Minor Injury,C
246549449,220732746,2025-10-31,St. Paul,MN0620900,13A,B,B,N,F,22,,Y,BG;XR,Residence/Home,Home,Personal Weapons,Unconscious,C
247938245,221944070,2025-10-31,St. Paul,MN0620900,13A,B,B,N,F,45,,N,AQ,Bar/Nightclub,Bar & Nightclub,Handgun,,C
248078229,222071215,2025-10-31,St. Paul,MN0620900,13A,A,A,N,F,46,,Y,XR,Other/Unknown,Other & Unknown,Firearm,,C
250366725,224068702,2025-10-31,St. Paul,MN0620900,13A,B,B,U,M,55,,N,SB,Highway/Road/Alley/Street/Sidewalk,Street & Sidewalk,Handgun,,C
247170255,221281224,2025-11-01,St. Paul,MN0620900,13A,W,W,N,F,37,,N,RU,Parking/Drop Lot/Garage,Parking Lot,Motor Vehicle/Vessel,,C
253897721,227163859,2025-11-01,St. Paul,MN0620900,13A,B,B,N,M,36,,N,RU,Bar/Nightclub,Bar & Nightclub,Firearm,Other Major Injury,C
249869039,223635314,2025-11-02,St. Paul,MN0620900,13A,W,W,U,M,57,,N,OK,Residence/Home,Home,Personal Weapons,Apparent Broken Bones,C
250193977,223918378,2025-11-03,St. Paul,MN0620900,13A,W,W,N,F,30,,Y,SE,Residence/Home,Home,Firearm,Minor Injury,C
245266755,219611094,2025-11-04,St. Paul,MN0620900,13A,H,B,H,F,41,,N,RU,Residence/Home,Home,Blunt Object;Personal Weapons,Minor Injury,C
251901616,225408506,2025-11-04,St. Paul,MN0620900,13A,B,B,U,M,58,,N,RU,Other/Unknown,Other & Unknown,Knife/Cutting Instrument,Minor Injury,C
248402181,222353588,2025-11-05,St. Paul,MN0620900,13A,B,B,N,M,16,,N,CH,Residence/Home,Home,Blunt Object,Minor Injury,C
246034806,220284241,2025-11-06,St. Paul,MN0620900,13A,B,B,N,M,31,,N,RU,Highway/Road/Alley/Street/Sidewalk,Street & Sidewalk,Blunt Object;Handgun,Other Major Injury,C
246183331,220413566,2025-11-06,St. Paul,MN0620900,13A,U,U,U,M,29,,N,RU,Highway/Road/Alley/Street/Sidewalk,Street & Sidewalk,Handgun,,C
251901621,225408510,2025-11-06,St. Paul,MN0620900,13A,B,B,N,F,38,,N,RU,Residence/Home,Home,Firearm,,C
251901622,225408510,2025-11-06,St. Paul,MN0620900,13A,B,B,N,M,0,,N,RU,Residence/Home,Home,Firearm,,C
251901623,225408510,2025-11-06,St. Paul,MN0620900,13A,B,B,N,M,16,,N,RU,Residence/Home,Home,Firearm,,C
251901624,225408510,2025-11-06,St. Paul,MN0620900,13A,B,B,N,F,3,,N,RU,Residence/Home,Home,Firearm,,C
252975954,226351830,2025-11-06,St. Paul,MN0620900,13A,B,B,U,M,35,,N,RU,Parking/Drop Lot/Garage,Parking Lot,Handgun,Minor Injury,C
245360870,219693434,2025-11-07,St. Paul,MN0620900,13A,A,A,N,M,23,,N,RU,Highway/Road/Alley/Street/Sidewalk,Street & Sidewalk,Motor Vehicle/Vessel,,C
245642634,219944301,2025-11-07,St. Paul,MN0620900,13A,U,U,U,M,34,,N,ST,Convenience Store,Convenience Store,Blunt Object,Minor Injury,C
247732590,221765190,2025-11-07,St. Paul,MN0620900,13A,H,W,H,M,26,,N,RU,Restaurant,Restaurant,Other,Minor Injury,C
245266992,219611302,2025-11-09,St. Paul,MN0620900,13A,U,U,N,M,47,,N,RU,Service/Gas Station,Gas Station,Firearm,,C
247911341,221920191,2025-11-09,St. Paul,MN0620900,13A,B,B,N,M,28,,N,AQ,Residence/Home,Home,Personal Weapons,Apparent Broken Bones;Unconscious,C
249205297,223056574,2025-11-09,St. Paul,MN0620900,13A,B,B,N,F,19,,N,RU,Residence/Home,Home,Firearm,Minor Injury,C
245835202,220112508,2025-11-10,St. Paul,MN0620900,13A,W,W,N,M,38,,N,ST,Bar/Nightclub,Bar & Nightclub,Other,Minor Injury,C
245777252,220061865,2025-11-12,St. Paul,MN0620900,13A,B,B,N,F,22,,N,FR,Convenience Store,Convenience Store,Knife/Cutting Instrument,Minor Injury,C
248600900,222527949,2025-11-12,St. Paul,MN0620900,13A,B,B,N,F,49,,N,RU,Highway/Road/Alley/Street/Sidewalk,Street & Sidewalk,Firearm,,C
246549823,220733077,2025-11-13,St. Paul,MN0620900,13A,B,B,N,M,34,,Y,XR,Residence/Home,Home,Personal Weapons,Other Major Injury,C
248600963,222528005,2025-11-13,St. Paul,MN0620900,13A,B,B,N,F,36,,N,FR,Residence/Home,Home,Blunt Object,Minor Injury,C
249653239,223442826,2025-11-13,St. Paul,MN0620900,13A,B,B,N,F,7,,N,AQ,Air/Bus/Train Terminal,Transit Station,Personal Weapons,Other Major Injury,C
251261489,224848614,2025-11-13,St. Paul,MN0620900,13A,B,B,N,F,23,,Y,BG,Residence/Home,Home,Asphyxiation,Minor Injury,C
251722964,225254487,2025-11-13,St. Paul,MN0620900,13A,B,B,N,M,14,,N,RU,Highway/Road/Alley/Street/Sidewalk,Street & Sidewalk,Knife/Cutting Instrument,Minor Injury,C
251722965,225254487,2025-11-13,St. Paul,MN0620900,13A,B,B,N,M,19,,N,RU,Highway/Road/Alley/Street/Sidewalk,Street & Sidewalk,Knife/Cutting Instrument,Minor Injury,C
247051678,221177174,2025-11-14,St. Paul,MN0620900,13A,W,W,N,F,30,,N,RU,Residence/Home,Home,Knife/Cutting Instrument,Severe Laceration,C
248966053,222846811,2025-11-14,St. Paul,MN0620900,13A,A,A,N,M,19,,N,OK,School-Elementary/Secondary,K-12 School,Knife/Cutting Instrument,,C
250044775,223788152,2025-11-14,St. Paul,MN0620900,13A,B,B,N,F,26,,Y,XR,Residence/Home,Home,Blunt Object,Minor Injury,C
249869871,223636032,2025-11-15,St. Paul,MN0620900,13A,B,B,N,F,32,,N,FR,Residence/Home,Home,Personal Weapons,Other Major Injury,C
245777277,220061887,2025-11-16,St. Paul,MN0620900,13A,B,B,N,F,53,,N,RU,Residence/Home,Home,Knife/Cutting Instrument,,C
246549826,220733080,2025-11-16,St. Paul,MN0620900,13A,B,B,N,F,33,,N,RU,Residence/Home,Home,Blunt Object;Knife/Cutting Instrument;Personal Weapons,Minor Injury,C
247452978,221526952,2025-11-16,St. Paul,MN0620900,13A,H,W,H,F,48,,Y,BG,Residence/Home,Home,Asphyxiation,Minor Injury,C
249209811,223060541,2025-11-16,St. Paul,MN0620900,13A,H,W,H,F,44,,N,PA,Parking/Drop Lot/Garage,Parking Lot,Knife/Cutting Instrument,,C
249209814,223060541,2025-11-16,St. Paul,MN0620900,13A,H,W,H,M,40,,N,ST,Parking/Drop Lot/Garage,Parking Lot,Knife/Cutting Instrument,,C
245835200,220112506,2025-11-18,St. Paul,MN0620900,13A,W,W,N,F,26,,N,RU,Residence/Home,Home,Blunt Object,Minor Injury,C
245835777,220112987,2025-11-18,St. Paul,MN0620900,13A,B,B,N,M,15,,N,OK;RU,Residence/Home,Home,Other,,C
245879158,220150543,2025-11-18,St. Paul,MN0620900,13A,B,B,N,F,41,,Y,BG,Residence/Home,Home,Personal Weapons,Severe Laceration,C
247280060,221376206,2025-11-18,St. Paul,MN0620900,13A,B,B,N,F,41,,Y,XR,Residence/Home,Home,Handgun,,C
248226696,222200679,2025-11-18,St. Paul,MN0620900,13A,H,I,H,F,43,,Y,BG,Residence/Home,Home,Asphyxiation;Personal Weapons,Unconscious,C
248601035,222528071,2025-11-18,St. Paul,MN0620900,13A,W,W,N,M,52,,N,RU,Residence/Home,Home,Unknown,Unconscious,C
245862694,220136449,2025-11-19,St. Paul,MN0620900,13A,U,U,U,M,51,,N,RU,Shelter-Mission/Homeless,Shelter,Knife/Cutting Instrument,Minor Injury,C
245879160,220150545,2025-11-19,St. Paul,MN0620900,13A,B,B,N,F,31,,Y,BG,Residence/Home,Home,Personal Weapons,Apparent Broken Bones,C
245879165,220150550,2025-11-19,St. Paul,MN0620900,13A,B,B,N,F,16,,N,RU,Residence/Home,Home,Knife/Cutting Instrument,Severe Laceration,C
245879166,220150550,2025-11-19,St. Paul,MN0620900,13A,B,B,N,F,19,,N,RU,Residence/Home,Home,Knife/Cutting Instrument,Minor Injury,C
250045019,223788382,2025-11-19,St. Paul,MN0620900,13A,B,B,U,M,62,,N,,Residence/Home,Home,Blunt Object,,C
250045020,223788382,2025-11-19,St. Paul,MN0620900,13A,B,B,U,F,53,,N,,Residence/Home,Home,Blunt Object,,C
248678417,222596424,2025-11-21,St. Paul,MN0620900,13A,B,B,N,F,41,,N,OK,Highway/Road/Alley/Street/Sidewalk,Street & Sidewalk,Personal Weapons,Loss of Teeth;Possible Internal Injury,C
246036201,220285425,2025-11-22,St. Paul,MN0620900,13A,W,W,N,F,53,,N,RU,Residence/Home,Home,Knife/Cutting Instrument,,C
247280066,221376211,2025-11-22,St. Paul,MN0620900,13A,B,B,N,F,32,,N,RU,Residence/Home,Home,Knife/Cutting Instrument;Personal Weapons,Minor Injury,C
246550647,220733788,2025-11-23,St. Paul,MN0620900,13A,H,W,H,F,29,,N,ST,Bar/Nightclub,Bar & Nightclub,Personal Weapons,Apparent Broken Bones,C
246550648,220733788,2025-11-23,St. Paul,MN0620900,13A,H,W,H,M,32,,N,ST,Bar/Nightclub,Bar & Nightclub,Personal Weapons,Other Major Injury,C
246550649,220733789,2025-11-23,St. Paul,MN0620900,13A,W,W,N,F,32,,Y,BG,Residence/Home,Home,Personal Weapons,Possible Internal Injury,C
247171148,221282021,2025-11-23,St. Paul,MN0620900,13A,W,W,N,F,47,,Y,BG,Residence/Home,Home,Knife/Cutting Instrument,Minor Injury,C
249212203,223062642,2025-11-23,St. Paul,MN0620900,13A,B,B,U,M,34,,N,RU,Shelter-Mission/Homeless,Shelter,Knife/Cutting Instrument,Minor Injury,C
251220060,224813190,2025-11-23,St. Paul,MN0620900,13A,B,B,N,M,16,,N,RU,Highway/Road/Alley/Street/Sidewalk,Street & Sidewalk,Handgun,Minor Injury,C
252975959,226351835,2025-11-23,St. Paul,MN0620900,13A,W,W,U,F,49,,N,AQ;RU,Residence/Home,Home,Handgun,Severe Laceration,C
246486419,220677300,2025-11-24,St. Paul,MN0620900,13A,W,W,N,F,32,,N,RU,Highway/Road/Alley/Street/Sidewalk,Street & Sidewalk,Handgun,,C
248601405,222528382,2025-11-24,St. Paul,MN0620900,13A,W,W,N,M,42,,N,RU,Residence/Home,Home,Firearm;Personal Weapons,Minor Injury,C
248601406,222528382,2025-11-24,St. Paul,MN0620900,13A,H,U,H,M,28,,N,RU,Residence/Home,Home,Firearm;Personal Weapons,,C
251858393,225371544,2025-11-25,St. Paul,MN0620900,13A,W,W,U,U,24,,N,RU,Highway/Road/Alley/Street/Sidewalk,Street & Sidewalk,Firearm,Other Major Injury,C
246528420,220714215,2025-11-26,St. Paul,MN0620900,13A,I,I,N,F,34,,Y,BG,Restaurant,Restaurant,Blunt Object;Personal Weapons,Other Major Injury;Possible Internal Injury;Severe Laceration;Unconscious,C
248601579,222528538,2025-11-26,St. Paul,MN0620900,13A,B,B,U,M,69,,N,RU,Residence/Home,Home,Blunt Object,Minor Injury,C
246528668,220714430,2025-11-27,St. Paul,MN0620900,13A,W,W,N,M,43,,N,RU,Residence/Home,Home,Other,Possible Internal Injury,C
246937531,221079819,2025-11-27,St. Paul,MN0620900,13A,A,A,N,F,19,,Y,BG,Residence/Home,Home,Personal Weapons,Other Major Injury,C
250046195,223789382,2025-11-27,St. Paul,MN0620900,13A,W,W,N,M,43,,N,RU,Highway/Road/Alley/Street/Sidewalk,Street & Sidewalk,Handgun,,C
251858431,225371578,2025-11-27,St. Paul,MN0620900,13A,B,B,N,F,53,,Y,BG,Residence/Home,Home,Knife/Cutting Instrument,Possible Internal Injury,C
246528681,220714440,2025-11-28,St. Paul,MN0620900,13A,B,B,N,F,13,,N,RU,Residence/Home,Home,Blunt Object,,C
250046331,223789505,2025-11-28,St. Paul,MN0620900,13A,B,B,N,F,22,,Y,XR,Residence/Home,Home,Asphyxiation;Personal Weapons,Possible Internal Injury,C
253045202,226412183,2025-11-28,St. Paul,MN0620900,13A,A,A,N,M,36,,N,OK,Highway/Road/Alley/Street/Sidewalk,Street & Sidewalk,Handgun,Minor Injury,C
246834831,220989917,2025-11-30,St. Paul,MN0620900,13A,W,W,N,F,73,,N,PA,Residence/Home,Home,Knife/Cutting Instrument,Minor Injury,C
246834832,220989917,2025-11-30,St. Paul,MN0620900,13A,W,W,N,M,74,,N,PA,Residence/Home,Home,Knife/Cutting Instrument,Minor Injury,C
253306916,226641158,2025-11-30,St. Paul,MN0620900,13A,B,B,N,M,29,,N,RU,Residence/Home,Home,Handgun,,C
246529448,220715115,2025-12-01,St. Paul,MN0620900,13A,U,U,N,F,15,,N,CH,Residence/Home,Home,Asphyxiation;Personal Weapons,Unconscious,C
247863903,221879542,2025-12-01,St. Paul,MN0620900,13A,B,B,N,M,23,,N,RU;VO,Parking/Drop Lot/Garage,Parking Lot,Handgun,Other Major Injury,C
247863904,221879542,2025-12-01,St. Paul,MN0620900,13A,U,U,U,M,23,,N,FR;RU;SB;VO,Parking/Drop Lot/Garage,Parking Lot,Handgun,Other Major Injury,C
247863905,221879542,2025-12-01,St. Paul,MN0620900,13A,B,B,N,M,22,,N,FR;RU;SB;VO,Parking/Drop Lot/Garage,Parking Lot,Handgun,Other Major Injury,C
247863906,221879542,2025-12-01,St. Paul,MN0620900,13A,B,B,N,M,22,,N,RU;VO,Parking/Drop Lot/Garage,Parking Lot,Handgun,Other Major Injury,C
251858512,225371646,2025-12-01,St. Paul,MN0620900,13A,U,U,U,F,43,,Y,BG;RU,Residence/Home,Home,Handgun,,C
246530116,220715707,2025-12-02,St. Paul,MN0620900,13A,U,U,U,F,43,,N,RU,Highway/Road/Alley/Street/Sidewalk,Street & Sidewalk,Blunt Object,Minor Injury,C
247052391,221177812,2025-12-02,St. Paul,MN0620900,13A,B,B,N,M,42,,N,SB,Residence/Home,Home,Knife/Cutting Instrument,,C
249340807,223172651,2025-12-02,St. Paul,MN0620900,13A,B,B,N,M,60,,N,RU,Highway/Road/Alley/Street/Sidewalk,Street & Sidewalk,Firearm,,C
252020080,225512813,2025-12-03,St. Paul,MN0620900,13A,B,B,U,F,17,,N,RU,Community Center,Community Center,Handgun;Personal Weapons,Minor Injury,C
247171583,221282416,2025-12-04,St. Paul,MN0620900,13A,U,U,U,M,44,,N,RU,Other/Unknown,Other & Unknown,Handgun,,C
247896523,221907654,2025-12-04,St. Paul,MN0620900,13A,B,B,U,F,23,,N,RU,Residence/Home,Home,Personal Weapons,Possible Internal Injury,C
248402969,222354294,2025-12-04,St. Paul,MN0620900,13A,H,B,H,M,34,,N,RU,Highway/Road/Alley/Street/Sidewalk,Street & Sidewalk,Handgun,,C
248176459,222156553,2025-12-05,St. Paul,MN0620900,13A,B,B,N,M,26,,N,OF,Parking/Drop Lot/Garage,Parking Lot,Firearm,Other Major Injury,C
250046890,223789999,2025-12-05,St. Paul,MN0620900,13A,W,W,N,M,31,,N,RU,Highway/Road/Alley/Street/Sidewalk,Street & Sidewalk,Firearm,,C
246942883,221084595,2025-12-06,St. Paul,MN0620900,13A,B,B,N,F,59,,N,GP,Residence/Home,Home,Blunt Object,Minor Injury,C
250300642,224011150,2025-12-07,St. Paul,MN0620900,13A,B,B,N,F,34,,Y,BG,Residence/Home,Home,Personal Weapons,Loss of Teeth,C
251464856,225027712,2025-12-07,St. Paul,MN0620900,13A,B,B,N,M,69,,N,OK;VO,Convenience Store,Convenience Store,Knife/Cutting Instrument,Minor Injury,C
247911379,221920225,2025-12-08,St. Paul,MN0620900,13A,B,B,U,F,27,,N,RU,Residence/Home,Home,Handgun,Possible Internal Injury,C
250047377,223790427,2025-12-09,St. Paul,MN0620900,13A,W,W,N,F,37,,Y,XS,Residence/Home,Home,Blunt Object,Minor Injury,C
247670723,221713671,2025-12-10,St. Paul,MN0620900,13A,B,B,N,M,11,,N,OK,Residence/Home,Home,Personal Weapons,Apparent Broken Bones,C
253435923,226754476,2025-12-10,St. Paul,MN0620900,13A,U,U,N,M,33,,N,RU,Highway/Road/Alley/Street/Sidewalk,Street & Sidewalk,Firearm;Handgun,Minor Injury,C
247917716,221925775,2025-12-11,St. Paul,MN0620900,13A,W,W,N,M,52,,N,ST,Grocery/Supermarket,Grocery Store,Knife/Cutting Instrument,,C
249516318,223323458,2025-12-11,St. Paul,MN0620900,13A,B,B,U,M,46,,N,RU,Residence/Home,Home,Firearm,Other Major Injury,C
248402989,222354313,2025-12-12,St. Paul,MN0620900,13A,W,W,N,M,30,,N,FR,Residence/Home,Home,Personal Weapons,Loss of Teeth,C
249734370,223513171,2025-12-12,St. Paul,MN0620900,13A,U,U,X,U,31,,N,RU,Residence/Home,Home,Handgun,,C
251901630,225408515,2025-12-12,St. Paul,MN0620900,13A,B,B,N,F,20,,Y,XR,Residence/Home,Home,Asphyxiation;Personal Weapons,Minor Injury,C
248402990,222354314,2025-12-13,St. Paul,MN0620900,13A,B,B,N,F,36,,N,RU,Residence/Home,Home,Blunt Object,Minor Injury,C
247453270,221527202,2025-12-14,St. Paul,MN0620900,13A,H,U,H,F,36,,N,OK,Residence/Home,Home,Handgun,,C
247495997,221564059,2025-12-14,St. Paul,MN0620900,13A,B,B,U,F,29,,Y,BG,Residence/Home,Home,Personal Weapons,Unconscious,C
248345148,222303817,2025-12-14,St. Paul,MN0620900,13A,A,A,U,M,19,,N,RU,Residence/Home,Home,Handgun,,C
248503635,222441653,2025-12-14,St. Paul,MN0620900,13A,W,W,N,M,34,,N,RU,Drug Store/Doctor's Office/Hospital,Hospital & Clinic,Personal Weapons,Apparent Broken Bones,C
250047595,223790614,2025-12-14,St. Paul,MN0620900,13A,B,B,N,F,26,,Y,BG,Residence/Home,Home,Personal Weapons,Possible Internal Injury,C
252181074,225654435,2025-12-14,St. Paul,MN0620900,13A,B,B,N,M,35,,N,RU,Other/Unknown,Other & Unknown,Firearm,Minor Injury,C
247496876,221564819,2025-12-15,St. Paul,MN0620900,13A,B,B,U,F,59,,N,GP,Residence/Home,Home,Blunt Object,Minor Injury,C
248078979,222071873,2025-12-15,St. Paul,MN0620900,13A,U,U,U,F,3,,N,CH,Residence/Home,Home,Personal Weapons;Unknown,Minor Injury,C
250116842,223850814,2025-12-15,St. Paul,MN0620900,13A,W,W,N,F,52,,Y,XR,Highway/Road/Alley/Street/Sidewalk,Street & Sidewalk,Personal Weapons,Possible Internal Injury,C
247652937,221698312,2025-12-16,St. Paul,MN0620900,13A,B,B,N,F,28,,N,ST,School-Elementary/Secondary,K-12 School,Other,Minor Injury,C
247652938,221698312,2025-12-16,St. Paul,MN0620900,13A,B,B,N,F,31,,N,ST,School-Elementary/Secondary,K-12 School,Other,Minor Injury,C
249516327,223323466,2025-12-16,St. Paul,MN0620900,13A,A,A,U,U,46,,N,RU,Residence/Home,Home,Firearm,,C
250534256,224216981,2025-12-16,St. Paul,MN0620900,13A,W,W,N,F,36,,Y,BG,Residence/Home,Home,Knife/Cutting Instrument;Personal Weapons,Minor Injury,C
247653238,221698561,2025-12-17,St. Paul,MN0620900,13A,H,W,H,M,74,,N,RU,Highway/Road/Alley/Street/Sidewalk,Street & Sidewalk,Personal Weapons,Other Major Injury,C
247732657,221765254,2025-12-17,St. Paul,MN0620900,13A,B,B,U,F,42,,N,RU,Highway/Road/Alley/Street/Sidewalk,Street & Sidewalk,Knife/Cutting Instrument,,C
247911433,221920271,2025-12-17,St. Paul,MN0620900,13A,W,W,N,F,40,,N,RU,Residence/Home,Home,Knife/Cutting Instrument,Minor Injury,C
247886852,221899438,2025-12-18,St. Paul,MN0620900,13A,W,W,U,M,52,,N,RU,Restaurant,Restaurant,Other,Possible Internal Injury,C
247911443,221920281,2025-12-18,St. Paul,MN0620900,13A,B,B,N,M,58,,Y,XS,Parking/Drop Lot/Garage,Parking Lot,Knife/Cutting Instrument,Minor Injury,C
247911447,221920285,2025-12-18,St. Paul,MN0620900,13A,W,W,N,F,48,,N,RU,Residence/Home,Home,Asphyxiation;Personal Weapons,Possible Internal Injury;Unconscious,C
247938274,221944092,2025-12-18,St. Paul,MN0620900,13A,B,B,U,M,37,,N,RU;ST,Parking/Drop Lot/Garage,Parking Lot,Blunt Object,,C
250194539,223918872,2025-12-18,St. Paul,MN0620900,13A,B,B,N,M,42,,N,RU,Parking/Drop Lot/Garage,Parking Lot,Knife/Cutting Instrument,,C
247911460,221920298,2025-12-20,St. Paul,MN0620900,13A,B,B,N,F,42,,N,RU,Residence/Home,Home,Asphyxiation;Personal Weapons,Minor Injury,C
252819077,226215699,2025-12-20,St. Paul,MN0620900,13A,W,W,N,F,26,,N,RU,Residence/Home,Home,Handgun,,C
247911471,221920309,2025-12-21,St. Paul,MN0620900,13A,B,B,N,M,38,,N,RU,Bar/Nightclub,Bar & Nightclub,Handgun (Automatic),,C
250773490,224422919,2025-12-21,St. Paul,MN0620900,13A,W,W,U,F,37,,Y,BG,Residence/Home,Home,Handgun (Automatic),Minor Injury,C
248345586,222304206,2025-12-22,St. Paul,MN0620900,13A,U,U,U,M,40,,N,RU,Residence/Home,Home,Unknown,Minor Injury,C
248403879,222355104,2025-12-23,St. Paul,MN0620900,13A,W,W,N,M,50,,N,NE,Residence/Home,Home,Personal Weapons,Apparent Broken Bones,C
248679050,222596990,2025-12-23,St. Paul,MN0620900,13A,U,U,U,M,31,,N,ST,Drug Store/Doctor's Office/Hospital,Hospital & Clinic,Personal Weapons,Severe Laceration,C
251801916,225323393,2025-12-23,St. Paul,MN0620900,13A,A,A,N,F,38,,Y,SE,Residence/Home,Home,Firearm,,C
248504220,222442159,2025-12-24,St. Paul,MN0620900,13A,H,U,H,M,26,,N,RU,Restaurant,Restaurant,Blunt Object,Apparent Broken Bones,C
252976069,226351931,2025-12-25,St. Paul,MN0620900,13A,W,W,N,F,30,,N,RU,Residence/Home,Home,Handgun;Personal Weapons,,C
253659875,226953644,2025-12-25,St. Paul,MN0620900,13A,W,W,N,U,36,,N,RU,Residence/Home,Home,Asphyxiation;Personal Weapons,Possible Internal Injury;Severe Laceration,C
248178641,222158440,2025-12-26,St. Paul,MN0620900,13A,I,I,N,F,25,,Y,BG,Parking/Drop Lot/Garage,Parking Lot,Personal Weapons,Possible Internal Injury,C
248345788,222304373,2025-12-26,St. Paul,MN0620900,13A,B,B,U,M,31,,N,RU;VO,Residence/Home,Home,Knife/Cutting Instrument;Personal Weapons,Minor Injury,C
248345789,222304373,2025-12-26,St. Paul,MN0620900,13A,B,B,U,F,30,,N,RU;VO,Residence/Home,Home,Knife/Cutting Instrument;Personal Weapons,Minor Injury,C
249583209,223382065,2025-12-26,St. Paul,MN0620900,13A,H,U,H,M,30,,N,RU;ST,Residence/Home,Home,Blunt Object,Minor Injury,C
249583211,223382065,2025-12-26,St. Paul,MN0620900,13A,I,I,N,M,45,,N,RU;ST,Residence/Home,Home,Blunt Object,Minor Injury,C
251639448,225181444,2025-12-26,St. Paul,MN0620900,13A,W,W,U,M,33,,N,RU;ST,Convenience Store,Convenience Store,Knife/Cutting Instrument,,C
249516348,223323483,2025-12-27,St. Paul,MN0620900,13A,B,B,N,F,53,,N,RU,Highway/Road/Alley/Street/Sidewalk,Street & Sidewalk,Personal Weapons,Unconscious,C
250049196,223792034,2025-12-27,St. Paul,MN0620900,13A,B,B,N,M,44,,Y,SE,Residence/Home,Home,Knife/Cutting Instrument;Personal Weapons,Minor Injury,C
248345801,222304385,2025-12-28,St. Paul,MN0620900,13A,W,W,N,M,32,,N,RU;ST,Highway/Road/Alley/Street/Sidewalk,Street & Sidewalk,Personal Weapons,Other Major Injury,C
251464941,225027785,2025-12-28,St. Paul,MN0620900,13A,A,A,U,M,46,,N,ST,Restaurant,Restaurant,Blunt Object,Minor Injury,C
248345809,222304390,2025-12-29,St. Paul,MN0620900,13A,B,B,N,F,20,,N,RU,Highway/Road/Alley/Street/Sidewalk,Street & Sidewalk,Handgun,,C
248345810,222304390,2025-12-29,St. Paul,MN0620900,13A,B,B,N,F,45,,N,RU,Highway/Road/Alley/Street/Sidewalk,Street & Sidewalk,Handgun,,C
250252001,223968361,2025-12-29,St. Paul,MN0620900,13A,B,B,N,M,73,,N,NE,Residence/Home,Home,Personal Weapons,Apparent Broken Bones,C
249516352,223323487,2025-12-30,St. Paul,MN0620900,13A,A,A,N,M,35,,N,RU,Other/Unknown,Other & Unknown,Blunt Object,Severe Laceration,C
249871217,223637216,2025-12-30,St. Paul,MN0620900,13A,W,W,N,F,49,,N,RU,Highway/Road/Alley/Street/Sidewalk,Street & Sidewalk,Knife/Cutting Instrument,Other Major Injury,C
250534636,224217299,2025-12-31,St. Paul,MN0620900,13A,W,W,N,F,20,,Y,OF;RU;XR,Highway/Road/Alley/Street/Sidewalk,Street & Sidewalk,Blunt Object,Minor Injury,C
