victim_id,incident_id,incident_date,agency,ori,offense_code,race_group,race,ethnicity,sex,age,resident_status,partner,relationship,location,premise,weapon,injury,attempt_complete
164942626,149491948,2022-01-01,Winston-Salem,NC0340200,13A,I,I,N,M,38,R,N,,Highway/Road/Alley/Street/Sidewalk,Street & Sidewalk,Firearm,,C
164942628,149491950,2022-01-01,Winston-Salem,NC0340200,13A,W,W,N,M,21,N,N,,Residence/Home,Home,Firearm,,C
164942629,149491950,2022-01-01,Winston-Salem,NC0340200,13A,W,W,N,M,15,N,N,,Residence/Home,Home,Firearm,,C
164942630,149491950,2022-01-01,Winston-Salem,NC0340200,13A,W,W,N,F,21,R,N,,Residence/Home,Home,Firearm,,C
164942631,149491950,2022-01-01,Winston-Salem,NC0340200,13A,W,W,N,F,19,N,N,,Residence/Home,Home,Firearm,,C
164942632,149491950,2022-01-01,Winston-Salem,NC0340200,13A,W,W,N,F,15,N,N,,Residence/Home,Home,Firearm,,C
164942637,149491955,2022-01-01,Winston-Salem,NC0340200,13A,H,W,H,F,25,R,N,,Residence/Home,Home,Firearm,,C
164942638,149491955,2022-01-01,Winston-Salem,NC0340200,13A,H,W,H,M,31,R,N,,Residence/Home,Home,Firearm,,C
164942639,149491955,2022-01-01,Winston-Salem,NC0340200,13A,W,W,N,F,8,R,N,,Residence/Home,Home,Firearm,,C
164942640,149491955,2022-01-01,Winston-Salem,NC0340200,13A,W,W,N,M,2,R,N,,Residence/Home,Home,Firearm,,C
164942641,149491955,2022-01-01,Winston-Salem,NC0340200,13A,W,W,N,F,5,R,N,,Residence/Home,Home,Firearm,,C
164942653,149491967,2022-01-01,Winston-Salem,NC0340200,13A,B,B,N,M,40,R,N,IL,Residence/Home,Home,Blunt Object,Severe Laceration,C
164942658,149491972,2022-01-01,Winston-Salem,NC0340200,13A,B,B,N,F,66,R,N,,Residence/Home,Home,Firearm,,C
164942668,149491980,2022-01-01,Winston-Salem,NC0340200,13A,B,B,N,F,38,R,N,,Residence/Home,Home,Firearm,,C
164942669,149491980,2022-01-01,Winston-Salem,NC0340200,13A,B,B,N,F,17,R,N,,Residence/Home,Home,Firearm,,C
164942670,149491980,2022-01-01,Winston-Salem,NC0340200,13A,B,B,N,F,9,R,N,,Residence/Home,Home,Firearm,,C
164942684,149491994,2022-01-01,Winston-Salem,NC0340200,13A,B,B,N,M,58,R,N,,Residence/Home,Home,Personal Weapons,Minor Injury,C
164942725,149492027,2022-01-01,Winston-Salem,NC0340200,13A,B,B,N,M,34,N,N,,Highway/Road/Alley/Street/Sidewalk,Street & Sidewalk,Blunt Object,Minor Injury,C
164942734,149492034,2022-01-01,Winston-Salem,NC0340200,13A,B,B,N,M,25,R,N,,Parking/Drop Lot/Garage,Parking Lot,Other Firearm,Other Major Injury,C
164942777,149492074,2022-01-01,Winston-Salem,NC0340200,13A,W,W,N,M,56,R,N,FR,Residence/Home,Home,Knife/Cutting Instrument,Severe Laceration,C
164942800,149492091,2022-01-01,Winston-Salem,NC0340200,13A,B,B,N,M,61,R,N,,Residence/Home,Home,Handgun,,C
164942801,149492091,2022-01-01,Winston-Salem,NC0340200,13A,B,B,N,M,70,R,N,,Residence/Home,Home,Handgun,,C
164942802,149492091,2022-01-01,Winston-Salem,NC0340200,13A,B,B,N,M,47,R,N,,Residence/Home,Home,Handgun,,C
164942803,149492091,2022-01-01,Winston-Salem,NC0340200,13A,B,B,N,M,45,R,N,,Residence/Home,Home,Handgun,,C
164942829,149492115,2022-01-01,Winston-Salem,NC0340200,13A,B,B,N,M,28,R,Y,BG,Residence/Home,Home,Blunt Object,Minor Injury,C
176765642,159833938,2022-01-01,Winston-Salem,NC0340200,13A,B,B,N,F,40,R,N,,Residence/Home,Home,Handgun,,C
176765643,159833938,2022-01-01,Winston-Salem,NC0340200,13A,B,B,N,M,17,R,N,,Residence/Home,Home,Handgun,,C
176765644,159833938,2022-01-01,Winston-Salem,NC0340200,13A,B,B,N,F,15,R,N,,Residence/Home,Home,Handgun,,C
176765645,159833938,2022-01-01,Winston-Salem,NC0340200,13A,B,B,N,M,13,R,N,,Residence/Home,Home,Handgun,,C
176765646,159833938,2022-01-01,Winston-Salem,NC0340200,13A,B,B,N,F,7,R,N,,Residence/Home,Home,Handgun,,C
176765648,159833939,2022-01-01,Winston-Salem,NC0340200,13A,B,B,N,M,39,R,N,,Highway/Road/Alley/Street/Sidewalk,Street & Sidewalk,Firearm,Other Major Injury,C
164942863,149492149,2022-01-02,Winston-Salem,NC0340200,13A,B,B,N,M,19,R,Y,XR,Residence/Home,Home,Other,Minor Injury,C
164942882,149492166,2022-01-02,Winston-Salem,NC0340200,13A,B,B,N,F,34,R,Y,XR,Highway/Road/Alley/Street/Sidewalk,Street & Sidewalk,,Minor Injury,C
164942898,149492182,2022-01-02,Winston-Salem,NC0340200,13A,W,W,N,F,38,R,N,,Highway/Road/Alley/Street/Sidewalk,Street & Sidewalk,Motor Vehicle/Vessel,,C
164942912,149492192,2022-01-02,Winston-Salem,NC0340200,13A,H,W,H,M,48,R,N,CF,Residence/Home,Home,Knife/Cutting Instrument,,C
164942935,149492212,2022-01-03,Winston-Salem,NC0340200,13A,W,W,N,M,27,R,N,ST,Highway/Road/Alley/Street/Sidewalk,Street & Sidewalk,Firearm,,C
176765650,159833941,2022-01-03,Winston-Salem,NC0340200,13A,B,B,N,M,0,R,N,CH,Residence/Home,Home,Personal Weapons,Apparent Broken Bones,C
164943025,149492292,2022-01-04,Winston-Salem,NC0340200,13A,B,B,N,F,16,R,N,CH,Residence/Home,Home,Blunt Object,Severe Laceration,C
164943062,149492326,2022-01-04,Winston-Salem,NC0340200,13A,B,B,N,F,39,R,N,OF,Highway/Road/Alley/Street/Sidewalk,Street & Sidewalk,Firearm,,C
164943063,149492326,2022-01-04,Winston-Salem,NC0340200,13A,B,B,N,F,39,R,N,OF,Highway/Road/Alley/Street/Sidewalk,Street & Sidewalk,Firearm,,C
164943064,149492326,2022-01-04,Winston-Salem,NC0340200,13A,B,B,N,F,17,R,N,OF,Highway/Road/Alley/Street/Sidewalk,Street & Sidewalk,Firearm,,C
164943065,149492326,2022-01-04,Winston-Salem,NC0340200,13A,B,B,N,F,16,R,N,OF,Highway/Road/Alley/Street/Sidewalk,Street & Sidewalk,Firearm,,C
164943081,149492340,2022-01-05,Winston-Salem,NC0340200,13A,B,B,N,M,62,R,N,AQ,Residence/Home,Home,Other,Severe Laceration,C
171167911,154947282,2022-01-05,Winston-Salem,NC0340200,13A,B,B,N,M,16,N,N,,Highway/Road/Alley/Street/Sidewalk,Street & Sidewalk,,Other Major Injury,C
164943178,149492415,2022-01-06,Winston-Salem,NC0340200,13A,B,B,N,M,28,R,N,RU,Highway/Road/Alley/Street/Sidewalk,Street & Sidewalk,,Other Major Injury,C
164943184,149492420,2022-01-06,Winston-Salem,NC0340200,13A,W,W,N,F,53,R,Y,XR,Residence/Home,Home,Handgun,,C
164943212,149492444,2022-01-06,Winston-Salem,NC0340200,13A,H,W,H,F,20,R,Y,BG,Residence/Home,Home,Knife/Cutting Instrument,Minor Injury,C
164943285,149492509,2022-01-07,Winston-Salem,NC0340200,13A,B,B,N,F,59,R,N,SB,Residence/Home,Home,Blunt Object,Severe Laceration,C
164943288,149492512,2022-01-07,Winston-Salem,NC0340200,13A,B,B,N,M,39,R,N,,Highway/Road/Alley/Street/Sidewalk,Street & Sidewalk,Firearm (Automatic),,C
164943289,149492512,2022-01-07,Winston-Salem,NC0340200,13A,B,B,N,M,20,R,N,,Highway/Road/Alley/Street/Sidewalk,Street & Sidewalk,Firearm (Automatic),,C
164943327,149492544,2022-01-08,Winston-Salem,NC0340200,13A,B,B,N,F,67,R,N,GP,Residence/Home,Home,Knife/Cutting Instrument,,C
164943328,149492545,2022-01-08,Winston-Salem,NC0340200,13A,H,W,H,M,19,R,N,,Highway/Road/Alley/Street/Sidewalk,Street & Sidewalk,Unknown,,C
164943384,149492593,2022-01-08,Winston-Salem,NC0340200,13A,B,B,N,M,21,R,N,,Service/Gas Station,Gas Station,Handgun,,C
164943396,149492605,2022-01-09,Winston-Salem,NC0340200,13A,W,W,N,M,51,R,N,AQ,Parking/Drop Lot/Garage,Parking Lot,Knife/Cutting Instrument,,C
164943412,149492619,2022-01-10,Winston-Salem,NC0340200,13A,B,B,N,F,18,R,N,FR,Highway/Road/Alley/Street/Sidewalk,Street & Sidewalk,Handgun,,C
164943413,149492620,2022-01-10,Winston-Salem,NC0340200,13A,B,B,N,F,30,R,N,,Highway/Road/Alley/Street/Sidewalk,Street & Sidewalk,Rifle,Minor Injury,C
164943416,149492623,2022-01-10,Winston-Salem,NC0340200,13A,H,W,H,F,19,R,N,,Residence/Home,Home,Shotgun,,C
164943417,149492623,2022-01-10,Winston-Salem,NC0340200,13A,H,W,H,M,39,R,N,,Residence/Home,Home,Shotgun,,C
164943418,149492623,2022-01-10,Winston-Salem,NC0340200,13A,H,W,H,M,34,R,N,,Residence/Home,Home,Shotgun,,C
164943452,149492650,2022-01-10,Winston-Salem,NC0340200,13A,W,W,N,M,28,R,N,CH,Residence/Home,Home,Motor Vehicle/Vessel,Minor Injury,C
164943490,149492687,2022-01-10,Winston-Salem,NC0340200,13A,B,B,N,F,28,R,Y,BG,Residence/Home,Home,Handgun,Minor Injury,C
164943505,149492700,2022-01-10,Winston-Salem,NC0340200,13A,B,B,N,M,30,R,N,,Parking/Drop Lot/Garage,Parking Lot,Motor Vehicle/Vessel,Unconscious,C
167267014,151538610,2022-01-11,Winston-Salem,NC0340200,13A,B,B,N,F,2,R,N,CH,Highway/Road/Alley/Street/Sidewalk,Street & Sidewalk,Motor Vehicle/Vessel,Apparent Broken Bones,C
164943602,149492787,2022-01-12,Winston-Salem,NC0340200,13A,B,B,N,M,25,R,N,OK,Highway/Road/Alley/Street/Sidewalk,Street & Sidewalk,Handgun,,C
164943605,149492790,2022-01-12,Winston-Salem,NC0340200,13A,B,B,N,M,58,R,Y,SE,Parking/Drop Lot/Garage,Parking Lot,Knife/Cutting Instrument,,C
164943640,149492818,2022-01-13,Winston-Salem,NC0340200,13A,B,B,N,M,61,R,N,RU,Convenience Store,Convenience Store,Handgun,,C
164943641,149492818,2022-01-13,Winston-Salem,NC0340200,13A,B,B,N,M,19,R,N,RU,Convenience Store,Convenience Store,Handgun,Severe Laceration,C
164943642,149492818,2022-01-13,Winston-Salem,NC0340200,13A,B,B,N,F,23,R,N,RU,Convenience Store,Convenience Store,Handgun,Minor Injury,C
164943645,149492821,2022-01-13,Winston-Salem,NC0340200,13A,W,W,N,M,52,N,N,,Parking/Drop Lot/Garage,Parking Lot,Handgun,,C
164943683,149492855,2022-01-13,Winston-Salem,NC0340200,13A,B,B,N,M,23,R,N,RU,Specialty Store,Specialty Store,Handgun,,C
164943688,149492860,2022-01-13,Winston-Salem,NC0340200,13A,B,B,N,M,24,N,N,,Highway/Road/Alley/Street/Sidewalk,Street & Sidewalk,Firearm,,C
164943693,149492864,2022-01-13,Winston-Salem,NC0340200,13A,B,B,N,M,32,R,N,,Highway/Road/Alley/Street/Sidewalk,Street & Sidewalk,,Other Major Injury,C
164943695,149492866,2022-01-14,Winston-Salem,NC0340200,13A,B,B,N,F,19,R,N,RU,Highway/Road/Alley/Street/Sidewalk,Street & Sidewalk,Knife/Cutting Instrument,Minor Injury,C
164943703,149492874,2022-01-14,Winston-Salem,NC0340200,13A,B,B,N,F,19,R,N,,Residence/Home,Home,Firearm,,C
164943723,149492893,2022-01-14,Winston-Salem,NC0340200,13A,H,W,H,M,43,R,N,,Residence/Home,Home,Firearm,,C
164943724,149492893,2022-01-14,Winston-Salem,NC0340200,13A,W,W,N,F,36,R,N,,Residence/Home,Home,Firearm,,C
164943736,149492904,2022-01-14,Winston-Salem,NC0340200,13A,B,B,N,M,54,R,N,,Residence/Home,Home,Knife/Cutting Instrument,Possible Internal Injury,C
164943744,149492911,2022-01-14,Winston-Salem,NC0340200,13A,B,B,N,M,66,R,N,,Highway/Road/Alley/Street/Sidewalk,Street & Sidewalk,Firearm,,C
164943746,149492913,2022-01-14,Winston-Salem,NC0340200,13A,B,B,N,F,61,R,N,,Highway/Road/Alley/Street/Sidewalk,Street & Sidewalk,Firearm,,C
164943747,149492913,2022-01-14,Winston-Salem,NC0340200,13A,B,B,N,F,31,R,N,,Highway/Road/Alley/Street/Sidewalk,Street & Sidewalk,Firearm,,C
164943768,149492932,2022-01-15,Winston-Salem,NC0340200,13A,B,B,N,M,32,R,N,SB,Residence/Home,Home,Firearm,Other Major Injury,C
164943803,149492962,2022-01-15,Winston-Salem,NC0340200,13A,B,B,N,M,12,R,N,RU,Residence/Home,Home,Handgun,,C
164943804,149492962,2022-01-15,Winston-Salem,NC0340200,13A,B,B,N,M,12,R,N,RU,Residence/Home,Home,Handgun,,C
164943819,149492976,2022-01-15,Winston-Salem,NC0340200,13A,W,W,N,M,42,R,N,ST,Highway/Road/Alley/Street/Sidewalk,Street & Sidewalk,Motor Vehicle/Vessel,Apparent Broken Bones,C
164943824,149492980,2022-01-15,Winston-Salem,NC0340200,13A,B,B,N,M,30,R,Y,BG,Residence/Home,Home,Knife/Cutting Instrument,Minor Injury,C
164943831,149492986,2022-01-15,Winston-Salem,NC0340200,13A,B,B,N,F,56,R,Y,BG,Residence/Home,Home,Handgun,Minor Injury,C
164943872,149493011,2022-01-16,Winston-Salem,NC0340200,13A,B,B,N,M,32,R,Y,BG;VO,Residence/Home,Home,Other,,C
164943873,149493011,2022-01-16,Winston-Salem,NC0340200,13A,B,B,N,F,29,R,Y,BG;VO,Residence/Home,Home,Other,Minor Injury,C
164943889,149493024,2022-01-16,Winston-Salem,NC0340200,13A,B,B,N,M,33,R,N,NE,Residence/Home,Home,Handgun,Other Major Injury,C
164943933,149493066,2022-01-17,Winston-Salem,NC0340200,13A,W,W,N,M,23,N,N,ST,Highway/Road/Alley/Street/Sidewalk,Street & Sidewalk,Handgun,,C
164943934,149493066,2022-01-17,Winston-Salem,NC0340200,13A,W,W,N,M,23,R,N,ST,Highway/Road/Alley/Street/Sidewalk,Street & Sidewalk,Handgun,,C
164943935,149493066,2022-01-17,Winston-Salem,NC0340200,13A,W,W,N,M,24,R,N,ST,Highway/Road/Alley/Street/Sidewalk,Street & Sidewalk,Handgun,,C
164943936,149493066,2022-01-17,Winston-Salem,NC0340200,13A,W,W,N,M,25,N,N,ST,Highway/Road/Alley/Street/Sidewalk,Street & Sidewalk,Handgun,,C
164943967,149493093,2022-01-18,Winston-Salem,NC0340200,13A,B,B,N,F,43,R,N,,Residence/Home,Home,Firearm,,C
164943968,149493093,2022-01-18,Winston-Salem,NC0340200,13A,B,B,N,F,15,R,N,,Residence/Home,Home,Firearm,,C
164943969,149493093,2022-01-18,Winston-Salem,NC0340200,13A,B,B,N,M,17,R,N,,Residence/Home,Home,Firearm,,C
164944018,149493117,2022-01-18,Winston-Salem,NC0340200,13A,H,W,H,F,25,R,N,,Highway/Road/Alley/Street/Sidewalk,Street & Sidewalk,Handgun,,C
164944019,149493117,2022-01-18,Winston-Salem,NC0340200,13A,H,W,H,F,27,R,N,,Highway/Road/Alley/Street/Sidewalk,Street & Sidewalk,Handgun,,C
164944054,149493145,2022-01-18,Winston-Salem,NC0340200,13A,B,B,N,M,29,R,N,SB,Residence/Home,Home,Rifle,,C
179443610,162173456,2022-01-18,Winston-Salem,NC0340200,13A,B,B,N,M,21,R,N,RU,Highway/Road/Alley/Street/Sidewalk,Street & Sidewalk,Handgun,,C
164944117,149493201,2022-01-19,Winston-Salem,NC0340200,13A,B,B,N,F,36,R,Y,BG,Highway/Road/Alley/Street/Sidewalk,Street & Sidewalk,Knife/Cutting Instrument,Severe Laceration,C
167267031,151538623,2022-01-19,Winston-Salem,NC0340200,13A,B,B,N,M,71,R,N,RU,Residence/Home,Home,Shotgun,,C
167267032,151538623,2022-01-19,Winston-Salem,NC0340200,13A,B,B,N,M,35,R,N,RU,Residence/Home,Home,Shotgun,,C
167267033,151538623,2022-01-19,Winston-Salem,NC0340200,13A,B,B,N,M,17,R,N,RU,Residence/Home,Home,Shotgun,,C
167267034,151538623,2022-01-19,Winston-Salem,NC0340200,13A,B,B,N,F,32,R,N,RU,Residence/Home,Home,Shotgun,,C
167267035,151538623,2022-01-19,Winston-Salem,NC0340200,13A,B,B,N,M,11,R,N,RU,Residence/Home,Home,Shotgun,,C
167267036,151538623,2022-01-19,Winston-Salem,NC0340200,13A,B,B,N,F,11,R,N,RU,Residence/Home,Home,Shotgun,,C
167267037,151538623,2022-01-19,Winston-Salem,NC0340200,13A,B,B,N,M,13,R,N,RU,Residence/Home,Home,Shotgun,,C
168240574,152389329,2022-01-19,Winston-Salem,NC0340200,13A,B,B,N,F,14,R,N,SB,Residence/Home,Home,Personal Weapons,Minor Injury,C
164944156,149493229,2022-01-20,Winston-Salem,NC0340200,13A,B,B,N,F,48,R,N,,Residence/Home,Home,Handgun;Other Firearm,,C
164944204,149493260,2022-01-20,Winston-Salem,NC0340200,13A,H,W,H,M,46,R,N,,Residence/Home,Home,Firearm,,C
164944205,149493260,2022-01-20,Winston-Salem,NC0340200,13A,H,W,H,F,44,R,N,,Residence/Home,Home,Firearm,,C
164944214,149493266,2022-01-20,Winston-Salem,NC0340200,13A,B,B,N,M,52,R,N,,Highway/Road/Alley/Street/Sidewalk,Street & Sidewalk,Firearm,,C
164944215,149493266,2022-01-20,Winston-Salem,NC0340200,13A,B,B,N,F,35,R,N,,Highway/Road/Alley/Street/Sidewalk,Street & Sidewalk,Firearm,,C
164944216,149493266,2022-01-20,Winston-Salem,NC0340200,13A,B,B,N,M,28,R,N,,Highway/Road/Alley/Street/Sidewalk,Street & Sidewalk,Firearm,,C
164944230,149493279,2022-01-20,Winston-Salem,NC0340200,13A,B,B,N,M,47,R,N,,Highway/Road/Alley/Street/Sidewalk,Street & Sidewalk,Firearm,,C
164944231,149493279,2022-01-20,Winston-Salem,NC0340200,13A,B,B,N,M,31,R,N,,Highway/Road/Alley/Street/Sidewalk,Street & Sidewalk,Firearm,,C
167267039,151538625,2022-01-20,Winston-Salem,NC0340200,13A,B,B,N,M,71,R,N,RU,Residence/Home,Home,Handgun,,C
167267040,151538625,2022-01-20,Winston-Salem,NC0340200,13A,B,B,N,M,35,R,N,RU,Residence/Home,Home,Handgun,,C
167267041,151538625,2022-01-20,Winston-Salem,NC0340200,13A,B,B,N,M,11,R,N,RU,Residence/Home,Home,Handgun,,C
167267042,151538625,2022-01-20,Winston-Salem,NC0340200,13A,B,B,N,M,13,R,N,RU,Residence/Home,Home,Handgun,,C
167267043,151538625,2022-01-20,Winston-Salem,NC0340200,13A,B,B,N,F,32,R,N,RU,Residence/Home,Home,Handgun,,C
167267044,151538625,2022-01-20,Winston-Salem,NC0340200,13A,B,B,N,F,11,R,N,RU,Residence/Home,Home,Handgun,,C
167267045,151538625,2022-01-20,Winston-Salem,NC0340200,13A,B,B,N,M,17,R,N,RU,Residence/Home,Home,Handgun,,C
164944313,149493352,2022-01-21,Winston-Salem,NC0340200,13A,B,B,N,M,29,R,N,,Highway/Road/Alley/Street/Sidewalk,Street & Sidewalk,Firearm,Other Major Injury,C
168240575,152389330,2022-01-21,Winston-Salem,NC0340200,13A,B,B,N,M,27,R,N,,Parking/Drop Lot/Garage,Parking Lot,Firearm,Other Major Injury,C
164944327,149493366,2022-01-22,Winston-Salem,NC0340200,13A,B,B,N,M,27,R,N,OF,Residence/Home,Home,Handgun,,C
164944344,149493381,2022-01-22,Winston-Salem,NC0340200,13A,H,B,H,M,19,R,N,,Highway/Road/Alley/Street/Sidewalk,Street & Sidewalk,Rifle,Other Major Injury,C
167267052,151538630,2022-01-22,Winston-Salem,NC0340200,13A,H,W,H,F,36,R,N,,Residence/Home,Home,Shotgun,Other Major Injury,C
171167927,154947294,2022-01-22,Winston-Salem,NC0340200,13A,B,B,N,F,19,R,N,,Residence/Home,Home,,Possible Internal Injury,C
164944455,149493477,2022-01-24,Winston-Salem,NC0340200,13A,B,B,N,M,57,R,N,,Residence/Home,Home,Firearm,,C
164944456,149493477,2022-01-24,Winston-Salem,NC0340200,13A,B,B,N,F,47,R,N,,Residence/Home,Home,Firearm,,C
164944457,149493477,2022-01-24,Winston-Salem,NC0340200,13A,B,B,N,M,18,R,N,,Residence/Home,Home,Firearm,,C
164944458,149493477,2022-01-24,Winston-Salem,NC0340200,13A,B,B,N,F,21,R,N,,Residence/Home,Home,Firearm,,C
164944518,149493520,2022-01-24,Winston-Salem,NC0340200,13A,H,W,H,F,26,R,N,,Residence/Home,Home,Firearm,,C
164944519,149493520,2022-01-24,Winston-Salem,NC0340200,13A,W,W,N,F,8,R,N,,Residence/Home,Home,Firearm,,C
164944557,149493553,2022-01-25,Winston-Salem,NC0340200,13A,W,W,N,F,43,R,N,AQ,Residence/Home,Home,Knife/Cutting Instrument,,C
164944603,149493590,2022-01-25,Winston-Salem,NC0340200,13A,W,W,N,F,25,R,N,,Highway/Road/Alley/Street/Sidewalk,Street & Sidewalk,Firearm,,C
164944629,149493613,2022-01-25,Winston-Salem,NC0340200,13A,B,B,N,M,36,R,N,OF;VO,Residence/Home,Home,Other,Minor Injury,C
164944688,149493658,2022-01-25,Winston-Salem,NC0340200,13A,W,W,N,F,15,R,N,CH,Residence/Home,Home,Other,Minor Injury,C
164944658,149493634,2022-01-26,Winston-Salem,NC0340200,13A,B,B,N,M,28,R,N,OF,Residence/Home,Home,Blunt Object;Personal Weapons,Minor Injury,C
164944674,149493648,2022-01-26,Winston-Salem,NC0340200,13A,W,W,N,M,59,R,N,PA;RU;VO,Highway/Road/Alley/Street/Sidewalk,Street & Sidewalk,Knife/Cutting Instrument;Motor Vehicle/Vessel,Minor Injury,C
164944675,149493648,2022-01-26,Winston-Salem,NC0340200,13A,W,W,N,M,23,R,N,CH;RU;VO,Highway/Road/Alley/Street/Sidewalk,Street & Sidewalk,Knife/Cutting Instrument;Motor Vehicle/Vessel,,C
164944676,149493648,2022-01-26,Winston-Salem,NC0340200,13A,W,W,N,M,30,N,N,RU;VO,Highway/Road/Alley/Street/Sidewalk,Street & Sidewalk,Knife/Cutting Instrument;Motor Vehicle/Vessel,,C
164944677,149493648,2022-01-26,Winston-Salem,NC0340200,13A,W,W,N,M,30,R,N,AQ;RU,Highway/Road/Alley/Street/Sidewalk,Street & Sidewalk,Knife/Cutting Instrument;Motor Vehicle/Vessel,,C
164944680,149493651,2022-01-26,Winston-Salem,NC0340200,13A,W,W,N,M,45,R,Y,BG,Parking/Drop Lot/Garage,Parking Lot,Motor Vehicle/Vessel,,C
164944686,149493657,2022-01-26,Winston-Salem,NC0340200,13A,B,B,N,F,52,R,N,,Highway/Road/Alley/Street/Sidewalk,Street & Sidewalk,Firearm,,C
164944707,149493674,2022-01-26,Winston-Salem,NC0340200,13A,B,B,N,F,70,R,N,NE,Highway/Road/Alley/Street/Sidewalk,Street & Sidewalk,Motor Vehicle/Vessel,Minor Injury,C
164944708,149493675,2022-01-26,Winston-Salem,NC0340200,13A,W,W,N,M,42,R,N,OK,Service/Gas Station,Gas Station,Knife/Cutting Instrument,,C
164944715,149493682,2022-01-26,Winston-Salem,NC0340200,13A,B,B,N,M,29,R,N,,Residence/Home,Home,Firearm,,C
164944716,149493682,2022-01-26,Winston-Salem,NC0340200,13A,B,B,N,F,35,R,N,,Residence/Home,Home,Firearm,,C
164944717,149493682,2022-01-26,Winston-Salem,NC0340200,13A,B,B,N,M,19,N,N,,Residence/Home,Home,Firearm,Other Major Injury,C
164944718,149493682,2022-01-26,Winston-Salem,NC0340200,13A,B,B,N,F,18,R,N,,Residence/Home,Home,Firearm,Other Major Injury,C
164944720,149493682,2022-01-26,Winston-Salem,NC0340200,13A,B,B,N,M,5,R,N,,Residence/Home,Home,Firearm,,C
164944721,149493682,2022-01-26,Winston-Salem,NC0340200,13A,B,B,N,F,2,R,N,,Residence/Home,Home,Firearm,,C
164944793,149493744,2022-01-27,Winston-Salem,NC0340200,13A,W,W,N,M,26,R,Y,SE,Residence/Home,Home,Blunt Object,,C
164944811,149493760,2022-01-27,Winston-Salem,NC0340200,13A,B,B,N,M,34,R,N,,Highway/Road/Alley/Street/Sidewalk,Street & Sidewalk,Firearm,,C
171167934,154947298,2022-01-28,Winston-Salem,NC0340200,13A,B,B,N,F,59,R,N,,Highway/Road/Alley/Street/Sidewalk,Street & Sidewalk,Firearm,,C
171167935,154947298,2022-01-28,Winston-Salem,NC0340200,13A,B,B,N,M,22,R,N,,Highway/Road/Alley/Street/Sidewalk,Street & Sidewalk,Firearm,Other Major Injury,C
164944921,149493839,2022-01-29,Winston-Salem,NC0340200,13A,B,B,N,M,37,R,N,,Highway/Road/Alley/Street/Sidewalk,Street & Sidewalk,Knife/Cutting Instrument,Severe Laceration,C
164944944,149493861,2022-01-29,Winston-Salem,NC0340200,13A,B,B,N,F,20,R,Y,BG,Parking/Drop Lot/Garage,Parking Lot,Handgun,,C
164944951,149493868,2022-01-29,Winston-Salem,NC0340200,13A,B,B,N,M,54,R,Y,SE,Residence/Home,Home,Knife/Cutting Instrument,,C
164945146,149494034,2022-01-29,Winston-Salem,NC0340200,13A,W,W,N,M,74,R,N,,Residence/Home,Home,Handgun,,C
164944984,149493892,2022-01-30,Winston-Salem,NC0340200,13A,B,B,N,M,47,N,N,OK,Highway/Road/Alley/Street/Sidewalk,Street & Sidewalk,Firearm,,C
164945002,149493906,2022-01-30,Winston-Salem,NC0340200,13A,B,B,N,F,23,R,Y,BG,Residence/Home,Home,Knife/Cutting Instrument,,C
164945003,149493907,2022-01-30,Winston-Salem,NC0340200,13A,B,B,N,F,30,R,Y,XS,Residence/Home,Home,Blunt Object,Minor Injury,C
164945016,149493919,2022-01-30,Winston-Salem,NC0340200,13A,B,B,N,M,58,R,N,RU;VO,Residence/Home,Home,Knife/Cutting Instrument,,C
164945017,149493919,2022-01-30,Winston-Salem,NC0340200,13A,B,B,N,F,13,R,N,RU,Residence/Home,Home,Knife/Cutting Instrument,,C
164945018,149493919,2022-01-30,Winston-Salem,NC0340200,13A,B,B,N,M,18,R,N,RU;VO,Residence/Home,Home,Knife/Cutting Instrument,,C
164945023,149493923,2022-01-30,Winston-Salem,NC0340200,13A,W,W,N,F,42,R,N,SB,Residence/Home,Home,Knife/Cutting Instrument,,C
164945038,149493936,2022-01-30,Winston-Salem,NC0340200,13A,W,W,N,F,48,R,N,PA,Residence/Home,Home,Blunt Object,Apparent Broken Bones,C
164945175,149494061,2022-01-30,Winston-Salem,NC0340200,13A,W,W,N,F,18,N,N,AQ;SB;VO,Parking/Drop Lot/Garage,Parking Lot,Knife/Cutting Instrument,,C
164945176,149494061,2022-01-30,Winston-Salem,NC0340200,13A,W,W,N,F,43,N,N,AQ;PA,Parking/Drop Lot/Garage,Parking Lot,Knife/Cutting Instrument,Minor Injury,C
164945177,149494061,2022-01-30,Winston-Salem,NC0340200,13A,W,W,N,M,21,R,N,AQ;SB;VO,Parking/Drop Lot/Garage,Parking Lot,Knife/Cutting Instrument,Minor Injury,C
164945178,149494061,2022-01-30,Winston-Salem,NC0340200,13A,W,W,N,F,38,N,N,AQ;VO,Parking/Drop Lot/Garage,Parking Lot,Knife/Cutting Instrument,,C
167267078,151538651,2022-01-31,Winston-Salem,NC0340200,13A,W,W,N,M,51,N,N,,Field/Woods,Field & Woods,Blunt Object,Minor Injury,C
167267083,151538655,2022-01-31,Winston-Salem,NC0340200,13A,B,B,N,M,37,R,N,AQ,Highway/Road/Alley/Street/Sidewalk,Street & Sidewalk,Firearm,,C
167267084,151538655,2022-01-31,Winston-Salem,NC0340200,13A,B,B,N,M,58,R,N,RU,Highway/Road/Alley/Street/Sidewalk,Street & Sidewalk,Firearm,,C
167267123,151538686,2022-02-01,Winston-Salem,NC0340200,13A,H,W,H,M,16,R,N,,Highway/Road/Alley/Street/Sidewalk,Street & Sidewalk,Firearm,,C
167267124,151538686,2022-02-01,Winston-Salem,NC0340200,13A,H,W,H,F,17,R,N,,Highway/Road/Alley/Street/Sidewalk,Street & Sidewalk,Firearm,,C
167267147,151538705,2022-02-01,Winston-Salem,NC0340200,13A,B,B,N,F,15,R,N,,Residence/Home,Home,,,C
167267148,151538705,2022-02-01,Winston-Salem,NC0340200,13A,B,B,N,M,12,R,N,,Residence/Home,Home,,,C
167267149,151538705,2022-02-01,Winston-Salem,NC0340200,13A,B,B,N,M,17,R,N,,Residence/Home,Home,,,C
167267150,151538705,2022-02-01,Winston-Salem,NC0340200,13A,B,B,N,F,4,R,N,,Residence/Home,Home,,,C
167267151,151538705,2022-02-01,Winston-Salem,NC0340200,13A,B,B,N,F,37,R,N,,Residence/Home,Home,,,C
167267152,151538705,2022-02-01,Winston-Salem,NC0340200,13A,B,B,N,M,42,R,N,,Residence/Home,Home,,,C
167267197,151538749,2022-02-02,Winston-Salem,NC0340200,13A,B,B,N,F,7,R,N,CH,Residence/Home,Home,Personal Weapons,Minor Injury,C
167267254,151538801,2022-02-03,Winston-Salem,NC0340200,13A,B,B,N,M,24,R,N,AQ,Highway/Road/Alley/Street/Sidewalk,Street & Sidewalk,Motor Vehicle/Vessel,,C
167267255,151538802,2022-02-03,Winston-Salem,NC0340200,13A,B,B,N,M,32,R,N,,Highway/Road/Alley/Street/Sidewalk,Street & Sidewalk,Unknown,,C
167267256,151538802,2022-02-03,Winston-Salem,NC0340200,13A,W,W,N,F,23,R,N,,Highway/Road/Alley/Street/Sidewalk,Street & Sidewalk,Unknown,,C
167267257,151538802,2022-02-03,Winston-Salem,NC0340200,13A,B,B,N,F,20,R,N,,Highway/Road/Alley/Street/Sidewalk,Street & Sidewalk,Unknown,,C
167267258,151538802,2022-02-03,Winston-Salem,NC0340200,13A,W,W,N,M,20,R,N,,Highway/Road/Alley/Street/Sidewalk,Street & Sidewalk,Unknown,,C
167267259,151538802,2022-02-03,Winston-Salem,NC0340200,13A,W,W,N,F,3,R,N,,Highway/Road/Alley/Street/Sidewalk,Street & Sidewalk,Unknown,,C
167267260,151538803,2022-02-03,Winston-Salem,NC0340200,13A,B,B,N,F,78,R,N,,Residence/Home,Home,Firearm,,C
167267261,151538803,2022-02-03,Winston-Salem,NC0340200,13A,B,B,N,M,78,R,N,,Residence/Home,Home,Firearm,,C
167267262,151538804,2022-02-03,Winston-Salem,NC0340200,13A,W,W,N,F,18,R,Y,XR,Highway/Road/Alley/Street/Sidewalk,Street & Sidewalk,Handgun;Personal Weapons,Loss of Teeth,C
167267273,151538815,2022-02-03,Winston-Salem,NC0340200,13A,W,W,N,M,63,R,N,FR,Residence/Home,Home,Personal Weapons,,C
167267283,151538823,2022-02-03,Winston-Salem,NC0340200,13A,B,B,N,F,55,R,Y,CS,Residence/Home,Home,Knife/Cutting Instrument,Minor Injury,C
167267316,151538853,2022-02-03,Winston-Salem,NC0340200,13A,B,B,N,M,13,R,N,SB,Residence/Home,Home,Knife/Cutting Instrument,Minor Injury,C
167267303,151538842,2022-02-04,Winston-Salem,NC0340200,13A,B,B,N,F,61,R,N,,Residence/Home,Home,Other Firearm,,C
167267304,151538842,2022-02-04,Winston-Salem,NC0340200,13A,B,B,N,F,80,R,N,,Residence/Home,Home,Other Firearm,,C
167267339,151538872,2022-02-04,Winston-Salem,NC0340200,13A,B,B,N,M,58,R,N,,Highway/Road/Alley/Street/Sidewalk,Street & Sidewalk,Knife/Cutting Instrument,,C
167267355,151538887,2022-02-04,Winston-Salem,NC0340200,13A,B,B,N,M,44,R,N,OK,Department/Discount Store,Department Store,Shotgun,,C
167267358,151538890,2022-02-04,Winston-Salem,NC0340200,13A,B,B,N,M,37,R,N,,Parking/Drop Lot/Garage,Parking Lot,Firearm,,C
167267382,151538908,2022-02-05,Winston-Salem,NC0340200,13A,W,W,N,M,31,R,Y,SE,Residence/Home,Home,Motor Vehicle/Vessel,,C
167267384,151538908,2022-02-05,Winston-Salem,NC0340200,13A,W,W,N,F,26,R,N,OK,Residence/Home,Home,Motor Vehicle/Vessel,,C
167267385,151538908,2022-02-05,Winston-Salem,NC0340200,13A,B,B,N,M,26,R,N,RU,Residence/Home,Home,Motor Vehicle/Vessel,,C
167267386,151538908,2022-02-05,Winston-Salem,NC0340200,13A,W,W,N,M,12,R,N,RU,Residence/Home,Home,Motor Vehicle/Vessel,,C
167267387,151538908,2022-02-05,Winston-Salem,NC0340200,13A,W,W,N,M,8,R,N,RU,Residence/Home,Home,Motor Vehicle/Vessel,,C
167267388,151538908,2022-02-05,Winston-Salem,NC0340200,13A,W,W,N,F,7,R,N,RU,Residence/Home,Home,Motor Vehicle/Vessel,,C
167267411,151538930,2022-02-05,Winston-Salem,NC0340200,13A,B,B,N,M,55,R,N,AQ,Residence/Home,Home,Handgun,Other Major Injury,C
167267424,151538938,2022-02-05,Winston-Salem,NC0340200,13A,W,W,N,M,42,N,N,ST,Highway/Road/Alley/Street/Sidewalk,Street & Sidewalk,Handgun,,C
176765673,159833961,2022-02-05,Winston-Salem,NC0340200,13A,W,W,N,F,43,R,Y,BG,Residence/Home,Home,Handgun,Minor Injury,C
167267487,151538987,2022-02-06,Winston-Salem,NC0340200,13A,B,B,N,M,22,R,N,,Parking/Drop Lot/Garage,Parking Lot,Firearm,Other Major Injury,C
167267489,151538987,2022-02-06,Winston-Salem,NC0340200,13A,B,B,N,F,25,N,N,,Parking/Drop Lot/Garage,Parking Lot,Firearm,,C
167267490,151538987,2022-02-06,Winston-Salem,NC0340200,13A,B,B,N,F,28,R,N,,Parking/Drop Lot/Garage,Parking Lot,Firearm,,C
167267505,151539000,2022-02-06,Winston-Salem,NC0340200,13A,B,B,N,F,60,R,N,ST,Residence/Home,Home,Handgun,,C
167267545,151539031,2022-02-07,Winston-Salem,NC0340200,13A,B,B,N,M,47,R,N,OK,Service/Gas Station,Gas Station,Firearm,,C
167267582,151539060,2022-02-07,Winston-Salem,NC0340200,13A,B,B,N,F,34,R,N,AQ,Highway/Road/Alley/Street/Sidewalk,Street & Sidewalk,Firearm,Minor Injury,C
168240587,152389341,2022-02-07,Winston-Salem,NC0340200,13A,W,W,N,F,20,R,N,,Highway/Road/Alley/Street/Sidewalk,Street & Sidewalk,Firearm,,C
168240588,152389341,2022-02-07,Winston-Salem,NC0340200,13A,H,W,H,M,20,R,N,,Highway/Road/Alley/Street/Sidewalk,Street & Sidewalk,Firearm,Other Major Injury,C
168240589,152389341,2022-02-07,Winston-Salem,NC0340200,13A,W,W,N,F,2,N,N,,Highway/Road/Alley/Street/Sidewalk,Street & Sidewalk,Firearm,,C
167267711,151539174,2022-02-09,Winston-Salem,NC0340200,13A,B,B,N,M,21,R,N,,Highway/Road/Alley/Street/Sidewalk,Street & Sidewalk,Firearm,Other Major Injury,C
167267723,151539186,2022-02-09,Winston-Salem,NC0340200,13A,B,B,N,F,23,R,N,OF;OK;VO,Parking/Drop Lot/Garage,Parking Lot,Knife/Cutting Instrument,Minor Injury,C
167267724,151539186,2022-02-09,Winston-Salem,NC0340200,13A,B,B,N,F,29,R,N,OK;VO,Parking/Drop Lot/Garage,Parking Lot,Knife/Cutting Instrument,Minor Injury,C
167267725,151539186,2022-02-09,Winston-Salem,NC0340200,13A,B,B,N,F,25,R,N,OF;OK;VO,Parking/Drop Lot/Garage,Parking Lot,Knife/Cutting Instrument,Minor Injury,C
167267726,151539187,2022-02-09,Winston-Salem,NC0340200,13A,B,B,N,F,25,R,Y,BG,Residence/Home,Home,Blunt Object,,C
167267740,151539199,2022-02-09,Winston-Salem,NC0340200,13A,B,B,N,M,10,R,N,CF,Residence/Home,Home,Other,Minor Injury,C
167267776,151539230,2022-02-09,Winston-Salem,NC0340200,13A,B,B,N,M,55,R,Y,BG;VO,Residence/Home,Home,Blunt Object;Knife/Cutting Instrument,Other Major Injury,C
167267777,151539230,2022-02-09,Winston-Salem,NC0340200,13A,I,I,N,F,35,N,Y,BG;VO,Residence/Home,Home,Blunt Object;Knife/Cutting Instrument,Minor Injury,C
179443612,162173458,2022-02-09,Winston-Salem,NC0340200,13A,B,B,N,M,28,R,N,,Highway/Road/Alley/Street/Sidewalk,Street & Sidewalk,Handgun,,C
167267841,151539285,2022-02-10,Winston-Salem,NC0340200,13A,A,A,N,M,51,N,N,ST,Highway/Road/Alley/Street/Sidewalk,Street & Sidewalk,Other;Personal Weapons,Other Major Injury,C
184806406,166861659,2022-02-10,Winston-Salem,NC0340200,13A,B,B,N,F,43,R,N,,Residence/Home,Home,Firearm,,C
184806407,166861659,2022-02-10,Winston-Salem,NC0340200,13A,B,B,N,M,49,R,N,,Residence/Home,Home,Firearm,,C
184806408,166861659,2022-02-10,Winston-Salem,NC0340200,13A,B,B,N,M,22,R,N,,Residence/Home,Home,Firearm,,C
184806409,166861659,2022-02-10,Winston-Salem,NC0340200,13A,B,B,N,F,25,R,N,,Residence/Home,Home,Firearm,,C
184806410,166861659,2022-02-10,Winston-Salem,NC0340200,13A,B,B,N,F,63,R,N,,Residence/Home,Home,Firearm,,C
184806411,166861659,2022-02-10,Winston-Salem,NC0340200,13A,B,B,N,F,5,R,N,,Residence/Home,Home,Firearm,,C
167267889,151539322,2022-02-11,Winston-Salem,NC0340200,13A,B,B,N,F,41,R,N,,Highway/Road/Alley/Street/Sidewalk,Street & Sidewalk,Handgun,,C
167267937,151539364,2022-02-11,Winston-Salem,NC0340200,13A,H,W,H,F,14,R,N,RU,Park/Playground,Park & Playground,Blunt Object,Minor Injury,C
167267972,151539391,2022-02-12,Winston-Salem,NC0340200,13A,W,W,N,F,27,R,N,,Highway/Road/Alley/Street/Sidewalk,Street & Sidewalk,Other,,C
167268009,151539426,2022-02-12,Winston-Salem,NC0340200,13A,B,B,N,M,85,R,N,,Residence/Home,Home,Firearm,,C
167268015,151539432,2022-02-12,Winston-Salem,NC0340200,13A,B,B,N,M,30,R,N,AQ,Residence/Home,Home,Handgun,Other Major Injury,C
167268016,151539433,2022-02-12,Winston-Salem,NC0340200,13A,B,B,N,M,46,R,N,,Other/Unknown,Other & Unknown,Firearm,Other Major Injury,C
167268039,151539455,2022-02-12,Winston-Salem,NC0340200,13A,B,B,N,F,18,R,N,,Highway/Road/Alley/Street/Sidewalk,Street & Sidewalk,Handgun,,C
167268040,151539455,2022-02-12,Winston-Salem,NC0340200,13A,B,B,N,M,18,R,N,,Highway/Road/Alley/Street/Sidewalk,Street & Sidewalk,Handgun,Other Major Injury,C
167268041,151539455,2022-02-12,Winston-Salem,NC0340200,13A,B,B,N,F,19,R,N,,Highway/Road/Alley/Street/Sidewalk,Street & Sidewalk,Handgun,,C
176765680,159833966,2022-02-12,Winston-Salem,NC0340200,13A,B,B,N,M,27,R,N,,Highway/Road/Alley/Street/Sidewalk,Street & Sidewalk,Motor Vehicle/Vessel,Minor Injury,C
167268118,151539524,2022-02-13,Winston-Salem,NC0340200,13A,B,B,N,M,53,R,N,RU,Department/Discount Store,Department Store,Handgun,,C
167268123,151539529,2022-02-13,Winston-Salem,NC0340200,13A,B,B,N,M,59,R,N,,Residence/Home,Home,,,C
167268124,151539529,2022-02-13,Winston-Salem,NC0340200,13A,B,B,N,F,74,R,N,,Residence/Home,Home,,,C
167268127,151539532,2022-02-13,Winston-Salem,NC0340200,13A,B,B,N,F,36,R,N,NE,Highway/Road/Alley/Street/Sidewalk,Street & Sidewalk,Handgun,,C
168240594,152389346,2022-02-13,Winston-Salem,NC0340200,13A,B,B,N,M,88,R,N,RU,Residence/Home,Home,Blunt Object,Severe Laceration,C
167268138,151539541,2022-02-14,Winston-Salem,NC0340200,13A,H,W,H,M,27,R,N,FR,Residence/Home,Home,Motor Vehicle/Vessel,,C
167268175,151539575,2022-02-14,Winston-Salem,NC0340200,13A,B,B,N,F,29,R,N,,Highway/Road/Alley/Street/Sidewalk,Street & Sidewalk,Firearm,,C
167268184,151539583,2022-02-14,Winston-Salem,NC0340200,13A,B,B,N,F,33,R,Y,XR,Residence/Home,Home,Handgun,,C
167268187,151539586,2022-02-14,Winston-Salem,NC0340200,13A,B,B,N,M,42,R,N,ST,Residence/Home,Home,Firearm,,C
167268205,151539603,2022-02-14,Winston-Salem,NC0340200,13A,W,W,N,F,33,R,N,,Highway/Road/Alley/Street/Sidewalk,Street & Sidewalk,Handgun,,C
167268206,151539603,2022-02-14,Winston-Salem,NC0340200,13A,W,W,N,F,4,R,N,,Highway/Road/Alley/Street/Sidewalk,Street & Sidewalk,Handgun,,C
167268207,151539603,2022-02-14,Winston-Salem,NC0340200,13A,H,W,H,F,14,R,N,,Highway/Road/Alley/Street/Sidewalk,Street & Sidewalk,Handgun,,C
167268229,151539622,2022-02-15,Winston-Salem,NC0340200,13A,B,B,N,M,47,R,N,AQ;VO,Residence/Home,Home,Knife/Cutting Instrument,,C
167268230,151539622,2022-02-15,Winston-Salem,NC0340200,13A,B,B,N,M,49,R,N,AQ;VO,Residence/Home,Home,Knife/Cutting Instrument,,C
167268233,151539625,2022-02-15,Winston-Salem,NC0340200,13A,B,B,N,M,31,R,N,ST,Highway/Road/Alley/Street/Sidewalk,Street & Sidewalk,Handgun,,C
167268273,151539658,2022-02-15,Winston-Salem,NC0340200,13A,B,B,N,F,22,R,Y,BG;VO,Residence/Home,Home,Personal Weapons,,C
167268274,151539658,2022-02-15,Winston-Salem,NC0340200,13A,B,B,N,F,21,R,Y,BG;VO,Residence/Home,Home,Personal Weapons,Minor Injury,C
167268293,151539676,2022-02-15,Winston-Salem,NC0340200,13A,H,W,H,F,16,R,N,CH,Hotel/Motel/Etc.,Hotel & Motel,Other,,C
167268296,151539679,2022-02-15,Winston-Salem,NC0340200,13A,H,W,H,F,27,R,Y,CS,Residence/Home,Home,Handgun,Minor Injury,C
167268302,151539684,2022-02-15,Winston-Salem,NC0340200,13A,B,B,N,M,36,R,N,,Parking/Drop Lot/Garage,Parking Lot,Motor Vehicle/Vessel,,C
167268303,151539684,2022-02-15,Winston-Salem,NC0340200,13A,B,B,N,F,36,R,N,,Parking/Drop Lot/Garage,Parking Lot,Motor Vehicle/Vessel,,C
167268305,151539686,2022-02-15,Winston-Salem,NC0340200,13A,W,W,N,M,34,R,N,RU,Field/Woods,Field & Woods,Motor Vehicle/Vessel;Personal Weapons,Minor Injury,C
167268325,151539703,2022-02-16,Winston-Salem,NC0340200,13A,B,B,N,F,26,R,Y,BG,Residence/Home,Home,Personal Weapons,,C
167268332,151539710,2022-02-16,Winston-Salem,NC0340200,13A,H,B,H,M,24,R,N,AQ;VO,Industrial Site,Industrial Site,Blunt Object;Other,Minor Injury,C
167268333,151539710,2022-02-16,Winston-Salem,NC0340200,13A,H,W,H,M,24,R,N,AQ;VO,Industrial Site,Industrial Site,Blunt Object;Other,Minor Injury,C
167268346,151539721,2022-02-16,Winston-Salem,NC0340200,13A,H,W,H,F,19,R,Y,BG,Residence/Home,Home,Personal Weapons,Minor Injury,C
167268357,151539731,2022-02-16,Winston-Salem,NC0340200,13A,W,W,N,F,73,R,N,ST,Parking/Drop Lot/Garage,Parking Lot,Motor Vehicle/Vessel,,C
167268363,151539737,2022-02-16,Winston-Salem,NC0340200,13A,B,B,N,M,13,R,N,,Highway/Road/Alley/Street/Sidewalk,Street & Sidewalk,Handgun,Other Major Injury,C
167268379,151539750,2022-02-16,Winston-Salem,NC0340200,13A,B,B,N,F,45,R,N,NE,Highway/Road/Alley/Street/Sidewalk,Street & Sidewalk,Other,,C
167268380,151539750,2022-02-16,Winston-Salem,NC0340200,13A,B,B,N,M,46,R,N,NE,Highway/Road/Alley/Street/Sidewalk,Street & Sidewalk,Other,,C
167268381,151539750,2022-02-16,Winston-Salem,NC0340200,13A,B,B,N,M,21,R,N,OK,Highway/Road/Alley/Street/Sidewalk,Street & Sidewalk,Other,,C
167268473,151539832,2022-02-18,Winston-Salem,NC0340200,13A,B,B,N,M,47,R,N,,Residence/Home,Home,Handgun,,C
167268509,151539864,2022-02-18,Winston-Salem,NC0340200,13A,H,B,H,M,25,R,N,OK,Highway/Road/Alley/Street/Sidewalk,Street & Sidewalk,Rifle;Shotgun,Other Major Injury,C
167268511,151539864,2022-02-18,Winston-Salem,NC0340200,13A,W,W,N,M,31,R,N,ST,Highway/Road/Alley/Street/Sidewalk,Street & Sidewalk,Rifle;Shotgun,Other Major Injury,C
167268512,151539864,2022-02-18,Winston-Salem,NC0340200,13A,W,W,N,F,39,R,N,ST,Highway/Road/Alley/Street/Sidewalk,Street & Sidewalk,Rifle;Shotgun,,C
167268513,151539865,2022-02-18,Winston-Salem,NC0340200,13A,H,W,H,F,35,R,N,,Residence/Home,Home,Firearm,,C
167268514,151539865,2022-02-18,Winston-Salem,NC0340200,13A,B,B,N,F,35,R,N,,Residence/Home,Home,Firearm,,C
167268515,151539865,2022-02-18,Winston-Salem,NC0340200,13A,B,B,N,M,28,R,N,,Residence/Home,Home,Firearm,,C
167268562,151539908,2022-02-19,Winston-Salem,NC0340200,13A,H,W,H,M,21,R,Y,BG,Residence/Home,Home,Handgun,,C
167268597,151539936,2022-02-19,Winston-Salem,NC0340200,13A,B,B,N,F,43,R,N,OF,Residence/Home,Home,Handgun,,C
167268633,151539965,2022-02-19,Winston-Salem,NC0340200,13A,B,B,N,F,30,R,N,ST,Restaurant,Restaurant,Handgun,,C
167268634,151539965,2022-02-19,Winston-Salem,NC0340200,13A,B,B,N,F,31,R,N,ST,Restaurant,Restaurant,Handgun,,C
167268635,151539965,2022-02-19,Winston-Salem,NC0340200,13A,B,B,N,F,18,R,N,ST,Restaurant,Restaurant,Handgun,,C
167268671,151539993,2022-02-19,Winston-Salem,NC0340200,13A,W,W,N,F,49,R,N,,Highway/Road/Alley/Street/Sidewalk,Street & Sidewalk,Personal Weapons,,C
182087065,164487941,2022-02-19,Winston-Salem,NC0340200,13A,W,W,N,F,12,R,N,,Highway/Road/Alley/Street/Sidewalk,Street & Sidewalk,Rifle,,C
182087066,164487941,2022-02-19,Winston-Salem,NC0340200,13A,H,W,H,F,17,R,N,,Highway/Road/Alley/Street/Sidewalk,Street & Sidewalk,Rifle,Minor Injury,C
182087067,164487941,2022-02-19,Winston-Salem,NC0340200,13A,H,W,H,F,9,R,N,,Highway/Road/Alley/Street/Sidewalk,Street & Sidewalk,Rifle,,C
182087068,164487941,2022-02-19,Winston-Salem,NC0340200,13A,W,W,N,F,16,R,N,,Highway/Road/Alley/Street/Sidewalk,Street & Sidewalk,Rifle,Other Major Injury,C
182087069,164487941,2022-02-19,Winston-Salem,NC0340200,13A,W,W,N,M,18,R,N,,Highway/Road/Alley/Street/Sidewalk,Street & Sidewalk,Rifle,,C
167268690,151540004,2022-02-20,Winston-Salem,NC0340200,13A,B,B,N,M,49,R,N,,Residence/Home,Home,Unknown,,C
167268691,151540004,2022-02-20,Winston-Salem,NC0340200,13A,B,B,N,F,42,R,N,,Residence/Home,Home,Unknown,,C
167268710,151540021,2022-02-20,Winston-Salem,NC0340200,13A,B,B,N,F,59,R,N,AQ,Department/Discount Store,Department Store,Handgun;Personal Weapons,,C
167268711,151540021,2022-02-20,Winston-Salem,NC0340200,13A,B,B,N,M,25,R,N,AQ,Department/Discount Store,Department Store,Handgun;Personal Weapons,,C
167268712,151540021,2022-02-20,Winston-Salem,NC0340200,13A,B,B,N,M,25,R,N,AQ,Department/Discount Store,Department Store,Handgun;Personal Weapons,,C
167268713,151540021,2022-02-20,Winston-Salem,NC0340200,13A,B,B,N,M,3,N,N,CH,Department/Discount Store,Department Store,Handgun;Personal Weapons,Minor Injury,C
171167965,154947323,2022-02-20,Winston-Salem,NC0340200,13A,B,B,N,M,32,N,N,,Convenience Store,Convenience Store,Handgun,,C
176765697,159833979,2022-02-20,Winston-Salem,NC0340200,13A,B,B,N,F,22,R,N,,Residence/Home,Home,Firearm,,C
176765698,159833979,2022-02-20,Winston-Salem,NC0340200,13A,B,B,N,F,33,R,N,,Residence/Home,Home,Firearm,,C
167268800,151540094,2022-02-21,Winston-Salem,NC0340200,13A,B,B,N,M,35,R,N,,Parking/Drop Lot/Garage,Parking Lot,Handgun,,C
167268824,151540113,2022-02-21,Winston-Salem,NC0340200,13A,W,W,N,F,61,R,N,RU,Parking/Drop Lot/Garage,Parking Lot,Firearm,,C
167268825,151540113,2022-02-21,Winston-Salem,NC0340200,13A,W,W,N,M,33,R,N,RU,Parking/Drop Lot/Garage,Parking Lot,Firearm,,C
167268826,151540113,2022-02-21,Winston-Salem,NC0340200,13A,B,B,N,F,31,R,N,RU,Parking/Drop Lot/Garage,Parking Lot,Firearm,,C
167268827,151540113,2022-02-21,Winston-Salem,NC0340200,13A,H,W,H,F,39,R,N,RU,Parking/Drop Lot/Garage,Parking Lot,Firearm,,C
167268828,151540113,2022-02-21,Winston-Salem,NC0340200,13A,B,B,N,F,33,R,N,RU,Parking/Drop Lot/Garage,Parking Lot,Firearm,,C
167268829,151540113,2022-02-21,Winston-Salem,NC0340200,13A,B,B,N,F,42,R,N,RU,Parking/Drop Lot/Garage,Parking Lot,Firearm,,C
167268830,151540113,2022-02-21,Winston-Salem,NC0340200,13A,B,B,N,F,24,R,N,RU,Parking/Drop Lot/Garage,Parking Lot,Firearm,,C
167268831,151540113,2022-02-21,Winston-Salem,NC0340200,13A,W,W,N,F,36,R,N,RU,Parking/Drop Lot/Garage,Parking Lot,Firearm,,C
167268832,151540113,2022-02-21,Winston-Salem,NC0340200,13A,W,W,N,F,16,R,N,RU,Parking/Drop Lot/Garage,Parking Lot,Firearm,,C
167268833,151540113,2022-02-21,Winston-Salem,NC0340200,13A,W,W,N,F,11,R,N,RU,Parking/Drop Lot/Garage,Parking Lot,Firearm,,C
167268834,151540113,2022-02-21,Winston-Salem,NC0340200,13A,B,B,N,M,9,R,N,RU,Parking/Drop Lot/Garage,Parking Lot,Firearm,,C
167268835,151540113,2022-02-21,Winston-Salem,NC0340200,13A,B,B,N,F,1,R,N,RU,Parking/Drop Lot/Garage,Parking Lot,Firearm,,C
167268836,151540113,2022-02-21,Winston-Salem,NC0340200,13A,B,B,N,F,13,R,N,RU,Parking/Drop Lot/Garage,Parking Lot,Firearm,,C
167268837,151540113,2022-02-21,Winston-Salem,NC0340200,13A,B,B,N,M,11,R,N,RU,Parking/Drop Lot/Garage,Parking Lot,Firearm,,C
167268842,151540117,2022-02-21,Winston-Salem,NC0340200,13A,W,W,N,F,57,R,N,,Residence/Home,Home,Rifle (Automatic);Shotgun,,C
167268843,151540117,2022-02-21,Winston-Salem,NC0340200,13A,B,B,N,M,56,R,N,,Residence/Home,Home,Rifle (Automatic);Shotgun,,C
167268844,151540117,2022-02-21,Winston-Salem,NC0340200,13A,B,B,N,M,52,R,N,,Residence/Home,Home,Rifle (Automatic);Shotgun,,C
167268845,151540117,2022-02-21,Winston-Salem,NC0340200,13A,B,B,N,M,26,R,N,,Residence/Home,Home,Rifle (Automatic);Shotgun,,C
171167968,154947325,2022-02-21,Winston-Salem,NC0340200,13A,W,W,N,F,30,R,N,ST,Convenience Store,Convenience Store,Motor Vehicle/Vessel,,C
173178643,156705037,2022-02-21,Winston-Salem,NC0340200,13A,B,B,N,M,28,R,Y,AQ;BG;VO,Residence/Home,Home,Knife/Cutting Instrument,,C
173178644,156705037,2022-02-21,Winston-Salem,NC0340200,13A,B,B,N,F,25,R,Y,BG;OK;VO,Residence/Home,Home,Knife/Cutting Instrument,Minor Injury,C
167268857,151540128,2022-02-22,Winston-Salem,NC0340200,13A,B,B,N,F,19,R,N,OK,Residence/Home,Home,Firearm,,C
167268906,151540173,2022-02-22,Winston-Salem,NC0340200,13A,B,B,N,F,25,R,Y,XR,Residence/Home,Home,Personal Weapons,Minor Injury,C
167268909,151540176,2022-02-22,Winston-Salem,NC0340200,13A,H,W,H,F,46,R,N,,Residence/Home,Home,Handgun,,C
167268910,151540176,2022-02-22,Winston-Salem,NC0340200,13A,H,W,H,F,15,R,N,,Residence/Home,Home,Handgun,,C
167268911,151540176,2022-02-22,Winston-Salem,NC0340200,13A,H,W,H,F,16,R,N,,Residence/Home,Home,Handgun,,C
167268912,151540176,2022-02-22,Winston-Salem,NC0340200,13A,W,W,N,F,15,R,N,,Residence/Home,Home,Handgun,,C
167268913,151540176,2022-02-22,Winston-Salem,NC0340200,13A,H,W,H,F,14,R,N,,Residence/Home,Home,Handgun,,C
167268914,151540176,2022-02-22,Winston-Salem,NC0340200,13A,W,W,N,M,16,R,N,,Residence/Home,Home,Handgun,,C
167268921,151540182,2022-02-22,Winston-Salem,NC0340200,13A,B,B,N,M,50,R,N,OK,Residence/Home,Home,Knife/Cutting Instrument,,C
167268946,151540205,2022-02-23,Winston-Salem,NC0340200,13A,B,B,N,F,56,R,N,PA;VO,Residence/Home,Home,Knife/Cutting Instrument,,C
167268947,151540205,2022-02-23,Winston-Salem,NC0340200,13A,B,B,N,M,28,N,N,CH;VO,Residence/Home,Home,Knife/Cutting Instrument,,C
167269001,151540243,2022-02-23,Winston-Salem,NC0340200,13A,B,B,N,M,58,R,N,OK,Shelter-Mission/Homeless,Shelter,Other,,C
167269002,151540243,2022-02-23,Winston-Salem,NC0340200,13A,B,B,N,M,55,R,N,OK,Shelter-Mission/Homeless,Shelter,Other,,C
167269005,151540246,2022-02-23,Winston-Salem,NC0340200,13A,B,B,N,M,29,R,N,RU,Residence/Home,Home,Knife/Cutting Instrument,Severe Laceration,C
167269012,151540252,2022-02-23,Winston-Salem,NC0340200,13A,B,B,N,F,28,R,N,,Highway/Road/Alley/Street/Sidewalk,Street & Sidewalk,Other Firearm,,C
167269017,151540257,2022-02-23,Winston-Salem,NC0340200,13A,B,B,N,F,23,R,N,,Field/Woods,Field & Woods,Handgun;Rifle,,C
167269018,151540257,2022-02-23,Winston-Salem,NC0340200,13A,B,B,N,M,26,N,N,,Field/Woods,Field & Woods,Handgun;Rifle,,C
167269019,151540257,2022-02-23,Winston-Salem,NC0340200,13A,B,B,N,M,26,N,N,,Field/Woods,Field & Woods,Handgun;Rifle,,C
167269020,151540258,2022-02-23,Winston-Salem,NC0340200,13A,B,B,N,M,29,R,N,,Highway/Road/Alley/Street/Sidewalk,Street & Sidewalk,Handgun;Rifle,,C
167269021,151540258,2022-02-23,Winston-Salem,NC0340200,13A,H,W,H,F,30,R,N,,Highway/Road/Alley/Street/Sidewalk,Street & Sidewalk,Handgun;Rifle,,C
167269022,151540258,2022-02-23,Winston-Salem,NC0340200,13A,B,B,N,M,1,R,N,,Highway/Road/Alley/Street/Sidewalk,Street & Sidewalk,Handgun;Rifle,,C
167269023,151540258,2022-02-23,Winston-Salem,NC0340200,13A,W,W,N,M,67,R,N,,Highway/Road/Alley/Street/Sidewalk,Street & Sidewalk,Handgun;Rifle,,C
167269024,151540258,2022-02-23,Winston-Salem,NC0340200,13A,H,B,H,F,12,R,N,,Highway/Road/Alley/Street/Sidewalk,Street & Sidewalk,Handgun;Rifle,,C
167269025,151540258,2022-02-23,Winston-Salem,NC0340200,13A,B,B,N,F,9,R,N,,Highway/Road/Alley/Street/Sidewalk,Street & Sidewalk,Handgun;Rifle,,C
167269026,151540258,2022-02-23,Winston-Salem,NC0340200,13A,B,B,N,M,6,R,N,,Highway/Road/Alley/Street/Sidewalk,Street & Sidewalk,Handgun;Rifle,,C
168240603,152389354,2022-02-23,Winston-Salem,NC0340200,13A,B,B,N,M,34,R,N,,Highway/Road/Alley/Street/Sidewalk,Street & Sidewalk,Handgun,Other Major Injury,C
171167972,154947329,2022-02-23,Winston-Salem,NC0340200,13A,B,B,N,M,41,R,N,RU,Residence/Home,Home,Handgun,,C
171167973,154947329,2022-02-23,Winston-Salem,NC0340200,13A,B,B,N,F,40,R,N,RU,Residence/Home,Home,Handgun,,C
171167974,154947329,2022-02-23,Winston-Salem,NC0340200,13A,B,B,N,M,15,R,N,RU,Residence/Home,Home,Handgun,,C
171167975,154947329,2022-02-23,Winston-Salem,NC0340200,13A,B,B,N,F,75,R,N,RU,Residence/Home,Home,Handgun,,C
171167976,154947329,2022-02-23,Winston-Salem,NC0340200,13A,B,B,N,F,49,R,N,RU,Residence/Home,Home,Handgun,,C
171167977,154947329,2022-02-23,Winston-Salem,NC0340200,13A,B,B,N,M,16,R,N,RU,Residence/Home,Home,Handgun,,C
167269061,151540284,2022-02-24,Winston-Salem,NC0340200,13A,B,B,N,M,44,R,N,,Parking/Drop Lot/Garage,Parking Lot,Rifle,,C
167269069,151540292,2022-02-24,Winston-Salem,NC0340200,13A,B,B,N,F,19,N,N,AQ;OK;VO,Residence/Home,Home,Knife/Cutting Instrument,,C
167269070,151540292,2022-02-24,Winston-Salem,NC0340200,13A,B,B,N,F,39,N,N,OK;PA;VO,Residence/Home,Home,Knife/Cutting Instrument,Minor Injury,C
167269071,151540292,2022-02-24,Winston-Salem,NC0340200,13A,B,B,N,F,19,N,N,AQ;CH;VO,Residence/Home,Home,Knife/Cutting Instrument,,C
171167979,154947331,2022-02-24,Winston-Salem,NC0340200,13A,B,B,N,F,58,R,N,,Highway/Road/Alley/Street/Sidewalk,Street & Sidewalk,Personal Weapons,Severe Laceration,C
171171007,154949827,2022-02-24,Winston-Salem,NC0340200,13A,W,W,N,F,37,R,Y,XR,Residence/Home,Home,Blunt Object;Firearm;Personal Weapons,Possible Internal Injury;Severe Laceration,C
167269119,151540336,2022-02-25,Winston-Salem,NC0340200,13A,H,W,H,M,43,R,N,AQ,Residence/Home,Home,Knife/Cutting Instrument,,C
167269123,151540339,2022-02-25,Winston-Salem,NC0340200,13A,W,W,N,F,29,N,Y,XR,Residence/Home,Home,Other,Minor Injury,C
167269134,151540349,2022-02-25,Winston-Salem,NC0340200,13A,W,W,N,M,53,N,N,AQ,Residence/Home,Home,Handgun,,C
167269172,151540382,2022-02-25,Winston-Salem,NC0340200,13A,B,B,N,M,28,R,Y,BG;VO,Residence/Home,Home,Knife/Cutting Instrument,Minor Injury,C
167269178,151540387,2022-02-25,Winston-Salem,NC0340200,13A,W,W,N,M,53,N,N,NE,Residence/Home,Home,Handgun,,C
167269186,151540394,2022-02-25,Winston-Salem,NC0340200,13A,B,B,N,M,23,R,N,SB,Residence/Home,Home,Handgun,Minor Injury,C
167269222,151540423,2022-02-26,Winston-Salem,NC0340200,13A,B,B,N,M,66,R,N,FR;VO,Residence/Home,Home,Knife/Cutting Instrument,,C
167269223,151540423,2022-02-26,Winston-Salem,NC0340200,13A,B,B,N,F,46,R,N,FR;VO,Residence/Home,Home,Knife/Cutting Instrument,,C
167269225,151540424,2022-02-26,Winston-Salem,NC0340200,13A,W,W,N,M,75,R,N,RU,Auto Dealership New/Used,Auto Dealership,Handgun,,C
167269248,151540442,2022-02-26,Winston-Salem,NC0340200,13A,B,B,N,M,34,N,N,,Highway/Road/Alley/Street/Sidewalk,Street & Sidewalk,Firearm,Other Major Injury,C
167269251,151540445,2022-02-26,Winston-Salem,NC0340200,13A,H,W,H,M,17,R,N,,Highway/Road/Alley/Street/Sidewalk,Street & Sidewalk,Firearm,,C
167269260,151540453,2022-02-26,Winston-Salem,NC0340200,13A,W,W,N,M,48,R,Y,BG;VO,Residence/Home,Home,Other,Minor Injury,C
167269261,151540453,2022-02-26,Winston-Salem,NC0340200,13A,W,W,N,F,49,R,Y,BG;VO,Residence/Home,Home,Other,Minor Injury,C
167269264,151540456,2022-02-26,Winston-Salem,NC0340200,13A,H,W,H,M,48,R,N,,Residence/Home,Home,Firearm,,C
167269266,151540456,2022-02-26,Winston-Salem,NC0340200,13A,H,W,H,F,42,R,N,,Residence/Home,Home,Firearm,,C
182087073,164487945,2022-02-26,Winston-Salem,NC0340200,13A,B,B,N,F,52,R,N,SB,Residence/Home,Home,Handgun,,C
182087074,164487945,2022-02-26,Winston-Salem,NC0340200,13A,B,B,N,M,33,R,N,OF,Residence/Home,Home,Handgun,,C
167269273,151540462,2022-02-27,Winston-Salem,NC0340200,13A,B,B,N,M,27,N,N,RU,Residence/Home,Home,Knife/Cutting Instrument,Severe Laceration,C
167269281,151540468,2022-02-27,Winston-Salem,NC0340200,13A,W,W,N,M,32,R,Y,BG;VO,Residence/Home,Home,Blunt Object;Personal Weapons,Minor Injury,C
167269282,151540468,2022-02-27,Winston-Salem,NC0340200,13A,W,W,N,M,30,R,Y,BG;VO,Residence/Home,Home,Blunt Object;Personal Weapons,Other Major Injury;Possible Internal Injury,C
167269287,151540473,2022-02-27,Winston-Salem,NC0340200,13A,W,W,N,M,32,R,Y,BG,Residence/Home,Home,Knife/Cutting Instrument;Personal Weapons,Minor Injury,C
167269289,151540474,2022-02-27,Winston-Salem,NC0340200,13A,B,B,N,M,49,R,N,ST,Air/Bus/Train Terminal,Transit Station,Knife/Cutting Instrument,,C
167269290,151540475,2022-02-27,Winston-Salem,NC0340200,13A,B,B,N,M,57,R,N,,Highway/Road/Alley/Street/Sidewalk,Street & Sidewalk,Unknown,Possible Internal Injury,C
171167982,154947334,2022-02-27,Winston-Salem,NC0340200,13A,B,B,N,M,28,R,Y,BG,Residence/Home,Home,Blunt Object,Severe Laceration,C
167269329,151540511,2022-02-28,Winston-Salem,NC0340200,13A,B,B,N,M,72,R,N,OK,Residence/Home,Home,Other,Minor Injury,C
167269356,151540527,2022-02-28,Winston-Salem,NC0340200,13A,B,B,N,F,32,R,N,,Highway/Road/Alley/Street/Sidewalk,Street & Sidewalk,Firearm,,C
167269397,151540566,2022-02-28,Winston-Salem,NC0340200,13A,H,W,H,M,59,R,N,,Residence/Home,Home,Handgun,,C
168240629,152389377,2022-03-01,Winston-Salem,NC0340200,13A,B,B,N,M,24,R,Y,BG;VO,Residence/Home,Home,Poison,,C
168240630,152389377,2022-03-01,Winston-Salem,NC0340200,13A,B,B,N,F,25,R,Y,BG;VO,Residence/Home,Home,Poison,,C
168240657,152389403,2022-03-01,Winston-Salem,NC0340200,13A,W,W,N,F,58,R,N,SS,Residence/Home,Home,Fire/Incendiary Device,,C
179443622,162173467,2022-03-02,Winston-Salem,NC0340200,13A,B,B,N,M,26,R,N,,Convenience Store,Convenience Store,Firearm,,C
179443623,162173467,2022-03-02,Winston-Salem,NC0340200,13A,B,B,N,F,53,R,N,,Convenience Store,Convenience Store,Firearm,,C
168240770,152389500,2022-03-03,Winston-Salem,NC0340200,13A,W,W,N,M,26,R,N,AQ,Parking/Drop Lot/Garage,Parking Lot,Motor Vehicle/Vessel,Minor Injury,C
168240829,152389557,2022-03-03,Winston-Salem,NC0340200,13A,B,B,N,M,40,R,N,,Residence/Home,Home,Firearm,,C
168240830,152389557,2022-03-03,Winston-Salem,NC0340200,13A,B,B,N,F,27,R,N,,Residence/Home,Home,Firearm,,C
168240833,152389560,2022-03-03,Winston-Salem,NC0340200,13A,B,B,N,F,48,R,N,,Parking/Drop Lot/Garage,Parking Lot,Knife/Cutting Instrument,Other Major Injury,C
168240835,152389562,2022-03-04,Winston-Salem,NC0340200,13A,B,B,N,M,31,R,N,,Residence/Home,Home,Firearm,Minor Injury,C
168240866,152389591,2022-03-04,Winston-Salem,NC0340200,13A,W,W,N,M,34,R,N,AQ,Residence/Home,Home,Knife/Cutting Instrument,,C
168240909,152389616,2022-03-04,Winston-Salem,NC0340200,13A,B,B,N,M,51,R,N,,Residence/Home,Home,Other Firearm,,C
168240910,152389616,2022-03-04,Winston-Salem,NC0340200,13A,B,B,N,F,35,R,N,,Residence/Home,Home,Other Firearm,,C
168240911,152389616,2022-03-04,Winston-Salem,NC0340200,13A,B,B,N,M,18,R,N,,Residence/Home,Home,Other Firearm,,C
168241221,152389886,2022-03-04,Winston-Salem,NC0340200,13A,W,W,N,F,22,R,Y,XR,Highway/Road/Alley/Street/Sidewalk,Street & Sidewalk,Handgun,,C
168240953,152389651,2022-03-05,Winston-Salem,NC0340200,13A,W,W,N,M,39,R,N,FR,Residence/Home,Home,Knife/Cutting Instrument,,C
168240957,152389655,2022-03-05,Winston-Salem,NC0340200,13A,B,B,N,F,58,R,N,PA,Residence/Home,Home,Other;Personal Weapons,Severe Laceration,C
168240981,152389676,2022-03-05,Winston-Salem,NC0340200,13A,B,B,U,F,23,R,N,RU,Parking/Drop Lot/Garage,Parking Lot,Other,,C
168240990,152389684,2022-03-05,Winston-Salem,NC0340200,13A,B,B,N,F,46,R,Y,BG,Residence/Home,Home,Knife/Cutting Instrument,,C
184806413,166861661,2022-03-05,Winston-Salem,NC0340200,13A,B,B,N,F,42,R,N,,Residence/Home,Home,Handgun,,C
184806414,166861661,2022-03-05,Winston-Salem,NC0340200,13A,B,B,N,F,18,R,N,,Residence/Home,Home,Handgun,,C
184806415,166861661,2022-03-05,Winston-Salem,NC0340200,13A,B,B,N,F,18,R,N,,Residence/Home,Home,Handgun,,C
168241032,152389724,2022-03-06,Winston-Salem,NC0340200,13A,W,W,N,F,63,R,N,,Residence/Home,Home,Handgun,Other Major Injury,C
168241041,152389732,2022-03-06,Winston-Salem,NC0340200,13A,B,B,N,M,23,R,N,,Highway/Road/Alley/Street/Sidewalk,Street & Sidewalk,Handgun,,C
168241056,152389744,2022-03-06,Winston-Salem,NC0340200,13A,W,W,N,M,14,R,N,ST,Highway/Road/Alley/Street/Sidewalk,Street & Sidewalk,,,C
168241057,152389744,2022-03-06,Winston-Salem,NC0340200,13A,W,W,N,M,19,R,N,ST,Highway/Road/Alley/Street/Sidewalk,Street & Sidewalk,,,C
168241058,152389745,2022-03-06,Winston-Salem,NC0340200,13A,B,B,N,M,11,R,N,OK,Residence/Home,Home,Personal Weapons,,C
168241074,152389761,2022-03-06,Winston-Salem,NC0340200,13A,B,B,N,M,42,R,N,AQ,Highway/Road/Alley/Street/Sidewalk,Street & Sidewalk,Motor Vehicle/Vessel,Minor Injury,C
168241077,152389764,2022-03-06,Winston-Salem,NC0340200,13A,B,B,N,M,62,R,Y,SE;VO,Residence/Home,Home,Blunt Object,Minor Injury,C
168241078,152389764,2022-03-06,Winston-Salem,NC0340200,13A,B,B,N,F,54,R,Y,SE;VO,Residence/Home,Home,Blunt Object,Minor Injury,C
168241096,152389780,2022-03-06,Winston-Salem,NC0340200,13A,B,B,N,F,19,R,N,RU,Highway/Road/Alley/Street/Sidewalk,Street & Sidewalk,Handgun,Other Major Injury,C
168241098,152389780,2022-03-06,Winston-Salem,NC0340200,13A,B,B,N,M,20,R,N,RU,Highway/Road/Alley/Street/Sidewalk,Street & Sidewalk,Handgun,Other Major Injury,C
168241099,152389780,2022-03-06,Winston-Salem,NC0340200,13A,B,B,N,F,20,R,N,RU,Highway/Road/Alley/Street/Sidewalk,Street & Sidewalk,Handgun,Severe Laceration,C
176765712,159833993,2022-03-06,Winston-Salem,NC0340200,13A,W,W,N,M,38,R,Y,BG,Highway/Road/Alley/Street/Sidewalk,Street & Sidewalk,Personal Weapons,Minor Injury,C
168241224,152389889,2022-03-08,Winston-Salem,NC0340200,13A,B,B,N,M,33,R,N,,Other/Unknown,Other & Unknown,Firearm,Other Major Injury,C
168241253,152389915,2022-03-08,Winston-Salem,NC0340200,13A,B,B,N,M,85,R,N,,Residence/Home,Home,Firearm,,C
168241265,152389927,2022-03-08,Winston-Salem,NC0340200,13A,W,W,N,M,46,R,N,,Residence/Home,Home,,,C
168241266,152389927,2022-03-08,Winston-Salem,NC0340200,13A,U,U,N,F,44,R,N,,Residence/Home,Home,,,C
168241267,152389927,2022-03-08,Winston-Salem,NC0340200,13A,W,W,N,M,19,R,N,,Residence/Home,Home,,,C
168241268,152389927,2022-03-08,Winston-Salem,NC0340200,13A,W,W,N,M,16,R,N,,Residence/Home,Home,,,C
168241269,152389927,2022-03-08,Winston-Salem,NC0340200,13A,W,W,N,M,22,R,N,,Residence/Home,Home,,,C
168241295,152389945,2022-03-09,Winston-Salem,NC0340200,13A,B,B,N,M,44,R,N,ST,Highway/Road/Alley/Street/Sidewalk,Street & Sidewalk,Shotgun,,C
168241296,152389945,2022-03-09,Winston-Salem,NC0340200,13A,B,B,N,F,47,R,Y,XR,Highway/Road/Alley/Street/Sidewalk,Street & Sidewalk,Shotgun,Apparent Broken Bones,C
168241344,152389985,2022-03-09,Winston-Salem,NC0340200,13A,B,B,N,M,67,N,N,PA,Residence/Home,Home,Knife/Cutting Instrument,,C
168241352,152389993,2022-03-09,Winston-Salem,NC0340200,13A,B,B,N,F,43,R,N,PA;VO,Residence/Home,Home,Blunt Object;Personal Weapons,,C
168241353,152389993,2022-03-09,Winston-Salem,NC0340200,13A,B,B,N,F,16,R,N,CH;OF;VO,Residence/Home,Home,Blunt Object;Personal Weapons,,C
168241354,152389993,2022-03-09,Winston-Salem,NC0340200,13A,B,B,N,F,15,R,N,CH;OF;VO,Residence/Home,Home,Blunt Object;Personal Weapons,,C
187718274,169399970,2022-03-09,Winston-Salem,NC0340200,13A,B,B,N,M,42,R,N,RU,Residence/Home,Home,Knife/Cutting Instrument,Possible Internal Injury;Severe Laceration,C
168241364,152389999,2022-03-10,Winston-Salem,NC0340200,13A,B,B,N,F,48,R,Y,XR,Residence/Home,Home,Blunt Object,Minor Injury,C
168241419,152390048,2022-03-10,Winston-Salem,NC0340200,13A,B,B,N,F,32,R,Y,BG,Department/Discount Store,Department Store,Handgun,,C
168241427,152390054,2022-03-10,Winston-Salem,NC0340200,13A,B,B,N,M,56,R,Y,XR,Highway/Road/Alley/Street/Sidewalk,Street & Sidewalk,Motor Vehicle/Vessel,,C
168241460,152390080,2022-03-11,Winston-Salem,NC0340200,13A,B,B,N,F,24,R,Y,BG,Drug Store/Doctor's Office/Hospital,Hospital & Clinic,Handgun,,C
168241486,152390103,2022-03-11,Winston-Salem,NC0340200,13A,B,B,N,F,22,N,N,SB;VO,Residence/Home,Home,Knife/Cutting Instrument,,C
168241487,152390103,2022-03-11,Winston-Salem,NC0340200,13A,B,B,N,M,19,R,N,SS;VO,Residence/Home,Home,Knife/Cutting Instrument,Minor Injury,C
168241488,152390104,2022-03-11,Winston-Salem,NC0340200,13A,H,W,H,M,41,N,N,OK;VO,Residence/Home,Home,Blunt Object;Personal Weapons,Other Major Injury,C
168241489,152390104,2022-03-11,Winston-Salem,NC0340200,13A,H,W,H,M,24,R,N,OK;VO,Residence/Home,Home,Blunt Object;Personal Weapons,Minor Injury,C
168241490,152390104,2022-03-11,Winston-Salem,NC0340200,13A,H,W,H,M,21,R,N,OF;OK,Residence/Home,Home,Blunt Object;Personal Weapons,,C
168241501,152390115,2022-03-11,Winston-Salem,NC0340200,13A,B,B,N,M,28,R,N,,Service/Gas Station,Gas Station,Handgun,,C
168241518,152390127,2022-03-12,Winston-Salem,NC0340200,13A,B,B,N,M,44,N,N,,Highway/Road/Alley/Street/Sidewalk,Street & Sidewalk,Knife/Cutting Instrument,Minor Injury,C
168241551,152390155,2022-03-12,Winston-Salem,NC0340200,13A,W,W,N,F,34,R,Y,XR,Residence/Home,Home,Knife/Cutting Instrument,,C
168241562,152390165,2022-03-12,Winston-Salem,NC0340200,13A,B,B,N,M,69,R,Y,BG;FR,Residence/Home,Home,Unknown,Severe Laceration,C
168241563,152390166,2022-03-12,Winston-Salem,NC0340200,13A,B,B,N,F,42,R,N,OF,Residence/Home,Home,Knife/Cutting Instrument,,C
168241594,152390189,2022-03-13,Winston-Salem,NC0340200,13A,B,B,N,M,31,R,N,AQ,Highway/Road/Alley/Street/Sidewalk,Street & Sidewalk,Motor Vehicle/Vessel,Minor Injury,C
168241596,152390191,2022-03-13,Winston-Salem,NC0340200,13A,B,B,N,M,56,R,Y,VO;XR,Residence/Home,Home,Knife/Cutting Instrument,Minor Injury,C
168241619,152390208,2022-03-13,Winston-Salem,NC0340200,13A,B,B,N,M,23,R,Y,BG;VO,Residence/Home,Home,Knife/Cutting Instrument,,C
168241620,152390208,2022-03-13,Winston-Salem,NC0340200,13A,B,B,N,F,29,R,Y,BG;VO,Residence/Home,Home,Knife/Cutting Instrument,Minor Injury,C
182087078,164487949,2022-03-13,Winston-Salem,NC0340200,13A,H,W,H,M,53,R,N,,Residence/Home,Home,Firearm,,C
182087079,164487949,2022-03-13,Winston-Salem,NC0340200,13A,H,W,H,F,36,R,N,,Residence/Home,Home,Firearm,,C
182087080,164487949,2022-03-13,Winston-Salem,NC0340200,13A,H,W,H,M,15,R,N,,Residence/Home,Home,Firearm,,C
182087081,164487949,2022-03-13,Winston-Salem,NC0340200,13A,W,W,N,F,17,R,N,,Residence/Home,Home,Firearm,,C
182087082,164487949,2022-03-13,Winston-Salem,NC0340200,13A,H,W,H,F,11,R,N,,Residence/Home,Home,Firearm,,C
182087083,164487949,2022-03-13,Winston-Salem,NC0340200,13A,W,W,N,F,10,R,N,,Residence/Home,Home,Firearm,,C
168241651,152390234,2022-03-14,Winston-Salem,NC0340200,13A,H,W,H,F,39,R,Y,XR,Highway/Road/Alley/Street/Sidewalk,Street & Sidewalk,Motor Vehicle/Vessel,,C
168241697,152390270,2022-03-14,Winston-Salem,NC0340200,13A,B,B,N,F,65,R,N,,Parking/Drop Lot/Garage,Parking Lot,Blunt Object,,C
168241701,152390273,2022-03-14,Winston-Salem,NC0340200,13A,W,W,N,M,53,N,N,AQ,Residence/Home,Home,Motor Vehicle/Vessel,,C
168241724,152390293,2022-03-14,Winston-Salem,NC0340200,13A,B,B,N,M,48,R,N,RU,Residence/Home,Home,Handgun,,C
168241790,152390353,2022-03-15,Winston-Salem,NC0340200,13A,B,B,N,F,25,R,N,ST,Highway/Road/Alley/Street/Sidewalk,Street & Sidewalk,Handgun,,C
168241791,152390353,2022-03-15,Winston-Salem,NC0340200,13A,B,B,N,M,24,R,N,ST,Highway/Road/Alley/Street/Sidewalk,Street & Sidewalk,Handgun,,C
168241792,152390354,2022-03-15,Winston-Salem,NC0340200,13A,B,B,N,M,27,R,N,AQ;VO,Residence/Home,Home,Personal Weapons,Minor Injury,C
168241793,152390354,2022-03-15,Winston-Salem,NC0340200,13A,B,B,N,F,23,R,N,AQ;VO,Residence/Home,Home,Personal Weapons,Minor Injury,C
168241801,152390361,2022-03-15,Winston-Salem,NC0340200,13A,W,W,N,F,39,R,N,ST,Park/Playground,Park & Playground,Handgun,,C
168241821,152390378,2022-03-15,Winston-Salem,NC0340200,13A,B,B,N,M,37,R,N,,Residence/Home,Home,Firearm,,C
168241822,152390378,2022-03-15,Winston-Salem,NC0340200,13A,B,B,N,M,16,R,N,,Residence/Home,Home,Firearm,,C
168241823,152390378,2022-03-15,Winston-Salem,NC0340200,13A,B,B,N,F,32,R,N,,Residence/Home,Home,Firearm,,C
168241825,152390380,2022-03-15,Winston-Salem,NC0340200,13A,H,W,H,M,25,R,N,,Highway/Road/Alley/Street/Sidewalk,Street & Sidewalk,Handgun,,C
168241826,152390380,2022-03-15,Winston-Salem,NC0340200,13A,H,W,H,F,25,R,N,,Highway/Road/Alley/Street/Sidewalk,Street & Sidewalk,Handgun,,C
168241827,152390380,2022-03-15,Winston-Salem,NC0340200,13A,H,W,H,M,1,R,N,,Highway/Road/Alley/Street/Sidewalk,Street & Sidewalk,Handgun,,C
168241828,152390380,2022-03-15,Winston-Salem,NC0340200,13A,H,W,H,M,5,R,N,,Highway/Road/Alley/Street/Sidewalk,Street & Sidewalk,Handgun,,C
168241839,152390391,2022-03-16,Winston-Salem,NC0340200,13A,H,W,H,M,24,R,N,,Residence/Home,Home,Firearm,Other Major Injury,C
168241840,152390392,2022-03-16,Winston-Salem,NC0340200,13A,B,B,N,F,35,R,N,OK,Hotel/Motel/Etc.,Hotel & Motel,Knife/Cutting Instrument,Minor Injury,C
168241851,152390396,2022-03-16,Winston-Salem,NC0340200,13A,B,B,N,M,20,N,N,,Highway/Road/Alley/Street/Sidewalk,Street & Sidewalk,Handgun,,C
168241852,152390396,2022-03-16,Winston-Salem,NC0340200,13A,B,B,N,M,21,R,N,,Highway/Road/Alley/Street/Sidewalk,Street & Sidewalk,Handgun,,C
168241853,152390397,2022-03-16,Winston-Salem,NC0340200,13A,B,B,N,M,56,R,Y,XR,Residence/Home,Home,Knife/Cutting Instrument,Minor Injury,C
168241894,152390430,2022-03-16,Winston-Salem,NC0340200,13A,B,B,N,F,25,R,N,AQ,Parking/Drop Lot/Garage,Parking Lot,Knife/Cutting Instrument,Minor Injury,C
168241912,152390447,2022-03-16,Winston-Salem,NC0340200,13A,I,I,N,M,26,R,N,ST,Highway/Road/Alley/Street/Sidewalk,Street & Sidewalk,Motor Vehicle/Vessel,Other Major Injury,C
168241913,152390447,2022-03-16,Winston-Salem,NC0340200,13A,B,B,N,F,28,R,N,ST,Highway/Road/Alley/Street/Sidewalk,Street & Sidewalk,Motor Vehicle/Vessel,Other Major Injury,C
168241966,152390494,2022-03-16,Winston-Salem,NC0340200,13A,B,B,N,F,57,R,N,PA,Residence/Home,Home,Personal Weapons,Minor Injury,C
168242167,152390664,2022-03-16,Winston-Salem,NC0340200,13A,W,W,N,F,59,R,N,IL,Residence/Home,Home,Handgun (Automatic),,C
176765724,159834004,2022-03-16,Winston-Salem,NC0340200,13A,B,B,N,F,41,R,N,,Highway/Road/Alley/Street/Sidewalk,Street & Sidewalk,Handgun,,C
176765725,159834004,2022-03-16,Winston-Salem,NC0340200,13A,B,B,N,F,39,R,N,,Highway/Road/Alley/Street/Sidewalk,Street & Sidewalk,Handgun,,C
176765726,159834004,2022-03-16,Winston-Salem,NC0340200,13A,B,B,N,M,33,R,N,,Highway/Road/Alley/Street/Sidewalk,Street & Sidewalk,Handgun,,C
176765727,159834004,2022-03-16,Winston-Salem,NC0340200,13A,U,U,N,M,20,R,N,,Highway/Road/Alley/Street/Sidewalk,Street & Sidewalk,Handgun,,C
176765728,159834004,2022-03-16,Winston-Salem,NC0340200,13A,B,B,N,F,48,R,N,,Highway/Road/Alley/Street/Sidewalk,Street & Sidewalk,Handgun,,C
176765729,159834004,2022-03-16,Winston-Salem,NC0340200,13A,B,B,N,M,8,R,N,,Highway/Road/Alley/Street/Sidewalk,Street & Sidewalk,Handgun,,C
176765730,159834004,2022-03-16,Winston-Salem,NC0340200,13A,B,B,N,M,17,R,N,,Highway/Road/Alley/Street/Sidewalk,Street & Sidewalk,Handgun,,C
176765731,159834004,2022-03-16,Winston-Salem,NC0340200,13A,B,B,N,F,11,R,N,,Highway/Road/Alley/Street/Sidewalk,Street & Sidewalk,Handgun,,C
168241971,152390499,2022-03-17,Winston-Salem,NC0340200,13A,B,B,N,M,55,R,Y,SE,Residence/Home,Home,Fire/Incendiary Device,,C
168241975,152390502,2022-03-17,Winston-Salem,NC0340200,13A,B,B,N,F,33,R,N,ST,Highway/Road/Alley/Street/Sidewalk,Street & Sidewalk,Handgun,,C
168241976,152390502,2022-03-17,Winston-Salem,NC0340200,13A,B,B,N,M,2,R,N,ST,Highway/Road/Alley/Street/Sidewalk,Street & Sidewalk,Handgun,,C
168241977,152390502,2022-03-17,Winston-Salem,NC0340200,13A,B,B,N,F,0,R,N,ST,Highway/Road/Alley/Street/Sidewalk,Street & Sidewalk,Handgun,,C
168241992,152390515,2022-03-17,Winston-Salem,NC0340200,13A,W,W,N,F,27,R,N,,Highway/Road/Alley/Street/Sidewalk,Street & Sidewalk,Handgun,,C
168242010,152390528,2022-03-17,Winston-Salem,NC0340200,13A,B,B,N,M,13,R,N,,Residence/Home,Home,Firearm,,C
168242011,152390528,2022-03-17,Winston-Salem,NC0340200,13A,B,B,N,F,12,R,N,,Residence/Home,Home,Firearm,,C
171168039,154947380,2022-03-17,Winston-Salem,NC0340200,13A,B,B,N,M,27,R,N,RU,Convenience Store,Convenience Store,Handgun,,C
168242045,152390558,2022-03-18,Winston-Salem,NC0340200,13A,W,W,N,F,18,N,Y,BG,Residence/Home,Home,Personal Weapons,Minor Injury,C
168242075,152390585,2022-03-18,Winston-Salem,NC0340200,13A,H,W,H,M,12,R,N,,Other/Unknown,Other & Unknown,Other,Minor Injury,C
168242086,152390595,2022-03-18,Winston-Salem,NC0340200,13A,H,W,H,M,24,R,N,,Parking/Drop Lot/Garage,Parking Lot,Handgun;Rifle,Other Major Injury,C
168242087,152390595,2022-03-18,Winston-Salem,NC0340200,13A,H,W,H,M,24,R,N,,Parking/Drop Lot/Garage,Parking Lot,Handgun;Rifle,Other Major Injury,C
168242096,152390600,2022-03-18,Winston-Salem,NC0340200,13A,H,W,H,M,32,R,N,ST,Highway/Road/Alley/Street/Sidewalk,Street & Sidewalk,Personal Weapons,Severe Laceration,C
168242104,152390607,2022-03-18,Winston-Salem,NC0340200,13A,B,B,N,F,28,R,N,AQ,Highway/Road/Alley/Street/Sidewalk,Street & Sidewalk,Handgun,,C
168242466,152390924,2022-03-18,Winston-Salem,NC0340200,13A,W,W,N,M,31,N,N,,Residence/Home,Home,Unknown,,C
168242467,152390924,2022-03-18,Winston-Salem,NC0340200,13A,W,W,N,F,62,R,N,,Residence/Home,Home,Unknown,,C
168242468,152390924,2022-03-18,Winston-Salem,NC0340200,13A,W,W,N,M,9,R,N,,Residence/Home,Home,Unknown,,C
168242469,152390924,2022-03-18,Winston-Salem,NC0340200,13A,W,W,N,M,7,R,N,,Residence/Home,Home,Unknown,,C
168242470,152390924,2022-03-18,Winston-Salem,NC0340200,13A,W,W,N,F,1,R,N,,Residence/Home,Home,Unknown,,C
168242471,152390924,2022-03-18,Winston-Salem,NC0340200,13A,W,W,N,M,0,R,N,,Residence/Home,Home,Unknown,,C
168242164,152390661,2022-03-19,Winston-Salem,NC0340200,13A,B,B,N,F,24,R,N,SB,Residence/Home,Home,Blunt Object,,C
171168057,154947391,2022-03-19,Winston-Salem,NC0340200,13A,B,B,N,M,71,R,N,,Residence/Home,Home,Firearm,,C
171168058,154947391,2022-03-19,Winston-Salem,NC0340200,13A,B,B,N,F,56,R,N,,Residence/Home,Home,Firearm,,C
168242206,152390698,2022-03-20,Winston-Salem,NC0340200,13A,H,W,H,M,17,R,N,,Residence/Home,Home,Handgun,Other Major Injury,C
168242211,152390703,2022-03-20,Winston-Salem,NC0340200,13A,W,W,N,M,32,R,Y,BG;VO,Residence/Home,Home,Handgun;Personal Weapons;Shotgun,,C
168242212,152390703,2022-03-20,Winston-Salem,NC0340200,13A,B,B,N,F,33,N,Y,BG;VO,Residence/Home,Home,Handgun;Personal Weapons;Shotgun,Minor Injury,C
168242221,152390711,2022-03-20,Winston-Salem,NC0340200,13A,B,B,N,F,47,R,N,AQ,Residence/Home,Home,Handgun,,C
168242230,152390719,2022-03-20,Winston-Salem,NC0340200,13A,B,B,N,M,57,R,N,AQ,Residence/Home,Home,Handgun,,C
168242231,152390719,2022-03-20,Winston-Salem,NC0340200,13A,B,B,N,F,47,R,N,AQ,Residence/Home,Home,Handgun,,C
168242262,152390747,2022-03-20,Winston-Salem,NC0340200,13A,B,B,N,F,20,N,N,OK,Residence/Home,Home,Other,,C
168242289,152390771,2022-03-20,Winston-Salem,NC0340200,13A,H,W,H,F,22,R,N,,Field/Woods,Field & Woods,Handgun,,C
168242292,152390774,2022-03-20,Winston-Salem,NC0340200,13A,B,B,N,F,31,R,Y,XR,Residence/Home,Home,Firearm,,C
168242294,152390776,2022-03-20,Winston-Salem,NC0340200,13A,B,B,N,M,19,R,N,,Highway/Road/Alley/Street/Sidewalk,Street & Sidewalk,Firearm,Other Major Injury,C
168242296,152390778,2022-03-20,Winston-Salem,NC0340200,13A,B,B,N,M,28,R,N,,Highway/Road/Alley/Street/Sidewalk,Street & Sidewalk,Firearm,,C
168242301,152390783,2022-03-21,Winston-Salem,NC0340200,13A,B,B,N,M,67,R,N,RU,Parking/Drop Lot/Garage,Parking Lot,Knife/Cutting Instrument,Severe Laceration,C
168242338,152390814,2022-03-21,Winston-Salem,NC0340200,13A,W,W,N,M,34,R,N,,Residence/Home,Home,Unknown,,C
168242346,152390820,2022-03-21,Winston-Salem,NC0340200,13A,B,B,N,M,21,R,N,AQ,Highway/Road/Alley/Street/Sidewalk,Street & Sidewalk,Unknown,Other Major Injury,C
168242365,152390837,2022-03-21,Winston-Salem,NC0340200,13A,H,B,H,M,27,R,N,,Highway/Road/Alley/Street/Sidewalk,Street & Sidewalk,Handgun,,C
168242366,152390837,2022-03-21,Winston-Salem,NC0340200,13A,H,W,H,F,20,R,N,,Highway/Road/Alley/Street/Sidewalk,Street & Sidewalk,Handgun,,C
168242375,152390842,2022-03-21,Winston-Salem,NC0340200,13A,B,B,N,M,64,R,Y,BG,Residence/Home,Home,Knife/Cutting Instrument,Minor Injury,C
171168068,154947399,2022-03-21,Winston-Salem,NC0340200,13A,B,B,N,M,51,R,N,OK,Residence/Home,Home,Blunt Object,Minor Injury,C
171168069,154947400,2022-03-21,Winston-Salem,NC0340200,13A,B,B,N,F,46,R,N,,Residence/Home,Home,Firearm (Automatic),,C
168242412,152390877,2022-03-22,Winston-Salem,NC0340200,13A,B,B,N,F,29,R,Y,BG,Parking/Drop Lot/Garage,Parking Lot,Personal Weapons,Minor Injury,C
168242440,152390904,2022-03-22,Winston-Salem,NC0340200,13A,W,W,N,F,39,R,N,FR,Residence/Home,Home,Knife/Cutting Instrument,,C
168242491,152390943,2022-03-22,Winston-Salem,NC0340200,13A,B,B,N,M,43,N,Y,BG;VO,Highway/Road/Alley/Street/Sidewalk,Street & Sidewalk,Motor Vehicle/Vessel;Other,,C
168242492,152390943,2022-03-22,Winston-Salem,NC0340200,13A,B,B,N,F,38,R,Y,BG;VO,Highway/Road/Alley/Street/Sidewalk,Street & Sidewalk,Motor Vehicle/Vessel;Other,,C
168242496,152390947,2022-03-22,Winston-Salem,NC0340200,13A,B,B,N,F,62,R,N,OK,Drug Store/Doctor's Office/Hospital,Hospital & Clinic,Blunt Object;Other,Minor Injury,C
168242527,152390972,2022-03-23,Winston-Salem,NC0340200,13A,B,B,N,F,23,R,Y,XR,Highway/Road/Alley/Street/Sidewalk,Street & Sidewalk,Motor Vehicle/Vessel,Minor Injury;Possible Internal Injury,C
168242537,152390981,2022-03-23,Winston-Salem,NC0340200,13A,W,W,N,M,11,R,N,CF,Residence/Home,Home,Other,Minor Injury,C
168242581,152391021,2022-03-23,Winston-Salem,NC0340200,13A,W,W,N,M,20,N,N,RU,Service/Gas Station,Gas Station,Knife/Cutting Instrument,,C
171168073,154947404,2022-03-23,Winston-Salem,NC0340200,13A,B,B,N,F,23,R,Y,XR,Residence/Home,Home,Personal Weapons,Minor Injury,C
176765746,159834015,2022-03-23,Winston-Salem,NC0340200,13A,W,W,N,F,13,R,N,CH,Residence/Home,Home,Personal Weapons,,C
176765747,159834015,2022-03-23,Winston-Salem,NC0340200,13A,W,W,N,F,10,R,N,CH,Residence/Home,Home,Personal Weapons,,C
168242597,152391035,2022-03-24,Winston-Salem,NC0340200,13A,W,W,N,F,45,R,Y,BG,Residence/Home,Home,Firearm,Minor Injury,C
168242789,152391185,2022-03-25,Winston-Salem,NC0340200,13A,H,W,H,M,21,R,N,OF,Highway/Road/Alley/Street/Sidewalk,Street & Sidewalk,Handgun,,C
171168125,154947439,2022-03-25,Winston-Salem,NC0340200,13A,B,B,N,F,29,R,Y,BG,Residence/Home,Home,Handgun,Minor Injury,C
176765752,159834019,2022-03-25,Winston-Salem,NC0340200,13A,B,B,N,M,41,R,N,RU,Restaurant,Restaurant,Firearm,Other Major Injury,C
176765753,159834019,2022-03-25,Winston-Salem,NC0340200,13A,H,W,H,M,67,N,N,RU,Restaurant,Restaurant,Firearm,Minor Injury,C
176765754,159834019,2022-03-25,Winston-Salem,NC0340200,13A,W,W,N,M,29,R,N,RU,Restaurant,Restaurant,Firearm,Other Major Injury,C
184806419,166861665,2022-03-25,Winston-Salem,NC0340200,13A,B,B,N,M,31,R,Y,BG,Residence/Home,Home,Handgun,,C
168242814,152391208,2022-03-26,Winston-Salem,NC0340200,13A,B,B,N,M,31,R,N,OK,Residence/Home,Home,Knife/Cutting Instrument,,C
168242815,152391208,2022-03-26,Winston-Salem,NC0340200,13A,W,W,N,F,29,R,N,CH,Residence/Home,Home,Knife/Cutting Instrument,Minor Injury,C
168242816,152391209,2022-03-26,Winston-Salem,NC0340200,13A,B,B,N,M,7,R,N,AQ,Residence/Home,Home,Blunt Object,,C
168242817,152391210,2022-03-26,Winston-Salem,NC0340200,13A,B,B,N,M,28,R,N,AQ;VO,Hotel/Motel/Etc.,Hotel & Motel,Knife/Cutting Instrument,,C
168242823,152391215,2022-03-26,Winston-Salem,NC0340200,13A,B,B,N,F,50,R,N,NE,Residence/Home,Home,Knife/Cutting Instrument,Severe Laceration,C
168242827,152391218,2022-03-26,Winston-Salem,NC0340200,13A,B,B,N,M,47,R,N,OK,Residence/Home,Home,Blunt Object,Minor Injury,C
168242852,152391241,2022-03-26,Winston-Salem,NC0340200,13A,W,W,N,M,42,R,N,PA,Residence/Home,Home,Knife/Cutting Instrument,Minor Injury,C
168242859,152391248,2022-03-26,Winston-Salem,NC0340200,13A,B,B,N,M,19,N,N,,Highway/Road/Alley/Street/Sidewalk,Street & Sidewalk,Firearm,,C
168242861,152391250,2022-03-26,Winston-Salem,NC0340200,13A,H,W,H,F,26,R,N,RU,Residence/Home,Home,Rifle,,C
168242862,152391250,2022-03-26,Winston-Salem,NC0340200,13A,W,W,N,F,15,R,N,RU,Residence/Home,Home,Rifle,,C
168242863,152391250,2022-03-26,Winston-Salem,NC0340200,13A,H,W,H,F,33,R,N,RU,Residence/Home,Home,Rifle,,C
168242877,152391264,2022-03-27,Winston-Salem,NC0340200,13A,B,B,N,F,29,R,N,,Highway/Road/Alley/Street/Sidewalk,Street & Sidewalk,Knife/Cutting Instrument,Severe Laceration,C
168242890,152391274,2022-03-27,Winston-Salem,NC0340200,13A,B,B,N,F,15,R,N,RU,Residence/Home,Home,Handgun,Other Major Injury,C
168242896,152391279,2022-03-27,Winston-Salem,NC0340200,13A,B,B,N,M,20,R,Y,BG,Highway/Road/Alley/Street/Sidewalk,Street & Sidewalk,Motor Vehicle/Vessel,,C
187718282,169399977,2022-03-28,Winston-Salem,NC0340200,13A,B,B,N,F,29,R,Y,BG,Residence/Home,Home,,Minor Injury,C
168242981,152391352,2022-03-29,Winston-Salem,NC0340200,13A,W,W,N,F,30,R,Y,BG,Hotel/Motel/Etc.,Hotel & Motel,Knife/Cutting Instrument,,C
168243030,152391393,2022-03-29,Winston-Salem,NC0340200,13A,W,W,N,F,41,N,N,ST,Highway/Road/Alley/Street/Sidewalk,Street & Sidewalk,Knife/Cutting Instrument,,C
168243107,152391462,2022-03-30,Winston-Salem,NC0340200,13A,B,B,N,M,19,R,N,,Residence/Home,Home,Rifle,,C
168243108,152391462,2022-03-30,Winston-Salem,NC0340200,13A,B,B,N,F,43,R,N,,Residence/Home,Home,Rifle,,C
168243125,152391477,2022-03-30,Winston-Salem,NC0340200,13A,B,B,N,M,24,R,N,OK,Bar/Nightclub,Bar & Nightclub,Handgun,,C
168243210,152391553,2022-03-30,Winston-Salem,NC0340200,13A,B,B,N,M,35,R,N,AQ,Highway/Road/Alley/Street/Sidewalk,Street & Sidewalk,Firearm,,C
168243197,152391542,2022-03-31,Winston-Salem,NC0340200,13A,B,B,N,M,22,R,N,,Highway/Road/Alley/Street/Sidewalk,Street & Sidewalk,Handgun (Automatic),,C
168243232,152391572,2022-03-31,Winston-Salem,NC0340200,13A,B,B,N,F,20,R,Y,BG,Highway/Road/Alley/Street/Sidewalk,Street & Sidewalk,Handgun,,C
168243235,152391574,2022-03-31,Winston-Salem,NC0340200,13A,H,W,H,F,39,R,N,RU,Highway/Road/Alley/Street/Sidewalk,Street & Sidewalk,,,C
171168130,154947444,2022-04-01,Winston-Salem,NC0340200,13A,B,B,N,M,36,R,N,,Parking/Drop Lot/Garage,Parking Lot,Handgun,Other Major Injury,C
171168138,154947451,2022-04-01,Winston-Salem,NC0340200,13A,W,W,N,F,30,N,Y,XR,Parking/Drop Lot/Garage,Parking Lot,Handgun;Personal Weapons,Minor Injury,C
171168142,154947454,2022-04-01,Winston-Salem,NC0340200,13A,H,W,H,M,19,R,Y,BG;VO,Residence/Home,Home,Blunt Object,,C
171168188,154947493,2022-04-01,Winston-Salem,NC0340200,13A,W,W,N,M,38,R,N,OK,Residence/Home,Home,Blunt Object,Possible Internal Injury,C
171168195,154947499,2022-04-01,Winston-Salem,NC0340200,13A,W,W,N,F,13,R,N,,Highway/Road/Alley/Street/Sidewalk,Street & Sidewalk,Other,Minor Injury,C
171168196,154947499,2022-04-01,Winston-Salem,NC0340200,13A,W,W,N,F,14,R,N,,Highway/Road/Alley/Street/Sidewalk,Street & Sidewalk,Other,Minor Injury,C
171168227,154947524,2022-04-02,Winston-Salem,NC0340200,13A,W,W,N,M,55,N,N,,Highway/Road/Alley/Street/Sidewalk,Street & Sidewalk,Motor Vehicle/Vessel,,C
171168265,154947558,2022-04-02,Winston-Salem,NC0340200,13A,B,B,N,F,18,R,N,FR,Residence/Home,Home,Knife/Cutting Instrument,Minor Injury,C
171168303,154947588,2022-04-03,Winston-Salem,NC0340200,13A,H,W,H,M,21,R,N,,Highway/Road/Alley/Street/Sidewalk,Street & Sidewalk,Handgun,Severe Laceration,C
171168314,154947598,2022-04-03,Winston-Salem,NC0340200,13A,B,B,N,M,60,R,N,AQ,Residence/Home,Home,Handgun,,C
171168339,154947622,2022-04-03,Winston-Salem,NC0340200,13A,B,B,N,M,29,R,N,ST,Highway/Road/Alley/Street/Sidewalk,Street & Sidewalk,Handgun,,C
171168340,154947622,2022-04-03,Winston-Salem,NC0340200,13A,B,B,N,M,29,R,N,ST,Highway/Road/Alley/Street/Sidewalk,Street & Sidewalk,Handgun,,C
171168346,154947627,2022-04-03,Winston-Salem,NC0340200,13A,B,B,N,F,52,R,Y,BG;VO,Residence/Home,Home,Handgun,,C
171168350,154947631,2022-04-03,Winston-Salem,NC0340200,13A,H,W,H,F,29,R,Y,BG,Residence/Home,Home,Handgun,Minor Injury,C
171168366,154947644,2022-04-03,Winston-Salem,NC0340200,13A,B,B,N,F,36,R,N,PA,Residence/Home,Home,Personal Weapons,Minor Injury,C
171168367,154947645,2022-04-03,Winston-Salem,NC0340200,13A,B,B,N,F,72,R,N,NE,Residence/Home,Home,Handgun,,C
171168368,154947645,2022-04-03,Winston-Salem,NC0340200,13A,B,B,N,F,28,R,N,NE,Residence/Home,Home,Handgun,,C
171168369,154947645,2022-04-03,Winston-Salem,NC0340200,13A,B,B,N,F,7,R,N,NE,Residence/Home,Home,Handgun,,C
182087095,164487961,2022-04-03,Winston-Salem,NC0340200,13A,B,B,N,F,19,R,N,,Highway/Road/Alley/Street/Sidewalk,Street & Sidewalk,Firearm,,C
182087096,164487961,2022-04-03,Winston-Salem,NC0340200,13A,B,B,N,F,19,R,N,,Highway/Road/Alley/Street/Sidewalk,Street & Sidewalk,Firearm,,C
171168379,154947654,2022-04-04,Winston-Salem,NC0340200,13A,W,W,N,M,31,R,N,,Highway/Road/Alley/Street/Sidewalk,Street & Sidewalk,Handgun,,C
171168427,154947695,2022-04-04,Winston-Salem,NC0340200,13A,B,B,N,F,50,R,N,PA,Residence/Home,Home,Knife/Cutting Instrument,,C
179443624,162173468,2022-04-04,Winston-Salem,NC0340200,13A,B,B,N,M,33,R,N,RU,Residence/Home,Home,Handgun,,C
179443625,162173468,2022-04-04,Winston-Salem,NC0340200,13A,B,B,N,F,15,R,N,RU,Residence/Home,Home,Handgun,,C
179443626,162173468,2022-04-04,Winston-Salem,NC0340200,13A,B,B,N,F,13,R,N,RU,Residence/Home,Home,Handgun,,C
179443627,162173468,2022-04-04,Winston-Salem,NC0340200,13A,B,B,N,F,7,R,N,RU,Residence/Home,Home,Handgun,,C
179443628,162173468,2022-04-04,Winston-Salem,NC0340200,13A,B,B,N,F,26,R,N,RU,Residence/Home,Home,Handgun,,C
171168541,154947795,2022-04-05,Winston-Salem,NC0340200,13A,B,B,N,M,57,R,N,OF,Residence/Home,Home,Blunt Object,Possible Internal Injury,C
171168543,154947797,2022-04-05,Winston-Salem,NC0340200,13A,B,B,N,M,26,R,N,,Highway/Road/Alley/Street/Sidewalk,Street & Sidewalk,Firearm,,C
171168545,154947799,2022-04-06,Winston-Salem,NC0340200,13A,H,W,H,M,53,R,N,NE,Highway/Road/Alley/Street/Sidewalk,Street & Sidewalk,Firearm,,C
171170940,154949773,2022-04-06,Winston-Salem,NC0340200,13A,B,B,N,M,29,N,Y,BG,Residence/Home,Home,Blunt Object,Minor Injury,C
179446640,162175896,2022-04-06,Winston-Salem,NC0340200,13A,B,B,N,M,41,R,N,,Residence/Home,Home,Handgun (Automatic),,C
171168725,154947954,2022-04-07,Winston-Salem,NC0340200,13A,B,B,N,M,33,R,N,,Residence/Home,Home,Other Firearm,,C
171168726,154947954,2022-04-07,Winston-Salem,NC0340200,13A,B,B,N,F,35,R,N,,Residence/Home,Home,Other Firearm,,C
171168727,154947954,2022-04-07,Winston-Salem,NC0340200,13A,B,B,N,F,14,R,N,,Residence/Home,Home,Other Firearm,,C
171168728,154947954,2022-04-07,Winston-Salem,NC0340200,13A,B,B,N,F,5,R,N,,Residence/Home,Home,Other Firearm,,C
171168729,154947954,2022-04-07,Winston-Salem,NC0340200,13A,B,B,N,M,17,R,N,,Residence/Home,Home,Other Firearm,,C
171168746,154947969,2022-04-08,Winston-Salem,NC0340200,13A,W,W,N,F,22,R,N,AQ;VO,Residence/Home,Home,Handgun,,C
171168747,154947969,2022-04-08,Winston-Salem,NC0340200,13A,B,B,N,M,24,R,N,AQ;VO,Residence/Home,Home,Handgun,,C
171168791,154948010,2022-04-08,Winston-Salem,NC0340200,13A,B,B,N,F,24,R,Y,BG,Highway/Road/Alley/Street/Sidewalk,Street & Sidewalk,Handgun,Other Major Injury,C
171168792,154948010,2022-04-08,Winston-Salem,NC0340200,13A,B,B,N,M,2,R,N,OK,Highway/Road/Alley/Street/Sidewalk,Street & Sidewalk,Handgun,,C
171168802,154948019,2022-04-08,Winston-Salem,NC0340200,13A,B,B,N,M,46,R,N,RU,Residence/Home,Home,Handgun,,C
171168803,154948019,2022-04-08,Winston-Salem,NC0340200,13A,B,B,N,F,47,R,N,RU,Residence/Home,Home,Handgun,,C
171168804,154948019,2022-04-08,Winston-Salem,NC0340200,13A,B,B,N,F,25,R,N,RU,Residence/Home,Home,Handgun,,C
171168864,154948070,2022-04-09,Winston-Salem,NC0340200,13A,B,B,N,M,20,R,N,SB;VO,Residence/Home,Home,Handgun,,C
171168924,154948125,2022-04-10,Winston-Salem,NC0340200,13A,B,B,N,F,44,R,N,,Residence/Home,Home,Firearm,,C
171168925,154948125,2022-04-10,Winston-Salem,NC0340200,13A,B,B,N,F,21,R,N,,Residence/Home,Home,Firearm,,C
171168926,154948125,2022-04-10,Winston-Salem,NC0340200,13A,B,B,N,F,24,R,N,,Residence/Home,Home,Firearm,,C
171168927,154948125,2022-04-10,Winston-Salem,NC0340200,13A,B,B,N,F,22,R,N,,Residence/Home,Home,Firearm,,C
171168928,154948125,2022-04-10,Winston-Salem,NC0340200,13A,B,B,N,F,0,R,N,,Residence/Home,Home,Firearm,,C
171168929,154948125,2022-04-10,Winston-Salem,NC0340200,13A,B,B,N,F,18,R,N,,Residence/Home,Home,Firearm,,C
171168930,154948125,2022-04-10,Winston-Salem,NC0340200,13A,B,B,N,F,19,R,N,,Residence/Home,Home,Firearm,,C
171168934,154948128,2022-04-10,Winston-Salem,NC0340200,13A,B,B,N,F,24,R,N,CH,Residence/Home,Home,Handgun,,C
171168945,154948138,2022-04-10,Winston-Salem,NC0340200,13A,W,W,N,F,42,N,N,OK,Residence/Home,Home,Handgun,,C
171168950,154948141,2022-04-10,Winston-Salem,NC0340200,13A,B,B,N,F,35,R,N,OK,Residence/Home,Home,Knife/Cutting Instrument,Minor Injury,C
171168960,154948148,2022-04-10,Winston-Salem,NC0340200,13A,B,B,N,F,31,R,Y,XR,Residence/Home,Home,Handgun,,C
171169015,154948196,2022-04-10,Winston-Salem,NC0340200,13A,W,W,N,F,44,R,N,RU,Residence/Home,Home,Handgun,,C
171169070,154948243,2022-04-10,Winston-Salem,NC0340200,13A,H,W,H,M,53,R,N,PA;VO,Residence/Home,Home,Blunt Object,,C
171169071,154948243,2022-04-10,Winston-Salem,NC0340200,13A,W,W,N,F,22,R,N,CH;VO,Residence/Home,Home,Blunt Object,,C
176765788,159834046,2022-04-10,Winston-Salem,NC0340200,13A,B,B,N,F,31,R,N,RU,Residence/Home,Home,Firearm,,C
176765789,159834046,2022-04-10,Winston-Salem,NC0340200,13A,B,B,N,M,8,R,N,RU,Residence/Home,Home,Firearm,,C
171169026,154948207,2022-04-11,Winston-Salem,NC0340200,13A,B,B,N,M,20,R,N,ST,Highway/Road/Alley/Street/Sidewalk,Street & Sidewalk,Handgun,,C
171169147,154948310,2022-04-12,Winston-Salem,NC0340200,13A,B,B,N,F,13,R,N,AQ,Highway/Road/Alley/Street/Sidewalk,Street & Sidewalk,Other,,C
171169148,154948310,2022-04-12,Winston-Salem,NC0340200,13A,B,B,N,F,14,R,N,AQ,Highway/Road/Alley/Street/Sidewalk,Street & Sidewalk,Other,,C
171169196,154948349,2022-04-13,Winston-Salem,NC0340200,13A,W,W,N,F,34,N,Y,BG,Hotel/Motel/Etc.,Hotel & Motel,Personal Weapons,Minor Injury,C
171169230,154948378,2022-04-13,Winston-Salem,NC0340200,13A,B,B,N,F,21,R,N,ST,Highway/Road/Alley/Street/Sidewalk,Street & Sidewalk,Handgun,,C
171169231,154948378,2022-04-13,Winston-Salem,NC0340200,13A,B,B,N,M,21,R,N,ST,Highway/Road/Alley/Street/Sidewalk,Street & Sidewalk,Handgun,,C
171169257,154948403,2022-04-13,Winston-Salem,NC0340200,13A,W,W,N,M,29,R,N,,Highway/Road/Alley/Street/Sidewalk,Street & Sidewalk,Handgun,Other Major Injury,C
171169264,154948410,2022-04-14,Winston-Salem,NC0340200,13A,B,B,N,F,23,R,Y,BG,Residence/Home,Home,Personal Weapons,Minor Injury,C
171169269,154948415,2022-04-14,Winston-Salem,NC0340200,13A,B,B,N,F,32,R,Y,OK;XR,Residence/Home,Home,Knife/Cutting Instrument,Severe Laceration,C
171169310,154948451,2022-04-14,Winston-Salem,NC0340200,13A,B,B,N,F,65,R,N,AQ,Field/Woods,Field & Woods,Personal Weapons,,C
171169313,154948454,2022-04-14,Winston-Salem,NC0340200,13A,W,W,N,F,48,R,N,AQ;VO,Parking/Drop Lot/Garage,Parking Lot,Blunt Object;Other,Minor Injury,C
171169314,154948454,2022-04-14,Winston-Salem,NC0340200,13A,H,B,H,F,25,R,N,AQ;VO,Parking/Drop Lot/Garage,Parking Lot,Blunt Object;Other,Minor Injury,C
171169345,154948482,2022-04-14,Winston-Salem,NC0340200,13A,W,W,N,F,33,R,N,ST,Highway/Road/Alley/Street/Sidewalk,Street & Sidewalk,Handgun,,C
171169767,154948819,2022-04-14,Winston-Salem,NC0340200,13A,W,W,N,F,34,R,Y,XS,Residence/Home,Home,Other,Minor Injury,C
171169379,154948511,2022-04-15,Winston-Salem,NC0340200,13A,W,W,N,F,34,N,N,AQ,Residence/Home,Home,Handgun,,C
171169381,154948513,2022-04-15,Winston-Salem,NC0340200,13A,B,B,N,M,34,R,N,OK,Highway/Road/Alley/Street/Sidewalk,Street & Sidewalk,Blunt Object,,C
171169382,154948514,2022-04-15,Winston-Salem,NC0340200,13A,B,B,N,F,25,N,N,NE,Highway/Road/Alley/Street/Sidewalk,Street & Sidewalk,Handgun,,C
171169383,154948514,2022-04-15,Winston-Salem,NC0340200,13A,W,W,N,F,25,R,N,NE,Highway/Road/Alley/Street/Sidewalk,Street & Sidewalk,Handgun,,C
171169414,154948539,2022-04-15,Winston-Salem,NC0340200,13A,H,W,H,F,56,R,N,,Residence/Home,Home,Handgun,,C
171169415,154948539,2022-04-15,Winston-Salem,NC0340200,13A,H,W,H,M,17,R,N,,Residence/Home,Home,Handgun,,C
171169425,154948546,2022-04-15,Winston-Salem,NC0340200,13A,B,B,N,M,28,R,N,AQ,Residence/Home,Home,Blunt Object,Other Major Injury,C
171169456,154948575,2022-04-16,Winston-Salem,NC0340200,13A,B,B,N,M,59,R,Y,BG;VO,Residence/Home,Home,Blunt Object,Minor Injury,C
171169457,154948575,2022-04-16,Winston-Salem,NC0340200,13A,B,B,N,F,46,R,Y,BG;VO,Residence/Home,Home,Blunt Object,Minor Injury,C
171169466,154948584,2022-04-16,Winston-Salem,NC0340200,13A,W,W,N,M,45,R,N,ST;VO,Service/Gas Station,Gas Station,Blunt Object,,C
171169467,154948584,2022-04-16,Winston-Salem,NC0340200,13A,W,W,N,M,25,N,N,ST;VO,Service/Gas Station,Gas Station,Blunt Object,,C
171169487,154948599,2022-04-16,Winston-Salem,NC0340200,13A,B,B,N,M,59,R,N,NE,Residence/Home,Home,Handgun,,C
171169504,154948613,2022-04-16,Winston-Salem,NC0340200,13A,B,B,N,F,27,R,N,RU,Highway/Road/Alley/Street/Sidewalk,Street & Sidewalk,Handgun,,C
171169521,154948626,2022-04-16,Winston-Salem,NC0340200,13A,W,W,N,F,55,N,N,,Highway/Road/Alley/Street/Sidewalk,Street & Sidewalk,Motor Vehicle/Vessel,,C
171169522,154948626,2022-04-16,Winston-Salem,NC0340200,13A,W,W,N,M,49,N,N,,Highway/Road/Alley/Street/Sidewalk,Street & Sidewalk,Motor Vehicle/Vessel,,C
171169527,154948631,2022-04-16,Winston-Salem,NC0340200,13A,B,B,N,M,28,R,N,,Residence/Home,Home,Unknown,,C
171169528,154948631,2022-04-16,Winston-Salem,NC0340200,13A,W,W,N,F,23,R,N,,Residence/Home,Home,Unknown,,C
171169529,154948631,2022-04-16,Winston-Salem,NC0340200,13A,H,W,H,M,25,R,N,,Residence/Home,Home,Unknown,,C
171169530,154948631,2022-04-16,Winston-Salem,NC0340200,13A,W,W,N,M,1,R,N,,Residence/Home,Home,Unknown,,C
171169531,154948631,2022-04-16,Winston-Salem,NC0340200,13A,W,W,N,F,3,R,N,,Residence/Home,Home,Unknown,,C
171169532,154948631,2022-04-16,Winston-Salem,NC0340200,13A,W,W,N,F,5,R,N,,Residence/Home,Home,Unknown,,C
171169544,154948641,2022-04-17,Winston-Salem,NC0340200,13A,B,B,N,M,48,R,Y,BG;VO,Residence/Home,Home,Other,Minor Injury,C
171169545,154948641,2022-04-17,Winston-Salem,NC0340200,13A,B,B,N,F,36,R,Y,BG;VO,Residence/Home,Home,Other,Minor Injury,C
171169547,154948643,2022-04-17,Winston-Salem,NC0340200,13A,W,W,N,M,19,R,N,RU,Residence/Home,Home,Rifle,,C
171169548,154948643,2022-04-17,Winston-Salem,NC0340200,13A,W,W,N,M,18,R,N,RU,Residence/Home,Home,Rifle,,C
171169549,154948643,2022-04-17,Winston-Salem,NC0340200,13A,H,W,H,F,19,R,Y,XR,Residence/Home,Home,Rifle,,C
171169550,154948643,2022-04-17,Winston-Salem,NC0340200,13A,W,W,N,M,17,R,N,RU,Residence/Home,Home,Rifle,,C
171169551,154948643,2022-04-17,Winston-Salem,NC0340200,13A,H,W,H,M,19,R,N,RU,Residence/Home,Home,Rifle,,C
171169552,154948643,2022-04-17,Winston-Salem,NC0340200,13A,H,W,H,M,18,R,N,RU,Residence/Home,Home,Rifle,,C
171169584,154948671,2022-04-17,Winston-Salem,NC0340200,13A,B,B,N,F,31,R,N,AQ;VO,Highway/Road/Alley/Street/Sidewalk,Street & Sidewalk,Firearm,,C
171169585,154948671,2022-04-17,Winston-Salem,NC0340200,13A,B,B,N,F,30,R,N,AQ;VO,Highway/Road/Alley/Street/Sidewalk,Street & Sidewalk,Firearm,,C
171169590,154948676,2022-04-17,Winston-Salem,NC0340200,13A,B,B,N,F,27,R,N,AQ,Highway/Road/Alley/Street/Sidewalk,Street & Sidewalk,Motor Vehicle/Vessel,Minor Injury,C
171169595,154948681,2022-04-17,Winston-Salem,NC0340200,13A,W,W,N,F,30,R,Y,BG,Parking/Drop Lot/Garage,Parking Lot,Personal Weapons,Minor Injury,C
171169613,154948692,2022-04-17,Winston-Salem,NC0340200,13A,B,B,N,M,65,R,N,,Convenience Store,Convenience Store,Rifle (Automatic),,C
171169614,154948692,2022-04-17,Winston-Salem,NC0340200,13A,B,B,N,F,73,R,N,,Convenience Store,Convenience Store,Rifle (Automatic),,C
171169615,154948692,2022-04-17,Winston-Salem,NC0340200,13A,B,B,N,F,57,R,N,,Convenience Store,Convenience Store,Rifle (Automatic),,C
171169616,154948692,2022-04-17,Winston-Salem,NC0340200,13A,B,B,N,F,24,R,N,,Convenience Store,Convenience Store,Rifle (Automatic),Other Major Injury,C
171169617,154948692,2022-04-17,Winston-Salem,NC0340200,13A,B,B,N,M,7,R,N,,Convenience Store,Convenience Store,Rifle (Automatic),,C
171169618,154948692,2022-04-17,Winston-Salem,NC0340200,13A,B,B,N,M,5,R,N,,Convenience Store,Convenience Store,Rifle (Automatic),,C
171169619,154948692,2022-04-17,Winston-Salem,NC0340200,13A,B,B,N,M,4,R,N,,Convenience Store,Convenience Store,Rifle (Automatic),,C
171169620,154948692,2022-04-17,Winston-Salem,NC0340200,13A,B,B,N,M,3,R,N,,Convenience Store,Convenience Store,Rifle (Automatic),,C
171169621,154948692,2022-04-17,Winston-Salem,NC0340200,13A,B,B,N,M,28,R,N,,Convenience Store,Convenience Store,Rifle (Automatic),,C
171169622,154948692,2022-04-17,Winston-Salem,NC0340200,13A,B,B,N,M,76,R,N,,Convenience Store,Convenience Store,Rifle (Automatic),,C
171169628,154948697,2022-04-17,Winston-Salem,NC0340200,13A,W,W,N,F,37,R,N,,Highway/Road/Alley/Street/Sidewalk,Street & Sidewalk,Handgun,,C
171169635,154948702,2022-04-17,Winston-Salem,NC0340200,13A,B,B,N,M,37,N,N,CH,Residence/Home,Home,Knife/Cutting Instrument,,C
171169660,154948723,2022-04-18,Winston-Salem,NC0340200,13A,W,W,N,F,32,R,Y,BG,Residence/Home,Home,Knife/Cutting Instrument,,C
171169663,154948726,2022-04-18,Winston-Salem,NC0340200,13A,H,W,H,M,49,R,N,,Residence/Home,Home,Firearm,,C
171169664,154948726,2022-04-18,Winston-Salem,NC0340200,13A,H,W,H,M,39,R,N,,Residence/Home,Home,Firearm,,C
171169665,154948726,2022-04-18,Winston-Salem,NC0340200,13A,H,W,H,F,35,R,N,,Residence/Home,Home,Firearm,,C
171169666,154948726,2022-04-18,Winston-Salem,NC0340200,13A,W,W,N,M,10,R,N,,Residence/Home,Home,Firearm,,C
171169667,154948726,2022-04-18,Winston-Salem,NC0340200,13A,H,W,H,F,2,R,N,,Residence/Home,Home,Firearm,,C
171169687,154948744,2022-04-18,Winston-Salem,NC0340200,13A,B,B,N,F,19,R,N,AQ,Residence/Home,Home,Handgun,Minor Injury,C
171169722,154948777,2022-04-18,Winston-Salem,NC0340200,13A,H,W,H,M,34,R,N,,Residence/Home,Home,Other,Minor Injury,C
171169796,154948846,2022-04-19,Winston-Salem,NC0340200,13A,B,B,N,M,40,R,N,,Highway/Road/Alley/Street/Sidewalk,Street & Sidewalk,Firearm,,C
171169797,154948846,2022-04-19,Winston-Salem,NC0340200,13A,B,B,N,F,40,R,N,,Highway/Road/Alley/Street/Sidewalk,Street & Sidewalk,Firearm,,C
171169798,154948846,2022-04-19,Winston-Salem,NC0340200,13A,B,B,N,M,14,R,N,,Highway/Road/Alley/Street/Sidewalk,Street & Sidewalk,Firearm,,C
171169799,154948846,2022-04-19,Winston-Salem,NC0340200,13A,B,B,U,M,16,R,N,,Highway/Road/Alley/Street/Sidewalk,Street & Sidewalk,Firearm,,C
171169805,154948850,2022-04-20,Winston-Salem,NC0340200,13A,B,B,N,F,19,R,Y,BG,Residence/Home,Home,Blunt Object;Personal Weapons,,C
171169814,154948859,2022-04-20,Winston-Salem,NC0340200,13A,W,W,N,F,18,R,N,,Residence/Home,Home,Handgun;Rifle,,C
171169815,154948859,2022-04-20,Winston-Salem,NC0340200,13A,H,W,H,F,46,R,N,,Residence/Home,Home,Handgun;Rifle,,C
171169845,154948884,2022-04-20,Winston-Salem,NC0340200,13A,B,B,N,F,60,R,N,,Residence/Home,Home,Firearm,,C
171169856,154948893,2022-04-20,Winston-Salem,NC0340200,13A,U,U,N,U,,U,N,,Highway/Road/Alley/Street/Sidewalk,Street & Sidewalk,Blunt Object,,C
171169886,154948920,2022-04-20,Winston-Salem,NC0340200,13A,B,B,N,M,63,R,N,,Residence/Home,Home,Firearm,,C
171169913,154948944,2022-04-21,Winston-Salem,NC0340200,13A,B,B,N,M,47,R,Y,BG,Highway/Road/Alley/Street/Sidewalk,Street & Sidewalk,Other,,C
171169915,154948946,2022-04-21,Winston-Salem,NC0340200,13A,B,B,N,M,36,R,N,RU,Residence/Home,Home,Shotgun,Minor Injury,C
171169983,154949010,2022-04-21,Winston-Salem,NC0340200,13A,B,B,N,F,45,R,N,AQ;ST,Residence/Home,Home,Handgun;Knife/Cutting Instrument;Shotgun,,C
171169986,154949010,2022-04-21,Winston-Salem,NC0340200,13A,H,B,H,M,18,R,N,NE;SB,Residence/Home,Home,Handgun;Knife/Cutting Instrument;Shotgun,,C
171169989,154949011,2022-04-21,Winston-Salem,NC0340200,13A,B,B,N,F,37,R,Y,BG,Residence/Home,Home,Handgun,,C
171169990,154949011,2022-04-21,Winston-Salem,NC0340200,13A,B,B,N,F,14,R,N,CF,Residence/Home,Home,Handgun,,C
171169997,154949018,2022-04-21,Winston-Salem,NC0340200,13A,B,B,N,F,50,R,N,,Residence/Home,Home,Handgun,,C
171169998,154949018,2022-04-21,Winston-Salem,NC0340200,13A,B,B,N,M,47,R,N,,Residence/Home,Home,Handgun,Other Major Injury,C
171170019,154949034,2022-04-22,Winston-Salem,NC0340200,13A,B,B,N,M,31,R,N,,Parking/Drop Lot/Garage,Parking Lot,Firearm,Other Major Injury,C
171170025,154949038,2022-04-22,Winston-Salem,NC0340200,13A,B,B,N,M,56,N,N,,Highway/Road/Alley/Street/Sidewalk,Street & Sidewalk,Firearm,,C
171170047,154949059,2022-04-22,Winston-Salem,NC0340200,13A,W,W,N,F,38,N,N,,Highway/Road/Alley/Street/Sidewalk,Street & Sidewalk,Handgun,,C
171170050,154949062,2022-04-22,Winston-Salem,NC0340200,13A,H,W,H,F,46,R,N,AQ,Highway/Road/Alley/Street/Sidewalk,Street & Sidewalk,Handgun,,C
171170051,154949062,2022-04-22,Winston-Salem,NC0340200,13A,H,W,H,F,21,R,N,AQ,Highway/Road/Alley/Street/Sidewalk,Street & Sidewalk,Handgun,,C
171170052,154949062,2022-04-22,Winston-Salem,NC0340200,13A,H,W,H,F,28,R,N,AQ,Highway/Road/Alley/Street/Sidewalk,Street & Sidewalk,Handgun,,C
171170053,154949062,2022-04-22,Winston-Salem,NC0340200,13A,H,W,H,F,19,R,N,AQ,Highway/Road/Alley/Street/Sidewalk,Street & Sidewalk,Handgun,,C
171170054,154949062,2022-04-22,Winston-Salem,NC0340200,13A,H,W,H,F,30,R,N,AQ,Highway/Road/Alley/Street/Sidewalk,Street & Sidewalk,Handgun,,C
171170055,154949062,2022-04-22,Winston-Salem,NC0340200,13A,H,W,H,M,29,R,N,AQ,Highway/Road/Alley/Street/Sidewalk,Street & Sidewalk,Handgun,,C
171170056,154949062,2022-04-22,Winston-Salem,NC0340200,13A,W,W,N,F,15,R,N,AQ,Highway/Road/Alley/Street/Sidewalk,Street & Sidewalk,Handgun,,C
171170057,154949062,2022-04-22,Winston-Salem,NC0340200,13A,W,W,N,F,2,R,N,AQ,Highway/Road/Alley/Street/Sidewalk,Street & Sidewalk,Handgun,,C
171170058,154949062,2022-04-22,Winston-Salem,NC0340200,13A,W,W,N,M,5,R,N,AQ,Highway/Road/Alley/Street/Sidewalk,Street & Sidewalk,Handgun,,C
172557298,156165299,2022-04-22,Winston-Salem,NC0340200,13A,B,B,N,M,36,R,N,AQ,Highway/Road/Alley/Street/Sidewalk,Street & Sidewalk,Knife/Cutting Instrument,Other Major Injury,C
179443630,162173470,2022-04-22,Winston-Salem,NC0340200,13A,B,B,N,M,14,R,N,CH,Residence/Home,Home,Handgun,Other Major Injury,C
171170123,154949116,2022-04-23,Winston-Salem,NC0340200,13A,B,B,N,M,40,R,N,,Residence/Home,Home,Firearm,,C
171170124,154949116,2022-04-23,Winston-Salem,NC0340200,13A,B,B,N,F,15,R,N,,Residence/Home,Home,Firearm,,C
171170125,154949116,2022-04-23,Winston-Salem,NC0340200,13A,B,B,N,F,14,R,N,,Residence/Home,Home,Firearm,,C
171170126,154949116,2022-04-23,Winston-Salem,NC0340200,13A,B,B,N,M,10,R,N,,Residence/Home,Home,Firearm,,C
171170138,154949128,2022-04-23,Winston-Salem,NC0340200,13A,B,B,N,F,29,R,Y,XS,Highway/Road/Alley/Street/Sidewalk,Street & Sidewalk,Motor Vehicle/Vessel,,C
171170159,154949146,2022-04-23,Winston-Salem,NC0340200,13A,W,W,N,F,15,R,N,SB,Residence/Home,Home,Knife/Cutting Instrument,,C
171170181,154949165,2022-04-23,Winston-Salem,NC0340200,13A,B,B,N,M,51,R,N,,Parking/Drop Lot/Garage,Parking Lot,Firearm,,C
171170182,154949165,2022-04-23,Winston-Salem,NC0340200,13A,W,W,N,M,23,R,N,,Parking/Drop Lot/Garage,Parking Lot,Firearm,,C
171170224,154949200,2022-04-24,Winston-Salem,NC0340200,13A,H,W,H,F,44,R,N,,Highway/Road/Alley/Street/Sidewalk,Street & Sidewalk,Handgun,,C
171170254,154949224,2022-04-24,Winston-Salem,NC0340200,13A,H,W,H,M,55,R,N,,Residence/Home,Home,Firearm,,C
171170255,154949224,2022-04-24,Winston-Salem,NC0340200,13A,H,W,H,F,48,R,N,,Residence/Home,Home,Firearm,,C
171170256,154949224,2022-04-24,Winston-Salem,NC0340200,13A,H,W,H,M,20,R,N,,Residence/Home,Home,Firearm,,C
171170257,154949224,2022-04-24,Winston-Salem,NC0340200,13A,H,W,H,M,16,R,N,,Residence/Home,Home,Firearm,,C
171170258,154949224,2022-04-24,Winston-Salem,NC0340200,13A,H,W,H,F,22,R,N,,Residence/Home,Home,Firearm,,C
171170268,154949232,2022-04-24,Winston-Salem,NC0340200,13A,H,W,H,M,41,R,N,NE,Residence/Home,Home,Knife/Cutting Instrument,,C
171170269,154949232,2022-04-24,Winston-Salem,NC0340200,13A,W,W,N,F,44,R,N,NE,Residence/Home,Home,Knife/Cutting Instrument,,C
171170270,154949232,2022-04-24,Winston-Salem,NC0340200,13A,B,B,N,F,53,R,N,NE,Residence/Home,Home,Knife/Cutting Instrument,,C
171170299,154949254,2022-04-24,Winston-Salem,NC0340200,13A,B,B,N,F,24,R,N,,Residence/Home,Home,Handgun,,C
171170300,154949254,2022-04-24,Winston-Salem,NC0340200,13A,B,B,N,F,21,R,N,,Residence/Home,Home,Handgun,,C
171170301,154949254,2022-04-24,Winston-Salem,NC0340200,13A,B,B,N,M,24,R,N,,Residence/Home,Home,Handgun,,C
171170311,154949263,2022-04-25,Winston-Salem,NC0340200,13A,B,B,N,M,33,R,N,,Highway/Road/Alley/Street/Sidewalk,Street & Sidewalk,Firearm,,C
171170312,154949263,2022-04-25,Winston-Salem,NC0340200,13A,B,B,N,F,23,R,N,,Highway/Road/Alley/Street/Sidewalk,Street & Sidewalk,Firearm,,C
171170313,154949263,2022-04-25,Winston-Salem,NC0340200,13A,B,B,N,M,0,R,N,,Highway/Road/Alley/Street/Sidewalk,Street & Sidewalk,Firearm,,C
171170319,154949268,2022-04-25,Winston-Salem,NC0340200,13A,B,B,N,F,28,N,N,,Residence/Home,Home,Unknown,,C
171170320,154949268,2022-04-25,Winston-Salem,NC0340200,13A,B,B,N,M,8,R,N,,Residence/Home,Home,Unknown,,C
171170321,154949268,2022-04-25,Winston-Salem,NC0340200,13A,B,B,N,M,7,R,N,,Residence/Home,Home,Unknown,,C
171170347,154949288,2022-04-25,Winston-Salem,NC0340200,13A,W,W,N,F,65,R,N,,Residence/Home,Home,Firearm,,C
171170348,154949288,2022-04-25,Winston-Salem,NC0340200,13A,W,W,N,M,74,R,N,,Residence/Home,Home,Firearm,,C
171170377,154949316,2022-04-25,Winston-Salem,NC0340200,13A,W,W,N,M,57,R,Y,BG,Residence/Home,Home,Knife/Cutting Instrument,Minor Injury,C
171170393,154949331,2022-04-25,Winston-Salem,NC0340200,13A,B,B,N,F,43,R,Y,SE,Residence/Home,Home,Handgun,,C
171170394,154949331,2022-04-25,Winston-Salem,NC0340200,13A,B,B,N,M,9,R,N,CH,Residence/Home,Home,Handgun,,C
171170396,154949333,2022-04-25,Winston-Salem,NC0340200,13A,B,B,N,M,28,R,N,,Highway/Road/Alley/Street/Sidewalk,Street & Sidewalk,Firearm,,C
171170414,154949349,2022-04-26,Winston-Salem,NC0340200,13A,B,B,N,M,32,R,N,,Highway/Road/Alley/Street/Sidewalk,Street & Sidewalk,Rifle (Automatic),,C
171170415,154949349,2022-04-26,Winston-Salem,NC0340200,13A,B,B,N,M,32,R,N,,Highway/Road/Alley/Street/Sidewalk,Street & Sidewalk,Rifle (Automatic),,C
171170416,154949349,2022-04-26,Winston-Salem,NC0340200,13A,B,B,N,F,30,R,N,,Highway/Road/Alley/Street/Sidewalk,Street & Sidewalk,Rifle (Automatic),,C
171170417,154949349,2022-04-26,Winston-Salem,NC0340200,13A,B,B,N,F,24,R,N,,Highway/Road/Alley/Street/Sidewalk,Street & Sidewalk,Rifle (Automatic),,C
171170418,154949349,2022-04-26,Winston-Salem,NC0340200,13A,B,B,N,F,59,R,N,,Highway/Road/Alley/Street/Sidewalk,Street & Sidewalk,Rifle (Automatic),,C
171170419,154949349,2022-04-26,Winston-Salem,NC0340200,13A,B,B,N,F,2,R,N,,Highway/Road/Alley/Street/Sidewalk,Street & Sidewalk,Rifle (Automatic),,C
171170420,154949349,2022-04-26,Winston-Salem,NC0340200,13A,B,B,N,M,7,R,N,,Highway/Road/Alley/Street/Sidewalk,Street & Sidewalk,Rifle (Automatic),,C
171170421,154949349,2022-04-26,Winston-Salem,NC0340200,13A,B,B,N,M,8,R,N,,Highway/Road/Alley/Street/Sidewalk,Street & Sidewalk,Rifle (Automatic),,C
171170422,154949349,2022-04-26,Winston-Salem,NC0340200,13A,B,B,N,F,12,R,N,,Highway/Road/Alley/Street/Sidewalk,Street & Sidewalk,Rifle (Automatic),,C
171170423,154949349,2022-04-26,Winston-Salem,NC0340200,13A,B,B,N,F,9,R,N,,Highway/Road/Alley/Street/Sidewalk,Street & Sidewalk,Rifle (Automatic),,C
171170424,154949349,2022-04-26,Winston-Salem,NC0340200,13A,B,B,N,M,21,R,N,,Highway/Road/Alley/Street/Sidewalk,Street & Sidewalk,Rifle (Automatic),,C
171170425,154949349,2022-04-26,Winston-Salem,NC0340200,13A,B,B,N,F,0,R,N,,Highway/Road/Alley/Street/Sidewalk,Street & Sidewalk,Rifle (Automatic),,C
171170426,154949349,2022-04-26,Winston-Salem,NC0340200,13A,B,B,N,M,3,R,N,,Highway/Road/Alley/Street/Sidewalk,Street & Sidewalk,Rifle (Automatic),,C
171170427,154949349,2022-04-26,Winston-Salem,NC0340200,13A,B,B,N,M,0,R,N,,Highway/Road/Alley/Street/Sidewalk,Street & Sidewalk,Rifle (Automatic),,C
171170428,154949350,2022-04-26,Winston-Salem,NC0340200,13A,B,B,N,M,35,R,N,,Highway/Road/Alley/Street/Sidewalk,Street & Sidewalk,Rifle,Other Major Injury,C
171170491,154949403,2022-04-26,Winston-Salem,NC0340200,13A,B,B,N,M,52,R,N,SP,Residence/Home,Home,Knife/Cutting Instrument,Minor Injury,C
171170493,154949404,2022-04-26,Winston-Salem,NC0340200,13A,H,W,H,M,14,R,N,ST,Residence/Home,Home,Handgun,Other Major Injury,C
171170501,154949411,2022-04-26,Winston-Salem,NC0340200,13A,W,W,N,M,56,N,N,RU,Highway/Road/Alley/Street/Sidewalk,Street & Sidewalk,Personal Weapons,Minor Injury,C
171170502,154949411,2022-04-26,Winston-Salem,NC0340200,13A,W,W,N,F,42,R,N,RU,Highway/Road/Alley/Street/Sidewalk,Street & Sidewalk,Personal Weapons,Minor Injury,C
171170515,154949421,2022-04-26,Winston-Salem,NC0340200,13A,B,B,N,F,11,R,N,CH,Residence/Home,Home,Personal Weapons,Minor Injury,C
171170530,154949432,2022-04-27,Winston-Salem,NC0340200,13A,B,B,N,M,51,R,N,,Residence/Home,Home,Firearm,,C
171170531,154949432,2022-04-27,Winston-Salem,NC0340200,13A,B,B,N,M,43,R,N,,Residence/Home,Home,Firearm,,C
171170532,154949432,2022-04-27,Winston-Salem,NC0340200,13A,B,B,N,M,46,R,N,,Residence/Home,Home,Firearm,,C
171170533,154949432,2022-04-27,Winston-Salem,NC0340200,13A,B,B,N,F,25,R,N,,Residence/Home,Home,Firearm,,C
171170596,154949486,2022-04-27,Winston-Salem,NC0340200,13A,W,W,N,F,33,R,N,CF,Parking/Drop Lot/Garage,Parking Lot,Motor Vehicle/Vessel,Minor Injury,C
179704720,162398050,2022-04-27,Winston-Salem,NC0340200,13A,B,B,U,F,32,R,Y,XR,Highway/Road/Alley/Street/Sidewalk,Street & Sidewalk,Handgun,Minor Injury,C
171170657,154949540,2022-04-28,Winston-Salem,NC0340200,13A,W,W,N,F,28,R,Y,BG,Residence/Home,Home,Other,,C
171170671,154949552,2022-04-28,Winston-Salem,NC0340200,13A,B,B,N,M,56,R,N,AQ;VO,Residence/Home,Home,Knife/Cutting Instrument,Minor Injury,C
171170672,154949552,2022-04-28,Winston-Salem,NC0340200,13A,W,W,N,M,66,R,N,AQ;VO,Residence/Home,Home,Knife/Cutting Instrument,,C
171170696,154949569,2022-04-28,Winston-Salem,NC0340200,13A,B,B,N,M,28,R,N,OK,Residence/Home,Home,Knife/Cutting Instrument,Minor Injury,C
171170929,154949765,2022-04-28,Winston-Salem,NC0340200,13A,B,B,N,M,28,N,N,AQ,Residence/Home,Home,Handgun,Minor Injury,C
171170930,154949765,2022-04-28,Winston-Salem,NC0340200,13A,W,W,N,F,73,R,N,RU,Residence/Home,Home,Handgun,,C
171170932,154949765,2022-04-28,Winston-Salem,NC0340200,13A,B,B,N,M,24,R,N,AQ,Residence/Home,Home,Handgun,Other Major Injury,C
176765828,159834077,2022-04-28,Winston-Salem,NC0340200,13A,B,B,N,F,27,R,Y,BG,Highway/Road/Alley/Street/Sidewalk,Street & Sidewalk,Handgun;Personal Weapons,,C
171170690,154949563,2022-04-29,Winston-Salem,NC0340200,13A,B,B,N,M,3,R,N,CH,Residence/Home,Home,,Minor Injury,C
171170709,154949581,2022-04-29,Winston-Salem,NC0340200,13A,W,W,N,M,48,R,N,,Highway/Road/Alley/Street/Sidewalk,Street & Sidewalk,Handgun,,C
171170718,154949589,2022-04-29,Winston-Salem,NC0340200,13A,B,B,N,M,59,R,N,OF,Residence/Home,Home,Knife/Cutting Instrument,Minor Injury,C
171170759,154949617,2022-04-29,Winston-Salem,NC0340200,13A,H,W,H,M,52,R,N,,Residence/Home,Home,Firearm,,C
171170760,154949617,2022-04-29,Winston-Salem,NC0340200,13A,H,W,H,M,21,R,N,,Residence/Home,Home,Firearm,Other Major Injury,C
171170765,154949622,2022-04-29,Winston-Salem,NC0340200,13A,B,B,N,F,35,N,N,OK,Residence/Home,Home,Handgun (Automatic),,C
171170782,154949639,2022-04-29,Winston-Salem,NC0340200,13A,B,B,N,F,55,R,N,AQ,Residence/Home,Home,Handgun,,C
176765835,159834082,2022-04-29,Winston-Salem,NC0340200,13A,H,W,H,F,43,R,N,,Convenience Store,Convenience Store,Handgun,Minor Injury,C
176765836,159834082,2022-04-29,Winston-Salem,NC0340200,13A,H,W,H,F,38,R,N,,Convenience Store,Convenience Store,Handgun,,C
176765837,159834082,2022-04-29,Winston-Salem,NC0340200,13A,H,W,H,F,21,R,N,,Convenience Store,Convenience Store,Handgun,,C
176765838,159834082,2022-04-29,Winston-Salem,NC0340200,13A,W,W,N,F,54,R,N,,Convenience Store,Convenience Store,Handgun,,C
176765839,159834082,2022-04-29,Winston-Salem,NC0340200,13A,W,W,U,M,14,R,N,,Convenience Store,Convenience Store,Handgun,,C
176765840,159834082,2022-04-29,Winston-Salem,NC0340200,13A,W,W,N,M,8,R,N,,Convenience Store,Convenience Store,Handgun,,C
171170797,154949652,2022-04-30,Winston-Salem,NC0340200,13A,B,B,N,F,18,R,N,,Bar/Nightclub,Bar & Nightclub,Handgun,Other Major Injury,C
171170798,154949652,2022-04-30,Winston-Salem,NC0340200,13A,B,B,N,F,19,R,N,,Bar/Nightclub,Bar & Nightclub,Handgun,Minor Injury,C
171170856,154949699,2022-04-30,Winston-Salem,NC0340200,13A,W,W,N,M,24,R,N,,Parking/Drop Lot/Garage,Parking Lot,Handgun,,C
171170900,154949740,2022-04-30,Winston-Salem,NC0340200,13A,W,W,N,M,84,R,N,OF,Highway/Road/Alley/Street/Sidewalk,Street & Sidewalk,Blunt Object,,C
176765843,159834085,2022-04-30,Winston-Salem,NC0340200,13A,B,B,N,M,3,R,N,,Residence/Home,Home,Personal Weapons,Minor Injury,C
182087104,164487969,2022-04-30,Winston-Salem,NC0340200,13A,B,B,N,M,46,R,N,,Parking/Drop Lot/Garage,Parking Lot,Handgun,,C
182087105,164487969,2022-04-30,Winston-Salem,NC0340200,13A,B,B,N,F,45,R,N,,Parking/Drop Lot/Garage,Parking Lot,Handgun,,C
171171028,154949841,2022-05-01,Winston-Salem,NC0340200,13A,B,B,N,F,29,R,Y,BG,Residence/Home,Home,Personal Weapons,Minor Injury,C
171171030,154949842,2022-05-01,Winston-Salem,NC0340200,13A,W,W,N,M,53,R,N,,Specialty Store,Specialty Store,Firearm,,C
171171045,154949855,2022-05-01,Winston-Salem,NC0340200,13A,B,B,N,M,31,R,N,AQ,Parking/Drop Lot/Garage,Parking Lot,Blunt Object,Minor Injury,C
171171096,154949898,2022-05-01,Winston-Salem,NC0340200,13A,B,B,N,F,33,R,N,OK;RU;SB;VO,Residence/Home,Home,Blunt Object;Handgun,,C
171171098,154949898,2022-05-01,Winston-Salem,NC0340200,13A,B,B,N,M,23,R,Y,AQ;BG;SB;VO,Residence/Home,Home,Blunt Object;Handgun,Minor Injury,C
171171099,154949898,2022-05-01,Winston-Salem,NC0340200,13A,H,W,H,M,39,R,Y,AQ;BG;OK;RU;VO,Residence/Home,Home,Blunt Object;Handgun,Possible Internal Injury;Severe Laceration,C
171171118,154949914,2022-05-02,Winston-Salem,NC0340200,13A,W,W,N,F,37,R,N,,Highway/Road/Alley/Street/Sidewalk,Street & Sidewalk,Handgun,,C
171171119,154949914,2022-05-02,Winston-Salem,NC0340200,13A,W,W,N,M,37,N,N,,Highway/Road/Alley/Street/Sidewalk,Street & Sidewalk,Handgun,,C
171171121,154949916,2022-05-02,Winston-Salem,NC0340200,13A,H,W,H,M,33,R,N,NE,Highway/Road/Alley/Street/Sidewalk,Street & Sidewalk,Knife/Cutting Instrument,,C
171171147,154949938,2022-05-02,Winston-Salem,NC0340200,13A,B,B,N,F,29,R,N,ST,Parking/Drop Lot/Garage,Parking Lot,Blunt Object,Minor Injury,C
171171165,154949954,2022-05-02,Winston-Salem,NC0340200,13A,W,W,N,M,17,R,N,ST,Parking/Drop Lot/Garage,Parking Lot,Handgun,,C
171171189,154949974,2022-05-03,Winston-Salem,NC0340200,13A,H,W,H,F,36,R,N,,Residence/Home,Home,Handgun,,C
171171190,154949974,2022-05-03,Winston-Salem,NC0340200,13A,H,W,H,F,15,R,N,,Residence/Home,Home,Handgun,,C
171171191,154949974,2022-05-03,Winston-Salem,NC0340200,13A,H,W,H,F,18,R,N,,Residence/Home,Home,Handgun,,C
171171192,154949974,2022-05-03,Winston-Salem,NC0340200,13A,H,W,H,M,0,R,N,,Residence/Home,Home,Handgun,,C
171171193,154949974,2022-05-03,Winston-Salem,NC0340200,13A,H,W,H,F,19,R,N,,Residence/Home,Home,Handgun,,C
171171194,154949974,2022-05-03,Winston-Salem,NC0340200,13A,H,W,H,M,28,R,N,,Residence/Home,Home,Handgun,,C
171171213,154949988,2022-05-03,Winston-Salem,NC0340200,13A,H,W,H,M,51,R,N,AQ,Residence/Home,Home,Handgun;Personal Weapons,,C
171171256,154950024,2022-05-03,Winston-Salem,NC0340200,13A,H,W,H,F,34,R,N,PA;VO,Residence/Home,Home,Personal Weapons,Minor Injury,C
171171257,154950024,2022-05-03,Winston-Salem,NC0340200,13A,H,W,H,F,17,R,N,CH;VO,Residence/Home,Home,Personal Weapons,Minor Injury,C
171171259,154950026,2022-05-03,Winston-Salem,NC0340200,13A,H,W,H,F,23,R,Y,XR,Residence/Home,Home,Blunt Object,Minor Injury,C
171171261,154950028,2022-05-03,Winston-Salem,NC0340200,13A,B,B,N,M,64,R,Y,SE,Residence/Home,Home,Knife/Cutting Instrument,,C
171171283,154950050,2022-05-04,Winston-Salem,NC0340200,13A,B,B,N,M,61,R,N,,Residence/Home,Home,Firearm,,C
171171292,154950059,2022-05-04,Winston-Salem,NC0340200,13A,B,B,N,F,54,R,Y,XS,Residence/Home,Home,Blunt Object;Personal Weapons,Minor Injury,C
171171293,154950060,2022-05-04,Winston-Salem,NC0340200,13A,B,B,N,F,57,R,N,PA,Residence/Home,Home,Knife/Cutting Instrument,Minor Injury,C
171171342,154950099,2022-05-04,Winston-Salem,NC0340200,13A,B,B,N,M,56,R,Y,XS,Residence/Home,Home,Knife/Cutting Instrument,Minor Injury,C
171171348,154950104,2022-05-04,Winston-Salem,NC0340200,13A,B,B,N,F,23,R,Y,BG,Residence/Home,Home,Handgun,,C
171171354,154950110,2022-05-04,Winston-Salem,NC0340200,13A,H,W,H,M,29,R,Y,BG,Highway/Road/Alley/Street/Sidewalk,Street & Sidewalk,Motor Vehicle/Vessel,,C
171171355,154950111,2022-05-04,Winston-Salem,NC0340200,13A,B,B,N,F,28,R,N,OK,Residence/Home,Home,Other,,C
171171356,154950111,2022-05-04,Winston-Salem,NC0340200,13A,B,B,N,M,24,R,N,OK,Residence/Home,Home,Other,,C
171171361,154950115,2022-05-04,Winston-Salem,NC0340200,13A,W,W,N,F,26,N,N,CH,Highway/Road/Alley/Street/Sidewalk,Street & Sidewalk,Motor Vehicle/Vessel,,C
171171362,154950115,2022-05-04,Winston-Salem,NC0340200,13A,W,W,N,M,24,N,N,OK,Highway/Road/Alley/Street/Sidewalk,Street & Sidewalk,Motor Vehicle/Vessel,,C
176765858,159834096,2022-05-04,Winston-Salem,NC0340200,13A,H,W,H,F,20,R,N,RU,Residence/Home,Home,Blunt Object,Apparent Broken Bones,C
171171366,154950119,2022-05-05,Winston-Salem,NC0340200,13A,B,B,N,F,22,R,Y,BG,Highway/Road/Alley/Street/Sidewalk,Street & Sidewalk,Motor Vehicle/Vessel,,C
171171390,154950138,2022-05-05,Winston-Salem,NC0340200,13A,B,B,N,M,41,R,N,ST,Highway/Road/Alley/Street/Sidewalk,Street & Sidewalk,Handgun,,C
171171400,154950147,2022-05-05,Winston-Salem,NC0340200,13A,B,B,N,M,40,R,N,OK,Highway/Road/Alley/Street/Sidewalk,Street & Sidewalk,Handgun;Knife/Cutting Instrument,Minor Injury,C
171171431,154950174,2022-05-05,Winston-Salem,NC0340200,13A,B,B,N,F,26,R,N,ST,Highway/Road/Alley/Street/Sidewalk,Street & Sidewalk,Handgun,,C
171171434,154950177,2022-05-05,Winston-Salem,NC0340200,13A,B,B,N,M,27,R,N,,Highway/Road/Alley/Street/Sidewalk,Street & Sidewalk,Firearm,,C
171171435,154950177,2022-05-05,Winston-Salem,NC0340200,13A,B,B,N,M,3,R,N,,Highway/Road/Alley/Street/Sidewalk,Street & Sidewalk,Firearm,,C
171171436,154950177,2022-05-05,Winston-Salem,NC0340200,13A,B,B,N,F,4,R,N,,Highway/Road/Alley/Street/Sidewalk,Street & Sidewalk,Firearm,,C
171171473,154950211,2022-05-06,Winston-Salem,NC0340200,13A,B,B,N,F,39,R,Y,BG,Highway/Road/Alley/Street/Sidewalk,Street & Sidewalk,Motor Vehicle/Vessel,,C
171171474,154950212,2022-05-06,Winston-Salem,NC0340200,13A,B,B,N,F,61,R,N,OK;VO,Residence/Home,Home,Knife/Cutting Instrument,Minor Injury,C
171171475,154950212,2022-05-06,Winston-Salem,NC0340200,13A,B,B,N,M,51,R,N,OK;VO,Residence/Home,Home,Knife/Cutting Instrument,,C
171171533,154950261,2022-05-06,Winston-Salem,NC0340200,13A,B,B,N,F,29,R,N,RU,Highway/Road/Alley/Street/Sidewalk,Street & Sidewalk,Handgun,,C
171171544,154950271,2022-05-06,Winston-Salem,NC0340200,13A,B,B,N,M,14,R,N,FR,Residence/Home,Home,Knife/Cutting Instrument,Minor Injury,C
171171548,154950274,2022-05-06,Winston-Salem,NC0340200,13A,W,W,N,M,54,R,Y,BG,Residence/Home,Home,Knife/Cutting Instrument,Minor Injury,C
172557317,156165313,2022-05-06,Winston-Salem,NC0340200,13A,H,W,H,M,16,R,N,OK,Service/Gas Station,Gas Station,Handgun,,C
172557318,156165313,2022-05-06,Winston-Salem,NC0340200,13A,W,W,N,M,29,R,N,ST,Service/Gas Station,Gas Station,Handgun,,C
171171565,154950288,2022-05-07,Winston-Salem,NC0340200,13A,B,B,N,M,57,R,N,,Highway/Road/Alley/Street/Sidewalk,Street & Sidewalk,Knife/Cutting Instrument,Minor Injury,C
171171600,154950310,2022-05-07,Winston-Salem,NC0340200,13A,B,B,N,M,29,R,N,OK,Residence/Home,Home,Blunt Object,,C
171171610,154950319,2022-05-07,Winston-Salem,NC0340200,13A,W,W,N,F,44,N,N,ST,Parking/Drop Lot/Garage,Parking Lot,Handgun,,C
171171618,154950326,2022-05-07,Winston-Salem,NC0340200,13A,B,B,N,F,31,R,N,,Residence/Home,Home,Handgun,Minor Injury,C
171171619,154950326,2022-05-07,Winston-Salem,NC0340200,13A,B,B,N,M,2,R,N,,Residence/Home,Home,Handgun,,C
176765868,159834103,2022-05-07,Winston-Salem,NC0340200,13A,H,W,H,F,19,R,N,,Residence/Home,Home,Firearm,,C
176765870,159834103,2022-05-07,Winston-Salem,NC0340200,13A,W,W,N,M,26,R,N,,Residence/Home,Home,Firearm,,C
171171648,154950350,2022-05-08,Winston-Salem,NC0340200,13A,H,W,H,M,32,R,N,,Parking/Drop Lot/Garage,Parking Lot,Handgun,Other Major Injury,C
171171654,154950355,2022-05-08,Winston-Salem,NC0340200,13A,B,B,N,F,29,R,Y,BG,Residence/Home,Home,Personal Weapons,Other Major Injury,C
171171718,154950404,2022-05-08,Winston-Salem,NC0340200,13A,B,B,N,M,33,R,N,AQ,Residence/Home,Home,Handgun,Other Major Injury,C
171171732,154950418,2022-05-08,Winston-Salem,NC0340200,13A,B,B,N,M,12,R,N,SB,Residence/Home,Home,Knife/Cutting Instrument,Minor Injury,C
171172164,154950775,2022-05-08,Winston-Salem,NC0340200,13A,W,W,N,F,34,R,N,OF,Highway/Road/Alley/Street/Sidewalk,Street & Sidewalk,,,C
171171750,154950433,2022-05-09,Winston-Salem,NC0340200,13A,B,B,N,F,28,R,N,,Parking/Drop Lot/Garage,Parking Lot,Handgun,,C
171171797,154950474,2022-05-09,Winston-Salem,NC0340200,13A,B,B,N,M,28,R,N,,Residence/Home,Home,Handgun,Other Major Injury,C
171171815,154950492,2022-05-09,Winston-Salem,NC0340200,13A,B,B,N,M,54,R,N,AQ,Residence/Home,Home,Handgun,,C
171171877,154950538,2022-05-10,Winston-Salem,NC0340200,13A,B,B,N,M,26,R,N,RU,Shopping Mall,Shopping Mall,Handgun,Other Major Injury,C
171171893,154950554,2022-05-10,Winston-Salem,NC0340200,13A,W,W,N,M,28,R,N,,Residence/Home,Home,Firearm,,C
171171894,154950554,2022-05-10,Winston-Salem,NC0340200,13A,W,W,N,F,27,R,N,,Residence/Home,Home,Firearm,,C
171171895,154950555,2022-05-10,Winston-Salem,NC0340200,13A,B,B,N,M,27,R,N,AQ,Parking/Drop Lot/Garage,Parking Lot,Motor Vehicle/Vessel,Minor Injury,C
171171930,154950581,2022-05-10,Winston-Salem,NC0340200,13A,B,B,N,F,29,R,N,RU,Parking/Drop Lot/Garage,Parking Lot,Knife/Cutting Instrument,,C
171172567,154951118,2022-05-10,Winston-Salem,NC0340200,13A,B,B,N,M,59,R,N,,Parking/Drop Lot/Garage,Parking Lot,Handgun,,C
188882800,170414878,2022-05-10,Winston-Salem,NC0340200,13A,B,B,N,F,69,R,N,RU,Other/Unknown,Other & Unknown,Firearm,,C
188882801,170414878,2022-05-10,Winston-Salem,NC0340200,13A,B,B,N,M,19,R,N,RU,Other/Unknown,Other & Unknown,Firearm,Other Major Injury,C
188882803,170414878,2022-05-10,Winston-Salem,NC0340200,13A,B,B,N,M,25,R,N,RU,Other/Unknown,Other & Unknown,Firearm,Other Major Injury,C
171171948,154950587,2022-05-11,Winston-Salem,NC0340200,13A,B,B,N,M,60,R,N,ST,Highway/Road/Alley/Street/Sidewalk,Street & Sidewalk,Handgun,,C
171171950,154950588,2022-05-11,Winston-Salem,NC0340200,13A,B,B,N,M,45,R,Y,BG,Parking/Drop Lot/Garage,Parking Lot,Knife/Cutting Instrument,Minor Injury,C
171171971,154950604,2022-05-11,Winston-Salem,NC0340200,13A,B,B,N,M,19,R,N,OK,Highway/Road/Alley/Street/Sidewalk,Street & Sidewalk,Firearm,,C
171171982,154950614,2022-05-11,Winston-Salem,NC0340200,13A,W,W,N,M,56,R,N,OF;VO,Highway/Road/Alley/Street/Sidewalk,Street & Sidewalk,Knife/Cutting Instrument,Minor Injury,C
171171988,154950619,2022-05-11,Winston-Salem,NC0340200,13A,H,W,H,M,62,R,N,,Residence/Home,Home,Other Firearm,,C
171172003,154950630,2022-05-11,Winston-Salem,NC0340200,13A,B,B,N,F,29,R,N,,Residence/Home,Home,Firearm,,C
171172009,154950635,2022-05-11,Winston-Salem,NC0340200,13A,B,B,N,F,17,R,N,RU,Highway/Road/Alley/Street/Sidewalk,Street & Sidewalk,Knife/Cutting Instrument,,C
179704726,162398055,2022-05-11,Winston-Salem,NC0340200,13A,B,B,N,F,31,R,Y,BG,Residence/Home,Home,Handgun,Minor Injury,C
179704727,162398055,2022-05-11,Winston-Salem,NC0340200,13A,B,B,N,F,7,R,N,CH,Residence/Home,Home,Handgun,Minor Injury,C
171172032,154950655,2022-05-12,Winston-Salem,NC0340200,13A,W,W,N,F,53,R,N,AQ,Grocery/Supermarket,Grocery Store,Knife/Cutting Instrument,Minor Injury,C
171172052,154950673,2022-05-12,Winston-Salem,NC0340200,13A,W,W,N,M,36,N,N,RU,Highway/Road/Alley/Street/Sidewalk,Street & Sidewalk,Handgun,,C
171172083,154950700,2022-05-12,Winston-Salem,NC0340200,13A,B,B,N,M,47,R,N,RU,Highway/Road/Alley/Street/Sidewalk,Street & Sidewalk,Knife/Cutting Instrument,Severe Laceration,C
171172122,154950736,2022-05-12,Winston-Salem,NC0340200,13A,B,B,N,M,69,R,N,RU,Parking/Drop Lot/Garage,Parking Lot,Personal Weapons,Severe Laceration,C
171172175,154950785,2022-05-13,Winston-Salem,NC0340200,13A,B,B,N,F,62,R,N,NE,Highway/Road/Alley/Street/Sidewalk,Street & Sidewalk,Blunt Object,,C
171172221,154950828,2022-05-14,Winston-Salem,NC0340200,13A,B,B,N,M,18,R,N,CH,Residence/Home,Home,Blunt Object,,C
171172264,154950862,2022-05-14,Winston-Salem,NC0340200,13A,B,B,N,F,33,R,Y,BG,Residence/Home,Home,Handgun,Minor Injury,C
171172288,154950883,2022-05-15,Winston-Salem,NC0340200,13A,H,W,H,F,27,R,Y,BG,Residence/Home,Home,Firearm,Minor Injury,C
171172303,154950896,2022-05-15,Winston-Salem,NC0340200,13A,W,W,N,M,72,R,N,,Residence/Home,Home,Shotgun,,C
171172304,154950896,2022-05-15,Winston-Salem,NC0340200,13A,W,W,N,F,76,R,N,,Residence/Home,Home,Shotgun,,C
171172305,154950896,2022-05-15,Winston-Salem,NC0340200,13A,B,B,N,M,52,R,N,,Residence/Home,Home,Shotgun,,C
171172330,154950915,2022-05-15,Winston-Salem,NC0340200,13A,B,B,N,F,29,R,N,OK,Highway/Road/Alley/Street/Sidewalk,Street & Sidewalk,Handgun,,C
171172331,154950915,2022-05-15,Winston-Salem,NC0340200,13A,B,B,N,M,30,R,N,OK,Highway/Road/Alley/Street/Sidewalk,Street & Sidewalk,Handgun,,C
176765888,159834119,2022-05-15,Winston-Salem,NC0340200,13A,B,B,N,M,62,R,N,RU,Residence/Home,Home,Handgun;Rifle,,C
176765889,159834119,2022-05-15,Winston-Salem,NC0340200,13A,B,B,N,F,31,R,N,RU,Residence/Home,Home,Handgun;Rifle,Other Major Injury,C
176765890,159834119,2022-05-15,Winston-Salem,NC0340200,13A,B,B,N,F,31,R,N,RU,Residence/Home,Home,Handgun;Rifle,Other Major Injury,C
176765891,159834119,2022-05-15,Winston-Salem,NC0340200,13A,B,B,N,M,43,R,N,RU,Residence/Home,Home,Handgun;Rifle,Other Major Injury,C
176765892,159834119,2022-05-15,Winston-Salem,NC0340200,13A,B,B,N,M,33,R,N,RU,Residence/Home,Home,Handgun;Rifle,Other Major Injury,C
176765893,159834119,2022-05-15,Winston-Salem,NC0340200,13A,B,B,N,F,20,R,N,RU,Residence/Home,Home,Handgun;Rifle,Other Major Injury,C
176765894,159834119,2022-05-15,Winston-Salem,NC0340200,13A,H,W,H,M,30,N,N,RU,Residence/Home,Home,Handgun;Rifle,Other Major Injury,C
176765895,159834119,2022-05-15,Winston-Salem,NC0340200,13A,W,W,N,M,36,R,N,RU,Residence/Home,Home,Handgun;Rifle,Other Major Injury,C
176765896,159834119,2022-05-15,Winston-Salem,NC0340200,13A,H,W,H,M,23,R,N,RU,Residence/Home,Home,Handgun;Rifle,,C
176765897,159834119,2022-05-15,Winston-Salem,NC0340200,13A,W,W,N,M,38,R,N,RU,Residence/Home,Home,Handgun;Rifle,,C
171172376,154950946,2022-05-16,Winston-Salem,NC0340200,13A,B,B,N,M,44,R,N,RU,Residence/Home,Home,Knife/Cutting Instrument,Possible Internal Injury,C
171172402,154950967,2022-05-16,Winston-Salem,NC0340200,13A,B,B,N,M,30,R,N,,Highway/Road/Alley/Street/Sidewalk,Street & Sidewalk,Handgun,,C
171172448,154951009,2022-05-16,Winston-Salem,NC0340200,13A,B,B,N,F,62,R,N,OF,Residence/Home,Home,Rifle,,C
171172450,154951011,2022-05-16,Winston-Salem,NC0340200,13A,B,B,N,M,45,R,Y,BG,Residence/Home,Home,Motor Vehicle/Vessel,,C
171172520,154951075,2022-05-17,Winston-Salem,NC0340200,13A,B,B,N,M,21,R,N,ST,Highway/Road/Alley/Street/Sidewalk,Street & Sidewalk,Other Firearm,,C
171173989,154952262,2022-05-17,Winston-Salem,NC0340200,13A,B,B,N,F,62,R,N,,Residence/Home,Home,Firearm,,C
171173990,154952262,2022-05-17,Winston-Salem,NC0340200,13A,B,B,N,F,58,R,N,,Residence/Home,Home,Firearm,,C
171173991,154952262,2022-05-17,Winston-Salem,NC0340200,13A,B,B,N,M,30,R,N,,Residence/Home,Home,Firearm,,C
176765908,159834130,2022-05-17,Winston-Salem,NC0340200,13A,B,B,N,M,15,R,N,AQ,School-Elementary/Secondary,K-12 School,Personal Weapons,,C
171172597,154951148,2022-05-18,Winston-Salem,NC0340200,13A,B,B,N,M,19,R,N,OF,Residence/Home,Home,Motor Vehicle/Vessel,,C
171172615,154951163,2022-05-18,Winston-Salem,NC0340200,13A,B,B,N,F,22,R,Y,BG,Parking/Drop Lot/Garage,Parking Lot,Handgun,,C
171172859,154951369,2022-05-18,Winston-Salem,NC0340200,13A,B,B,N,M,47,R,N,,Residence/Home,Home,Handgun,Minor Injury,C
171172860,154951369,2022-05-18,Winston-Salem,NC0340200,13A,B,B,N,F,47,R,N,,Residence/Home,Home,Handgun,,C
171172636,154951182,2022-05-19,Winston-Salem,NC0340200,13A,B,B,N,F,39,R,N,ST,Highway/Road/Alley/Street/Sidewalk,Street & Sidewalk,Motor Vehicle/Vessel,Minor Injury,C
171172637,154951182,2022-05-19,Winston-Salem,NC0340200,13A,B,B,N,M,37,R,Y,XR,Highway/Road/Alley/Street/Sidewalk,Street & Sidewalk,Motor Vehicle/Vessel,,C
171172674,154951212,2022-05-19,Winston-Salem,NC0340200,13A,B,B,N,F,11,R,N,AQ,Highway/Road/Alley/Street/Sidewalk,Street & Sidewalk,Other,,C
171172675,154951212,2022-05-19,Winston-Salem,NC0340200,13A,B,B,N,M,11,R,N,AQ,Highway/Road/Alley/Street/Sidewalk,Street & Sidewalk,Other,,C
171172679,154951216,2022-05-19,Winston-Salem,NC0340200,13A,B,B,N,M,30,R,Y,BG;VO,Residence/Home,Home,Motor Vehicle/Vessel,Minor Injury,C
171172680,154951216,2022-05-19,Winston-Salem,NC0340200,13A,B,B,N,F,20,R,Y,BG;VO,Residence/Home,Home,Motor Vehicle/Vessel,,C
171172683,154951218,2022-05-19,Winston-Salem,NC0340200,13A,B,B,N,M,14,R,N,AQ;VO,Park/Playground,Park & Playground,Personal Weapons,Loss of Teeth,C
171172776,154951305,2022-05-20,Winston-Salem,NC0340200,13A,B,B,N,F,72,R,N,,Residence/Home,Home,Firearm,,C
171172787,154951314,2022-05-20,Winston-Salem,NC0340200,13A,H,W,H,F,29,R,N,,Highway/Road/Alley/Street/Sidewalk,Street & Sidewalk,Firearm,,C
171172788,154951314,2022-05-20,Winston-Salem,NC0340200,13A,W,W,N,F,1,R,N,,Highway/Road/Alley/Street/Sidewalk,Street & Sidewalk,Firearm,,C
171172814,154951333,2022-05-20,Winston-Salem,NC0340200,13A,B,B,N,F,29,R,N,AQ,Service/Gas Station,Gas Station,Motor Vehicle/Vessel,Minor Injury,C
171172781,154951310,2022-05-21,Winston-Salem,NC0340200,13A,B,B,N,M,32,R,N,AQ,Highway/Road/Alley/Street/Sidewalk,Street & Sidewalk,Handgun,,C
171172817,154951336,2022-05-21,Winston-Salem,NC0340200,13A,B,B,N,F,26,R,Y,XR,Residence/Home,Home,Personal Weapons,,C
171172819,154951338,2022-05-21,Winston-Salem,NC0340200,13A,B,B,N,M,30,R,N,,Residence/Home,Home,Firearm,,C
171172820,154951338,2022-05-21,Winston-Salem,NC0340200,13A,B,B,N,F,11,R,N,,Residence/Home,Home,Firearm,,C
171172837,154951352,2022-05-21,Winston-Salem,NC0340200,13A,B,B,N,F,46,R,N,AQ,Hotel/Motel/Etc.,Hotel & Motel,Knife/Cutting Instrument,,C
171172840,154951355,2022-05-21,Winston-Salem,NC0340200,13A,H,W,H,F,51,R,N,OK;VO,Residence/Home,Home,Knife/Cutting Instrument;Personal Weapons,Minor Injury,C
171172841,154951355,2022-05-21,Winston-Salem,NC0340200,13A,W,W,N,M,35,R,Y,BG;OK,Residence/Home,Home,Knife/Cutting Instrument;Personal Weapons,,C
171172842,154951355,2022-05-21,Winston-Salem,NC0340200,13A,H,W,H,F,47,R,N,OK;VO,Residence/Home,Home,Knife/Cutting Instrument;Personal Weapons,,C
171172843,154951356,2022-05-21,Winston-Salem,NC0340200,13A,B,B,N,M,47,R,N,AQ;VO,Air/Bus/Train Terminal,Transit Station,Blunt Object;Knife/Cutting Instrument,,C
171172844,154951356,2022-05-21,Winston-Salem,NC0340200,13A,W,W,N,M,48,R,N,AQ;VO,Air/Bus/Train Terminal,Transit Station,Blunt Object;Knife/Cutting Instrument,Minor Injury,C
171172871,154951379,2022-05-21,Winston-Salem,NC0340200,13A,W,W,N,F,59,R,N,ST,Highway/Road/Alley/Street/Sidewalk,Street & Sidewalk,Handgun,,C
171172872,154951379,2022-05-21,Winston-Salem,NC0340200,13A,W,W,N,F,26,R,Y,BG,Highway/Road/Alley/Street/Sidewalk,Street & Sidewalk,Handgun,Minor Injury,C
171172898,154951401,2022-05-21,Winston-Salem,NC0340200,13A,B,B,N,F,46,R,N,AQ;VO,Parking/Drop Lot/Garage,Parking Lot,Other,,C
171172899,154951401,2022-05-21,Winston-Salem,NC0340200,13A,B,B,N,F,50,R,N,AQ;VO,Parking/Drop Lot/Garage,Parking Lot,Other,,C
171172900,154951402,2022-05-21,Winston-Salem,NC0340200,13A,W,W,N,M,80,R,N,,Residence/Home,Home,Firearm,,C
171172926,154951424,2022-05-22,Winston-Salem,NC0340200,13A,B,B,N,M,61,R,N,OK,Residence/Home,Home,Handgun,,C
171172962,154951455,2022-05-22,Winston-Salem,NC0340200,13A,B,B,N,M,18,R,N,,Highway/Road/Alley/Street/Sidewalk,Street & Sidewalk,Firearm,Other Major Injury,C
171172964,154951457,2022-05-22,Winston-Salem,NC0340200,13A,W,W,N,M,62,R,N,,Highway/Road/Alley/Street/Sidewalk,Street & Sidewalk,Handgun,,C
171172969,154951462,2022-05-22,Winston-Salem,NC0340200,13A,W,W,N,F,55,R,N,RU,Highway/Road/Alley/Street/Sidewalk,Street & Sidewalk,Knife/Cutting Instrument,Minor Injury,C
171172989,154951481,2022-05-22,Winston-Salem,NC0340200,13A,B,B,N,F,51,R,N,PA;VO,Residence/Home,Home,Blunt Object,,C
171172990,154951481,2022-05-22,Winston-Salem,NC0340200,13A,B,B,N,M,15,R,N,CH;VO,Residence/Home,Home,Blunt Object,,C
171173211,154951657,2022-05-25,Winston-Salem,NC0340200,13A,B,B,N,M,16,R,N,RU,Parking/Drop Lot/Garage,Parking Lot,Firearm,,C
171173280,154951711,2022-05-25,Winston-Salem,NC0340200,13A,B,B,N,M,34,R,Y,XS,Residence/Home,Home,Knife/Cutting Instrument,Minor Injury,C
171173294,154951721,2022-05-25,Winston-Salem,NC0340200,13A,B,B,N,F,63,R,N,OK,Residence/Home,Home,Knife/Cutting Instrument,,C
176765941,159834155,2022-05-25,Winston-Salem,NC0340200,13A,B,B,N,F,57,R,N,RU,Residence/Home,Home,Rifle,,C
176765942,159834155,2022-05-25,Winston-Salem,NC0340200,13A,B,B,N,M,58,R,N,RU,Residence/Home,Home,Rifle,,C
171173327,154951751,2022-05-26,Winston-Salem,NC0340200,13A,W,W,N,F,31,N,Y,BG,Residence/Home,Home,,Minor Injury,C
171173338,154951762,2022-05-26,Winston-Salem,NC0340200,13A,W,W,N,M,44,N,N,,Commercial/Office Building,Office Building,Firearm,,C
171173417,154951825,2022-05-26,Winston-Salem,NC0340200,13A,W,W,N,M,14,R,N,,Other/Unknown,Other & Unknown,Personal Weapons,Minor Injury,C
179443639,162173475,2022-05-26,Winston-Salem,NC0340200,13A,W,W,N,F,50,N,N,,Parking/Drop Lot/Garage,Parking Lot,Handgun,,C
171173415,154951823,2022-05-27,Winston-Salem,NC0340200,13A,B,B,N,F,32,R,Y,XR,Residence/Home,Home,Personal Weapons,Minor Injury,C
171173429,154951836,2022-05-27,Winston-Salem,NC0340200,13A,B,B,N,M,44,R,N,RU,Service/Gas Station,Gas Station,Handgun,,C
171173490,154951885,2022-05-28,Winston-Salem,NC0340200,13A,B,B,N,M,50,N,N,,Residence/Home,Home,Handgun,,C
171173491,154951885,2022-05-28,Winston-Salem,NC0340200,13A,B,B,N,M,42,R,N,,Residence/Home,Home,Handgun,,C
171173492,154951885,2022-05-28,Winston-Salem,NC0340200,13A,B,B,N,F,66,R,N,,Residence/Home,Home,Handgun,,C
171173513,154951905,2022-05-28,Winston-Salem,NC0340200,13A,B,B,N,F,45,R,N,OF,Residence/Home,Home,Blunt Object;Personal Weapons,Minor Injury,C
171173514,154951905,2022-05-28,Winston-Salem,NC0340200,13A,B,B,N,M,52,R,N,NE,Residence/Home,Home,Blunt Object;Personal Weapons,Minor Injury,C
171173544,154951929,2022-05-28,Winston-Salem,NC0340200,13A,H,W,H,F,26,R,N,RU,Highway/Road/Alley/Street/Sidewalk,Street & Sidewalk,Handgun,,C
171173545,154951929,2022-05-28,Winston-Salem,NC0340200,13A,H,W,H,M,27,N,N,RU,Highway/Road/Alley/Street/Sidewalk,Street & Sidewalk,Handgun,,C
171173547,154951931,2022-05-28,Winston-Salem,NC0340200,13A,B,B,N,F,51,R,N,AQ,Residence/Home,Home,Firearm,,C
171173548,154951931,2022-05-28,Winston-Salem,NC0340200,13A,B,B,N,F,25,R,N,OK,Residence/Home,Home,Firearm,,C
171173554,154951937,2022-05-28,Winston-Salem,NC0340200,13A,H,W,H,F,40,R,N,,Residence/Home,Home,Firearm,,C
171173555,154951937,2022-05-28,Winston-Salem,NC0340200,13A,H,W,H,M,16,R,N,,Residence/Home,Home,Firearm,,C
171173565,154951947,2022-05-28,Winston-Salem,NC0340200,13A,B,B,N,F,33,R,N,,Residence/Home,Home,Handgun,,C
171173566,154951947,2022-05-28,Winston-Salem,NC0340200,13A,B,B,N,M,15,R,N,,Residence/Home,Home,Handgun,,C
171173567,154951947,2022-05-28,Winston-Salem,NC0340200,13A,B,B,N,M,44,R,N,,Residence/Home,Home,Handgun,,C
171173568,154951947,2022-05-28,Winston-Salem,NC0340200,13A,B,B,N,M,9,R,N,,Residence/Home,Home,Handgun,,C
171173573,154951951,2022-05-28,Winston-Salem,NC0340200,13A,B,B,N,M,48,R,Y,SE,Residence/Home,Home,Blunt Object,Minor Injury,C
184806872,166862039,2022-05-28,Winston-Salem,NC0340200,13A,B,B,N,F,33,R,Y,XR,Residence/Home,Home,Handgun;Personal Weapons,Minor Injury,C
184806873,166862039,2022-05-28,Winston-Salem,NC0340200,13A,B,B,N,M,9,R,N,CH,Residence/Home,Home,Handgun;Personal Weapons,,C
184806874,166862039,2022-05-28,Winston-Salem,NC0340200,13A,B,B,N,M,31,R,N,RU,Residence/Home,Home,Handgun;Personal Weapons,,C
171173576,154951953,2022-05-29,Winston-Salem,NC0340200,13A,B,B,N,F,57,R,N,,Residence/Home,Home,Handgun,,C
171173577,154951953,2022-05-29,Winston-Salem,NC0340200,13A,W,W,N,F,52,R,N,,Residence/Home,Home,Handgun,,C
171173579,154951953,2022-05-29,Winston-Salem,NC0340200,13A,B,B,N,M,34,R,N,,Residence/Home,Home,Handgun,,C
171173587,154951960,2022-05-29,Winston-Salem,NC0340200,13A,H,W,H,F,37,R,N,NE,Residence/Home,Home,Blunt Object,,C
171173589,154951962,2022-05-29,Winston-Salem,NC0340200,13A,B,B,N,F,48,R,N,,Residence/Home,Home,Handgun,,C
171173590,154951962,2022-05-29,Winston-Salem,NC0340200,13A,B,B,N,F,37,R,N,,Residence/Home,Home,Handgun,,C
171173614,154951982,2022-05-29,Winston-Salem,NC0340200,13A,W,W,N,F,54,R,N,NE,Parking/Drop Lot/Garage,Parking Lot,Motor Vehicle/Vessel,,C
171173617,154951985,2022-05-29,Winston-Salem,NC0340200,13A,H,W,H,M,50,N,N,,Bar/Nightclub,Bar & Nightclub,Personal Weapons,Apparent Broken Bones,C
171173646,154952009,2022-05-29,Winston-Salem,NC0340200,13A,W,W,N,M,67,R,N,,Residence/Home,Home,Firearm,,C
171173647,154952009,2022-05-29,Winston-Salem,NC0340200,13A,W,W,N,F,67,R,N,,Residence/Home,Home,Firearm,,C
171173648,154952009,2022-05-29,Winston-Salem,NC0340200,13A,H,W,H,F,61,R,N,,Residence/Home,Home,Firearm,,C
171173649,154952009,2022-05-29,Winston-Salem,NC0340200,13A,H,W,H,M,66,R,N,,Residence/Home,Home,Firearm,,C
171173650,154952009,2022-05-29,Winston-Salem,NC0340200,13A,W,W,N,M,28,R,N,,Residence/Home,Home,Firearm,,C
171173651,154952009,2022-05-29,Winston-Salem,NC0340200,13A,W,W,N,M,26,R,N,,Residence/Home,Home,Firearm,,C
171173652,154952009,2022-05-29,Winston-Salem,NC0340200,13A,W,W,N,M,22,R,N,,Residence/Home,Home,Firearm,,C
171173685,154952040,2022-05-30,Winston-Salem,NC0340200,13A,W,W,N,F,41,R,N,AQ,Residence/Home,Home,Firearm,Minor Injury,C
171173735,154952061,2022-05-30,Winston-Salem,NC0340200,13A,W,W,N,M,51,R,N,,Residence/Home,Home,Other,Minor Injury,C
171173736,154952062,2022-05-30,Winston-Salem,NC0340200,13A,B,B,N,F,45,R,N,,Residence/Home,Home,Handgun,,C
171173737,154952062,2022-05-30,Winston-Salem,NC0340200,13A,B,B,N,M,64,R,N,,Residence/Home,Home,Handgun,,C
171173738,154952062,2022-05-30,Winston-Salem,NC0340200,13A,B,B,N,F,20,R,N,,Residence/Home,Home,Handgun,,C
171173739,154952062,2022-05-30,Winston-Salem,NC0340200,13A,B,B,N,F,6,R,N,,Residence/Home,Home,Handgun,,C
171173740,154952062,2022-05-30,Winston-Salem,NC0340200,13A,B,B,N,M,36,R,N,,Residence/Home,Home,Handgun,,C
171173741,154952062,2022-05-30,Winston-Salem,NC0340200,13A,B,B,N,M,16,R,N,,Residence/Home,Home,Handgun,,C
171173747,154952067,2022-05-30,Winston-Salem,NC0340200,13A,B,B,N,M,30,R,N,OK;VO,Residence/Home,Home,Knife/Cutting Instrument,Minor Injury,C
171173748,154952067,2022-05-30,Winston-Salem,NC0340200,13A,B,B,N,F,50,N,N,OK;VO,Residence/Home,Home,Knife/Cutting Instrument,Minor Injury,C
171173798,154952102,2022-05-30,Winston-Salem,NC0340200,13A,B,B,N,M,45,R,Y,XR,Parking/Drop Lot/Garage,Parking Lot,Motor Vehicle/Vessel,Possible Internal Injury,C
176765963,159834174,2022-05-30,Winston-Salem,NC0340200,13A,B,B,N,F,64,R,N,RU,Field/Woods,Field & Woods,Rifle,,C
176765964,159834174,2022-05-30,Winston-Salem,NC0340200,13A,B,B,N,F,68,R,N,RU,Field/Woods,Field & Woods,Rifle,,C
176765965,159834174,2022-05-30,Winston-Salem,NC0340200,13A,B,B,N,M,55,R,N,RU,Field/Woods,Field & Woods,Rifle,,C
176765966,159834174,2022-05-30,Winston-Salem,NC0340200,13A,B,B,N,F,33,R,N,RU,Field/Woods,Field & Woods,Rifle,,C
176765967,159834174,2022-05-30,Winston-Salem,NC0340200,13A,B,B,N,F,31,R,N,RU,Field/Woods,Field & Woods,Rifle,,C
176765968,159834174,2022-05-30,Winston-Salem,NC0340200,13A,B,B,N,F,68,R,N,RU,Field/Woods,Field & Woods,Rifle,,C
171173847,154952140,2022-05-31,Winston-Salem,NC0340200,13A,B,B,N,F,22,R,Y,BG,Residence/Home,Home,Handgun,,C
171173873,154952162,2022-05-31,Winston-Salem,NC0340200,13A,B,B,N,M,36,R,Y,BG,Residence/Home,Home,Knife/Cutting Instrument,,C
171173886,154952173,2022-05-31,Winston-Salem,NC0340200,13A,B,B,N,M,47,N,N,,Highway/Road/Alley/Street/Sidewalk,Street & Sidewalk,Firearm,,C
171173893,154952179,2022-05-31,Winston-Salem,NC0340200,13A,B,B,N,M,32,R,Y,XR,Other/Unknown,Other & Unknown,Knife/Cutting Instrument,,C
171173944,154952221,2022-05-31,Winston-Salem,NC0340200,13A,B,B,N,M,31,R,N,,Residence/Home,Home,Motor Vehicle/Vessel,,C
176765984,159834188,2022-05-31,Winston-Salem,NC0340200,13A,B,B,N,F,30,R,N,RU,Highway/Road/Alley/Street/Sidewalk,Street & Sidewalk,Handgun,,C
176765985,159834188,2022-05-31,Winston-Salem,NC0340200,13A,W,W,N,M,34,R,N,RU,Highway/Road/Alley/Street/Sidewalk,Street & Sidewalk,Handgun,,C
184806440,166861680,2022-05-31,Winston-Salem,NC0340200,13A,W,W,N,M,40,R,N,,Specialty Store,Specialty Store,Handgun,,C
172557408,156165384,2022-06-01,Winston-Salem,NC0340200,13A,B,B,N,M,12,R,N,,Residence/Home,Home,Knife/Cutting Instrument,,C
172557427,156165403,2022-06-01,Winston-Salem,NC0340200,13A,W,W,N,F,50,R,Y,SE,Residence/Home,Home,Blunt Object;Personal Weapons,,C
172557428,156165403,2022-06-01,Winston-Salem,NC0340200,13A,W,W,N,F,27,R,N,CH,Residence/Home,Home,Blunt Object;Personal Weapons,Minor Injury,C
172557429,156165403,2022-06-01,Winston-Salem,NC0340200,13A,W,W,N,F,41,R,N,RU,Residence/Home,Home,Blunt Object;Personal Weapons,Minor Injury,C
172557433,156165406,2022-06-01,Winston-Salem,NC0340200,13A,B,B,N,F,66,R,N,RU,Highway/Road/Alley/Street/Sidewalk,Street & Sidewalk,Unknown,,C
172557434,156165406,2022-06-01,Winston-Salem,NC0340200,13A,B,B,N,F,28,R,N,RU,Highway/Road/Alley/Street/Sidewalk,Street & Sidewalk,Unknown,Minor Injury,C
172557435,156165406,2022-06-01,Winston-Salem,NC0340200,13A,B,B,N,M,12,R,N,RU,Highway/Road/Alley/Street/Sidewalk,Street & Sidewalk,Unknown,,C
172557436,156165406,2022-06-01,Winston-Salem,NC0340200,13A,B,B,N,F,11,R,N,RU,Highway/Road/Alley/Street/Sidewalk,Street & Sidewalk,Unknown,,C
172557438,156165408,2022-06-01,Winston-Salem,NC0340200,13A,W,W,N,M,44,R,N,NE,Residence/Home,Home,Handgun,,C
172557441,156165411,2022-06-01,Winston-Salem,NC0340200,13A,B,B,N,F,28,R,Y,XR,Residence/Home,Home,Handgun;Rifle,,C
172557452,156165421,2022-06-01,Winston-Salem,NC0340200,13A,B,B,N,M,37,R,N,,Residence/Home,Home,Handgun,,C
172557453,156165421,2022-06-01,Winston-Salem,NC0340200,13A,B,B,N,F,36,N,N,,Residence/Home,Home,Handgun,,C
172557454,156165421,2022-06-01,Winston-Salem,NC0340200,13A,B,B,N,M,14,R,N,,Residence/Home,Home,Handgun,,C
172557455,156165421,2022-06-01,Winston-Salem,NC0340200,13A,B,B,N,F,9,R,N,,Residence/Home,Home,Handgun,,C
172557482,156165441,2022-06-02,Winston-Salem,NC0340200,13A,H,W,H,M,40,R,N,AQ;VO,Highway/Road/Alley/Street/Sidewalk,Street & Sidewalk,Other,,C
172557538,156165491,2022-06-02,Winston-Salem,NC0340200,13A,H,B,H,M,21,R,N,,Residence/Home,Home,Firearm,Other Major Injury,C
172557545,156165498,2022-06-03,Winston-Salem,NC0340200,13A,B,B,N,F,51,R,N,,Residence/Home,Home,Handgun,,C
172557546,156165498,2022-06-03,Winston-Salem,NC0340200,13A,B,B,N,F,16,R,N,,Residence/Home,Home,Handgun,,C
172557621,156165566,2022-06-04,Winston-Salem,NC0340200,13A,B,B,N,M,53,R,N,AQ,Residence/Home,Home,Blunt Object,Minor Injury,C
172557634,156165577,2022-06-04,Winston-Salem,NC0340200,13A,B,B,N,F,57,R,Y,BG,Residence/Home,Home,Knife/Cutting Instrument;Personal Weapons,Minor Injury,C
172557646,156165587,2022-06-04,Winston-Salem,NC0340200,13A,B,B,N,F,31,R,N,OK;VO,Parking/Drop Lot/Garage,Parking Lot,Knife/Cutting Instrument,Minor Injury,C
172557691,156165625,2022-06-05,Winston-Salem,NC0340200,13A,B,B,N,F,48,R,N,FR,Residence/Home,Home,Handgun,,C
172557692,156165626,2022-06-05,Winston-Salem,NC0340200,13A,B,B,N,F,26,R,Y,BG,Parking/Drop Lot/Garage,Parking Lot,Motor Vehicle/Vessel,,C
172557695,156165629,2022-06-05,Winston-Salem,NC0340200,13A,B,B,N,F,22,R,N,FR;VO,Highway/Road/Alley/Street/Sidewalk,Street & Sidewalk,Blunt Object;Knife/Cutting Instrument,Severe Laceration,C
172557696,156165629,2022-06-05,Winston-Salem,NC0340200,13A,B,B,N,M,22,R,N,FR;VO,Highway/Road/Alley/Street/Sidewalk,Street & Sidewalk,Blunt Object;Knife/Cutting Instrument,Other Major Injury,C
172557697,156165630,2022-06-05,Winston-Salem,NC0340200,13A,B,B,N,M,44,R,N,,Residence/Home,Home,Handgun,Other Major Injury,C
172557702,156165635,2022-06-05,Winston-Salem,NC0340200,13A,B,B,N,M,33,R,Y,BG,Residence/Home,Home,Knife/Cutting Instrument,Severe Laceration,C
172557742,156165665,2022-06-05,Winston-Salem,NC0340200,13A,B,B,N,F,58,R,Y,XR,Residence/Home,Home,Knife/Cutting Instrument,,C
172557760,156165682,2022-06-05,Winston-Salem,NC0340200,13A,B,B,N,M,43,R,Y,BG;VO,Residence/Home,Home,Other,,C
172557761,156165682,2022-06-05,Winston-Salem,NC0340200,13A,B,B,N,F,43,R,Y,BG;VO,Residence/Home,Home,Other,,C
176766006,159834206,2022-06-05,Winston-Salem,NC0340200,13A,B,B,N,M,22,R,N,,Highway/Road/Alley/Street/Sidewalk,Street & Sidewalk,Handgun,Other Major Injury,C
176766009,159834208,2022-06-05,Winston-Salem,NC0340200,13A,B,B,N,F,63,R,N,AQ,Residence/Home,Home,Handgun,Other Major Injury,C
176766011,159834210,2022-06-05,Winston-Salem,NC0340200,13A,B,B,N,M,45,R,N,,Parking/Drop Lot/Garage,Parking Lot,Handgun,Other Major Injury,C
172557876,156165777,2022-06-06,Winston-Salem,NC0340200,13A,B,B,N,F,36,R,N,,Residence/Home,Home,Firearm,,C
172557877,156165777,2022-06-06,Winston-Salem,NC0340200,13A,B,B,N,F,10,R,N,,Residence/Home,Home,Firearm,,C
172557878,156165777,2022-06-06,Winston-Salem,NC0340200,13A,B,B,N,F,7,R,N,,Residence/Home,Home,Firearm,,C
172557879,156165777,2022-06-06,Winston-Salem,NC0340200,13A,B,B,N,M,9,R,N,,Residence/Home,Home,Firearm,,C
176766024,159834218,2022-06-06,Winston-Salem,NC0340200,13A,W,W,N,F,21,N,N,RU,Highway/Road/Alley/Street/Sidewalk,Street & Sidewalk,Motor Vehicle/Vessel,Other Major Injury,C
176766025,159834219,2022-06-06,Winston-Salem,NC0340200,13A,B,B,N,M,47,R,N,RU,Highway/Road/Alley/Street/Sidewalk,Street & Sidewalk,Unknown,,C
184806442,166861682,2022-06-06,Winston-Salem,NC0340200,13A,B,B,N,F,17,R,N,OF;OK,Specialty Store,Specialty Store,Knife/Cutting Instrument;Other,Minor Injury,C
184806443,166861682,2022-06-06,Winston-Salem,NC0340200,13A,B,B,N,M,32,R,N,ST,Specialty Store,Specialty Store,Knife/Cutting Instrument;Other,Minor Injury,C
172557895,156165792,2022-06-07,Winston-Salem,NC0340200,13A,B,B,N,M,23,R,Y,BG,Residence/Home,Home,Knife/Cutting Instrument,,C
172557977,156165867,2022-06-07,Winston-Salem,NC0340200,13A,H,W,H,M,59,R,N,,Residence/Home,Home,Handgun;Rifle,,C
172557978,156165867,2022-06-07,Winston-Salem,NC0340200,13A,W,W,N,F,54,R,N,,Residence/Home,Home,Handgun;Rifle,,C
176766026,159834220,2022-06-07,Winston-Salem,NC0340200,13A,B,B,N,M,24,R,Y,SE,Field/Woods,Field & Woods,Firearm,Other Major Injury,C
172557996,156165884,2022-06-08,Winston-Salem,NC0340200,13A,W,W,N,M,49,R,N,ST,Highway/Road/Alley/Street/Sidewalk,Street & Sidewalk,Handgun,,C
172557997,156165884,2022-06-08,Winston-Salem,NC0340200,13A,W,W,N,F,40,R,N,ST,Highway/Road/Alley/Street/Sidewalk,Street & Sidewalk,Handgun,,C
176766031,159834224,2022-06-08,Winston-Salem,NC0340200,13A,B,B,N,F,23,R,Y,BG;RU,Hotel/Motel/Etc.,Hotel & Motel,Knife/Cutting Instrument,Severe Laceration,C
172558067,156165945,2022-06-09,Winston-Salem,NC0340200,13A,B,B,N,F,49,R,Y,BG,Residence/Home,Home,Motor Vehicle/Vessel,,C
172558154,156166020,2022-06-09,Winston-Salem,NC0340200,13A,B,B,N,M,45,R,N,,Highway/Road/Alley/Street/Sidewalk,Street & Sidewalk,Blunt Object,Apparent Broken Bones;Severe Laceration,C
172558167,156166031,2022-06-10,Winston-Salem,NC0340200,13A,B,B,N,M,31,N,N,OK;VO,Hotel/Motel/Etc.,Hotel & Motel,Blunt Object;Other;Personal Weapons,Minor Injury,C
172558168,156166031,2022-06-10,Winston-Salem,NC0340200,13A,W,W,N,M,45,R,N,OK;VO,Hotel/Motel/Etc.,Hotel & Motel,Blunt Object;Other;Personal Weapons,Minor Injury;Severe Laceration,C
172558170,156166032,2022-06-10,Winston-Salem,NC0340200,13A,B,B,N,F,31,R,N,RU,Residence/Home,Home,Handgun,,C
172558171,156166032,2022-06-10,Winston-Salem,NC0340200,13A,B,B,N,F,39,R,N,RU,Residence/Home,Home,Handgun,,C
172558239,156166093,2022-06-10,Winston-Salem,NC0340200,13A,B,B,N,M,27,N,Y,BG;VO,Highway/Road/Alley/Street/Sidewalk,Street & Sidewalk,Handgun,,C
172558240,156166093,2022-06-10,Winston-Salem,NC0340200,13A,B,B,N,F,26,N,Y,BG;VO,Highway/Road/Alley/Street/Sidewalk,Street & Sidewalk,Handgun,,C
172558268,156166117,2022-06-11,Winston-Salem,NC0340200,13A,W,W,N,M,69,R,N,RU,Residence/Home,Home,Handgun,,C
172558269,156166117,2022-06-11,Winston-Salem,NC0340200,13A,W,W,N,F,67,R,N,RU,Residence/Home,Home,Handgun,,C
172558270,156166117,2022-06-11,Winston-Salem,NC0340200,13A,H,W,H,F,23,R,N,RU,Residence/Home,Home,Handgun,,C
172558280,156166127,2022-06-11,Winston-Salem,NC0340200,13A,H,W,H,M,46,R,N,,Highway/Road/Alley/Street/Sidewalk,Street & Sidewalk,Handgun,,C
172558281,156166127,2022-06-11,Winston-Salem,NC0340200,13A,W,W,N,M,39,R,N,,Highway/Road/Alley/Street/Sidewalk,Street & Sidewalk,Handgun,,C
172558287,156166133,2022-06-11,Winston-Salem,NC0340200,13A,B,B,N,F,68,R,N,,Residence/Home,Home,Firearm,,C
172558341,156166181,2022-06-11,Winston-Salem,NC0340200,13A,H,W,H,F,23,R,N,OK,Bar/Nightclub,Bar & Nightclub,Other,Minor Injury,C
172558345,156166185,2022-06-11,Winston-Salem,NC0340200,13A,H,W,H,F,45,R,N,,Residence/Home,Home,Firearm,,C
172558346,156166185,2022-06-11,Winston-Salem,NC0340200,13A,W,W,N,F,23,N,N,,Residence/Home,Home,Firearm,,C
172558347,156166185,2022-06-11,Winston-Salem,NC0340200,13A,W,W,N,M,46,R,N,,Residence/Home,Home,Firearm,,C
172558348,156166185,2022-06-11,Winston-Salem,NC0340200,13A,H,W,H,M,18,R,N,,Residence/Home,Home,Firearm,,C
172558349,156166185,2022-06-11,Winston-Salem,NC0340200,13A,H,W,H,M,24,R,N,,Residence/Home,Home,Firearm,,C
172558350,156166185,2022-06-11,Winston-Salem,NC0340200,13A,W,W,N,M,0,R,N,,Residence/Home,Home,Firearm,,C
172558375,156166206,2022-06-11,Winston-Salem,NC0340200,13A,B,B,N,F,53,R,N,AQ,Residence/Home,Home,Knife/Cutting Instrument,,C
176766070,159834261,2022-06-11,Winston-Salem,NC0340200,13A,B,B,N,M,44,R,N,,Highway/Road/Alley/Street/Sidewalk,Street & Sidewalk,Handgun,Other Major Injury,C
172558357,156166192,2022-06-12,Winston-Salem,NC0340200,13A,B,B,N,M,43,R,N,OK,Residence/Home,Home,Knife/Cutting Instrument,Minor Injury,C
172558366,156166199,2022-06-12,Winston-Salem,NC0340200,13A,W,W,N,M,43,R,N,,Highway/Road/Alley/Street/Sidewalk,Street & Sidewalk,Firearm,,C
172558367,156166199,2022-06-12,Winston-Salem,NC0340200,13A,W,W,N,M,40,R,N,,Highway/Road/Alley/Street/Sidewalk,Street & Sidewalk,Firearm,,C
172558368,156166199,2022-06-12,Winston-Salem,NC0340200,13A,W,W,N,M,20,R,N,,Highway/Road/Alley/Street/Sidewalk,Street & Sidewalk,Firearm,,C
172558383,156166213,2022-06-12,Winston-Salem,NC0340200,13A,W,W,N,M,48,R,N,AQ,Residence/Home,Home,Motor Vehicle/Vessel,,C
172558398,156166226,2022-06-12,Winston-Salem,NC0340200,13A,B,B,N,F,32,R,N,ST,Restaurant,Restaurant,Firearm,,C
172558401,156166228,2022-06-12,Winston-Salem,NC0340200,13A,B,B,N,F,53,R,N,RU,Service/Gas Station,Gas Station,Handgun,,C
172558425,156166248,2022-06-12,Winston-Salem,NC0340200,13A,B,B,N,F,25,R,Y,XR,Residence/Home,Home,Handgun,,C
172558426,156166249,2022-06-12,Winston-Salem,NC0340200,13A,B,B,N,M,24,R,Y,BG;VO,Residence/Home,Home,Knife/Cutting Instrument,Minor Injury,C
172558427,156166249,2022-06-12,Winston-Salem,NC0340200,13A,B,B,N,F,22,R,Y,BG;VO,Residence/Home,Home,Knife/Cutting Instrument,,C
172558433,156166255,2022-06-12,Winston-Salem,NC0340200,13A,W,W,N,F,41,R,Y,SE,Residence/Home,Home,Personal Weapons,Minor Injury,C
172558473,156166287,2022-06-13,Winston-Salem,NC0340200,13A,B,B,N,M,18,R,N,OF,Residence/Home,Home,Handgun,Minor Injury,C
176766076,159834266,2022-06-13,Winston-Salem,NC0340200,13A,B,B,N,F,30,N,Y,BG,Residence/Home,Home,Blunt Object,Minor Injury,C
172558530,156166338,2022-06-14,Winston-Salem,NC0340200,13A,B,B,N,M,55,R,N,OF,Residence/Home,Home,Handgun,,C
172558559,156166362,2022-06-14,Winston-Salem,NC0340200,13A,W,W,N,M,31,R,N,NE,Residence/Home,Home,Other,Minor Injury,C
172558580,156166381,2022-06-14,Winston-Salem,NC0340200,13A,B,B,N,F,42,R,N,AQ;VO,Residence/Home,Home,Handgun,,C
172558581,156166381,2022-06-14,Winston-Salem,NC0340200,13A,W,W,N,M,26,R,N,AQ;VO,Residence/Home,Home,Handgun,,C
172558587,156166385,2022-06-14,Winston-Salem,NC0340200,13A,W,W,N,M,47,R,N,,Residence/Home,Home,Firearm,,C
172558588,156166385,2022-06-14,Winston-Salem,NC0340200,13A,H,W,H,F,38,R,N,,Residence/Home,Home,Firearm,,C
172558589,156166385,2022-06-14,Winston-Salem,NC0340200,13A,W,W,N,M,1,R,N,,Residence/Home,Home,Firearm,,C
172558590,156166385,2022-06-14,Winston-Salem,NC0340200,13A,H,W,H,F,11,R,N,,Residence/Home,Home,Firearm,,C
172558597,156166392,2022-06-14,Winston-Salem,NC0340200,13A,B,B,N,F,31,R,N,,Field/Woods,Field & Woods,Handgun,Minor Injury,C
172558598,156166393,2022-06-14,Winston-Salem,NC0340200,13A,B,B,N,F,88,R,N,,Residence/Home,Home,Handgun,,C
172558599,156166393,2022-06-14,Winston-Salem,NC0340200,13A,B,B,N,M,20,R,N,,Residence/Home,Home,Handgun,,C
176766079,159834269,2022-06-14,Winston-Salem,NC0340200,13A,W,W,N,M,32,N,N,ST,Parking/Drop Lot/Garage,Parking Lot,Handgun,,C
172558636,156166422,2022-06-15,Winston-Salem,NC0340200,13A,B,B,N,M,24,R,N,,Highway/Road/Alley/Street/Sidewalk,Street & Sidewalk,Firearm,,C
172558645,156166430,2022-06-15,Winston-Salem,NC0340200,13A,B,B,N,M,44,R,N,ST,Specialty Store,Specialty Store,Handgun,,C
172558677,156166460,2022-06-16,Winston-Salem,NC0340200,13A,B,B,N,F,22,R,N,FR,Residence/Home,Home,Firearm (Automatic),Minor Injury,C
172558678,156166460,2022-06-16,Winston-Salem,NC0340200,13A,B,B,N,F,1,R,N,FR,Residence/Home,Home,Firearm (Automatic),,C
172558730,156166508,2022-06-16,Winston-Salem,NC0340200,13A,B,B,N,M,32,R,Y,XR,Highway/Road/Alley/Street/Sidewalk,Street & Sidewalk,Handgun,,C
172558786,156166560,2022-06-17,Winston-Salem,NC0340200,13A,B,B,N,M,48,R,N,SB,Hotel/Motel/Etc.,Hotel & Motel,Blunt Object,Severe Laceration,C
172558799,156166571,2022-06-17,Winston-Salem,NC0340200,13A,H,W,H,M,59,R,N,ST,Parking/Drop Lot/Garage,Parking Lot,Handgun,,C
172558805,156166577,2022-06-17,Winston-Salem,NC0340200,13A,B,B,N,F,61,R,N,OF;SB;VO,Residence/Home,Home,Blunt Object,Minor Injury,C
172558806,156166577,2022-06-17,Winston-Salem,NC0340200,13A,B,B,N,M,13,R,N,OF;SB;VO,Residence/Home,Home,Blunt Object,,C
176766108,159834292,2022-06-17,Winston-Salem,NC0340200,13A,B,B,N,M,57,R,N,AQ,Parking/Drop Lot/Garage,Parking Lot,Handgun,,C
172558870,156166626,2022-06-18,Winston-Salem,NC0340200,13A,B,B,N,M,36,R,N,,Parking/Drop Lot/Garage,Parking Lot,Blunt Object,Minor Injury,C
172558875,156166630,2022-06-18,Winston-Salem,NC0340200,13A,B,B,N,F,19,R,Y,BG,Residence/Home,Home,Personal Weapons,,C
172558879,156166634,2022-06-18,Winston-Salem,NC0340200,13A,W,W,N,F,29,N,N,,Highway/Road/Alley/Street/Sidewalk,Street & Sidewalk,Handgun,,C
172558884,156166638,2022-06-18,Winston-Salem,NC0340200,13A,W,W,N,M,38,R,N,,Residence/Home,Home,Handgun,,C
172558906,156166656,2022-06-18,Winston-Salem,NC0340200,13A,B,B,N,F,30,R,Y,XR,Park/Playground,Park & Playground,Personal Weapons,Apparent Broken Bones,C
172558908,156166657,2022-06-18,Winston-Salem,NC0340200,13A,W,W,N,F,27,N,Y,BG,Highway/Road/Alley/Street/Sidewalk,Street & Sidewalk,Shotgun,,C
172558931,156166672,2022-06-18,Winston-Salem,NC0340200,13A,B,B,N,F,24,R,N,,Residence/Home,Home,Handgun,,C
176766115,159834295,2022-06-18,Winston-Salem,NC0340200,13A,B,B,N,M,21,R,N,,Highway/Road/Alley/Street/Sidewalk,Street & Sidewalk,Firearm,Other Major Injury,C
179443652,162173486,2022-06-18,Winston-Salem,NC0340200,13A,B,B,N,F,41,R,Y,BG,Highway/Road/Alley/Street/Sidewalk,Street & Sidewalk,Handgun,Other Major Injury,C
172558948,156166688,2022-06-19,Winston-Salem,NC0340200,13A,B,B,N,F,20,R,N,,Highway/Road/Alley/Street/Sidewalk,Street & Sidewalk,Handgun,,C
172558949,156166688,2022-06-19,Winston-Salem,NC0340200,13A,B,B,N,F,19,R,N,,Highway/Road/Alley/Street/Sidewalk,Street & Sidewalk,Handgun,,C
172558952,156166691,2022-06-19,Winston-Salem,NC0340200,13A,H,W,H,M,31,R,N,,Highway/Road/Alley/Street/Sidewalk,Street & Sidewalk,Firearm,Other Major Injury,C
172558960,156166696,2022-06-19,Winston-Salem,NC0340200,13A,H,B,H,M,23,R,N,,Highway/Road/Alley/Street/Sidewalk,Street & Sidewalk,Firearm,,C
172558961,156166696,2022-06-19,Winston-Salem,NC0340200,13A,H,W,H,M,34,R,N,,Highway/Road/Alley/Street/Sidewalk,Street & Sidewalk,Firearm,,C
172558964,156166699,2022-06-19,Winston-Salem,NC0340200,13A,H,W,H,M,21,R,N,,Highway/Road/Alley/Street/Sidewalk,Street & Sidewalk,Handgun,Other Major Injury,C
172558965,156166700,2022-06-19,Winston-Salem,NC0340200,13A,B,B,N,F,50,R,N,,Residence/Home,Home,Firearm,,C
172558976,156166709,2022-06-19,Winston-Salem,NC0340200,13A,W,W,N,M,41,R,N,,Residence/Home,Home,Rifle,,C
172558977,156166709,2022-06-19,Winston-Salem,NC0340200,13A,B,B,N,F,28,R,N,,Residence/Home,Home,Rifle,,C
172558978,156166709,2022-06-19,Winston-Salem,NC0340200,13A,H,W,H,F,47,R,N,,Residence/Home,Home,Rifle,,C
172558979,156166709,2022-06-19,Winston-Salem,NC0340200,13A,H,W,H,M,22,R,N,,Residence/Home,Home,Rifle,,C
172558980,156166709,2022-06-19,Winston-Salem,NC0340200,13A,W,W,N,F,17,R,N,,Residence/Home,Home,Rifle,,C
172558982,156166711,2022-06-19,Winston-Salem,NC0340200,13A,W,W,N,M,29,R,N,,Highway/Road/Alley/Street/Sidewalk,Street & Sidewalk,Handgun,,C
172558993,156166720,2022-06-19,Winston-Salem,NC0340200,13A,B,B,N,M,61,R,Y,BG;VO,Residence/Home,Home,Knife/Cutting Instrument,,C
172559038,156166761,2022-06-19,Winston-Salem,NC0340200,13A,B,B,N,M,50,R,Y,BG,Residence/Home,Home,Firearm,,C
182087128,164487990,2022-06-19,Winston-Salem,NC0340200,13A,B,B,N,F,86,R,N,,Residence/Home,Home,Firearm,,C
182087129,164487990,2022-06-19,Winston-Salem,NC0340200,13A,B,B,N,M,18,R,N,,Residence/Home,Home,Firearm,,C
182087131,164487990,2022-06-19,Winston-Salem,NC0340200,13A,B,B,N,M,16,R,N,,Residence/Home,Home,Firearm,,C
172559044,156166763,2022-06-20,Winston-Salem,NC0340200,13A,H,W,H,M,18,R,N,,Highway/Road/Alley/Street/Sidewalk,Street & Sidewalk,Firearm,Other Major Injury,C
172559053,156166769,2022-06-20,Winston-Salem,NC0340200,13A,B,B,N,F,33,R,Y,XR,Service/Gas Station,Gas Station,Motor Vehicle/Vessel,Minor Injury,C
172559073,156166788,2022-06-20,Winston-Salem,NC0340200,13A,B,B,N,M,25,R,N,,Department/Discount Store,Department Store,Knife/Cutting Instrument,Minor Injury,C
172559097,156166807,2022-06-20,Winston-Salem,NC0340200,13A,H,W,H,M,27,R,N,,Parking/Drop Lot/Garage,Parking Lot,Other Firearm,,C
172559098,156166807,2022-06-20,Winston-Salem,NC0340200,13A,W,W,N,M,25,R,N,,Parking/Drop Lot/Garage,Parking Lot,Other Firearm,,C
172559099,156166807,2022-06-20,Winston-Salem,NC0340200,13A,W,W,N,M,55,R,N,,Parking/Drop Lot/Garage,Parking Lot,Other Firearm,,C
172559117,156166823,2022-06-20,Winston-Salem,NC0340200,13A,W,W,N,F,48,R,N,,Residence/Home,Home,Handgun,,C
172559118,156166823,2022-06-20,Winston-Salem,NC0340200,13A,H,W,H,M,24,R,N,,Residence/Home,Home,Handgun,,C
172559119,156166823,2022-06-20,Winston-Salem,NC0340200,13A,H,W,H,F,24,R,N,,Residence/Home,Home,Handgun,,C
172559120,156166823,2022-06-20,Winston-Salem,NC0340200,13A,H,W,H,F,2,R,N,,Residence/Home,Home,Handgun,,C
172559130,156166831,2022-06-21,Winston-Salem,NC0340200,13A,W,W,N,M,59,R,N,,Highway/Road/Alley/Street/Sidewalk,Street & Sidewalk,Blunt Object;Personal Weapons,Minor Injury,C
172559145,156166843,2022-06-21,Winston-Salem,NC0340200,13A,H,W,H,F,49,R,N,,Residence/Home,Home,Firearm,,C
172559146,156166843,2022-06-21,Winston-Salem,NC0340200,13A,H,W,H,M,20,R,N,,Residence/Home,Home,Firearm,,C
172559147,156166843,2022-06-21,Winston-Salem,NC0340200,13A,H,W,H,M,16,R,N,,Residence/Home,Home,Firearm,,C
172559190,156166880,2022-06-21,Winston-Salem,NC0340200,13A,B,B,N,F,56,R,N,,Service/Gas Station,Gas Station,Other,,C
172559195,156166885,2022-06-21,Winston-Salem,NC0340200,13A,B,B,N,M,43,R,N,,Highway/Road/Alley/Street/Sidewalk,Street & Sidewalk,Handgun,,C
172559214,156166901,2022-06-21,Winston-Salem,NC0340200,13A,B,B,N,M,48,R,N,AQ;VO,Highway/Road/Alley/Street/Sidewalk,Street & Sidewalk,Handgun;Knife/Cutting Instrument;Personal Weapons,,C
172559215,156166901,2022-06-21,Winston-Salem,NC0340200,13A,H,W,H,M,23,R,N,AQ;VO,Highway/Road/Alley/Street/Sidewalk,Street & Sidewalk,Handgun;Knife/Cutting Instrument;Personal Weapons,,C
172559221,156166907,2022-06-21,Winston-Salem,NC0340200,13A,B,B,N,F,43,R,N,PA,Residence/Home,Home,Knife/Cutting Instrument,Minor Injury,C
176766125,159834305,2022-06-21,Winston-Salem,NC0340200,13A,B,B,N,M,19,R,N,AQ,Field/Woods,Field & Woods,Handgun,Other Major Injury,C
172559242,156166927,2022-06-22,Winston-Salem,NC0340200,13A,B,B,N,F,51,R,N,,Residence/Home,Home,Firearm,,C
172559243,156166927,2022-06-22,Winston-Salem,NC0340200,13A,B,B,N,M,24,R,N,,Residence/Home,Home,Firearm,,C
172559264,156166942,2022-06-22,Winston-Salem,NC0340200,13A,W,W,N,F,34,R,N,ST,Residence/Home,Home,Blunt Object,,C
172559348,156167019,2022-06-22,Winston-Salem,NC0340200,13A,W,W,N,M,55,N,N,NE,Highway/Road/Alley/Street/Sidewalk,Street & Sidewalk,Motor Vehicle/Vessel,,C
172559408,156167069,2022-06-23,Winston-Salem,NC0340200,13A,H,W,H,F,17,R,N,,Residence/Home,Home,Firearm,,C
172559409,156167069,2022-06-23,Winston-Salem,NC0340200,13A,H,W,H,F,0,R,N,,Residence/Home,Home,Firearm,,C
172559489,156167136,2022-06-23,Winston-Salem,NC0340200,13A,W,W,N,F,24,N,N,AQ,Residence/Home,Home,Blunt Object,Minor Injury,C
172559492,156167138,2022-06-23,Winston-Salem,NC0340200,13A,W,W,N,M,56,R,N,,Highway/Road/Alley/Street/Sidewalk,Street & Sidewalk,Handgun,,C
172559613,156167234,2022-06-23,Winston-Salem,NC0340200,13A,B,B,N,F,20,R,Y,BG,Residence/Home,Home,Knife/Cutting Instrument,Minor Injury,C
176766142,159834319,2022-06-23,Winston-Salem,NC0340200,13A,W,W,N,F,12,R,N,RU,Residence/Home,Home,Handgun,Other Major Injury,C
176766150,159834326,2022-06-23,Winston-Salem,NC0340200,13A,B,B,N,M,19,R,Y,BG,Residence/Home,Home,Knife/Cutting Instrument,Severe Laceration,C
176766151,159834326,2022-06-23,Winston-Salem,NC0340200,13A,B,B,N,F,0,R,N,CH,Residence/Home,Home,Knife/Cutting Instrument,,C
176766152,159834327,2022-06-23,Winston-Salem,NC0340200,13A,B,B,N,M,46,R,N,,Convenience Store,Convenience Store,Handgun,,C
172559631,156167251,2022-06-24,Winston-Salem,NC0340200,13A,B,B,N,M,45,R,N,,Residence/Home,Home,Handgun,,C
172559700,156167314,2022-06-24,Winston-Salem,NC0340200,13A,W,W,N,M,49,R,N,,Highway/Road/Alley/Street/Sidewalk,Street & Sidewalk,Firearm,,C
172559767,156167371,2022-06-24,Winston-Salem,NC0340200,13A,B,B,N,M,58,R,Y,XR,Convenience Store,Convenience Store,Knife/Cutting Instrument,,C
172559769,156167373,2022-06-24,Winston-Salem,NC0340200,13A,B,B,N,F,13,R,N,NE,Residence/Home,Home,Handgun,,C
172559770,156167373,2022-06-24,Winston-Salem,NC0340200,13A,B,B,N,F,12,R,N,NE,Residence/Home,Home,Handgun,,C
172559771,156167373,2022-06-24,Winston-Salem,NC0340200,13A,B,B,N,M,11,R,N,NE,Residence/Home,Home,Handgun,,C
172559772,156167373,2022-06-24,Winston-Salem,NC0340200,13A,B,B,N,F,9,R,N,NE,Residence/Home,Home,Handgun,,C
172559787,156167387,2022-06-24,Winston-Salem,NC0340200,13A,W,W,N,M,54,R,N,,Residence/Home,Home,Handgun,,C
172559794,156167392,2022-06-24,Winston-Salem,NC0340200,13A,B,B,N,M,30,R,Y,XR,Parking/Drop Lot/Garage,Parking Lot,Handgun,Other Major Injury,C
176766163,159834336,2022-06-24,Winston-Salem,NC0340200,13A,B,B,N,M,53,R,N,AQ,Residence/Home,Home,Knife/Cutting Instrument,,C
172559821,156167413,2022-06-25,Winston-Salem,NC0340200,13A,B,B,N,M,40,R,N,,Residence/Home,Home,Handgun,,C
172559831,156167420,2022-06-25,Winston-Salem,NC0340200,13A,B,B,N,M,23,N,N,,Other/Unknown,Other & Unknown,Firearm,Other Major Injury,C
172559839,156167428,2022-06-25,Winston-Salem,NC0340200,13A,B,B,N,M,46,R,N,,Residence/Home,Home,Firearm,,C
172559840,156167428,2022-06-25,Winston-Salem,NC0340200,13A,H,W,H,M,43,R,N,,Residence/Home,Home,Firearm,,C
172559841,156167428,2022-06-25,Winston-Salem,NC0340200,13A,H,W,H,M,24,N,N,,Residence/Home,Home,Firearm,Other Major Injury,C
172559842,156167428,2022-06-25,Winston-Salem,NC0340200,13A,H,W,H,F,42,R,N,,Residence/Home,Home,Firearm,,C
172559843,156167428,2022-06-25,Winston-Salem,NC0340200,13A,H,W,H,F,22,R,N,,Residence/Home,Home,Firearm,,C
172559844,156167428,2022-06-25,Winston-Salem,NC0340200,13A,H,W,H,F,20,R,N,,Residence/Home,Home,Firearm,,C
172559845,156167428,2022-06-25,Winston-Salem,NC0340200,13A,H,W,H,F,3,R,N,,Residence/Home,Home,Firearm,,C
172559846,156167428,2022-06-25,Winston-Salem,NC0340200,13A,H,W,H,F,2,R,N,,Residence/Home,Home,Firearm,,C
172559847,156167428,2022-06-25,Winston-Salem,NC0340200,13A,W,W,N,F,57,N,N,,Residence/Home,Home,Firearm,,C
172559848,156167428,2022-06-25,Winston-Salem,NC0340200,13A,H,W,H,M,25,R,N,,Residence/Home,Home,Firearm,,C
172559849,156167428,2022-06-25,Winston-Salem,NC0340200,13A,H,W,H,M,44,N,N,,Residence/Home,Home,Firearm,,C
172559903,156167477,2022-06-25,Winston-Salem,NC0340200,13A,H,W,H,M,17,R,N,RU,Highway/Road/Alley/Street/Sidewalk,Street & Sidewalk,Handgun,,C
172559978,156167545,2022-06-25,Winston-Salem,NC0340200,13A,B,B,N,F,29,R,N,OK,Parking/Drop Lot/Garage,Parking Lot,Firearm,,C
176766164,159834337,2022-06-25,Winston-Salem,NC0340200,13A,H,W,H,M,37,R,N,,Residence/Home,Home,Firearm,,C
176766165,159834337,2022-06-25,Winston-Salem,NC0340200,13A,W,W,N,M,18,R,N,,Residence/Home,Home,Firearm,,C
176766166,159834337,2022-06-25,Winston-Salem,NC0340200,13A,W,W,N,M,27,R,N,,Residence/Home,Home,Firearm,,C
172560010,156167570,2022-06-26,Winston-Salem,NC0340200,13A,W,W,N,F,29,R,Y,BG,Highway/Road/Alley/Street/Sidewalk,Street & Sidewalk,Motor Vehicle/Vessel,,C
172560011,156167570,2022-06-26,Winston-Salem,NC0340200,13A,B,B,N,F,4,R,N,CH,Highway/Road/Alley/Street/Sidewalk,Street & Sidewalk,Motor Vehicle/Vessel,,C
172560027,156167584,2022-06-26,Winston-Salem,NC0340200,13A,B,B,N,M,46,R,N,,Parking/Drop Lot/Garage,Parking Lot,Handgun,Other Major Injury,C
172560051,156167607,2022-06-26,Winston-Salem,NC0340200,13A,H,W,H,M,30,N,N,,Parking/Drop Lot/Garage,Parking Lot,Rifle,,C
172560052,156167607,2022-06-26,Winston-Salem,NC0340200,13A,H,W,H,M,25,R,N,,Parking/Drop Lot/Garage,Parking Lot,Rifle,Other Major Injury,C
172560056,156167611,2022-06-26,Winston-Salem,NC0340200,13A,H,W,H,M,20,R,N,,Highway/Road/Alley/Street/Sidewalk,Street & Sidewalk,Shotgun,Other Major Injury,C
172560187,156167719,2022-06-26,Winston-Salem,NC0340200,13A,B,B,N,F,26,R,N,AQ,Residence/Home,Home,Rifle,,C
172560196,156167728,2022-06-26,Winston-Salem,NC0340200,13A,B,B,N,M,40,R,N,,Residence/Home,Home,Firearm,,C
172560197,156167728,2022-06-26,Winston-Salem,NC0340200,13A,B,B,N,F,36,R,N,,Residence/Home,Home,Firearm,,C
172560198,156167728,2022-06-26,Winston-Salem,NC0340200,13A,B,B,N,M,34,R,N,,Residence/Home,Home,Firearm,,C
172560199,156167728,2022-06-26,Winston-Salem,NC0340200,13A,B,B,N,M,32,R,N,,Residence/Home,Home,Firearm,,C
172560201,156167730,2022-06-27,Winston-Salem,NC0340200,13A,B,B,N,F,29,R,N,AQ,Highway/Road/Alley/Street/Sidewalk,Street & Sidewalk,Knife/Cutting Instrument,Minor Injury,C
172560216,156167744,2022-06-27,Winston-Salem,NC0340200,13A,H,W,H,M,36,R,N,,Residence/Home,Home,Motor Vehicle/Vessel,,C
172560268,156167790,2022-06-27,Winston-Salem,NC0340200,13A,B,B,N,F,27,R,N,FR,Residence/Home,Home,Handgun,,C
172560325,156167835,2022-06-27,Winston-Salem,NC0340200,13A,B,B,N,M,22,N,Y,BG,Residence/Home,Home,Knife/Cutting Instrument,Minor Injury,C
172560326,156167835,2022-06-27,Winston-Salem,NC0340200,13A,B,B,N,F,0,R,N,CH,Residence/Home,Home,Knife/Cutting Instrument,,C
172560327,156167835,2022-06-27,Winston-Salem,NC0340200,13A,B,B,N,M,0,R,N,CH,Residence/Home,Home,Knife/Cutting Instrument,,C
179704733,162398059,2022-06-27,Winston-Salem,NC0340200,13A,B,B,N,F,45,R,N,RU,Residence/Home,Home,Handgun,,C
179704734,162398059,2022-06-27,Winston-Salem,NC0340200,13A,B,B,N,F,31,R,N,RU,Residence/Home,Home,Handgun,,C
179704735,162398059,2022-06-27,Winston-Salem,NC0340200,13A,B,B,N,M,50,R,N,RU,Residence/Home,Home,Handgun,,C
179704736,162398059,2022-06-27,Winston-Salem,NC0340200,13A,B,B,N,F,25,R,N,RU,Residence/Home,Home,Handgun,,C
179704737,162398059,2022-06-27,Winston-Salem,NC0340200,13A,B,B,N,F,26,R,N,RU,Residence/Home,Home,Handgun,,C
179704738,162398059,2022-06-27,Winston-Salem,NC0340200,13A,B,B,N,F,3,R,N,RU,Residence/Home,Home,Handgun,,C
172560379,156167882,2022-06-28,Winston-Salem,NC0340200,13A,B,B,N,F,30,R,N,,Residence/Home,Home,Firearm,,C
172560380,156167882,2022-06-28,Winston-Salem,NC0340200,13A,B,B,N,F,16,R,N,,Residence/Home,Home,Firearm,,C
172560381,156167882,2022-06-28,Winston-Salem,NC0340200,13A,B,B,N,F,10,R,N,,Residence/Home,Home,Firearm,,C
172560382,156167882,2022-06-28,Winston-Salem,NC0340200,13A,B,B,N,F,7,R,N,,Residence/Home,Home,Firearm,,C
172560383,156167882,2022-06-28,Winston-Salem,NC0340200,13A,B,B,N,M,5,R,N,,Residence/Home,Home,Firearm,,C
172560464,156167957,2022-06-28,Winston-Salem,NC0340200,13A,B,B,N,M,20,R,N,RU,Highway/Road/Alley/Street/Sidewalk,Street & Sidewalk,Motor Vehicle/Vessel,,C
172560490,156167976,2022-06-28,Winston-Salem,NC0340200,13A,B,B,N,M,55,R,N,ST,Hotel/Motel/Etc.,Hotel & Motel,Knife/Cutting Instrument,,C
172560567,156168049,2022-06-28,Winston-Salem,NC0340200,13A,W,W,N,M,33,R,N,RU,Parking/Drop Lot/Garage,Parking Lot,Knife/Cutting Instrument,,C
172560620,156168095,2022-06-29,Winston-Salem,NC0340200,13A,B,B,N,M,0,R,N,,Residence/Home,Home,,Apparent Broken Bones,C
172560640,156168111,2022-06-29,Winston-Salem,NC0340200,13A,H,W,H,F,43,R,N,,Highway/Road/Alley/Street/Sidewalk,Street & Sidewalk,Firearm,,C
172560641,156168111,2022-06-29,Winston-Salem,NC0340200,13A,U,U,N,F,20,R,N,,Highway/Road/Alley/Street/Sidewalk,Street & Sidewalk,Firearm,,C
172560744,156168196,2022-06-30,Winston-Salem,NC0340200,13A,H,W,H,M,28,R,N,,Highway/Road/Alley/Street/Sidewalk,Street & Sidewalk,Firearm,Other Major Injury,C
176766247,159834393,2022-06-30,Winston-Salem,NC0340200,13A,B,B,N,F,45,R,N,RU,Residence/Home,Home,Handgun,,C
176766248,159834393,2022-06-30,Winston-Salem,NC0340200,13A,B,B,N,F,15,R,N,RU,Residence/Home,Home,Handgun,,C
176766249,159834393,2022-06-30,Winston-Salem,NC0340200,13A,B,B,N,F,16,R,N,RU,Residence/Home,Home,Handgun,,C
176766250,159834393,2022-06-30,Winston-Salem,NC0340200,13A,B,B,N,F,17,R,N,RU,Residence/Home,Home,Handgun,,C
176766251,159834393,2022-06-30,Winston-Salem,NC0340200,13A,B,B,N,F,17,R,N,RU,Residence/Home,Home,Handgun,,C
176766252,159834393,2022-06-30,Winston-Salem,NC0340200,13A,B,B,N,F,17,R,N,RU,Residence/Home,Home,Handgun,,C
176766326,159834460,2022-07-01,Winston-Salem,NC0340200,13A,B,B,N,M,28,N,Y,VO;XR,Parking/Drop Lot/Garage,Parking Lot,Blunt Object,Minor Injury,C
176766327,159834460,2022-07-01,Winston-Salem,NC0340200,13A,B,B,N,F,23,N,Y,VO;XR,Parking/Drop Lot/Garage,Parking Lot,Blunt Object,Minor Injury,C
185437352,167411246,2022-07-01,Winston-Salem,NC0340200,13A,W,W,N,F,40,R,Y,XR,Highway/Road/Alley/Street/Sidewalk,Street & Sidewalk,Knife/Cutting Instrument,Severe Laceration,C
176766396,159834520,2022-07-02,Winston-Salem,NC0340200,13A,B,B,N,M,27,R,Y,BG;VO,Residence/Home,Home,Knife/Cutting Instrument,Minor Injury,C
176766397,159834520,2022-07-02,Winston-Salem,NC0340200,13A,B,B,N,F,27,R,Y,BG;VO,Residence/Home,Home,Knife/Cutting Instrument,Minor Injury,C
176766435,159834546,2022-07-02,Winston-Salem,NC0340200,13A,B,B,N,M,51,R,N,FR,Residence/Home,Home,Handgun,Minor Injury,C
176766454,159834560,2022-07-02,Winston-Salem,NC0340200,13A,B,B,N,M,40,R,N,,Highway/Road/Alley/Street/Sidewalk,Street & Sidewalk,Rifle,,C
176766455,159834560,2022-07-02,Winston-Salem,NC0340200,13A,B,B,N,F,52,R,N,,Highway/Road/Alley/Street/Sidewalk,Street & Sidewalk,Rifle,,C
176766456,159834560,2022-07-02,Winston-Salem,NC0340200,13A,H,W,H,M,20,R,N,,Highway/Road/Alley/Street/Sidewalk,Street & Sidewalk,Rifle,Other Major Injury,C
176766457,159834560,2022-07-02,Winston-Salem,NC0340200,13A,W,W,N,M,15,R,N,,Highway/Road/Alley/Street/Sidewalk,Street & Sidewalk,Rifle,,C
176766458,159834560,2022-07-02,Winston-Salem,NC0340200,13A,H,W,H,M,8,R,N,,Highway/Road/Alley/Street/Sidewalk,Street & Sidewalk,Rifle,,C
176766497,159834597,2022-07-02,Winston-Salem,NC0340200,13A,W,W,N,M,55,R,N,NE,Residence/Home,Home,Knife/Cutting Instrument,,C
176766512,159834608,2022-07-02,Winston-Salem,NC0340200,13A,B,B,N,F,16,R,N,,Residence/Home,Home,Rifle,Minor Injury,C
176766537,159834629,2022-07-03,Winston-Salem,NC0340200,13A,B,B,N,M,58,R,N,OK,Residence/Home,Home,Other,Minor Injury,C
176766540,159834632,2022-07-03,Winston-Salem,NC0340200,13A,B,B,N,M,63,R,Y,SE;VO,Residence/Home,Home,Other,Minor Injury,C
176766541,159834632,2022-07-03,Winston-Salem,NC0340200,13A,B,B,N,F,54,R,Y,SE;VO,Residence/Home,Home,Other,,C
176766608,159834684,2022-07-03,Winston-Salem,NC0340200,13A,B,B,N,F,28,R,N,NE,Residence/Home,Home,Handgun,,C
176766636,159834708,2022-07-03,Winston-Salem,NC0340200,13A,B,B,N,M,88,R,N,,Residence/Home,Home,Firearm,,C
176766637,159834708,2022-07-03,Winston-Salem,NC0340200,13A,B,B,N,F,79,R,N,,Residence/Home,Home,Firearm,,C
176766685,159834750,2022-07-04,Winston-Salem,NC0340200,13A,B,B,N,M,42,R,N,SP;VO,Residence/Home,Home,Knife/Cutting Instrument,,C
176766704,159834767,2022-07-04,Winston-Salem,NC0340200,13A,B,B,N,F,11,N,N,AQ,Residence/Home,Home,Firearm,,C
176766743,159834802,2022-07-04,Winston-Salem,NC0340200,13A,B,B,N,M,46,R,Y,BG;VO,Residence/Home,Home,Blunt Object,,C
176766772,159834827,2022-07-04,Winston-Salem,NC0340200,13A,B,B,N,M,63,R,N,,Residence/Home,Home,Rifle (Automatic),,C
176766805,159834857,2022-07-04,Winston-Salem,NC0340200,13A,B,B,N,M,82,R,N,,Residence/Home,Home,Rifle,,C
176766846,159834889,2022-07-04,Winston-Salem,NC0340200,13A,B,B,N,F,59,R,N,,Residence/Home,Home,Firearm,,C
176766909,159834941,2022-07-04,Winston-Salem,NC0340200,13A,W,W,N,F,58,R,N,,Residence/Home,Home,Firearm,,C
176766983,159835002,2022-07-04,Winston-Salem,NC0340200,13A,W,W,N,M,57,R,N,,Residence/Home,Home,Firearm,,C
176766984,159835002,2022-07-04,Winston-Salem,NC0340200,13A,H,W,H,F,51,R,N,,Residence/Home,Home,Firearm,,C
176770562,159838078,2022-07-04,Winston-Salem,NC0340200,13A,I,I,N,M,72,R,N,,Residence/Home,Home,Firearm,,C
176766819,159834867,2022-07-05,Winston-Salem,NC0340200,13A,H,W,H,M,25,R,N,,Residence/Home,Home,Firearm,Other Major Injury,C
176766820,159834867,2022-07-05,Winston-Salem,NC0340200,13A,H,W,H,F,50,R,N,,Residence/Home,Home,Firearm,Other Major Injury,C
176766872,159834909,2022-07-05,Winston-Salem,NC0340200,13A,B,B,N,M,22,N,N,ST,Residence/Home,Home,Other,,C
176766902,159834934,2022-07-05,Winston-Salem,NC0340200,13A,B,B,N,M,52,R,N,OF,Residence/Home,Home,,Minor Injury,C
176766917,159834948,2022-07-05,Winston-Salem,NC0340200,13A,W,W,N,M,37,R,N,FR,Residence/Home,Home,Personal Weapons,Apparent Broken Bones;Severe Laceration;Unconscious,C
176766999,159835015,2022-07-06,Winston-Salem,NC0340200,13A,B,B,N,F,26,R,Y,BG,Residence/Home,Home,Personal Weapons,Minor Injury;Possible Internal Injury,C
176767029,159835042,2022-07-06,Winston-Salem,NC0340200,13A,W,W,N,M,40,R,N,RU,Highway/Road/Alley/Street/Sidewalk,Street & Sidewalk,Handgun,,C
176767030,159835042,2022-07-06,Winston-Salem,NC0340200,13A,W,W,N,M,18,R,N,AQ,Highway/Road/Alley/Street/Sidewalk,Street & Sidewalk,Handgun,,C
182087140,164487997,2022-07-06,Winston-Salem,NC0340200,13A,W,W,N,M,1,R,N,CH,Residence/Home,Home,Drugs/Narcotics/Sleeping Pills,Minor Injury,C
176767099,159835109,2022-07-07,Winston-Salem,NC0340200,13A,B,B,N,M,13,R,N,OF,Residence/Home,Home,Knife/Cutting Instrument,Severe Laceration,C
176767122,159835127,2022-07-07,Winston-Salem,NC0340200,13A,B,B,N,M,58,R,N,ST,Other/Unknown,Other & Unknown,Knife/Cutting Instrument,,C
176767177,159835170,2022-07-07,Winston-Salem,NC0340200,13A,W,W,N,M,28,R,N,AQ,Parking/Drop Lot/Garage,Parking Lot,Knife/Cutting Instrument;Personal Weapons,Minor Injury,C
176767178,159835170,2022-07-07,Winston-Salem,NC0340200,13A,W,W,N,F,33,R,N,RU,Parking/Drop Lot/Garage,Parking Lot,Knife/Cutting Instrument;Personal Weapons,,C
176767228,159835218,2022-07-08,Winston-Salem,NC0340200,13A,B,B,N,F,63,R,N,ST,Residence/Home,Home,Firearm,,C
176767230,159835220,2022-07-08,Winston-Salem,NC0340200,13A,B,B,N,F,25,R,Y,XR,Residence/Home,Home,Handgun,Minor Injury,C
176767257,159835247,2022-07-08,Winston-Salem,NC0340200,13A,W,W,N,M,31,N,N,,Other/Unknown,Other & Unknown,Handgun,,C
176767273,159835261,2022-07-08,Winston-Salem,NC0340200,13A,W,W,N,M,29,R,N,,Highway/Road/Alley/Street/Sidewalk,Street & Sidewalk,Handgun,,C
176767289,159835276,2022-07-08,Winston-Salem,NC0340200,13A,B,B,N,F,33,R,N,NE,Highway/Road/Alley/Street/Sidewalk,Street & Sidewalk,Other,,C
176767290,159835276,2022-07-08,Winston-Salem,NC0340200,13A,B,B,N,M,10,R,N,NE,Highway/Road/Alley/Street/Sidewalk,Street & Sidewalk,Other,Minor Injury,C
176767291,159835276,2022-07-08,Winston-Salem,NC0340200,13A,B,B,N,F,6,R,N,NE,Highway/Road/Alley/Street/Sidewalk,Street & Sidewalk,Other,,C
176767292,159835276,2022-07-08,Winston-Salem,NC0340200,13A,B,B,N,F,2,R,N,NE,Highway/Road/Alley/Street/Sidewalk,Street & Sidewalk,Other,,C
176767326,159835303,2022-07-08,Winston-Salem,NC0340200,13A,B,B,N,M,51,R,N,AQ;VO,Residence/Home,Home,Knife/Cutting Instrument;Personal Weapons,Severe Laceration,C
176767327,159835303,2022-07-08,Winston-Salem,NC0340200,13A,B,B,N,M,58,R,N,AQ;VO,Residence/Home,Home,Knife/Cutting Instrument;Personal Weapons,Minor Injury,C
176767373,159835341,2022-07-09,Winston-Salem,NC0340200,13A,B,B,N,F,34,R,N,,Highway/Road/Alley/Street/Sidewalk,Street & Sidewalk,Handgun,,C
176767374,159835341,2022-07-09,Winston-Salem,NC0340200,13A,B,B,N,M,13,R,N,,Highway/Road/Alley/Street/Sidewalk,Street & Sidewalk,Handgun,,C
176767513,159835456,2022-07-10,Winston-Salem,NC0340200,13A,H,W,H,F,25,R,N,,Residence/Home,Home,Rifle,,C
176767514,159835456,2022-07-10,Winston-Salem,NC0340200,13A,W,W,N,M,25,R,N,,Residence/Home,Home,Rifle,,C
176767515,159835456,2022-07-10,Winston-Salem,NC0340200,13A,H,W,H,M,22,R,N,,Residence/Home,Home,Rifle,,C
176767516,159835456,2022-07-10,Winston-Salem,NC0340200,13A,H,W,H,F,45,R,N,,Residence/Home,Home,Rifle,,C
176767517,159835456,2022-07-10,Winston-Salem,NC0340200,13A,H,W,H,F,13,R,N,,Residence/Home,Home,Rifle,,C
176767518,159835456,2022-07-10,Winston-Salem,NC0340200,13A,H,W,H,F,16,R,N,,Residence/Home,Home,Rifle,,C
176767519,159835456,2022-07-10,Winston-Salem,NC0340200,13A,W,W,N,F,19,R,N,,Residence/Home,Home,Rifle,,C
176767520,159835456,2022-07-10,Winston-Salem,NC0340200,13A,H,W,H,F,18,R,N,,Residence/Home,Home,Rifle,,C
176767521,159835456,2022-07-10,Winston-Salem,NC0340200,13A,H,W,H,F,20,R,N,,Residence/Home,Home,Rifle,,C
176767522,159835456,2022-07-10,Winston-Salem,NC0340200,13A,W,W,N,M,39,R,N,,Residence/Home,Home,Rifle,,C
176767523,159835456,2022-07-10,Winston-Salem,NC0340200,13A,H,W,H,F,43,R,N,,Residence/Home,Home,Rifle,,C
176767524,159835456,2022-07-10,Winston-Salem,NC0340200,13A,W,W,N,M,37,R,N,,Residence/Home,Home,Rifle,,C
176767525,159835456,2022-07-10,Winston-Salem,NC0340200,13A,H,W,H,F,0,R,N,,Residence/Home,Home,Rifle,,C
176767526,159835456,2022-07-10,Winston-Salem,NC0340200,13A,W,W,N,F,4,R,N,,Residence/Home,Home,Rifle,,C
176767527,159835456,2022-07-10,Winston-Salem,NC0340200,13A,H,W,H,F,2,R,N,,Residence/Home,Home,Rifle,,C
184806459,166861693,2022-07-10,Winston-Salem,NC0340200,13A,H,W,H,M,21,R,N,RU,Residence/Home,Home,Handgun;Rifle,Other Major Injury,C
176767672,159835582,2022-07-11,Winston-Salem,NC0340200,13A,W,W,N,M,27,R,N,,Highway/Road/Alley/Street/Sidewalk,Street & Sidewalk,Knife/Cutting Instrument,Severe Laceration,C
176767750,159835652,2022-07-12,Winston-Salem,NC0340200,13A,B,B,N,M,52,R,Y,BG,Residence/Home,Home,Knife/Cutting Instrument,,C
176767776,159835676,2022-07-12,Winston-Salem,NC0340200,13A,W,W,N,M,32,R,N,OK,Residence/Home,Home,Personal Weapons,,C
176767802,159835702,2022-07-13,Winston-Salem,NC0340200,13A,B,B,N,F,24,R,N,,Residence/Home,Home,Blunt Object,Minor Injury,C
176767813,159835711,2022-07-13,Winston-Salem,NC0340200,13A,B,B,N,F,32,R,Y,BG,Residence/Home,Home,Handgun,,C
176767818,159835715,2022-07-13,Winston-Salem,NC0340200,13A,B,B,N,F,60,R,Y,BG,Residence/Home,Home,Knife/Cutting Instrument,,C
176767872,159835764,2022-07-13,Winston-Salem,NC0340200,13A,B,B,N,M,43,R,Y,XS,Highway/Road/Alley/Street/Sidewalk,Street & Sidewalk,Motor Vehicle/Vessel,,C
176767894,159835785,2022-07-13,Winston-Salem,NC0340200,13A,B,B,N,M,49,R,N,,Residence/Home,Home,Firearm,,C
176768992,159836717,2022-07-13,Winston-Salem,NC0340200,13A,H,W,H,M,21,R,N,,Highway/Road/Alley/Street/Sidewalk,Street & Sidewalk,Other,Minor Injury,C
176767913,159835803,2022-07-14,Winston-Salem,NC0340200,13A,B,B,N,M,30,R,N,,Residence/Home,Home,Firearm,,C
176767917,159835806,2022-07-14,Winston-Salem,NC0340200,13A,B,B,N,M,42,R,Y,BG;VO,Residence/Home,Home,Knife/Cutting Instrument,Minor Injury,C
176767963,159835831,2022-07-14,Winston-Salem,NC0340200,13A,B,B,N,F,21,R,Y,BG,Residence/Home,Home,Handgun,,C
176767989,159835855,2022-07-14,Winston-Salem,NC0340200,13A,W,W,N,M,39,N,N,ST,Convenience Store,Convenience Store,Handgun,,C
176768000,159835864,2022-07-14,Winston-Salem,NC0340200,13A,B,B,N,M,19,R,N,,Highway/Road/Alley/Street/Sidewalk,Street & Sidewalk,Firearm,Other Major Injury,C
176768030,159835894,2022-07-14,Winston-Salem,NC0340200,13A,B,B,N,M,19,R,N,OK,Highway/Road/Alley/Street/Sidewalk,Street & Sidewalk,Handgun,,C
176768079,159835933,2022-07-15,Winston-Salem,NC0340200,13A,B,B,N,M,21,R,N,,Highway/Road/Alley/Street/Sidewalk,Street & Sidewalk,Handgun,Other Major Injury,C
176768114,159835965,2022-07-15,Winston-Salem,NC0340200,13A,W,W,N,F,59,R,N,,Residence/Home,Home,Firearm,,C
176768120,159835969,2022-07-15,Winston-Salem,NC0340200,13A,B,B,N,F,38,R,N,,Highway/Road/Alley/Street/Sidewalk,Street & Sidewalk,Handgun,,C
176768138,159835986,2022-07-16,Winston-Salem,NC0340200,13A,H,W,H,F,31,R,N,,Residence/Home,Home,Firearm,,C
176768139,159835986,2022-07-16,Winston-Salem,NC0340200,13A,W,W,N,M,27,R,N,,Residence/Home,Home,Firearm,,C
176768140,159835986,2022-07-16,Winston-Salem,NC0340200,13A,W,W,N,M,3,R,N,,Residence/Home,Home,Firearm,,C
176768151,159835997,2022-07-16,Winston-Salem,NC0340200,13A,H,W,H,M,37,R,N,OK,Residence/Home,Home,Knife/Cutting Instrument,Minor Injury,C
176768152,159835997,2022-07-16,Winston-Salem,NC0340200,13A,W,W,N,M,36,R,Y,BG,Residence/Home,Home,Knife/Cutting Instrument,Minor Injury,C
176768181,159836022,2022-07-16,Winston-Salem,NC0340200,13A,B,B,N,M,45,R,N,,Residence/Home,Home,Handgun,Minor Injury,C
176768241,159836072,2022-07-16,Winston-Salem,NC0340200,13A,B,B,N,F,33,R,N,AQ,Residence/Home,Home,Other,Minor Injury,C
176768410,159836218,2022-07-16,Winston-Salem,NC0340200,13A,B,B,N,F,33,R,Y,XR,Highway/Road/Alley/Street/Sidewalk,Street & Sidewalk,Handgun,Minor Injury,C
179443668,162173501,2022-07-16,Winston-Salem,NC0340200,13A,B,B,N,F,43,R,N,,Residence/Home,Home,Firearm,,C
179443669,162173501,2022-07-16,Winston-Salem,NC0340200,13A,B,B,N,M,23,R,N,,Residence/Home,Home,Firearm,,C
179443670,162173501,2022-07-16,Winston-Salem,NC0340200,13A,B,B,N,M,16,R,N,,Residence/Home,Home,Firearm,,C
176768285,159836109,2022-07-17,Winston-Salem,NC0340200,13A,W,W,N,M,70,N,N,AQ,Highway/Road/Alley/Street/Sidewalk,Street & Sidewalk,Handgun,,C
176768288,159836112,2022-07-17,Winston-Salem,NC0340200,13A,B,B,N,F,48,R,Y,BG,Residence/Home,Home,Handgun,,C
176768296,159836118,2022-07-17,Winston-Salem,NC0340200,13A,W,W,N,F,48,R,Y,BG,Residence/Home,Home,Firearm,,C
176768325,159836141,2022-07-17,Winston-Salem,NC0340200,13A,B,B,N,F,28,R,Y,XR,Residence/Home,Home,Unknown,,C
176768326,159836141,2022-07-17,Winston-Salem,NC0340200,13A,B,B,N,F,8,R,N,CH,Residence/Home,Home,Unknown,,C
176768350,159836163,2022-07-17,Winston-Salem,NC0340200,13A,B,B,N,F,75,R,N,PA,Residence/Home,Home,Knife/Cutting Instrument,,C
176768373,159836183,2022-07-17,Winston-Salem,NC0340200,13A,B,B,N,M,32,R,N,,Highway/Road/Alley/Street/Sidewalk,Street & Sidewalk,Rifle,Other Major Injury,C
176768384,159836192,2022-07-17,Winston-Salem,NC0340200,13A,B,B,N,F,32,R,N,OK,Highway/Road/Alley/Street/Sidewalk,Street & Sidewalk,Handgun,,C
179446655,162175908,2022-07-17,Winston-Salem,NC0340200,13A,B,B,N,M,20,R,N,,Highway/Road/Alley/Street/Sidewalk,Street & Sidewalk,Handgun,,C
179446656,162175908,2022-07-17,Winston-Salem,NC0340200,13A,B,B,N,M,20,R,N,,Highway/Road/Alley/Street/Sidewalk,Street & Sidewalk,Handgun,Other Major Injury,C
176768432,159836238,2022-07-18,Winston-Salem,NC0340200,13A,B,B,N,M,43,R,N,RU,Highway/Road/Alley/Street/Sidewalk,Street & Sidewalk,Handgun,,C
176768515,159836305,2022-07-18,Winston-Salem,NC0340200,13A,B,B,N,M,73,R,N,,Residence/Home,Home,Firearm,,C
176768517,159836307,2022-07-18,Winston-Salem,NC0340200,13A,W,W,N,F,46,R,N,,Residence/Home,Home,Firearm,,C
176768518,159836307,2022-07-18,Winston-Salem,NC0340200,13A,W,W,N,M,24,R,N,,Residence/Home,Home,Firearm,,C
176769035,159836753,2022-07-18,Winston-Salem,NC0340200,13A,B,B,N,F,29,R,N,,Residence/Home,Home,Other Firearm,,C
176769036,159836753,2022-07-18,Winston-Salem,NC0340200,13A,B,B,N,F,2,R,N,,Residence/Home,Home,Other Firearm,,C
176768543,159836329,2022-07-19,Winston-Salem,NC0340200,13A,B,B,N,M,71,R,N,ST,Highway/Road/Alley/Street/Sidewalk,Street & Sidewalk,Blunt Object;Knife/Cutting Instrument,,C
176768547,159836333,2022-07-19,Winston-Salem,NC0340200,13A,W,W,N,M,13,R,N,ST,Highway/Road/Alley/Street/Sidewalk,Street & Sidewalk,Knife/Cutting Instrument,,C
176768548,159836333,2022-07-19,Winston-Salem,NC0340200,13A,W,W,N,M,15,R,N,ST,Highway/Road/Alley/Street/Sidewalk,Street & Sidewalk,Knife/Cutting Instrument,,C
176768558,159836342,2022-07-19,Winston-Salem,NC0340200,13A,B,B,N,F,19,N,N,,Residence/Home,Home,Shotgun,,C
176768559,159836342,2022-07-19,Winston-Salem,NC0340200,13A,B,B,N,F,18,N,N,,Residence/Home,Home,Shotgun,,C
176768560,159836342,2022-07-19,Winston-Salem,NC0340200,13A,B,B,N,M,22,R,N,,Residence/Home,Home,Shotgun,,C
176768561,159836342,2022-07-19,Winston-Salem,NC0340200,13A,B,B,N,F,23,R,N,,Residence/Home,Home,Shotgun,,C
176768562,159836342,2022-07-19,Winston-Salem,NC0340200,13A,B,B,U,F,4,N,N,,Residence/Home,Home,Shotgun,,C
176768563,159836342,2022-07-19,Winston-Salem,NC0340200,13A,B,B,U,F,0,R,N,,Residence/Home,Home,Shotgun,,C
176768626,159836401,2022-07-19,Winston-Salem,NC0340200,13A,B,B,N,F,60,N,N,GP,Residence/Home,Home,Other,Minor Injury,C
176768655,159836428,2022-07-19,Winston-Salem,NC0340200,13A,W,W,N,M,1,R,N,,Residence/Home,Home,Unknown,Severe Laceration,C
176768677,159836447,2022-07-19,Winston-Salem,NC0340200,13A,B,B,N,F,21,R,Y,BG,Residence/Home,Home,Firearm,,C
176768701,159836466,2022-07-19,Winston-Salem,NC0340200,13A,B,B,N,F,15,R,N,SB;VO,Residence/Home,Home,Knife/Cutting Instrument,,C
176768702,159836466,2022-07-19,Winston-Salem,NC0340200,13A,B,B,N,M,12,R,N,SB;VO,Residence/Home,Home,Knife/Cutting Instrument,Minor Injury,C
179443671,162173502,2022-07-19,Winston-Salem,NC0340200,13A,H,W,H,M,30,R,N,AQ;ST,Residence/Home,Home,Handgun,Other Major Injury,C
176768782,159836534,2022-07-20,Winston-Salem,NC0340200,13A,H,W,H,M,29,R,Y,BG;VO,Residence/Home,Home,Knife/Cutting Instrument,Minor Injury,C
176768783,159836534,2022-07-20,Winston-Salem,NC0340200,13A,H,W,H,F,24,R,Y,BG;VO,Residence/Home,Home,Knife/Cutting Instrument,Minor Injury,C
176768941,159836679,2022-07-21,Winston-Salem,NC0340200,13A,W,W,N,F,38,R,N,,Residence/Home,Home,Handgun,,C
176768942,159836679,2022-07-21,Winston-Salem,NC0340200,13A,W,W,N,F,12,R,N,,Residence/Home,Home,Handgun,,C
176768943,159836679,2022-07-21,Winston-Salem,NC0340200,13A,W,W,N,M,24,R,N,,Residence/Home,Home,Handgun,,C
176768944,159836679,2022-07-21,Winston-Salem,NC0340200,13A,H,W,H,M,20,R,N,,Residence/Home,Home,Handgun,,C
176768946,159836679,2022-07-21,Winston-Salem,NC0340200,13A,H,W,H,M,22,R,N,,Residence/Home,Home,Handgun,,C
176768947,159836679,2022-07-21,Winston-Salem,NC0340200,13A,H,W,H,F,10,R,N,,Residence/Home,Home,Handgun,,C
176768948,159836679,2022-07-21,Winston-Salem,NC0340200,13A,W,W,N,F,10,R,N,,Residence/Home,Home,Handgun,,C
176769067,159836781,2022-07-21,Winston-Salem,NC0340200,13A,W,W,N,M,16,R,N,,Highway/Road/Alley/Street/Sidewalk,Street & Sidewalk,Firearm,,C
176769068,159836781,2022-07-21,Winston-Salem,NC0340200,13A,W,W,N,F,10,R,N,,Highway/Road/Alley/Street/Sidewalk,Street & Sidewalk,Firearm,,C
176769069,159836781,2022-07-21,Winston-Salem,NC0340200,13A,W,W,N,F,12,R,N,,Highway/Road/Alley/Street/Sidewalk,Street & Sidewalk,Firearm,,C
176769250,159836945,2022-07-21,Winston-Salem,NC0340200,13A,B,B,N,F,44,R,Y,BG,Residence/Home,Home,Other,,C
176769159,159836862,2022-07-22,Winston-Salem,NC0340200,13A,H,W,H,M,48,R,N,RU,Residence/Home,Home,Handgun,,C
176769210,159836909,2022-07-22,Winston-Salem,NC0340200,13A,W,W,N,F,40,R,Y,BG,Residence/Home,Home,Handgun,,C
176769534,159837201,2022-07-22,Winston-Salem,NC0340200,13A,W,W,N,M,50,N,N,,Specialty Store,Specialty Store,Firearm,Minor Injury,C
176769223,159836921,2022-07-23,Winston-Salem,NC0340200,13A,W,W,N,M,38,N,N,ST,Bar/Nightclub,Bar & Nightclub,Handgun,,C
176769233,159836930,2022-07-23,Winston-Salem,NC0340200,13A,B,B,N,F,28,R,Y,XR,Other/Unknown,Other & Unknown,Handgun,,C
176769247,159836942,2022-07-23,Winston-Salem,NC0340200,13A,B,B,N,M,47,R,N,,Residence/Home,Home,Handgun,,C
176769342,159837030,2022-07-23,Winston-Salem,NC0340200,13A,B,B,N,F,54,R,N,,Residence/Home,Home,Handgun,,C
176769343,159837030,2022-07-23,Winston-Salem,NC0340200,13A,B,B,N,M,19,R,N,,Residence/Home,Home,Handgun,,C
176769344,159837030,2022-07-23,Winston-Salem,NC0340200,13A,B,B,N,F,17,R,N,,Residence/Home,Home,Handgun,,C
176769352,159837036,2022-07-23,Winston-Salem,NC0340200,13A,B,B,N,M,58,R,Y,BG,Residence/Home,Home,Knife/Cutting Instrument,,C
176769381,159837065,2022-07-23,Winston-Salem,NC0340200,13A,B,B,N,M,33,R,N,AQ,Highway/Road/Alley/Street/Sidewalk,Street & Sidewalk,Other,Other Major Injury,C
176769375,159837059,2022-07-24,Winston-Salem,NC0340200,13A,B,B,N,F,31,R,Y,BG,Residence/Home,Home,Blunt Object,Loss of Teeth,C
176769415,159837095,2022-07-24,Winston-Salem,NC0340200,13A,B,B,N,M,35,R,N,,Bar/Nightclub,Bar & Nightclub,Knife/Cutting Instrument,Possible Internal Injury,C
176769461,159837141,2022-07-24,Winston-Salem,NC0340200,13A,W,W,N,M,49,N,N,OK,Residence/Home,Home,Blunt Object,Minor Injury,C
176769469,159837146,2022-07-24,Winston-Salem,NC0340200,13A,B,B,N,F,36,R,N,,Grocery/Supermarket,Grocery Store,Firearm,,C
176769470,159837146,2022-07-24,Winston-Salem,NC0340200,13A,B,B,N,F,21,R,N,,Grocery/Supermarket,Grocery Store,Firearm,,C
176769471,159837146,2022-07-24,Winston-Salem,NC0340200,13A,B,B,N,M,4,R,N,,Grocery/Supermarket,Grocery Store,Firearm,,C
176769472,159837146,2022-07-24,Winston-Salem,NC0340200,13A,B,B,N,F,1,R,N,,Grocery/Supermarket,Grocery Store,Firearm,,C
176769473,159837146,2022-07-24,Winston-Salem,NC0340200,13A,B,B,N,F,0,R,N,,Grocery/Supermarket,Grocery Store,Firearm,,C
176769496,159837165,2022-07-24,Winston-Salem,NC0340200,13A,B,B,N,M,23,R,N,RU,Shopping Mall,Shopping Mall,Handgun,,C
176769516,159837183,2022-07-24,Winston-Salem,NC0340200,13A,B,B,N,M,42,R,N,,Other/Unknown,Other & Unknown,Knife/Cutting Instrument,Severe Laceration,C
176769750,159837397,2022-07-25,Winston-Salem,NC0340200,13A,W,W,N,F,15,R,N,,Highway/Road/Alley/Street/Sidewalk,Street & Sidewalk,Firearm,,C
176769862,159837496,2022-07-26,Winston-Salem,NC0340200,13A,B,B,N,F,42,R,Y,SE;VO,Residence/Home,Home,Other,,C
176769863,159837496,2022-07-26,Winston-Salem,NC0340200,13A,B,B,N,M,42,N,Y,SE;VO,Residence/Home,Home,Other,,C
176769864,159837496,2022-07-26,Winston-Salem,NC0340200,13A,B,B,N,F,18,R,N,CH;SC,Residence/Home,Home,Other,,C
176769924,159837543,2022-07-26,Winston-Salem,NC0340200,13A,W,W,N,M,35,R,N,,Residence/Home,Home,Handgun,,C
176769925,159837543,2022-07-26,Winston-Salem,NC0340200,13A,B,B,N,F,26,R,N,,Residence/Home,Home,Handgun,,C
176769927,159837543,2022-07-26,Winston-Salem,NC0340200,13A,B,B,N,F,36,R,N,,Residence/Home,Home,Handgun,,C
176769928,159837543,2022-07-26,Winston-Salem,NC0340200,13A,B,B,N,M,6,R,N,,Residence/Home,Home,Handgun,,C
176769929,159837543,2022-07-26,Winston-Salem,NC0340200,13A,B,B,N,F,8,R,N,,Residence/Home,Home,Handgun,,C
176769930,159837543,2022-07-26,Winston-Salem,NC0340200,13A,W,W,N,M,53,R,N,,Residence/Home,Home,Handgun,,C
176769931,159837543,2022-07-26,Winston-Salem,NC0340200,13A,W,W,N,F,50,R,N,,Residence/Home,Home,Handgun,,C
176769932,159837543,2022-07-26,Winston-Salem,NC0340200,13A,W,W,N,F,20,R,N,,Residence/Home,Home,Handgun,,C
176769948,159837557,2022-07-26,Winston-Salem,NC0340200,13A,B,B,N,M,34,N,N,,Parking/Drop Lot/Garage,Parking Lot,Firearm,Other Major Injury,C
176770028,159837627,2022-07-27,Winston-Salem,NC0340200,13A,W,W,N,M,75,R,N,,Residence/Home,Home,Firearm,,C
176770039,159837638,2022-07-27,Winston-Salem,NC0340200,13A,B,B,N,M,41,R,N,AQ;VO,Residence/Home,Home,Blunt Object,Severe Laceration,C
176770040,159837638,2022-07-27,Winston-Salem,NC0340200,13A,H,W,H,M,22,R,N,AQ;VO,Residence/Home,Home,Blunt Object,Severe Laceration,C
176770055,159837653,2022-07-27,Winston-Salem,NC0340200,13A,H,W,H,F,49,R,N,,Residence/Home,Home,Firearm,,C
176770056,159837653,2022-07-27,Winston-Salem,NC0340200,13A,U,U,N,M,15,R,N,,Residence/Home,Home,Firearm,,C
176770057,159837653,2022-07-27,Winston-Salem,NC0340200,13A,W,W,N,M,2,R,N,,Residence/Home,Home,Firearm,,C
176770123,159837715,2022-07-27,Winston-Salem,NC0340200,13A,B,B,N,M,30,R,Y,BG;VO,Residence/Home,Home,Knife/Cutting Instrument,Minor Injury,C
182087158,164488012,2022-07-27,Winston-Salem,NC0340200,13A,B,B,N,M,66,R,N,OK,Residence/Home,Home,Personal Weapons,Apparent Broken Bones;Possible Internal Injury;Unconscious,C
182087163,164488015,2022-07-28,Winston-Salem,NC0340200,13A,B,B,N,M,29,R,N,,Other/Unknown,Other & Unknown,Handgun,Other Major Injury,C
188882815,170414887,2022-07-28,Winston-Salem,NC0340200,13A,B,B,N,M,34,N,N,ST,Parking/Drop Lot/Garage,Parking Lot,Handgun,Other Major Injury,C
188882817,170414887,2022-07-28,Winston-Salem,NC0340200,13A,B,B,N,F,29,N,N,ST,Parking/Drop Lot/Garage,Parking Lot,Handgun,,C
176770314,159837875,2022-07-29,Winston-Salem,NC0340200,13A,B,B,N,M,23,R,N,RU,Residence/Home,Home,,,C
176770327,159837883,2022-07-29,Winston-Salem,NC0340200,13A,W,W,N,M,59,R,N,,Highway/Road/Alley/Street/Sidewalk,Street & Sidewalk,Rifle,,C
176770354,159837907,2022-07-29,Winston-Salem,NC0340200,13A,W,W,N,M,66,N,N,,Highway/Road/Alley/Street/Sidewalk,Street & Sidewalk,Firearm,,C
176770358,159837911,2022-07-29,Winston-Salem,NC0340200,13A,B,B,N,F,33,R,N,,Residence/Home,Home,Firearm,,C
176770359,159837911,2022-07-29,Winston-Salem,NC0340200,13A,B,B,N,M,4,R,N,,Residence/Home,Home,Firearm,,C
176770380,159837931,2022-07-29,Winston-Salem,NC0340200,13A,B,B,N,M,67,R,N,AQ,Residence/Home,Home,Knife/Cutting Instrument,Minor Injury,C
176770425,159837973,2022-07-30,Winston-Salem,NC0340200,13A,B,B,N,F,37,R,N,,Residence/Home,Home,Other Firearm,,C
176770426,159837973,2022-07-30,Winston-Salem,NC0340200,13A,B,B,N,M,7,R,N,,Residence/Home,Home,Other Firearm,,C
176770427,159837973,2022-07-30,Winston-Salem,NC0340200,13A,B,B,N,F,11,R,N,,Residence/Home,Home,Other Firearm,,C
176770470,159838009,2022-07-30,Winston-Salem,NC0340200,13A,B,B,N,F,33,R,Y,XR,Highway/Road/Alley/Street/Sidewalk,Street & Sidewalk,Personal Weapons,,C
176770484,159838020,2022-07-30,Winston-Salem,NC0340200,13A,H,W,H,M,39,R,N,,Parking/Drop Lot/Garage,Parking Lot,Firearm,Other Major Injury,C
176770577,159838091,2022-07-30,Winston-Salem,NC0340200,13A,W,W,N,F,32,N,N,OK;RU,Residence/Home,Home,,Minor Injury,C
176770579,159838091,2022-07-30,Winston-Salem,NC0340200,13A,H,W,H,F,65,R,N,RU,Residence/Home,Home,,Minor Injury,C
176770580,159838091,2022-07-30,Winston-Salem,NC0340200,13A,H,W,H,F,42,R,N,RU,Residence/Home,Home,,,C
176770486,159838022,2022-07-31,Winston-Salem,NC0340200,13A,H,W,H,F,19,R,N,,Residence/Home,Home,Firearm,,C
176770503,159838037,2022-07-31,Winston-Salem,NC0340200,13A,H,W,H,M,32,N,N,RU,Parking/Drop Lot/Garage,Parking Lot,Handgun,,C
176770504,159838037,2022-07-31,Winston-Salem,NC0340200,13A,H,W,H,M,24,N,N,RU,Parking/Drop Lot/Garage,Parking Lot,Handgun,Other Major Injury,C
176770506,159838037,2022-07-31,Winston-Salem,NC0340200,13A,H,W,H,M,22,N,N,RU,Parking/Drop Lot/Garage,Parking Lot,Handgun,Other Major Injury,C
176770527,159838057,2022-07-31,Winston-Salem,NC0340200,13A,B,B,N,M,72,R,N,,Residence/Home,Home,Firearm,,C
176770528,159838057,2022-07-31,Winston-Salem,NC0340200,13A,B,B,N,F,56,R,N,,Residence/Home,Home,Firearm,,C
176770538,159838061,2022-07-31,Winston-Salem,NC0340200,13A,B,B,N,M,56,R,N,ST,Highway/Road/Alley/Street/Sidewalk,Street & Sidewalk,Handgun,,C
176770539,159838061,2022-07-31,Winston-Salem,NC0340200,13A,B,B,N,M,44,R,N,ST,Highway/Road/Alley/Street/Sidewalk,Street & Sidewalk,Handgun,,C
176770540,159838061,2022-07-31,Winston-Salem,NC0340200,13A,U,U,N,F,34,N,N,OK,Highway/Road/Alley/Street/Sidewalk,Street & Sidewalk,Handgun,Other Major Injury,C
176770541,159838061,2022-07-31,Winston-Salem,NC0340200,13A,B,B,N,M,15,R,N,OK,Highway/Road/Alley/Street/Sidewalk,Street & Sidewalk,Handgun,,C
176770542,159838061,2022-07-31,Winston-Salem,NC0340200,13A,B,B,N,M,15,R,N,OK,Highway/Road/Alley/Street/Sidewalk,Street & Sidewalk,Handgun,,C
176770543,159838061,2022-07-31,Winston-Salem,NC0340200,13A,B,B,N,F,65,R,N,ST,Highway/Road/Alley/Street/Sidewalk,Street & Sidewalk,Handgun,,C
176770572,159838086,2022-07-31,Winston-Salem,NC0340200,13A,B,B,N,M,31,R,N,,Residence/Home,Home,Handgun,,C
176770655,159838157,2022-07-31,Winston-Salem,NC0340200,13A,B,B,N,M,32,N,N,,Highway/Road/Alley/Street/Sidewalk,Street & Sidewalk,Firearm,,C
176770656,159838157,2022-07-31,Winston-Salem,NC0340200,13A,B,B,N,F,17,R,N,,Highway/Road/Alley/Street/Sidewalk,Street & Sidewalk,Firearm,,C
179443679,162173509,2022-07-31,Winston-Salem,NC0340200,13A,H,W,H,M,18,R,N,,Residence/Home,Home,Firearm,Other Major Injury,C
179443686,162173515,2022-08-01,Winston-Salem,NC0340200,13A,B,B,N,F,34,R,N,,Residence/Home,Home,Handgun;Rifle,,C
179443707,162173532,2022-08-01,Winston-Salem,NC0340200,13A,B,B,N,F,27,R,N,OK,Parking/Drop Lot/Garage,Parking Lot,Personal Weapons,Apparent Broken Bones,C
179443733,162173556,2022-08-01,Winston-Salem,NC0340200,13A,B,B,N,M,25,N,N,OK,Residence/Home,Home,Handgun,,C
179443782,162173590,2022-08-02,Winston-Salem,NC0340200,13A,B,B,N,M,30,R,N,RU,Highway/Road/Alley/Street/Sidewalk,Street & Sidewalk,Handgun,,C
179443783,162173590,2022-08-02,Winston-Salem,NC0340200,13A,B,B,N,F,27,R,N,RU,Highway/Road/Alley/Street/Sidewalk,Street & Sidewalk,Handgun,,C
179443816,162173616,2022-08-02,Winston-Salem,NC0340200,13A,W,W,N,F,27,N,N,ST,Highway/Road/Alley/Street/Sidewalk,Street & Sidewalk,Motor Vehicle/Vessel,Other Major Injury,C
179443822,162173621,2022-08-02,Winston-Salem,NC0340200,13A,B,B,N,M,16,R,N,,Park/Playground,Park & Playground,Firearm,,C
179443823,162173621,2022-08-02,Winston-Salem,NC0340200,13A,B,B,N,M,14,N,N,,Park/Playground,Park & Playground,Firearm,,C
179443832,162173630,2022-08-02,Winston-Salem,NC0340200,13A,H,W,H,M,19,R,N,SB;VO,Residence/Home,Home,Other;Personal Weapons,Minor Injury,C
179443833,162173630,2022-08-02,Winston-Salem,NC0340200,13A,H,W,H,M,20,R,N,SB;VO,Residence/Home,Home,Other;Personal Weapons,Minor Injury,C
179443837,162173634,2022-08-02,Winston-Salem,NC0340200,13A,B,B,N,M,23,R,N,,Highway/Road/Alley/Street/Sidewalk,Street & Sidewalk,Firearm,Other Major Injury,C
179443839,162173635,2022-08-02,Winston-Salem,NC0340200,13A,B,B,N,F,62,R,Y,XR,Parking/Drop Lot/Garage,Parking Lot,Personal Weapons,Apparent Broken Bones,C
179443855,162173650,2022-08-03,Winston-Salem,NC0340200,13A,W,W,N,M,46,R,N,FR,Residence/Home,Home,Blunt Object,,C
179443898,162173683,2022-08-03,Winston-Salem,NC0340200,13A,B,B,N,F,69,R,N,,Residence/Home,Home,Handgun,,C
179443899,162173683,2022-08-03,Winston-Salem,NC0340200,13A,B,B,N,F,36,R,N,,Residence/Home,Home,Handgun,,C
179443900,162173683,2022-08-03,Winston-Salem,NC0340200,13A,H,W,H,M,16,R,N,,Residence/Home,Home,Handgun,,C
179443901,162173683,2022-08-03,Winston-Salem,NC0340200,13A,B,B,N,M,34,N,N,,Residence/Home,Home,Handgun,,C
179443902,162173683,2022-08-03,Winston-Salem,NC0340200,13A,B,B,N,M,9,R,N,,Residence/Home,Home,Handgun,,C
179443910,162173690,2022-08-03,Winston-Salem,NC0340200,13A,B,B,N,F,66,R,N,,Residence/Home,Home,Firearm (Automatic),,C
179443911,162173690,2022-08-03,Winston-Salem,NC0340200,13A,B,B,N,F,41,R,N,,Residence/Home,Home,Firearm (Automatic),,C
179443912,162173690,2022-08-03,Winston-Salem,NC0340200,13A,B,B,N,M,68,R,N,,Residence/Home,Home,Firearm (Automatic),,C
179443913,162173690,2022-08-03,Winston-Salem,NC0340200,13A,B,B,N,M,14,R,N,,Residence/Home,Home,Firearm (Automatic),,C
179443914,162173690,2022-08-03,Winston-Salem,NC0340200,13A,B,B,N,F,8,R,N,,Residence/Home,Home,Firearm (Automatic),,C
179443915,162173690,2022-08-03,Winston-Salem,NC0340200,13A,B,B,N,F,6,R,N,,Residence/Home,Home,Firearm (Automatic),,C
179444005,162173767,2022-08-05,Winston-Salem,NC0340200,13A,B,B,N,M,37,N,Y,SE,Highway/Road/Alley/Street/Sidewalk,Street & Sidewalk,Motor Vehicle/Vessel,Minor Injury,C
179444038,162173799,2022-08-05,Winston-Salem,NC0340200,13A,W,W,N,F,77,R,N,,Residence/Home,Home,Unknown,,C
179444039,162173799,2022-08-05,Winston-Salem,NC0340200,13A,W,W,N,M,59,R,N,,Residence/Home,Home,Unknown,,C
179444040,162173799,2022-08-05,Winston-Salem,NC0340200,13A,B,B,N,M,51,R,N,,Residence/Home,Home,Unknown,,C
179444041,162173799,2022-08-05,Winston-Salem,NC0340200,13A,W,W,N,F,68,R,N,,Residence/Home,Home,Unknown,,C
179444042,162173799,2022-08-05,Winston-Salem,NC0340200,13A,B,B,N,M,46,R,N,,Residence/Home,Home,Unknown,,C
179444043,162173799,2022-08-05,Winston-Salem,NC0340200,13A,W,W,N,M,56,R,N,,Residence/Home,Home,Unknown,,C
179444044,162173799,2022-08-05,Winston-Salem,NC0340200,13A,B,B,N,F,11,R,N,,Residence/Home,Home,Unknown,,C
179444077,162173830,2022-08-05,Winston-Salem,NC0340200,13A,B,B,N,F,50,R,N,,Residence/Home,Home,Personal Weapons,Apparent Broken Bones;Minor Injury,C
179444080,162173833,2022-08-05,Winston-Salem,NC0340200,13A,H,W,H,M,48,R,N,,Highway/Road/Alley/Street/Sidewalk,Street & Sidewalk,Handgun,,C
179444133,162173849,2022-08-05,Winston-Salem,NC0340200,13A,B,B,N,F,59,N,N,AQ,Residence/Home,Home,Handgun,,C
179444135,162173851,2022-08-05,Winston-Salem,NC0340200,13A,B,B,N,M,35,N,Y,BG,Highway/Road/Alley/Street/Sidewalk,Street & Sidewalk,Motor Vehicle/Vessel,,C
179444187,162173896,2022-08-06,Winston-Salem,NC0340200,13A,B,B,N,M,71,R,N,ST,Air/Bus/Train Terminal,Transit Station,Firearm,,C
179444195,162173904,2022-08-06,Winston-Salem,NC0340200,13A,W,W,N,F,24,R,Y,BG,Residence/Home,Home,Handgun,,C
179444196,162173905,2022-08-06,Winston-Salem,NC0340200,13A,W,W,N,F,19,R,Y,BG,Residence/Home,Home,Handgun,,C
179444211,162173918,2022-08-06,Winston-Salem,NC0340200,13A,B,B,N,M,64,R,N,AQ,Highway/Road/Alley/Street/Sidewalk,Street & Sidewalk,Handgun,Minor Injury,C
179444216,162173923,2022-08-06,Winston-Salem,NC0340200,13A,B,B,N,M,27,R,N,RU,Highway/Road/Alley/Street/Sidewalk,Street & Sidewalk,Knife/Cutting Instrument,Severe Laceration,C
179444279,162173974,2022-08-06,Winston-Salem,NC0340200,13A,B,B,N,M,32,R,N,,Residence/Home,Home,Firearm,,C
179444280,162173974,2022-08-06,Winston-Salem,NC0340200,13A,B,B,N,M,15,R,N,,Residence/Home,Home,Firearm,,C
179444281,162173974,2022-08-06,Winston-Salem,NC0340200,13A,B,B,N,M,21,R,N,,Residence/Home,Home,Firearm,,C
179444282,162173974,2022-08-06,Winston-Salem,NC0340200,13A,B,B,N,M,11,N,N,,Residence/Home,Home,Firearm,,C
179444283,162173974,2022-08-06,Winston-Salem,NC0340200,13A,B,B,N,F,27,N,N,,Residence/Home,Home,Firearm,,C
179444245,162173945,2022-08-07,Winston-Salem,NC0340200,13A,B,B,N,M,57,R,N,OK,Residence/Home,Home,Blunt Object,Severe Laceration,C
179444249,162173947,2022-08-07,Winston-Salem,NC0340200,13A,B,B,N,F,37,R,N,,Highway/Road/Alley/Street/Sidewalk,Street & Sidewalk,Handgun (Automatic),,C
179444252,162173950,2022-08-07,Winston-Salem,NC0340200,13A,B,B,N,F,17,R,N,,Bar/Nightclub,Bar & Nightclub,,,C
179444256,162173953,2022-08-07,Winston-Salem,NC0340200,13A,B,B,N,M,53,R,Y,BG,Residence/Home,Home,Blunt Object,Minor Injury,C
179444288,162173978,2022-08-07,Winston-Salem,NC0340200,13A,B,B,N,M,19,R,N,RU,Residence/Home,Home,Firearm,,C
179444289,162173978,2022-08-07,Winston-Salem,NC0340200,13A,B,B,N,M,15,R,N,RU,Residence/Home,Home,Firearm,,C
179444290,162173978,2022-08-07,Winston-Salem,NC0340200,13A,B,B,N,M,18,R,N,RU,Residence/Home,Home,Firearm,,C
179444291,162173978,2022-08-07,Winston-Salem,NC0340200,13A,A,A,N,M,20,N,N,RU,Residence/Home,Home,Firearm,,C
179444314,162173991,2022-08-07,Winston-Salem,NC0340200,13A,B,B,N,M,53,R,N,,Highway/Road/Alley/Street/Sidewalk,Street & Sidewalk,Firearm,,C
179444322,162173997,2022-08-07,Winston-Salem,NC0340200,13A,B,B,N,M,44,R,Y,XR,Parking/Drop Lot/Garage,Parking Lot,Handgun,,C
179444323,162173997,2022-08-07,Winston-Salem,NC0340200,13A,B,B,N,F,52,R,N,AQ,Parking/Drop Lot/Garage,Parking Lot,Handgun,,C
179444332,162174006,2022-08-07,Winston-Salem,NC0340200,13A,B,B,N,F,9,R,N,CH,Residence/Home,Home,Knife/Cutting Instrument,,C
179444333,162174006,2022-08-07,Winston-Salem,NC0340200,13A,B,B,N,M,13,R,N,CH,Residence/Home,Home,Knife/Cutting Instrument,,C
179444334,162174006,2022-08-07,Winston-Salem,NC0340200,13A,B,B,N,M,15,R,N,CH,Residence/Home,Home,Knife/Cutting Instrument,Minor Injury,C
179444330,162174004,2022-08-08,Winston-Salem,NC0340200,13A,W,W,N,M,21,R,N,RU,Parking/Drop Lot/Garage,Parking Lot,Handgun,,C
179444340,162174012,2022-08-08,Winston-Salem,NC0340200,13A,H,W,H,M,35,R,N,RU,Parking/Drop Lot/Garage,Parking Lot,Knife/Cutting Instrument,,C
179444359,162174030,2022-08-08,Winston-Salem,NC0340200,13A,B,B,N,M,20,R,Y,XR,Highway/Road/Alley/Street/Sidewalk,Street & Sidewalk,,,C
179444417,162174078,2022-08-08,Winston-Salem,NC0340200,13A,W,W,N,M,40,N,N,RU,Convenience Store,Convenience Store,Other,Minor Injury,C
179444456,162174103,2022-08-09,Winston-Salem,NC0340200,13A,W,W,N,F,48,R,N,CF;VO,Residence/Home,Home,Knife/Cutting Instrument;Personal Weapons,,C
179444457,162174103,2022-08-09,Winston-Salem,NC0340200,13A,W,W,N,M,58,N,Y,BG;VO,Residence/Home,Home,Knife/Cutting Instrument;Personal Weapons,,C
179444462,162174107,2022-08-09,Winston-Salem,NC0340200,13A,W,W,N,F,26,R,Y,XR,Residence/Home,Home,Other,Minor Injury,C
179444503,162174144,2022-08-09,Winston-Salem,NC0340200,13A,W,W,N,M,32,R,N,NE,Residence/Home,Home,Knife/Cutting Instrument,,C
179704763,162398080,2022-08-09,Winston-Salem,NC0340200,13A,W,W,N,M,29,R,N,AQ,Highway/Road/Alley/Street/Sidewalk,Street & Sidewalk,Handgun,,C
179704764,162398080,2022-08-09,Winston-Salem,NC0340200,13A,W,W,N,F,27,R,N,AQ,Highway/Road/Alley/Street/Sidewalk,Street & Sidewalk,Handgun,,C
179704765,162398080,2022-08-09,Winston-Salem,NC0340200,13A,W,W,N,F,6,R,N,AQ,Highway/Road/Alley/Street/Sidewalk,Street & Sidewalk,Handgun,,C
188882820,170414890,2022-08-09,Winston-Salem,NC0340200,13A,W,W,N,F,48,R,Y,BG,Residence/Home,Home,Knife/Cutting Instrument,Minor Injury,C
179444526,162174166,2022-08-10,Winston-Salem,NC0340200,13A,W,W,N,F,30,R,N,,Residence/Home,Home,Firearm,,C
179444530,162174170,2022-08-10,Winston-Salem,NC0340200,13A,W,W,N,M,45,R,N,,Highway/Road/Alley/Street/Sidewalk,Street & Sidewalk,Handgun,,C
179444578,162174211,2022-08-10,Winston-Salem,NC0340200,13A,B,B,N,F,30,R,N,,Highway/Road/Alley/Street/Sidewalk,Street & Sidewalk,Handgun,Minor Injury,C
179444595,162174228,2022-08-10,Winston-Salem,NC0340200,13A,B,B,N,M,23,R,N,,Highway/Road/Alley/Street/Sidewalk,Street & Sidewalk,Handgun,Other Major Injury,C
179445579,162175006,2022-08-10,Winston-Salem,NC0340200,13A,B,B,N,M,58,R,N,ST,Parking/Drop Lot/Garage,Parking Lot,Blunt Object,Minor Injury,C
179444613,162174245,2022-08-11,Winston-Salem,NC0340200,13A,B,B,N,F,41,R,N,,Residence/Home,Home,Firearm,,C
179444614,162174245,2022-08-11,Winston-Salem,NC0340200,13A,B,B,N,M,22,R,N,,Residence/Home,Home,Firearm,,C
179444615,162174245,2022-08-11,Winston-Salem,NC0340200,13A,B,B,N,M,19,R,N,,Residence/Home,Home,Firearm,,C
179444618,162174248,2022-08-11,Winston-Salem,NC0340200,13A,B,B,N,F,19,R,N,,Residence/Home,Home,Firearm,,C
179444670,162174282,2022-08-11,Winston-Salem,NC0340200,13A,B,B,N,M,35,N,Y,SE,Department/Discount Store,Department Store,Knife/Cutting Instrument,,C
179444680,162174292,2022-08-11,Winston-Salem,NC0340200,13A,B,B,N,M,35,N,Y,SE;VO,Grocery/Supermarket,Grocery Store,Knife/Cutting Instrument,,C
179444681,162174292,2022-08-11,Winston-Salem,NC0340200,13A,B,B,N,F,32,N,Y,SE;VO,Grocery/Supermarket,Grocery Store,Knife/Cutting Instrument,,C
179444685,162174295,2022-08-11,Winston-Salem,NC0340200,13A,U,U,N,U,1,U,N,,Residence/Home,Home,Firearm,,C
179444694,162174302,2022-08-11,Winston-Salem,NC0340200,13A,W,W,N,M,52,R,N,,Highway/Road/Alley/Street/Sidewalk,Street & Sidewalk,Other,Minor Injury,C
179444712,162174320,2022-08-12,Winston-Salem,NC0340200,13A,B,B,N,F,28,R,Y,BG,Residence/Home,Home,Personal Weapons,Unconscious,C
179444789,162174386,2022-08-13,Winston-Salem,NC0340200,13A,B,B,N,M,48,R,N,,Residence/Home,Home,Handgun,,C
179444790,162174386,2022-08-13,Winston-Salem,NC0340200,13A,B,B,N,M,36,R,N,,Residence/Home,Home,Handgun,,C
179444791,162174386,2022-08-13,Winston-Salem,NC0340200,13A,B,B,N,F,48,R,N,,Residence/Home,Home,Handgun,,C
179444792,162174386,2022-08-13,Winston-Salem,NC0340200,13A,B,B,N,M,15,R,N,,Residence/Home,Home,Handgun,,C
179444795,162174389,2022-08-13,Winston-Salem,NC0340200,13A,B,B,N,F,69,R,N,,Residence/Home,Home,Handgun,,C
179444796,162174389,2022-08-13,Winston-Salem,NC0340200,13A,B,B,N,F,53,R,N,,Residence/Home,Home,Handgun,,C
179444797,162174389,2022-08-13,Winston-Salem,NC0340200,13A,B,B,N,F,64,R,N,,Residence/Home,Home,Handgun,,C
179444798,162174389,2022-08-13,Winston-Salem,NC0340200,13A,B,B,N,F,44,R,N,,Residence/Home,Home,Handgun,,C
179444799,162174389,2022-08-13,Winston-Salem,NC0340200,13A,B,B,N,M,15,R,N,,Residence/Home,Home,Handgun,,C
179444800,162174389,2022-08-13,Winston-Salem,NC0340200,13A,B,B,N,F,18,R,N,,Residence/Home,Home,Handgun,,C
179444801,162174389,2022-08-13,Winston-Salem,NC0340200,13A,B,B,N,M,16,R,N,,Residence/Home,Home,Handgun,,C
179444807,162174395,2022-08-13,Winston-Salem,NC0340200,13A,H,W,H,F,39,R,N,,Residence/Home,Home,Firearm,,C
179444808,162174395,2022-08-13,Winston-Salem,NC0340200,13A,H,W,H,M,41,R,N,,Residence/Home,Home,Firearm,,C
179444809,162174395,2022-08-13,Winston-Salem,NC0340200,13A,H,W,H,F,14,R,N,,Residence/Home,Home,Firearm,,C
179444810,162174395,2022-08-13,Winston-Salem,NC0340200,13A,H,W,H,F,12,R,N,,Residence/Home,Home,Firearm,,C
179444828,162174409,2022-08-13,Winston-Salem,NC0340200,13A,B,B,N,M,27,R,N,RU,Residence/Home,Home,Firearm,,C
179444834,162174415,2022-08-13,Winston-Salem,NC0340200,13A,H,W,H,F,46,R,N,PA,Residence/Home,Home,Knife/Cutting Instrument,,C
179444835,162174415,2022-08-13,Winston-Salem,NC0340200,13A,W,W,N,M,15,R,N,SB,Residence/Home,Home,Knife/Cutting Instrument,Minor Injury,C
179444836,162174415,2022-08-13,Winston-Salem,NC0340200,13A,W,W,N,M,45,R,N,OF,Residence/Home,Home,Knife/Cutting Instrument,,C
179444861,162174437,2022-08-13,Winston-Salem,NC0340200,13A,H,W,H,M,40,R,N,AQ,Service/Gas Station,Gas Station,Handgun,,C
179444866,162174441,2022-08-13,Winston-Salem,NC0340200,13A,B,B,N,M,40,N,N,PA,Residence/Home,Home,Handgun,,C
179444869,162174444,2022-08-13,Winston-Salem,NC0340200,13A,W,W,N,F,28,R,N,,Park/Playground,Park & Playground,Blunt Object,,C
179444870,162174444,2022-08-13,Winston-Salem,NC0340200,13A,W,W,N,F,29,R,N,,Park/Playground,Park & Playground,Blunt Object,,C
179444874,162174446,2022-08-13,Winston-Salem,NC0340200,13A,B,B,N,M,52,R,N,,Residence/Home,Home,Handgun,,C
179444875,162174446,2022-08-13,Winston-Salem,NC0340200,13A,B,B,N,F,41,R,N,,Residence/Home,Home,Handgun,,C
179444876,162174446,2022-08-13,Winston-Salem,NC0340200,13A,B,B,N,M,15,R,N,,Residence/Home,Home,Handgun,,C
179444877,162174446,2022-08-13,Winston-Salem,NC0340200,13A,B,B,N,F,2,R,N,,Residence/Home,Home,Handgun,,C
179444881,162174450,2022-08-13,Winston-Salem,NC0340200,13A,B,B,N,M,20,R,N,AQ,Highway/Road/Alley/Street/Sidewalk,Street & Sidewalk,,,C
179444882,162174450,2022-08-13,Winston-Salem,NC0340200,13A,B,B,N,M,18,R,N,AQ,Highway/Road/Alley/Street/Sidewalk,Street & Sidewalk,,,C
179444889,162174457,2022-08-13,Winston-Salem,NC0340200,13A,H,W,H,M,51,R,N,,Highway/Road/Alley/Street/Sidewalk,Street & Sidewalk,Firearm,,C
179444893,162174457,2022-08-13,Winston-Salem,NC0340200,13A,H,W,H,M,23,R,N,,Highway/Road/Alley/Street/Sidewalk,Street & Sidewalk,Firearm,Other Major Injury,C
179444894,162174457,2022-08-13,Winston-Salem,NC0340200,13A,H,W,H,M,21,R,N,,Highway/Road/Alley/Street/Sidewalk,Street & Sidewalk,Firearm,Other Major Injury,C
179444896,162174457,2022-08-13,Winston-Salem,NC0340200,13A,H,W,H,M,22,R,N,,Highway/Road/Alley/Street/Sidewalk,Street & Sidewalk,Firearm,Other Major Injury,C
179444897,162174457,2022-08-13,Winston-Salem,NC0340200,13A,W,W,N,M,22,R,N,,Highway/Road/Alley/Street/Sidewalk,Street & Sidewalk,Firearm,,C
179444898,162174457,2022-08-13,Winston-Salem,NC0340200,13A,W,W,N,F,47,R,N,,Highway/Road/Alley/Street/Sidewalk,Street & Sidewalk,Firearm,,C
182087183,164488034,2022-08-13,Winston-Salem,NC0340200,13A,H,W,H,M,68,R,N,,Residence/Home,Home,Handgun;Rifle,,C
182087184,164488034,2022-08-13,Winston-Salem,NC0340200,13A,H,W,H,F,20,R,N,,Residence/Home,Home,Handgun;Rifle,,C
182087185,164488034,2022-08-13,Winston-Salem,NC0340200,13A,H,W,H,F,53,R,N,,Residence/Home,Home,Handgun;Rifle,,C
182087186,164488034,2022-08-13,Winston-Salem,NC0340200,13A,W,W,N,M,0,R,N,,Residence/Home,Home,Handgun;Rifle,,C
179444919,162174469,2022-08-14,Winston-Salem,NC0340200,13A,H,W,H,F,39,R,N,,Residence/Home,Home,Firearm,,C
179444920,162174469,2022-08-14,Winston-Salem,NC0340200,13A,H,W,H,M,16,R,N,,Residence/Home,Home,Firearm,,C
179444921,162174469,2022-08-14,Winston-Salem,NC0340200,13A,H,W,H,F,1,R,N,,Residence/Home,Home,Firearm,,C
179444937,162174482,2022-08-14,Winston-Salem,NC0340200,13A,B,B,N,F,22,R,N,OF,Residence/Home,Home,Knife/Cutting Instrument,,C
179444956,162174498,2022-08-14,Winston-Salem,NC0340200,13A,B,B,N,F,30,R,Y,SE,Residence/Home,Home,Handgun,,C
179445039,162174571,2022-08-15,Winston-Salem,NC0340200,13A,H,W,H,M,32,N,N,ST,Highway/Road/Alley/Street/Sidewalk,Street & Sidewalk,Handgun,,C
179445106,162174626,2022-08-16,Winston-Salem,NC0340200,13A,B,B,N,M,60,R,N,RU,Residence/Home,Home,Blunt Object,Minor Injury,C
179445146,162174661,2022-08-16,Winston-Salem,NC0340200,13A,H,W,H,M,25,R,N,,Highway/Road/Alley/Street/Sidewalk,Street & Sidewalk,Firearm,Other Major Injury,C
179445154,162174668,2022-08-17,Winston-Salem,NC0340200,13A,A,A,N,F,70,R,Y,SE,Residence/Home,Home,,,C
179445173,162174685,2022-08-17,Winston-Salem,NC0340200,13A,W,W,N,M,11,R,N,SC,Residence/Home,Home,Blunt Object,Minor Injury,C
179445204,162174711,2022-08-17,Winston-Salem,NC0340200,13A,B,B,N,M,23,R,N,,Highway/Road/Alley/Street/Sidewalk,Street & Sidewalk,Handgun,,C
179445222,162174728,2022-08-17,Winston-Salem,NC0340200,13A,W,W,N,F,56,R,N,PA,Residence/Home,Home,Knife/Cutting Instrument,Minor Injury,C
179445227,162174732,2022-08-17,Winston-Salem,NC0340200,13A,B,B,N,M,18,R,N,,Highway/Road/Alley/Street/Sidewalk,Street & Sidewalk,Firearm,,C
179445228,162174732,2022-08-17,Winston-Salem,NC0340200,13A,B,B,N,F,16,R,N,,Highway/Road/Alley/Street/Sidewalk,Street & Sidewalk,Firearm,,C
179445253,162174752,2022-08-18,Winston-Salem,NC0340200,13A,H,W,H,M,46,R,N,ST,Parking/Drop Lot/Garage,Parking Lot,Handgun,,C
179445282,162174776,2022-08-18,Winston-Salem,NC0340200,13A,B,B,N,M,25,R,N,RU,Highway/Road/Alley/Street/Sidewalk,Street & Sidewalk,Handgun,,C
179445296,162174789,2022-08-18,Winston-Salem,NC0340200,13A,B,B,N,M,14,R,N,OK;RU,Highway/Road/Alley/Street/Sidewalk,Street & Sidewalk,Firearm,Other Major Injury,C
179445329,162174818,2022-08-18,Winston-Salem,NC0340200,13A,B,B,N,M,18,R,N,,Residence/Home,Home,Firearm,,C
179445330,162174818,2022-08-18,Winston-Salem,NC0340200,13A,B,B,N,M,19,R,N,,Residence/Home,Home,Firearm,,C
179445331,162174818,2022-08-18,Winston-Salem,NC0340200,13A,W,W,N,F,32,R,N,,Residence/Home,Home,Firearm,,C
179445332,162174818,2022-08-18,Winston-Salem,NC0340200,13A,B,B,N,M,42,R,N,,Residence/Home,Home,Firearm,,C
179445389,162174862,2022-08-19,Winston-Salem,NC0340200,13A,B,B,N,F,50,R,N,NE,Highway/Road/Alley/Street/Sidewalk,Street & Sidewalk,Handgun,,C
179445393,162174864,2022-08-19,Winston-Salem,NC0340200,13A,B,B,N,F,51,R,N,NE,Highway/Road/Alley/Street/Sidewalk,Street & Sidewalk,Blunt Object,,C
179445399,162174868,2022-08-19,Winston-Salem,NC0340200,13A,B,B,N,F,30,R,N,SB;VO,Residence/Home,Home,Knife/Cutting Instrument,,C
179445400,162174868,2022-08-19,Winston-Salem,NC0340200,13A,B,B,N,F,23,R,N,SB;VO,Residence/Home,Home,Knife/Cutting Instrument,Minor Injury,C
179445402,162174870,2022-08-19,Winston-Salem,NC0340200,13A,B,B,N,F,51,R,N,OK,Residence/Home,Home,Handgun,,C
179445405,162174873,2022-08-19,Winston-Salem,NC0340200,13A,W,W,N,M,53,R,N,PA;VO,Residence/Home,Home,Knife/Cutting Instrument,,C
179445406,162174873,2022-08-19,Winston-Salem,NC0340200,13A,W,W,N,F,27,R,N,CH;VO,Residence/Home,Home,Knife/Cutting Instrument,,C
179445424,162174887,2022-08-19,Winston-Salem,NC0340200,13A,B,B,N,F,27,R,N,AQ,Residence/Home,Home,Motor Vehicle/Vessel,,C
179445444,162174906,2022-08-20,Winston-Salem,NC0340200,13A,H,W,H,M,20,R,N,,Parking/Drop Lot/Garage,Parking Lot,Rifle,Other Major Injury,C
179445447,162174906,2022-08-20,Winston-Salem,NC0340200,13A,H,W,H,M,26,N,N,,Parking/Drop Lot/Garage,Parking Lot,Rifle,,C
179445449,162174908,2022-08-20,Winston-Salem,NC0340200,13A,H,W,H,M,25,R,N,,Residence/Home,Home,Firearm,,C
179445451,162174908,2022-08-20,Winston-Salem,NC0340200,13A,H,W,H,F,27,R,N,,Residence/Home,Home,Firearm,,C
179445452,162174908,2022-08-20,Winston-Salem,NC0340200,13A,H,W,H,M,26,N,N,,Residence/Home,Home,Firearm,,C
179445453,162174908,2022-08-20,Winston-Salem,NC0340200,13A,H,W,H,M,21,R,N,,Residence/Home,Home,Firearm,,C
179445454,162174909,2022-08-20,Winston-Salem,NC0340200,13A,W,W,N,F,31,N,N,RU,Highway/Road/Alley/Street/Sidewalk,Street & Sidewalk,Rifle,,C
179445475,162174927,2022-08-20,Winston-Salem,NC0340200,13A,B,B,N,M,35,R,N,ST,Grocery/Supermarket,Grocery Store,,Minor Injury,C
179445482,162174934,2022-08-20,Winston-Salem,NC0340200,13A,B,B,N,M,59,R,N,SB,Highway/Road/Alley/Street/Sidewalk,Street & Sidewalk,Handgun,,C
179445511,162174960,2022-08-20,Winston-Salem,NC0340200,13A,B,B,N,M,57,R,N,NE,Residence/Home,Home,Blunt Object,,C
179445542,162174987,2022-08-21,Winston-Salem,NC0340200,13A,H,W,H,F,63,R,N,,Residence/Home,Home,Firearm,,C
179445562,162174998,2022-08-21,Winston-Salem,NC0340200,13A,B,B,N,F,65,R,N,,Residence/Home,Home,Firearm,,C
179445563,162174998,2022-08-21,Winston-Salem,NC0340200,13A,B,B,N,F,49,N,N,,Residence/Home,Home,Firearm,,C
179445564,162174998,2022-08-21,Winston-Salem,NC0340200,13A,H,W,H,M,36,R,N,,Residence/Home,Home,Firearm,,C
179445565,162174998,2022-08-21,Winston-Salem,NC0340200,13A,B,B,N,M,50,R,N,,Residence/Home,Home,Firearm,,C
179445566,162174998,2022-08-21,Winston-Salem,NC0340200,13A,B,B,N,M,8,R,N,,Residence/Home,Home,Firearm,,C
179445567,162174998,2022-08-21,Winston-Salem,NC0340200,13A,H,W,H,M,40,R,N,,Residence/Home,Home,Firearm,,C
179445603,162175028,2022-08-21,Winston-Salem,NC0340200,13A,B,B,N,M,40,R,N,RU,Parking/Drop Lot/Garage,Parking Lot,Knife/Cutting Instrument,Minor Injury,C
179445608,162175031,2022-08-21,Winston-Salem,NC0340200,13A,B,B,N,F,24,R,N,,Residence/Home,Home,Firearm,,C
179445616,162175037,2022-08-21,Winston-Salem,NC0340200,13A,W,W,N,M,43,N,Y,BG,Parking/Drop Lot/Garage,Parking Lot,Motor Vehicle/Vessel,,C
179445630,162175051,2022-08-22,Winston-Salem,NC0340200,13A,B,B,N,M,28,R,N,RU,Residence/Home,Home,Handgun,,C
179445674,162175093,2022-08-22,Winston-Salem,NC0340200,13A,B,B,N,M,26,R,Y,BG,Residence/Home,Home,Knife/Cutting Instrument,Minor Injury,C
179445679,162175098,2022-08-22,Winston-Salem,NC0340200,13A,H,W,H,F,21,R,Y,BG,Residence/Home,Home,Handgun,Minor Injury;Severe Laceration,C
179445699,162175117,2022-08-22,Winston-Salem,NC0340200,13A,B,B,N,F,28,R,Y,BG,Residence/Home,Home,Handgun;Rifle,Minor Injury,C
179445700,162175118,2022-08-22,Winston-Salem,NC0340200,13A,B,B,N,M,47,R,N,,Residence/Home,Home,Blunt Object,,C
179446581,162175842,2022-08-22,Winston-Salem,NC0340200,13A,B,B,N,M,40,R,Y,BG,Highway/Road/Alley/Street/Sidewalk,Street & Sidewalk,Other,Other Major Injury,C
182087195,164488043,2022-08-22,Winston-Salem,NC0340200,13A,B,B,N,M,25,R,N,,Residence/Home,Home,Firearm,,C
179445759,162175170,2022-08-23,Winston-Salem,NC0340200,13A,B,B,N,M,26,R,Y,BG;VO,Residence/Home,Home,Knife/Cutting Instrument,Minor Injury,C
179445760,162175170,2022-08-23,Winston-Salem,NC0340200,13A,B,B,N,F,23,R,Y,BG;VO,Residence/Home,Home,Knife/Cutting Instrument,,C
179445803,162175205,2022-08-23,Winston-Salem,NC0340200,13A,B,B,N,F,65,R,N,,Convenience Store,Convenience Store,Firearm,,C
179445860,162175259,2022-08-24,Winston-Salem,NC0340200,13A,W,W,N,F,40,R,N,ST,Highway/Road/Alley/Street/Sidewalk,Street & Sidewalk,Handgun,,C
179445861,162175259,2022-08-24,Winston-Salem,NC0340200,13A,W,W,N,M,37,N,N,ST,Highway/Road/Alley/Street/Sidewalk,Street & Sidewalk,Handgun,,C
179446672,162175920,2022-08-24,Winston-Salem,NC0340200,13A,B,B,N,F,42,R,Y,BG,Highway/Road/Alley/Street/Sidewalk,Street & Sidewalk,Blunt Object;Personal Weapons,Minor Injury,C
179445925,162175309,2022-08-25,Winston-Salem,NC0340200,13A,B,B,N,M,63,R,N,RU,Residence/Home,Home,Knife/Cutting Instrument,,C
179445957,162175338,2022-08-25,Winston-Salem,NC0340200,13A,W,W,N,M,,R,Y,BG,Highway/Road/Alley/Street/Sidewalk,Street & Sidewalk,Motor Vehicle/Vessel,Minor Injury,C
179445967,162175346,2022-08-25,Winston-Salem,NC0340200,13A,B,B,N,M,36,R,N,,Highway/Road/Alley/Street/Sidewalk,Street & Sidewalk,Handgun,Other Major Injury,C
179446092,162175454,2022-08-26,Winston-Salem,NC0340200,13A,B,B,N,M,42,R,N,,Highway/Road/Alley/Street/Sidewalk,Street & Sidewalk,Rifle,,C
179446061,162175428,2022-08-27,Winston-Salem,NC0340200,13A,B,B,N,M,42,R,N,,Highway/Road/Alley/Street/Sidewalk,Street & Sidewalk,Rifle,Other Major Injury,C
179446132,162175490,2022-08-27,Winston-Salem,NC0340200,13A,B,B,N,M,21,R,N,RU,Highway/Road/Alley/Street/Sidewalk,Street & Sidewalk,Handgun,,C
179446133,162175490,2022-08-27,Winston-Salem,NC0340200,13A,B,B,N,M,25,R,N,FR,Highway/Road/Alley/Street/Sidewalk,Street & Sidewalk,Handgun,,C
179446166,162175518,2022-08-28,Winston-Salem,NC0340200,13A,B,B,N,M,23,R,N,,Bar/Nightclub,Bar & Nightclub,Handgun;Rifle,,C
179446167,162175518,2022-08-28,Winston-Salem,NC0340200,13A,B,B,N,M,23,R,N,,Bar/Nightclub,Bar & Nightclub,Handgun;Rifle,Other Major Injury,C
179446186,162175530,2022-08-28,Winston-Salem,NC0340200,13A,B,B,N,F,38,R,N,PA;VO,Residence/Home,Home,Knife/Cutting Instrument;Other,,C
179446187,162175530,2022-08-28,Winston-Salem,NC0340200,13A,B,B,N,M,19,R,N,CH;VO,Residence/Home,Home,Knife/Cutting Instrument;Other,Minor Injury,C
179446189,162175532,2022-08-28,Winston-Salem,NC0340200,13A,B,B,N,F,50,R,N,OK,Residence/Home,Home,Blunt Object,Minor Injury,C
179446194,162175536,2022-08-28,Winston-Salem,NC0340200,13A,B,B,N,M,61,R,N,,Parking/Drop Lot/Garage,Parking Lot,Handgun,Minor Injury,C
179446204,162175546,2022-08-28,Winston-Salem,NC0340200,13A,B,B,N,F,27,R,Y,VO;XR,Residence/Home,Home,Personal Weapons,Minor Injury,C
179446205,162175546,2022-08-28,Winston-Salem,NC0340200,13A,B,B,N,F,19,R,Y,VO;XR,Residence/Home,Home,Personal Weapons,Minor Injury,C
179446206,162175547,2022-08-28,Winston-Salem,NC0340200,13A,W,W,N,F,42,R,N,SB,Residence/Home,Home,Handgun,,C
179446328,162175639,2022-08-29,Winston-Salem,NC0340200,13A,B,B,N,M,69,R,N,AQ,Parking/Drop Lot/Garage,Parking Lot,Blunt Object,Possible Internal Injury,C
184806471,166861705,2022-08-29,Winston-Salem,NC0340200,13A,W,W,N,M,18,R,N,CH,Residence/Home,Home,,Minor Injury,C
179446370,162175669,2022-08-30,Winston-Salem,NC0340200,13A,W,W,N,M,62,N,N,,Highway/Road/Alley/Street/Sidewalk,Street & Sidewalk,Handgun,,C
179446424,162175717,2022-08-30,Winston-Salem,NC0340200,13A,B,B,N,F,21,R,Y,XR,Residence/Home,Home,Knife/Cutting Instrument,Minor Injury,C
179446445,162175737,2022-08-31,Winston-Salem,NC0340200,13A,B,B,N,F,31,R,Y,BG,Residence/Home,Home,Knife/Cutting Instrument,Severe Laceration,C
179446450,162175742,2022-08-31,Winston-Salem,NC0340200,13A,B,B,N,F,59,R,N,,Residence/Home,Home,Firearm,,C
179446451,162175742,2022-08-31,Winston-Salem,NC0340200,13A,B,B,N,F,39,R,N,,Residence/Home,Home,Firearm,,C
179446452,162175742,2022-08-31,Winston-Salem,NC0340200,13A,B,B,N,F,50,R,N,,Residence/Home,Home,Firearm,,C
179446453,162175742,2022-08-31,Winston-Salem,NC0340200,13A,B,B,N,F,15,R,N,,Residence/Home,Home,Firearm,,C
179446454,162175742,2022-08-31,Winston-Salem,NC0340200,13A,B,B,N,M,10,R,N,,Residence/Home,Home,Firearm,,C
179446455,162175742,2022-08-31,Winston-Salem,NC0340200,13A,B,B,N,M,52,R,N,,Residence/Home,Home,Firearm,,C
179446499,162175781,2022-08-31,Winston-Salem,NC0340200,13A,W,W,U,M,11,R,N,AQ;VO,Highway/Road/Alley/Street/Sidewalk,Street & Sidewalk,Knife/Cutting Instrument;Personal Weapons,Minor Injury,C
179446500,162175781,2022-08-31,Winston-Salem,NC0340200,13A,B,B,N,F,13,R,N,AQ;VO,Highway/Road/Alley/Street/Sidewalk,Street & Sidewalk,Knife/Cutting Instrument;Personal Weapons,Minor Injury,C
179446514,162175794,2022-08-31,Winston-Salem,NC0340200,13A,B,B,N,M,46,R,N,PA,Residence/Home,Home,Knife/Cutting Instrument,Minor Injury,C
179446693,162175940,2022-09-01,Winston-Salem,NC0340200,13A,B,B,N,F,33,R,N,PA,Residence/Home,Home,Knife/Cutting Instrument,,C
179446700,162175947,2022-09-01,Winston-Salem,NC0340200,13A,W,W,N,M,62,R,N,ST,Highway/Road/Alley/Street/Sidewalk,Street & Sidewalk,Handgun,,C
179446701,162175947,2022-09-01,Winston-Salem,NC0340200,13A,W,W,N,M,57,R,N,OK,Highway/Road/Alley/Street/Sidewalk,Street & Sidewalk,Handgun,,C
179446702,162175948,2022-09-01,Winston-Salem,NC0340200,13A,B,B,N,M,55,R,N,,Grocery/Supermarket,Grocery Store,Handgun,Minor Injury,C
179446707,162175953,2022-09-01,Winston-Salem,NC0340200,13A,B,B,N,M,66,R,N,OF,Highway/Road/Alley/Street/Sidewalk,Street & Sidewalk,Handgun,,C
179446721,162175964,2022-09-01,Winston-Salem,NC0340200,13A,B,B,N,M,15,R,N,,Highway/Road/Alley/Street/Sidewalk,Street & Sidewalk,Handgun;Rifle,,C
179446730,162175972,2022-09-01,Winston-Salem,NC0340200,13A,B,B,N,M,58,R,Y,XR,Residence/Home,Home,Other,,C
184806472,166861706,2022-09-01,Winston-Salem,NC0340200,13A,W,W,N,M,58,R,N,,Parking/Drop Lot/Garage,Parking Lot,Blunt Object,Minor Injury,C
179446750,162175989,2022-09-02,Winston-Salem,NC0340200,13A,W,W,N,F,44,R,Y,BG,Residence/Home,Home,Knife/Cutting Instrument;Personal Weapons,Minor Injury,C
179446755,162175994,2022-09-02,Winston-Salem,NC0340200,13A,H,W,H,F,52,R,N,,Residence/Home,Home,Firearm,,C
179446756,162175994,2022-09-02,Winston-Salem,NC0340200,13A,B,B,N,M,32,R,N,,Residence/Home,Home,Firearm,,C
179446757,162175994,2022-09-02,Winston-Salem,NC0340200,13A,W,W,N,F,17,R,N,,Residence/Home,Home,Firearm,,C
179446758,162175994,2022-09-02,Winston-Salem,NC0340200,13A,H,W,H,M,20,R,N,,Residence/Home,Home,Firearm,,C
179446759,162175994,2022-09-02,Winston-Salem,NC0340200,13A,W,W,N,M,41,R,N,,Residence/Home,Home,Firearm,,C
179446760,162175994,2022-09-02,Winston-Salem,NC0340200,13A,W,W,N,F,0,R,N,,Residence/Home,Home,Firearm,,C
179446770,162176003,2022-09-02,Winston-Salem,NC0340200,13A,W,W,N,M,25,N,N,ST,Highway/Road/Alley/Street/Sidewalk,Street & Sidewalk,Handgun,,C
179446771,162176004,2022-09-02,Winston-Salem,NC0340200,13A,W,W,N,F,11,R,N,,Residence/Home,Home,,,C
179446791,162176023,2022-09-02,Winston-Salem,NC0340200,13A,B,B,N,F,29,R,N,,Specialty Store,Specialty Store,Handgun,Minor Injury,C
179446814,162176046,2022-09-02,Winston-Salem,NC0340200,13A,B,B,N,M,35,N,N,,Highway/Road/Alley/Street/Sidewalk,Street & Sidewalk,Handgun,,C
179446825,162176057,2022-09-02,Winston-Salem,NC0340200,13A,B,B,N,M,27,R,N,,Residence/Home,Home,Firearm,,C
179446923,162176141,2022-09-02,Winston-Salem,NC0340200,13A,B,B,N,M,23,R,N,,Residence/Home,Home,Rifle,,C
179446832,162176064,2022-09-03,Winston-Salem,NC0340200,13A,B,B,N,M,35,R,N,RU,Bar/Nightclub,Bar & Nightclub,Handgun,Other Major Injury,C
179446833,162176064,2022-09-03,Winston-Salem,NC0340200,13A,B,B,N,F,24,R,N,RU,Bar/Nightclub,Bar & Nightclub,Handgun,Other Major Injury,C
179446843,162176072,2022-09-03,Winston-Salem,NC0340200,13A,W,W,N,M,25,R,N,FR,Residence/Home,Home,Other,Minor Injury,C
179446856,162176083,2022-09-03,Winston-Salem,NC0340200,13A,H,W,H,M,18,R,N,,Residence/Home,Home,Handgun,,C
179446866,162176092,2022-09-03,Winston-Salem,NC0340200,13A,B,B,N,M,31,R,Y,VO;XR,Residence/Home,Home,Knife/Cutting Instrument,Severe Laceration,C
179446867,162176092,2022-09-03,Winston-Salem,NC0340200,13A,B,B,N,F,50,R,Y,VO;XR,Residence/Home,Home,Knife/Cutting Instrument,,C
179446885,162176109,2022-09-03,Winston-Salem,NC0340200,13A,B,B,N,M,42,R,N,,Parking/Drop Lot/Garage,Parking Lot,Knife/Cutting Instrument,Severe Laceration,C
179446899,162176120,2022-09-03,Winston-Salem,NC0340200,13A,A,A,N,F,43,R,N,,Residence/Home,Home,Handgun (Automatic),,C
179446900,162176120,2022-09-03,Winston-Salem,NC0340200,13A,W,W,N,M,47,R,N,,Residence/Home,Home,Handgun (Automatic),,C
179446915,162176134,2022-09-03,Winston-Salem,NC0340200,13A,W,W,N,F,38,R,N,,Service/Gas Station,Gas Station,Firearm,,C
179446962,162176178,2022-09-04,Winston-Salem,NC0340200,13A,B,B,N,F,69,R,N,PA;VO,Residence/Home,Home,Blunt Object,Minor Injury,C
179446963,162176178,2022-09-04,Winston-Salem,NC0340200,13A,B,B,N,F,52,R,N,CH;VO,Residence/Home,Home,Blunt Object,,C
179446994,162176207,2022-09-04,Winston-Salem,NC0340200,13A,W,W,N,F,36,R,N,,Residence/Home,Home,Handgun,,C
179446995,162176207,2022-09-04,Winston-Salem,NC0340200,13A,B,B,U,M,17,R,N,,Residence/Home,Home,Handgun,,C
179446996,162176207,2022-09-04,Winston-Salem,NC0340200,13A,B,B,U,M,15,R,N,,Residence/Home,Home,Handgun,,C
179446997,162176207,2022-09-04,Winston-Salem,NC0340200,13A,B,B,N,M,11,R,N,,Residence/Home,Home,Handgun,,C
179446998,162176207,2022-09-04,Winston-Salem,NC0340200,13A,B,B,N,M,8,R,N,,Residence/Home,Home,Handgun,,C
179446999,162176207,2022-09-04,Winston-Salem,NC0340200,13A,B,B,N,M,4,R,N,,Residence/Home,Home,Handgun,,C
179447000,162176207,2022-09-04,Winston-Salem,NC0340200,13A,B,B,N,F,0,R,N,,Residence/Home,Home,Handgun,,C
179447005,162176212,2022-09-05,Winston-Salem,NC0340200,13A,W,W,N,F,26,R,N,ST,Residence/Home,Home,Blunt Object,,C
179447009,162176216,2022-09-05,Winston-Salem,NC0340200,13A,B,B,N,M,61,R,N,AQ,Service/Gas Station,Gas Station,Knife/Cutting Instrument,Minor Injury,C
179447026,162176231,2022-09-05,Winston-Salem,NC0340200,13A,B,B,N,F,38,R,N,OK,Highway/Road/Alley/Street/Sidewalk,Street & Sidewalk,Motor Vehicle/Vessel,,C
179447027,162176231,2022-09-05,Winston-Salem,NC0340200,13A,B,B,N,F,4,R,N,OK,Highway/Road/Alley/Street/Sidewalk,Street & Sidewalk,Motor Vehicle/Vessel,,C
179447028,162176231,2022-09-05,Winston-Salem,NC0340200,13A,B,B,N,M,7,R,N,OK,Highway/Road/Alley/Street/Sidewalk,Street & Sidewalk,Motor Vehicle/Vessel,,C
179447045,162176248,2022-09-05,Winston-Salem,NC0340200,13A,H,W,H,M,39,R,N,NE,Highway/Road/Alley/Street/Sidewalk,Street & Sidewalk,,,C
179447051,162176253,2022-09-05,Winston-Salem,NC0340200,13A,H,W,H,M,47,R,N,,Convenience Store,Convenience Store,Handgun,,C
179447134,162176319,2022-09-06,Winston-Salem,NC0340200,13A,B,B,N,M,46,R,N,,Highway/Road/Alley/Street/Sidewalk,Street & Sidewalk,Firearm,,C
179447187,162176359,2022-09-07,Winston-Salem,NC0340200,13A,B,B,N,F,60,R,Y,XR,Residence/Home,Home,Other;Personal Weapons,,C
179447279,162176439,2022-09-08,Winston-Salem,NC0340200,13A,W,W,N,F,35,N,N,,Residence/Home,Home,Handgun,Minor Injury,C
179447284,162176444,2022-09-08,Winston-Salem,NC0340200,13A,B,B,N,F,69,R,N,RU,Drug Store/Doctor's Office/Hospital,Hospital & Clinic,Other,Minor Injury,C
179447305,162176461,2022-09-08,Winston-Salem,NC0340200,13A,B,B,N,F,45,R,Y,BG,Parking/Drop Lot/Garage,Parking Lot,Motor Vehicle/Vessel,,C
179447315,162176469,2022-09-08,Winston-Salem,NC0340200,13A,B,B,N,F,36,R,N,,Highway/Road/Alley/Street/Sidewalk,Street & Sidewalk,Firearm,,C
179447318,162176472,2022-09-08,Winston-Salem,NC0340200,13A,B,B,N,M,58,R,N,RU,Residence/Home,Home,Knife/Cutting Instrument,Minor Injury,C
179447319,162176472,2022-09-08,Winston-Salem,NC0340200,13A,B,B,N,F,58,R,Y,BG,Residence/Home,Home,Knife/Cutting Instrument,Minor Injury,C
179447356,162176499,2022-09-09,Winston-Salem,NC0340200,13A,B,B,N,F,39,R,N,PA,Residence/Home,Home,Knife/Cutting Instrument,,C
179447446,162176579,2022-09-10,Winston-Salem,NC0340200,13A,H,W,H,M,19,R,N,,Residence/Home,Home,Firearm,Other Major Injury,C
179447468,162176597,2022-09-10,Winston-Salem,NC0340200,13A,B,B,N,M,60,R,N,NE,Parking/Drop Lot/Garage,Parking Lot,Handgun,,C
179447541,162176653,2022-09-11,Winston-Salem,NC0340200,13A,W,W,N,F,44,R,N,FR;VO,Residence/Home,Home,Personal Weapons,Minor Injury,C
179447542,162176653,2022-09-11,Winston-Salem,NC0340200,13A,W,W,N,F,48,R,N,FR;VO,Residence/Home,Home,Personal Weapons,,C
179447581,162176684,2022-09-11,Winston-Salem,NC0340200,13A,B,B,N,M,16,R,N,SB,Residence/Home,Home,Knife/Cutting Instrument,,C
179447593,162176694,2022-09-12,Winston-Salem,NC0340200,13A,H,W,H,F,25,R,Y,CS,Residence/Home,Home,Personal Weapons,Minor Injury,C
179447658,162176750,2022-09-12,Winston-Salem,NC0340200,13A,B,B,N,M,39,R,N,,Highway/Road/Alley/Street/Sidewalk,Street & Sidewalk,Knife/Cutting Instrument,Other Major Injury,C
179447666,162176757,2022-09-12,Winston-Salem,NC0340200,13A,B,B,N,M,51,R,N,,Residence/Home,Home,Rifle,,C
179447672,162176763,2022-09-12,Winston-Salem,NC0340200,13A,B,B,N,F,17,R,N,,Residence/Home,Home,Handgun,,C
179447723,162176809,2022-09-13,Winston-Salem,NC0340200,13A,W,W,N,F,24,R,N,OF;VO,Residence/Home,Home,Handgun,Minor Injury,C
179447724,162176809,2022-09-13,Winston-Salem,NC0340200,13A,W,W,N,F,26,R,N,OF;VO,Residence/Home,Home,Handgun,Minor Injury,C
179447792,162176865,2022-09-14,Winston-Salem,NC0340200,13A,W,W,N,M,67,R,N,,Residence/Home,Home,Other,Minor Injury,C
179447831,162176899,2022-09-14,Winston-Salem,NC0340200,13A,B,B,N,M,38,R,N,,Specialty Store,Specialty Store,Handgun,Minor Injury,C
179447843,162176907,2022-09-14,Winston-Salem,NC0340200,13A,B,B,N,F,39,R,N,OF,Residence/Home,Home,Knife/Cutting Instrument,Minor Injury,C
179447847,162176911,2022-09-15,Winston-Salem,NC0340200,13A,W,W,N,M,43,N,N,FR,Residence/Home,Home,Rifle,,C
179447894,162176956,2022-09-15,Winston-Salem,NC0340200,13A,H,W,H,F,29,R,N,ER,Restaurant,Restaurant,Handgun (Automatic),,C
179447924,162176982,2022-09-15,Winston-Salem,NC0340200,13A,W,W,N,M,17,R,N,RU,Residence/Home,Home,Handgun,,C
179447925,162176983,2022-09-16,Winston-Salem,NC0340200,13A,B,B,N,F,33,R,N,,Highway/Road/Alley/Street/Sidewalk,Street & Sidewalk,Blunt Object,Minor Injury,C
179447948,162177002,2022-09-16,Winston-Salem,NC0340200,13A,W,W,N,F,23,R,Y,BG,Residence/Home,Home,Shotgun,Minor Injury,C
179447979,162177031,2022-09-16,Winston-Salem,NC0340200,13A,H,W,H,F,12,R,N,ST,Parking/Drop Lot/Garage,Parking Lot,Other,,C
179447980,162177031,2022-09-16,Winston-Salem,NC0340200,13A,H,W,H,M,13,R,N,ST,Parking/Drop Lot/Garage,Parking Lot,Other,,C
179447983,162177034,2022-09-16,Winston-Salem,NC0340200,13A,B,B,N,M,7,R,N,,Residence/Home,Home,Other,,C
179447984,162177034,2022-09-16,Winston-Salem,NC0340200,13A,B,B,N,F,7,R,N,,Residence/Home,Home,Other,,C
179447985,162177034,2022-09-16,Winston-Salem,NC0340200,13A,B,B,N,M,3,R,N,,Residence/Home,Home,Other,,C
179447986,162177034,2022-09-16,Winston-Salem,NC0340200,13A,B,B,N,F,8,R,N,,Residence/Home,Home,Other,,C
179447987,162177034,2022-09-16,Winston-Salem,NC0340200,13A,B,B,N,M,7,R,N,,Residence/Home,Home,Other,,C
179447988,162177034,2022-09-16,Winston-Salem,NC0340200,13A,B,B,N,F,3,R,N,,Residence/Home,Home,Other,Minor Injury,C
179447993,162177039,2022-09-16,Winston-Salem,NC0340200,13A,H,W,H,M,40,R,N,,Residence/Home,Home,Firearm,,C
179447994,162177039,2022-09-16,Winston-Salem,NC0340200,13A,W,W,N,M,13,R,N,,Residence/Home,Home,Firearm,,C
179447995,162177039,2022-09-16,Winston-Salem,NC0340200,13A,H,W,H,F,34,R,N,,Residence/Home,Home,Firearm,,C
179447996,162177039,2022-09-16,Winston-Salem,NC0340200,13A,W,W,N,F,10,R,N,,Residence/Home,Home,Firearm,,C
179447997,162177039,2022-09-16,Winston-Salem,NC0340200,13A,H,W,H,M,16,R,N,,Residence/Home,Home,Firearm,,C
179447998,162177039,2022-09-16,Winston-Salem,NC0340200,13A,W,W,N,M,11,R,N,,Residence/Home,Home,Firearm,,C
179447999,162177039,2022-09-16,Winston-Salem,NC0340200,13A,H,W,H,F,10,R,N,,Residence/Home,Home,Firearm,,C
179448000,162177039,2022-09-16,Winston-Salem,NC0340200,13A,H,W,H,F,14,R,N,,Residence/Home,Home,Firearm,,C
179448001,162177039,2022-09-16,Winston-Salem,NC0340200,13A,H,W,H,M,0,R,N,,Residence/Home,Home,Firearm,,C
179448002,162177039,2022-09-16,Winston-Salem,NC0340200,13A,H,W,H,F,15,R,N,,Residence/Home,Home,Firearm,,C
179448010,162177047,2022-09-16,Winston-Salem,NC0340200,13A,B,B,N,F,31,R,N,ST,Highway/Road/Alley/Street/Sidewalk,Street & Sidewalk,Handgun,,C
179448031,162177067,2022-09-17,Winston-Salem,NC0340200,13A,B,B,N,F,57,R,N,PA,Residence/Home,Home,Shotgun,,C
179448087,162177115,2022-09-17,Winston-Salem,NC0340200,13A,W,W,N,M,39,R,N,,Highway/Road/Alley/Street/Sidewalk,Street & Sidewalk,Firearm,,C
179448097,162177123,2022-09-17,Winston-Salem,NC0340200,13A,B,B,N,F,64,R,N,,Residence/Home,Home,Firearm,,C
179448098,162177123,2022-09-17,Winston-Salem,NC0340200,13A,B,B,N,M,70,R,N,,Residence/Home,Home,Firearm,,C
179448106,162177130,2022-09-17,Winston-Salem,NC0340200,13A,B,B,N,F,22,R,N,AQ,Residence/Home,Home,Knife/Cutting Instrument,,C
179704799,162398109,2022-09-17,Winston-Salem,NC0340200,13A,B,B,N,F,43,R,N,AQ,Residence/Home,Home,Rifle,,C
179448129,162177153,2022-09-18,Winston-Salem,NC0340200,13A,B,B,N,M,42,R,N,,Highway/Road/Alley/Street/Sidewalk,Street & Sidewalk,Firearm (Automatic),Other Major Injury,C
179448131,162177155,2022-09-18,Winston-Salem,NC0340200,13A,H,W,H,M,22,R,N,,Service/Gas Station,Gas Station,Other Firearm,,C
179448174,162177188,2022-09-18,Winston-Salem,NC0340200,13A,H,W,H,M,33,R,N,,Residence/Home,Home,Handgun,,C
179448190,162177201,2022-09-18,Winston-Salem,NC0340200,13A,W,W,N,F,35,R,Y,XS,Residence/Home,Home,Handgun,,C
179448191,162177201,2022-09-18,Winston-Salem,NC0340200,13A,B,B,N,M,19,R,N,AQ,Residence/Home,Home,Handgun,,C
179448192,162177201,2022-09-18,Winston-Salem,NC0340200,13A,W,W,N,F,13,R,N,AQ,Residence/Home,Home,Handgun,,C
179448193,162177201,2022-09-18,Winston-Salem,NC0340200,13A,B,B,N,F,15,R,N,AQ,Residence/Home,Home,Handgun,,C
179448194,162177201,2022-09-18,Winston-Salem,NC0340200,13A,B,B,N,M,10,R,N,CH,Residence/Home,Home,Handgun,,C
179448195,162177201,2022-09-18,Winston-Salem,NC0340200,13A,W,W,N,F,21,N,N,AQ,Residence/Home,Home,Handgun,,C
179448211,162177216,2022-09-18,Winston-Salem,NC0340200,13A,W,W,N,M,31,R,N,RU,Restaurant,Restaurant,Handgun,Severe Laceration,C
179448264,162177259,2022-09-19,Winston-Salem,NC0340200,13A,W,W,N,M,16,N,N,ST,Residence/Home,Home,Handgun,,C
179448265,162177259,2022-09-19,Winston-Salem,NC0340200,13A,W,W,N,M,51,N,N,ST,Residence/Home,Home,Handgun,,C
179448294,162177285,2022-09-19,Winston-Salem,NC0340200,13A,B,B,N,M,64,R,Y,BG;VO,Highway/Road/Alley/Street/Sidewalk,Street & Sidewalk,Blunt Object;Knife/Cutting Instrument,Minor Injury,C
179448295,162177285,2022-09-19,Winston-Salem,NC0340200,13A,B,B,N,F,48,R,N,CF;VO,Highway/Road/Alley/Street/Sidewalk,Street & Sidewalk,Blunt Object;Knife/Cutting Instrument,Minor Injury,C
179448304,162177292,2022-09-19,Winston-Salem,NC0340200,13A,W,W,N,F,22,R,N,,Residence/Home,Home,Firearm,,C
179448305,162177292,2022-09-19,Winston-Salem,NC0340200,13A,W,W,N,M,23,R,N,,Residence/Home,Home,Firearm,,C
179448306,162177292,2022-09-19,Winston-Salem,NC0340200,13A,W,W,N,M,2,R,N,,Residence/Home,Home,Firearm,,C
179448307,162177292,2022-09-19,Winston-Salem,NC0340200,13A,W,W,N,M,2,R,N,,Residence/Home,Home,Firearm,,C
179448311,162177296,2022-09-19,Winston-Salem,NC0340200,13A,B,B,N,M,20,R,N,AQ,Residence/Home,Home,Knife/Cutting Instrument,Minor Injury,C
179448405,162177378,2022-09-20,Winston-Salem,NC0340200,13A,B,B,N,M,39,R,N,OK,Residence/Home,Home,Knife/Cutting Instrument,,C
179448407,162177380,2022-09-21,Winston-Salem,NC0340200,13A,B,B,N,M,41,R,N,,Highway/Road/Alley/Street/Sidewalk,Street & Sidewalk,Firearm,,C
179448447,162177416,2022-09-21,Winston-Salem,NC0340200,13A,B,B,N,M,23,R,Y,BG,Parking/Drop Lot/Garage,Parking Lot,Motor Vehicle/Vessel,Minor Injury,C
179448466,162177431,2022-09-21,Winston-Salem,NC0340200,13A,W,W,N,M,28,R,N,,Highway/Road/Alley/Street/Sidewalk,Street & Sidewalk,Handgun,,C
179448476,162177440,2022-09-21,Winston-Salem,NC0340200,13A,B,B,N,M,62,R,N,AQ,Convenience Store,Convenience Store,Handgun,,C
179448482,162177446,2022-09-21,Winston-Salem,NC0340200,13A,H,W,H,M,43,R,N,OK;VO,Residence/Home,Home,Blunt Object;Knife/Cutting Instrument,Severe Laceration,C
179448483,162177446,2022-09-21,Winston-Salem,NC0340200,13A,W,W,N,M,41,U,N,OK;VO,Residence/Home,Home,Blunt Object;Knife/Cutting Instrument,Other Major Injury,C
179448493,162177452,2022-09-21,Winston-Salem,NC0340200,13A,B,B,N,M,48,R,N,,Convenience Store,Convenience Store,Blunt Object,Minor Injury,C
179448494,162177453,2022-09-21,Winston-Salem,NC0340200,13A,W,W,N,F,20,R,Y,XR,Hotel/Motel/Etc.,Hotel & Motel,Personal Weapons,Minor Injury,C
179448501,162177459,2022-09-22,Winston-Salem,NC0340200,13A,B,B,N,F,37,R,N,ST,Highway/Road/Alley/Street/Sidewalk,Street & Sidewalk,Firearm,,C
179448502,162177460,2022-09-22,Winston-Salem,NC0340200,13A,H,B,H,M,19,R,N,ST,Highway/Road/Alley/Street/Sidewalk,Street & Sidewalk,Firearm,,C
179448510,162177466,2022-09-22,Winston-Salem,NC0340200,13A,B,B,N,M,48,R,N,NE,Residence/Home,Home,Shotgun,,C
179448533,162177488,2022-09-22,Winston-Salem,NC0340200,13A,B,B,N,F,19,N,N,OK,Highway/Road/Alley/Street/Sidewalk,Street & Sidewalk,Handgun,,C
179448534,162177488,2022-09-22,Winston-Salem,NC0340200,13A,B,B,N,F,30,R,N,OK,Highway/Road/Alley/Street/Sidewalk,Street & Sidewalk,Handgun,,C
179448580,162177527,2022-09-22,Winston-Salem,NC0340200,13A,B,B,N,F,28,R,N,AQ,Parking/Drop Lot/Garage,Parking Lot,Handgun;Shotgun,Other Major Injury,C
179448581,162177527,2022-09-22,Winston-Salem,NC0340200,13A,B,B,N,F,22,R,N,RU,Parking/Drop Lot/Garage,Parking Lot,Handgun;Shotgun,Minor Injury,C
179448636,162177565,2022-09-23,Winston-Salem,NC0340200,13A,B,B,N,M,37,R,N,RU,Shopping Mall,Shopping Mall,Other,,C
179448661,162177587,2022-09-23,Winston-Salem,NC0340200,13A,B,B,N,F,44,R,N,OK;VO,Residence/Home,Home,Blunt Object;Handgun;Other,,C
179448662,162177587,2022-09-23,Winston-Salem,NC0340200,13A,B,B,N,M,22,R,N,OK;VO,Residence/Home,Home,Blunt Object;Handgun;Other,,C
179448678,162177598,2022-09-23,Winston-Salem,NC0340200,13A,H,W,H,M,46,R,N,OF,Highway/Road/Alley/Street/Sidewalk,Street & Sidewalk,Knife/Cutting Instrument,Severe Laceration,C
179448679,162177598,2022-09-23,Winston-Salem,NC0340200,13A,H,W,H,F,66,R,N,PA,Highway/Road/Alley/Street/Sidewalk,Street & Sidewalk,Knife/Cutting Instrument,Severe Laceration,C
179448693,162177611,2022-09-24,Winston-Salem,NC0340200,13A,W,W,N,M,28,R,Y,SE;VO,Residence/Home,Home,Knife/Cutting Instrument,Minor Injury,C
179448695,162177612,2022-09-24,Winston-Salem,NC0340200,13A,H,W,H,M,40,N,N,RU,Parking/Drop Lot/Garage,Parking Lot,Unknown,,C
179448728,162177643,2022-09-24,Winston-Salem,NC0340200,13A,W,W,N,F,53,R,N,RU,Residence/Home,Home,Knife/Cutting Instrument,,C
179448740,162177655,2022-09-24,Winston-Salem,NC0340200,13A,B,B,N,M,38,R,N,,Residence/Home,Home,Firearm,Other Major Injury,C
179448742,162177655,2022-09-24,Winston-Salem,NC0340200,13A,B,B,N,M,40,R,N,,Residence/Home,Home,Firearm,,C
179448748,162177660,2022-09-24,Winston-Salem,NC0340200,13A,B,B,N,M,59,R,Y,VO;XR,Residence/Home,Home,Knife/Cutting Instrument;Personal Weapons,,C
179448749,162177660,2022-09-24,Winston-Salem,NC0340200,13A,B,B,N,F,44,R,Y,VO;XR,Residence/Home,Home,Knife/Cutting Instrument;Personal Weapons,Minor Injury,C
179448771,162177679,2022-09-25,Winston-Salem,NC0340200,13A,H,W,H,M,20,R,N,RU,Highway/Road/Alley/Street/Sidewalk,Street & Sidewalk,Handgun;Rifle,,C
179448772,162177679,2022-09-25,Winston-Salem,NC0340200,13A,W,W,N,M,37,N,N,RU,Highway/Road/Alley/Street/Sidewalk,Street & Sidewalk,Handgun;Rifle,Minor Injury,C
179448773,162177679,2022-09-25,Winston-Salem,NC0340200,13A,W,W,N,F,11,N,N,RU,Highway/Road/Alley/Street/Sidewalk,Street & Sidewalk,Handgun;Rifle,,C
179448774,162177679,2022-09-25,Winston-Salem,NC0340200,13A,W,W,N,F,28,N,N,RU,Highway/Road/Alley/Street/Sidewalk,Street & Sidewalk,Handgun;Rifle,,C
179448775,162177679,2022-09-25,Winston-Salem,NC0340200,13A,W,W,N,M,34,N,N,RU,Highway/Road/Alley/Street/Sidewalk,Street & Sidewalk,Handgun;Rifle,,C
179448839,162177735,2022-09-26,Winston-Salem,NC0340200,13A,B,B,N,F,61,R,Y,BG,Residence/Home,Home,Knife/Cutting Instrument,Severe Laceration,C
179448840,162177736,2022-09-26,Winston-Salem,NC0340200,13A,H,W,H,M,51,R,N,,Residence/Home,Home,Motor Vehicle/Vessel,Minor Injury,C
179448883,162177760,2022-09-26,Winston-Salem,NC0340200,13A,W,W,N,M,26,R,N,,Highway/Road/Alley/Street/Sidewalk,Street & Sidewalk,Handgun,,C
179448939,162177809,2022-09-26,Winston-Salem,NC0340200,13A,B,B,N,M,33,R,N,OF,Residence/Home,Home,Other,Minor Injury,C
179448941,162177811,2022-09-26,Winston-Salem,NC0340200,13A,B,B,N,F,32,R,Y,BG,Residence/Home,Home,Personal Weapons,Severe Laceration,C
179448942,162177812,2022-09-26,Winston-Salem,NC0340200,13A,W,W,N,F,20,N,N,,Highway/Road/Alley/Street/Sidewalk,Street & Sidewalk,Handgun,,C
182087223,164488069,2022-09-26,Winston-Salem,NC0340200,13A,W,W,N,F,40,R,N,RU,Residence/Home,Home,Handgun,Other Major Injury,C
179448944,162177814,2022-09-27,Winston-Salem,NC0340200,13A,B,B,N,M,52,R,N,,Parking/Drop Lot/Garage,Parking Lot,Blunt Object,Other Major Injury,C
179448988,162177853,2022-09-27,Winston-Salem,NC0340200,13A,B,B,N,F,18,R,N,AQ,Park/Playground,Park & Playground,Handgun,,C
179448989,162177853,2022-09-27,Winston-Salem,NC0340200,13A,B,B,N,M,17,R,N,AQ,Park/Playground,Park & Playground,Handgun,,C
179448990,162177853,2022-09-27,Winston-Salem,NC0340200,13A,B,B,N,M,18,N,N,AQ,Park/Playground,Park & Playground,Handgun,,C
179448991,162177853,2022-09-27,Winston-Salem,NC0340200,13A,B,B,N,M,3,R,N,AQ,Park/Playground,Park & Playground,Handgun,,C
179449006,162177867,2022-09-27,Winston-Salem,NC0340200,13A,B,B,N,F,31,N,Y,XR,Residence/Home,Home,,,C
179449030,162177888,2022-09-28,Winston-Salem,NC0340200,13A,B,B,N,M,31,R,N,,Parking/Drop Lot/Garage,Parking Lot,Unknown,Minor Injury,C
179449035,162177893,2022-09-28,Winston-Salem,NC0340200,13A,B,B,N,F,18,R,Y,BG,Residence/Home,Home,Firearm,Minor Injury,C
179449038,162177896,2022-09-28,Winston-Salem,NC0340200,13A,B,B,N,M,56,R,N,OK,Highway/Road/Alley/Street/Sidewalk,Street & Sidewalk,Blunt Object;Motor Vehicle/Vessel,Other Major Injury;Severe Laceration,C
179449051,162177909,2022-09-28,Winston-Salem,NC0340200,13A,W,W,N,F,32,R,Y,BG,Residence/Home,Home,Knife/Cutting Instrument;Personal Weapons,Minor Injury,C
179449064,162177918,2022-09-28,Winston-Salem,NC0340200,13A,B,B,N,F,27,R,N,,Highway/Road/Alley/Street/Sidewalk,Street & Sidewalk,Firearm (Automatic),Other Major Injury,C
179449067,162177918,2022-09-28,Winston-Salem,NC0340200,13A,B,B,N,M,22,R,N,,Highway/Road/Alley/Street/Sidewalk,Street & Sidewalk,Firearm (Automatic),Other Major Injury,C
179449080,162177929,2022-09-28,Winston-Salem,NC0340200,13A,B,B,N,F,35,R,N,RU;VO,Residence/Home,Home,Knife/Cutting Instrument,,C
179449081,162177929,2022-09-28,Winston-Salem,NC0340200,13A,B,B,N,F,30,R,N,RU;VO,Residence/Home,Home,Knife/Cutting Instrument,,C
179449107,162177949,2022-09-28,Winston-Salem,NC0340200,13A,H,W,H,M,31,R,N,,Residence/Home,Home,Other Firearm,,C
179449108,162177949,2022-09-28,Winston-Salem,NC0340200,13A,H,W,H,F,28,R,N,,Residence/Home,Home,Other Firearm,,C
179449109,162177949,2022-09-28,Winston-Salem,NC0340200,13A,H,W,H,M,33,R,N,,Residence/Home,Home,Other Firearm,,C
179449145,162177978,2022-09-28,Winston-Salem,NC0340200,13A,W,W,N,M,64,R,N,,Drug Store/Doctor's Office/Hospital,Hospital & Clinic,Firearm,,C
184806487,166861717,2022-09-28,Winston-Salem,NC0340200,13A,H,W,H,M,18,R,N,,Highway/Road/Alley/Street/Sidewalk,Street & Sidewalk,Firearm,Severe Laceration,C
188882839,170414905,2022-09-28,Winston-Salem,NC0340200,13A,B,B,N,F,47,R,N,ST,Restaurant,Restaurant,Handgun,,C
179449171,162178001,2022-09-29,Winston-Salem,NC0340200,13A,B,B,N,F,22,R,N,,Highway/Road/Alley/Street/Sidewalk,Street & Sidewalk,Firearm,,C
179449172,162178001,2022-09-29,Winston-Salem,NC0340200,13A,B,B,N,M,0,R,N,,Highway/Road/Alley/Street/Sidewalk,Street & Sidewalk,Firearm,,C
179449183,162178011,2022-09-29,Winston-Salem,NC0340200,13A,W,W,N,M,39,N,N,,Hotel/Motel/Etc.,Hotel & Motel,Blunt Object,Minor Injury,C
179449194,162178022,2022-09-29,Winston-Salem,NC0340200,13A,B,B,N,F,20,R,N,OF,Highway/Road/Alley/Street/Sidewalk,Street & Sidewalk,Personal Weapons,Minor Injury,C
179449196,162178024,2022-09-29,Winston-Salem,NC0340200,13A,B,B,N,M,36,R,N,AQ,Bar/Nightclub,Bar & Nightclub,Handgun,Other Major Injury,C
182087233,164488076,2022-09-29,Winston-Salem,NC0340200,13A,B,B,N,F,65,R,N,,Residence/Home,Home,Firearm,,C
182087235,164488076,2022-09-29,Winston-Salem,NC0340200,13A,B,B,N,M,26,R,N,,Residence/Home,Home,Firearm,,C
179449201,162178027,2022-09-30,Winston-Salem,NC0340200,13A,B,B,N,M,21,R,N,,Residence/Home,Home,Handgun,,C
179449224,162178046,2022-09-30,Winston-Salem,NC0340200,13A,B,B,N,F,28,R,Y,SE,Residence/Home,Home,Knife/Cutting Instrument,,C
179704582,162397933,2022-09-30,Winston-Salem,NC0340200,13A,B,B,N,F,64,R,N,OF,Residence/Home,Home,Firearm,,C
179704583,162397933,2022-09-30,Winston-Salem,NC0340200,13A,B,B,N,F,40,R,N,OF,Residence/Home,Home,Firearm,,C
179704584,162397933,2022-09-30,Winston-Salem,NC0340200,13A,B,B,N,M,13,R,N,OF,Residence/Home,Home,Firearm,,C
179704585,162397933,2022-09-30,Winston-Salem,NC0340200,13A,B,B,N,M,11,R,N,OF,Residence/Home,Home,Firearm,,C
179704586,162397933,2022-09-30,Winston-Salem,NC0340200,13A,B,B,N,F,22,R,N,OF,Residence/Home,Home,Firearm,,C
182087239,164488079,2022-09-30,Winston-Salem,NC0340200,13A,B,B,N,M,43,R,N,,Residence/Home,Home,Rifle,,C
182087240,164488079,2022-09-30,Winston-Salem,NC0340200,13A,B,B,N,M,18,R,N,,Residence/Home,Home,Rifle,,C
182087241,164488079,2022-09-30,Winston-Salem,NC0340200,13A,B,B,N,F,42,R,N,,Residence/Home,Home,Rifle,,C
182087242,164488079,2022-09-30,Winston-Salem,NC0340200,13A,B,B,N,F,12,R,N,,Residence/Home,Home,Rifle,,C
179704902,162398185,2022-10-01,Winston-Salem,NC0340200,13A,B,B,N,F,32,R,N,CH,Residence/Home,Home,Blunt Object,,C
179704950,162398231,2022-10-01,Winston-Salem,NC0340200,13A,W,W,N,M,34,R,N,,Specialty Store,Specialty Store,Other,Minor Injury,C
179704951,162398231,2022-10-01,Winston-Salem,NC0340200,13A,W,W,N,M,32,R,N,,Specialty Store,Specialty Store,Other,Minor Injury,C
182087244,164488081,2022-10-01,Winston-Salem,NC0340200,13A,B,B,N,M,19,R,N,AQ,Residence/Home,Home,Firearm,,C
179704981,162398255,2022-10-02,Winston-Salem,NC0340200,13A,B,B,N,F,72,R,N,,Residence/Home,Home,Firearm,,C
179704982,162398255,2022-10-02,Winston-Salem,NC0340200,13A,B,B,N,F,47,R,N,,Residence/Home,Home,Firearm,,C
179704983,162398255,2022-10-02,Winston-Salem,NC0340200,13A,B,B,N,M,27,R,N,,Residence/Home,Home,Firearm,,C
179704984,162398255,2022-10-02,Winston-Salem,NC0340200,13A,B,B,N,M,2,R,N,,Residence/Home,Home,Firearm,,C
179704994,162398262,2022-10-02,Winston-Salem,NC0340200,13A,W,W,N,M,22,R,N,,Residence/Home,Home,Firearm,Other Major Injury,C
179704997,162398263,2022-10-02,Winston-Salem,NC0340200,13A,B,B,N,M,33,R,Y,BG;VO,Residence/Home,Home,Knife/Cutting Instrument,Minor Injury,C
179705028,162398291,2022-10-02,Winston-Salem,NC0340200,13A,B,B,N,M,43,R,N,,Residence/Home,Home,Personal Weapons,Other Major Injury,C
179705052,162398312,2022-10-02,Winston-Salem,NC0340200,13A,B,B,N,M,27,R,Y,BG,Residence/Home,Home,Other,Minor Injury,C
179705129,162398378,2022-10-03,Winston-Salem,NC0340200,13A,W,W,N,F,48,N,N,,Residence/Home,Home,Firearm,,C
179705130,162398378,2022-10-03,Winston-Salem,NC0340200,13A,I,I,N,F,46,R,N,,Residence/Home,Home,Firearm,,C
179705131,162398378,2022-10-03,Winston-Salem,NC0340200,13A,W,W,N,F,45,R,N,,Residence/Home,Home,Firearm,,C
179705132,162398378,2022-10-03,Winston-Salem,NC0340200,13A,B,B,N,M,21,R,N,,Residence/Home,Home,Firearm,,C
179705152,162398397,2022-10-03,Winston-Salem,NC0340200,13A,W,W,N,F,44,R,N,,Residence/Home,Home,Firearm,,C
179705228,162398465,2022-10-03,Winston-Salem,NC0340200,13A,W,W,N,M,48,R,N,CH,Residence/Home,Home,Personal Weapons,,C
179705258,162398482,2022-10-03,Winston-Salem,NC0340200,13A,B,B,N,F,58,R,N,,Hotel/Motel/Etc.,Hotel & Motel,Handgun,,C
179705259,162398482,2022-10-03,Winston-Salem,NC0340200,13A,B,B,N,M,60,R,N,,Hotel/Motel/Etc.,Hotel & Motel,Handgun,,C
179705230,162398467,2022-10-04,Winston-Salem,NC0340200,13A,B,B,N,F,19,R,N,,Residence/Home,Home,Handgun,Other Major Injury,C
179705236,162398473,2022-10-04,Winston-Salem,NC0340200,13A,B,B,N,F,42,R,N,,Residence/Home,Home,Handgun (Automatic);Rifle (Automatic),,C
179705238,162398473,2022-10-04,Winston-Salem,NC0340200,13A,B,B,N,F,20,R,N,,Residence/Home,Home,Handgun (Automatic);Rifle (Automatic),,C
179705240,162398473,2022-10-04,Winston-Salem,NC0340200,13A,B,B,N,M,14,R,N,,Residence/Home,Home,Handgun (Automatic);Rifle (Automatic),,C
179705241,162398473,2022-10-04,Winston-Salem,NC0340200,13A,B,B,N,M,21,N,N,,Residence/Home,Home,Handgun (Automatic);Rifle (Automatic),,C
179705242,162398473,2022-10-04,Winston-Salem,NC0340200,13A,B,B,N,F,9,R,N,,Residence/Home,Home,Handgun (Automatic);Rifle (Automatic),,C
179705243,162398473,2022-10-04,Winston-Salem,NC0340200,13A,B,B,N,F,6,R,N,,Residence/Home,Home,Handgun (Automatic);Rifle (Automatic),,C
179705291,162398511,2022-10-04,Winston-Salem,NC0340200,13A,W,W,N,M,35,N,N,,Highway/Road/Alley/Street/Sidewalk,Street & Sidewalk,Handgun,,C
188882845,170414909,2022-10-04,Winston-Salem,NC0340200,13A,B,B,N,F,6,R,N,RU,Park/Playground,Park & Playground,Firearm,Other Major Injury,C
179705348,162398559,2022-10-05,Winston-Salem,NC0340200,13A,W,W,N,F,27,R,Y,BG,Hotel/Motel/Etc.,Hotel & Motel,Blunt Object,Minor Injury,C
179705350,162398561,2022-10-05,Winston-Salem,NC0340200,13A,B,B,N,M,33,R,N,,Bar/Nightclub,Bar & Nightclub,Firearm,Other Major Injury,C
179705351,162398561,2022-10-05,Winston-Salem,NC0340200,13A,W,W,N,M,24,R,N,,Bar/Nightclub,Bar & Nightclub,Firearm,Minor Injury,C
179705402,162398609,2022-10-05,Winston-Salem,NC0340200,13A,H,W,H,F,14,N,N,CH,Residence/Home,Home,Blunt Object;Personal Weapons,,C
179705434,162398636,2022-10-06,Winston-Salem,NC0340200,13A,H,W,H,F,37,R,Y,BG,Residence/Home,Home,Handgun,Minor Injury,C
179705435,162398637,2022-10-06,Winston-Salem,NC0340200,13A,B,B,N,M,49,R,Y,XR,Highway/Road/Alley/Street/Sidewalk,Street & Sidewalk,Motor Vehicle/Vessel,,C
179705458,162398657,2022-10-06,Winston-Salem,NC0340200,13A,W,W,N,M,35,R,N,FR,Residence/Home,Home,Handgun,,C
179705489,162398684,2022-10-06,Winston-Salem,NC0340200,13A,B,B,N,M,51,R,N,ST,Residence/Home,Home,Rifle,,C
179705509,162398701,2022-10-06,Winston-Salem,NC0340200,13A,B,B,N,F,47,R,N,,Residence/Home,Home,Handgun,,C
179705551,162398739,2022-10-07,Winston-Salem,NC0340200,13A,B,B,N,F,61,R,N,NE,Highway/Road/Alley/Street/Sidewalk,Street & Sidewalk,Handgun,,C
179705572,162398757,2022-10-07,Winston-Salem,NC0340200,13A,B,B,N,M,22,R,N,,Highway/Road/Alley/Street/Sidewalk,Street & Sidewalk,Knife/Cutting Instrument,Severe Laceration,C
179705577,162398762,2022-10-07,Winston-Salem,NC0340200,13A,W,W,N,F,62,R,N,,Residence/Home,Home,Other,Minor Injury,C
179705618,162398797,2022-10-07,Winston-Salem,NC0340200,13A,B,B,N,F,15,R,N,,Residence/Home,Home,Handgun,,C
179705619,162398797,2022-10-07,Winston-Salem,NC0340200,13A,B,B,N,F,15,R,N,,Residence/Home,Home,Handgun,,C
179705620,162398797,2022-10-07,Winston-Salem,NC0340200,13A,B,B,N,M,12,R,N,,Residence/Home,Home,Handgun,,C
179705621,162398797,2022-10-07,Winston-Salem,NC0340200,13A,B,B,N,M,14,R,N,,Residence/Home,Home,Handgun,,C
179705607,162398789,2022-10-08,Winston-Salem,NC0340200,13A,B,B,U,M,17,R,N,CH,Residence/Home,Home,Handgun,,C
179705608,162398789,2022-10-08,Winston-Salem,NC0340200,13A,B,B,N,M,18,R,N,CH,Residence/Home,Home,Handgun,Minor Injury,C
179705643,162398817,2022-10-08,Winston-Salem,NC0340200,13A,B,B,N,M,29,R,N,,School-Elementary/Secondary,K-12 School,Blunt Object,Severe Laceration,C
179705657,162398831,2022-10-08,Winston-Salem,NC0340200,13A,W,W,N,M,49,N,N,RU,Other/Unknown,Other & Unknown,Motor Vehicle/Vessel,,C
179705666,162398836,2022-10-08,Winston-Salem,NC0340200,13A,B,B,N,F,14,R,N,SB,Residence/Home,Home,Knife/Cutting Instrument,,C
179705701,162398867,2022-10-08,Winston-Salem,NC0340200,13A,B,B,N,M,34,N,N,,Highway/Road/Alley/Street/Sidewalk,Street & Sidewalk,Other,,C
179705712,162398878,2022-10-09,Winston-Salem,NC0340200,13A,B,B,N,M,44,N,N,ST,Other/Unknown,Other & Unknown,Rifle,,C
179705743,162398899,2022-10-09,Winston-Salem,NC0340200,13A,B,B,N,F,42,R,N,,Residence/Home,Home,Firearm,,C
179705744,162398899,2022-10-09,Winston-Salem,NC0340200,13A,B,B,N,M,12,R,N,,Residence/Home,Home,Firearm,,C
179705767,162398918,2022-10-09,Winston-Salem,NC0340200,13A,W,W,N,M,40,R,N,,Highway/Road/Alley/Street/Sidewalk,Street & Sidewalk,Rifle,Other Major Injury,C
179705810,162398957,2022-10-10,Winston-Salem,NC0340200,13A,B,B,N,M,61,R,N,,Highway/Road/Alley/Street/Sidewalk,Street & Sidewalk,Firearm,,C
179705825,162398969,2022-10-10,Winston-Salem,NC0340200,13A,B,B,N,F,64,R,N,,Residence/Home,Home,Firearm,,C
179705826,162398969,2022-10-10,Winston-Salem,NC0340200,13A,B,B,N,M,71,N,N,,Residence/Home,Home,Firearm,,C
179705835,162398978,2022-10-10,Winston-Salem,NC0340200,13A,B,B,N,M,19,R,N,RU,Highway/Road/Alley/Street/Sidewalk,Street & Sidewalk,Firearm,Other Major Injury,C
179705836,162398978,2022-10-10,Winston-Salem,NC0340200,13A,B,B,N,F,39,R,N,RU,Highway/Road/Alley/Street/Sidewalk,Street & Sidewalk,Firearm,Other Major Injury,C
179705838,162398980,2022-10-10,Winston-Salem,NC0340200,13A,B,B,N,F,25,R,Y,BG,Highway/Road/Alley/Street/Sidewalk,Street & Sidewalk,Other,Minor Injury,C
179705839,162398981,2022-10-10,Winston-Salem,NC0340200,13A,B,B,N,F,16,R,N,SB,Residence/Home,Home,Personal Weapons,Minor Injury,C
179705846,162398986,2022-10-10,Winston-Salem,NC0340200,13A,B,B,N,F,39,R,N,OK,Highway/Road/Alley/Street/Sidewalk,Street & Sidewalk,Handgun,,C
179705847,162398986,2022-10-10,Winston-Salem,NC0340200,13A,B,B,N,F,16,R,N,OK,Highway/Road/Alley/Street/Sidewalk,Street & Sidewalk,Handgun,,C
179705853,162398991,2022-10-10,Winston-Salem,NC0340200,13A,B,B,N,F,21,R,N,SB,Residence/Home,Home,Personal Weapons,Minor Injury,C
179706770,162399764,2022-10-11,Winston-Salem,NC0340200,13A,W,W,N,M,66,R,N,,Highway/Road/Alley/Street/Sidewalk,Street & Sidewalk,Firearm,,C
179705974,162399095,2022-10-12,Winston-Salem,NC0340200,13A,W,W,N,M,24,N,N,OK,Drug Store/Doctor's Office/Hospital,Hospital & Clinic,Knife/Cutting Instrument,,C
179705975,162399095,2022-10-12,Winston-Salem,NC0340200,13A,W,W,N,M,25,N,N,OK,Drug Store/Doctor's Office/Hospital,Hospital & Clinic,Knife/Cutting Instrument,,C
179706023,162399141,2022-10-12,Winston-Salem,NC0340200,13A,B,B,N,F,65,R,N,RU,Residence/Home,Home,Firearm,,C
179706024,162399141,2022-10-12,Winston-Salem,NC0340200,13A,B,B,N,M,67,R,N,RU,Residence/Home,Home,Firearm,,C
179706025,162399141,2022-10-12,Winston-Salem,NC0340200,13A,B,B,N,M,34,R,N,RU,Residence/Home,Home,Firearm,,C
179706026,162399141,2022-10-12,Winston-Salem,NC0340200,13A,B,B,N,F,18,R,N,RU,Residence/Home,Home,Firearm,,C
179706038,162399151,2022-10-13,Winston-Salem,NC0340200,13A,W,W,U,F,35,U,N,ST;VO,Highway/Road/Alley/Street/Sidewalk,Street & Sidewalk,Other,Minor Injury,C
179706064,162399169,2022-10-13,Winston-Salem,NC0340200,13A,W,W,N,M,51,N,N,,Highway/Road/Alley/Street/Sidewalk,Street & Sidewalk,Firearm,,C
182087255,164488091,2022-10-13,Winston-Salem,NC0340200,13A,B,B,N,F,41,R,N,,Highway/Road/Alley/Street/Sidewalk,Street & Sidewalk,Firearm,,C
182087256,164488091,2022-10-13,Winston-Salem,NC0340200,13A,B,B,N,F,21,R,N,,Highway/Road/Alley/Street/Sidewalk,Street & Sidewalk,Firearm,,C
179706242,162399317,2022-10-14,Winston-Salem,NC0340200,13A,H,W,H,F,41,R,N,,Highway/Road/Alley/Street/Sidewalk,Street & Sidewalk,Handgun,Minor Injury,C
179706302,162399371,2022-10-14,Winston-Salem,NC0340200,13A,B,B,N,F,63,N,N,GP;OF,Highway/Road/Alley/Street/Sidewalk,Street & Sidewalk,Handgun,,C
179706303,162399371,2022-10-14,Winston-Salem,NC0340200,13A,B,B,N,F,33,R,N,OF;VO,Highway/Road/Alley/Street/Sidewalk,Street & Sidewalk,Handgun,,C
179706304,162399371,2022-10-14,Winston-Salem,NC0340200,13A,B,B,N,M,30,R,N,OF;VO,Highway/Road/Alley/Street/Sidewalk,Street & Sidewalk,Handgun,,C
179706382,162399440,2022-10-14,Winston-Salem,NC0340200,13A,B,B,N,F,20,R,N,OK,Highway/Road/Alley/Street/Sidewalk,Street & Sidewalk,Other Firearm,Minor Injury,C
179706384,162399442,2022-10-14,Winston-Salem,NC0340200,13A,W,W,N,F,24,R,N,,Highway/Road/Alley/Street/Sidewalk,Street & Sidewalk,Unknown,,C
179706385,162399442,2022-10-14,Winston-Salem,NC0340200,13A,W,W,N,M,24,R,N,,Highway/Road/Alley/Street/Sidewalk,Street & Sidewalk,Unknown,,C
179706386,162399442,2022-10-14,Winston-Salem,NC0340200,13A,W,W,N,F,4,R,N,,Highway/Road/Alley/Street/Sidewalk,Street & Sidewalk,Unknown,,C
185437371,167411262,2022-10-14,Winston-Salem,NC0340200,13A,B,B,N,F,55,R,N,RU,Residence/Home,Home,Other Firearm,,C
185437372,167411262,2022-10-14,Winston-Salem,NC0340200,13A,B,B,N,F,37,R,N,RU,Residence/Home,Home,Other Firearm,,C
179706417,162399471,2022-10-15,Winston-Salem,NC0340200,13A,B,B,N,M,47,R,N,,Residence/Home,Home,Unknown,Other Major Injury,C
179706473,162399513,2022-10-15,Winston-Salem,NC0340200,13A,H,W,H,M,53,R,N,,Highway/Road/Alley/Street/Sidewalk,Street & Sidewalk,Handgun,,C
179706483,162399523,2022-10-15,Winston-Salem,NC0340200,13A,B,B,N,M,23,R,N,CH;NE;VO,Residence/Home,Home,Blunt Object,,C
179706484,162399523,2022-10-15,Winston-Salem,NC0340200,13A,B,B,N,F,45,R,N,NE;PA;VO,Residence/Home,Home,Blunt Object,,C
179706485,162399523,2022-10-15,Winston-Salem,NC0340200,13A,B,B,N,F,23,N,Y,NE;SE;VO,Residence/Home,Home,Blunt Object,,C
179706486,162399523,2022-10-15,Winston-Salem,NC0340200,13A,B,B,N,M,28,R,Y,NE;SE;VO,Residence/Home,Home,Blunt Object,Minor Injury,C
179706529,162399560,2022-10-15,Winston-Salem,NC0340200,13A,H,W,H,F,36,R,N,OK,Residence/Home,Home,Handgun,,C
179706533,162399564,2022-10-15,Winston-Salem,NC0340200,13A,H,W,H,M,29,R,N,RU,Residence/Home,Home,Firearm,Other Major Injury,C
179706534,162399565,2022-10-15,Winston-Salem,NC0340200,13A,H,W,H,F,34,R,N,,Residence/Home,Home,Other Firearm,,C
179706535,162399565,2022-10-15,Winston-Salem,NC0340200,13A,H,W,H,F,27,R,N,,Residence/Home,Home,Other Firearm,,C
179706536,162399565,2022-10-15,Winston-Salem,NC0340200,13A,W,W,N,F,1,R,N,,Residence/Home,Home,Other Firearm,,C
179706537,162399565,2022-10-15,Winston-Salem,NC0340200,13A,W,W,N,M,1,R,N,,Residence/Home,Home,Other Firearm,,C
179706538,162399565,2022-10-15,Winston-Salem,NC0340200,13A,W,W,N,F,2,R,N,,Residence/Home,Home,Other Firearm,,C
179706539,162399565,2022-10-15,Winston-Salem,NC0340200,13A,W,W,N,M,5,R,N,,Residence/Home,Home,Other Firearm,,C
179706540,162399565,2022-10-15,Winston-Salem,NC0340200,13A,W,W,N,F,0,R,N,,Residence/Home,Home,Other Firearm,,C
179706569,162399591,2022-10-15,Winston-Salem,NC0340200,13A,H,W,H,F,41,R,N,RU;VO,Parking/Drop Lot/Garage,Parking Lot,Handgun,Minor Injury,C
179706570,162399591,2022-10-15,Winston-Salem,NC0340200,13A,B,B,N,F,33,R,N,RU;ST;VO,Parking/Drop Lot/Garage,Parking Lot,Handgun,Minor Injury,C
179706571,162399591,2022-10-15,Winston-Salem,NC0340200,13A,B,B,N,F,30,R,N,RU;ST;VO,Parking/Drop Lot/Garage,Parking Lot,Handgun,Minor Injury,C
185437374,167411263,2022-10-15,Winston-Salem,NC0340200,13A,B,B,N,F,41,R,N,RU,Residence/Home,Home,Handgun,,C
185437375,167411263,2022-10-15,Winston-Salem,NC0340200,13A,B,B,N,M,15,R,N,RU,Residence/Home,Home,Handgun,,C
185437376,167411263,2022-10-15,Winston-Salem,NC0340200,13A,B,B,N,F,11,R,N,RU,Residence/Home,Home,Handgun,,C
185437377,167411263,2022-10-15,Winston-Salem,NC0340200,13A,B,B,N,M,13,R,N,RU,Residence/Home,Home,Handgun,,C
179706585,162399605,2022-10-16,Winston-Salem,NC0340200,13A,W,W,N,F,36,R,N,ST,Hotel/Motel/Etc.,Hotel & Motel,Handgun,,C
179706586,162399605,2022-10-16,Winston-Salem,NC0340200,13A,W,W,N,M,31,R,N,ST,Hotel/Motel/Etc.,Hotel & Motel,Handgun,,C
179706608,162399626,2022-10-16,Winston-Salem,NC0340200,13A,B,B,N,M,15,R,N,,Highway/Road/Alley/Street/Sidewalk,Street & Sidewalk,Firearm,Other Major Injury,C
179706609,162399627,2022-10-16,Winston-Salem,NC0340200,13A,B,B,N,F,36,N,Y,BG,Highway/Road/Alley/Street/Sidewalk,Street & Sidewalk,Motor Vehicle/Vessel,,C
179706610,162399627,2022-10-16,Winston-Salem,NC0340200,13A,B,B,N,F,14,R,N,SC,Highway/Road/Alley/Street/Sidewalk,Street & Sidewalk,Motor Vehicle/Vessel,,C
179706611,162399627,2022-10-16,Winston-Salem,NC0340200,13A,B,B,N,F,9,N,N,SC,Highway/Road/Alley/Street/Sidewalk,Street & Sidewalk,Motor Vehicle/Vessel,,C
179706612,162399627,2022-10-16,Winston-Salem,NC0340200,13A,B,B,N,F,21,R,N,CH,Highway/Road/Alley/Street/Sidewalk,Street & Sidewalk,Motor Vehicle/Vessel,,C
179706684,162399694,2022-10-16,Winston-Salem,NC0340200,13A,H,W,H,M,42,R,N,,Highway/Road/Alley/Street/Sidewalk,Street & Sidewalk,Blunt Object,Minor Injury,C
179706709,162399716,2022-10-16,Winston-Salem,NC0340200,13A,B,B,N,M,23,R,N,RU,Park/Playground,Park & Playground,Handgun;Rifle;Shotgun,Minor Injury,C
179706710,162399716,2022-10-16,Winston-Salem,NC0340200,13A,H,W,H,F,18,R,N,RU,Park/Playground,Park & Playground,Handgun;Rifle;Shotgun,,C
179706720,162399725,2022-10-16,Winston-Salem,NC0340200,13A,B,B,N,M,61,N,N,,Residence/Home,Home,Firearm,,C
179706721,162399725,2022-10-16,Winston-Salem,NC0340200,13A,B,B,N,M,42,R,N,,Residence/Home,Home,Firearm,,C
179706722,162399725,2022-10-16,Winston-Salem,NC0340200,13A,B,B,N,M,39,R,N,,Residence/Home,Home,Firearm,,C
179706723,162399725,2022-10-16,Winston-Salem,NC0340200,13A,B,B,N,M,33,R,N,,Residence/Home,Home,Firearm,,C
179706725,162399725,2022-10-16,Winston-Salem,NC0340200,13A,B,B,N,F,12,R,N,,Residence/Home,Home,Firearm,,C
179706726,162399725,2022-10-16,Winston-Salem,NC0340200,13A,B,B,N,F,6,R,N,,Residence/Home,Home,Firearm,,C
179706727,162399725,2022-10-16,Winston-Salem,NC0340200,13A,B,B,N,F,8,R,N,,Residence/Home,Home,Firearm,,C
179706728,162399725,2022-10-16,Winston-Salem,NC0340200,13A,B,B,N,F,2,R,N,,Residence/Home,Home,Firearm,,C
179706760,162399755,2022-10-17,Winston-Salem,NC0340200,13A,B,B,N,F,24,R,N,ST,Highway/Road/Alley/Street/Sidewalk,Street & Sidewalk,Handgun,,C
179706836,162399823,2022-10-17,Winston-Salem,NC0340200,13A,B,B,N,F,32,R,N,AQ,Highway/Road/Alley/Street/Sidewalk,Street & Sidewalk,Knife/Cutting Instrument,Other Major Injury,C
179706842,162399828,2022-10-17,Winston-Salem,NC0340200,13A,B,B,N,F,43,R,Y,XR,Residence/Home,Home,Knife/Cutting Instrument,,C
179706845,162399831,2022-10-17,Winston-Salem,NC0340200,13A,B,B,N,F,49,R,Y,BG,Residence/Home,Home,Knife/Cutting Instrument,,C
179706892,162399876,2022-10-18,Winston-Salem,NC0340200,13A,B,B,N,M,59,R,N,,Residence/Home,Home,Firearm,,C
179706893,162399876,2022-10-18,Winston-Salem,NC0340200,13A,H,W,H,F,42,R,N,,Residence/Home,Home,Firearm,,C
179706894,162399876,2022-10-18,Winston-Salem,NC0340200,13A,W,W,N,F,26,R,N,,Residence/Home,Home,Firearm,,C
179706895,162399876,2022-10-18,Winston-Salem,NC0340200,13A,W,W,N,M,42,R,N,,Residence/Home,Home,Firearm,,C
179706982,162399953,2022-10-18,Winston-Salem,NC0340200,13A,B,B,N,M,31,R,Y,BG;VO,Residence/Home,Home,Knife/Cutting Instrument,Minor Injury,C
179706983,162399953,2022-10-18,Winston-Salem,NC0340200,13A,B,B,N,F,25,R,Y,BG;VO,Residence/Home,Home,Knife/Cutting Instrument,Minor Injury,C
179707014,162399978,2022-10-18,Winston-Salem,NC0340200,13A,B,B,N,F,22,R,N,,Residence/Home,Home,Handgun,,C
188882851,170414913,2022-10-18,Winston-Salem,NC0340200,13A,B,B,N,M,33,R,N,,Highway/Road/Alley/Street/Sidewalk,Street & Sidewalk,Handgun;Rifle,Other Major Injury,C
188882853,170414913,2022-10-18,Winston-Salem,NC0340200,13A,H,W,H,F,21,N,N,,Highway/Road/Alley/Street/Sidewalk,Street & Sidewalk,Handgun;Rifle,Other Major Injury,C
179707029,162399991,2022-10-19,Winston-Salem,NC0340200,13A,W,W,N,M,19,R,N,,Residence/Home,Home,Firearm,,C
179707030,162399991,2022-10-19,Winston-Salem,NC0340200,13A,W,W,N,M,44,R,N,,Residence/Home,Home,Firearm,,C
179707031,162399991,2022-10-19,Winston-Salem,NC0340200,13A,W,W,N,F,11,R,N,,Residence/Home,Home,Firearm,,C
179707032,162399991,2022-10-19,Winston-Salem,NC0340200,13A,W,W,N,F,41,R,N,,Residence/Home,Home,Firearm,,C
179707092,162400043,2022-10-19,Winston-Salem,NC0340200,13A,W,W,N,F,23,N,N,,Highway/Road/Alley/Street/Sidewalk,Street & Sidewalk,Firearm,,C
179707093,162400043,2022-10-19,Winston-Salem,NC0340200,13A,H,W,H,M,23,R,N,,Highway/Road/Alley/Street/Sidewalk,Street & Sidewalk,Firearm,,C
179707110,162400054,2022-10-20,Winston-Salem,NC0340200,13A,B,B,N,M,53,R,N,,Residence/Home,Home,Handgun,Minor Injury,C
179707140,162400077,2022-10-20,Winston-Salem,NC0340200,13A,B,B,N,F,29,R,Y,XR,Residence/Home,Home,Firearm,,C
179707228,162400153,2022-10-20,Winston-Salem,NC0340200,13A,B,B,N,F,53,R,N,,Residence/Home,Home,Other Firearm,,C
179707229,162400153,2022-10-20,Winston-Salem,NC0340200,13A,B,B,N,F,18,R,N,,Residence/Home,Home,Other Firearm,,C
179707230,162400153,2022-10-20,Winston-Salem,NC0340200,13A,B,B,N,M,25,R,N,,Residence/Home,Home,Other Firearm,,C
179707231,162400153,2022-10-20,Winston-Salem,NC0340200,13A,B,B,N,F,14,R,N,,Residence/Home,Home,Other Firearm,,C
179707232,162400153,2022-10-20,Winston-Salem,NC0340200,13A,B,B,N,M,16,R,N,,Residence/Home,Home,Other Firearm,,C
179707348,162400260,2022-10-20,Winston-Salem,NC0340200,13A,H,W,H,F,31,R,Y,XR,Highway/Road/Alley/Street/Sidewalk,Street & Sidewalk,Other,,C
179707260,162400178,2022-10-21,Winston-Salem,NC0340200,13A,W,W,N,F,46,R,N,AQ,Hotel/Motel/Etc.,Hotel & Motel,Knife/Cutting Instrument,,C
179707347,162400259,2022-10-21,Winston-Salem,NC0340200,13A,B,B,N,M,25,R,N,SC,Residence/Home,Home,Knife/Cutting Instrument,,C
179707354,162400265,2022-10-21,Winston-Salem,NC0340200,13A,B,B,N,F,36,R,N,AQ,Highway/Road/Alley/Street/Sidewalk,Street & Sidewalk,Handgun,,C
179707377,162400287,2022-10-21,Winston-Salem,NC0340200,13A,B,B,N,F,23,R,N,OK,Residence/Home,Home,Motor Vehicle/Vessel,,C
179707378,162400287,2022-10-21,Winston-Salem,NC0340200,13A,B,B,N,M,2,R,N,OK,Residence/Home,Home,Motor Vehicle/Vessel,,C
182087272,164488106,2022-10-21,Winston-Salem,NC0340200,13A,H,W,H,M,17,R,N,RU,Parking/Drop Lot/Garage,Parking Lot,Handgun,,C
179707390,162400299,2022-10-22,Winston-Salem,NC0340200,13A,H,W,H,M,21,R,N,,Parking/Drop Lot/Garage,Parking Lot,Handgun,Other Major Injury,C
179707469,162400369,2022-10-22,Winston-Salem,NC0340200,13A,B,B,N,F,16,R,N,CH,Residence/Home,Home,Blunt Object,,C
179707474,162400372,2022-10-22,Winston-Salem,NC0340200,13A,H,W,H,F,37,R,N,ST,Highway/Road/Alley/Street/Sidewalk,Street & Sidewalk,Motor Vehicle/Vessel,,C
179707484,162400381,2022-10-22,Winston-Salem,NC0340200,13A,W,W,N,M,41,R,N,,Residence/Home,Home,Firearm,,C
179707517,162400411,2022-10-22,Winston-Salem,NC0340200,13A,B,B,N,F,28,R,N,OK,Residence/Home,Home,Handgun,,C
179708496,162401206,2022-10-23,Winston-Salem,NC0340200,13A,W,W,N,M,58,R,N,,Residence/Home,Home,Firearm,,C
179708497,162401206,2022-10-23,Winston-Salem,NC0340200,13A,B,B,N,F,80,R,N,,Residence/Home,Home,Firearm,,C
179708498,162401206,2022-10-23,Winston-Salem,NC0340200,13A,H,W,H,M,22,R,N,,Residence/Home,Home,Firearm,,C
179707766,162400617,2022-10-24,Winston-Salem,NC0340200,13A,B,B,U,F,18,R,N,OF,Highway/Road/Alley/Street/Sidewalk,Street & Sidewalk,Motor Vehicle/Vessel,,C
179707783,162400633,2022-10-24,Winston-Salem,NC0340200,13A,W,W,N,M,41,R,Y,BG;VO,Residence/Home,Home,Blunt Object,Minor Injury,C
179707784,162400633,2022-10-24,Winston-Salem,NC0340200,13A,W,W,N,F,31,R,Y,BG;VO,Residence/Home,Home,Blunt Object,,C
179707801,162400648,2022-10-24,Winston-Salem,NC0340200,13A,B,B,N,F,22,R,N,,Residence/Home,Home,Personal Weapons,,C
179707847,162400689,2022-10-25,Winston-Salem,NC0340200,13A,H,W,H,M,19,R,N,,Highway/Road/Alley/Street/Sidewalk,Street & Sidewalk,Firearm,Other Major Injury,C
179707875,162400714,2022-10-25,Winston-Salem,NC0340200,13A,H,B,H,F,30,N,Y,BG;VO,Residence/Home,Home,Blunt Object;Personal Weapons,,C
179707876,162400714,2022-10-25,Winston-Salem,NC0340200,13A,H,W,H,M,27,R,Y,BG;VO,Residence/Home,Home,Blunt Object;Personal Weapons,Minor Injury,C
179707918,162400752,2022-10-26,Winston-Salem,NC0340200,13A,B,B,N,F,52,R,N,,Highway/Road/Alley/Street/Sidewalk,Street & Sidewalk,Other Firearm,,C
179707933,162400764,2022-10-26,Winston-Salem,NC0340200,13A,H,W,H,M,18,R,N,,Field/Woods,Field & Woods,Handgun,Other Major Injury,C
179707962,162400789,2022-10-26,Winston-Salem,NC0340200,13A,H,W,H,M,45,R,N,,Residence/Home,Home,Handgun,,C
179707963,162400789,2022-10-26,Winston-Salem,NC0340200,13A,H,W,H,F,48,R,N,,Residence/Home,Home,Handgun,,C
179707964,162400789,2022-10-26,Winston-Salem,NC0340200,13A,H,W,H,F,28,R,N,,Residence/Home,Home,Handgun,,C
179707965,162400789,2022-10-26,Winston-Salem,NC0340200,13A,H,W,H,M,29,R,N,,Residence/Home,Home,Handgun,,C
179707966,162400789,2022-10-26,Winston-Salem,NC0340200,13A,W,W,N,M,38,R,N,,Residence/Home,Home,Handgun,,C
179707967,162400789,2022-10-26,Winston-Salem,NC0340200,13A,W,W,N,F,5,R,N,,Residence/Home,Home,Handgun,,C
179707968,162400790,2022-10-26,Winston-Salem,NC0340200,13A,W,W,N,F,22,R,N,,Highway/Road/Alley/Street/Sidewalk,Street & Sidewalk,Firearm,Other Major Injury,C
179707969,162400791,2022-10-26,Winston-Salem,NC0340200,13A,H,W,H,M,19,R,N,RU,Park/Playground,Park & Playground,Handgun,Other Major Injury,C
179707972,162400794,2022-10-26,Winston-Salem,NC0340200,13A,B,B,N,M,0,R,N,CH,Shelter-Mission/Homeless,Shelter,Unknown,Apparent Broken Bones;Minor Injury,C
179707977,162400799,2022-10-26,Winston-Salem,NC0340200,13A,B,B,N,M,45,R,N,,Residence/Home,Home,Handgun,,C
179707978,162400799,2022-10-26,Winston-Salem,NC0340200,13A,B,B,N,M,24,R,N,,Residence/Home,Home,Handgun,,C
179707979,162400799,2022-10-26,Winston-Salem,NC0340200,13A,B,B,N,M,22,R,N,,Residence/Home,Home,Handgun,,C
179708029,162400836,2022-10-27,Winston-Salem,NC0340200,13A,W,W,N,F,31,N,Y,SE,Highway/Road/Alley/Street/Sidewalk,Street & Sidewalk,Handgun,,C
179708051,162400857,2022-10-27,Winston-Salem,NC0340200,13A,B,B,N,F,29,R,N,RU,Residence/Home,Home,Handgun,,C
179708082,162400884,2022-10-27,Winston-Salem,NC0340200,13A,H,W,H,M,14,R,N,ST,Highway/Road/Alley/Street/Sidewalk,Street & Sidewalk,Handgun,Minor Injury,C
182087284,164488116,2022-10-27,Winston-Salem,NC0340200,13A,H,W,H,M,42,R,N,,Residence/Home,Home,Other Firearm,,C
182087285,164488116,2022-10-27,Winston-Salem,NC0340200,13A,H,W,H,F,42,R,N,,Residence/Home,Home,Other Firearm,,C
182087286,164488116,2022-10-27,Winston-Salem,NC0340200,13A,W,W,N,F,15,R,N,,Residence/Home,Home,Other Firearm,,C
182087287,164488116,2022-10-27,Winston-Salem,NC0340200,13A,H,W,H,M,13,R,N,,Residence/Home,Home,Other Firearm,,C
182087288,164488116,2022-10-27,Winston-Salem,NC0340200,13A,B,B,N,M,17,R,N,,Residence/Home,Home,Other Firearm,,C
182087289,164488116,2022-10-27,Winston-Salem,NC0340200,13A,H,W,H,M,19,R,N,,Residence/Home,Home,Other Firearm,,C
182087290,164488116,2022-10-27,Winston-Salem,NC0340200,13A,H,W,H,M,18,R,N,,Residence/Home,Home,Other Firearm,,C
182087291,164488116,2022-10-27,Winston-Salem,NC0340200,13A,W,W,N,F,10,R,N,,Residence/Home,Home,Other Firearm,,C
182087292,164488116,2022-10-27,Winston-Salem,NC0340200,13A,W,W,N,F,5,R,N,,Residence/Home,Home,Other Firearm,,C
184806509,166861737,2022-10-27,Winston-Salem,NC0340200,13A,B,B,N,M,59,R,N,ST,Grocery/Supermarket,Grocery Store,Knife/Cutting Instrument,Minor Injury,C
179708096,162400890,2022-10-28,Winston-Salem,NC0340200,13A,B,B,N,F,40,R,N,,Residence/Home,Home,Firearm,,C
179708097,162400890,2022-10-28,Winston-Salem,NC0340200,13A,B,B,N,F,19,R,N,,Residence/Home,Home,Firearm,,C
179708098,162400890,2022-10-28,Winston-Salem,NC0340200,13A,B,B,N,F,17,R,N,,Residence/Home,Home,Firearm,,C
179708099,162400890,2022-10-28,Winston-Salem,NC0340200,13A,B,B,N,F,15,R,N,,Residence/Home,Home,Firearm,,C
179708101,162400892,2022-10-28,Winston-Salem,NC0340200,13A,B,B,N,F,73,R,N,,Residence/Home,Home,Handgun,,C
179708102,162400892,2022-10-28,Winston-Salem,NC0340200,13A,B,B,N,F,18,R,N,,Residence/Home,Home,Handgun,,C
179708105,162400895,2022-10-28,Winston-Salem,NC0340200,13A,B,B,N,M,18,R,N,,Residence/Home,Home,Handgun,,C
179708106,162400895,2022-10-28,Winston-Salem,NC0340200,13A,B,B,N,M,15,R,N,,Residence/Home,Home,Handgun,,C
179708107,162400895,2022-10-28,Winston-Salem,NC0340200,13A,B,B,N,F,19,R,N,,Residence/Home,Home,Handgun,,C
179708108,162400895,2022-10-28,Winston-Salem,NC0340200,13A,B,B,N,F,18,R,N,,Residence/Home,Home,Handgun,,C
179708143,162400925,2022-10-28,Winston-Salem,NC0340200,13A,B,B,N,M,28,R,N,AQ,Parking/Drop Lot/Garage,Parking Lot,Blunt Object,Minor Injury,C
179708202,162400979,2022-10-29,Winston-Salem,NC0340200,13A,B,B,N,F,58,R,N,,Residence/Home,Home,Handgun;Rifle,,C
179708203,162400979,2022-10-29,Winston-Salem,NC0340200,13A,B,B,N,M,27,R,N,,Residence/Home,Home,Handgun;Rifle,,C
179708280,162401045,2022-10-30,Winston-Salem,NC0340200,13A,H,W,H,M,23,R,N,RU,Highway/Road/Alley/Street/Sidewalk,Street & Sidewalk,Firearm,Other Major Injury,C
179708281,162401045,2022-10-30,Winston-Salem,NC0340200,13A,H,W,H,M,15,R,N,RU,Highway/Road/Alley/Street/Sidewalk,Street & Sidewalk,Firearm,Other Major Injury,C
179708300,162401062,2022-10-30,Winston-Salem,NC0340200,13A,H,W,H,F,48,R,N,,Residence/Home,Home,Firearm,,C
179708301,162401062,2022-10-30,Winston-Salem,NC0340200,13A,H,W,H,M,51,R,N,,Residence/Home,Home,Firearm,,C
179708302,162401062,2022-10-30,Winston-Salem,NC0340200,13A,H,W,H,M,21,R,N,,Residence/Home,Home,Firearm,,C
179708303,162401062,2022-10-30,Winston-Salem,NC0340200,13A,H,W,H,M,15,R,N,,Residence/Home,Home,Firearm,,C
179708304,162401062,2022-10-30,Winston-Salem,NC0340200,13A,H,W,H,F,18,R,N,,Residence/Home,Home,Firearm,,C
179708305,162401062,2022-10-30,Winston-Salem,NC0340200,13A,H,W,H,M,18,R,N,,Residence/Home,Home,Firearm,,C
179708306,162401062,2022-10-30,Winston-Salem,NC0340200,13A,W,W,N,F,0,R,N,,Residence/Home,Home,Firearm,,C
179708310,162401064,2022-10-30,Winston-Salem,NC0340200,13A,H,W,H,M,20,R,N,,Residence/Home,Home,Handgun,,C
179708311,162401064,2022-10-30,Winston-Salem,NC0340200,13A,H,W,H,M,15,R,N,,Residence/Home,Home,Handgun,,C
179708312,162401064,2022-10-30,Winston-Salem,NC0340200,13A,W,W,N,F,13,R,N,,Residence/Home,Home,Handgun,,C
179708320,162401070,2022-10-30,Winston-Salem,NC0340200,13A,B,B,N,F,49,R,Y,XR,Highway/Road/Alley/Street/Sidewalk,Street & Sidewalk,Shotgun,,C
179708346,162401089,2022-10-30,Winston-Salem,NC0340200,13A,W,W,N,F,70,R,N,PA,Residence/Home,Home,Rifle,,C
179708379,162401115,2022-10-30,Winston-Salem,NC0340200,13A,H,W,H,M,44,R,N,,Residence/Home,Home,Handgun,Minor Injury,C
184806512,166861740,2022-10-30,Winston-Salem,NC0340200,13A,B,B,N,M,57,R,N,,Highway/Road/Alley/Street/Sidewalk,Street & Sidewalk,Firearm,,C
184806513,166861740,2022-10-30,Winston-Salem,NC0340200,13A,B,B,N,F,52,N,N,,Highway/Road/Alley/Street/Sidewalk,Street & Sidewalk,Firearm,Minor Injury,C
188882860,170414917,2022-10-30,Winston-Salem,NC0340200,13A,W,W,N,M,62,R,N,RU,Highway/Road/Alley/Street/Sidewalk,Street & Sidewalk,Blunt Object,,C
188882861,170414917,2022-10-30,Winston-Salem,NC0340200,13A,W,W,N,F,51,R,N,RU,Highway/Road/Alley/Street/Sidewalk,Street & Sidewalk,Blunt Object,,C
179708391,162401126,2022-10-31,Winston-Salem,NC0340200,13A,H,W,H,M,47,R,N,,Residence/Home,Home,Firearm,,C
179708392,162401126,2022-10-31,Winston-Salem,NC0340200,13A,H,W,H,F,45,R,N,,Residence/Home,Home,Firearm,,C
179708393,162401126,2022-10-31,Winston-Salem,NC0340200,13A,H,W,H,M,23,R,N,,Residence/Home,Home,Firearm,,C
179708394,162401126,2022-10-31,Winston-Salem,NC0340200,13A,H,W,H,M,22,R,N,,Residence/Home,Home,Firearm,,C
179708395,162401126,2022-10-31,Winston-Salem,NC0340200,13A,H,W,H,M,19,R,N,,Residence/Home,Home,Firearm,,C
179708396,162401126,2022-10-31,Winston-Salem,NC0340200,13A,H,W,H,F,19,R,N,,Residence/Home,Home,Firearm,,C
179708397,162401126,2022-10-31,Winston-Salem,NC0340200,13A,H,W,H,F,22,R,N,,Residence/Home,Home,Firearm,,C
179708398,162401126,2022-10-31,Winston-Salem,NC0340200,13A,W,W,N,M,0,R,N,,Residence/Home,Home,Firearm,,C
179708400,162401128,2022-10-31,Winston-Salem,NC0340200,13A,W,W,N,M,22,R,N,RU,Highway/Road/Alley/Street/Sidewalk,Street & Sidewalk,Handgun,,C
179708407,162401134,2022-10-31,Winston-Salem,NC0340200,13A,B,B,N,F,44,R,N,PA;VO,Residence/Home,Home,Knife/Cutting Instrument;Other,,C
179708408,162401134,2022-10-31,Winston-Salem,NC0340200,13A,B,B,N,F,17,R,N,CH;VO,Residence/Home,Home,Knife/Cutting Instrument;Other,Minor Injury,C
179708409,162401134,2022-10-31,Winston-Salem,NC0340200,13A,B,B,N,F,16,R,N,CH;OF,Residence/Home,Home,Knife/Cutting Instrument;Other,,C
179708441,162401162,2022-10-31,Winston-Salem,NC0340200,13A,B,B,N,M,42,R,N,,Highway/Road/Alley/Street/Sidewalk,Street & Sidewalk,Firearm,,C
179708474,162401190,2022-10-31,Winston-Salem,NC0340200,13A,B,B,N,M,44,R,N,,Air/Bus/Train Terminal,Transit Station,Firearm;Personal Weapons,,C
179708475,162401191,2022-10-31,Winston-Salem,NC0340200,13A,H,W,H,M,40,R,N,,Highway/Road/Alley/Street/Sidewalk,Street & Sidewalk,Firearm,,C
179708476,162401191,2022-10-31,Winston-Salem,NC0340200,13A,H,W,H,F,29,R,N,,Highway/Road/Alley/Street/Sidewalk,Street & Sidewalk,Firearm,,C
179708477,162401191,2022-10-31,Winston-Salem,NC0340200,13A,W,W,N,M,42,R,N,,Highway/Road/Alley/Street/Sidewalk,Street & Sidewalk,Firearm,,C
182087336,164488154,2022-11-01,Winston-Salem,NC0340200,13A,B,B,N,F,22,R,Y,BG;VO,Residence/Home,Home,Knife/Cutting Instrument,,C
182087337,164488154,2022-11-01,Winston-Salem,NC0340200,13A,B,B,N,M,30,R,Y,BG;VO,Residence/Home,Home,Knife/Cutting Instrument,Minor Injury,C
182087356,164488171,2022-11-01,Winston-Salem,NC0340200,13A,B,B,N,F,38,R,Y,BG,Highway/Road/Alley/Street/Sidewalk,Street & Sidewalk,Knife/Cutting Instrument,Minor Injury,C
182087359,164488174,2022-11-01,Winston-Salem,NC0340200,13A,B,B,N,F,71,R,N,,Residence/Home,Home,Rifle,,C
182087360,164488174,2022-11-01,Winston-Salem,NC0340200,13A,B,B,N,M,74,R,N,,Residence/Home,Home,Rifle,,C
182087361,164488174,2022-11-01,Winston-Salem,NC0340200,13A,B,B,N,M,20,R,N,,Residence/Home,Home,Rifle,,C
182087384,164488194,2022-11-02,Winston-Salem,NC0340200,13A,B,B,N,F,20,R,N,RU,Highway/Road/Alley/Street/Sidewalk,Street & Sidewalk,Firearm,,C
182087390,164488200,2022-11-02,Winston-Salem,NC0340200,13A,B,B,N,F,46,R,N,RU,Highway/Road/Alley/Street/Sidewalk,Street & Sidewalk,Handgun,,C
182087408,164488217,2022-11-02,Winston-Salem,NC0340200,13A,B,B,N,F,22,R,Y,XR,Highway/Road/Alley/Street/Sidewalk,Street & Sidewalk,Handgun,Minor Injury,C
182087437,164488243,2022-11-02,Winston-Salem,NC0340200,13A,B,B,N,F,45,R,Y,BG,Residence/Home,Home,Personal Weapons,Unconscious,C
182087444,164488250,2022-11-02,Winston-Salem,NC0340200,13A,B,B,N,F,36,R,N,RU,Residence/Home,Home,Handgun;Rifle,,C
182087445,164488250,2022-11-02,Winston-Salem,NC0340200,13A,B,B,N,F,16,R,N,RU,Residence/Home,Home,Handgun;Rifle,,C
182087446,164488250,2022-11-02,Winston-Salem,NC0340200,13A,B,B,N,M,11,R,N,RU,Residence/Home,Home,Handgun;Rifle,,C
182087447,164488250,2022-11-02,Winston-Salem,NC0340200,13A,B,B,N,M,12,R,N,RU,Residence/Home,Home,Handgun;Rifle,,C
182087448,164488250,2022-11-02,Winston-Salem,NC0340200,13A,B,B,N,M,16,R,N,RU,Residence/Home,Home,Handgun;Rifle,,C
182087449,164488250,2022-11-02,Winston-Salem,NC0340200,13A,B,B,N,F,14,R,N,RU,Residence/Home,Home,Handgun;Rifle,,C
182087450,164488250,2022-11-02,Winston-Salem,NC0340200,13A,B,B,N,M,15,R,N,RU,Residence/Home,Home,Handgun;Rifle,,C
182087451,164488250,2022-11-02,Winston-Salem,NC0340200,13A,B,B,N,F,7,R,N,RU,Residence/Home,Home,Handgun;Rifle,,C
182087461,164488259,2022-11-03,Winston-Salem,NC0340200,13A,B,B,N,M,36,N,N,OF,Residence/Home,Home,Rifle,,C
182087462,164488259,2022-11-03,Winston-Salem,NC0340200,13A,B,B,N,F,9,R,N,SB,Residence/Home,Home,Rifle,,C
182087463,164488259,2022-11-03,Winston-Salem,NC0340200,13A,B,B,N,F,8,R,N,SB,Residence/Home,Home,Rifle,,C
182087465,164488259,2022-11-03,Winston-Salem,NC0340200,13A,B,B,N,F,4,R,N,SB,Residence/Home,Home,Rifle,,C
182087631,164488403,2022-11-03,Winston-Salem,NC0340200,13A,W,W,N,M,44,R,N,,Highway/Road/Alley/Street/Sidewalk,Street & Sidewalk,Personal Weapons,Apparent Broken Bones,C
182087563,164488350,2022-11-04,Winston-Salem,NC0340200,13A,W,W,N,M,13,R,N,,Residence/Home,Home,Blunt Object,,C
182087564,164488350,2022-11-04,Winston-Salem,NC0340200,13A,W,W,N,M,13,R,N,,Residence/Home,Home,Blunt Object,,C
182087576,164488360,2022-11-04,Winston-Salem,NC0340200,13A,B,B,N,M,29,R,N,SB,Parking/Drop Lot/Garage,Parking Lot,Firearm,Other Major Injury,C
182087577,164488360,2022-11-04,Winston-Salem,NC0340200,13A,B,B,N,M,34,R,N,AQ,Parking/Drop Lot/Garage,Parking Lot,Firearm,Other Major Injury,C
182087601,164488379,2022-11-05,Winston-Salem,NC0340200,13A,B,B,N,F,32,N,N,,Residence/Home,Home,Blunt Object,Severe Laceration,C
182087607,164488381,2022-11-05,Winston-Salem,NC0340200,13A,H,W,H,M,32,R,N,ST,Bar/Nightclub,Bar & Nightclub,Personal Weapons,Apparent Broken Bones,C
182087608,164488382,2022-11-05,Winston-Salem,NC0340200,13A,B,B,N,U,,R,N,CH,Residence/Home,Home,Personal Weapons,,C
182087647,164488416,2022-11-05,Winston-Salem,NC0340200,13A,B,B,N,M,38,N,N,AQ,Residence/Home,Home,Knife/Cutting Instrument,,C
182087652,164488418,2022-11-05,Winston-Salem,NC0340200,13A,W,W,N,M,22,R,N,ST,Convenience Store,Convenience Store,Blunt Object;Personal Weapons,Minor Injury,C
182087668,164488433,2022-11-05,Winston-Salem,NC0340200,13A,B,B,N,M,25,R,N,,Highway/Road/Alley/Street/Sidewalk,Street & Sidewalk,Firearm,,C
182087669,164488433,2022-11-05,Winston-Salem,NC0340200,13A,B,B,N,M,25,R,N,,Highway/Road/Alley/Street/Sidewalk,Street & Sidewalk,Firearm,,C
182087679,164488443,2022-11-05,Winston-Salem,NC0340200,13A,B,B,N,M,28,R,N,,Service/Gas Station,Gas Station,Blunt Object,Minor Injury,C
182087700,164488458,2022-11-05,Winston-Salem,NC0340200,13A,B,B,N,M,49,R,N,,Commercial/Office Building,Office Building,Blunt Object,Minor Injury,C
182087746,164488497,2022-11-05,Winston-Salem,NC0340200,13A,B,B,N,M,38,R,N,AQ,Residence/Home,Home,Handgun;Personal Weapons,Minor Injury,C
182087711,164488468,2022-11-06,Winston-Salem,NC0340200,13A,W,W,U,F,28,R,N,OF,Highway/Road/Alley/Street/Sidewalk,Street & Sidewalk,Unknown,,C
182087712,164488468,2022-11-06,Winston-Salem,NC0340200,13A,B,B,N,M,30,R,N,RU,Highway/Road/Alley/Street/Sidewalk,Street & Sidewalk,Unknown,,C
182087721,164488476,2022-11-06,Winston-Salem,NC0340200,13A,W,W,N,M,33,N,N,,Highway/Road/Alley/Street/Sidewalk,Street & Sidewalk,Unknown,,C
182087722,164488477,2022-11-06,Winston-Salem,NC0340200,13A,B,B,N,M,41,R,N,,Industrial Site,Industrial Site,Handgun,,C
182087723,164488478,2022-11-06,Winston-Salem,NC0340200,13A,B,B,N,F,48,R,N,OK,Highway/Road/Alley/Street/Sidewalk,Street & Sidewalk,Motor Vehicle/Vessel,,C
182087744,164488496,2022-11-06,Winston-Salem,NC0340200,13A,B,B,N,M,25,N,N,AQ,Church/Synagogue/Temple/Mosque,Religious Building,Blunt Object,,C
182087820,164488563,2022-11-06,Winston-Salem,NC0340200,13A,W,W,N,F,54,R,N,PA,Residence/Home,Home,Personal Weapons,,C
184806517,166861744,2022-11-06,Winston-Salem,NC0340200,13A,W,W,N,M,25,N,N,RU,Drug Store/Doctor's Office/Hospital,Hospital & Clinic,Firearm,Other Major Injury,C
182087777,164488525,2022-11-07,Winston-Salem,NC0340200,13A,W,W,N,F,65,R,N,GP,Residence/Home,Home,Knife/Cutting Instrument,Minor Injury,C
182087860,164488600,2022-11-08,Winston-Salem,NC0340200,13A,B,B,N,M,44,R,N,AQ,Residence/Home,Home,Knife/Cutting Instrument,Severe Laceration,C
182087869,164488607,2022-11-08,Winston-Salem,NC0340200,13A,B,B,N,M,71,R,N,,Highway/Road/Alley/Street/Sidewalk,Street & Sidewalk,Firearm,,C
182087875,164488612,2022-11-08,Winston-Salem,NC0340200,13A,B,B,N,M,62,R,N,RU,Residence/Home,Home,Firearm,,C
182087876,164488612,2022-11-08,Winston-Salem,NC0340200,13A,B,B,N,M,29,R,N,RU,Residence/Home,Home,Firearm,,C
182087897,164488629,2022-11-08,Winston-Salem,NC0340200,13A,B,B,N,M,48,R,N,NE,Residence/Home,Home,Blunt Object,Minor Injury,C
182087922,164488651,2022-11-08,Winston-Salem,NC0340200,13A,W,W,N,F,13,R,N,,Highway/Road/Alley/Street/Sidewalk,Street & Sidewalk,Handgun,Other Major Injury,C
182087923,164488651,2022-11-08,Winston-Salem,NC0340200,13A,W,W,N,F,20,R,N,,Highway/Road/Alley/Street/Sidewalk,Street & Sidewalk,Handgun,Other Major Injury,C
182087928,164488655,2022-11-08,Winston-Salem,NC0340200,13A,W,W,N,M,26,R,N,,Residence/Home,Home,Handgun,,C
182087959,164488685,2022-11-09,Winston-Salem,NC0340200,13A,H,W,H,F,63,R,N,,Residence/Home,Home,Knife/Cutting Instrument;Other,Minor Injury,C
182087963,164488689,2022-11-09,Winston-Salem,NC0340200,13A,B,B,N,M,28,R,Y,BG,Residence/Home,Home,Motor Vehicle/Vessel,Minor Injury,C
182087964,164488689,2022-11-09,Winston-Salem,NC0340200,13A,B,B,N,F,52,R,N,AQ,Residence/Home,Home,Motor Vehicle/Vessel,,C
182087972,164488695,2022-11-09,Winston-Salem,NC0340200,13A,B,B,N,M,29,N,N,,Hotel/Motel/Etc.,Hotel & Motel,Personal Weapons,Minor Injury,C
182087976,164488698,2022-11-09,Winston-Salem,NC0340200,13A,H,W,H,F,16,R,N,RU,Residence/Home,Home,Firearm,Other Major Injury,C
182087987,164488708,2022-11-09,Winston-Salem,NC0340200,13A,B,B,N,F,32,R,Y,BG,Residence/Home,Home,Handgun,Minor Injury,C
182088007,164488726,2022-11-09,Winston-Salem,NC0340200,13A,B,B,N,M,68,R,N,,Highway/Road/Alley/Street/Sidewalk,Street & Sidewalk,Handgun (Automatic);Rifle (Automatic),,C
182088008,164488726,2022-11-09,Winston-Salem,NC0340200,13A,B,B,N,M,46,R,N,,Highway/Road/Alley/Street/Sidewalk,Street & Sidewalk,Handgun (Automatic);Rifle (Automatic),,C
182088010,164488726,2022-11-09,Winston-Salem,NC0340200,13A,B,B,N,F,34,R,N,,Highway/Road/Alley/Street/Sidewalk,Street & Sidewalk,Handgun (Automatic);Rifle (Automatic),,C
182088011,164488726,2022-11-09,Winston-Salem,NC0340200,13A,A,A,N,M,61,R,N,,Highway/Road/Alley/Street/Sidewalk,Street & Sidewalk,Handgun (Automatic);Rifle (Automatic),,C
182088012,164488726,2022-11-09,Winston-Salem,NC0340200,13A,A,A,N,F,58,R,N,,Highway/Road/Alley/Street/Sidewalk,Street & Sidewalk,Handgun (Automatic);Rifle (Automatic),,C
182088706,164489300,2022-11-09,Winston-Salem,NC0340200,13A,B,B,N,M,55,N,Y,BG,Parking/Drop Lot/Garage,Parking Lot,Motor Vehicle/Vessel,,C
182088028,164488738,2022-11-10,Winston-Salem,NC0340200,13A,B,B,N,F,76,R,N,,Residence/Home,Home,Handgun;Rifle,,C
182088081,164488786,2022-11-10,Winston-Salem,NC0340200,13A,B,B,N,M,21,N,N,,Highway/Road/Alley/Street/Sidewalk,Street & Sidewalk,Rifle,Other Major Injury,C
182088082,164488786,2022-11-10,Winston-Salem,NC0340200,13A,W,W,N,F,0,R,N,,Highway/Road/Alley/Street/Sidewalk,Street & Sidewalk,Rifle,,C
182088083,164488786,2022-11-10,Winston-Salem,NC0340200,13A,W,W,N,F,29,R,N,,Highway/Road/Alley/Street/Sidewalk,Street & Sidewalk,Rifle,,C
182088084,164488786,2022-11-10,Winston-Salem,NC0340200,13A,W,W,N,F,20,R,N,,Highway/Road/Alley/Street/Sidewalk,Street & Sidewalk,Rifle,,C
182088106,164488802,2022-11-11,Winston-Salem,NC0340200,13A,H,W,H,M,33,R,N,ST,Residence/Home,Home,Knife/Cutting Instrument,,C
182088122,164488814,2022-11-11,Winston-Salem,NC0340200,13A,B,B,N,M,32,R,Y,XR,Residence/Home,Home,Handgun,,C
182088125,164488817,2022-11-11,Winston-Salem,NC0340200,13A,H,W,H,F,23,R,N,OK,Parking/Drop Lot/Garage,Parking Lot,Motor Vehicle/Vessel,,C
182088139,164488831,2022-11-11,Winston-Salem,NC0340200,13A,B,B,N,F,28,R,N,,Residence/Home,Home,Handgun,,C
182088155,164488847,2022-11-11,Winston-Salem,NC0340200,13A,H,W,H,M,21,R,N,,Highway/Road/Alley/Street/Sidewalk,Street & Sidewalk,Firearm,,C
182088156,164488847,2022-11-11,Winston-Salem,NC0340200,13A,H,W,H,M,24,R,N,,Highway/Road/Alley/Street/Sidewalk,Street & Sidewalk,Firearm,,C
182088164,164488854,2022-11-11,Winston-Salem,NC0340200,13A,B,B,N,F,45,R,N,,Residence/Home,Home,Firearm (Automatic),,C
182088165,164488854,2022-11-11,Winston-Salem,NC0340200,13A,B,B,N,M,23,R,N,,Residence/Home,Home,Firearm (Automatic),,C
182088166,164488854,2022-11-11,Winston-Salem,NC0340200,13A,B,B,N,F,21,R,N,,Residence/Home,Home,Firearm (Automatic),,C
182088239,164488915,2022-11-12,Winston-Salem,NC0340200,13A,B,B,N,M,17,R,N,,Other/Unknown,Other & Unknown,Firearm,Minor Injury,C
182088255,164488928,2022-11-12,Winston-Salem,NC0340200,13A,H,W,H,M,16,N,N,,Other/Unknown,Other & Unknown,Firearm,Minor Injury,C
182088256,164488929,2022-11-12,Winston-Salem,NC0340200,13A,B,B,N,M,77,R,N,,Residence/Home,Home,Firearm,,C
182088257,164488929,2022-11-12,Winston-Salem,NC0340200,13A,H,W,H,M,30,R,N,,Residence/Home,Home,Firearm,,C
182088258,164488929,2022-11-12,Winston-Salem,NC0340200,13A,H,W,H,M,20,R,N,,Residence/Home,Home,Firearm,,C
182088260,164488931,2022-11-12,Winston-Salem,NC0340200,13A,U,U,N,U,,R,N,,Residence/Home,Home,Handgun,,C
182088283,164488951,2022-11-12,Winston-Salem,NC0340200,13A,B,B,N,M,31,R,Y,XR,Highway/Road/Alley/Street/Sidewalk,Street & Sidewalk,Motor Vehicle/Vessel,,C
182088288,164488956,2022-11-12,Winston-Salem,NC0340200,13A,B,B,N,F,28,R,N,,Residence/Home,Home,Motor Vehicle/Vessel,Minor Injury,C
182088387,164489033,2022-11-12,Winston-Salem,NC0340200,13A,B,B,N,M,48,N,N,,Parking/Drop Lot/Garage,Parking Lot,Unknown,Other Major Injury,C
184806528,166861752,2022-11-12,Winston-Salem,NC0340200,13A,B,B,N,F,22,N,N,OK,Highway/Road/Alley/Street/Sidewalk,Street & Sidewalk,Handgun,,C
185437382,167411267,2022-11-12,Winston-Salem,NC0340200,13A,B,B,N,F,52,R,N,RU,Residence/Home,Home,Firearm,,C
185437383,167411267,2022-11-12,Winston-Salem,NC0340200,13A,B,B,N,M,17,R,N,RU,Residence/Home,Home,Firearm,,C
182088298,164488963,2022-11-13,Winston-Salem,NC0340200,13A,B,B,N,M,41,R,N,OF,Residence/Home,Home,Handgun,,C
182088328,164488988,2022-11-13,Winston-Salem,NC0340200,13A,B,B,N,M,33,R,Y,XR,Residence/Home,Home,Knife/Cutting Instrument,Minor Injury,C
182088339,164488995,2022-11-13,Winston-Salem,NC0340200,13A,B,B,N,F,61,R,N,,Residence/Home,Home,Firearm,,C
182088343,164488998,2022-11-13,Winston-Salem,NC0340200,13A,B,B,N,F,33,R,N,SB,Residence/Home,Home,Knife/Cutting Instrument,,C
182088347,164489001,2022-11-13,Winston-Salem,NC0340200,13A,B,B,N,M,39,R,N,,Bar/Nightclub,Bar & Nightclub,Handgun,Other Major Injury,C
182088352,164489005,2022-11-13,Winston-Salem,NC0340200,13A,B,B,N,M,44,R,N,,Other/Unknown,Other & Unknown,Knife/Cutting Instrument,Severe Laceration,C
182088363,164489014,2022-11-13,Winston-Salem,NC0340200,13A,B,B,N,F,43,R,N,,Residence/Home,Home,Firearm,,C
182088364,164489014,2022-11-13,Winston-Salem,NC0340200,13A,B,B,N,M,13,R,N,,Residence/Home,Home,Firearm,,C
185437384,167411268,2022-11-13,Winston-Salem,NC0340200,13A,B,B,N,F,29,R,Y,BG,Highway/Road/Alley/Street/Sidewalk,Street & Sidewalk,Handgun,,C
182088404,164489047,2022-11-14,Winston-Salem,NC0340200,13A,H,W,H,M,48,N,N,,Residence/Home,Home,Blunt Object,,C
182088405,164489048,2022-11-14,Winston-Salem,NC0340200,13A,B,B,N,M,33,R,Y,BG;CH;VO,Residence/Home,Home,Handgun;Personal Weapons,Minor Injury,C
182088406,164489048,2022-11-14,Winston-Salem,NC0340200,13A,B,B,N,F,30,R,Y,BG;OF;VO,Residence/Home,Home,Handgun;Personal Weapons,Minor Injury,C
182088407,164489048,2022-11-14,Winston-Salem,NC0340200,13A,B,B,U,F,57,N,N,OF;PA;VO,Residence/Home,Home,Handgun;Personal Weapons,Minor Injury,C
182088438,164489070,2022-11-14,Winston-Salem,NC0340200,13A,H,W,H,F,20,R,N,ST,Residence/Home,Home,Handgun,,C
182088465,164489091,2022-11-14,Winston-Salem,NC0340200,13A,A,A,N,F,34,R,Y,BG,Hotel/Motel/Etc.,Hotel & Motel,Blunt Object;Personal Weapons,Other Major Injury,C
182088482,164489105,2022-11-14,Winston-Salem,NC0340200,13A,B,B,N,F,40,N,N,,Residence/Home,Home,Firearm,,C
182088488,164489110,2022-11-15,Winston-Salem,NC0340200,13A,B,B,N,F,22,R,Y,VO;XR,Residence/Home,Home,Blunt Object;Personal Weapons,,C
182088489,164489110,2022-11-15,Winston-Salem,NC0340200,13A,B,B,N,M,21,N,Y,VO;XR,Residence/Home,Home,Blunt Object;Personal Weapons,,C
182088511,164489130,2022-11-15,Winston-Salem,NC0340200,13A,B,B,N,F,33,R,N,ST,Highway/Road/Alley/Street/Sidewalk,Street & Sidewalk,Handgun;Personal Weapons,,C
182088512,164489130,2022-11-15,Winston-Salem,NC0340200,13A,B,B,N,M,37,R,N,ST,Highway/Road/Alley/Street/Sidewalk,Street & Sidewalk,Handgun;Personal Weapons,Minor Injury,C
182089685,164490124,2022-11-15,Winston-Salem,NC0340200,13A,W,W,N,M,63,R,N,RU;VO,Hotel/Motel/Etc.,Hotel & Motel,Other,Minor Injury,C
182089686,164490124,2022-11-15,Winston-Salem,NC0340200,13A,W,W,N,F,28,R,N,RU;VO,Hotel/Motel/Etc.,Hotel & Motel,Other,,C
187718335,169400021,2022-11-15,Winston-Salem,NC0340200,13A,B,B,N,M,21,R,N,,Residence/Home,Home,Firearm,Other Major Injury,C
187718339,169400023,2022-11-16,Winston-Salem,NC0340200,13A,W,W,N,M,32,N,N,RU,Convenience Store,Convenience Store,Firearm,,C
182088596,164489204,2022-11-17,Winston-Salem,NC0340200,13A,W,W,N,M,30,R,N,EE,Other/Unknown,Other & Unknown,Knife/Cutting Instrument,Severe Laceration,C
184806540,166861760,2022-11-17,Winston-Salem,NC0340200,13A,B,B,N,M,41,R,N,RU,Residence/Home,Home,Handgun,,C
184806541,166861760,2022-11-17,Winston-Salem,NC0340200,13A,B,B,N,M,30,R,N,RU,Residence/Home,Home,Handgun,,C
184806542,166861760,2022-11-17,Winston-Salem,NC0340200,13A,B,B,N,M,22,R,N,RU,Residence/Home,Home,Handgun,,C
184806543,166861760,2022-11-17,Winston-Salem,NC0340200,13A,B,B,N,F,39,R,N,RU,Residence/Home,Home,Handgun,,C
182088696,164489291,2022-11-18,Winston-Salem,NC0340200,13A,H,W,H,M,39,R,Y,XS,Parking/Drop Lot/Garage,Parking Lot,Motor Vehicle/Vessel,,C
182088791,164489377,2022-11-19,Winston-Salem,NC0340200,13A,B,B,N,F,2,R,N,,Residence/Home,Home,,Minor Injury,C
182088794,164489379,2022-11-19,Winston-Salem,NC0340200,13A,B,B,N,F,21,R,N,RU,Residence/Home,Home,Handgun,,C
187718341,169400024,2022-11-19,Winston-Salem,NC0340200,13A,W,W,N,M,35,R,N,AQ;OK;RU,Residence/Home,Home,Other;Personal Weapons,Minor Injury,C
182088801,164489385,2022-11-20,Winston-Salem,NC0340200,13A,W,W,N,M,29,R,N,,Highway/Road/Alley/Street/Sidewalk,Street & Sidewalk,Handgun,,C
182088809,164489392,2022-11-20,Winston-Salem,NC0340200,13A,B,B,N,M,36,R,N,,Highway/Road/Alley/Street/Sidewalk,Street & Sidewalk,Firearm,Other Major Injury,C
182088810,164489392,2022-11-20,Winston-Salem,NC0340200,13A,B,B,N,M,28,R,N,,Highway/Road/Alley/Street/Sidewalk,Street & Sidewalk,Firearm,Other Major Injury,C
182088816,164489396,2022-11-20,Winston-Salem,NC0340200,13A,W,W,N,M,45,R,N,OK,Residence/Home,Home,Blunt Object,Severe Laceration,C
182088825,164489403,2022-11-20,Winston-Salem,NC0340200,13A,W,W,N,F,69,R,N,PA,Residence/Home,Home,Knife/Cutting Instrument,,C
182088833,164489411,2022-11-20,Winston-Salem,NC0340200,13A,B,B,N,M,47,R,N,NE,Residence/Home,Home,Handgun,,C
182088859,164489433,2022-11-20,Winston-Salem,NC0340200,13A,H,W,H,F,42,R,Y,BG,Residence/Home,Home,Blunt Object,Other Major Injury,C
184806552,166861767,2022-11-20,Winston-Salem,NC0340200,13A,B,B,N,F,29,R,Y,XS,Parking/Drop Lot/Garage,Parking Lot,Other,Minor Injury,C
182088891,164489460,2022-11-21,Winston-Salem,NC0340200,13A,W,W,N,M,29,R,N,,Parking/Drop Lot/Garage,Parking Lot,Blunt Object,Severe Laceration,C
182088946,164489508,2022-11-21,Winston-Salem,NC0340200,13A,H,W,H,F,21,R,N,,Residence/Home,Home,Firearm,,C
182088966,164489527,2022-11-22,Winston-Salem,NC0340200,13A,W,W,N,M,71,R,N,AQ,Residence/Home,Home,Handgun,,C
182088989,164489548,2022-11-22,Winston-Salem,NC0340200,13A,B,B,N,M,47,N,N,AQ,Residence/Home,Home,Knife/Cutting Instrument,Minor Injury,C
182089096,164489641,2022-11-24,Winston-Salem,NC0340200,13A,B,B,N,M,28,R,Y,VO;XR,Residence/Home,Home,Knife/Cutting Instrument,,C
182089097,164489641,2022-11-24,Winston-Salem,NC0340200,13A,B,B,N,F,29,R,Y,VO;XR,Residence/Home,Home,Knife/Cutting Instrument,,C
182089124,164489663,2022-11-24,Winston-Salem,NC0340200,13A,B,B,N,F,40,R,N,ST,Residence/Home,Home,Knife/Cutting Instrument;Other,,C
182089125,164489663,2022-11-24,Winston-Salem,NC0340200,13A,B,B,N,F,20,R,N,AQ,Residence/Home,Home,Knife/Cutting Instrument;Other,Minor Injury,C
182089196,164489721,2022-11-25,Winston-Salem,NC0340200,13A,B,B,N,F,35,R,Y,BG,Highway/Road/Alley/Street/Sidewalk,Street & Sidewalk,Motor Vehicle/Vessel,Other Major Injury;Possible Internal Injury,C
182089203,164489728,2022-11-25,Winston-Salem,NC0340200,13A,B,B,N,F,60,R,N,RU,Residence/Home,Home,Firearm,,C
182089204,164489728,2022-11-25,Winston-Salem,NC0340200,13A,B,B,N,M,53,R,N,RU,Residence/Home,Home,Firearm,,C
182089205,164489728,2022-11-25,Winston-Salem,NC0340200,13A,B,B,N,F,37,R,N,RU,Residence/Home,Home,Firearm,,C
182089206,164489728,2022-11-25,Winston-Salem,NC0340200,13A,B,B,N,M,20,R,N,RU,Residence/Home,Home,Firearm,Other Major Injury,C
182089207,164489728,2022-11-25,Winston-Salem,NC0340200,13A,B,B,N,F,20,R,N,RU,Residence/Home,Home,Firearm,,C
182089226,164489745,2022-11-25,Winston-Salem,NC0340200,13A,B,B,N,F,46,N,Y,BG,Residence/Home,Home,Knife/Cutting Instrument,,C
182089231,164489748,2022-11-25,Winston-Salem,NC0340200,13A,B,B,N,M,53,R,N,AQ,Parking/Drop Lot/Garage,Parking Lot,Handgun,Other Major Injury,C
182089275,164489780,2022-11-26,Winston-Salem,NC0340200,13A,B,B,N,M,37,N,Y,BG,Parking/Drop Lot/Garage,Parking Lot,Handgun,,C
182089322,164489819,2022-11-26,Winston-Salem,NC0340200,13A,B,B,N,F,49,R,N,,Residence/Home,Home,Unknown,Minor Injury,C
187718344,169400026,2022-11-26,Winston-Salem,NC0340200,13A,H,W,H,F,25,R,N,ST,Residence/Home,Home,Firearm,,C
187718345,169400026,2022-11-26,Winston-Salem,NC0340200,13A,H,W,H,M,32,R,N,ST,Residence/Home,Home,Firearm,,C
187718346,169400026,2022-11-26,Winston-Salem,NC0340200,13A,B,B,N,F,20,R,N,ST,Residence/Home,Home,Firearm,,C
187718347,169400026,2022-11-26,Winston-Salem,NC0340200,13A,H,W,H,F,18,R,N,ST,Residence/Home,Home,Firearm,,C
187718348,169400026,2022-11-26,Winston-Salem,NC0340200,13A,H,W,H,M,26,R,N,ST,Residence/Home,Home,Firearm,,C
187718349,169400026,2022-11-26,Winston-Salem,NC0340200,13A,H,W,H,F,19,R,N,ST,Residence/Home,Home,Firearm,,C
188882879,170414930,2022-11-26,Winston-Salem,NC0340200,13A,B,B,N,M,32,R,N,,Other/Unknown,Other & Unknown,Knife/Cutting Instrument,Minor Injury,C
182089306,164489808,2022-11-27,Winston-Salem,NC0340200,13A,W,W,N,F,19,R,N,CH,Residence/Home,Home,Handgun,,C
182089347,164489842,2022-11-27,Winston-Salem,NC0340200,13A,W,W,N,M,54,R,N,,Shelter-Mission/Homeless,Shelter,Handgun,,C
182089356,164489851,2022-11-27,Winston-Salem,NC0340200,13A,H,W,H,M,20,R,N,,Drug Store/Doctor's Office/Hospital,Hospital & Clinic,Firearm,Other Major Injury,C
182089518,164490003,2022-11-29,Winston-Salem,NC0340200,13A,B,B,N,M,20,R,N,,Highway/Road/Alley/Street/Sidewalk,Street & Sidewalk,Firearm,,C
182089519,164490003,2022-11-29,Winston-Salem,NC0340200,13A,B,B,N,M,16,R,N,,Highway/Road/Alley/Street/Sidewalk,Street & Sidewalk,Firearm,Other Major Injury,C
182089520,164490003,2022-11-29,Winston-Salem,NC0340200,13A,B,B,N,M,17,R,N,,Highway/Road/Alley/Street/Sidewalk,Street & Sidewalk,Firearm,Other Major Injury,C
182089527,164490009,2022-11-29,Winston-Salem,NC0340200,13A,B,B,N,F,60,R,N,RU,Residence/Home,Home,Handgun,,C
182089528,164490009,2022-11-29,Winston-Salem,NC0340200,13A,B,B,N,F,37,R,N,RU,Residence/Home,Home,Handgun,,C
182089529,164490009,2022-11-29,Winston-Salem,NC0340200,13A,B,B,N,F,3,R,N,RU,Residence/Home,Home,Handgun,,C
182089536,164490016,2022-11-30,Winston-Salem,NC0340200,13A,B,B,N,M,82,R,N,,Residence/Home,Home,Firearm,,C
182089537,164490016,2022-11-30,Winston-Salem,NC0340200,13A,B,B,N,M,47,R,N,,Residence/Home,Home,Firearm,,C
182089538,164490016,2022-11-30,Winston-Salem,NC0340200,13A,B,B,N,M,14,R,N,,Residence/Home,Home,Firearm,,C
182089539,164490016,2022-11-30,Winston-Salem,NC0340200,13A,B,B,N,F,12,R,N,,Residence/Home,Home,Firearm,,C
182089540,164490016,2022-11-30,Winston-Salem,NC0340200,13A,B,B,N,M,15,R,N,,Residence/Home,Home,Firearm,,C
182089541,164490016,2022-11-30,Winston-Salem,NC0340200,13A,B,B,N,F,17,R,N,,Residence/Home,Home,Firearm,,C
182089542,164490016,2022-11-30,Winston-Salem,NC0340200,13A,B,B,N,M,9,R,N,,Residence/Home,Home,Firearm,,C
182089543,164490016,2022-11-30,Winston-Salem,NC0340200,13A,B,B,N,M,10,R,N,,Residence/Home,Home,Firearm,,C
182089544,164490016,2022-11-30,Winston-Salem,NC0340200,13A,B,B,N,F,15,R,N,,Residence/Home,Home,Firearm,,C
182089593,164490060,2022-11-30,Winston-Salem,NC0340200,13A,B,B,N,M,35,R,N,,Highway/Road/Alley/Street/Sidewalk,Street & Sidewalk,Rifle,Other Major Injury,C
182089594,164490060,2022-11-30,Winston-Salem,NC0340200,13A,B,B,N,M,19,R,N,,Highway/Road/Alley/Street/Sidewalk,Street & Sidewalk,Rifle,Other Major Injury,C
182089599,164490063,2022-11-30,Winston-Salem,NC0340200,13A,B,B,N,M,51,R,N,,Residence/Home,Home,Rifle,,C
182089600,164490064,2022-11-30,Winston-Salem,NC0340200,13A,B,B,N,M,52,R,N,,Residence/Home,Home,Rifle,,C
182089601,164490064,2022-11-30,Winston-Salem,NC0340200,13A,B,B,N,F,38,R,N,,Residence/Home,Home,Rifle,,C
182089602,164490064,2022-11-30,Winston-Salem,NC0340200,13A,B,B,N,M,21,R,N,,Residence/Home,Home,Rifle,,C
182089603,164490064,2022-11-30,Winston-Salem,NC0340200,13A,B,B,N,M,12,R,N,,Residence/Home,Home,Rifle,,C
182089604,164490064,2022-11-30,Winston-Salem,NC0340200,13A,B,B,N,F,19,R,N,,Residence/Home,Home,Rifle,,C
182089605,164490064,2022-11-30,Winston-Salem,NC0340200,13A,B,B,N,F,11,R,N,,Residence/Home,Home,Rifle,,C
182089606,164490064,2022-11-30,Winston-Salem,NC0340200,13A,B,B,N,M,12,R,N,,Residence/Home,Home,Rifle,,C
182089607,164490064,2022-11-30,Winston-Salem,NC0340200,13A,B,B,N,F,2,R,N,,Residence/Home,Home,Rifle,,C
182089608,164490064,2022-11-30,Winston-Salem,NC0340200,13A,B,B,N,F,5,R,N,,Residence/Home,Home,Rifle,,C
182089609,164490065,2022-11-30,Winston-Salem,NC0340200,13A,B,B,N,F,56,R,N,,Residence/Home,Home,Firearm,,C
182089629,164490076,2022-11-30,Winston-Salem,NC0340200,13A,W,W,N,F,78,R,N,,Residence/Home,Home,Firearm,,C
182089630,164490077,2022-11-30,Winston-Salem,NC0340200,13A,W,W,N,M,44,R,N,,Residence/Home,Home,Firearm,,C
182089631,164490077,2022-11-30,Winston-Salem,NC0340200,13A,W,W,N,F,67,R,N,,Residence/Home,Home,Firearm,,C
182089632,164490077,2022-11-30,Winston-Salem,NC0340200,13A,W,W,N,M,12,R,N,,Residence/Home,Home,Firearm,,C
188882881,170414932,2022-11-30,Winston-Salem,NC0340200,13A,B,B,N,F,69,R,N,RU,Residence/Home,Home,Firearm,,C
188882882,170414932,2022-11-30,Winston-Salem,NC0340200,13A,B,B,N,F,53,R,N,RU,Residence/Home,Home,Firearm,Other Major Injury,C
188882883,170414932,2022-11-30,Winston-Salem,NC0340200,13A,B,B,N,F,44,R,N,RU,Residence/Home,Home,Firearm,,C
188882885,170414932,2022-11-30,Winston-Salem,NC0340200,13A,B,B,N,M,34,R,N,RU,Residence/Home,Home,Firearm,,C
188882886,170414932,2022-11-30,Winston-Salem,NC0340200,13A,B,B,N,F,64,R,N,RU,Residence/Home,Home,Firearm,,C
188882887,170414932,2022-11-30,Winston-Salem,NC0340200,13A,B,B,N,M,15,R,N,RU,Residence/Home,Home,Firearm,,C
188882888,170414932,2022-11-30,Winston-Salem,NC0340200,13A,B,B,N,F,18,R,N,RU,Residence/Home,Home,Firearm,,C
188882889,170414933,2022-11-30,Winston-Salem,NC0340200,13A,B,B,N,M,20,R,N,RU,Residence/Home,Home,Firearm,,C
188882890,170414933,2022-11-30,Winston-Salem,NC0340200,13A,B,B,N,F,19,R,N,RU,Residence/Home,Home,Firearm,,C
184806618,166861820,2022-12-01,Winston-Salem,NC0340200,13A,W,W,N,F,58,N,N,RU,Residence/Home,Home,Firearm,,C
184806619,166861820,2022-12-01,Winston-Salem,NC0340200,13A,H,W,H,M,38,R,N,RU,Residence/Home,Home,Firearm,,C
184806620,166861820,2022-12-01,Winston-Salem,NC0340200,13A,H,W,H,F,32,R,N,RU,Residence/Home,Home,Firearm,,C
184806621,166861820,2022-12-01,Winston-Salem,NC0340200,13A,H,W,H,F,36,R,N,RU,Residence/Home,Home,Firearm,,C
184806665,166861861,2022-12-02,Winston-Salem,NC0340200,13A,W,W,N,M,41,R,N,RU,Highway/Road/Alley/Street/Sidewalk,Street & Sidewalk,Handgun,,C
184806666,166861862,2022-12-02,Winston-Salem,NC0340200,13A,B,B,N,M,33,R,N,AQ,Residence/Home,Home,Knife/Cutting Instrument,Minor Injury,C
184806702,166861891,2022-12-02,Winston-Salem,NC0340200,13A,B,B,N,M,31,N,N,AQ,Residence/Home,Home,Personal Weapons,,C
184806718,166861905,2022-12-02,Winston-Salem,NC0340200,13A,W,W,N,F,23,R,N,,Residence/Home,Home,Firearm,,C
184806719,166861905,2022-12-02,Winston-Salem,NC0340200,13A,W,W,N,M,27,R,N,,Residence/Home,Home,Firearm,,C
184806720,166861905,2022-12-02,Winston-Salem,NC0340200,13A,W,W,N,F,26,R,N,,Residence/Home,Home,Firearm,,C
184806721,166861905,2022-12-02,Winston-Salem,NC0340200,13A,W,W,N,F,18,R,N,,Residence/Home,Home,Firearm,,C
188882891,170414934,2022-12-02,Winston-Salem,NC0340200,13A,B,B,N,M,39,R,N,RU,Residence/Home,Home,Rifle,,C
188882892,170414934,2022-12-02,Winston-Salem,NC0340200,13A,B,B,N,M,18,R,N,RU,Residence/Home,Home,Rifle,,C
188882893,170414934,2022-12-02,Winston-Salem,NC0340200,13A,B,B,N,F,18,R,N,RU,Residence/Home,Home,Rifle,,C
188882894,170414934,2022-12-02,Winston-Salem,NC0340200,13A,B,B,N,F,22,R,N,RU,Residence/Home,Home,Rifle,,C
188882895,170414934,2022-12-02,Winston-Salem,NC0340200,13A,B,B,N,F,40,R,N,RU,Residence/Home,Home,Rifle,,C
188882896,170414934,2022-12-02,Winston-Salem,NC0340200,13A,B,B,N,F,20,R,N,RU,Residence/Home,Home,Rifle,,C
188882897,170414934,2022-12-02,Winston-Salem,NC0340200,13A,B,B,N,M,21,R,N,RU,Residence/Home,Home,Rifle,,C
188882898,170414934,2022-12-02,Winston-Salem,NC0340200,13A,B,B,N,M,2,R,N,RU,Residence/Home,Home,Rifle,,C
184806744,166861921,2022-12-03,Winston-Salem,NC0340200,13A,B,B,N,F,58,R,N,FR,Residence/Home,Home,Personal Weapons,,C
184806748,166861925,2022-12-03,Winston-Salem,NC0340200,13A,H,W,H,F,28,R,Y,XR,Residence/Home,Home,Handgun,Minor Injury,C
184806768,166861944,2022-12-03,Winston-Salem,NC0340200,13A,B,B,N,F,22,N,Y,XR,Residence/Home,Home,Personal Weapons,Possible Internal Injury;Unconscious,C
184806772,166861948,2022-12-03,Winston-Salem,NC0340200,13A,W,W,N,M,57,N,N,,Parking/Drop Lot/Garage,Parking Lot,Other,Minor Injury,C
184806818,166861990,2022-12-04,Winston-Salem,NC0340200,13A,W,W,N,F,27,N,N,,Bar/Nightclub,Bar & Nightclub,Personal Weapons,Severe Laceration,C
184806823,166861995,2022-12-04,Winston-Salem,NC0340200,13A,I,I,N,F,33,R,Y,XR,Bar/Nightclub,Bar & Nightclub,Firearm,,C
184806827,166861998,2022-12-04,Winston-Salem,NC0340200,13A,W,W,N,M,28,R,N,AQ,Residence/Home,Home,Knife/Cutting Instrument,,C
184806861,166862030,2022-12-04,Winston-Salem,NC0340200,13A,H,W,H,M,33,R,N,AQ,Parking/Drop Lot/Garage,Parking Lot,Motor Vehicle/Vessel,,C
184806871,166862038,2022-12-04,Winston-Salem,NC0340200,13A,H,W,H,M,32,R,N,,Highway/Road/Alley/Street/Sidewalk,Street & Sidewalk,Motor Vehicle/Vessel,Minor Injury,C
184806880,166862045,2022-12-04,Winston-Salem,NC0340200,13A,B,B,N,F,47,R,N,,Highway/Road/Alley/Street/Sidewalk,Street & Sidewalk,Handgun,,C
184806886,166862050,2022-12-04,Winston-Salem,NC0340200,13A,B,B,N,M,75,R,N,,Highway/Road/Alley/Street/Sidewalk,Street & Sidewalk,Handgun,,C
184806887,166862050,2022-12-04,Winston-Salem,NC0340200,13A,B,B,N,F,69,R,N,,Highway/Road/Alley/Street/Sidewalk,Street & Sidewalk,Handgun,,C
184806888,166862050,2022-12-04,Winston-Salem,NC0340200,13A,B,B,N,M,13,R,N,,Highway/Road/Alley/Street/Sidewalk,Street & Sidewalk,Handgun,,C
184806889,166862050,2022-12-04,Winston-Salem,NC0340200,13A,B,B,N,F,14,R,N,,Highway/Road/Alley/Street/Sidewalk,Street & Sidewalk,Handgun,,C
184806890,166862050,2022-12-04,Winston-Salem,NC0340200,13A,B,B,N,F,14,R,N,,Highway/Road/Alley/Street/Sidewalk,Street & Sidewalk,Handgun,,C
184806891,166862050,2022-12-04,Winston-Salem,NC0340200,13A,B,B,N,M,18,R,N,,Highway/Road/Alley/Street/Sidewalk,Street & Sidewalk,Handgun,,C
184806892,166862050,2022-12-04,Winston-Salem,NC0340200,13A,W,W,N,M,72,R,N,,Highway/Road/Alley/Street/Sidewalk,Street & Sidewalk,Handgun,,C
184806893,166862050,2022-12-04,Winston-Salem,NC0340200,13A,B,B,N,F,9,R,N,,Highway/Road/Alley/Street/Sidewalk,Street & Sidewalk,Handgun,,C
184806894,166862050,2022-12-04,Winston-Salem,NC0340200,13A,B,B,N,M,12,R,N,,Highway/Road/Alley/Street/Sidewalk,Street & Sidewalk,Handgun,,C
184806895,166862050,2022-12-04,Winston-Salem,NC0340200,13A,B,B,N,F,9,R,N,,Highway/Road/Alley/Street/Sidewalk,Street & Sidewalk,Handgun,,C
184806896,166862050,2022-12-04,Winston-Salem,NC0340200,13A,B,B,N,F,39,R,N,,Highway/Road/Alley/Street/Sidewalk,Street & Sidewalk,Handgun,,C
184806898,166862052,2022-12-05,Winston-Salem,NC0340200,13A,B,B,N,F,26,N,N,OK,Residence/Home,Home,Handgun,Other Major Injury,C
184807093,166862212,2022-12-05,Winston-Salem,NC0340200,13A,B,B,N,F,16,R,N,,Residence/Home,Home,Handgun,,C
184806984,166862119,2022-12-06,Winston-Salem,NC0340200,13A,B,B,N,M,45,R,Y,SE,Residence/Home,Home,Handgun,,C
184807002,166862136,2022-12-06,Winston-Salem,NC0340200,13A,W,W,N,M,6,R,N,CH;OF,Residence/Home,Home,Fire/Incendiary Device,Other Major Injury,C
184807003,166862137,2022-12-06,Winston-Salem,NC0340200,13A,B,B,N,F,48,R,N,PA,Residence/Home,Home,Other,,C
184807014,166862146,2022-12-06,Winston-Salem,NC0340200,13A,B,B,N,F,41,R,N,AQ,Highway/Road/Alley/Street/Sidewalk,Street & Sidewalk,Handgun,,C
184807015,166862146,2022-12-06,Winston-Salem,NC0340200,13A,B,B,N,F,18,R,N,AQ,Highway/Road/Alley/Street/Sidewalk,Street & Sidewalk,Handgun,,C
184807017,166862148,2022-12-06,Winston-Salem,NC0340200,13A,W,W,N,F,8,R,N,CH,Residence/Home,Home,Blunt Object,,C
188882899,170414935,2022-12-06,Winston-Salem,NC0340200,13A,W,W,N,M,43,R,N,,Residence/Home,Home,Handgun;Rifle,,C
188882900,170414935,2022-12-06,Winston-Salem,NC0340200,13A,W,W,N,M,30,R,N,,Residence/Home,Home,Handgun;Rifle,,C
188882901,170414935,2022-12-06,Winston-Salem,NC0340200,13A,B,B,N,F,38,R,N,,Residence/Home,Home,Handgun;Rifle,,C
188882902,170414935,2022-12-06,Winston-Salem,NC0340200,13A,W,W,N,M,8,R,N,,Residence/Home,Home,Handgun;Rifle,,C
188882903,170414935,2022-12-06,Winston-Salem,NC0340200,13A,W,W,N,F,39,N,N,,Residence/Home,Home,Handgun;Rifle,,C
188882904,170414935,2022-12-06,Winston-Salem,NC0340200,13A,B,B,N,M,33,R,N,,Residence/Home,Home,Handgun;Rifle,,C
188882905,170414935,2022-12-06,Winston-Salem,NC0340200,13A,W,W,N,F,26,R,N,,Residence/Home,Home,Handgun;Rifle,,C
188882906,170414935,2022-12-06,Winston-Salem,NC0340200,13A,W,W,N,M,21,R,N,,Residence/Home,Home,Handgun;Rifle,,C
188882907,170414935,2022-12-06,Winston-Salem,NC0340200,13A,W,W,N,M,16,R,N,,Residence/Home,Home,Handgun;Rifle,,C
188882908,170414935,2022-12-06,Winston-Salem,NC0340200,13A,B,B,N,F,15,N,N,,Residence/Home,Home,Handgun;Rifle,,C
188882909,170414935,2022-12-06,Winston-Salem,NC0340200,13A,B,B,N,F,10,N,N,,Residence/Home,Home,Handgun;Rifle,,C
188882910,170414935,2022-12-06,Winston-Salem,NC0340200,13A,B,B,N,F,8,N,N,,Residence/Home,Home,Handgun;Rifle,,C
184807045,166862173,2022-12-07,Winston-Salem,NC0340200,13A,W,W,N,M,47,N,Y,XR,Highway/Road/Alley/Street/Sidewalk,Street & Sidewalk,Motor Vehicle/Vessel,,C
184807046,166862174,2022-12-07,Winston-Salem,NC0340200,13A,B,B,N,F,48,R,N,,Residence/Home,Home,Firearm,,C
184807047,166862174,2022-12-07,Winston-Salem,NC0340200,13A,B,B,N,M,45,R,N,,Residence/Home,Home,Firearm,,C
184807048,166862174,2022-12-07,Winston-Salem,NC0340200,13A,B,B,N,F,35,R,N,,Residence/Home,Home,Firearm,,C
184807049,166862174,2022-12-07,Winston-Salem,NC0340200,13A,B,B,N,M,35,N,N,,Residence/Home,Home,Firearm,,C
184807052,166862176,2022-12-07,Winston-Salem,NC0340200,13A,B,B,N,F,26,R,Y,BG,Parking/Drop Lot/Garage,Parking Lot,Handgun;Motor Vehicle/Vessel,,C
184807082,166862202,2022-12-07,Winston-Salem,NC0340200,13A,B,B,N,M,70,R,N,,Residence/Home,Home,Blunt Object,Minor Injury,C
184807186,166862293,2022-12-09,Winston-Salem,NC0340200,13A,B,B,N,F,67,R,N,,Residence/Home,Home,Handgun,,C
184807187,166862293,2022-12-09,Winston-Salem,NC0340200,13A,B,B,N,F,34,R,N,,Residence/Home,Home,Handgun,,C
184807188,166862293,2022-12-09,Winston-Salem,NC0340200,13A,B,B,N,M,35,R,N,,Residence/Home,Home,Handgun,,C
184807189,166862293,2022-12-09,Winston-Salem,NC0340200,13A,B,B,N,F,30,R,N,,Residence/Home,Home,Handgun,,C
184807190,166862293,2022-12-09,Winston-Salem,NC0340200,13A,W,W,N,F,20,R,N,,Residence/Home,Home,Handgun,,C
184807191,166862293,2022-12-09,Winston-Salem,NC0340200,13A,W,W,N,M,21,R,N,,Residence/Home,Home,Handgun,,C
184807195,166862297,2022-12-09,Winston-Salem,NC0340200,13A,B,B,N,M,52,R,Y,SE;VO,Residence/Home,Home,Knife/Cutting Instrument,Minor Injury,C
184807219,166862320,2022-12-09,Winston-Salem,NC0340200,13A,H,W,H,F,20,R,Y,XR,Residence/Home,Home,Personal Weapons,Minor Injury,C
184807271,166862369,2022-12-09,Winston-Salem,NC0340200,13A,W,W,N,F,67,R,N,,Residence/Home,Home,Firearm,,C
184807272,166862369,2022-12-09,Winston-Salem,NC0340200,13A,W,W,N,M,68,R,N,,Residence/Home,Home,Firearm,,C
184807254,166862354,2022-12-10,Winston-Salem,NC0340200,13A,H,W,H,M,33,R,N,FR,Highway/Road/Alley/Street/Sidewalk,Street & Sidewalk,Handgun,Other Major Injury,C
184807263,166862362,2022-12-10,Winston-Salem,NC0340200,13A,H,W,H,M,39,R,Y,SE,Residence/Home,Home,Knife/Cutting Instrument,Minor Injury,C
184807284,166862380,2022-12-10,Winston-Salem,NC0340200,13A,W,W,N,M,22,N,N,,Parking/Drop Lot/Garage,Parking Lot,Handgun,,C
184807343,166862435,2022-12-11,Winston-Salem,NC0340200,13A,B,B,N,M,26,R,N,,Highway/Road/Alley/Street/Sidewalk,Street & Sidewalk,Handgun,,C
184807375,166862465,2022-12-11,Winston-Salem,NC0340200,13A,B,B,N,F,26,R,N,CH;VO,Residence/Home,Home,Knife/Cutting Instrument,,C
184807376,166862465,2022-12-11,Winston-Salem,NC0340200,13A,B,B,N,F,45,R,N,PA;VO,Residence/Home,Home,Knife/Cutting Instrument,,C
184807390,166862476,2022-12-12,Winston-Salem,NC0340200,13A,W,W,N,M,50,R,N,AQ;VO,Residence/Home,Home,Handgun;Knife/Cutting Instrument,Severe Laceration,C
184807391,166862476,2022-12-12,Winston-Salem,NC0340200,13A,W,W,N,M,39,R,N,AQ;VO,Residence/Home,Home,Handgun;Knife/Cutting Instrument,Other Major Injury,C
184807424,166862504,2022-12-12,Winston-Salem,NC0340200,13A,W,W,N,M,51,N,N,ST,Parking/Drop Lot/Garage,Parking Lot,Knife/Cutting Instrument,,C
184807454,166862531,2022-12-12,Winston-Salem,NC0340200,13A,B,B,N,M,14,R,N,,Highway/Road/Alley/Street/Sidewalk,Street & Sidewalk,Handgun,Other Major Injury,C
184807462,166862538,2022-12-12,Winston-Salem,NC0340200,13A,B,B,N,M,39,R,N,,Residence/Home,Home,Firearm,,C
184807463,166862538,2022-12-12,Winston-Salem,NC0340200,13A,B,B,N,F,40,R,N,,Residence/Home,Home,Firearm,,C
184807515,166862585,2022-12-13,Winston-Salem,NC0340200,13A,B,B,N,M,30,R,N,,Specialty Store,Specialty Store,Handgun,,C
184807559,166862624,2022-12-14,Winston-Salem,NC0340200,13A,W,W,U,M,46,U,N,,Field/Woods,Field & Woods,Other,,C
184807566,166862630,2022-12-14,Winston-Salem,NC0340200,13A,B,B,N,M,30,R,N,RU,Other/Unknown,Other & Unknown,Handgun,,C
184807600,166862664,2022-12-15,Winston-Salem,NC0340200,13A,W,W,N,F,49,R,Y,BG,Field/Woods,Field & Woods,Knife/Cutting Instrument,,C
184807648,166862706,2022-12-15,Winston-Salem,NC0340200,13A,B,B,N,M,,U,N,,Parking/Drop Lot/Garage,Parking Lot,Firearm,,C
184807694,166862747,2022-12-16,Winston-Salem,NC0340200,13A,B,B,N,M,,R,N,,Highway/Road/Alley/Street/Sidewalk,Street & Sidewalk,Other Firearm,,C
184807714,166862765,2022-12-16,Winston-Salem,NC0340200,13A,H,W,H,M,21,R,N,ST,Highway/Road/Alley/Street/Sidewalk,Street & Sidewalk,Knife/Cutting Instrument,Minor Injury,C
184807716,166862766,2022-12-16,Winston-Salem,NC0340200,13A,B,B,N,M,22,N,N,,Specialty Store,Specialty Store,Firearm,,C
184807745,166862788,2022-12-17,Winston-Salem,NC0340200,13A,B,B,N,M,58,R,Y,BG,Residence/Home,Home,Knife/Cutting Instrument,Other Major Injury,C
184807779,166862818,2022-12-17,Winston-Salem,NC0340200,13A,B,B,N,M,21,R,N,FR;VO,Residence/Home,Home,Other,Minor Injury,C
184807780,166862818,2022-12-17,Winston-Salem,NC0340200,13A,H,W,H,M,18,R,N,FR;VO,Residence/Home,Home,Other,Minor Injury,C
184807797,166862832,2022-12-17,Winston-Salem,NC0340200,13A,W,W,N,M,19,R,N,,Highway/Road/Alley/Street/Sidewalk,Street & Sidewalk,Motor Vehicle/Vessel,,C
184807814,166862847,2022-12-17,Winston-Salem,NC0340200,13A,B,B,N,M,20,N,N,,Bar/Nightclub,Bar & Nightclub,Handgun,,C
184807818,166862850,2022-12-18,Winston-Salem,NC0340200,13A,B,B,N,M,47,R,N,NE,Residence/Home,Home,Firearm,,C
184807819,166862851,2022-12-18,Winston-Salem,NC0340200,13A,H,W,H,M,31,R,N,OK,Residence/Home,Home,Handgun,,C
184807826,166862858,2022-12-18,Winston-Salem,NC0340200,13A,B,B,N,F,58,R,Y,BG,Residence/Home,Home,Knife/Cutting Instrument;Personal Weapons,,C
184807828,166862860,2022-12-18,Winston-Salem,NC0340200,13A,B,B,N,F,37,R,Y,BG,Residence/Home,Home,Handgun,,C
184807843,166862874,2022-12-18,Winston-Salem,NC0340200,13A,H,W,H,M,27,R,Y,BG,Residence/Home,Home,Knife/Cutting Instrument,Minor Injury,C
184807844,166862875,2022-12-18,Winston-Salem,NC0340200,13A,B,B,N,M,16,R,N,,Residence/Home,Home,Firearm,,C
184807870,166862897,2022-12-19,Winston-Salem,NC0340200,13A,B,B,N,F,60,R,N,,Residence/Home,Home,Firearm,,C
184807871,166862897,2022-12-19,Winston-Salem,NC0340200,13A,B,B,N,F,31,R,N,,Residence/Home,Home,Firearm,,C
184807872,166862897,2022-12-19,Winston-Salem,NC0340200,13A,B,B,N,M,60,R,N,,Residence/Home,Home,Firearm,,C
184807873,166862897,2022-12-19,Winston-Salem,NC0340200,13A,B,B,N,F,4,R,N,,Residence/Home,Home,Firearm,,C
184807874,166862897,2022-12-19,Winston-Salem,NC0340200,13A,B,B,N,F,7,R,N,,Residence/Home,Home,Firearm,,C
184807875,166862897,2022-12-19,Winston-Salem,NC0340200,13A,B,B,N,F,5,R,N,,Residence/Home,Home,Firearm,,C
184807876,166862897,2022-12-19,Winston-Salem,NC0340200,13A,B,B,N,F,10,R,N,,Residence/Home,Home,Firearm,,C
184807910,166862927,2022-12-19,Winston-Salem,NC0340200,13A,B,B,N,M,37,R,Y,XR,Residence/Home,Home,Blunt Object;Motor Vehicle/Vessel,Minor Injury,C
184807935,166862951,2022-12-19,Winston-Salem,NC0340200,13A,B,B,N,F,21,R,Y,BG,Residence/Home,Home,Blunt Object;Personal Weapons,,C
184807977,166862988,2022-12-19,Winston-Salem,NC0340200,13A,H,W,H,F,37,R,Y,BG,Residence/Home,Home,Handgun,,C
184807996,166863004,2022-12-20,Winston-Salem,NC0340200,13A,H,W,H,F,29,R,Y,BG;VO,Residence/Home,Home,Handgun,,C
184808042,166863038,2022-12-21,Winston-Salem,NC0340200,13A,W,W,N,F,51,R,Y,SE,Residence/Home,Home,Handgun,,C
184808062,166863055,2022-12-21,Winston-Salem,NC0340200,13A,B,B,N,M,14,R,N,CH,Residence/Home,Home,Blunt Object,Possible Internal Injury,C
184808086,166863078,2022-12-21,Winston-Salem,NC0340200,13A,B,B,N,F,28,N,Y,XR,Highway/Road/Alley/Street/Sidewalk,Street & Sidewalk,Motor Vehicle/Vessel;Personal Weapons,,C
184808087,166863079,2022-12-21,Winston-Salem,NC0340200,13A,H,W,H,M,34,R,N,,Residence/Home,Home,Handgun,,C
184808105,166863096,2022-12-22,Winston-Salem,NC0340200,13A,B,B,N,M,20,R,N,,Service/Gas Station,Gas Station,Personal Weapons,,C
185437406,167411288,2022-12-22,Winston-Salem,NC0340200,13A,B,B,N,M,56,R,N,,Residence/Home,Home,Knife/Cutting Instrument,Possible Internal Injury;Severe Laceration,C
184808178,166863155,2022-12-23,Winston-Salem,NC0340200,13A,B,B,N,F,34,R,N,,Residence/Home,Home,Handgun;Rifle,,C
184808179,166863155,2022-12-23,Winston-Salem,NC0340200,13A,B,B,N,M,13,R,N,,Residence/Home,Home,Handgun;Rifle,,C
184808180,166863155,2022-12-23,Winston-Salem,NC0340200,13A,B,B,N,F,11,R,N,,Residence/Home,Home,Handgun;Rifle,,C
184808181,166863155,2022-12-23,Winston-Salem,NC0340200,13A,B,B,N,M,7,R,N,,Residence/Home,Home,Handgun;Rifle,,C
184808182,166863155,2022-12-23,Winston-Salem,NC0340200,13A,B,B,N,M,0,R,N,,Residence/Home,Home,Handgun;Rifle,,C
184808183,166863155,2022-12-23,Winston-Salem,NC0340200,13A,B,B,N,F,2,R,N,,Residence/Home,Home,Handgun;Rifle,,C
184808244,166863210,2022-12-24,Winston-Salem,NC0340200,13A,B,B,N,M,24,R,Y,XS,Highway/Road/Alley/Street/Sidewalk,Street & Sidewalk,Motor Vehicle/Vessel,Minor Injury,C
184808307,166863259,2022-12-25,Winston-Salem,NC0340200,13A,H,W,H,M,68,R,N,,Residence/Home,Home,Firearm,,C
184808308,166863259,2022-12-25,Winston-Salem,NC0340200,13A,H,W,H,M,19,R,N,,Residence/Home,Home,Firearm,,C
184808310,166863259,2022-12-25,Winston-Salem,NC0340200,13A,H,W,H,F,54,R,N,,Residence/Home,Home,Firearm,,C
184808327,166863273,2022-12-25,Winston-Salem,NC0340200,13A,B,B,N,M,38,R,N,OK,Residence/Home,Home,Handgun,,C
184808328,166863273,2022-12-25,Winston-Salem,NC0340200,13A,B,B,N,F,56,R,N,OK,Residence/Home,Home,Handgun,,C
184808337,166863281,2022-12-25,Winston-Salem,NC0340200,13A,B,B,N,F,28,R,Y,BG,Residence/Home,Home,Personal Weapons,Minor Injury,C
184808338,166863282,2022-12-25,Winston-Salem,NC0340200,13A,A,A,N,F,37,R,N,AQ,Residence/Home,Home,Motor Vehicle/Vessel,,C
184808359,166863299,2022-12-26,Winston-Salem,NC0340200,13A,W,W,N,F,20,R,N,,Other/Unknown,Other & Unknown,Unknown,,C
184808400,166863336,2022-12-26,Winston-Salem,NC0340200,13A,W,W,N,M,77,R,N,,Residence/Home,Home,Blunt Object,Minor Injury,C
184808402,166863338,2022-12-26,Winston-Salem,NC0340200,13A,B,B,N,F,38,N,N,SB,Residence/Home,Home,Handgun,,C
184808438,166863365,2022-12-27,Winston-Salem,NC0340200,13A,B,B,N,F,47,R,N,SB,Residence/Home,Home,Knife/Cutting Instrument;Personal Weapons,Minor Injury,C
184808481,166863403,2022-12-28,Winston-Salem,NC0340200,13A,W,W,N,M,54,N,N,RU,Highway/Road/Alley/Street/Sidewalk,Street & Sidewalk,Motor Vehicle/Vessel,,C
184808483,166863405,2022-12-28,Winston-Salem,NC0340200,13A,B,B,N,F,42,R,N,NE,Residence/Home,Home,Other,,C
184808495,166863413,2022-12-28,Winston-Salem,NC0340200,13A,B,B,N,F,22,R,N,NE,Residence/Home,Home,Handgun,,C
184808509,166863424,2022-12-28,Winston-Salem,NC0340200,13A,B,B,N,M,28,R,N,CF,Residence/Home,Home,Motor Vehicle/Vessel,,C
184808510,166863424,2022-12-28,Winston-Salem,NC0340200,13A,B,B,N,F,26,N,N,SB,Residence/Home,Home,Motor Vehicle/Vessel,,C
184808511,166863424,2022-12-28,Winston-Salem,NC0340200,13A,B,B,N,M,0,R,N,CH,Residence/Home,Home,Motor Vehicle/Vessel,,C
184808520,166863432,2022-12-28,Winston-Salem,NC0340200,13A,W,W,N,F,56,R,N,PA,Residence/Home,Home,Blunt Object,,C
184808567,166863475,2022-12-28,Winston-Salem,NC0340200,13A,W,W,N,M,34,R,N,ST,Other/Unknown,Other & Unknown,Handgun,,C
184808537,166863445,2022-12-29,Winston-Salem,NC0340200,13A,B,B,N,F,18,R,N,SB,Residence/Home,Home,Blunt Object,,C
184808572,166863480,2022-12-29,Winston-Salem,NC0340200,13A,H,W,H,F,29,R,Y,XR,Residence/Home,Home,Handgun,,C
184808653,166863557,2022-12-30,Winston-Salem,NC0340200,13A,W,W,N,F,39,R,N,AQ,Residence/Home,Home,Blunt Object,,C
184808654,166863557,2022-12-30,Winston-Salem,NC0340200,13A,W,W,N,F,21,R,N,AQ,Residence/Home,Home,Blunt Object,,C
184808655,166863558,2022-12-31,Winston-Salem,NC0340200,13A,B,B,N,F,41,R,Y,BG,Residence/Home,Home,Handgun,,C
184808691,166863592,2022-12-31,Winston-Salem,NC0340200,13A,B,B,N,M,24,R,N,CH,Residence/Home,Home,Knife/Cutting Instrument,Minor Injury,C
184808742,166863642,2022-12-31,Winston-Salem,NC0340200,13A,W,W,N,F,42,R,N,,Residence/Home,Home,,,C
184808743,166863642,2022-12-31,Winston-Salem,NC0340200,13A,W,W,N,F,44,R,N,,Residence/Home,Home,,,C
184808744,166863642,2022-12-31,Winston-Salem,NC0340200,13A,W,W,N,M,13,R,N,,Residence/Home,Home,,,C
184808745,166863642,2022-12-31,Winston-Salem,NC0340200,13A,W,W,N,M,2,R,N,,Residence/Home,Home,,,C
184808746,166863642,2022-12-31,Winston-Salem,NC0340200,13A,W,W,N,M,43,R,N,,Residence/Home,Home,,,C
185437411,167411292,2022-12-31,Winston-Salem,NC0340200,13A,B,B,N,F,24,R,N,AQ;RU,Residence/Home,Home,Firearm,Minor Injury,C
185437412,167411293,2023-01-01,Winston-Salem,NC0340200,13A,H,W,H,F,32,R,N,,Residence/Home,Home,Firearm,,C
185437426,167411307,2023-01-01,Winston-Salem,NC0340200,13A,B,B,N,M,23,R,N,,Highway/Road/Alley/Street/Sidewalk,Street & Sidewalk,Other Firearm,Minor Injury,C
185437429,167411310,2023-01-01,Winston-Salem,NC0340200,13A,H,W,H,M,36,R,N,,Residence/Home,Home,Unknown,,C
185437430,167411311,2023-01-01,Winston-Salem,NC0340200,13A,H,W,H,M,42,R,N,,Residence/Home,Home,Firearm,,C
185437431,167411311,2023-01-01,Winston-Salem,NC0340200,13A,H,W,H,F,40,R,N,,Residence/Home,Home,Firearm,,C
185437432,167411311,2023-01-01,Winston-Salem,NC0340200,13A,B,B,N,F,13,R,N,,Residence/Home,Home,Firearm,,C
185437433,167411311,2023-01-01,Winston-Salem,NC0340200,13A,B,B,N,F,2,R,N,,Residence/Home,Home,Firearm,,C
185437436,167411314,2023-01-01,Winston-Salem,NC0340200,13A,B,B,N,F,69,R,N,,Residence/Home,Home,Firearm,,C
185437454,167411330,2023-01-01,Winston-Salem,NC0340200,13A,W,W,N,F,37,R,N,,Convenience Store,Convenience Store,Handgun,,C
185437478,167411353,2023-01-01,Winston-Salem,NC0340200,13A,H,W,H,M,42,R,N,,Residence/Home,Home,Unknown,,C
185437479,167411353,2023-01-01,Winston-Salem,NC0340200,13A,H,W,H,F,40,R,N,,Residence/Home,Home,Unknown,,C
185437480,167411353,2023-01-01,Winston-Salem,NC0340200,13A,H,B,H,M,17,R,N,,Residence/Home,Home,Unknown,,C
185437481,167411353,2023-01-01,Winston-Salem,NC0340200,13A,W,W,N,F,16,R,N,,Residence/Home,Home,Unknown,,C
185437482,167411353,2023-01-01,Winston-Salem,NC0340200,13A,B,B,N,F,2,R,N,,Residence/Home,Home,Unknown,,C
185437493,167411362,2023-01-01,Winston-Salem,NC0340200,13A,B,B,N,F,58,R,N,,Residence/Home,Home,Firearm,,C
187718382,169400050,2023-01-01,Winston-Salem,NC0340200,13A,B,B,N,F,33,N,Y,BG,Residence/Home,Home,Knife/Cutting Instrument,Minor Injury,C
187718385,169400052,2023-01-01,Winston-Salem,NC0340200,13A,B,B,N,M,44,R,N,,Residence/Home,Home,Firearm,,C
187718386,169400052,2023-01-01,Winston-Salem,NC0340200,13A,B,B,N,M,20,R,N,,Residence/Home,Home,Firearm,,C
187718387,169400052,2023-01-01,Winston-Salem,NC0340200,13A,B,B,N,M,13,R,N,,Residence/Home,Home,Firearm,,C
187718388,169400052,2023-01-01,Winston-Salem,NC0340200,13A,B,B,N,F,19,R,N,,Residence/Home,Home,Firearm,,C
185437544,167411403,2023-01-02,Winston-Salem,NC0340200,13A,W,W,N,M,33,R,N,AQ,Field/Woods,Field & Woods,Blunt Object,Minor Injury,C
185437673,167411515,2023-01-04,Winston-Salem,NC0340200,13A,B,B,N,M,58,R,N,ST,Residence/Home,Home,Knife/Cutting Instrument,Severe Laceration,C
185437704,167411541,2023-01-04,Winston-Salem,NC0340200,13A,B,B,N,F,30,R,N,,Residence/Home,Home,Firearm,,C
185437705,167411541,2023-01-04,Winston-Salem,NC0340200,13A,B,B,N,F,7,R,N,,Residence/Home,Home,Firearm,,C
185437706,167411541,2023-01-04,Winston-Salem,NC0340200,13A,B,B,N,M,3,R,N,,Residence/Home,Home,Firearm,,C
192055946,173181745,2023-01-04,Winston-Salem,NC0340200,13A,B,B,N,M,22,N,N,RU,Residence/Home,Home,Firearm,,C
192055947,173181745,2023-01-04,Winston-Salem,NC0340200,13A,B,B,N,M,17,R,N,RU,Residence/Home,Home,Firearm,,C
192055948,173181745,2023-01-04,Winston-Salem,NC0340200,13A,B,B,N,F,20,R,N,RU,Residence/Home,Home,Firearm,,C
196466386,177034925,2023-01-04,Winston-Salem,NC0340200,13A,B,B,N,M,21,R,N,,Highway/Road/Alley/Street/Sidewalk,Street & Sidewalk,Handgun;Rifle,Other Major Injury,C
185437770,167411601,2023-01-06,Winston-Salem,NC0340200,13A,B,B,N,F,39,R,Y,XS,Residence/Home,Home,Personal Weapons,Minor Injury,C
185437808,167411635,2023-01-06,Winston-Salem,NC0340200,13A,B,B,N,F,29,R,N,PA,Residence/Home,Home,Knife/Cutting Instrument,,C
185437841,167411663,2023-01-07,Winston-Salem,NC0340200,13A,B,B,N,M,20,R,N,,Residence/Home,Home,Handgun,Other Major Injury,C
185437850,167411671,2023-01-07,Winston-Salem,NC0340200,13A,B,B,N,M,29,R,N,,Bar/Nightclub,Bar & Nightclub,Firearm,Other Major Injury,C
185437861,167411680,2023-01-07,Winston-Salem,NC0340200,13A,B,B,N,F,14,R,N,,Residence/Home,Home,Other Firearm,,C
185437862,167411680,2023-01-07,Winston-Salem,NC0340200,13A,B,B,N,F,31,R,N,,Residence/Home,Home,Other Firearm,,C
185437863,167411680,2023-01-07,Winston-Salem,NC0340200,13A,B,B,N,F,12,R,N,,Residence/Home,Home,Other Firearm,,C
185437864,167411680,2023-01-07,Winston-Salem,NC0340200,13A,B,B,N,M,11,R,N,,Residence/Home,Home,Other Firearm,,C
185437872,167411687,2023-01-07,Winston-Salem,NC0340200,13A,B,B,N,F,25,R,N,,Highway/Road/Alley/Street/Sidewalk,Street & Sidewalk,Handgun,,C
185437913,167411719,2023-01-07,Winston-Salem,NC0340200,13A,B,B,N,M,35,R,N,AQ,Highway/Road/Alley/Street/Sidewalk,Street & Sidewalk,Firearm,,C
185437914,167411719,2023-01-07,Winston-Salem,NC0340200,13A,B,B,N,F,34,R,Y,SE,Highway/Road/Alley/Street/Sidewalk,Street & Sidewalk,Firearm,,C
185437917,167411722,2023-01-07,Winston-Salem,NC0340200,13A,B,B,N,F,65,R,N,,Residence/Home,Home,Firearm,,C
185437918,167411722,2023-01-07,Winston-Salem,NC0340200,13A,B,B,N,M,48,R,N,,Residence/Home,Home,Firearm,,C
185437919,167411722,2023-01-07,Winston-Salem,NC0340200,13A,B,B,N,M,30,R,N,,Residence/Home,Home,Firearm,,C
185437927,167411730,2023-01-08,Winston-Salem,NC0340200,13A,B,B,N,F,23,R,N,OK,Highway/Road/Alley/Street/Sidewalk,Street & Sidewalk,Knife/Cutting Instrument,Severe Laceration,C
185437949,167411748,2023-01-08,Winston-Salem,NC0340200,13A,B,B,N,M,16,R,N,,Highway/Road/Alley/Street/Sidewalk,Street & Sidewalk,Rifle,,C
185437950,167411748,2023-01-08,Winston-Salem,NC0340200,13A,B,B,N,M,15,R,N,,Highway/Road/Alley/Street/Sidewalk,Street & Sidewalk,Rifle,,C
185438023,167411801,2023-01-08,Winston-Salem,NC0340200,13A,W,W,N,F,51,R,N,,Highway/Road/Alley/Street/Sidewalk,Street & Sidewalk,Handgun,,C
185437999,167411785,2023-01-09,Winston-Salem,NC0340200,13A,B,B,N,M,38,R,N,,Residence/Home,Home,Firearm,,C
185438026,167411804,2023-01-09,Winston-Salem,NC0340200,13A,W,W,N,F,34,R,N,,Highway/Road/Alley/Street/Sidewalk,Street & Sidewalk,Handgun,,C
185438027,167411804,2023-01-09,Winston-Salem,NC0340200,13A,B,B,N,M,30,R,N,,Highway/Road/Alley/Street/Sidewalk,Street & Sidewalk,Handgun,,C
185438036,167411811,2023-01-09,Winston-Salem,NC0340200,13A,B,B,N,F,25,R,N,,Residence/Home,Home,Knife/Cutting Instrument,Minor Injury,C
185438058,167411831,2023-01-09,Winston-Salem,NC0340200,13A,B,B,N,M,48,R,N,OK,Residence/Home,Home,Knife/Cutting Instrument,Other Major Injury,C
185438059,167411831,2023-01-09,Winston-Salem,NC0340200,13A,W,W,N,F,38,R,N,OK,Residence/Home,Home,Knife/Cutting Instrument,Severe Laceration,C
185438060,167411832,2023-01-09,Winston-Salem,NC0340200,13A,W,W,N,M,47,R,N,NE;VO,Residence/Home,Home,Blunt Object,Minor Injury,C
185438061,167411832,2023-01-09,Winston-Salem,NC0340200,13A,W,W,N,M,36,R,N,NE;VO,Residence/Home,Home,Blunt Object,Minor Injury,C
185438182,167411938,2023-01-09,Winston-Salem,NC0340200,13A,B,B,N,M,11,R,N,CH,Residence/Home,Home,Personal Weapons,Minor Injury,C
185438112,167411875,2023-01-10,Winston-Salem,NC0340200,13A,A,A,N,M,59,N,N,,Specialty Store,Specialty Store,Personal Weapons,Minor Injury,C
185438123,167411886,2023-01-10,Winston-Salem,NC0340200,13A,B,B,N,M,29,R,N,SB,Residence/Home,Home,Handgun,,C
185438192,167411947,2023-01-11,Winston-Salem,NC0340200,13A,W,W,N,F,0,R,N,AQ,Parking/Drop Lot/Garage,Parking Lot,Other,Minor Injury,C
185438193,167411947,2023-01-11,Winston-Salem,NC0340200,13A,W,W,N,M,0,R,N,AQ,Parking/Drop Lot/Garage,Parking Lot,Other,Minor Injury,C
185438202,167411956,2023-01-11,Winston-Salem,NC0340200,13A,W,W,N,M,34,R,N,,Highway/Road/Alley/Street/Sidewalk,Street & Sidewalk,Handgun,,C
185438204,167411958,2023-01-11,Winston-Salem,NC0340200,13A,B,B,N,F,54,R,N,,Highway/Road/Alley/Street/Sidewalk,Street & Sidewalk,Handgun,,C
185438206,167411960,2023-01-11,Winston-Salem,NC0340200,13A,B,B,N,F,27,R,N,RU,Highway/Road/Alley/Street/Sidewalk,Street & Sidewalk,Firearm,,C
185438214,167411968,2023-01-11,Winston-Salem,NC0340200,13A,B,B,N,F,76,R,N,,Residence/Home,Home,Firearm,,C
185438215,167411968,2023-01-11,Winston-Salem,NC0340200,13A,B,B,N,F,55,R,N,,Residence/Home,Home,Firearm,,C
185438304,167412037,2023-01-12,Winston-Salem,NC0340200,13A,H,W,H,F,62,R,N,,Residence/Home,Home,,,C
185438305,167412037,2023-01-12,Winston-Salem,NC0340200,13A,H,W,H,M,13,R,N,,Residence/Home,Home,,,C
185438310,167412042,2023-01-12,Winston-Salem,NC0340200,13A,H,W,H,M,16,R,N,,Residence/Home,Home,Firearm,Other Major Injury,C
185438781,167412443,2023-01-12,Winston-Salem,NC0340200,13A,H,W,H,M,17,R,N,,Highway/Road/Alley/Street/Sidewalk,Street & Sidewalk,Handgun,,C
185438782,167412443,2023-01-12,Winston-Salem,NC0340200,13A,B,B,N,F,18,R,N,,Highway/Road/Alley/Street/Sidewalk,Street & Sidewalk,Handgun,Minor Injury,C
185438375,167412099,2023-01-13,Winston-Salem,NC0340200,13A,B,B,N,F,40,R,Y,BG,Residence/Home,Home,Knife/Cutting Instrument,Minor Injury,C
185438392,167412116,2023-01-13,Winston-Salem,NC0340200,13A,B,B,N,M,22,R,N,OF,Residence/Home,Home,Personal Weapons,Apparent Broken Bones,C
188882934,170414952,2023-01-13,Winston-Salem,NC0340200,13A,B,B,N,M,20,R,N,RU,Highway/Road/Alley/Street/Sidewalk,Street & Sidewalk,Handgun,Other Major Injury,C
188882935,170414952,2023-01-13,Winston-Salem,NC0340200,13A,B,B,N,M,20,R,N,RU,Highway/Road/Alley/Street/Sidewalk,Street & Sidewalk,Handgun,Other Major Injury,C
188882937,170414952,2023-01-13,Winston-Salem,NC0340200,13A,B,B,N,M,22,R,N,RU,Highway/Road/Alley/Street/Sidewalk,Street & Sidewalk,Handgun,Other Major Injury,C
185438429,167412149,2023-01-14,Winston-Salem,NC0340200,13A,W,W,N,M,15,R,N,,Parking/Drop Lot/Garage,Parking Lot,Handgun,,C
185438430,167412149,2023-01-14,Winston-Salem,NC0340200,13A,W,W,N,M,16,R,N,,Parking/Drop Lot/Garage,Parking Lot,Handgun,Other Major Injury,C
185438441,167412159,2023-01-14,Winston-Salem,NC0340200,13A,B,B,N,M,30,R,Y,BG;VO,Residence/Home,Home,Handgun;Personal Weapons,,C
185438442,167412159,2023-01-14,Winston-Salem,NC0340200,13A,B,B,N,F,30,R,Y,BG;VO,Residence/Home,Home,Handgun;Personal Weapons,,C
185438444,167412161,2023-01-14,Winston-Salem,NC0340200,13A,B,B,N,M,38,R,N,AQ;VO,Highway/Road/Alley/Street/Sidewalk,Street & Sidewalk,Personal Weapons,Minor Injury,C
185438445,167412161,2023-01-14,Winston-Salem,NC0340200,13A,B,B,N,M,21,R,N,AQ;VO,Highway/Road/Alley/Street/Sidewalk,Street & Sidewalk,Personal Weapons,Unconscious,C
185438470,167412182,2023-01-14,Winston-Salem,NC0340200,13A,B,B,N,F,61,R,N,AQ,Residence/Home,Home,Knife/Cutting Instrument,Minor Injury,C
185438473,167412183,2023-01-14,Winston-Salem,NC0340200,13A,W,W,N,M,41,R,N,,Highway/Road/Alley/Street/Sidewalk,Street & Sidewalk,Handgun,,C
185438474,167412183,2023-01-14,Winston-Salem,NC0340200,13A,W,W,N,F,40,R,N,,Highway/Road/Alley/Street/Sidewalk,Street & Sidewalk,Handgun,,C
191497059,172696317,2023-01-14,Winston-Salem,NC0340200,13A,B,B,N,M,18,R,N,RU,Residence/Home,Home,Firearm,Other Major Injury,C
191497060,172696318,2023-01-14,Winston-Salem,NC0340200,13A,H,B,H,M,19,R,N,RU,Highway/Road/Alley/Street/Sidewalk,Street & Sidewalk,Rifle,,C
191497061,172696318,2023-01-14,Winston-Salem,NC0340200,13A,B,B,N,F,55,R,N,RU,Highway/Road/Alley/Street/Sidewalk,Street & Sidewalk,Rifle,Other Major Injury,C
185438515,167412222,2023-01-15,Winston-Salem,NC0340200,13A,B,B,N,F,30,R,Y,BG,Residence/Home,Home,Knife/Cutting Instrument,Severe Laceration,C
185438532,167412238,2023-01-15,Winston-Salem,NC0340200,13A,B,B,N,M,40,R,N,OK,Residence/Home,Home,Other,Minor Injury,C
185438533,167412239,2023-01-15,Winston-Salem,NC0340200,13A,H,W,H,M,24,R,N,,Park/Playground,Park & Playground,Firearm,Other Major Injury,C
185438543,167412247,2023-01-15,Winston-Salem,NC0340200,13A,B,B,N,M,33,R,N,FR,Highway/Road/Alley/Street/Sidewalk,Street & Sidewalk,Motor Vehicle/Vessel,,C
185438552,167412254,2023-01-15,Winston-Salem,NC0340200,13A,B,B,N,F,20,R,N,,Convenience Store,Convenience Store,Handgun,,C
185438553,167412254,2023-01-15,Winston-Salem,NC0340200,13A,W,W,N,M,21,R,N,,Convenience Store,Convenience Store,Handgun,,C
185438778,167412440,2023-01-15,Winston-Salem,NC0340200,13A,B,B,N,M,15,R,N,FR,Residence/Home,Home,Other,Other Major Injury,C
187718413,169400071,2023-01-15,Winston-Salem,NC0340200,13A,B,B,N,M,64,R,N,,Highway/Road/Alley/Street/Sidewalk,Street & Sidewalk,Firearm,,C
187718414,169400071,2023-01-15,Winston-Salem,NC0340200,13A,H,W,H,M,15,R,N,,Highway/Road/Alley/Street/Sidewalk,Street & Sidewalk,Firearm,Other Major Injury,C
187718415,169400071,2023-01-15,Winston-Salem,NC0340200,13A,B,B,N,F,68,R,N,,Highway/Road/Alley/Street/Sidewalk,Street & Sidewalk,Firearm,,C
185438573,167412267,2023-01-16,Winston-Salem,NC0340200,13A,B,B,N,M,22,R,N,,Highway/Road/Alley/Street/Sidewalk,Street & Sidewalk,Handgun,,C
185438574,167412267,2023-01-16,Winston-Salem,NC0340200,13A,B,B,N,F,20,R,N,,Highway/Road/Alley/Street/Sidewalk,Street & Sidewalk,Handgun,Other Major Injury,C
185438575,167412267,2023-01-16,Winston-Salem,NC0340200,13A,B,B,N,F,17,R,N,,Highway/Road/Alley/Street/Sidewalk,Street & Sidewalk,Handgun,Other Major Injury,C
185438576,167412267,2023-01-16,Winston-Salem,NC0340200,13A,B,B,N,F,0,R,N,,Highway/Road/Alley/Street/Sidewalk,Street & Sidewalk,Handgun,,C
185438602,167412284,2023-01-16,Winston-Salem,NC0340200,13A,W,W,N,M,38,R,N,,Residence/Home,Home,Firearm,Possible Internal Injury,C
185438619,167412299,2023-01-16,Winston-Salem,NC0340200,13A,B,B,N,M,64,R,N,,Residence/Home,Home,Unknown,,C
185438620,167412299,2023-01-16,Winston-Salem,NC0340200,13A,B,B,N,F,61,R,N,,Residence/Home,Home,Unknown,,C
185438625,167412302,2023-01-16,Winston-Salem,NC0340200,13A,B,B,N,F,51,R,N,AQ,Convenience Store,Convenience Store,Knife/Cutting Instrument,Severe Laceration,C
185438655,167412330,2023-01-16,Winston-Salem,NC0340200,13A,B,B,N,F,9,R,N,,Park/Playground,Park & Playground,Blunt Object,,C
185438665,167412340,2023-01-16,Winston-Salem,NC0340200,13A,H,B,H,M,29,R,N,,Highway/Road/Alley/Street/Sidewalk,Street & Sidewalk,Rifle,,C
185438713,167412387,2023-01-17,Winston-Salem,NC0340200,13A,B,B,N,M,24,R,N,,Highway/Road/Alley/Street/Sidewalk,Street & Sidewalk,,,C
185438714,167412387,2023-01-17,Winston-Salem,NC0340200,13A,W,W,N,F,23,R,N,,Highway/Road/Alley/Street/Sidewalk,Street & Sidewalk,,,C
185438743,167412413,2023-01-18,Winston-Salem,NC0340200,13A,B,B,N,M,59,R,Y,XR,Parking/Drop Lot/Garage,Parking Lot,Motor Vehicle/Vessel,,C
185438801,167412459,2023-01-18,Winston-Salem,NC0340200,13A,W,W,N,M,55,R,N,,Park/Playground,Park & Playground,Blunt Object,Minor Injury,C
185438809,167412466,2023-01-18,Winston-Salem,NC0340200,13A,B,B,N,M,22,N,N,,Highway/Road/Alley/Street/Sidewalk,Street & Sidewalk,Other Firearm,,C
185438810,167412466,2023-01-18,Winston-Salem,NC0340200,13A,B,B,N,M,17,R,N,,Highway/Road/Alley/Street/Sidewalk,Street & Sidewalk,Other Firearm,,C
185438819,167412474,2023-01-18,Winston-Salem,NC0340200,13A,B,B,N,F,82,R,N,PA,Residence/Home,Home,Knife/Cutting Instrument,Severe Laceration,C
185438843,167412495,2023-01-19,Winston-Salem,NC0340200,13A,W,W,N,F,57,R,N,ST,Highway/Road/Alley/Street/Sidewalk,Street & Sidewalk,Handgun,,C
185438849,167412500,2023-01-19,Winston-Salem,NC0340200,13A,B,B,N,F,37,R,Y,BG,Residence/Home,Home,Blunt Object,,C
185438860,167412508,2023-01-19,Winston-Salem,NC0340200,13A,W,W,N,M,54,N,N,,Commercial/Office Building,Office Building,Handgun,,C
185438872,167412519,2023-01-19,Winston-Salem,NC0340200,13A,B,B,N,M,28,N,N,,Highway/Road/Alley/Street/Sidewalk,Street & Sidewalk,Firearm,,C
185438873,167412519,2023-01-19,Winston-Salem,NC0340200,13A,B,B,N,F,46,R,N,,Highway/Road/Alley/Street/Sidewalk,Street & Sidewalk,Firearm,,C
185438922,167412566,2023-01-20,Winston-Salem,NC0340200,13A,W,W,N,F,24,R,N,,Highway/Road/Alley/Street/Sidewalk,Street & Sidewalk,Handgun,Minor Injury,C
185438923,167412566,2023-01-20,Winston-Salem,NC0340200,13A,W,W,N,F,4,R,N,,Highway/Road/Alley/Street/Sidewalk,Street & Sidewalk,Handgun,,C
185438924,167412566,2023-01-20,Winston-Salem,NC0340200,13A,W,W,N,M,1,R,N,,Highway/Road/Alley/Street/Sidewalk,Street & Sidewalk,Handgun,,C
185438927,167412569,2023-01-20,Winston-Salem,NC0340200,13A,B,B,N,F,30,R,N,SB,Residence/Home,Home,Handgun,Minor Injury,C
185438933,167412575,2023-01-20,Winston-Salem,NC0340200,13A,B,B,N,F,41,R,Y,BG,Other/Unknown,Other & Unknown,Knife/Cutting Instrument,Minor Injury,C
185438941,167412583,2023-01-20,Winston-Salem,NC0340200,13A,B,B,N,F,22,R,Y,BG,Residence/Home,Home,Motor Vehicle/Vessel,,C
185438965,167412603,2023-01-20,Winston-Salem,NC0340200,13A,H,W,H,M,26,R,N,IL,Residence/Home,Home,Knife/Cutting Instrument,Minor Injury,C
205190666,184672409,2023-01-20,Winston-Salem,NC0340200,13A,B,B,N,M,24,R,N,,Parking/Drop Lot/Garage,Parking Lot,Firearm,,C
207658355,186820167,2023-01-20,Winston-Salem,NC0340200,13A,B,B,N,M,16,R,N,,Residence/Home,Home,Handgun,Other Major Injury,C
185439006,167412640,2023-01-21,Winston-Salem,NC0340200,13A,B,B,N,F,15,R,N,AQ;VO,Highway/Road/Alley/Street/Sidewalk,Street & Sidewalk,Knife/Cutting Instrument,Minor Injury,C
185439007,167412640,2023-01-21,Winston-Salem,NC0340200,13A,B,B,N,F,21,R,N,AQ;VO,Highway/Road/Alley/Street/Sidewalk,Street & Sidewalk,Knife/Cutting Instrument,,C
191497065,172696322,2023-01-21,Winston-Salem,NC0340200,13A,W,W,N,M,36,R,N,ST;VO,Parking/Drop Lot/Garage,Parking Lot,Knife/Cutting Instrument;Motor Vehicle/Vessel,Minor Injury,C
191497066,172696322,2023-01-21,Winston-Salem,NC0340200,13A,B,B,N,F,20,R,N,ST;VO,Parking/Drop Lot/Garage,Parking Lot,Knife/Cutting Instrument;Motor Vehicle/Vessel,,C
185439046,167412677,2023-01-22,Winston-Salem,NC0340200,13A,W,W,N,F,46,N,N,,Highway/Road/Alley/Street/Sidewalk,Street & Sidewalk,Firearm,,C
187718429,169400083,2023-01-22,Winston-Salem,NC0340200,13A,H,W,H,F,20,R,Y,BG,Other/Unknown,Other & Unknown,Blunt Object,Other Major Injury,C
185439152,167412772,2023-01-23,Winston-Salem,NC0340200,13A,U,U,N,U,,R,N,,Service/Gas Station,Gas Station,Handgun,,C
185439238,167412849,2023-01-24,Winston-Salem,NC0340200,13A,B,B,N,M,23,N,N,RU,Drug Store/Doctor's Office/Hospital,Hospital & Clinic,Personal Weapons,Apparent Broken Bones;Possible Internal Injury,C
187718434,169400087,2023-01-24,Winston-Salem,NC0340200,13A,B,B,N,M,71,N,N,RU,Highway/Road/Alley/Street/Sidewalk,Street & Sidewalk,Handgun,Other Major Injury,C
185439244,167412855,2023-01-25,Winston-Salem,NC0340200,13A,B,B,N,F,25,R,N,,Residence/Home,Home,Knife/Cutting Instrument,Minor Injury,C
185439319,167412920,2023-01-25,Winston-Salem,NC0340200,13A,B,B,N,M,16,R,N,,Residence/Home,Home,Firearm,,C
185439320,167412920,2023-01-25,Winston-Salem,NC0340200,13A,W,W,N,M,80,R,N,,Residence/Home,Home,Firearm,,C
188882946,170414959,2023-01-25,Winston-Salem,NC0340200,13A,B,B,N,F,46,R,N,,Residence/Home,Home,Firearm,,C
188882947,170414959,2023-01-25,Winston-Salem,NC0340200,13A,B,B,N,F,31,R,N,,Residence/Home,Home,Firearm,,C
196466399,177034935,2023-01-25,Winston-Salem,NC0340200,13A,H,B,H,M,44,R,N,AQ;VO,Residence/Home,Home,Knife/Cutting Instrument,Minor Injury,C
204601625,184161322,2023-01-25,Winston-Salem,NC0340200,13A,H,W,H,M,17,R,N,,Residence/Home,Home,Handgun,,C
204601626,184161322,2023-01-25,Winston-Salem,NC0340200,13A,H,W,H,F,20,R,N,,Residence/Home,Home,Handgun,,C
204601627,184161322,2023-01-25,Winston-Salem,NC0340200,13A,W,W,N,M,0,R,N,,Residence/Home,Home,Handgun,,C
185439365,167412957,2023-01-26,Winston-Salem,NC0340200,13A,B,B,N,M,26,R,Y,BG,Hotel/Motel/Etc.,Hotel & Motel,Motor Vehicle/Vessel,Minor Injury,C
185439375,167412967,2023-01-26,Winston-Salem,NC0340200,13A,B,B,N,F,28,R,N,,Residence/Home,Home,Firearm,,C
187718446,169400096,2023-01-26,Winston-Salem,NC0340200,13A,W,W,N,M,29,N,N,RU,Residence/Home,Home,Handgun,,C
192055958,173181753,2023-01-26,Winston-Salem,NC0340200,13A,B,B,N,M,50,R,N,RU,Highway/Road/Alley/Street/Sidewalk,Street & Sidewalk,Personal Weapons,Minor Injury,C
185439413,167413000,2023-01-27,Winston-Salem,NC0340200,13A,W,W,N,M,58,R,N,,Highway/Road/Alley/Street/Sidewalk,Street & Sidewalk,Handgun,,C
185439439,167413023,2023-01-27,Winston-Salem,NC0340200,13A,W,W,N,M,26,R,Y,SE,Residence/Home,Home,Knife/Cutting Instrument,,C
185439452,167413035,2023-01-27,Winston-Salem,NC0340200,13A,B,B,N,F,30,R,N,NE,Residence/Home,Home,Handgun,,C
185439460,167413042,2023-01-27,Winston-Salem,NC0340200,13A,B,B,N,F,37,R,Y,XR,Residence/Home,Home,Handgun,Minor Injury,C
185439478,167413055,2023-01-28,Winston-Salem,NC0340200,13A,W,W,N,M,66,R,N,,Residence/Home,Home,Handgun;Rifle,,C
185439479,167413055,2023-01-28,Winston-Salem,NC0340200,13A,B,B,N,F,39,R,N,,Residence/Home,Home,Handgun;Rifle,,C
185439480,167413055,2023-01-28,Winston-Salem,NC0340200,13A,B,B,N,M,19,R,N,,Residence/Home,Home,Handgun;Rifle,,C
185439481,167413055,2023-01-28,Winston-Salem,NC0340200,13A,B,B,N,F,17,N,N,,Residence/Home,Home,Handgun;Rifle,,C
185439482,167413055,2023-01-28,Winston-Salem,NC0340200,13A,B,B,N,M,21,R,N,,Residence/Home,Home,Handgun;Rifle,,C
185439483,167413055,2023-01-28,Winston-Salem,NC0340200,13A,B,B,N,M,19,R,N,,Residence/Home,Home,Handgun;Rifle,,C
185439484,167413055,2023-01-28,Winston-Salem,NC0340200,13A,B,B,N,F,47,R,N,,Residence/Home,Home,Handgun;Rifle,,C
185439485,167413055,2023-01-28,Winston-Salem,NC0340200,13A,B,B,N,M,17,R,N,,Residence/Home,Home,Handgun;Rifle,,C
185439486,167413055,2023-01-28,Winston-Salem,NC0340200,13A,B,B,N,M,18,R,N,,Residence/Home,Home,Handgun;Rifle,,C
185439487,167413055,2023-01-28,Winston-Salem,NC0340200,13A,B,B,N,F,18,R,N,,Residence/Home,Home,Handgun;Rifle,,C
185439488,167413055,2023-01-28,Winston-Salem,NC0340200,13A,B,B,N,F,17,R,N,,Residence/Home,Home,Handgun;Rifle,,C
185439489,167413055,2023-01-28,Winston-Salem,NC0340200,13A,B,B,N,F,15,R,N,,Residence/Home,Home,Handgun;Rifle,,C
185439490,167413055,2023-01-28,Winston-Salem,NC0340200,13A,B,B,N,F,19,R,N,,Residence/Home,Home,Handgun;Rifle,,C
185439491,167413055,2023-01-28,Winston-Salem,NC0340200,13A,B,B,N,F,19,R,N,,Residence/Home,Home,Handgun;Rifle,,C
185439492,167413055,2023-01-28,Winston-Salem,NC0340200,13A,B,B,N,F,17,R,N,,Residence/Home,Home,Handgun;Rifle,,C
185439493,167413055,2023-01-28,Winston-Salem,NC0340200,13A,B,B,N,F,19,R,N,,Residence/Home,Home,Handgun;Rifle,,C
188882950,170414961,2023-01-28,Winston-Salem,NC0340200,13A,B,B,N,M,30,R,N,,Highway/Road/Alley/Street/Sidewalk,Street & Sidewalk,Firearm,Other Major Injury,C
204601629,184161324,2023-01-28,Winston-Salem,NC0340200,13A,B,B,N,F,17,N,N,ST,Highway/Road/Alley/Street/Sidewalk,Street & Sidewalk,Handgun,,C
185439566,167413118,2023-01-29,Winston-Salem,NC0340200,13A,B,B,N,M,26,R,N,,Drug Store/Doctor's Office/Hospital,Hospital & Clinic,Firearm,Other Major Injury,C
196466402,177034937,2023-01-29,Winston-Salem,NC0340200,13A,B,B,N,M,17,R,N,,Bar/Nightclub,Bar & Nightclub,Firearm,Other Major Injury,C
196466403,177034937,2023-01-29,Winston-Salem,NC0340200,13A,B,B,N,M,23,R,N,,Bar/Nightclub,Bar & Nightclub,Firearm,Other Major Injury,C
185439644,167413186,2023-01-30,Winston-Salem,NC0340200,13A,B,B,N,F,42,R,N,ST,Convenience Store,Convenience Store,Handgun,,C
185439662,167413201,2023-01-30,Winston-Salem,NC0340200,13A,B,B,N,F,31,R,N,AQ;SB,Residence/Home,Home,Blunt Object,Minor Injury,C
185439716,167413251,2023-01-31,Winston-Salem,NC0340200,13A,B,B,N,M,56,R,N,,Department/Discount Store,Department Store,Blunt Object,,C
187718470,169400111,2023-02-01,Winston-Salem,NC0340200,13A,B,B,N,M,28,R,N,GC;VO,Residence/Home,Home,Knife/Cutting Instrument,,C
187718477,169400116,2023-02-01,Winston-Salem,NC0340200,13A,B,B,N,M,61,N,N,,Highway/Road/Alley/Street/Sidewalk,Street & Sidewalk,Firearm,,C
187718500,169400137,2023-02-01,Winston-Salem,NC0340200,13A,B,B,N,M,57,R,N,AQ;VO,Service/Gas Station,Gas Station,Blunt Object,,C
187718501,169400137,2023-02-01,Winston-Salem,NC0340200,13A,W,W,N,M,32,R,N,AQ;VO,Service/Gas Station,Gas Station,Blunt Object,,C
187718530,169400160,2023-02-02,Winston-Salem,NC0340200,13A,B,B,N,M,29,R,N,OK,Highway/Road/Alley/Street/Sidewalk,Street & Sidewalk,Motor Vehicle/Vessel,Minor Injury,C
187718531,169400160,2023-02-02,Winston-Salem,NC0340200,13A,B,B,N,F,16,R,N,OK,Highway/Road/Alley/Street/Sidewalk,Street & Sidewalk,Motor Vehicle/Vessel,,C
187718532,169400160,2023-02-02,Winston-Salem,NC0340200,13A,B,B,N,F,13,R,N,OK,Highway/Road/Alley/Street/Sidewalk,Street & Sidewalk,Motor Vehicle/Vessel,,C
187718586,169400205,2023-02-03,Winston-Salem,NC0340200,13A,W,W,N,M,56,N,N,,Residence/Home,Home,Handgun,,C
187718600,169400216,2023-02-03,Winston-Salem,NC0340200,13A,B,B,N,F,35,R,Y,BG,Residence/Home,Home,Handgun,,C
187718635,169400245,2023-02-03,Winston-Salem,NC0340200,13A,B,B,N,M,28,R,N,RU,Highway/Road/Alley/Street/Sidewalk,Street & Sidewalk,Firearm,Other Major Injury,C
187718647,169400257,2023-02-03,Winston-Salem,NC0340200,13A,B,B,N,F,48,R,Y,BG,Highway/Road/Alley/Street/Sidewalk,Street & Sidewalk,,,C
187718648,169400257,2023-02-03,Winston-Salem,NC0340200,13A,B,B,N,M,31,R,N,RU,Highway/Road/Alley/Street/Sidewalk,Street & Sidewalk,,,C
187718659,169400266,2023-02-04,Winston-Salem,NC0340200,13A,B,B,N,F,48,R,N,RU,Highway/Road/Alley/Street/Sidewalk,Street & Sidewalk,,,C
187718660,169400266,2023-02-04,Winston-Salem,NC0340200,13A,B,B,N,M,31,R,Y,BG,Highway/Road/Alley/Street/Sidewalk,Street & Sidewalk,,,C
187718672,169400277,2023-02-04,Winston-Salem,NC0340200,13A,B,B,N,F,30,R,Y,BG,Residence/Home,Home,Personal Weapons,,C
187718674,169400279,2023-02-04,Winston-Salem,NC0340200,13A,W,W,N,M,66,R,N,,Residence/Home,Home,Blunt Object,,C
187718709,169400310,2023-02-04,Winston-Salem,NC0340200,13A,W,W,N,M,30,R,N,,Restaurant,Restaurant,Unknown,Severe Laceration,C
187718721,169400321,2023-02-05,Winston-Salem,NC0340200,13A,B,B,N,M,31,R,N,,Parking/Drop Lot/Garage,Parking Lot,Handgun,Other Major Injury,C
187718724,169400324,2023-02-05,Winston-Salem,NC0340200,13A,W,W,N,M,43,R,N,,Residence/Home,Home,Personal Weapons,Other Major Injury,C
187718795,169400386,2023-02-06,Winston-Salem,NC0340200,13A,B,B,N,M,28,R,Y,BG,Residence/Home,Home,Knife/Cutting Instrument,Minor Injury,C
187718815,169400404,2023-02-06,Winston-Salem,NC0340200,13A,B,B,N,M,50,R,N,,Highway/Road/Alley/Street/Sidewalk,Street & Sidewalk,Blunt Object,,C
187718853,169400440,2023-02-07,Winston-Salem,NC0340200,13A,B,B,N,M,33,R,N,NE;VO,Highway/Road/Alley/Street/Sidewalk,Street & Sidewalk,Handgun;Knife/Cutting Instrument,Minor Injury,C
187718854,169400440,2023-02-07,Winston-Salem,NC0340200,13A,W,W,N,M,26,R,Y,BG;NE;VO,Highway/Road/Alley/Street/Sidewalk,Street & Sidewalk,Handgun;Knife/Cutting Instrument,Minor Injury,C
187718855,169400440,2023-02-07,Winston-Salem,NC0340200,13A,W,W,N,F,27,N,Y,BG;NE;VO,Highway/Road/Alley/Street/Sidewalk,Street & Sidewalk,Handgun;Knife/Cutting Instrument,,C
187718863,169400448,2023-02-07,Winston-Salem,NC0340200,13A,B,B,N,F,42,R,Y,BG,Residence/Home,Home,Other,Minor Injury,C
187718879,169400460,2023-02-07,Winston-Salem,NC0340200,13A,B,B,N,M,30,N,N,ST,Restaurant,Restaurant,Handgun,,C
187718885,169400465,2023-02-07,Winston-Salem,NC0340200,13A,B,B,N,M,52,R,N,AQ,Convenience Store,Convenience Store,Knife/Cutting Instrument,,C
187718891,169400471,2023-02-07,Winston-Salem,NC0340200,13A,W,W,N,M,33,N,N,,Highway/Road/Alley/Street/Sidewalk,Street & Sidewalk,Firearm,,C
187718929,169400506,2023-02-08,Winston-Salem,NC0340200,13A,B,B,N,M,34,R,Y,BG,Highway/Road/Alley/Street/Sidewalk,Street & Sidewalk,Motor Vehicle/Vessel,,C
187718964,169400537,2023-02-08,Winston-Salem,NC0340200,13A,B,B,N,M,64,R,N,OK,Residence/Home,Home,Knife/Cutting Instrument,,C
187718965,169400538,2023-02-08,Winston-Salem,NC0340200,13A,H,W,H,M,38,R,Y,XR,Residence/Home,Home,Blunt Object;Personal Weapons,Minor Injury,C
187718976,169400549,2023-02-09,Winston-Salem,NC0340200,13A,W,W,N,F,42,R,Y,SE,Residence/Home,Home,Other;Personal Weapons,Minor Injury,C
187719013,169400583,2023-02-09,Winston-Salem,NC0340200,13A,B,B,N,M,24,N,N,OK,Residence/Home,Home,Handgun,Other Major Injury,C
187719014,169400583,2023-02-09,Winston-Salem,NC0340200,13A,B,B,N,F,42,N,Y,SE,Residence/Home,Home,Handgun,Other Major Injury,C
187719035,169400599,2023-02-09,Winston-Salem,NC0340200,13A,H,W,H,F,16,R,N,OK,Highway/Road/Alley/Street/Sidewalk,Street & Sidewalk,Handgun,,C
187719036,169400599,2023-02-09,Winston-Salem,NC0340200,13A,W,W,N,M,42,R,N,OK,Highway/Road/Alley/Street/Sidewalk,Street & Sidewalk,Handgun,,C
187719037,169400599,2023-02-09,Winston-Salem,NC0340200,13A,W,W,N,M,32,R,N,OK,Highway/Road/Alley/Street/Sidewalk,Street & Sidewalk,Handgun,,C
187719069,169400628,2023-02-10,Winston-Salem,NC0340200,13A,W,W,N,M,46,R,N,OK;VO,Highway/Road/Alley/Street/Sidewalk,Street & Sidewalk,Blunt Object,,C
187719070,169400628,2023-02-10,Winston-Salem,NC0340200,13A,B,B,N,M,53,R,N,OK;VO,Highway/Road/Alley/Street/Sidewalk,Street & Sidewalk,Blunt Object,,C
187719104,169400659,2023-02-11,Winston-Salem,NC0340200,13A,B,B,N,F,33,R,Y,BG,Hotel/Motel/Etc.,Hotel & Motel,Personal Weapons,Minor Injury,C
187719140,169400689,2023-02-11,Winston-Salem,NC0340200,13A,W,W,N,M,62,R,N,,Highway/Road/Alley/Street/Sidewalk,Street & Sidewalk,Firearm,,C
187719163,169400706,2023-02-11,Winston-Salem,NC0340200,13A,B,B,N,M,29,N,N,,Specialty Store,Specialty Store,Motor Vehicle/Vessel,,C
196466411,177034943,2023-02-11,Winston-Salem,NC0340200,13A,B,B,N,F,37,N,N,,Other/Unknown,Other & Unknown,Firearm,Other Major Injury,C
187719241,169400766,2023-02-12,Winston-Salem,NC0340200,13A,B,B,N,F,47,R,N,PA;VO,Residence/Home,Home,Knife/Cutting Instrument,,C
187719242,169400766,2023-02-12,Winston-Salem,NC0340200,13A,B,B,N,M,21,R,N,CH;VO,Residence/Home,Home,Knife/Cutting Instrument,,C
187719254,169400773,2023-02-12,Winston-Salem,NC0340200,13A,W,W,N,M,17,R,N,FR,Highway/Road/Alley/Street/Sidewalk,Street & Sidewalk,Firearm,,C
196466412,177034944,2023-02-12,Winston-Salem,NC0340200,13A,B,B,N,M,16,R,N,RU,Residence/Home,Home,Handgun,Other Major Injury,C
207658357,186820169,2023-02-12,Winston-Salem,NC0340200,13A,B,B,N,F,22,R,N,,Park/Playground,Park & Playground,Firearm,Other Major Injury,C
187719281,169400796,2023-02-13,Winston-Salem,NC0340200,13A,B,B,N,F,24,R,Y,BG,Residence/Home,Home,Personal Weapons,,C
187719395,169400884,2023-02-13,Winston-Salem,NC0340200,13A,B,B,N,F,34,R,N,,Highway/Road/Alley/Street/Sidewalk,Street & Sidewalk,Firearm,Other Major Injury,C
187719419,169400903,2023-02-13,Winston-Salem,NC0340200,13A,W,W,N,M,68,R,N,,Highway/Road/Alley/Street/Sidewalk,Street & Sidewalk,Firearm,,C
187719420,169400903,2023-02-13,Winston-Salem,NC0340200,13A,B,B,N,F,67,N,N,,Highway/Road/Alley/Street/Sidewalk,Street & Sidewalk,Firearm,,C
187719535,169401000,2023-02-14,Winston-Salem,NC0340200,13A,B,B,N,F,18,R,Y,XR,Residence/Home,Home,Handgun,Minor Injury,C
188882964,170414973,2023-02-14,Winston-Salem,NC0340200,13A,B,B,N,M,39,R,N,RU,Residence/Home,Home,Handgun,,C
188882965,170414973,2023-02-14,Winston-Salem,NC0340200,13A,B,B,N,F,3,R,N,RU,Residence/Home,Home,Handgun,,C
188882966,170414973,2023-02-14,Winston-Salem,NC0340200,13A,B,B,N,F,27,R,N,RU,Residence/Home,Home,Handgun,,C
188882967,170414973,2023-02-14,Winston-Salem,NC0340200,13A,B,B,N,F,47,R,N,RU,Residence/Home,Home,Handgun,,C
187719540,169401005,2023-02-15,Winston-Salem,NC0340200,13A,B,B,N,M,36,R,N,CF;VO,Residence/Home,Home,Handgun,,C
187719541,169401005,2023-02-15,Winston-Salem,NC0340200,13A,B,B,N,F,37,R,Y,BG;VO,Residence/Home,Home,Handgun,Minor Injury,C
187719547,169401011,2023-02-15,Winston-Salem,NC0340200,13A,B,B,N,M,18,R,N,AQ,Residence/Home,Home,Knife/Cutting Instrument,Minor Injury,C
187719552,169401016,2023-02-15,Winston-Salem,NC0340200,13A,B,B,N,F,20,R,Y,XR,Residence/Home,Home,Firearm (Automatic);Personal Weapons,,C
187719583,169401043,2023-02-15,Winston-Salem,NC0340200,13A,B,B,N,M,36,R,Y,BG,Highway/Road/Alley/Street/Sidewalk,Street & Sidewalk,Knife/Cutting Instrument,,C
187719592,169401052,2023-02-15,Winston-Salem,NC0340200,13A,W,W,N,F,9,R,N,OF,Residence/Home,Home,Personal Weapons,,C
187719627,169401081,2023-02-15,Winston-Salem,NC0340200,13A,W,W,N,M,11,R,N,AQ,Highway/Road/Alley/Street/Sidewalk,Street & Sidewalk,Blunt Object,Minor Injury,C
187719790,169401227,2023-02-16,Winston-Salem,NC0340200,13A,B,B,N,M,28,R,N,RU,Residence/Home,Home,Firearm,Other Major Injury,C
187719792,169401227,2023-02-16,Winston-Salem,NC0340200,13A,B,B,N,M,27,N,N,RU,Residence/Home,Home,Firearm,,C
187719793,169401227,2023-02-16,Winston-Salem,NC0340200,13A,H,W,H,M,19,R,N,RU,Residence/Home,Home,Firearm,Other Major Injury,C
187719893,169401320,2023-02-17,Winston-Salem,NC0340200,13A,B,B,N,M,27,R,N,,Residence/Home,Home,Firearm,,C
187719894,169401320,2023-02-17,Winston-Salem,NC0340200,13A,B,B,N,F,26,R,N,,Residence/Home,Home,Firearm,,C
187719895,169401320,2023-02-17,Winston-Salem,NC0340200,13A,B,B,N,M,55,R,N,,Residence/Home,Home,Firearm,,C
187719909,169401331,2023-02-18,Winston-Salem,NC0340200,13A,B,B,N,F,25,R,Y,BG,Residence/Home,Home,Knife/Cutting Instrument,Severe Laceration,C
204601637,184161330,2023-02-18,Winston-Salem,NC0340200,13A,B,B,N,M,57,R,N,AQ,Residence/Home,Home,Handgun,,C
187719993,169401407,2023-02-19,Winston-Salem,NC0340200,13A,B,B,N,F,48,R,Y,SE,Residence/Home,Home,Handgun,,C
187720087,169401490,2023-02-20,Winston-Salem,NC0340200,13A,W,W,N,M,34,R,N,,Highway/Road/Alley/Street/Sidewalk,Street & Sidewalk,,Loss of Teeth,C
187720167,169401559,2023-02-20,Winston-Salem,NC0340200,13A,W,W,N,M,29,R,N,,Highway/Road/Alley/Street/Sidewalk,Street & Sidewalk,Handgun,,C
187720177,169401567,2023-02-20,Winston-Salem,NC0340200,13A,B,B,N,F,47,R,N,OK;VO,Parking/Drop Lot/Garage,Parking Lot,Knife/Cutting Instrument,Severe Laceration,C
187720178,169401567,2023-02-20,Winston-Salem,NC0340200,13A,W,W,N,F,24,N,N,OK;VO,Parking/Drop Lot/Garage,Parking Lot,Knife/Cutting Instrument,,C
187720185,169401573,2023-02-20,Winston-Salem,NC0340200,13A,B,B,N,F,34,R,N,PA,Residence/Home,Home,Firearm,Minor Injury,C
187720187,169401575,2023-02-20,Winston-Salem,NC0340200,13A,B,B,N,F,69,R,Y,VO;XR,Residence/Home,Home,Blunt Object,,C
187720188,169401575,2023-02-20,Winston-Salem,NC0340200,13A,B,B,N,M,51,R,Y,VO;XR,Residence/Home,Home,Blunt Object,Minor Injury,C
188882978,170414982,2023-02-20,Winston-Salem,NC0340200,13A,B,B,N,F,28,R,N,RU,Residence/Home,Home,Firearm,Other Major Injury,C
187720210,169401594,2023-02-21,Winston-Salem,NC0340200,13A,B,B,N,M,65,R,N,OF,Residence/Home,Home,Blunt Object,Minor Injury,C
187720247,169401625,2023-02-21,Winston-Salem,NC0340200,13A,B,B,N,M,59,R,N,OF,Residence/Home,Home,Knife/Cutting Instrument,Minor Injury,C
187720287,169401664,2023-02-21,Winston-Salem,NC0340200,13A,W,W,N,F,58,R,N,AQ;VO,Highway/Road/Alley/Street/Sidewalk,Street & Sidewalk,Firearm;Motor Vehicle/Vessel,,C
187720288,169401664,2023-02-21,Winston-Salem,NC0340200,13A,W,W,N,F,74,N,N,AQ;VO,Highway/Road/Alley/Street/Sidewalk,Street & Sidewalk,Firearm;Motor Vehicle/Vessel,,C
187720459,169401812,2023-02-23,Winston-Salem,NC0340200,13A,B,B,N,F,31,R,Y,BG,Residence/Home,Home,Personal Weapons,Other Major Injury,C
187720561,169401897,2023-02-25,Winston-Salem,NC0340200,13A,B,B,N,M,16,R,N,AQ,Church/Synagogue/Temple/Mosque,Religious Building,Handgun,,C
187720571,169401907,2023-02-25,Winston-Salem,NC0340200,13A,H,W,H,M,57,R,N,AQ,Residence/Home,Home,Knife/Cutting Instrument,Minor Injury,C
187720587,169401923,2023-02-26,Winston-Salem,NC0340200,13A,H,W,H,M,42,R,Y,BG,Highway/Road/Alley/Street/Sidewalk,Street & Sidewalk,Drugs/Narcotics/Sleeping Pills,Minor Injury,C
187720588,169401924,2023-02-26,Winston-Salem,NC0340200,13A,W,W,N,M,24,U,N,FR,Residence/Home,Home,Knife/Cutting Instrument,Minor Injury,C
187720631,169401958,2023-02-26,Winston-Salem,NC0340200,13A,W,W,N,F,54,R,N,RU,Highway/Road/Alley/Street/Sidewalk,Street & Sidewalk,Handgun,,C
187720632,169401958,2023-02-26,Winston-Salem,NC0340200,13A,H,W,H,M,33,R,N,RU,Highway/Road/Alley/Street/Sidewalk,Street & Sidewalk,Handgun,,C
187720633,169401958,2023-02-26,Winston-Salem,NC0340200,13A,W,W,N,F,31,R,N,RU,Highway/Road/Alley/Street/Sidewalk,Street & Sidewalk,Handgun,Minor Injury,C
187720634,169401958,2023-02-26,Winston-Salem,NC0340200,13A,W,W,N,M,9,R,N,RU,Highway/Road/Alley/Street/Sidewalk,Street & Sidewalk,Handgun,,C
187720635,169401958,2023-02-26,Winston-Salem,NC0340200,13A,W,W,N,M,6,N,N,RU,Highway/Road/Alley/Street/Sidewalk,Street & Sidewalk,Handgun,,C
187720690,169402007,2023-02-27,Winston-Salem,NC0340200,13A,B,B,N,F,21,R,N,AQ,Highway/Road/Alley/Street/Sidewalk,Street & Sidewalk,Handgun,,C
187720691,169402007,2023-02-27,Winston-Salem,NC0340200,13A,H,W,H,F,20,R,Y,BG,Highway/Road/Alley/Street/Sidewalk,Street & Sidewalk,Handgun,,C
187720717,169402026,2023-02-28,Winston-Salem,NC0340200,13A,B,B,N,F,35,R,Y,BG,Residence/Home,Home,Personal Weapons,Minor Injury,C
187720730,169402036,2023-02-28,Winston-Salem,NC0340200,13A,B,B,N,M,26,R,N,AQ,Residence/Home,Home,Handgun,Minor Injury,C
188883013,170415013,2023-03-01,Winston-Salem,NC0340200,13A,H,W,H,M,16,R,N,OK,Parking/Drop Lot/Garage,Parking Lot,Firearm,Other Major Injury,C
188883042,170415037,2023-03-01,Winston-Salem,NC0340200,13A,B,B,N,F,18,N,N,OK,Parking/Drop Lot/Garage,Parking Lot,,,C
188883070,170415061,2023-03-02,Winston-Salem,NC0340200,13A,B,B,N,M,52,R,N,RU,Restaurant,Restaurant,Handgun,,C
188883071,170415061,2023-03-02,Winston-Salem,NC0340200,13A,B,B,N,F,26,R,N,RU,Restaurant,Restaurant,Handgun,,C
188883072,170415061,2023-03-02,Winston-Salem,NC0340200,13A,B,B,N,F,33,R,N,RU,Restaurant,Restaurant,Handgun,,C
188883073,170415061,2023-03-02,Winston-Salem,NC0340200,13A,B,B,N,F,4,R,N,RU,Restaurant,Restaurant,Handgun,,C
188883074,170415061,2023-03-02,Winston-Salem,NC0340200,13A,B,B,N,F,26,R,N,RU,Restaurant,Restaurant,Handgun,,C
188883075,170415061,2023-03-02,Winston-Salem,NC0340200,13A,B,B,N,M,40,R,N,RU,Restaurant,Restaurant,Handgun,,C
188883134,170415117,2023-03-03,Winston-Salem,NC0340200,13A,H,W,H,M,20,N,N,FR,Highway/Road/Alley/Street/Sidewalk,Street & Sidewalk,Handgun,Other Major Injury,C
210056347,188914196,2023-03-03,Winston-Salem,NC0340200,13A,B,B,N,F,28,R,Y,BG,Highway/Road/Alley/Street/Sidewalk,Street & Sidewalk,Firearm,,C
188883195,170415176,2023-03-04,Winston-Salem,NC0340200,13A,W,W,N,M,46,N,N,,Highway/Road/Alley/Street/Sidewalk,Street & Sidewalk,Handgun,,C
188883208,170415189,2023-03-04,Winston-Salem,NC0340200,13A,B,B,N,M,59,R,N,NE,Residence/Home,Home,Blunt Object,,C
188883242,170415222,2023-03-05,Winston-Salem,NC0340200,13A,B,B,N,F,24,R,Y,BG,Residence/Home,Home,Personal Weapons,,C
188883254,170415233,2023-03-05,Winston-Salem,NC0340200,13A,B,B,N,F,33,R,N,OK;VO,Residence/Home,Home,Handgun,Minor Injury,C
188883255,170415233,2023-03-05,Winston-Salem,NC0340200,13A,B,B,N,M,51,R,N,OK;VO,Residence/Home,Home,Handgun,Minor Injury,C
188883258,170415236,2023-03-05,Winston-Salem,NC0340200,13A,A,A,N,M,52,R,N,ST;VO,Hotel/Motel/Etc.,Hotel & Motel,Firearm,,C
188883259,170415236,2023-03-05,Winston-Salem,NC0340200,13A,B,B,N,M,31,N,N,ST;VO,Hotel/Motel/Etc.,Hotel & Motel,Firearm,,C
188883282,170415257,2023-03-05,Winston-Salem,NC0340200,13A,B,B,N,F,28,R,N,RU,Highway/Road/Alley/Street/Sidewalk,Street & Sidewalk,Firearm,,C
188883283,170415257,2023-03-05,Winston-Salem,NC0340200,13A,B,B,N,F,22,R,N,AQ;RU,Highway/Road/Alley/Street/Sidewalk,Street & Sidewalk,Firearm,,C
188883284,170415257,2023-03-05,Winston-Salem,NC0340200,13A,B,B,N,M,2,R,N,RU;ST,Highway/Road/Alley/Street/Sidewalk,Street & Sidewalk,Firearm,,C
188883285,170415257,2023-03-05,Winston-Salem,NC0340200,13A,B,B,N,F,0,R,N,RU;ST,Highway/Road/Alley/Street/Sidewalk,Street & Sidewalk,Firearm,,C
188883315,170415285,2023-03-06,Winston-Salem,NC0340200,13A,B,B,N,M,41,R,N,,Residence/Home,Home,Handgun,,C
188883316,170415285,2023-03-06,Winston-Salem,NC0340200,13A,B,B,N,M,43,R,N,,Residence/Home,Home,Handgun,,C
188883317,170415285,2023-03-06,Winston-Salem,NC0340200,13A,B,B,N,F,38,R,N,,Residence/Home,Home,Handgun,,C
188883318,170415285,2023-03-06,Winston-Salem,NC0340200,13A,B,B,N,M,14,R,N,,Residence/Home,Home,Handgun,,C
188883319,170415285,2023-03-06,Winston-Salem,NC0340200,13A,B,B,N,F,18,R,N,,Residence/Home,Home,Handgun,,C
188883372,170415331,2023-03-06,Winston-Salem,NC0340200,13A,W,W,N,M,35,N,N,,Highway/Road/Alley/Street/Sidewalk,Street & Sidewalk,Firearm,,C
188883375,170415333,2023-03-06,Winston-Salem,NC0340200,13A,W,W,N,F,67,R,N,OK,Highway/Road/Alley/Street/Sidewalk,Street & Sidewalk,Handgun,Other Major Injury,C
188883380,170415338,2023-03-06,Winston-Salem,NC0340200,13A,H,W,H,F,25,R,N,,Residence/Home,Home,Other Firearm,,C
188883381,170415338,2023-03-06,Winston-Salem,NC0340200,13A,H,W,H,F,38,R,N,,Residence/Home,Home,Other Firearm,,C
188883382,170415338,2023-03-06,Winston-Salem,NC0340200,13A,H,W,H,M,42,N,N,,Residence/Home,Home,Other Firearm,,C
188883383,170415338,2023-03-06,Winston-Salem,NC0340200,13A,H,W,H,M,11,R,N,,Residence/Home,Home,Other Firearm,,C
188883384,170415338,2023-03-06,Winston-Salem,NC0340200,13A,H,W,H,F,13,R,N,,Residence/Home,Home,Other Firearm,,C
188883385,170415338,2023-03-06,Winston-Salem,NC0340200,13A,H,W,H,F,13,R,N,,Residence/Home,Home,Other Firearm,,C
188883386,170415338,2023-03-06,Winston-Salem,NC0340200,13A,H,W,H,F,5,R,N,,Residence/Home,Home,Other Firearm,,C
188883387,170415338,2023-03-06,Winston-Salem,NC0340200,13A,H,W,H,F,6,R,N,,Residence/Home,Home,Other Firearm,,C
188883409,170415358,2023-03-07,Winston-Salem,NC0340200,13A,B,B,N,F,31,R,Y,BG,Residence/Home,Home,Personal Weapons,Minor Injury,C
188883420,170415367,2023-03-07,Winston-Salem,NC0340200,13A,B,B,N,M,52,R,N,ST,Highway/Road/Alley/Street/Sidewalk,Street & Sidewalk,Blunt Object,,C
188883448,170415393,2023-03-07,Winston-Salem,NC0340200,13A,B,B,N,F,26,R,Y,BG,Residence/Home,Home,Personal Weapons,Minor Injury,C
188883436,170415381,2023-03-08,Winston-Salem,NC0340200,13A,B,B,N,F,35,R,Y,BG,Residence/Home,Home,Blunt Object,,C
188883469,170415410,2023-03-08,Winston-Salem,NC0340200,13A,B,B,N,F,37,R,N,OK,Highway/Road/Alley/Street/Sidewalk,Street & Sidewalk,Handgun,,C
188883485,170415425,2023-03-08,Winston-Salem,NC0340200,13A,W,W,N,F,32,R,Y,BG,Residence/Home,Home,,Minor Injury,C
188883496,170415434,2023-03-09,Winston-Salem,NC0340200,13A,B,B,N,F,40,R,Y,BG;VO,Residence/Home,Home,Knife/Cutting Instrument,,C
188883497,170415434,2023-03-09,Winston-Salem,NC0340200,13A,B,B,N,M,62,R,Y,BG;VO,Residence/Home,Home,Knife/Cutting Instrument,Minor Injury,C
188883593,170415518,2023-03-10,Winston-Salem,NC0340200,13A,H,W,H,F,22,R,N,,Highway/Road/Alley/Street/Sidewalk,Street & Sidewalk,Firearm,,C
188883597,170415522,2023-03-10,Winston-Salem,NC0340200,13A,B,B,N,M,39,N,N,OK,Residence/Home,Home,Other,Severe Laceration,C
188883635,170415553,2023-03-11,Winston-Salem,NC0340200,13A,B,B,N,M,29,R,Y,XR,Parking/Drop Lot/Garage,Parking Lot,Motor Vehicle/Vessel,,C
210056350,188914199,2023-03-11,Winston-Salem,NC0340200,13A,W,W,N,M,23,R,N,,Residence/Home,Home,Handgun,,C
188883681,170415589,2023-03-12,Winston-Salem,NC0340200,13A,H,W,H,M,24,N,N,FR,Highway/Road/Alley/Street/Sidewalk,Street & Sidewalk,Handgun,Other Major Injury,C
188883702,170415607,2023-03-12,Winston-Salem,NC0340200,13A,B,B,N,M,67,R,N,,Residence/Home,Home,Blunt Object,Minor Injury,C
188883740,170415641,2023-03-13,Winston-Salem,NC0340200,13A,B,B,N,F,23,R,N,NE,Residence/Home,Home,Handgun,,C
188883757,170415653,2023-03-13,Winston-Salem,NC0340200,13A,B,B,N,M,66,R,N,,Residence/Home,Home,Handgun,,C
188883759,170415653,2023-03-13,Winston-Salem,NC0340200,13A,B,B,N,M,6,R,N,,Residence/Home,Home,Handgun,,C
188883760,170415653,2023-03-13,Winston-Salem,NC0340200,13A,B,B,N,M,9,R,N,,Residence/Home,Home,Handgun,,C
202392349,182234215,2023-03-14,Winston-Salem,NC0340200,13A,B,B,N,M,7,R,N,SB,Residence/Home,Home,Other,Minor Injury,C
188883847,170415730,2023-03-15,Winston-Salem,NC0340200,13A,W,W,N,M,41,R,N,RU,Highway/Road/Alley/Street/Sidewalk,Street & Sidewalk,Handgun,,C
188883848,170415730,2023-03-15,Winston-Salem,NC0340200,13A,W,W,N,F,37,R,N,RU,Highway/Road/Alley/Street/Sidewalk,Street & Sidewalk,Handgun,,C
188883912,170415781,2023-03-16,Winston-Salem,NC0340200,13A,B,B,N,M,63,R,Y,SE,Residence/Home,Home,Other,Minor Injury,C
188883923,170415790,2023-03-16,Winston-Salem,NC0340200,13A,B,B,N,F,16,R,N,,Highway/Road/Alley/Street/Sidewalk,Street & Sidewalk,Motor Vehicle/Vessel,,C
188883926,170415793,2023-03-16,Winston-Salem,NC0340200,13A,B,B,N,M,36,R,N,RU,Residence/Home,Home,Other,,C
188883927,170415793,2023-03-16,Winston-Salem,NC0340200,13A,B,B,N,F,17,R,N,RU,Residence/Home,Home,Other,,C
188883931,170415797,2023-03-16,Winston-Salem,NC0340200,13A,H,W,H,F,18,R,N,,Highway/Road/Alley/Street/Sidewalk,Street & Sidewalk,Blunt Object,Minor Injury,C
188883947,170415810,2023-03-16,Winston-Salem,NC0340200,13A,B,B,N,M,54,R,N,OK,Residence/Home,Home,Personal Weapons,Severe Laceration,C
188883970,170415830,2023-03-17,Winston-Salem,NC0340200,13A,B,B,N,F,30,R,N,,Highway/Road/Alley/Street/Sidewalk,Street & Sidewalk,Handgun,,C
188883985,170415845,2023-03-17,Winston-Salem,NC0340200,13A,B,B,N,F,76,R,N,,Residence/Home,Home,Firearm,,C
188883986,170415845,2023-03-17,Winston-Salem,NC0340200,13A,B,B,N,F,21,R,N,,Residence/Home,Home,Firearm,Other Major Injury,C
188883987,170415845,2023-03-17,Winston-Salem,NC0340200,13A,B,B,N,F,21,N,N,,Residence/Home,Home,Firearm,,C
188883991,170415849,2023-03-17,Winston-Salem,NC0340200,13A,B,B,N,M,34,R,N,RU;VO,Residence/Home,Home,Personal Weapons,Minor Injury,C
188883992,170415849,2023-03-17,Winston-Salem,NC0340200,13A,B,B,N,F,34,N,N,RU;VO,Residence/Home,Home,Personal Weapons,Minor Injury,C
188883993,170415849,2023-03-17,Winston-Salem,NC0340200,13A,B,B,N,M,6,N,N,RU,Residence/Home,Home,Personal Weapons,,C
188884033,170415884,2023-03-18,Winston-Salem,NC0340200,13A,W,W,N,F,34,R,N,,Residence/Home,Home,Handgun,,C
188884041,170415892,2023-03-18,Winston-Salem,NC0340200,13A,B,B,N,F,32,R,Y,BG;VO,Residence/Home,Home,Knife/Cutting Instrument,Severe Laceration,C
188884042,170415892,2023-03-18,Winston-Salem,NC0340200,13A,B,B,N,M,29,R,Y,BG;VO,Residence/Home,Home,Knife/Cutting Instrument,Severe Laceration,C
188884070,170415913,2023-03-19,Winston-Salem,NC0340200,13A,B,B,N,F,19,R,N,,Highway/Road/Alley/Street/Sidewalk,Street & Sidewalk,Firearm,Other Major Injury,C
188884080,170415922,2023-03-19,Winston-Salem,NC0340200,13A,B,B,N,F,60,R,N,,Highway/Road/Alley/Street/Sidewalk,Street & Sidewalk,Firearm,,C
188884081,170415922,2023-03-19,Winston-Salem,NC0340200,13A,B,B,N,M,33,R,N,,Highway/Road/Alley/Street/Sidewalk,Street & Sidewalk,Firearm,,C
188884082,170415922,2023-03-19,Winston-Salem,NC0340200,13A,B,B,N,M,36,R,N,,Highway/Road/Alley/Street/Sidewalk,Street & Sidewalk,Firearm,,C
188884102,170415935,2023-03-19,Winston-Salem,NC0340200,13A,B,B,N,M,55,R,N,PA,Residence/Home,Home,Blunt Object,Apparent Broken Bones,C
191497119,172696370,2023-03-19,Winston-Salem,NC0340200,13A,H,W,H,F,40,R,N,,Residence/Home,Home,Firearm,,C
191497120,172696370,2023-03-19,Winston-Salem,NC0340200,13A,W,W,N,F,7,R,N,,Residence/Home,Home,Firearm,,C
191497121,172696370,2023-03-19,Winston-Salem,NC0340200,13A,W,W,N,F,12,R,N,,Residence/Home,Home,Firearm,,C
188884147,170415973,2023-03-20,Winston-Salem,NC0340200,13A,B,B,N,F,42,R,N,,Highway/Road/Alley/Street/Sidewalk,Street & Sidewalk,Firearm,,C
188884171,170415995,2023-03-20,Winston-Salem,NC0340200,13A,W,W,N,F,36,R,Y,SE,Residence/Home,Home,Handgun;Personal Weapons,Minor Injury,C
188884270,170416081,2023-03-20,Winston-Salem,NC0340200,13A,B,B,N,M,52,R,N,ST,Restaurant,Restaurant,Handgun,,C
188884182,170416006,2023-03-21,Winston-Salem,NC0340200,13A,B,B,N,M,31,R,N,NE,Highway/Road/Alley/Street/Sidewalk,Street & Sidewalk,Other,,C
188884195,170416017,2023-03-21,Winston-Salem,NC0340200,13A,W,W,N,M,28,R,N,ST,Highway/Road/Alley/Street/Sidewalk,Street & Sidewalk,Handgun,,C
188884218,170416036,2023-03-21,Winston-Salem,NC0340200,13A,B,B,N,F,58,R,N,,Highway/Road/Alley/Street/Sidewalk,Street & Sidewalk,Motor Vehicle/Vessel,,C
188884221,170416039,2023-03-21,Winston-Salem,NC0340200,13A,B,B,N,F,23,R,N,OK;VO,Residence/Home,Home,Other Firearm,,C
188884222,170416039,2023-03-21,Winston-Salem,NC0340200,13A,B,B,N,F,26,R,N,OK;VO,Residence/Home,Home,Other Firearm,,C
196466441,177034968,2023-03-21,Winston-Salem,NC0340200,13A,H,W,H,M,60,R,N,,Highway/Road/Alley/Street/Sidewalk,Street & Sidewalk,Unknown,Other Major Injury,C
188884245,170416060,2023-03-22,Winston-Salem,NC0340200,13A,B,B,N,F,34,R,Y,XR,Residence/Home,Home,Personal Weapons,Possible Internal Injury,C
188884263,170416074,2023-03-22,Winston-Salem,NC0340200,13A,W,W,N,M,6,R,N,CH,Residence/Home,Home,Other,Minor Injury,C
188884291,170416102,2023-03-22,Winston-Salem,NC0340200,13A,B,B,N,M,20,R,N,OK,Highway/Road/Alley/Street/Sidewalk,Street & Sidewalk,Motor Vehicle/Vessel,,C
188884292,170416102,2023-03-22,Winston-Salem,NC0340200,13A,B,B,N,M,18,R,N,OK,Highway/Road/Alley/Street/Sidewalk,Street & Sidewalk,Motor Vehicle/Vessel,,C
188884293,170416102,2023-03-22,Winston-Salem,NC0340200,13A,B,B,N,F,16,R,N,OK,Highway/Road/Alley/Street/Sidewalk,Street & Sidewalk,Motor Vehicle/Vessel,,C
188884375,170416177,2023-03-24,Winston-Salem,NC0340200,13A,W,W,N,M,58,N,N,ER,Restaurant,Restaurant,Knife/Cutting Instrument,,C
188884405,170416204,2023-03-24,Winston-Salem,NC0340200,13A,B,B,N,M,55,R,N,SB,Residence/Home,Home,Firearm,Other Major Injury,C
188884443,170416235,2023-03-25,Winston-Salem,NC0340200,13A,W,W,N,F,24,R,Y,BG,Residence/Home,Home,Handgun,,C
188884450,170416241,2023-03-25,Winston-Salem,NC0340200,13A,B,B,N,M,34,R,Y,BG,Highway/Road/Alley/Street/Sidewalk,Street & Sidewalk,Motor Vehicle/Vessel,,C
188884454,170416244,2023-03-25,Winston-Salem,NC0340200,13A,B,B,N,F,29,R,N,OK,Convenience Store,Convenience Store,Knife/Cutting Instrument,,C
188884469,170416258,2023-03-25,Winston-Salem,NC0340200,13A,B,B,N,M,41,R,N,OF,Residence/Home,Home,Handgun,Other Major Injury,C
188884481,170416268,2023-03-25,Winston-Salem,NC0340200,13A,W,W,N,F,14,R,N,CH,Residence/Home,Home,Personal Weapons,Minor Injury,C
196466912,177035349,2023-03-25,Winston-Salem,NC0340200,13A,W,W,N,F,41,R,Y,BG,Residence/Home,Home,Personal Weapons,Loss of Teeth;Other Major Injury,C
188884496,170416281,2023-03-26,Winston-Salem,NC0340200,13A,B,B,N,F,19,R,N,,Bar/Nightclub,Bar & Nightclub,Unknown,Loss of Teeth;Possible Internal Injury,C
188884497,170416282,2023-03-26,Winston-Salem,NC0340200,13A,B,B,N,F,40,R,N,RU,Highway/Road/Alley/Street/Sidewalk,Street & Sidewalk,Handgun,,C
188884498,170416282,2023-03-26,Winston-Salem,NC0340200,13A,W,W,N,F,26,N,N,AQ,Highway/Road/Alley/Street/Sidewalk,Street & Sidewalk,Handgun,,C
188884510,170416293,2023-03-26,Winston-Salem,NC0340200,13A,B,B,N,M,31,R,Y,BG;VO,Residence/Home,Home,Knife/Cutting Instrument,Minor Injury,C
188884511,170416293,2023-03-26,Winston-Salem,NC0340200,13A,B,B,N,F,37,R,Y,BG;VO,Residence/Home,Home,Knife/Cutting Instrument,Minor Injury,C
188884522,170416301,2023-03-26,Winston-Salem,NC0340200,13A,B,B,N,M,29,R,N,FR;VO,Highway/Road/Alley/Street/Sidewalk,Street & Sidewalk,Knife/Cutting Instrument,Severe Laceration,C
188884523,170416301,2023-03-26,Winston-Salem,NC0340200,13A,B,B,N,F,30,R,N,FR;SB;VO,Highway/Road/Alley/Street/Sidewalk,Street & Sidewalk,Knife/Cutting Instrument,,C
188884524,170416301,2023-03-26,Winston-Salem,NC0340200,13A,B,B,N,M,30,R,N,FR;SB;VO,Highway/Road/Alley/Street/Sidewalk,Street & Sidewalk,Knife/Cutting Instrument,Minor Injury,C
188884527,170416304,2023-03-26,Winston-Salem,NC0340200,13A,B,B,N,M,60,R,Y,SE;VO,Highway/Road/Alley/Street/Sidewalk,Street & Sidewalk,Blunt Object,Apparent Broken Bones,C
188884528,170416304,2023-03-26,Winston-Salem,NC0340200,13A,B,B,N,F,29,R,Y,SE;VO,Highway/Road/Alley/Street/Sidewalk,Street & Sidewalk,Blunt Object,Minor Injury,C
188884533,170416308,2023-03-26,Winston-Salem,NC0340200,13A,B,B,N,M,30,R,N,,Highway/Road/Alley/Street/Sidewalk,Street & Sidewalk,Handgun,,C
188884544,170416318,2023-03-26,Winston-Salem,NC0340200,13A,B,B,N,M,29,R,Y,XR,Highway/Road/Alley/Street/Sidewalk,Street & Sidewalk,Motor Vehicle/Vessel,,C
188884545,170416318,2023-03-26,Winston-Salem,NC0340200,13A,W,W,N,F,41,R,N,AQ,Highway/Road/Alley/Street/Sidewalk,Street & Sidewalk,Motor Vehicle/Vessel,,C
207658364,186820175,2023-03-26,Winston-Salem,NC0340200,13A,W,W,N,F,35,R,N,,Residence/Home,Home,Handgun,,C
207658365,186820175,2023-03-26,Winston-Salem,NC0340200,13A,U,U,N,M,52,R,N,,Residence/Home,Home,Handgun,,C
188884570,170416339,2023-03-27,Winston-Salem,NC0340200,13A,H,W,H,M,37,R,N,RU,Residence/Home,Home,Knife/Cutting Instrument;Personal Weapons,Minor Injury,C
188884622,170416383,2023-03-27,Winston-Salem,NC0340200,13A,B,B,N,F,22,R,N,AQ,Residence/Home,Home,Handgun,,C
196466447,177034974,2023-03-27,Winston-Salem,NC0340200,13A,B,B,N,M,20,R,N,RU,Highway/Road/Alley/Street/Sidewalk,Street & Sidewalk,Firearm,Other Major Injury,C
188884641,170416401,2023-03-28,Winston-Salem,NC0340200,13A,H,W,H,M,49,R,N,ST,Highway/Road/Alley/Street/Sidewalk,Street & Sidewalk,Handgun,,C
188884664,170416424,2023-03-28,Winston-Salem,NC0340200,13A,B,B,N,F,23,R,N,OK,Parking/Drop Lot/Garage,Parking Lot,Handgun,,C
188884665,170416424,2023-03-28,Winston-Salem,NC0340200,13A,B,B,N,M,3,R,N,RU,Parking/Drop Lot/Garage,Parking Lot,Handgun,,C
188884883,170416612,2023-03-29,Winston-Salem,NC0340200,13A,B,B,N,F,21,R,N,AQ,Parking/Drop Lot/Garage,Parking Lot,Blunt Object,,C
188884745,170416495,2023-03-30,Winston-Salem,NC0340200,13A,B,B,N,F,66,R,N,,Residence/Home,Home,Firearm,,C
188884746,170416495,2023-03-30,Winston-Salem,NC0340200,13A,B,B,N,M,31,R,N,,Residence/Home,Home,Firearm,,C
188884747,170416495,2023-03-30,Winston-Salem,NC0340200,13A,B,B,N,M,19,R,N,,Residence/Home,Home,Firearm,,C
188884748,170416495,2023-03-30,Winston-Salem,NC0340200,13A,B,B,N,F,2,R,N,,Residence/Home,Home,Firearm,,C
188884750,170416497,2023-03-30,Winston-Salem,NC0340200,13A,B,B,N,F,30,R,Y,BG,Residence/Home,Home,Blunt Object,,C
188884756,170416502,2023-03-30,Winston-Salem,NC0340200,13A,B,B,N,M,17,R,N,,Residence/Home,Home,Handgun,Minor Injury,C
188884760,170416506,2023-03-30,Winston-Salem,NC0340200,13A,B,B,N,F,31,R,Y,VO;XR,Residence/Home,Home,Blunt Object;Personal Weapons,,C
188884761,170416506,2023-03-30,Winston-Salem,NC0340200,13A,B,B,N,M,31,R,Y,VO;XR,Residence/Home,Home,Blunt Object;Personal Weapons,,C
188884762,170416507,2023-03-30,Winston-Salem,NC0340200,13A,B,B,N,M,15,R,N,,Residence/Home,Home,Other Firearm,Other Major Injury,C
188884810,170416550,2023-03-30,Winston-Salem,NC0340200,13A,H,W,H,M,39,R,N,,Residence/Home,Home,Firearm,,C
188884811,170416550,2023-03-30,Winston-Salem,NC0340200,13A,H,W,H,F,40,R,N,,Residence/Home,Home,Firearm,,C
188884812,170416550,2023-03-30,Winston-Salem,NC0340200,13A,H,W,H,M,23,R,N,,Residence/Home,Home,Firearm,,C
188884797,170416539,2023-03-31,Winston-Salem,NC0340200,13A,B,B,N,F,39,R,N,RU,Highway/Road/Alley/Street/Sidewalk,Street & Sidewalk,Handgun,,C
188884846,170416577,2023-03-31,Winston-Salem,NC0340200,13A,B,B,N,F,19,R,N,OF,Highway/Road/Alley/Street/Sidewalk,Street & Sidewalk,,,C
191497148,172696391,2023-03-31,Winston-Salem,NC0340200,13A,H,W,H,F,8,R,N,,Highway/Road/Alley/Street/Sidewalk,Street & Sidewalk,Handgun;Rifle,,C
191497149,172696391,2023-03-31,Winston-Salem,NC0340200,13A,W,W,N,F,14,R,N,,Highway/Road/Alley/Street/Sidewalk,Street & Sidewalk,Handgun;Rifle,,C
191497150,172696391,2023-03-31,Winston-Salem,NC0340200,13A,W,W,N,M,2,R,N,,Highway/Road/Alley/Street/Sidewalk,Street & Sidewalk,Handgun;Rifle,,C
191497151,172696391,2023-03-31,Winston-Salem,NC0340200,13A,W,W,N,F,30,R,N,,Highway/Road/Alley/Street/Sidewalk,Street & Sidewalk,Handgun;Rifle,,C
191497152,172696391,2023-03-31,Winston-Salem,NC0340200,13A,W,W,N,F,49,R,N,,Highway/Road/Alley/Street/Sidewalk,Street & Sidewalk,Handgun;Rifle,,C
191497156,172696395,2023-04-01,Winston-Salem,NC0340200,13A,W,W,N,M,31,N,N,,Bar/Nightclub,Bar & Nightclub,Firearm,,C
191497161,172696399,2023-04-01,Winston-Salem,NC0340200,13A,W,W,N,M,33,R,N,OK,Highway/Road/Alley/Street/Sidewalk,Street & Sidewalk,Handgun,,C
191497171,172696408,2023-04-01,Winston-Salem,NC0340200,13A,B,B,N,M,22,R,N,,Residence/Home,Home,Handgun,,C
191497175,172696411,2023-04-01,Winston-Salem,NC0340200,13A,W,W,N,M,34,R,N,ST,Industrial Site,Industrial Site,Other,,C
191497176,172696411,2023-04-01,Winston-Salem,NC0340200,13A,H,W,H,M,74,R,N,ST,Industrial Site,Industrial Site,Other,,C
191497195,172696427,2023-04-01,Winston-Salem,NC0340200,13A,W,W,N,F,19,R,N,,Highway/Road/Alley/Street/Sidewalk,Street & Sidewalk,Handgun,,C
191497196,172696427,2023-04-01,Winston-Salem,NC0340200,13A,W,W,N,M,21,R,N,,Highway/Road/Alley/Street/Sidewalk,Street & Sidewalk,Handgun,,C
191497216,172696447,2023-04-02,Winston-Salem,NC0340200,13A,B,B,N,M,28,R,N,,Residence/Home,Home,Firearm,Other Major Injury,C
191497241,172696465,2023-04-02,Winston-Salem,NC0340200,13A,B,B,N,F,33,R,Y,XR,Residence/Home,Home,,Minor Injury,C
191497294,172696509,2023-04-03,Winston-Salem,NC0340200,13A,B,B,N,F,32,R,N,SB,Residence/Home,Home,Knife/Cutting Instrument,,C
191497312,172696524,2023-04-03,Winston-Salem,NC0340200,13A,B,B,N,M,28,R,N,RU,Residence/Home,Home,Firearm,,C
191497326,172696536,2023-04-04,Winston-Salem,NC0340200,13A,H,W,H,F,31,R,Y,BG,Residence/Home,Home,Handgun,,C
191497327,172696536,2023-04-04,Winston-Salem,NC0340200,13A,B,B,N,M,0,R,N,CH,Residence/Home,Home,Handgun,,C
191497345,172696552,2023-04-04,Winston-Salem,NC0340200,13A,A,A,N,F,63,N,N,RU,Highway/Road/Alley/Street/Sidewalk,Street & Sidewalk,Handgun,,C
191497361,172696566,2023-04-04,Winston-Salem,NC0340200,13A,H,W,H,M,17,R,N,NE,Highway/Road/Alley/Street/Sidewalk,Street & Sidewalk,Motor Vehicle/Vessel,,C
191497393,172696596,2023-04-05,Winston-Salem,NC0340200,13A,B,B,N,F,48,R,Y,SE,Residence/Home,Home,Blunt Object,Minor Injury,C
191497399,172696601,2023-04-05,Winston-Salem,NC0340200,13A,B,B,N,M,31,R,Y,BG,Residence/Home,Home,Knife/Cutting Instrument,Minor Injury,C
191497411,172696612,2023-04-05,Winston-Salem,NC0340200,13A,W,W,N,M,58,R,Y,BG,Parking/Drop Lot/Garage,Parking Lot,Blunt Object,Severe Laceration,C
191497417,172696618,2023-04-05,Winston-Salem,NC0340200,13A,B,B,N,M,27,R,Y,XR,Parking/Drop Lot/Garage,Parking Lot,Motor Vehicle/Vessel,Minor Injury,C
191497428,172696627,2023-04-05,Winston-Salem,NC0340200,13A,B,B,N,F,19,R,N,,Highway/Road/Alley/Street/Sidewalk,Street & Sidewalk,Firearm,Other Major Injury,C
191497431,172696630,2023-04-05,Winston-Salem,NC0340200,13A,B,B,N,M,65,R,N,OK,Residence/Home,Home,Blunt Object,Severe Laceration,C
191497437,172696635,2023-04-05,Winston-Salem,NC0340200,13A,B,B,N,F,29,R,Y,XR,Residence/Home,Home,Firearm,,C
191497450,172696648,2023-04-06,Winston-Salem,NC0340200,13A,B,B,N,M,62,R,N,,Residence/Home,Home,Firearm,,C
191497451,172696648,2023-04-06,Winston-Salem,NC0340200,13A,W,W,N,M,58,R,N,,Residence/Home,Home,Firearm,,C
191497452,172696648,2023-04-06,Winston-Salem,NC0340200,13A,W,W,N,M,59,R,N,,Residence/Home,Home,Firearm,,C
191497453,172696648,2023-04-06,Winston-Salem,NC0340200,13A,W,W,N,M,60,R,N,,Residence/Home,Home,Firearm,,C
191497454,172696648,2023-04-06,Winston-Salem,NC0340200,13A,W,W,N,F,33,R,N,,Residence/Home,Home,Firearm,,C
191497506,172696692,2023-04-06,Winston-Salem,NC0340200,13A,W,W,N,F,29,R,Y,BG,Residence/Home,Home,Handgun,,C
204601651,184161340,2023-04-06,Winston-Salem,NC0340200,13A,W,W,N,M,28,N,N,,Highway/Road/Alley/Street/Sidewalk,Street & Sidewalk,Handgun,,C
191497537,172696717,2023-04-07,Winston-Salem,NC0340200,13A,B,B,N,F,27,R,N,RU,Grocery/Supermarket,Grocery Store,Other,,C
191497565,172696740,2023-04-07,Winston-Salem,NC0340200,13A,W,W,N,F,80,R,N,,Residence/Home,Home,Firearm,,C
191497566,172696740,2023-04-07,Winston-Salem,NC0340200,13A,W,W,N,M,57,R,N,,Residence/Home,Home,Firearm,,C
191497567,172696740,2023-04-07,Winston-Salem,NC0340200,13A,W,W,N,F,48,R,N,,Residence/Home,Home,Firearm,,C
191499042,172697975,2023-04-08,Winston-Salem,NC0340200,13A,B,B,N,M,29,R,Y,BG,Residence/Home,Home,Knife/Cutting Instrument,Other Major Injury,C
191497660,172696825,2023-04-09,Winston-Salem,NC0340200,13A,B,B,N,F,32,R,N,RU,Bar/Nightclub,Bar & Nightclub,Handgun,Severe Laceration,C
191497736,172696890,2023-04-10,Winston-Salem,NC0340200,13A,B,B,N,M,51,R,N,,Residence/Home,Home,Firearm,,C
191497737,172696890,2023-04-10,Winston-Salem,NC0340200,13A,B,B,N,F,51,R,N,,Residence/Home,Home,Firearm,,C
191497738,172696890,2023-04-10,Winston-Salem,NC0340200,13A,B,B,N,M,19,R,N,,Residence/Home,Home,Firearm,,C
191497784,172696926,2023-04-11,Winston-Salem,NC0340200,13A,B,B,N,M,41,R,N,,Residence/Home,Home,Handgun,,C
191497785,172696926,2023-04-11,Winston-Salem,NC0340200,13A,B,B,N,M,80,R,N,,Residence/Home,Home,Handgun,,C
191497786,172696926,2023-04-11,Winston-Salem,NC0340200,13A,B,B,N,F,33,R,N,,Residence/Home,Home,Handgun,,C
202392359,182234223,2023-04-11,Winston-Salem,NC0340200,13A,B,B,N,M,0,R,N,,Residence/Home,Home,Unknown,Other Major Injury,C
191497834,172696967,2023-04-12,Winston-Salem,NC0340200,13A,B,B,N,F,29,R,N,,Residence/Home,Home,Firearm,,C
191497835,172696967,2023-04-12,Winston-Salem,NC0340200,13A,B,B,N,F,12,R,N,,Residence/Home,Home,Firearm,,C
191497836,172696967,2023-04-12,Winston-Salem,NC0340200,13A,B,B,N,F,20,R,N,,Residence/Home,Home,Firearm,,C
191497837,172696967,2023-04-12,Winston-Salem,NC0340200,13A,B,B,N,M,24,R,N,,Residence/Home,Home,Firearm,,C
191497838,172696967,2023-04-12,Winston-Salem,NC0340200,13A,B,B,N,F,17,R,N,,Residence/Home,Home,Firearm,,C
191497839,172696967,2023-04-12,Winston-Salem,NC0340200,13A,B,B,N,M,9,R,N,,Residence/Home,Home,Firearm,,C
191497853,172696979,2023-04-13,Winston-Salem,NC0340200,13A,B,B,N,F,29,R,N,,Residence/Home,Home,Firearm,,C
191497854,172696979,2023-04-13,Winston-Salem,NC0340200,13A,B,B,N,F,33,R,N,,Residence/Home,Home,Firearm,,C
191497855,172696979,2023-04-13,Winston-Salem,NC0340200,13A,H,W,H,F,32,R,N,,Residence/Home,Home,Firearm,,C
191497856,172696979,2023-04-13,Winston-Salem,NC0340200,13A,B,B,N,M,11,R,N,,Residence/Home,Home,Firearm,,C
191497890,172697004,2023-04-13,Winston-Salem,NC0340200,13A,B,B,N,F,81,R,Y,SE;VO,Residence/Home,Home,Blunt Object,Minor Injury,C
191497891,172697004,2023-04-13,Winston-Salem,NC0340200,13A,B,B,N,M,83,R,Y,SE;VO,Residence/Home,Home,Blunt Object,Minor Injury,C
191497896,172697008,2023-04-13,Winston-Salem,NC0340200,13A,B,B,N,F,30,R,N,AQ,Convenience Store,Convenience Store,Blunt Object;Fire/Incendiary Device,,C
191497908,172697017,2023-04-13,Winston-Salem,NC0340200,13A,B,B,N,M,29,R,N,,Highway/Road/Alley/Street/Sidewalk,Street & Sidewalk,Handgun,,C
191497909,172697017,2023-04-13,Winston-Salem,NC0340200,13A,H,W,H,M,40,N,N,,Highway/Road/Alley/Street/Sidewalk,Street & Sidewalk,Handgun,,C
191497910,172697017,2023-04-13,Winston-Salem,NC0340200,13A,H,W,H,M,9,R,N,,Highway/Road/Alley/Street/Sidewalk,Street & Sidewalk,Handgun,,C
191497915,172697022,2023-04-13,Winston-Salem,NC0340200,13A,H,W,H,M,21,R,N,,Highway/Road/Alley/Street/Sidewalk,Street & Sidewalk,Handgun,,C
191497916,172697022,2023-04-13,Winston-Salem,NC0340200,13A,H,W,H,F,20,N,N,,Highway/Road/Alley/Street/Sidewalk,Street & Sidewalk,Handgun,,C
196466462,177034983,2023-04-13,Winston-Salem,NC0340200,13A,B,B,N,M,29,N,N,,Hotel/Motel/Etc.,Hotel & Motel,Firearm,Other Major Injury,C
191497945,172697048,2023-04-14,Winston-Salem,NC0340200,13A,B,B,N,F,22,R,Y,XR,Residence/Home,Home,Handgun,,C
191497964,172697063,2023-04-14,Winston-Salem,NC0340200,13A,B,B,N,M,53,R,N,,Highway/Road/Alley/Street/Sidewalk,Street & Sidewalk,Firearm,Other Major Injury,C
191497976,172697075,2023-04-14,Winston-Salem,NC0340200,13A,H,W,H,M,35,R,N,,Residence/Home,Home,Firearm,,C
191497977,172697075,2023-04-14,Winston-Salem,NC0340200,13A,H,W,H,F,33,R,N,,Residence/Home,Home,Firearm,,C
191497978,172697075,2023-04-14,Winston-Salem,NC0340200,13A,H,W,H,F,5,R,N,,Residence/Home,Home,Firearm,,C
191497979,172697075,2023-04-14,Winston-Salem,NC0340200,13A,H,W,H,F,13,R,N,,Residence/Home,Home,Firearm,,C
191497980,172697075,2023-04-14,Winston-Salem,NC0340200,13A,H,W,H,F,2,R,N,,Residence/Home,Home,Firearm,,C
191497983,172697078,2023-04-14,Winston-Salem,NC0340200,13A,B,B,N,M,25,N,N,ST,Bar/Nightclub,Bar & Nightclub,Handgun,,C
191497984,172697078,2023-04-14,Winston-Salem,NC0340200,13A,B,B,N,M,42,N,N,ST,Bar/Nightclub,Bar & Nightclub,Handgun,,C
191497992,172697086,2023-04-15,Winston-Salem,NC0340200,13A,H,W,H,F,47,R,N,,Highway/Road/Alley/Street/Sidewalk,Street & Sidewalk,Firearm,,C
191497993,172697086,2023-04-15,Winston-Salem,NC0340200,13A,W,W,N,F,52,R,N,,Highway/Road/Alley/Street/Sidewalk,Street & Sidewalk,Firearm,,C
191498026,172697115,2023-04-15,Winston-Salem,NC0340200,13A,H,W,H,M,54,R,N,AQ,Service/Gas Station,Gas Station,Blunt Object;Knife/Cutting Instrument,,C
191498037,172697126,2023-04-15,Winston-Salem,NC0340200,13A,B,B,N,F,29,R,N,AQ,Residence/Home,Home,Knife/Cutting Instrument,,C
191498038,172697127,2023-04-15,Winston-Salem,NC0340200,13A,B,B,N,F,24,R,N,OK,Highway/Road/Alley/Street/Sidewalk,Street & Sidewalk,Motor Vehicle/Vessel,,C
191498046,172697135,2023-04-15,Winston-Salem,NC0340200,13A,W,W,N,M,55,R,N,ST,Parking/Drop Lot/Garage,Parking Lot,Blunt Object,,C
191498053,172697141,2023-04-16,Winston-Salem,NC0340200,13A,W,W,N,M,44,N,N,,Highway/Road/Alley/Street/Sidewalk,Street & Sidewalk,Firearm,,C
191498071,172697155,2023-04-16,Winston-Salem,NC0340200,13A,B,B,N,M,49,R,N,,Other/Unknown,Other & Unknown,Firearm,Other Major Injury;Severe Laceration,C
191498100,172697181,2023-04-16,Winston-Salem,NC0340200,13A,H,W,H,M,45,R,N,,Residence/Home,Home,Firearm,,C
191498101,172697181,2023-04-16,Winston-Salem,NC0340200,13A,H,W,H,F,46,R,N,,Residence/Home,Home,Firearm,,C
191498102,172697181,2023-04-16,Winston-Salem,NC0340200,13A,H,W,H,M,18,R,N,,Residence/Home,Home,Firearm,,C
191498103,172697181,2023-04-16,Winston-Salem,NC0340200,13A,W,W,N,F,15,R,N,,Residence/Home,Home,Firearm,,C
191498134,172697211,2023-04-16,Winston-Salem,NC0340200,13A,B,B,N,M,43,R,Y,OF;SE,Residence/Home,Home,Handgun,Minor Injury,C
202392362,182234226,2023-04-16,Winston-Salem,NC0340200,13A,B,B,N,M,37,R,N,,Parking/Drop Lot/Garage,Parking Lot,Firearm,,C
202392363,182234226,2023-04-16,Winston-Salem,NC0340200,13A,B,B,N,M,36,R,N,,Parking/Drop Lot/Garage,Parking Lot,Firearm,Other Major Injury,C
191498145,172697221,2023-04-17,Winston-Salem,NC0340200,13A,B,B,N,F,52,R,N,,Highway/Road/Alley/Street/Sidewalk,Street & Sidewalk,Blunt Object,Minor Injury,C
191498165,172697231,2023-04-17,Winston-Salem,NC0340200,13A,W,W,N,F,27,N,N,AQ,Residence/Home,Home,Personal Weapons,Severe Laceration,C
192055984,173181775,2023-04-17,Winston-Salem,NC0340200,13A,B,B,N,M,40,R,N,RU,Residence/Home,Home,Firearm,,C
192055985,173181775,2023-04-17,Winston-Salem,NC0340200,13A,B,B,N,M,22,R,N,RU,Residence/Home,Home,Firearm,Other Major Injury,C
192055986,173181775,2023-04-17,Winston-Salem,NC0340200,13A,B,B,N,F,20,R,N,RU,Residence/Home,Home,Firearm,Other Major Injury,C
192055987,173181775,2023-04-17,Winston-Salem,NC0340200,13A,B,B,N,F,55,R,N,RU,Residence/Home,Home,Firearm,,C
192055988,173181775,2023-04-17,Winston-Salem,NC0340200,13A,B,B,N,F,36,R,N,RU,Residence/Home,Home,Firearm,,C
192055989,173181775,2023-04-17,Winston-Salem,NC0340200,13A,B,B,N,M,17,R,N,RU,Residence/Home,Home,Firearm,,C
192055990,173181775,2023-04-17,Winston-Salem,NC0340200,13A,B,B,N,F,1,R,N,RU,Residence/Home,Home,Firearm,,C
191498179,172697243,2023-04-18,Winston-Salem,NC0340200,13A,B,B,N,F,33,N,N,ST;VO,Highway/Road/Alley/Street/Sidewalk,Street & Sidewalk,Handgun,,C
191498180,172697243,2023-04-18,Winston-Salem,NC0340200,13A,B,B,N,F,21,N,N,ST;VO,Highway/Road/Alley/Street/Sidewalk,Street & Sidewalk,Handgun,,C
191498216,172697276,2023-04-18,Winston-Salem,NC0340200,13A,W,W,N,F,58,N,N,,Highway/Road/Alley/Street/Sidewalk,Street & Sidewalk,Firearm,,C
191498220,172697280,2023-04-18,Winston-Salem,NC0340200,13A,W,W,N,M,41,R,N,RU,Residence/Home,Home,Handgun,,C
191498226,172697285,2023-04-18,Winston-Salem,NC0340200,13A,W,W,N,M,30,R,N,GC,Residence/Home,Home,Blunt Object;Personal Weapons,,C
191498229,172697288,2023-04-18,Winston-Salem,NC0340200,13A,B,B,N,M,53,R,N,FR;VO,Parking/Drop Lot/Garage,Parking Lot,Personal Weapons,Minor Injury,C
191498230,172697288,2023-04-18,Winston-Salem,NC0340200,13A,B,B,N,M,62,R,N,FR;VO,Parking/Drop Lot/Garage,Parking Lot,Personal Weapons,Minor Injury,C
207154997,186384490,2023-04-18,Winston-Salem,NC0340200,13A,W,W,N,M,33,N,N,,Grocery/Supermarket,Grocery Store,Handgun,Minor Injury,C
191498236,172697294,2023-04-19,Winston-Salem,NC0340200,13A,B,B,N,M,42,R,N,AQ,Residence/Home,Home,Knife/Cutting Instrument;Personal Weapons,Minor Injury,C
191498239,172697297,2023-04-19,Winston-Salem,NC0340200,13A,H,W,H,F,20,R,Y,BG,Residence/Home,Home,Handgun,,C
191498268,172697318,2023-04-19,Winston-Salem,NC0340200,13A,B,B,N,F,42,R,Y,BG;VO,Residence/Home,Home,Knife/Cutting Instrument,Minor Injury,C
191498269,172697318,2023-04-19,Winston-Salem,NC0340200,13A,B,B,N,M,42,R,Y,BG;VO,Residence/Home,Home,Knife/Cutting Instrument,Minor Injury,C
207154998,186384491,2023-04-19,Winston-Salem,NC0340200,13A,B,B,N,F,0,R,N,CH,Residence/Home,Home,Personal Weapons,Apparent Broken Bones;Other Major Injury,C
191498343,172697379,2023-04-20,Winston-Salem,NC0340200,13A,B,B,N,M,64,R,N,,Residence/Home,Home,Handgun,,C
191498344,172697379,2023-04-20,Winston-Salem,NC0340200,13A,B,B,N,M,50,R,N,,Residence/Home,Home,Handgun,,C
191498345,172697379,2023-04-20,Winston-Salem,NC0340200,13A,B,B,N,M,50,R,N,,Residence/Home,Home,Handgun,,C
191498346,172697380,2023-04-20,Winston-Salem,NC0340200,13A,B,B,N,F,50,R,N,PA,Residence/Home,Home,Knife/Cutting Instrument,Minor Injury,C
191498363,172697395,2023-04-20,Winston-Salem,NC0340200,13A,W,W,N,M,41,R,N,AQ,Residence/Home,Home,Handgun,,C
191498414,172697443,2023-04-21,Winston-Salem,NC0340200,13A,H,W,H,M,40,R,N,OK,Residence/Home,Home,Handgun,Other Major Injury,C
191498438,172697464,2023-04-22,Winston-Salem,NC0340200,13A,B,B,N,F,60,R,N,,Residence/Home,Home,Shotgun,,C
191498439,172697464,2023-04-22,Winston-Salem,NC0340200,13A,B,B,N,F,37,R,N,,Residence/Home,Home,Shotgun,,C
191498440,172697464,2023-04-22,Winston-Salem,NC0340200,13A,B,B,N,M,17,R,N,,Residence/Home,Home,Shotgun,,C
191498441,172697464,2023-04-22,Winston-Salem,NC0340200,13A,B,B,N,F,20,R,N,,Residence/Home,Home,Shotgun,,C
191498442,172697464,2023-04-22,Winston-Salem,NC0340200,13A,B,B,N,F,22,R,N,,Residence/Home,Home,Shotgun,,C
191498443,172697464,2023-04-22,Winston-Salem,NC0340200,13A,B,B,N,F,3,R,N,,Residence/Home,Home,Shotgun,,C
191498470,172697488,2023-04-22,Winston-Salem,NC0340200,13A,B,B,N,M,31,R,N,,Other/Unknown,Other & Unknown,Firearm,Other Major Injury,C
191498500,172697509,2023-04-22,Winston-Salem,NC0340200,13A,B,B,N,F,34,R,N,RU,Park/Playground,Park & Playground,Handgun;Rifle,Other Major Injury,C
191498502,172697509,2023-04-22,Winston-Salem,NC0340200,13A,B,B,N,F,20,R,N,RU,Park/Playground,Park & Playground,Handgun;Rifle,Other Major Injury,C
191498507,172697509,2023-04-22,Winston-Salem,NC0340200,13A,B,B,N,F,24,N,N,RU,Park/Playground,Park & Playground,Handgun;Rifle,Other Major Injury,C
191498510,172697512,2023-04-22,Winston-Salem,NC0340200,13A,B,B,N,F,15,R,N,SB,Residence/Home,Home,Rifle,Other Major Injury,C
191498513,172697515,2023-04-22,Winston-Salem,NC0340200,13A,B,B,N,M,35,R,N,FR,Residence/Home,Home,Shotgun,,C
191498515,172697517,2023-04-23,Winston-Salem,NC0340200,13A,B,B,N,F,28,R,Y,SE,Highway/Road/Alley/Street/Sidewalk,Street & Sidewalk,Personal Weapons,Minor Injury,C
191498533,172697535,2023-04-23,Winston-Salem,NC0340200,13A,B,B,N,F,32,R,Y,BG,Residence/Home,Home,Handgun,,C
191498552,172697552,2023-04-23,Winston-Salem,NC0340200,13A,B,B,N,M,30,R,Y,BG;VO,Other/Unknown,Other & Unknown,Firearm;Personal Weapons,,C
191498553,172697552,2023-04-23,Winston-Salem,NC0340200,13A,B,B,N,F,47,R,Y,BG;VO,Other/Unknown,Other & Unknown,Firearm;Personal Weapons,Minor Injury,C
191498556,172697555,2023-04-23,Winston-Salem,NC0340200,13A,B,B,N,F,28,R,Y,BG,Parking/Drop Lot/Garage,Parking Lot,Motor Vehicle/Vessel,Minor Injury,C
191498557,172697556,2023-04-23,Winston-Salem,NC0340200,13A,B,B,N,M,26,R,N,OF;VO,Residence/Home,Home,Personal Weapons,,C
191498558,172697556,2023-04-23,Winston-Salem,NC0340200,13A,B,B,N,F,52,R,N,OF;VO,Residence/Home,Home,Personal Weapons,Apparent Broken Bones,C
191498577,172697573,2023-04-23,Winston-Salem,NC0340200,13A,B,B,N,M,8,R,N,RU,Park/Playground,Park & Playground,Fire/Incendiary Device;Other,,C
191498578,172697573,2023-04-23,Winston-Salem,NC0340200,13A,B,B,N,F,11,R,N,RU,Park/Playground,Park & Playground,Fire/Incendiary Device;Other,Severe Laceration,C
191498676,172697662,2023-04-23,Winston-Salem,NC0340200,13A,B,B,N,F,68,R,N,,Highway/Road/Alley/Street/Sidewalk,Street & Sidewalk,Firearm,,C
196466468,177034989,2023-04-23,Winston-Salem,NC0340200,13A,B,B,N,M,59,R,N,RU,Residence/Home,Home,Knife/Cutting Instrument,Minor Injury,C
191498595,172697589,2023-04-24,Winston-Salem,NC0340200,13A,H,W,H,M,21,R,N,,Other/Unknown,Other & Unknown,Firearm,Other Major Injury,C
191498626,172697619,2023-04-24,Winston-Salem,NC0340200,13A,B,B,N,F,32,R,Y,BG;VO,Residence/Home,Home,Knife/Cutting Instrument,Minor Injury,C
191498627,172697619,2023-04-24,Winston-Salem,NC0340200,13A,B,B,N,M,38,R,Y,BG;VO,Residence/Home,Home,Knife/Cutting Instrument,Minor Injury,C
191498641,172697632,2023-04-24,Winston-Salem,NC0340200,13A,B,B,N,F,30,R,Y,XR,Residence/Home,Home,Firearm,,C
191498665,172697651,2023-04-24,Winston-Salem,NC0340200,13A,W,W,N,F,57,N,N,,Highway/Road/Alley/Street/Sidewalk,Street & Sidewalk,Handgun,,C
191498675,172697661,2023-04-25,Winston-Salem,NC0340200,13A,B,B,N,M,48,R,N,ST,Highway/Road/Alley/Street/Sidewalk,Street & Sidewalk,Handgun,,C
202392375,182234233,2023-04-25,Winston-Salem,NC0340200,13A,B,B,N,M,50,R,N,SB,Highway/Road/Alley/Street/Sidewalk,Street & Sidewalk,Motor Vehicle/Vessel,Minor Injury,C
191498711,172697695,2023-04-26,Winston-Salem,NC0340200,13A,W,W,N,M,12,R,N,CH,Highway/Road/Alley/Street/Sidewalk,Street & Sidewalk,Personal Weapons,,C
191498737,172697718,2023-04-26,Winston-Salem,NC0340200,13A,B,B,N,F,28,R,Y,XR,Residence/Home,Home,Handgun,Minor Injury,C
191498745,172697725,2023-04-26,Winston-Salem,NC0340200,13A,B,B,N,M,21,N,N,RU,Highway/Road/Alley/Street/Sidewalk,Street & Sidewalk,Other Firearm,Other Major Injury,C
207658374,186820181,2023-04-26,Winston-Salem,NC0340200,13A,B,B,N,F,33,R,N,,Restaurant,Restaurant,Handgun,,C
191498780,172697753,2023-04-27,Winston-Salem,NC0340200,13A,W,W,N,F,29,R,Y,XS,Residence/Home,Home,Blunt Object;Personal Weapons,Minor Injury,C
191498849,172697817,2023-04-28,Winston-Salem,NC0340200,13A,H,W,H,M,10,R,N,NE,Park/Playground,Park & Playground,Personal Weapons,Loss of Teeth;Minor Injury,C
191498850,172697817,2023-04-28,Winston-Salem,NC0340200,13A,H,W,H,F,11,R,N,NE,Park/Playground,Park & Playground,Personal Weapons,Minor Injury,C
191498911,172697869,2023-04-29,Winston-Salem,NC0340200,13A,B,B,N,F,18,R,Y,XR,Highway/Road/Alley/Street/Sidewalk,Street & Sidewalk,Handgun,Minor Injury,C
191498921,172697878,2023-04-29,Winston-Salem,NC0340200,13A,B,B,N,M,26,R,N,AQ,Service/Gas Station,Gas Station,Handgun,,C
191499026,172697960,2023-04-29,Winston-Salem,NC0340200,13A,W,W,N,F,17,N,N,AQ,Parking/Drop Lot/Garage,Parking Lot,Other,,C
202392378,182234234,2023-04-29,Winston-Salem,NC0340200,13A,B,B,N,M,45,R,N,RU,Parking/Drop Lot/Garage,Parking Lot,Firearm,,C
202392379,182234234,2023-04-29,Winston-Salem,NC0340200,13A,B,B,N,F,37,R,N,RU,Parking/Drop Lot/Garage,Parking Lot,Firearm,Minor Injury,C
191498951,172697904,2023-04-30,Winston-Salem,NC0340200,13A,B,B,N,M,46,R,N,,Residence/Home,Home,Firearm,,C
191498953,172697904,2023-04-30,Winston-Salem,NC0340200,13A,H,W,H,M,39,R,N,,Residence/Home,Home,Firearm,,C
191498954,172697904,2023-04-30,Winston-Salem,NC0340200,13A,H,W,H,F,44,R,N,,Residence/Home,Home,Firearm,,C
191498955,172697904,2023-04-30,Winston-Salem,NC0340200,13A,W,W,N,F,18,R,N,,Residence/Home,Home,Firearm,,C
191498956,172697904,2023-04-30,Winston-Salem,NC0340200,13A,H,W,H,F,36,R,N,,Residence/Home,Home,Firearm,,C
191498957,172697904,2023-04-30,Winston-Salem,NC0340200,13A,H,W,H,F,16,R,N,,Residence/Home,Home,Firearm,,C
191498958,172697904,2023-04-30,Winston-Salem,NC0340200,13A,H,W,H,M,15,R,N,,Residence/Home,Home,Firearm,,C
191498959,172697904,2023-04-30,Winston-Salem,NC0340200,13A,W,W,N,M,9,R,N,,Residence/Home,Home,Firearm,,C
191498960,172697904,2023-04-30,Winston-Salem,NC0340200,13A,W,W,N,M,6,R,N,,Residence/Home,Home,Firearm,,C
191498961,172697904,2023-04-30,Winston-Salem,NC0340200,13A,B,B,N,F,41,R,N,,Residence/Home,Home,Firearm,,C
191498963,172697904,2023-04-30,Winston-Salem,NC0340200,13A,H,W,H,M,10,R,N,,Residence/Home,Home,Firearm,,C
191498964,172697904,2023-04-30,Winston-Salem,NC0340200,13A,H,W,H,F,8,R,N,,Residence/Home,Home,Firearm,,C
191498965,172697904,2023-04-30,Winston-Salem,NC0340200,13A,B,B,N,F,11,R,N,,Residence/Home,Home,Firearm,,C
191498967,172697905,2023-04-30,Winston-Salem,NC0340200,13A,B,B,N,M,48,R,N,RU,Parking/Drop Lot/Garage,Parking Lot,Handgun,,C
191498979,172697916,2023-04-30,Winston-Salem,NC0340200,13A,B,B,N,M,25,R,N,,Residence/Home,Home,Personal Weapons,Possible Internal Injury,C
191498996,172697933,2023-04-30,Winston-Salem,NC0340200,13A,W,W,N,M,53,R,N,ST,Service/Gas Station,Gas Station,Handgun,,C
192056006,173181789,2023-05-01,Winston-Salem,NC0340200,13A,B,B,N,F,32,R,N,,Highway/Road/Alley/Street/Sidewalk,Street & Sidewalk,Handgun,,C
192056007,173181789,2023-05-01,Winston-Salem,NC0340200,13A,B,B,N,F,9,R,N,,Highway/Road/Alley/Street/Sidewalk,Street & Sidewalk,Handgun,,C
192056008,173181789,2023-05-01,Winston-Salem,NC0340200,13A,B,B,N,F,7,R,N,,Highway/Road/Alley/Street/Sidewalk,Street & Sidewalk,Handgun,,C
192056010,173181791,2023-05-01,Winston-Salem,NC0340200,13A,B,B,N,M,31,N,N,OK,Restaurant,Restaurant,Knife/Cutting Instrument,Minor Injury,C
192056012,173181793,2023-05-01,Winston-Salem,NC0340200,13A,B,B,N,F,27,R,N,AQ,Residence/Home,Home,Firearm,,C
192056035,173181814,2023-05-01,Winston-Salem,NC0340200,13A,B,B,N,F,17,R,N,GC,Residence/Home,Home,Knife/Cutting Instrument,Minor Injury,C
192056041,173181820,2023-05-01,Winston-Salem,NC0340200,13A,W,W,N,F,27,R,N,,Residence/Home,Home,Firearm,,C
192056046,173181825,2023-05-01,Winston-Salem,NC0340200,13A,I,I,N,F,23,R,N,,Residence/Home,Home,Firearm,Minor Injury,C
192057581,173183132,2023-05-01,Winston-Salem,NC0340200,13A,H,W,H,M,15,R,N,AQ,Park/Playground,Park & Playground,Firearm,,C
192056087,173181863,2023-05-02,Winston-Salem,NC0340200,13A,B,B,N,F,38,R,N,,Highway/Road/Alley/Street/Sidewalk,Street & Sidewalk,Rifle,,C
192056091,173181866,2023-05-02,Winston-Salem,NC0340200,13A,W,W,N,F,62,R,N,PA,Residence/Home,Home,Personal Weapons,Minor Injury,C
192056094,173181869,2023-05-02,Winston-Salem,NC0340200,13A,H,W,H,M,50,R,N,,Residence/Home,Home,Firearm,,C
192056095,173181869,2023-05-02,Winston-Salem,NC0340200,13A,H,W,H,M,24,R,N,,Residence/Home,Home,Firearm,,C
192056096,173181869,2023-05-02,Winston-Salem,NC0340200,13A,H,W,H,M,16,R,N,,Residence/Home,Home,Firearm,Other Major Injury,C
192056097,173181869,2023-05-02,Winston-Salem,NC0340200,13A,H,W,H,M,15,R,N,,Residence/Home,Home,Firearm,,C
192056098,173181869,2023-05-02,Winston-Salem,NC0340200,13A,H,W,H,M,14,R,N,,Residence/Home,Home,Firearm,,C
192056099,173181869,2023-05-02,Winston-Salem,NC0340200,13A,H,W,H,M,10,R,N,,Residence/Home,Home,Firearm,,C
192056100,173181869,2023-05-02,Winston-Salem,NC0340200,13A,H,W,H,F,5,R,N,,Residence/Home,Home,Firearm,,C
192056101,173181869,2023-05-02,Winston-Salem,NC0340200,13A,H,W,H,F,12,R,N,,Residence/Home,Home,Firearm,,C
192056110,173181877,2023-05-03,Winston-Salem,NC0340200,13A,B,B,N,M,26,R,N,,Parking/Drop Lot/Garage,Parking Lot,Knife/Cutting Instrument,Minor Injury,C
192056114,173181881,2023-05-03,Winston-Salem,NC0340200,13A,B,B,N,F,37,R,N,,Highway/Road/Alley/Street/Sidewalk,Street & Sidewalk,Firearm,,C
192056127,173181892,2023-05-03,Winston-Salem,NC0340200,13A,B,B,N,M,59,R,N,,Parking/Drop Lot/Garage,Parking Lot,Firearm,,C
192056174,173181936,2023-05-04,Winston-Salem,NC0340200,13A,B,B,N,F,18,R,Y,BG,Residence/Home,Home,Handgun,Minor Injury,C
192056188,173181948,2023-05-04,Winston-Salem,NC0340200,13A,B,B,N,F,26,R,N,,Highway/Road/Alley/Street/Sidewalk,Street & Sidewalk,Handgun,,C
192056199,173181959,2023-05-04,Winston-Salem,NC0340200,13A,W,W,N,M,27,N,N,AQ,Field/Woods,Field & Woods,Knife/Cutting Instrument,Severe Laceration,C
192056214,173181971,2023-05-04,Winston-Salem,NC0340200,13A,W,W,N,F,17,N,Y,BG,Residence/Home,Home,Knife/Cutting Instrument;Personal Weapons,,C
192057098,173182723,2023-05-04,Winston-Salem,NC0340200,13A,B,B,N,F,21,N,Y,VO;XR,Residence/Home,Home,Knife/Cutting Instrument;Personal Weapons,,C
192057099,173182723,2023-05-04,Winston-Salem,NC0340200,13A,B,B,N,M,21,N,Y,VO;XR,Residence/Home,Home,Knife/Cutting Instrument;Personal Weapons,Minor Injury,C
192056244,173181999,2023-05-05,Winston-Salem,NC0340200,13A,B,B,N,F,30,R,N,AQ,Residence/Home,Home,Knife/Cutting Instrument,Severe Laceration,C
192056264,173182018,2023-05-05,Winston-Salem,NC0340200,13A,B,B,N,M,23,N,N,,Highway/Road/Alley/Street/Sidewalk,Street & Sidewalk,Handgun,Other Major Injury,C
192056268,173182022,2023-05-05,Winston-Salem,NC0340200,13A,B,B,N,M,52,R,N,AQ,Parking/Drop Lot/Garage,Parking Lot,Shotgun,,C
192056269,173182022,2023-05-05,Winston-Salem,NC0340200,13A,W,W,N,M,26,R,N,AQ,Parking/Drop Lot/Garage,Parking Lot,Shotgun,,C
192056289,173182041,2023-05-05,Winston-Salem,NC0340200,13A,W,W,N,M,60,N,N,,Restaurant,Restaurant,Motor Vehicle/Vessel,,C
192056308,173182059,2023-05-06,Winston-Salem,NC0340200,13A,B,B,N,M,72,R,Y,BG,Residence/Home,Home,Knife/Cutting Instrument,Minor Injury,C
192056313,173182063,2023-05-06,Winston-Salem,NC0340200,13A,H,W,H,M,20,U,N,,Residence/Home,Home,Unknown,Minor Injury,C
192056314,173182064,2023-05-06,Winston-Salem,NC0340200,13A,W,W,N,M,54,R,N,OK;VO,Service/Gas Station,Gas Station,Knife/Cutting Instrument,Minor Injury,C
192056315,173182064,2023-05-06,Winston-Salem,NC0340200,13A,W,W,N,M,58,R,N,OK;VO,Service/Gas Station,Gas Station,Knife/Cutting Instrument,Minor Injury,C
192056336,173182083,2023-05-06,Winston-Salem,NC0340200,13A,W,W,N,M,40,N,N,RU,Parking/Drop Lot/Garage,Parking Lot,Handgun,,C
192056344,173182090,2023-05-06,Winston-Salem,NC0340200,13A,B,B,N,M,31,R,N,CH,Residence/Home,Home,Blunt Object,Minor Injury,C
192056391,173182130,2023-05-07,Winston-Salem,NC0340200,13A,B,B,N,F,37,R,N,,Highway/Road/Alley/Street/Sidewalk,Street & Sidewalk,Firearm,,C
192056392,173182130,2023-05-07,Winston-Salem,NC0340200,13A,B,B,N,M,14,R,N,,Highway/Road/Alley/Street/Sidewalk,Street & Sidewalk,Firearm,,C
192056393,173182130,2023-05-07,Winston-Salem,NC0340200,13A,B,B,N,M,14,R,N,,Highway/Road/Alley/Street/Sidewalk,Street & Sidewalk,Firearm,,C
192056436,173182168,2023-05-08,Winston-Salem,NC0340200,13A,B,B,N,F,35,R,N,,Other/Unknown,Other & Unknown,Knife/Cutting Instrument,Minor Injury,C
192056487,173182206,2023-05-08,Winston-Salem,NC0340200,13A,W,W,N,M,34,R,N,AQ,Highway/Road/Alley/Street/Sidewalk,Street & Sidewalk,Blunt Object,Minor Injury,C
192056491,173182210,2023-05-08,Winston-Salem,NC0340200,13A,B,B,N,M,49,R,N,SB,Residence/Home,Home,Knife/Cutting Instrument,Minor Injury,C
192056493,173182212,2023-05-08,Winston-Salem,NC0340200,13A,B,B,N,M,49,R,N,NE,Parking/Drop Lot/Garage,Parking Lot,Other,,C
192056527,173182244,2023-05-09,Winston-Salem,NC0340200,13A,W,W,N,F,60,R,Y,VO;XR,Residence/Home,Home,Blunt Object,,C
192056528,173182244,2023-05-09,Winston-Salem,NC0340200,13A,W,W,N,M,55,R,Y,VO;XR,Residence/Home,Home,Blunt Object,,C
192056535,173182251,2023-05-09,Winston-Salem,NC0340200,13A,B,B,N,F,54,R,N,ST,Highway/Road/Alley/Street/Sidewalk,Street & Sidewalk,Motor Vehicle/Vessel,,C
192056574,173182287,2023-05-10,Winston-Salem,NC0340200,13A,B,B,N,F,37,N,N,,Highway/Road/Alley/Street/Sidewalk,Street & Sidewalk,Firearm,,C
192056586,173182299,2023-05-10,Winston-Salem,NC0340200,13A,B,B,N,M,28,R,N,RU,Residence/Home,Home,Handgun,Other Major Injury,C
192056636,173182342,2023-05-11,Winston-Salem,NC0340200,13A,B,B,N,F,65,R,N,,Residence/Home,Home,Handgun,,C
192056637,173182342,2023-05-11,Winston-Salem,NC0340200,13A,B,B,N,F,44,R,N,,Residence/Home,Home,Handgun,,C
192056638,173182342,2023-05-11,Winston-Salem,NC0340200,13A,B,B,N,M,52,R,N,,Residence/Home,Home,Handgun,,C
192056639,173182342,2023-05-11,Winston-Salem,NC0340200,13A,B,B,N,M,17,R,N,,Residence/Home,Home,Handgun,,C
192056641,173182344,2023-05-11,Winston-Salem,NC0340200,13A,W,W,N,M,39,R,N,AQ,Air/Bus/Train Terminal,Transit Station,Blunt Object,Minor Injury,C
192056665,173182364,2023-05-11,Winston-Salem,NC0340200,13A,B,B,N,F,37,R,N,AQ;RU,Highway/Road/Alley/Street/Sidewalk,Street & Sidewalk,Handgun,,C
192056666,173182364,2023-05-11,Winston-Salem,NC0340200,13A,B,B,N,M,20,R,N,AQ;RU,Highway/Road/Alley/Street/Sidewalk,Street & Sidewalk,Handgun,,C
192056667,173182364,2023-05-11,Winston-Salem,NC0340200,13A,B,B,N,M,16,R,N,AQ;RU,Highway/Road/Alley/Street/Sidewalk,Street & Sidewalk,Handgun,,C
192056668,173182364,2023-05-11,Winston-Salem,NC0340200,13A,B,B,N,M,17,R,N,AQ;RU,Highway/Road/Alley/Street/Sidewalk,Street & Sidewalk,Handgun,,C
192056669,173182364,2023-05-11,Winston-Salem,NC0340200,13A,W,W,N,M,26,R,N,RU;ST,Highway/Road/Alley/Street/Sidewalk,Street & Sidewalk,Handgun,,C
192056670,173182364,2023-05-11,Winston-Salem,NC0340200,13A,H,W,H,F,26,R,N,RU;ST,Highway/Road/Alley/Street/Sidewalk,Street & Sidewalk,Handgun,,C
192056713,173182403,2023-05-11,Winston-Salem,NC0340200,13A,B,B,N,M,35,R,Y,BG,Highway/Road/Alley/Street/Sidewalk,Street & Sidewalk,Personal Weapons,Minor Injury,C
192056780,173182459,2023-05-12,Winston-Salem,NC0340200,13A,W,W,N,M,50,N,N,ST,Highway/Road/Alley/Street/Sidewalk,Street & Sidewalk,Handgun,,C
192056781,173182459,2023-05-12,Winston-Salem,NC0340200,13A,W,W,N,M,23,N,N,ST,Highway/Road/Alley/Street/Sidewalk,Street & Sidewalk,Handgun,Minor Injury,C
192056782,173182459,2023-05-12,Winston-Salem,NC0340200,13A,W,W,N,F,51,R,N,ST,Highway/Road/Alley/Street/Sidewalk,Street & Sidewalk,Handgun,,C
192056789,173182464,2023-05-12,Winston-Salem,NC0340200,13A,W,W,N,M,29,R,N,ST,Parking/Drop Lot/Garage,Parking Lot,Handgun,,C
192056793,173182468,2023-05-12,Winston-Salem,NC0340200,13A,B,B,N,F,34,N,N,SB;VO,Residence/Home,Home,Knife/Cutting Instrument,,C
192056794,173182468,2023-05-12,Winston-Salem,NC0340200,13A,B,B,N,F,31,R,N,SB;VO,Residence/Home,Home,Knife/Cutting Instrument,,C
192056796,173182470,2023-05-12,Winston-Salem,NC0340200,13A,W,W,N,F,22,R,N,AQ,Residence/Home,Home,Firearm,,C
192056797,173182471,2023-05-12,Winston-Salem,NC0340200,13A,B,B,N,F,28,R,N,OF,Residence/Home,Home,Motor Vehicle/Vessel,,C
192056798,173182471,2023-05-12,Winston-Salem,NC0340200,13A,B,B,N,F,29,R,N,OF,Residence/Home,Home,Motor Vehicle/Vessel,Minor Injury,C
192056799,173182471,2023-05-12,Winston-Salem,NC0340200,13A,B,B,N,F,25,R,N,OF,Residence/Home,Home,Motor Vehicle/Vessel,,C
192056800,173182472,2023-05-12,Winston-Salem,NC0340200,13A,H,W,H,M,14,R,N,,Highway/Road/Alley/Street/Sidewalk,Street & Sidewalk,Firearm,,C
192056801,173182472,2023-05-12,Winston-Salem,NC0340200,13A,H,W,H,F,45,R,N,,Highway/Road/Alley/Street/Sidewalk,Street & Sidewalk,Firearm,,C
196466487,177035007,2023-05-12,Winston-Salem,NC0340200,13A,B,B,N,M,55,R,N,,Residence/Home,Home,Firearm,,C
196466488,177035007,2023-05-12,Winston-Salem,NC0340200,13A,B,B,N,F,51,R,N,,Residence/Home,Home,Firearm,,C
196466489,177035007,2023-05-12,Winston-Salem,NC0340200,13A,B,B,N,M,25,R,N,,Residence/Home,Home,Firearm,,C
196466490,177035007,2023-05-12,Winston-Salem,NC0340200,13A,B,B,N,F,24,R,N,,Residence/Home,Home,Firearm,,C
196466491,177035007,2023-05-12,Winston-Salem,NC0340200,13A,B,B,N,M,24,R,N,,Residence/Home,Home,Firearm,,C
192056851,173182518,2023-05-13,Winston-Salem,NC0340200,13A,H,W,H,F,21,R,Y,BG,Highway/Road/Alley/Street/Sidewalk,Street & Sidewalk,Handgun,,C
192056855,173182521,2023-05-13,Winston-Salem,NC0340200,13A,B,B,N,M,32,N,N,RU,Parking/Drop Lot/Garage,Parking Lot,Handgun,,C
192056856,173182521,2023-05-13,Winston-Salem,NC0340200,13A,B,B,N,F,28,R,N,RU,Parking/Drop Lot/Garage,Parking Lot,Handgun,Minor Injury,C
192056860,173182525,2023-05-14,Winston-Salem,NC0340200,13A,B,B,N,F,40,R,N,OK,Residence/Home,Home,Handgun,,C
192056861,173182525,2023-05-14,Winston-Salem,NC0340200,13A,B,B,N,M,42,R,N,OK,Residence/Home,Home,Handgun,,C
192056882,173182539,2023-05-14,Winston-Salem,NC0340200,13A,B,B,N,M,57,R,Y,BG,Residence/Home,Home,Knife/Cutting Instrument,,C
192056906,173182560,2023-05-14,Winston-Salem,NC0340200,13A,B,B,N,F,48,R,N,OK,Residence/Home,Home,Blunt Object,,C
192056907,173182560,2023-05-14,Winston-Salem,NC0340200,13A,B,B,N,M,35,R,Y,XR,Residence/Home,Home,Blunt Object,,C
192056908,173182560,2023-05-14,Winston-Salem,NC0340200,13A,B,B,N,F,58,R,N,OK,Residence/Home,Home,Blunt Object,,C
192056916,173182566,2023-05-14,Winston-Salem,NC0340200,13A,B,B,N,M,61,R,N,,Highway/Road/Alley/Street/Sidewalk,Street & Sidewalk,Rifle,,C
192056924,173182574,2023-05-14,Winston-Salem,NC0340200,13A,B,B,N,F,21,N,N,OK,Highway/Road/Alley/Street/Sidewalk,Street & Sidewalk,Firearm,Minor Injury,C
192056928,173182578,2023-05-14,Winston-Salem,NC0340200,13A,B,B,N,F,41,R,N,,Residence/Home,Home,Firearm,,C
192056929,173182578,2023-05-14,Winston-Salem,NC0340200,13A,B,B,N,M,24,R,N,,Residence/Home,Home,Firearm,,C
192056930,173182578,2023-05-14,Winston-Salem,NC0340200,13A,B,B,N,M,20,R,N,,Residence/Home,Home,Firearm,,C
192056931,173182578,2023-05-14,Winston-Salem,NC0340200,13A,B,B,N,F,48,R,N,,Residence/Home,Home,Firearm,,C
192380606,173462664,2023-05-14,Winston-Salem,NC0340200,13A,B,B,N,F,56,R,N,,Highway/Road/Alley/Street/Sidewalk,Street & Sidewalk,Unknown,Other Major Injury,C
192056979,173182618,2023-05-15,Winston-Salem,NC0340200,13A,B,B,N,F,73,R,N,OF;VO,Highway/Road/Alley/Street/Sidewalk,Street & Sidewalk,Blunt Object;Personal Weapons,Minor Injury,C
192056980,173182618,2023-05-15,Winston-Salem,NC0340200,13A,B,B,N,F,35,R,N,OF;VO,Highway/Road/Alley/Street/Sidewalk,Street & Sidewalk,Blunt Object;Personal Weapons,Minor Injury,C
192056982,173182620,2023-05-15,Winston-Salem,NC0340200,13A,B,B,N,F,35,R,N,AQ,Residence/Home,Home,Handgun,Severe Laceration,C
192056997,173182631,2023-05-15,Winston-Salem,NC0340200,13A,B,B,N,M,61,R,N,OK;VO,Highway/Road/Alley/Street/Sidewalk,Street & Sidewalk,Knife/Cutting Instrument,Severe Laceration,C
192056998,173182631,2023-05-15,Winston-Salem,NC0340200,13A,B,B,N,M,57,R,N,OK;VO,Highway/Road/Alley/Street/Sidewalk,Street & Sidewalk,Knife/Cutting Instrument,Severe Laceration,C
192057008,173182641,2023-05-16,Winston-Salem,NC0340200,13A,B,B,N,M,24,R,N,,Highway/Road/Alley/Street/Sidewalk,Street & Sidewalk,Firearm,,C
192057009,173182641,2023-05-16,Winston-Salem,NC0340200,13A,H,W,H,M,14,R,N,,Highway/Road/Alley/Street/Sidewalk,Street & Sidewalk,Firearm,,C
192057044,173182675,2023-05-16,Winston-Salem,NC0340200,13A,B,B,N,F,22,R,N,SB,Residence/Home,Home,Blunt Object,,C
192057057,173182686,2023-05-16,Winston-Salem,NC0340200,13A,W,W,N,M,65,R,N,PA,Residence/Home,Home,Knife/Cutting Instrument,Minor Injury,C
192057069,173182695,2023-05-17,Winston-Salem,NC0340200,13A,B,B,N,F,47,R,Y,BG,Parking/Drop Lot/Garage,Parking Lot,Firearm,,C
192057106,173182729,2023-05-17,Winston-Salem,NC0340200,13A,H,W,H,M,35,R,N,,Residence/Home,Home,Firearm,,C
192057115,173182738,2023-05-17,Winston-Salem,NC0340200,13A,B,B,N,F,35,R,N,,Highway/Road/Alley/Street/Sidewalk,Street & Sidewalk,Other,Minor Injury,C
202392394,182234245,2023-05-17,Winston-Salem,NC0340200,13A,W,W,N,M,0,R,N,CH,Residence/Home,Home,,Apparent Broken Bones,C
192057143,173182766,2023-05-18,Winston-Salem,NC0340200,13A,B,B,N,M,47,N,N,AQ,Parking/Drop Lot/Garage,Parking Lot,Blunt Object,Minor Injury,C
192057144,173182767,2023-05-18,Winston-Salem,NC0340200,13A,W,W,N,M,42,R,N,,Highway/Road/Alley/Street/Sidewalk,Street & Sidewalk,Blunt Object,Minor Injury,C
196466498,177035014,2023-05-18,Winston-Salem,NC0340200,13A,B,B,N,M,22,R,N,,Parking/Drop Lot/Garage,Parking Lot,Firearm,Other Major Injury,C
192057181,173182800,2023-05-19,Winston-Salem,NC0340200,13A,W,W,N,M,53,R,N,PA,Residence/Home,Home,Knife/Cutting Instrument,Minor Injury,C
192057204,173182820,2023-05-19,Winston-Salem,NC0340200,13A,H,W,H,M,40,R,N,,Highway/Road/Alley/Street/Sidewalk,Street & Sidewalk,Motor Vehicle/Vessel,,C
192057209,173182825,2023-05-19,Winston-Salem,NC0340200,13A,B,B,N,F,27,R,N,AQ,Residence/Home,Home,Handgun,,C
192057210,173182825,2023-05-19,Winston-Salem,NC0340200,13A,B,B,N,F,9,R,N,CH,Residence/Home,Home,Handgun,,C
192057211,173182825,2023-05-19,Winston-Salem,NC0340200,13A,B,B,N,F,7,R,N,CH,Residence/Home,Home,Handgun,,C
192057212,173182825,2023-05-19,Winston-Salem,NC0340200,13A,B,B,N,F,4,R,N,CH,Residence/Home,Home,Handgun,,C
192057225,173182835,2023-05-19,Winston-Salem,NC0340200,13A,B,B,N,M,27,R,Y,XR,Highway/Road/Alley/Street/Sidewalk,Street & Sidewalk,Motor Vehicle/Vessel,,C
192057240,173182848,2023-05-19,Winston-Salem,NC0340200,13A,H,W,H,M,31,R,N,,Parking/Drop Lot/Garage,Parking Lot,Handgun,,C
192057241,173182848,2023-05-19,Winston-Salem,NC0340200,13A,H,W,H,M,23,R,N,,Parking/Drop Lot/Garage,Parking Lot,Handgun,,C
192057245,173182851,2023-05-20,Winston-Salem,NC0340200,13A,H,W,H,M,19,R,N,,Grocery/Supermarket,Grocery Store,Firearm,,C
192057249,173182855,2023-05-20,Winston-Salem,NC0340200,13A,H,W,H,M,48,R,N,,Highway/Road/Alley/Street/Sidewalk,Street & Sidewalk,Handgun,,C
192057250,173182855,2023-05-20,Winston-Salem,NC0340200,13A,H,W,H,F,45,R,N,,Highway/Road/Alley/Street/Sidewalk,Street & Sidewalk,Handgun,,C
192057251,173182855,2023-05-20,Winston-Salem,NC0340200,13A,H,W,H,M,24,R,N,,Highway/Road/Alley/Street/Sidewalk,Street & Sidewalk,Handgun,,C
192057252,173182855,2023-05-20,Winston-Salem,NC0340200,13A,H,W,H,F,20,R,N,,Highway/Road/Alley/Street/Sidewalk,Street & Sidewalk,Handgun,,C
192057253,173182855,2023-05-20,Winston-Salem,NC0340200,13A,H,W,H,F,20,R,N,,Highway/Road/Alley/Street/Sidewalk,Street & Sidewalk,Handgun,,C
192057254,173182855,2023-05-20,Winston-Salem,NC0340200,13A,W,W,N,M,1,R,N,,Highway/Road/Alley/Street/Sidewalk,Street & Sidewalk,Handgun,,C
192057290,173182888,2023-05-20,Winston-Salem,NC0340200,13A,B,B,N,M,38,R,N,,Highway/Road/Alley/Street/Sidewalk,Street & Sidewalk,Firearm,Other Major Injury,C
192057364,173182947,2023-05-20,Winston-Salem,NC0340200,13A,W,W,N,M,61,R,N,RU,Residence/Home,Home,Other,Minor Injury,C
192057304,173182899,2023-05-21,Winston-Salem,NC0340200,13A,W,W,N,M,37,R,N,,Other/Unknown,Other & Unknown,Blunt Object,,C
196466508,177035022,2023-05-21,Winston-Salem,NC0340200,13A,B,B,N,M,25,R,N,,Residence/Home,Home,Handgun,Other Major Injury,C
192057452,173183028,2023-05-22,Winston-Salem,NC0340200,13A,B,B,N,M,24,N,N,,Highway/Road/Alley/Street/Sidewalk,Street & Sidewalk,Handgun,,C
192057794,173183311,2023-05-22,Winston-Salem,NC0340200,13A,B,B,N,M,39,R,Y,SE,Residence/Home,Home,Knife/Cutting Instrument,Minor Injury,C
192057487,173183053,2023-05-23,Winston-Salem,NC0340200,13A,B,B,N,M,42,R,N,RU,Parking/Drop Lot/Garage,Parking Lot,Shotgun,Other Major Injury,C
192057488,173183053,2023-05-23,Winston-Salem,NC0340200,13A,B,B,N,M,19,R,N,RU,Parking/Drop Lot/Garage,Parking Lot,Shotgun,Other Major Injury,C
192057502,173183064,2023-05-23,Winston-Salem,NC0340200,13A,B,B,N,F,30,R,Y,BG,Residence/Home,Home,Personal Weapons,Loss of Teeth;Minor Injury,C
192057506,173183067,2023-05-23,Winston-Salem,NC0340200,13A,H,W,H,M,30,R,N,RU,Residence/Home,Home,Blunt Object,,C
192057513,173183074,2023-05-23,Winston-Salem,NC0340200,13A,B,B,N,F,40,R,N,ST,Restaurant,Restaurant,Blunt Object,,C
192057518,173183079,2023-05-23,Winston-Salem,NC0340200,13A,B,B,N,F,35,R,N,OF,Residence/Home,Home,Other,Minor Injury,C
192057528,173183087,2023-05-23,Winston-Salem,NC0340200,13A,B,B,N,M,29,R,N,,Highway/Road/Alley/Street/Sidewalk,Street & Sidewalk,Motor Vehicle/Vessel,,C
196466513,177035027,2023-05-23,Winston-Salem,NC0340200,13A,B,B,N,F,61,R,N,,Highway/Road/Alley/Street/Sidewalk,Street & Sidewalk,Handgun,Other Major Injury,C
196466515,177035027,2023-05-23,Winston-Salem,NC0340200,13A,B,B,N,F,30,R,N,,Highway/Road/Alley/Street/Sidewalk,Street & Sidewalk,Handgun,,C
207155005,186384498,2023-05-23,Winston-Salem,NC0340200,13A,B,B,N,F,28,R,Y,BG,Residence/Home,Home,Handgun,,C
207155006,186384498,2023-05-23,Winston-Salem,NC0340200,13A,B,B,N,M,0,R,N,CH,Residence/Home,Home,Handgun,,C
192057607,173183156,2023-05-25,Winston-Salem,NC0340200,13A,B,B,N,M,44,R,N,,Residence/Home,Home,Firearm,,C
192057608,173183156,2023-05-25,Winston-Salem,NC0340200,13A,B,B,N,F,47,N,N,,Residence/Home,Home,Firearm,,C
192057609,173183156,2023-05-25,Winston-Salem,NC0340200,13A,B,B,N,M,12,R,N,,Residence/Home,Home,Firearm,,C
192057610,173183156,2023-05-25,Winston-Salem,NC0340200,13A,B,B,N,M,14,R,N,,Residence/Home,Home,Firearm,,C
192057660,173183198,2023-05-25,Winston-Salem,NC0340200,13A,B,B,N,F,52,R,N,PA,Residence/Home,Home,Knife/Cutting Instrument,,C
192057662,173183200,2023-05-26,Winston-Salem,NC0340200,13A,B,B,N,M,19,N,N,SB,Residence/Home,Home,Blunt Object,Minor Injury,C
192057693,173183226,2023-05-26,Winston-Salem,NC0340200,13A,B,B,N,F,67,R,Y,BG;VO,Residence/Home,Home,Knife/Cutting Instrument,,C
192057694,173183226,2023-05-26,Winston-Salem,NC0340200,13A,B,B,N,M,63,R,Y,BG;VO,Residence/Home,Home,Knife/Cutting Instrument,,C
192057701,173183232,2023-05-26,Winston-Salem,NC0340200,13A,B,B,N,F,32,R,N,OF;RU;VO,Highway/Road/Alley/Street/Sidewalk,Street & Sidewalk,Other,Minor Injury,C
192057702,173183232,2023-05-26,Winston-Salem,NC0340200,13A,B,B,N,F,35,R,N,OF;RU;VO,Highway/Road/Alley/Street/Sidewalk,Street & Sidewalk,Other,Minor Injury,C
192057703,173183232,2023-05-26,Winston-Salem,NC0340200,13A,W,W,N,M,24,R,N,RU;VO,Highway/Road/Alley/Street/Sidewalk,Street & Sidewalk,Other,,C
192057704,173183232,2023-05-26,Winston-Salem,NC0340200,13A,B,B,N,M,14,N,N,OF;RU,Highway/Road/Alley/Street/Sidewalk,Street & Sidewalk,Other,,C
192057708,173183236,2023-05-26,Winston-Salem,NC0340200,13A,B,B,N,F,40,R,N,,Highway/Road/Alley/Street/Sidewalk,Street & Sidewalk,Blunt Object,,C
192057714,173183242,2023-05-26,Winston-Salem,NC0340200,13A,B,B,N,F,19,N,N,SB,Residence/Home,Home,Handgun,,C
207658389,186820194,2023-05-26,Winston-Salem,NC0340200,13A,B,B,N,M,24,R,N,,Parking/Drop Lot/Garage,Parking Lot,Handgun,Other Major Injury,C
192057774,173183294,2023-05-27,Winston-Salem,NC0340200,13A,B,B,N,M,42,R,N,,Highway/Road/Alley/Street/Sidewalk,Street & Sidewalk,Handgun,,C
192057779,173183299,2023-05-27,Winston-Salem,NC0340200,13A,H,W,H,M,23,R,N,,Highway/Road/Alley/Street/Sidewalk,Street & Sidewalk,Other,,C
192057780,173183299,2023-05-27,Winston-Salem,NC0340200,13A,H,W,H,M,25,R,N,,Highway/Road/Alley/Street/Sidewalk,Street & Sidewalk,Other,,C
192057781,173183299,2023-05-27,Winston-Salem,NC0340200,13A,W,W,N,M,5,R,N,,Highway/Road/Alley/Street/Sidewalk,Street & Sidewalk,Other,,C
196466529,177035037,2023-05-27,Winston-Salem,NC0340200,13A,B,B,N,M,31,R,N,,Department/Discount Store,Department Store,Handgun,,C
192057813,173183326,2023-05-28,Winston-Salem,NC0340200,13A,B,B,N,M,62,R,N,,Residence/Home,Home,Firearm,Other Major Injury,C
192057815,173183328,2023-05-28,Winston-Salem,NC0340200,13A,H,W,H,M,34,R,N,ST,Highway/Road/Alley/Street/Sidewalk,Street & Sidewalk,Handgun,,C
192057816,173183328,2023-05-28,Winston-Salem,NC0340200,13A,H,W,H,M,24,R,N,ST,Highway/Road/Alley/Street/Sidewalk,Street & Sidewalk,Handgun,,C
192057817,173183328,2023-05-28,Winston-Salem,NC0340200,13A,H,W,H,F,32,R,N,ST,Highway/Road/Alley/Street/Sidewalk,Street & Sidewalk,Handgun,,C
192057821,173183332,2023-05-28,Winston-Salem,NC0340200,13A,B,B,N,F,38,R,N,,Residence/Home,Home,Handgun,,C
192057823,173183334,2023-05-28,Winston-Salem,NC0340200,13A,H,W,H,F,36,R,Y,SE,Residence/Home,Home,Handgun,,C
192057828,173183338,2023-05-28,Winston-Salem,NC0340200,13A,B,B,N,M,38,R,N,,Specialty Store,Specialty Store,Handgun,Other Major Injury,C
192057836,173183344,2023-05-28,Winston-Salem,NC0340200,13A,B,B,N,M,20,R,N,,Residence/Home,Home,Shotgun,Other Major Injury,C
192057861,173183368,2023-05-29,Winston-Salem,NC0340200,13A,B,B,N,F,35,R,N,AQ;VO,Residence/Home,Home,Knife/Cutting Instrument,,C
192057862,173183368,2023-05-29,Winston-Salem,NC0340200,13A,B,B,N,M,32,R,N,AQ;VO,Residence/Home,Home,Knife/Cutting Instrument,Minor Injury,C
192057895,173183394,2023-05-29,Winston-Salem,NC0340200,13A,W,W,N,M,30,N,N,RU,Highway/Road/Alley/Street/Sidewalk,Street & Sidewalk,Motor Vehicle/Vessel,Apparent Broken Bones,C
192057903,173183400,2023-05-29,Winston-Salem,NC0340200,13A,H,W,H,M,39,R,N,,Residence/Home,Home,Firearm,,C
192057916,173183409,2023-05-29,Winston-Salem,NC0340200,13A,W,W,N,M,21,N,N,,Residence/Home,Home,Handgun,Other Major Injury,C
192380622,173462678,2023-05-29,Winston-Salem,NC0340200,13A,W,W,N,F,19,N,N,RU,Highway/Road/Alley/Street/Sidewalk,Street & Sidewalk,Handgun,,C
192380623,173462678,2023-05-29,Winston-Salem,NC0340200,13A,W,W,N,M,20,R,N,RU,Highway/Road/Alley/Street/Sidewalk,Street & Sidewalk,Handgun,,C
192057983,173183457,2023-05-30,Winston-Salem,NC0340200,13A,B,B,N,M,78,R,N,,Residence/Home,Home,Firearm,,C
192057984,173183457,2023-05-30,Winston-Salem,NC0340200,13A,B,B,N,M,33,R,N,,Residence/Home,Home,Firearm,,C
192057985,173183457,2023-05-30,Winston-Salem,NC0340200,13A,B,B,N,M,32,R,N,,Residence/Home,Home,Firearm,,C
192057986,173183457,2023-05-30,Winston-Salem,NC0340200,13A,B,B,N,F,31,R,N,,Residence/Home,Home,Firearm,,C
192057987,173183457,2023-05-30,Winston-Salem,NC0340200,13A,B,B,N,M,24,R,N,,Residence/Home,Home,Firearm,,C
192057988,173183457,2023-05-30,Winston-Salem,NC0340200,13A,B,B,N,F,24,R,N,,Residence/Home,Home,Firearm,,C
192057989,173183457,2023-05-30,Winston-Salem,NC0340200,13A,B,B,N,F,24,R,N,,Residence/Home,Home,Firearm,,C
192057990,173183457,2023-05-30,Winston-Salem,NC0340200,13A,B,B,N,M,30,R,N,,Residence/Home,Home,Firearm,Other Major Injury,C
192057991,173183457,2023-05-30,Winston-Salem,NC0340200,13A,B,B,N,F,8,R,N,,Residence/Home,Home,Firearm,,C
192057992,173183457,2023-05-30,Winston-Salem,NC0340200,13A,B,B,N,F,13,R,N,,Residence/Home,Home,Firearm,,C
192057993,173183457,2023-05-30,Winston-Salem,NC0340200,13A,B,B,N,M,13,R,N,,Residence/Home,Home,Firearm,,C
192057994,173183457,2023-05-30,Winston-Salem,NC0340200,13A,B,B,N,F,11,R,N,,Residence/Home,Home,Firearm,,C
192057995,173183457,2023-05-30,Winston-Salem,NC0340200,13A,B,B,N,F,15,R,N,,Residence/Home,Home,Firearm,,C
192057996,173183457,2023-05-30,Winston-Salem,NC0340200,13A,B,B,N,M,1,R,N,,Residence/Home,Home,Firearm,,C
192058007,173183468,2023-05-30,Winston-Salem,NC0340200,13A,B,B,N,F,24,R,Y,XR,Residence/Home,Home,Handgun,,C
192058024,173183483,2023-05-31,Winston-Salem,NC0340200,13A,B,B,N,M,13,R,N,RU,Highway/Road/Alley/Street/Sidewalk,Street & Sidewalk,Shotgun,,C
192058046,173183503,2023-05-31,Winston-Salem,NC0340200,13A,B,B,N,M,61,R,N,,Residence/Home,Home,Rifle,,C
192380629,173462682,2023-05-31,Winston-Salem,NC0340200,13A,B,B,N,F,8,R,N,,Residence/Home,Home,Handgun,Other Major Injury,C
192380630,173462682,2023-05-31,Winston-Salem,NC0340200,13A,B,B,N,F,12,R,N,,Residence/Home,Home,Handgun,Other Major Injury,C
192380693,173462737,2023-06-01,Winston-Salem,NC0340200,13A,B,B,N,M,64,R,N,AQ,Residence/Home,Home,Knife/Cutting Instrument,Minor Injury,C
192380715,173462757,2023-06-02,Winston-Salem,NC0340200,13A,W,W,N,M,70,R,N,AQ,Highway/Road/Alley/Street/Sidewalk,Street & Sidewalk,Knife/Cutting Instrument;Personal Weapons,Minor Injury,C
192380746,173462781,2023-06-02,Winston-Salem,NC0340200,13A,B,B,N,F,64,R,N,PA,Residence/Home,Home,Firearm,,C
204601741,184161413,2023-06-02,Winston-Salem,NC0340200,13A,B,B,N,M,27,R,N,OK,Restaurant,Restaurant,Handgun,Other Major Injury,C
192380759,173462792,2023-06-03,Winston-Salem,NC0340200,13A,W,W,N,M,53,R,N,PA;VO,Residence/Home,Home,Personal Weapons,Apparent Broken Bones;Possible Internal Injury,C
192380760,173462792,2023-06-03,Winston-Salem,NC0340200,13A,H,W,H,M,15,R,N,CH;VO,Residence/Home,Home,Personal Weapons,Minor Injury,C
192380837,173462860,2023-06-04,Winston-Salem,NC0340200,13A,B,B,N,F,37,R,N,AQ,Bar/Nightclub,Bar & Nightclub,Knife/Cutting Instrument;Motor Vehicle/Vessel,Severe Laceration,C
192380838,173462860,2023-06-04,Winston-Salem,NC0340200,13A,B,B,N,F,52,R,N,RU,Bar/Nightclub,Bar & Nightclub,Knife/Cutting Instrument;Motor Vehicle/Vessel,Other Major Injury,C
192380862,173462882,2023-06-04,Winston-Salem,NC0340200,13A,B,B,N,M,57,R,N,RU,Hotel/Motel/Etc.,Hotel & Motel,Knife/Cutting Instrument;Motor Vehicle/Vessel,,C
192380863,173462882,2023-06-04,Winston-Salem,NC0340200,13A,B,B,N,F,44,R,N,RU,Hotel/Motel/Etc.,Hotel & Motel,Knife/Cutting Instrument;Motor Vehicle/Vessel,,C
192380864,173462882,2023-06-04,Winston-Salem,NC0340200,13A,B,B,N,M,18,R,N,RU,Hotel/Motel/Etc.,Hotel & Motel,Knife/Cutting Instrument;Motor Vehicle/Vessel,Minor Injury,C
192380865,173462882,2023-06-04,Winston-Salem,NC0340200,13A,W,W,N,M,38,R,N,RU,Hotel/Motel/Etc.,Hotel & Motel,Knife/Cutting Instrument;Motor Vehicle/Vessel,,C
192380870,173462887,2023-06-04,Winston-Salem,NC0340200,13A,B,B,N,F,32,R,N,,Parking/Drop Lot/Garage,Parking Lot,Handgun,,C
192380938,173462947,2023-06-05,Winston-Salem,NC0340200,13A,W,W,N,F,63,R,N,,Residence/Home,Home,Rifle,,C
192380948,173462954,2023-06-05,Winston-Salem,NC0340200,13A,B,B,N,M,56,R,N,,Highway/Road/Alley/Street/Sidewalk,Street & Sidewalk,Blunt Object,Minor Injury,C
192380987,173462991,2023-06-06,Winston-Salem,NC0340200,13A,B,B,N,M,63,N,N,,Highway/Road/Alley/Street/Sidewalk,Street & Sidewalk,Handgun,,C
192381193,173463169,2023-06-06,Winston-Salem,NC0340200,13A,B,B,N,M,47,R,N,,Residence/Home,Home,Firearm,Other Major Injury,C
202392412,182234260,2023-06-06,Winston-Salem,NC0340200,13A,B,B,N,F,30,N,Y,XR,Residence/Home,Home,Handgun,,C
192381045,173463045,2023-06-07,Winston-Salem,NC0340200,13A,B,B,N,F,33,R,Y,XR,Residence/Home,Home,Handgun,,C
202392414,182234262,2023-06-07,Winston-Salem,NC0340200,13A,B,B,N,M,45,R,N,RU,Residence/Home,Home,Other,Other Major Injury,C
204601768,184161438,2023-06-07,Winston-Salem,NC0340200,13A,B,B,N,M,37,R,N,,Highway/Road/Alley/Street/Sidewalk,Street & Sidewalk,Handgun,,C
204601769,184161438,2023-06-07,Winston-Salem,NC0340200,13A,B,B,N,M,49,N,N,,Highway/Road/Alley/Street/Sidewalk,Street & Sidewalk,Handgun,,C
207155009,186384500,2023-06-07,Winston-Salem,NC0340200,13A,W,W,N,M,3,R,N,CH,Residence/Home,Home,,Apparent Broken Bones;Possible Internal Injury;Severe Laceration,C
192381126,173463109,2023-06-08,Winston-Salem,NC0340200,13A,B,B,N,M,38,R,N,,Highway/Road/Alley/Street/Sidewalk,Street & Sidewalk,Handgun,,C
192381141,173463123,2023-06-09,Winston-Salem,NC0340200,13A,W,W,N,F,45,R,N,,Residence/Home,Home,Firearm,,C
192381142,173463123,2023-06-09,Winston-Salem,NC0340200,13A,W,W,N,F,24,R,N,,Residence/Home,Home,Firearm,,C
192381204,173463179,2023-06-10,Winston-Salem,NC0340200,13A,B,B,N,F,33,R,N,AQ,Residence/Home,Home,Blunt Object,,C
192381213,173463185,2023-06-10,Winston-Salem,NC0340200,13A,B,B,N,F,42,R,Y,BG,Residence/Home,Home,Firearm,,C
192381218,173463190,2023-06-10,Winston-Salem,NC0340200,13A,B,B,N,F,39,R,N,,Highway/Road/Alley/Street/Sidewalk,Street & Sidewalk,Handgun,,C
192381220,173463192,2023-06-10,Winston-Salem,NC0340200,13A,W,W,N,F,1,R,N,CH,Highway/Road/Alley/Street/Sidewalk,Street & Sidewalk,Personal Weapons,Minor Injury,C
192381232,173463204,2023-06-10,Winston-Salem,NC0340200,13A,W,W,N,M,19,N,N,,Parking/Drop Lot/Garage,Parking Lot,Handgun,Other Major Injury,C
192381241,173463210,2023-06-10,Winston-Salem,NC0340200,13A,H,W,H,M,20,R,N,OK,Highway/Road/Alley/Street/Sidewalk,Street & Sidewalk,Handgun,Other Major Injury,C
192381263,173463230,2023-06-11,Winston-Salem,NC0340200,13A,H,W,H,F,61,R,Y,SE,Residence/Home,Home,Knife/Cutting Instrument,,C
192381273,173463240,2023-06-11,Winston-Salem,NC0340200,13A,B,B,N,M,5,R,N,RU,Park/Playground,Park & Playground,Other,Severe Laceration,C
192381285,173463251,2023-06-11,Winston-Salem,NC0340200,13A,H,W,H,M,23,R,N,,Highway/Road/Alley/Street/Sidewalk,Street & Sidewalk,Rifle,,C
192381286,173463251,2023-06-11,Winston-Salem,NC0340200,13A,H,W,H,M,24,R,N,,Highway/Road/Alley/Street/Sidewalk,Street & Sidewalk,Rifle,,C
192381297,173463260,2023-06-12,Winston-Salem,NC0340200,13A,H,W,H,M,27,N,N,,Highway/Road/Alley/Street/Sidewalk,Street & Sidewalk,,Other Major Injury,C
192381358,173463309,2023-06-13,Winston-Salem,NC0340200,13A,H,W,H,M,12,R,N,SC,Residence/Home,Home,Knife/Cutting Instrument,Minor Injury,C
192381403,173463331,2023-06-13,Winston-Salem,NC0340200,13A,B,B,N,F,44,R,Y,XS,Residence/Home,Home,Personal Weapons,Minor Injury,C
192381444,173463363,2023-06-14,Winston-Salem,NC0340200,13A,W,W,N,F,30,N,N,,Parking/Drop Lot/Garage,Parking Lot,Handgun,,C
192381457,173463375,2023-06-14,Winston-Salem,NC0340200,13A,W,W,N,M,84,R,N,PA,Residence/Home,Home,Handgun,,C
192381469,173463385,2023-06-14,Winston-Salem,NC0340200,13A,B,B,N,F,13,R,N,OF,Residence/Home,Home,Blunt Object,,C
192381471,173463387,2023-06-14,Winston-Salem,NC0340200,13A,W,W,N,F,39,N,N,,Highway/Road/Alley/Street/Sidewalk,Street & Sidewalk,Handgun,,C
192381478,173463393,2023-06-14,Winston-Salem,NC0340200,13A,B,B,N,F,38,R,N,,Residence/Home,Home,,,C
192381479,173463393,2023-06-14,Winston-Salem,NC0340200,13A,H,W,H,F,38,R,N,,Residence/Home,Home,,,C
192381480,173463393,2023-06-14,Winston-Salem,NC0340200,13A,B,B,N,F,53,R,N,,Residence/Home,Home,,,C
192381481,173463393,2023-06-14,Winston-Salem,NC0340200,13A,B,B,N,F,33,R,N,,Residence/Home,Home,,,C
192381482,173463393,2023-06-14,Winston-Salem,NC0340200,13A,B,B,N,F,9,R,N,,Residence/Home,Home,,,C
192381483,173463393,2023-06-14,Winston-Salem,NC0340200,13A,B,B,N,F,14,R,N,,Residence/Home,Home,,,C
192381484,173463393,2023-06-14,Winston-Salem,NC0340200,13A,B,B,N,F,3,R,N,,Residence/Home,Home,,,C
192381485,173463393,2023-06-14,Winston-Salem,NC0340200,13A,B,B,N,M,28,R,N,,Residence/Home,Home,,,C
192381486,173463393,2023-06-14,Winston-Salem,NC0340200,13A,B,B,N,F,6,R,N,,Residence/Home,Home,,,C
192381487,173463393,2023-06-14,Winston-Salem,NC0340200,13A,W,W,N,M,2,R,N,,Residence/Home,Home,,,C
192381488,173463393,2023-06-14,Winston-Salem,NC0340200,13A,W,W,N,M,6,R,N,,Residence/Home,Home,,,C
192381489,173463393,2023-06-14,Winston-Salem,NC0340200,13A,B,B,N,F,22,R,N,,Residence/Home,Home,,,C
192381490,173463393,2023-06-14,Winston-Salem,NC0340200,13A,B,B,N,F,4,R,N,,Residence/Home,Home,,,C
192381491,173463393,2023-06-14,Winston-Salem,NC0340200,13A,B,B,N,M,7,R,N,,Residence/Home,Home,,,C
192381492,173463393,2023-06-14,Winston-Salem,NC0340200,13A,W,W,N,M,0,R,N,,Residence/Home,Home,,,C
192381495,173463396,2023-06-14,Winston-Salem,NC0340200,13A,B,B,N,M,37,R,N,,Highway/Road/Alley/Street/Sidewalk,Street & Sidewalk,Firearm,Minor Injury,C
192381496,173463396,2023-06-14,Winston-Salem,NC0340200,13A,B,B,N,F,29,R,N,,Highway/Road/Alley/Street/Sidewalk,Street & Sidewalk,Firearm,,C
192381497,173463396,2023-06-14,Winston-Salem,NC0340200,13A,B,B,N,M,11,R,N,,Highway/Road/Alley/Street/Sidewalk,Street & Sidewalk,Firearm,,C
192381498,173463396,2023-06-14,Winston-Salem,NC0340200,13A,B,B,N,M,6,R,N,,Highway/Road/Alley/Street/Sidewalk,Street & Sidewalk,Firearm,,C
192381499,173463396,2023-06-14,Winston-Salem,NC0340200,13A,B,B,N,F,2,R,N,,Highway/Road/Alley/Street/Sidewalk,Street & Sidewalk,Firearm,,C
192381500,173463396,2023-06-14,Winston-Salem,NC0340200,13A,B,B,N,M,2,R,N,,Highway/Road/Alley/Street/Sidewalk,Street & Sidewalk,Firearm,,C
192381501,173463396,2023-06-14,Winston-Salem,NC0340200,13A,B,B,N,F,9,R,N,,Highway/Road/Alley/Street/Sidewalk,Street & Sidewalk,Firearm,,C
192381502,173463396,2023-06-14,Winston-Salem,NC0340200,13A,B,B,N,F,8,R,N,,Highway/Road/Alley/Street/Sidewalk,Street & Sidewalk,Firearm,,C
192381552,173463438,2023-06-15,Winston-Salem,NC0340200,13A,B,B,N,F,66,R,N,OK;VO,Residence/Home,Home,Blunt Object,Minor Injury,C
192381553,173463438,2023-06-15,Winston-Salem,NC0340200,13A,B,B,N,F,29,R,N,OK;VO,Residence/Home,Home,Blunt Object,,C
192381555,173463440,2023-06-15,Winston-Salem,NC0340200,13A,W,W,N,F,56,R,N,AQ;VO,Residence/Home,Home,Personal Weapons,Severe Laceration,C
192381556,173463440,2023-06-15,Winston-Salem,NC0340200,13A,B,B,N,M,45,R,N,AQ;VO,Residence/Home,Home,Personal Weapons,Minor Injury,C
192381598,173463477,2023-06-15,Winston-Salem,NC0340200,13A,H,W,H,F,42,R,Y,BG,Residence/Home,Home,Personal Weapons,Minor Injury;Possible Internal Injury,C
192381587,173463466,2023-06-16,Winston-Salem,NC0340200,13A,B,B,N,F,60,R,N,RU,Residence/Home,Home,Firearm,,C
192381588,173463467,2023-06-16,Winston-Salem,NC0340200,13A,H,W,H,F,24,R,Y,BG,Residence/Home,Home,Personal Weapons,Loss of Teeth,C
192381798,173463634,2023-06-16,Winston-Salem,NC0340200,13A,W,W,N,M,36,R,N,,Residence/Home,Home,Rifle,,C
196466586,177035084,2023-06-16,Winston-Salem,NC0340200,13A,B,B,N,M,28,R,N,,Highway/Road/Alley/Street/Sidewalk,Street & Sidewalk,Firearm,Other Major Injury,C
196466587,177035084,2023-06-16,Winston-Salem,NC0340200,13A,B,B,N,M,32,R,N,,Highway/Road/Alley/Street/Sidewalk,Street & Sidewalk,Firearm,Other Major Injury,C
192381659,173463523,2023-06-17,Winston-Salem,NC0340200,13A,B,B,N,M,29,R,N,,Residence/Home,Home,Firearm,Other Major Injury,C
192381660,173463524,2023-06-17,Winston-Salem,NC0340200,13A,H,W,H,M,17,R,N,,Other/Unknown,Other & Unknown,Firearm,Other Major Injury,C
192381679,173463542,2023-06-17,Winston-Salem,NC0340200,13A,B,B,N,M,29,R,N,,Other/Unknown,Other & Unknown,Firearm,Other Major Injury,C
192381682,173463545,2023-06-17,Winston-Salem,NC0340200,13A,B,B,N,M,42,R,N,,Residence/Home,Home,Firearm,,C
192381683,173463545,2023-06-17,Winston-Salem,NC0340200,13A,B,B,N,F,43,R,N,,Residence/Home,Home,Firearm,,C
192381772,173463614,2023-06-17,Winston-Salem,NC0340200,13A,W,W,N,M,39,R,N,,Bar/Nightclub,Bar & Nightclub,Drugs/Narcotics/Sleeping Pills,Minor Injury,C
196466591,177035085,2023-06-17,Winston-Salem,NC0340200,13A,H,W,H,M,29,N,N,,Highway/Road/Alley/Street/Sidewalk,Street & Sidewalk,Firearm,Other Major Injury,C
196466599,177035085,2023-06-17,Winston-Salem,NC0340200,13A,H,W,H,M,23,R,N,,Highway/Road/Alley/Street/Sidewalk,Street & Sidewalk,Firearm,Other Major Injury,C
192381731,173463586,2023-06-18,Winston-Salem,NC0340200,13A,W,W,N,F,36,R,N,,Residence/Home,Home,Firearm,,C
192381732,173463586,2023-06-18,Winston-Salem,NC0340200,13A,B,B,N,F,36,R,N,,Residence/Home,Home,Firearm,,C
192381733,173463586,2023-06-18,Winston-Salem,NC0340200,13A,W,W,N,M,17,R,N,,Residence/Home,Home,Firearm,,C
192381734,173463586,2023-06-18,Winston-Salem,NC0340200,13A,B,B,N,F,34,R,N,,Residence/Home,Home,Firearm,,C
192381735,173463586,2023-06-18,Winston-Salem,NC0340200,13A,W,W,N,M,15,R,N,,Residence/Home,Home,Firearm,,C
192381739,173463589,2023-06-18,Winston-Salem,NC0340200,13A,W,W,N,M,46,R,Y,BG,Residence/Home,Home,Knife/Cutting Instrument,Minor Injury,C
192381755,173463602,2023-06-18,Winston-Salem,NC0340200,13A,W,W,N,F,52,R,N,OK,Residence/Home,Home,Handgun,,C
192381760,173463605,2023-06-18,Winston-Salem,NC0340200,13A,B,B,N,F,26,R,N,,Highway/Road/Alley/Street/Sidewalk,Street & Sidewalk,Knife/Cutting Instrument,,C
192381799,173463635,2023-06-18,Winston-Salem,NC0340200,13A,B,B,N,F,27,R,Y,BG,Residence/Home,Home,Other,,C
196466628,177035108,2023-06-18,Winston-Salem,NC0340200,13A,B,B,N,F,43,R,Y,BG,Residence/Home,Home,Handgun,,C
192381868,173463694,2023-06-19,Winston-Salem,NC0340200,13A,B,B,N,M,36,R,N,,Highway/Road/Alley/Street/Sidewalk,Street & Sidewalk,Firearm,,C
192381869,173463694,2023-06-19,Winston-Salem,NC0340200,13A,B,B,N,M,11,R,N,,Highway/Road/Alley/Street/Sidewalk,Street & Sidewalk,Firearm,,C
196466605,177035091,2023-06-19,Winston-Salem,NC0340200,13A,B,B,N,F,43,R,N,ST,Residence/Home,Home,Handgun,,C
196466606,177035091,2023-06-19,Winston-Salem,NC0340200,13A,B,B,N,M,16,R,N,AQ,Residence/Home,Home,Handgun,,C
202392422,182234268,2023-06-19,Winston-Salem,NC0340200,13A,B,B,N,M,31,R,N,,Parking/Drop Lot/Garage,Parking Lot,Firearm,Other Major Injury,C
192381908,173463729,2023-06-20,Winston-Salem,NC0340200,13A,W,W,N,F,37,R,N,ST,Department/Discount Store,Department Store,Other,,C
192381909,173463730,2023-06-20,Winston-Salem,NC0340200,13A,B,B,N,F,13,R,N,CH,Residence/Home,Home,Blunt Object;Personal Weapons,Minor Injury,C
196466615,177035098,2023-06-20,Winston-Salem,NC0340200,13A,B,B,N,F,16,R,N,CH,Residence/Home,Home,,Minor Injury,C
196466629,177035109,2023-06-20,Winston-Salem,NC0340200,13A,W,W,N,M,42,N,N,RU,Church/Synagogue/Temple/Mosque,Religious Building,Personal Weapons,Apparent Broken Bones,C
192381936,173463754,2023-06-21,Winston-Salem,NC0340200,13A,B,B,N,F,32,R,Y,SE,Residence/Home,Home,Personal Weapons,Minor Injury,C
192381954,173463769,2023-06-21,Winston-Salem,NC0340200,13A,B,B,N,M,25,R,Y,XR,Parking/Drop Lot/Garage,Parking Lot,Other,,C
192381956,173463771,2023-06-21,Winston-Salem,NC0340200,13A,B,B,N,M,26,N,N,,Convenience Store,Convenience Store,Handgun,,C
192382005,173463815,2023-06-22,Winston-Salem,NC0340200,13A,B,B,U,F,39,R,Y,BG;VO,Residence/Home,Home,Blunt Object;Other,Minor Injury,C
192382006,173463815,2023-06-22,Winston-Salem,NC0340200,13A,B,B,N,M,26,R,Y,BG;VO,Residence/Home,Home,Blunt Object;Other,Minor Injury,C
192382040,173463840,2023-06-22,Winston-Salem,NC0340200,13A,W,W,N,F,30,R,N,AQ;VO,Residence/Home,Home,Blunt Object,Minor Injury,C
192382041,173463840,2023-06-22,Winston-Salem,NC0340200,13A,B,B,N,F,22,N,N,AQ;VO,Residence/Home,Home,Blunt Object,Minor Injury,C
192382047,173463846,2023-06-22,Winston-Salem,NC0340200,13A,B,B,N,F,20,R,Y,BG,Highway/Road/Alley/Street/Sidewalk,Street & Sidewalk,Blunt Object,,C
192382053,173463852,2023-06-22,Winston-Salem,NC0340200,13A,B,B,N,M,17,R,N,CH,Residence/Home,Home,Motor Vehicle/Vessel,Minor Injury;Severe Laceration,C
207152500,186382379,2023-06-22,Winston-Salem,NC0340200,13A,B,B,N,F,43,R,N,OK,Residence/Home,Home,Rifle,,C
207152501,186382379,2023-06-22,Winston-Salem,NC0340200,13A,B,B,N,M,51,R,N,OF,Residence/Home,Home,Rifle,,C
192382110,173463906,2023-06-23,Winston-Salem,NC0340200,13A,B,B,N,M,44,R,N,,Highway/Road/Alley/Street/Sidewalk,Street & Sidewalk,Handgun,,C
202392431,182234273,2023-06-23,Winston-Salem,NC0340200,13A,H,W,H,M,42,R,N,,Residence/Home,Home,Firearm,,C
202392432,182234273,2023-06-23,Winston-Salem,NC0340200,13A,W,W,N,F,34,R,N,,Residence/Home,Home,Firearm,,C
202392433,182234273,2023-06-23,Winston-Salem,NC0340200,13A,H,W,H,M,34,R,N,,Residence/Home,Home,Firearm,Other Major Injury,C
207658397,186820202,2023-06-23,Winston-Salem,NC0340200,13A,W,W,N,F,33,R,N,,Residence/Home,Home,Firearm,,C
207658398,186820202,2023-06-23,Winston-Salem,NC0340200,13A,B,B,N,M,32,R,N,,Residence/Home,Home,Firearm,Other Major Injury,C
207658399,186820202,2023-06-23,Winston-Salem,NC0340200,13A,B,B,N,M,4,R,N,,Residence/Home,Home,Firearm,,C
192382128,173463921,2023-06-24,Winston-Salem,NC0340200,13A,W,W,N,F,25,R,Y,BG,Hotel/Motel/Etc.,Hotel & Motel,Handgun,,C
192382130,173463923,2023-06-24,Winston-Salem,NC0340200,13A,B,B,N,M,57,R,N,AQ;VO,Highway/Road/Alley/Street/Sidewalk,Street & Sidewalk,Blunt Object,,C
192382131,173463923,2023-06-24,Winston-Salem,NC0340200,13A,B,B,N,F,59,N,N,AQ;VO,Highway/Road/Alley/Street/Sidewalk,Street & Sidewalk,Blunt Object,Minor Injury,C
192382158,173463946,2023-06-24,Winston-Salem,NC0340200,13A,B,B,N,F,45,R,N,AQ,Highway/Road/Alley/Street/Sidewalk,Street & Sidewalk,Handgun,,C
192382161,173463949,2023-06-24,Winston-Salem,NC0340200,13A,H,W,H,F,30,R,N,,Residence/Home,Home,Handgun,,C
192382173,173463961,2023-06-24,Winston-Salem,NC0340200,13A,W,W,N,M,55,R,N,AQ;VO,Residence/Home,Home,Blunt Object,Minor Injury,C
192382174,173463961,2023-06-24,Winston-Salem,NC0340200,13A,B,B,N,M,45,R,Y,AQ;BG,Residence/Home,Home,Blunt Object,Severe Laceration,C
192382175,173463961,2023-06-24,Winston-Salem,NC0340200,13A,W,W,N,F,40,R,N,AQ;VO,Residence/Home,Home,Blunt Object,Minor Injury,C
202392434,182234274,2023-06-24,Winston-Salem,NC0340200,13A,W,W,N,F,0,R,N,CH,Residence/Home,Home,,Possible Internal Injury,C
202392436,182234276,2023-06-24,Winston-Salem,NC0340200,13A,W,W,N,F,36,N,N,,Grocery/Supermarket,Grocery Store,,Minor Injury,C
202392437,182234276,2023-06-24,Winston-Salem,NC0340200,13A,W,W,N,F,35,R,N,,Grocery/Supermarket,Grocery Store,,Minor Injury,C
192382214,173463995,2023-06-25,Winston-Salem,NC0340200,13A,H,W,H,M,42,R,N,,Highway/Road/Alley/Street/Sidewalk,Street & Sidewalk,Handgun,,C
192382215,173463995,2023-06-25,Winston-Salem,NC0340200,13A,B,B,N,F,31,R,N,,Highway/Road/Alley/Street/Sidewalk,Street & Sidewalk,Handgun,,C
192382216,173463995,2023-06-25,Winston-Salem,NC0340200,13A,H,W,H,F,36,R,N,,Highway/Road/Alley/Street/Sidewalk,Street & Sidewalk,Handgun,,C
192382217,173463995,2023-06-25,Winston-Salem,NC0340200,13A,H,W,H,M,18,R,N,,Highway/Road/Alley/Street/Sidewalk,Street & Sidewalk,Handgun,Other Major Injury,C
192382218,173463995,2023-06-25,Winston-Salem,NC0340200,13A,B,B,N,F,36,R,N,,Highway/Road/Alley/Street/Sidewalk,Street & Sidewalk,Handgun,,C
192382219,173463995,2023-06-25,Winston-Salem,NC0340200,13A,B,B,N,F,14,R,N,,Highway/Road/Alley/Street/Sidewalk,Street & Sidewalk,Handgun,,C
192382220,173463995,2023-06-25,Winston-Salem,NC0340200,13A,B,B,N,M,18,R,N,,Highway/Road/Alley/Street/Sidewalk,Street & Sidewalk,Handgun,,C
192382221,173463995,2023-06-25,Winston-Salem,NC0340200,13A,W,W,N,M,16,R,N,,Highway/Road/Alley/Street/Sidewalk,Street & Sidewalk,Handgun,,C
192382223,173463995,2023-06-25,Winston-Salem,NC0340200,13A,W,W,N,M,13,R,N,,Highway/Road/Alley/Street/Sidewalk,Street & Sidewalk,Handgun,,C
192382224,173463995,2023-06-25,Winston-Salem,NC0340200,13A,W,W,N,M,14,R,N,,Highway/Road/Alley/Street/Sidewalk,Street & Sidewalk,Handgun,,C
192382243,173464012,2023-06-25,Winston-Salem,NC0340200,13A,B,B,N,M,16,R,N,CH,Residence/Home,Home,Blunt Object,,C
192382256,173464022,2023-06-25,Winston-Salem,NC0340200,13A,B,B,N,M,69,R,N,AQ,Parking/Drop Lot/Garage,Parking Lot,Other,,C
192382309,173464070,2023-06-26,Winston-Salem,NC0340200,13A,B,B,N,M,59,R,N,NE,Highway/Road/Alley/Street/Sidewalk,Street & Sidewalk,Handgun,,C
192382333,173464093,2023-06-26,Winston-Salem,NC0340200,13A,B,B,N,M,22,R,Y,BG;VO,Residence/Home,Home,Knife/Cutting Instrument;Personal Weapons;Poison,Minor Injury,C
192382334,173464093,2023-06-26,Winston-Salem,NC0340200,13A,B,B,N,F,20,R,Y,BG;VO,Residence/Home,Home,Knife/Cutting Instrument;Personal Weapons;Poison,Minor Injury,C
196466653,177035130,2023-06-26,Winston-Salem,NC0340200,13A,H,W,H,M,52,R,N,AQ,Highway/Road/Alley/Street/Sidewalk,Street & Sidewalk,Knife/Cutting Instrument,Severe Laceration,C
192382379,173464132,2023-06-27,Winston-Salem,NC0340200,13A,W,W,U,M,11,R,N,AQ,Field/Woods,Field & Woods,Blunt Object,Minor Injury,C
192382411,173464158,2023-06-28,Winston-Salem,NC0340200,13A,B,B,N,M,21,N,N,,Highway/Road/Alley/Street/Sidewalk,Street & Sidewalk,Handgun,,C
196466665,177035140,2023-06-29,Winston-Salem,NC0340200,13A,B,B,N,M,33,R,N,,Highway/Road/Alley/Street/Sidewalk,Street & Sidewalk,Firearm,,C
192382520,173464251,2023-06-30,Winston-Salem,NC0340200,13A,B,B,N,M,37,R,N,AQ,Residence/Home,Home,Rifle,,C
192382521,173464251,2023-06-30,Winston-Salem,NC0340200,13A,B,B,N,F,32,R,N,NE,Residence/Home,Home,Rifle,,C
192382522,173464252,2023-06-30,Winston-Salem,NC0340200,13A,W,W,N,M,43,N,Y,BG,Residence/Home,Home,Knife/Cutting Instrument,,C
192382525,173464255,2023-06-30,Winston-Salem,NC0340200,13A,W,W,N,F,28,R,N,FR,Residence/Home,Home,,,C
192382553,173464281,2023-06-30,Winston-Salem,NC0340200,13A,B,B,N,F,64,R,N,,Residence/Home,Home,Handgun,,C
192382554,173464282,2023-06-30,Winston-Salem,NC0340200,13A,W,W,N,M,30,R,N,FR,Highway/Road/Alley/Street/Sidewalk,Street & Sidewalk,Blunt Object,Other Major Injury,C
196466696,177035169,2023-07-01,Winston-Salem,NC0340200,13A,B,B,N,M,39,R,N,PA,Convenience Store,Convenience Store,Firearm;Handgun,,C
196466732,177035196,2023-07-01,Winston-Salem,NC0340200,13A,B,B,N,M,35,N,N,,Restaurant,Restaurant,Handgun,,C
196466734,177035198,2023-07-01,Winston-Salem,NC0340200,13A,B,B,N,F,45,R,N,OK,Highway/Road/Alley/Street/Sidewalk,Street & Sidewalk,Handgun,,C
196466735,177035198,2023-07-01,Winston-Salem,NC0340200,13A,B,B,N,F,25,R,N,OK,Highway/Road/Alley/Street/Sidewalk,Street & Sidewalk,Handgun,,C
196466739,177035202,2023-07-01,Winston-Salem,NC0340200,13A,B,B,N,F,40,R,Y,BG,Residence/Home,Home,Firearm,,C
196466740,177035202,2023-07-01,Winston-Salem,NC0340200,13A,B,B,N,F,22,R,N,AQ,Residence/Home,Home,Firearm,,C
196466745,177035207,2023-07-01,Winston-Salem,NC0340200,13A,B,B,N,M,56,R,N,RU,Residence/Home,Home,Fire/Incendiary Device,,C
196466748,177035210,2023-07-02,Winston-Salem,NC0340200,13A,B,B,N,M,60,N,N,AQ,Residence/Home,Home,Rifle,,C
196466753,177035215,2023-07-02,Winston-Salem,NC0340200,13A,B,B,N,F,52,R,Y,SE,Residence/Home,Home,Handgun,,C
196466765,177035224,2023-07-02,Winston-Salem,NC0340200,13A,B,B,N,M,42,R,N,OK,Residence/Home,Home,Handgun,Minor Injury,C
196466791,177035245,2023-07-02,Winston-Salem,NC0340200,13A,W,W,N,M,33,R,N,RU,Hotel/Motel/Etc.,Hotel & Motel,Personal Weapons,,C
196466793,177035247,2023-07-02,Winston-Salem,NC0340200,13A,B,B,N,M,31,R,N,AQ;VO,Residence/Home,Home,Blunt Object;Knife/Cutting Instrument,,C
196466794,177035247,2023-07-02,Winston-Salem,NC0340200,13A,B,B,N,M,36,R,N,AQ;VO,Residence/Home,Home,Blunt Object;Knife/Cutting Instrument,Minor Injury,C
196466908,177035345,2023-07-02,Winston-Salem,NC0340200,13A,B,B,N,F,33,R,Y,BG,Residence/Home,Home,Handgun;Personal Weapons,,C
196466857,177035299,2023-07-03,Winston-Salem,NC0340200,13A,B,B,N,M,53,R,N,AQ,Highway/Road/Alley/Street/Sidewalk,Street & Sidewalk,Blunt Object,Minor Injury,C
196466863,177035305,2023-07-03,Winston-Salem,NC0340200,13A,B,B,N,F,27,R,N,CH,Residence/Home,Home,Blunt Object,Minor Injury,C
207155017,186384506,2023-07-03,Winston-Salem,NC0340200,13A,B,B,N,F,36,R,N,AQ,Highway/Road/Alley/Street/Sidewalk,Street & Sidewalk,,Apparent Broken Bones;Possible Internal Injury,C
196466915,177035352,2023-07-04,Winston-Salem,NC0340200,13A,B,B,N,M,48,R,N,RU,Parking/Drop Lot/Garage,Parking Lot,Handgun;Personal Weapons,,C
196466916,177035352,2023-07-04,Winston-Salem,NC0340200,13A,B,B,N,F,47,R,N,RU,Parking/Drop Lot/Garage,Parking Lot,Handgun;Personal Weapons,,C
196466917,177035352,2023-07-04,Winston-Salem,NC0340200,13A,B,B,N,F,25,R,N,RU,Parking/Drop Lot/Garage,Parking Lot,Handgun;Personal Weapons,Minor Injury,C
196466918,177035352,2023-07-04,Winston-Salem,NC0340200,13A,B,B,N,F,27,R,N,RU,Parking/Drop Lot/Garage,Parking Lot,Handgun;Personal Weapons,,C
196466919,177035352,2023-07-04,Winston-Salem,NC0340200,13A,B,B,N,F,59,R,N,RU,Parking/Drop Lot/Garage,Parking Lot,Handgun;Personal Weapons,,C
196466949,177035379,2023-07-04,Winston-Salem,NC0340200,13A,B,B,N,F,51,R,N,,Residence/Home,Home,Firearm,Other Major Injury,C
196466953,177035383,2023-07-04,Winston-Salem,NC0340200,13A,B,B,N,M,17,R,N,OK,Residence/Home,Home,Handgun,,C
196466954,177035383,2023-07-04,Winston-Salem,NC0340200,13A,B,B,N,M,21,R,N,SB,Residence/Home,Home,Handgun,Minor Injury,C
196466965,177035394,2023-07-04,Winston-Salem,NC0340200,13A,B,B,N,F,42,R,N,,Highway/Road/Alley/Street/Sidewalk,Street & Sidewalk,Firearm,,C
196467359,177035713,2023-07-04,Winston-Salem,NC0340200,13A,B,B,N,F,29,R,N,,Residence/Home,Home,Firearm,,C
196466960,177035389,2023-07-05,Winston-Salem,NC0340200,13A,W,W,N,F,35,R,Y,XR,Residence/Home,Home,Motor Vehicle/Vessel,,C
196466971,177035400,2023-07-05,Winston-Salem,NC0340200,13A,B,B,N,F,24,R,N,FR,Parking/Drop Lot/Garage,Parking Lot,Handgun,Other Major Injury,C
196466973,177035402,2023-07-05,Winston-Salem,NC0340200,13A,H,W,H,M,19,R,N,,Parking/Drop Lot/Garage,Parking Lot,Handgun,,C
202392449,182234286,2023-07-06,Winston-Salem,NC0340200,13A,B,B,N,M,12,R,N,RU,Park/Playground,Park & Playground,Firearm,Other Major Injury,C
202392450,182234287,2023-07-06,Winston-Salem,NC0340200,13A,B,B,N,F,34,R,N,RU,Residence/Home,Home,Firearm,,C
202392452,182234287,2023-07-06,Winston-Salem,NC0340200,13A,B,B,N,F,6,R,N,RU,Residence/Home,Home,Firearm,,C
202392453,182234287,2023-07-06,Winston-Salem,NC0340200,13A,B,B,N,F,15,R,N,RU,Residence/Home,Home,Firearm,,C
202392454,182234287,2023-07-06,Winston-Salem,NC0340200,13A,B,B,N,F,12,R,N,RU,Residence/Home,Home,Firearm,,C
202392455,182234287,2023-07-06,Winston-Salem,NC0340200,13A,B,B,N,M,24,R,N,RU,Residence/Home,Home,Firearm,,C
202392456,182234287,2023-07-06,Winston-Salem,NC0340200,13A,B,B,N,F,31,R,N,RU,Residence/Home,Home,Firearm,,C
207157245,186386292,2023-07-06,Winston-Salem,NC0340200,13A,B,B,N,F,55,R,N,,Highway/Road/Alley/Street/Sidewalk,Street & Sidewalk,Personal Weapons,Minor Injury,C
196467105,177035506,2023-07-07,Winston-Salem,NC0340200,13A,W,W,N,M,45,R,Y,SE,Residence/Home,Home,,Minor Injury,C
196467108,177035509,2023-07-07,Winston-Salem,NC0340200,13A,B,B,N,M,17,R,N,,Other/Unknown,Other & Unknown,Firearm,Other Major Injury,C
196467123,177035522,2023-07-07,Winston-Salem,NC0340200,13A,B,B,N,M,64,R,Y,SE,Residence/Home,Home,Other,,C
196467139,177035537,2023-07-07,Winston-Salem,NC0340200,13A,B,B,N,F,32,R,Y,BG;VO,Residence/Home,Home,Knife/Cutting Instrument,Minor Injury,C
196467140,177035537,2023-07-07,Winston-Salem,NC0340200,13A,B,B,N,M,41,R,Y,BG;VO,Residence/Home,Home,Knife/Cutting Instrument,Severe Laceration,C
196467189,177035581,2023-07-08,Winston-Salem,NC0340200,13A,B,B,N,F,20,R,N,RU,Highway/Road/Alley/Street/Sidewalk,Street & Sidewalk,Knife/Cutting Instrument,Minor Injury,C
196467209,177035599,2023-07-08,Winston-Salem,NC0340200,13A,H,W,H,F,36,R,Y,XR,Parking/Drop Lot/Garage,Parking Lot,Handgun,,C
196467210,177035600,2023-07-08,Winston-Salem,NC0340200,13A,A,A,N,M,14,R,N,OK,Highway/Road/Alley/Street/Sidewalk,Street & Sidewalk,Motor Vehicle/Vessel,Minor Injury,C
196467275,177035646,2023-07-09,Winston-Salem,NC0340200,13A,W,W,N,M,36,N,N,RU,Air/Bus/Train Terminal,Transit Station,Blunt Object,Minor Injury,C
196467283,177035654,2023-07-09,Winston-Salem,NC0340200,13A,B,B,N,M,33,N,Y,BG,Residence/Home,Home,Knife/Cutting Instrument,Severe Laceration,C
196467284,177035655,2023-07-09,Winston-Salem,NC0340200,13A,W,W,N,M,38,R,N,,Highway/Road/Alley/Street/Sidewalk,Street & Sidewalk,Handgun,,C
196467286,177035657,2023-07-09,Winston-Salem,NC0340200,13A,H,W,H,F,43,R,N,,Residence/Home,Home,Firearm,,C
196467287,177035657,2023-07-09,Winston-Salem,NC0340200,13A,H,W,H,M,35,R,N,,Residence/Home,Home,Firearm,,C
196467288,177035657,2023-07-09,Winston-Salem,NC0340200,13A,H,W,H,M,26,R,N,,Residence/Home,Home,Firearm,,C
196467289,177035657,2023-07-09,Winston-Salem,NC0340200,13A,H,W,H,F,26,R,N,,Residence/Home,Home,Firearm,,C
196467290,177035657,2023-07-09,Winston-Salem,NC0340200,13A,H,W,H,M,4,R,N,,Residence/Home,Home,Firearm,,C
196467291,177035657,2023-07-09,Winston-Salem,NC0340200,13A,H,W,H,F,12,R,N,,Residence/Home,Home,Firearm,,C
196467292,177035657,2023-07-09,Winston-Salem,NC0340200,13A,H,W,H,F,30,R,N,,Residence/Home,Home,Firearm,,C
196467293,177035657,2023-07-09,Winston-Salem,NC0340200,13A,H,W,H,F,1,R,N,,Residence/Home,Home,Firearm,,C
196467294,177035657,2023-07-09,Winston-Salem,NC0340200,13A,H,W,H,M,9,R,N,,Residence/Home,Home,Firearm,,C
207658402,186820205,2023-07-09,Winston-Salem,NC0340200,13A,B,B,N,F,31,R,N,,Residence/Home,Home,Handgun,,C
207658403,186820205,2023-07-09,Winston-Salem,NC0340200,13A,B,B,N,M,10,R,N,,Residence/Home,Home,Handgun,,C
207658404,186820205,2023-07-09,Winston-Salem,NC0340200,13A,B,B,N,F,13,R,N,,Residence/Home,Home,Handgun,,C
207658405,186820205,2023-07-09,Winston-Salem,NC0340200,13A,B,B,N,F,12,R,N,,Residence/Home,Home,Handgun,,C
207658406,186820205,2023-07-09,Winston-Salem,NC0340200,13A,B,B,N,F,11,R,N,,Residence/Home,Home,Handgun,,C
207658407,186820205,2023-07-09,Winston-Salem,NC0340200,13A,B,B,N,M,9,R,N,,Residence/Home,Home,Handgun,,C
207658408,186820205,2023-07-09,Winston-Salem,NC0340200,13A,B,B,N,M,4,R,N,,Residence/Home,Home,Handgun,,C
196467322,177035683,2023-07-10,Winston-Salem,NC0340200,13A,B,B,N,M,68,R,N,,Residence/Home,Home,Firearm,,C
196467345,177035702,2023-07-10,Winston-Salem,NC0340200,13A,W,W,N,M,42,R,N,NE,Highway/Road/Alley/Street/Sidewalk,Street & Sidewalk,Motor Vehicle/Vessel,,C
196467361,177035715,2023-07-10,Winston-Salem,NC0340200,13A,W,W,N,F,24,N,N,,Other/Unknown,Other & Unknown,Knife/Cutting Instrument,Minor Injury,C
196467371,177035723,2023-07-11,Winston-Salem,NC0340200,13A,B,B,N,F,25,R,Y,BG,Residence/Home,Home,Handgun,,C
196467402,177035749,2023-07-11,Winston-Salem,NC0340200,13A,B,B,N,M,28,N,N,AQ;VO,Parking/Drop Lot/Garage,Parking Lot,Blunt Object;Personal Weapons,Minor Injury,C
196467422,177035764,2023-07-11,Winston-Salem,NC0340200,13A,W,W,N,M,42,R,N,,Commercial/Office Building,Office Building,Firearm,Other Major Injury,C
196467431,177035771,2023-07-11,Winston-Salem,NC0340200,13A,B,B,N,M,39,R,N,,Residence/Home,Home,Firearm,Other Major Injury,C
196467451,177035787,2023-07-12,Winston-Salem,NC0340200,13A,B,B,N,F,27,R,N,RU,Residence/Home,Home,Handgun,,C
196467452,177035787,2023-07-12,Winston-Salem,NC0340200,13A,H,B,H,M,28,R,N,RU,Residence/Home,Home,Handgun,,C
196467453,177035787,2023-07-12,Winston-Salem,NC0340200,13A,B,B,N,F,17,R,N,RU,Residence/Home,Home,Handgun,,C
196467454,177035787,2023-07-12,Winston-Salem,NC0340200,13A,B,B,N,M,5,N,N,RU,Residence/Home,Home,Handgun,,C
196467455,177035787,2023-07-12,Winston-Salem,NC0340200,13A,B,B,N,F,1,R,N,RU,Residence/Home,Home,Handgun,,C
196467456,177035787,2023-07-12,Winston-Salem,NC0340200,13A,B,B,N,M,18,R,N,RU,Residence/Home,Home,Handgun,,C
196467504,177035827,2023-07-12,Winston-Salem,NC0340200,13A,W,W,N,F,21,R,Y,XR,Residence/Home,Home,Blunt Object,Minor Injury,C
196467510,177035833,2023-07-12,Winston-Salem,NC0340200,13A,H,W,H,M,26,R,N,OK,Residence/Home,Home,Rifle,,C
207152523,186382397,2023-07-12,Winston-Salem,NC0340200,13A,W,W,N,M,45,R,N,PA,Residence/Home,Home,Shotgun,,C
196467566,177035881,2023-07-14,Winston-Salem,NC0340200,13A,W,W,N,M,31,R,N,,Service/Gas Station,Gas Station,Handgun,,C
196467576,177035890,2023-07-14,Winston-Salem,NC0340200,13A,W,W,N,M,5,R,N,SC,Residence/Home,Home,Other,,C
196467587,177035898,2023-07-14,Winston-Salem,NC0340200,13A,H,W,H,F,49,R,N,OK,Residence/Home,Home,Firearm,,C
196467597,177035908,2023-07-14,Winston-Salem,NC0340200,13A,B,B,N,M,59,N,N,RU,Service/Gas Station,Gas Station,Firearm,,C
196467598,177035908,2023-07-14,Winston-Salem,NC0340200,13A,B,B,N,M,58,N,N,RU,Service/Gas Station,Gas Station,Firearm,,C
196467609,177035919,2023-07-14,Winston-Salem,NC0340200,13A,B,B,N,F,52,R,Y,SE,Residence/Home,Home,Handgun,,C
196467610,177035920,2023-07-14,Winston-Salem,NC0340200,13A,A,A,N,M,53,R,N,RU,Restaurant,Restaurant,Blunt Object,Minor Injury,C
196467629,177035938,2023-07-14,Winston-Salem,NC0340200,13A,B,B,N,F,17,R,Y,BG,Residence/Home,Home,,,C
196467647,177035952,2023-07-15,Winston-Salem,NC0340200,13A,B,B,N,F,32,R,Y,BG,Highway/Road/Alley/Street/Sidewalk,Street & Sidewalk,Unknown,Severe Laceration,C
196467650,177035955,2023-07-15,Winston-Salem,NC0340200,13A,B,B,N,M,47,R,Y,BG,Highway/Road/Alley/Street/Sidewalk,Street & Sidewalk,Knife/Cutting Instrument,Severe Laceration,C
196467654,177035958,2023-07-15,Winston-Salem,NC0340200,13A,W,W,N,F,57,R,N,,Residence/Home,Home,Handgun,,C
196467655,177035958,2023-07-15,Winston-Salem,NC0340200,13A,B,B,N,F,2,R,N,,Residence/Home,Home,Handgun,,C
196467735,177036027,2023-07-16,Winston-Salem,NC0340200,13A,B,B,N,F,49,R,N,,Convenience Store,Convenience Store,Motor Vehicle/Vessel,,C
196467755,177036044,2023-07-16,Winston-Salem,NC0340200,13A,B,B,N,F,41,R,Y,BG,Hotel/Motel/Etc.,Hotel & Motel,Handgun,,C
196467758,177036047,2023-07-16,Winston-Salem,NC0340200,13A,W,W,N,M,1,R,N,,Highway/Road/Alley/Street/Sidewalk,Street & Sidewalk,Rifle,,C
196467759,177036047,2023-07-16,Winston-Salem,NC0340200,13A,W,W,N,M,21,R,N,,Highway/Road/Alley/Street/Sidewalk,Street & Sidewalk,Rifle,,C
196467760,177036047,2023-07-16,Winston-Salem,NC0340200,13A,W,W,N,F,20,R,N,,Highway/Road/Alley/Street/Sidewalk,Street & Sidewalk,Rifle,,C
196467761,177036048,2023-07-16,Winston-Salem,NC0340200,13A,B,B,N,M,62,R,N,,Highway/Road/Alley/Street/Sidewalk,Street & Sidewalk,Handgun,,C
196467827,177036103,2023-07-17,Winston-Salem,NC0340200,13A,W,W,N,F,52,R,N,,Highway/Road/Alley/Street/Sidewalk,Street & Sidewalk,Unknown,,C
196467834,177036108,2023-07-17,Winston-Salem,NC0340200,13A,B,B,N,M,42,N,N,,Residence/Home,Home,Handgun,,C
196467853,177036125,2023-07-18,Winston-Salem,NC0340200,13A,W,W,N,M,39,N,N,RU,Grocery/Supermarket,Grocery Store,Blunt Object,Minor Injury,C
196467864,177036135,2023-07-18,Winston-Salem,NC0340200,13A,W,W,N,M,66,R,N,OK,Residence/Home,Home,Motor Vehicle/Vessel,,C
196467893,177036163,2023-07-19,Winston-Salem,NC0340200,13A,B,B,N,F,71,R,N,PA,Residence/Home,Home,Blunt Object,Minor Injury,C
196467894,177036164,2023-07-19,Winston-Salem,NC0340200,13A,B,B,N,F,68,R,N,AQ,Residence/Home,Home,Knife/Cutting Instrument,Minor Injury,C
196467931,177036197,2023-07-19,Winston-Salem,NC0340200,13A,B,B,N,M,33,N,N,,Parking/Drop Lot/Garage,Parking Lot,Personal Weapons;Unknown,Possible Internal Injury,C
196467934,177036199,2023-07-20,Winston-Salem,NC0340200,13A,B,B,N,M,43,R,N,ST,Residence/Home,Home,Firearm,,C
196467953,177036217,2023-07-20,Winston-Salem,NC0340200,13A,W,W,N,M,35,R,N,OF,Residence/Home,Home,Knife/Cutting Instrument,Severe Laceration,C
196467968,177036230,2023-07-20,Winston-Salem,NC0340200,13A,U,U,N,F,0,R,N,RU,Highway/Road/Alley/Street/Sidewalk,Street & Sidewalk,Firearm,,C
196467972,177036234,2023-07-20,Winston-Salem,NC0340200,13A,B,B,N,M,44,R,N,,Highway/Road/Alley/Street/Sidewalk,Street & Sidewalk,Other,Minor Injury,C
207152528,186382400,2023-07-20,Winston-Salem,NC0340200,13A,B,B,N,M,17,R,Y,XR,Highway/Road/Alley/Street/Sidewalk,Street & Sidewalk,Blunt Object,,C
196467978,177036240,2023-07-21,Winston-Salem,NC0340200,13A,H,W,H,M,26,R,N,,Residence/Home,Home,Firearm,,C
196468024,177036278,2023-07-21,Winston-Salem,NC0340200,13A,B,B,N,F,35,R,N,CH,Residence/Home,Home,Blunt Object,,C
196468031,177036284,2023-07-21,Winston-Salem,NC0340200,13A,B,B,N,M,29,R,Y,BG;VO,Park/Playground,Park & Playground,Blunt Object;Motor Vehicle/Vessel,Minor Injury,C
196468032,177036284,2023-07-21,Winston-Salem,NC0340200,13A,B,B,N,F,25,R,Y,BG;VO,Park/Playground,Park & Playground,Blunt Object;Motor Vehicle/Vessel,Minor Injury,C
196468044,177036296,2023-07-22,Winston-Salem,NC0340200,13A,B,B,N,M,26,R,N,OK,Residence/Home,Home,Other,Minor Injury,C
196468075,177036323,2023-07-22,Winston-Salem,NC0340200,13A,W,W,N,M,54,R,N,,Parking/Drop Lot/Garage,Parking Lot,Blunt Object,Other Major Injury;Severe Laceration;Unconscious,C
196468087,177036334,2023-07-22,Winston-Salem,NC0340200,13A,B,B,N,M,34,R,N,,Residence/Home,Home,Handgun,Other Major Injury,C
196468102,177036348,2023-07-22,Winston-Salem,NC0340200,13A,W,W,N,F,19,N,N,,Bar/Nightclub,Bar & Nightclub,Other,Minor Injury,C
207152534,186382406,2023-07-22,Winston-Salem,NC0340200,13A,B,B,N,F,67,R,N,OF,Residence/Home,Home,Blunt Object,Minor Injury,C
207658410,186820207,2023-07-22,Winston-Salem,NC0340200,13A,B,B,N,F,30,R,N,,Residence/Home,Home,Firearm,,C
207658411,186820207,2023-07-22,Winston-Salem,NC0340200,13A,B,B,N,M,42,R,N,,Residence/Home,Home,Firearm,Minor Injury,C
196468110,177036355,2023-07-23,Winston-Salem,NC0340200,13A,B,B,N,M,32,R,N,,Highway/Road/Alley/Street/Sidewalk,Street & Sidewalk,Knife/Cutting Instrument,Other Major Injury,C
210056381,188914226,2023-07-23,Winston-Salem,NC0340200,13A,B,B,N,F,35,R,N,AQ;VO,Highway/Road/Alley/Street/Sidewalk,Street & Sidewalk,Handgun,,C
210056382,188914226,2023-07-23,Winston-Salem,NC0340200,13A,B,B,N,F,30,R,N,AQ;VO,Highway/Road/Alley/Street/Sidewalk,Street & Sidewalk,Handgun,,C
196468201,177036438,2023-07-24,Winston-Salem,NC0340200,13A,W,W,N,F,24,R,N,,Highway/Road/Alley/Street/Sidewalk,Street & Sidewalk,Firearm,,C
196468214,177036451,2023-07-25,Winston-Salem,NC0340200,13A,B,B,N,M,50,R,N,ST,Residence/Home,Home,Knife/Cutting Instrument,,C
196468215,177036452,2023-07-25,Winston-Salem,NC0340200,13A,B,B,N,M,41,R,N,FR,Residence/Home,Home,Other,Minor Injury,C
196468219,177036456,2023-07-25,Winston-Salem,NC0340200,13A,B,B,N,F,58,R,Y,BG,Residence/Home,Home,Firearm,,C
196468221,177036458,2023-07-25,Winston-Salem,NC0340200,13A,H,W,H,M,28,R,Y,BG,Residence/Home,Home,Other,Minor Injury,C
196468223,177036460,2023-07-25,Winston-Salem,NC0340200,13A,W,W,N,F,60,R,N,OK;VO,Residence/Home,Home,Knife/Cutting Instrument;Personal Weapons,,C
196468224,177036460,2023-07-25,Winston-Salem,NC0340200,13A,W,W,N,M,55,R,N,OK;VO,Residence/Home,Home,Knife/Cutting Instrument;Personal Weapons,Minor Injury,C
196468286,177036511,2023-07-25,Winston-Salem,NC0340200,13A,W,W,N,F,22,N,N,ST,Arena/Stadium/Fairgrounds/Coliseum,Arena & Stadium,Handgun,,C
196468287,177036511,2023-07-25,Winston-Salem,NC0340200,13A,H,W,H,F,19,U,N,ST,Arena/Stadium/Fairgrounds/Coliseum,Arena & Stadium,Handgun,,C
196468291,177036515,2023-07-25,Winston-Salem,NC0340200,13A,B,B,N,M,52,R,N,SP,Parking/Drop Lot/Garage,Parking Lot,Handgun,,C
202392490,182234317,2023-07-25,Winston-Salem,NC0340200,13A,B,B,N,M,29,R,N,RU,Gambling Facility/Casino/Race Track,Casino & Race Track,Handgun;Personal Weapons,Minor Injury,C
202392491,182234318,2023-07-25,Winston-Salem,NC0340200,13A,B,B,N,F,21,R,Y,BG,Residence/Home,Home,Handgun,Minor Injury,C
196468299,177036522,2023-07-26,Winston-Salem,NC0340200,13A,B,B,N,M,38,R,N,,Highway/Road/Alley/Street/Sidewalk,Street & Sidewalk,Firearm,,C
196468321,177036542,2023-07-26,Winston-Salem,NC0340200,13A,W,W,N,F,49,R,N,,Residence/Home,Home,Handgun,,C
196468334,177036554,2023-07-26,Winston-Salem,NC0340200,13A,H,W,H,M,50,R,N,ST,Department/Discount Store,Department Store,Personal Weapons,,C
196468344,177036564,2023-07-27,Winston-Salem,NC0340200,13A,B,B,N,F,25,R,Y,BG,Residence/Home,Home,Handgun,Minor Injury,C
196468349,177036568,2023-07-27,Winston-Salem,NC0340200,13A,B,B,N,F,50,R,N,AQ,Residence/Home,Home,Other Firearm,,C
196468350,177036568,2023-07-27,Winston-Salem,NC0340200,13A,B,B,N,M,53,R,N,AQ,Residence/Home,Home,Other Firearm,,C
196468374,177036590,2023-07-27,Winston-Salem,NC0340200,13A,B,B,N,M,18,R,Y,BG,Highway/Road/Alley/Street/Sidewalk,Street & Sidewalk,Motor Vehicle/Vessel,Minor Injury,C
196468381,177036597,2023-07-27,Winston-Salem,NC0340200,13A,B,B,N,F,26,R,N,OF,Highway/Road/Alley/Street/Sidewalk,Street & Sidewalk,Blunt Object,Minor Injury,C
196468382,177036598,2023-07-27,Winston-Salem,NC0340200,13A,B,B,N,M,57,R,N,OK,Residence/Home,Home,Other,,C
207152543,186382415,2023-07-27,Winston-Salem,NC0340200,13A,B,B,N,M,17,R,N,AQ;VO,Highway/Road/Alley/Street/Sidewalk,Street & Sidewalk,Knife/Cutting Instrument;Other Firearm,Severe Laceration,C
207152544,186382415,2023-07-27,Winston-Salem,NC0340200,13A,B,B,N,M,17,R,N,AQ;VO,Highway/Road/Alley/Street/Sidewalk,Street & Sidewalk,Knife/Cutting Instrument;Other Firearm,Minor Injury,C
196468421,177036633,2023-07-28,Winston-Salem,NC0340200,13A,W,W,N,M,32,R,N,RU,Parking/Drop Lot/Garage,Parking Lot,Motor Vehicle/Vessel,,C
196468466,177036672,2023-07-29,Winston-Salem,NC0340200,13A,B,B,N,M,20,R,N,,Highway/Road/Alley/Street/Sidewalk,Street & Sidewalk,Knife/Cutting Instrument,,C
202392500,182234326,2023-07-29,Winston-Salem,NC0340200,13A,B,B,N,F,34,R,N,RU,Residence/Home,Home,Firearm,,C
202392501,182234326,2023-07-29,Winston-Salem,NC0340200,13A,B,B,N,F,56,R,N,RU,Residence/Home,Home,Firearm,,C
202392502,182234326,2023-07-29,Winston-Salem,NC0340200,13A,B,B,N,F,16,R,N,RU,Residence/Home,Home,Firearm,,C
202392503,182234326,2023-07-29,Winston-Salem,NC0340200,13A,B,B,N,F,13,R,N,RU,Residence/Home,Home,Firearm,,C
202392504,182234326,2023-07-29,Winston-Salem,NC0340200,13A,B,B,N,M,0,R,N,RU,Residence/Home,Home,Firearm,,C
202392505,182234326,2023-07-29,Winston-Salem,NC0340200,13A,B,B,N,F,14,R,N,RU,Residence/Home,Home,Firearm,,C
202392506,182234326,2023-07-29,Winston-Salem,NC0340200,13A,B,B,N,M,0,R,N,RU,Residence/Home,Home,Firearm,,C
202392507,182234326,2023-07-29,Winston-Salem,NC0340200,13A,B,B,N,M,6,R,N,RU,Residence/Home,Home,Firearm,,C
196468546,177036737,2023-07-30,Winston-Salem,NC0340200,13A,W,W,N,F,58,R,N,FR,Residence/Home,Home,Blunt Object,Minor Injury,C
196468548,177036739,2023-07-30,Winston-Salem,NC0340200,13A,B,B,N,F,32,R,Y,BG,Residence/Home,Home,Handgun,,C
196468555,177036746,2023-07-30,Winston-Salem,NC0340200,13A,B,B,N,M,14,R,N,SB;VO,Highway/Road/Alley/Street/Sidewalk,Street & Sidewalk,Firearm,,C
196468556,177036746,2023-07-30,Winston-Salem,NC0340200,13A,B,B,N,M,20,R,N,SB;VO,Highway/Road/Alley/Street/Sidewalk,Street & Sidewalk,Firearm,,C
196468559,177036749,2023-07-30,Winston-Salem,NC0340200,13A,B,B,N,M,58,R,Y,BG,Parking/Drop Lot/Garage,Parking Lot,Knife/Cutting Instrument,,C
196468560,177036749,2023-07-30,Winston-Salem,NC0340200,13A,W,W,N,M,84,R,N,ST,Parking/Drop Lot/Garage,Parking Lot,Knife/Cutting Instrument,,C
196468629,177036795,2023-07-31,Winston-Salem,NC0340200,13A,B,B,N,F,45,R,Y,XR,Convenience Store,Convenience Store,Other,Severe Laceration,C
196468640,177036805,2023-07-31,Winston-Salem,NC0340200,13A,B,B,N,F,32,R,N,PA,Residence/Home,Home,Knife/Cutting Instrument,Minor Injury,C
202392526,182234328,2023-07-31,Winston-Salem,NC0340200,13A,W,W,N,M,56,R,N,ST,Residence/Home,Home,Personal Weapons,,C
202392529,182234330,2023-08-01,Winston-Salem,NC0340200,13A,W,W,N,M,26,R,N,RU,Bar/Nightclub,Bar & Nightclub,Handgun,,C
202392530,182234330,2023-08-01,Winston-Salem,NC0340200,13A,W,W,N,F,39,R,N,RU,Bar/Nightclub,Bar & Nightclub,Handgun,,C
202392535,182234334,2023-08-01,Winston-Salem,NC0340200,13A,B,B,N,M,41,R,N,RU,Highway/Road/Alley/Street/Sidewalk,Street & Sidewalk,Handgun,Other Major Injury,C
202392537,182234336,2023-08-01,Winston-Salem,NC0340200,13A,B,B,N,F,48,R,N,,Residence/Home,Home,Firearm,,C
202392538,182234336,2023-08-01,Winston-Salem,NC0340200,13A,B,B,N,F,45,R,N,,Residence/Home,Home,Firearm,,C
202392539,182234336,2023-08-01,Winston-Salem,NC0340200,13A,W,W,N,F,38,R,N,,Residence/Home,Home,Firearm,,C
202392544,182234341,2023-08-01,Winston-Salem,NC0340200,13A,B,B,N,F,28,R,N,RU,Highway/Road/Alley/Street/Sidewalk,Street & Sidewalk,Firearm,,C
202392554,182234351,2023-08-01,Winston-Salem,NC0340200,13A,W,W,N,M,52,N,N,RU,Restaurant,Restaurant,Knife/Cutting Instrument,,C
202392586,182234377,2023-08-01,Winston-Salem,NC0340200,13A,B,B,N,F,10,R,N,CH,Residence/Home,Home,Other,Minor Injury,C
202392595,182234386,2023-08-01,Winston-Salem,NC0340200,13A,B,B,N,M,32,R,N,,Residence/Home,Home,Handgun,Minor Injury,C
202392635,182234421,2023-08-02,Winston-Salem,NC0340200,13A,B,B,N,M,4,R,N,NE,Parking/Drop Lot/Garage,Parking Lot,Handgun,,C
202392636,182234421,2023-08-02,Winston-Salem,NC0340200,13A,B,B,N,F,3,N,N,ST,Parking/Drop Lot/Garage,Parking Lot,Handgun,,C
202392662,182234442,2023-08-03,Winston-Salem,NC0340200,13A,B,B,N,F,28,R,N,ST,Highway/Road/Alley/Street/Sidewalk,Street & Sidewalk,Firearm,,C
202392663,182234442,2023-08-03,Winston-Salem,NC0340200,13A,B,B,N,F,6,R,N,ST,Highway/Road/Alley/Street/Sidewalk,Street & Sidewalk,Firearm,,C
202392686,182234460,2023-08-03,Winston-Salem,NC0340200,13A,B,B,N,F,22,R,N,ST,Highway/Road/Alley/Street/Sidewalk,Street & Sidewalk,Firearm,,C
202392688,182234462,2023-08-03,Winston-Salem,NC0340200,13A,B,B,N,M,64,R,Y,XR,Highway/Road/Alley/Street/Sidewalk,Street & Sidewalk,Knife/Cutting Instrument,,C
202392700,182234473,2023-08-03,Winston-Salem,NC0340200,13A,B,B,N,F,22,R,N,SB,Residence/Home,Home,Blunt Object,,C
207152552,186382423,2023-08-03,Winston-Salem,NC0340200,13A,B,B,N,M,29,N,N,SB;VO,Residence/Home,Home,Shotgun,Minor Injury,C
207152553,186382423,2023-08-03,Winston-Salem,NC0340200,13A,B,B,N,M,31,R,N,SB;VO,Residence/Home,Home,Shotgun,,C
202392732,182234503,2023-08-04,Winston-Salem,NC0340200,13A,W,W,N,M,36,R,N,SC,Residence/Home,Home,Handgun,,C
202392740,182234510,2023-08-04,Winston-Salem,NC0340200,13A,B,B,N,F,41,R,Y,BG,Residence/Home,Home,Knife/Cutting Instrument,Minor Injury,C
202392745,182234515,2023-08-04,Winston-Salem,NC0340200,13A,B,B,N,F,23,R,N,AQ,Residence/Home,Home,Blunt Object,Minor Injury,C
202392774,182234543,2023-08-05,Winston-Salem,NC0340200,13A,W,W,N,M,68,R,Y,SE,Residence/Home,Home,Knife/Cutting Instrument,Minor Injury,C
202392779,182234547,2023-08-05,Winston-Salem,NC0340200,13A,W,W,N,M,36,R,N,FR,Residence/Home,Home,Knife/Cutting Instrument,Severe Laceration,C
202392795,182234561,2023-08-05,Winston-Salem,NC0340200,13A,B,B,N,F,37,R,N,AQ,Residence/Home,Home,Handgun,,C
202392810,182234573,2023-08-05,Winston-Salem,NC0340200,13A,B,B,N,F,32,R,N,PA,Residence/Home,Home,Other,Minor Injury;Possible Internal Injury,C
202392819,182234580,2023-08-05,Winston-Salem,NC0340200,13A,B,B,N,M,45,R,Y,BG,Residence/Home,Home,Knife/Cutting Instrument,Minor Injury,C
204601960,184161616,2023-08-05,Winston-Salem,NC0340200,13A,B,B,N,M,64,R,N,,Service/Gas Station,Gas Station,Handgun,Other Major Injury,C
204601961,184161616,2023-08-05,Winston-Salem,NC0340200,13A,B,B,N,M,34,R,N,,Service/Gas Station,Gas Station,Handgun,Other Major Injury,C
207658584,186820344,2023-08-05,Winston-Salem,NC0340200,13A,W,W,N,M,21,N,N,,Industrial Site,Industrial Site,Other,Minor Injury,C
202392839,182234597,2023-08-06,Winston-Salem,NC0340200,13A,B,B,N,M,31,R,N,,Parking/Drop Lot/Garage,Parking Lot,Handgun,,C
207152569,186382438,2023-08-06,Winston-Salem,NC0340200,13A,H,W,H,F,43,R,Y,BG,Residence/Home,Home,Handgun,,C
202392901,182234655,2023-08-07,Winston-Salem,NC0340200,13A,W,W,N,M,52,R,Y,BG,Field/Woods,Field & Woods,Blunt Object,,C
202392902,182234656,2023-08-07,Winston-Salem,NC0340200,13A,B,B,N,M,29,R,Y,XR,Highway/Road/Alley/Street/Sidewalk,Street & Sidewalk,Motor Vehicle/Vessel,,C
202392914,182234665,2023-08-07,Winston-Salem,NC0340200,13A,H,W,H,F,41,R,N,,Residence/Home,Home,Firearm,,C
202392915,182234665,2023-08-07,Winston-Salem,NC0340200,13A,H,W,H,M,20,R,N,,Residence/Home,Home,Firearm,,C
202392916,182234665,2023-08-07,Winston-Salem,NC0340200,13A,H,W,H,F,19,R,N,,Residence/Home,Home,Firearm,,C
202392917,182234665,2023-08-07,Winston-Salem,NC0340200,13A,H,W,H,F,24,R,N,,Residence/Home,Home,Firearm,,C
202392918,182234665,2023-08-07,Winston-Salem,NC0340200,13A,H,W,H,F,16,R,N,,Residence/Home,Home,Firearm,,C
202392919,182234665,2023-08-07,Winston-Salem,NC0340200,13A,H,W,H,F,11,R,N,,Residence/Home,Home,Firearm,,C
202392920,182234665,2023-08-07,Winston-Salem,NC0340200,13A,H,W,H,M,48,R,N,,Residence/Home,Home,Firearm,,C
202392921,182234665,2023-08-07,Winston-Salem,NC0340200,13A,H,W,H,M,3,R,N,,Residence/Home,Home,Firearm,,C
202392922,182234665,2023-08-07,Winston-Salem,NC0340200,13A,H,W,H,F,0,R,N,,Residence/Home,Home,Firearm,,C
202392940,182234678,2023-08-07,Winston-Salem,NC0340200,13A,B,B,N,M,39,R,Y,BG;VO,Residence/Home,Home,Handgun,,C
202392941,182234678,2023-08-07,Winston-Salem,NC0340200,13A,B,B,N,F,39,R,Y,BG;VO,Residence/Home,Home,Handgun,Minor Injury,C
202392945,182234682,2023-08-07,Winston-Salem,NC0340200,13A,H,W,H,M,18,R,N,,Service/Gas Station,Gas Station,Firearm,,C
202392958,182234692,2023-08-08,Winston-Salem,NC0340200,13A,B,B,N,F,29,N,Y,BG,Residence/Home,Home,Knife/Cutting Instrument,,C
202392987,182234719,2023-08-08,Winston-Salem,NC0340200,13A,B,B,N,M,36,R,N,,Residence/Home,Home,Other Firearm,,C
202392988,182234719,2023-08-08,Winston-Salem,NC0340200,13A,B,B,N,F,31,R,N,,Residence/Home,Home,Other Firearm,,C
202392989,182234719,2023-08-08,Winston-Salem,NC0340200,13A,B,B,N,F,8,R,N,,Residence/Home,Home,Other Firearm,,C
202392990,182234719,2023-08-08,Winston-Salem,NC0340200,13A,B,B,N,M,9,R,N,,Residence/Home,Home,Other Firearm,,C
202392991,182234719,2023-08-08,Winston-Salem,NC0340200,13A,B,B,N,M,7,R,N,,Residence/Home,Home,Other Firearm,,C
202393009,182234733,2023-08-08,Winston-Salem,NC0340200,13A,B,B,N,M,58,R,N,,Highway/Road/Alley/Street/Sidewalk,Street & Sidewalk,Handgun,,C
202393010,182234734,2023-08-08,Winston-Salem,NC0340200,13A,B,B,N,M,16,R,N,OF,Park/Playground,Park & Playground,Handgun,Other Major Injury,C
204601963,184161618,2023-08-08,Winston-Salem,NC0340200,13A,H,W,H,M,20,R,N,ST,Parking/Drop Lot/Garage,Parking Lot,Firearm,,C
204601964,184161618,2023-08-08,Winston-Salem,NC0340200,13A,H,W,H,F,27,R,N,AQ;RU,Parking/Drop Lot/Garage,Parking Lot,Firearm,,C
204601965,184161618,2023-08-08,Winston-Salem,NC0340200,13A,H,W,H,M,19,R,N,OF;RU,Parking/Drop Lot/Garage,Parking Lot,Firearm,,C
204601966,184161618,2023-08-08,Winston-Salem,NC0340200,13A,H,W,H,M,25,R,N,ST,Parking/Drop Lot/Garage,Parking Lot,Firearm,,C
202393016,182234739,2023-08-09,Winston-Salem,NC0340200,13A,B,B,N,F,50,R,N,OF,Highway/Road/Alley/Street/Sidewalk,Street & Sidewalk,Blunt Object,,C
202393040,182234761,2023-08-09,Winston-Salem,NC0340200,13A,B,B,N,M,17,R,N,AQ,Highway/Road/Alley/Street/Sidewalk,Street & Sidewalk,Other Firearm,Other Major Injury,C
207152589,186382453,2023-08-09,Winston-Salem,NC0340200,13A,B,B,N,F,22,R,N,RU,Bar/Nightclub,Bar & Nightclub,Blunt Object,,C
202393095,182234806,2023-08-10,Winston-Salem,NC0340200,13A,B,B,N,M,33,R,N,,Bar/Nightclub,Bar & Nightclub,Knife/Cutting Instrument,Severe Laceration,C
202393140,182234844,2023-08-10,Winston-Salem,NC0340200,13A,W,W,N,F,41,R,N,RU,Residence/Home,Home,Handgun,,C
202393159,182234859,2023-08-11,Winston-Salem,NC0340200,13A,B,B,N,F,24,R,N,NE,Highway/Road/Alley/Street/Sidewalk,Street & Sidewalk,Poison,Minor Injury,C
202393181,182234878,2023-08-11,Winston-Salem,NC0340200,13A,W,W,N,M,42,R,N,EE,Restaurant,Restaurant,Knife/Cutting Instrument;Other,Minor Injury,C
202393214,182234902,2023-08-11,Winston-Salem,NC0340200,13A,H,W,H,M,44,R,N,PA;VO,Residence/Home,Home,Blunt Object,,C
202393215,182234902,2023-08-11,Winston-Salem,NC0340200,13A,H,W,H,F,21,R,N,CH;VO,Residence/Home,Home,Blunt Object,Possible Internal Injury,C
202393216,182234903,2023-08-11,Winston-Salem,NC0340200,13A,H,W,H,M,30,R,Y,BG,Parking/Drop Lot/Garage,Parking Lot,Other,Severe Laceration,C
207154627,186384133,2023-08-11,Winston-Salem,NC0340200,13A,B,B,N,M,38,R,N,,Park/Playground,Park & Playground,Handgun,,C
202393260,182234943,2023-08-12,Winston-Salem,NC0340200,13A,H,W,H,M,30,R,N,AQ;ST,Residence/Home,Home,Handgun,Minor Injury,C
202393273,182234955,2023-08-12,Winston-Salem,NC0340200,13A,B,B,N,M,23,R,Y,BG;VO,Hotel/Motel/Etc.,Hotel & Motel,Knife/Cutting Instrument,Severe Laceration,C
202393318,182234995,2023-08-12,Winston-Salem,NC0340200,13A,B,B,N,F,33,R,N,RU,Drug Store/Doctor's Office/Hospital,Hospital & Clinic,Other,,C
202393290,182234970,2023-08-13,Winston-Salem,NC0340200,13A,H,W,H,M,23,R,N,OK,Residence/Home,Home,Unknown,Other Major Injury,C
202393322,182234999,2023-08-13,Winston-Salem,NC0340200,13A,B,B,N,M,20,R,N,RU,Residence/Home,Home,Handgun,Other Major Injury,C
202393323,182235000,2023-08-13,Winston-Salem,NC0340200,13A,B,B,N,F,23,R,N,AQ,Residence/Home,Home,Handgun,,C
202393340,182235016,2023-08-13,Winston-Salem,NC0340200,13A,W,W,N,M,50,N,N,ST,Residence/Home,Home,Blunt Object,Minor Injury,C
202393347,182235022,2023-08-13,Winston-Salem,NC0340200,13A,W,W,N,M,55,R,Y,BG,Residence/Home,Home,Knife/Cutting Instrument,Minor Injury,C
207155034,186384520,2023-08-13,Winston-Salem,NC0340200,13A,I,I,N,F,47,R,N,RU,Highway/Road/Alley/Street/Sidewalk,Street & Sidewalk,Handgun,,C
207155035,186384520,2023-08-13,Winston-Salem,NC0340200,13A,B,B,N,M,32,R,N,RU,Highway/Road/Alley/Street/Sidewalk,Street & Sidewalk,Handgun,,C
207155036,186384520,2023-08-13,Winston-Salem,NC0340200,13A,H,W,H,F,21,R,N,RU,Highway/Road/Alley/Street/Sidewalk,Street & Sidewalk,Handgun,,C
207155037,186384520,2023-08-13,Winston-Salem,NC0340200,13A,H,I,H,M,16,R,N,RU,Highway/Road/Alley/Street/Sidewalk,Street & Sidewalk,Handgun,,C
207155038,186384520,2023-08-13,Winston-Salem,NC0340200,13A,W,W,N,F,21,R,N,RU,Highway/Road/Alley/Street/Sidewalk,Street & Sidewalk,Handgun,,C
207155039,186384520,2023-08-13,Winston-Salem,NC0340200,13A,H,W,H,M,22,R,N,RU,Highway/Road/Alley/Street/Sidewalk,Street & Sidewalk,Handgun,,C
207155040,186384520,2023-08-13,Winston-Salem,NC0340200,13A,H,W,H,F,0,R,N,RU,Highway/Road/Alley/Street/Sidewalk,Street & Sidewalk,Handgun,,C
207155041,186384520,2023-08-13,Winston-Salem,NC0340200,13A,H,W,H,F,1,R,N,RU,Highway/Road/Alley/Street/Sidewalk,Street & Sidewalk,Handgun,,C
207155042,186384520,2023-08-13,Winston-Salem,NC0340200,13A,B,B,N,F,32,R,N,RU,Highway/Road/Alley/Street/Sidewalk,Street & Sidewalk,Handgun,,C
207155043,186384520,2023-08-13,Winston-Salem,NC0340200,13A,B,B,N,M,9,R,N,RU,Highway/Road/Alley/Street/Sidewalk,Street & Sidewalk,Handgun,,C
202393365,182235031,2023-08-14,Winston-Salem,NC0340200,13A,H,W,H,M,36,R,Y,BG,Parking/Drop Lot/Garage,Parking Lot,Other,,C
202393420,182235078,2023-08-14,Winston-Salem,NC0340200,13A,B,B,N,F,40,R,N,PA,Grocery/Supermarket,Grocery Store,Firearm,,C
202393439,182235095,2023-08-14,Winston-Salem,NC0340200,13A,B,B,N,M,33,N,Y,XR,Parking/Drop Lot/Garage,Parking Lot,Motor Vehicle/Vessel,,C
202393454,182235102,2023-08-15,Winston-Salem,NC0340200,13A,B,B,N,M,46,R,N,,Highway/Road/Alley/Street/Sidewalk,Street & Sidewalk,Knife/Cutting Instrument,Minor Injury,C
202393481,182235124,2023-08-15,Winston-Salem,NC0340200,13A,B,B,N,M,35,R,Y,BG,Residence/Home,Home,Handgun,,C
202393501,182235141,2023-08-15,Winston-Salem,NC0340200,13A,H,W,H,F,43,R,N,,Residence/Home,Home,Firearm,,C
202393502,182235141,2023-08-15,Winston-Salem,NC0340200,13A,H,W,H,M,33,R,N,,Residence/Home,Home,Firearm,,C
202393503,182235141,2023-08-15,Winston-Salem,NC0340200,13A,H,W,H,F,35,R,N,,Residence/Home,Home,Firearm,,C
202393504,182235141,2023-08-15,Winston-Salem,NC0340200,13A,W,W,N,F,36,R,N,,Residence/Home,Home,Firearm,,C
202393505,182235141,2023-08-15,Winston-Salem,NC0340200,13A,W,W,N,F,0,R,N,,Residence/Home,Home,Firearm,,C
202393506,182235141,2023-08-15,Winston-Salem,NC0340200,13A,W,W,N,M,53,R,N,,Residence/Home,Home,Firearm,,C
202393507,182235141,2023-08-15,Winston-Salem,NC0340200,13A,W,W,N,M,17,R,N,,Residence/Home,Home,Firearm,,C
202393508,182235141,2023-08-15,Winston-Salem,NC0340200,13A,W,W,N,F,14,R,N,,Residence/Home,Home,Firearm,,C
202393509,182235141,2023-08-15,Winston-Salem,NC0340200,13A,W,W,N,M,5,R,N,,Residence/Home,Home,Firearm,,C
202393519,182235150,2023-08-16,Winston-Salem,NC0340200,13A,H,B,H,M,29,R,N,RU,Residence/Home,Home,Handgun,,C
202393523,182235154,2023-08-16,Winston-Salem,NC0340200,13A,B,B,N,F,31,R,N,FR,Highway/Road/Alley/Street/Sidewalk,Street & Sidewalk,,Minor Injury,C
202393549,182235179,2023-08-16,Winston-Salem,NC0340200,13A,H,W,H,F,63,R,N,,Residence/Home,Home,Handgun,Minor Injury,C
202393550,182235179,2023-08-16,Winston-Salem,NC0340200,13A,H,W,H,M,58,R,N,,Residence/Home,Home,Handgun,,C
202393596,182235219,2023-08-17,Winston-Salem,NC0340200,13A,H,W,H,M,14,R,N,,Highway/Road/Alley/Street/Sidewalk,Street & Sidewalk,Firearm,Other Major Injury,C
202393601,182235224,2023-08-17,Winston-Salem,NC0340200,13A,B,B,N,M,42,R,Y,BG,Parking/Drop Lot/Garage,Parking Lot,Knife/Cutting Instrument,,C
207152629,186382487,2023-08-17,Winston-Salem,NC0340200,13A,B,B,N,M,46,R,N,SB,Highway/Road/Alley/Street/Sidewalk,Street & Sidewalk,Other,Severe Laceration,C
202393648,182235267,2023-08-18,Winston-Salem,NC0340200,13A,B,B,N,M,61,R,N,,Residence/Home,Home,Handgun,,C
202393649,182235267,2023-08-18,Winston-Salem,NC0340200,13A,B,B,N,F,66,R,N,,Residence/Home,Home,Handgun,,C
202393650,182235267,2023-08-18,Winston-Salem,NC0340200,13A,B,B,N,F,37,R,N,,Residence/Home,Home,Handgun,,C
202393651,182235267,2023-08-18,Winston-Salem,NC0340200,13A,B,B,N,M,39,R,N,,Residence/Home,Home,Handgun,,C
202393652,182235267,2023-08-18,Winston-Salem,NC0340200,13A,B,B,N,M,19,R,N,,Residence/Home,Home,Handgun,,C
202393702,182235312,2023-08-18,Winston-Salem,NC0340200,13A,H,W,H,M,27,R,N,,Highway/Road/Alley/Street/Sidewalk,Street & Sidewalk,Handgun,Other Major Injury,C
202393743,182235349,2023-08-19,Winston-Salem,NC0340200,13A,W,W,N,M,43,R,N,,Highway/Road/Alley/Street/Sidewalk,Street & Sidewalk,Firearm,Other Major Injury,C
202393754,182235360,2023-08-19,Winston-Salem,NC0340200,13A,B,B,N,F,66,R,N,PA,Residence/Home,Home,Knife/Cutting Instrument,,C
207152638,186382495,2023-08-19,Winston-Salem,NC0340200,13A,B,B,N,M,23,R,Y,BG,Hotel/Motel/Etc.,Hotel & Motel,Knife/Cutting Instrument,Minor Injury,C
207152645,186382501,2023-08-19,Winston-Salem,NC0340200,13A,W,W,N,M,48,R,N,RU,Residence/Home,Home,Handgun,,C
207658450,186820239,2023-08-19,Winston-Salem,NC0340200,13A,B,B,N,F,24,R,N,RU,Highway/Road/Alley/Street/Sidewalk,Street & Sidewalk,Knife/Cutting Instrument,Severe Laceration,C
202393791,182235388,2023-08-20,Winston-Salem,NC0340200,13A,W,W,N,M,47,R,N,FR,Residence/Home,Home,Knife/Cutting Instrument,,C
202393839,182235430,2023-08-20,Winston-Salem,NC0340200,13A,W,W,N,M,9,R,N,,Highway/Road/Alley/Street/Sidewalk,Street & Sidewalk,Handgun,,C
207152658,186382512,2023-08-20,Winston-Salem,NC0340200,13A,B,B,N,M,55,R,N,AQ,Residence/Home,Home,Handgun,,C
207152659,186382512,2023-08-20,Winston-Salem,NC0340200,13A,B,B,N,M,33,R,N,AQ,Residence/Home,Home,Handgun,,C
207152660,186382512,2023-08-20,Winston-Salem,NC0340200,13A,B,B,N,F,33,R,N,ST,Residence/Home,Home,Handgun,,C
207152661,186382512,2023-08-20,Winston-Salem,NC0340200,13A,B,B,N,F,12,R,N,ST,Residence/Home,Home,Handgun,,C
207152662,186382512,2023-08-20,Winston-Salem,NC0340200,13A,B,B,N,M,9,R,N,ST,Residence/Home,Home,Handgun,,C
207152663,186382512,2023-08-20,Winston-Salem,NC0340200,13A,B,B,N,F,2,R,N,ST,Residence/Home,Home,Handgun,,C
196911463,177418649,2023-08-21,Winston-Salem,NC0340200,13A,H,W,H,M,13,R,N,OK,Highway/Road/Alley/Street/Sidewalk,Street & Sidewalk,Motor Vehicle/Vessel,,C
196911464,177418649,2023-08-21,Winston-Salem,NC0340200,13A,H,W,H,M,12,R,N,OK,Highway/Road/Alley/Street/Sidewalk,Street & Sidewalk,Motor Vehicle/Vessel,,C
196911465,177418649,2023-08-21,Winston-Salem,NC0340200,13A,H,W,H,F,7,R,N,OK,Highway/Road/Alley/Street/Sidewalk,Street & Sidewalk,Motor Vehicle/Vessel,,C
196911466,177418650,2023-08-21,Winston-Salem,NC0340200,13A,B,B,N,M,49,R,N,OK;VO,Shopping Mall,Shopping Mall,Blunt Object;Other,Minor Injury,C
196911467,177418650,2023-08-21,Winston-Salem,NC0340200,13A,W,W,N,M,70,R,N,OK;VO,Shopping Mall,Shopping Mall,Blunt Object;Other,,C
196911471,177418654,2023-08-21,Winston-Salem,NC0340200,13A,W,W,N,M,57,R,N,RU,Parking/Drop Lot/Garage,Parking Lot,Other,,C
196911483,177418664,2023-08-21,Winston-Salem,NC0340200,13A,B,B,N,M,20,R,N,FR,Parking/Drop Lot/Garage,Parking Lot,Knife/Cutting Instrument,,C
196911494,177418675,2023-08-22,Winston-Salem,NC0340200,13A,W,W,N,F,43,R,N,,Other/Unknown,Other & Unknown,Handgun,,C
207152674,186382522,2023-08-22,Winston-Salem,NC0340200,13A,W,W,N,F,33,N,N,,Parking/Drop Lot/Garage,Parking Lot,Handgun,,C
196911599,177418765,2023-08-23,Winston-Salem,NC0340200,13A,H,B,H,M,16,R,N,,Residence/Home,Home,Handgun,Other Major Injury,C
207152681,186382528,2023-08-23,Winston-Salem,NC0340200,13A,B,B,N,M,68,R,N,,Highway/Road/Alley/Street/Sidewalk,Street & Sidewalk,Blunt Object,Possible Internal Injury,C
196911702,177418852,2023-08-25,Winston-Salem,NC0340200,13A,B,B,N,M,33,R,N,,Highway/Road/Alley/Street/Sidewalk,Street & Sidewalk,Handgun,,C
196911718,177418867,2023-08-25,Winston-Salem,NC0340200,13A,B,B,N,F,28,R,N,RU,Highway/Road/Alley/Street/Sidewalk,Street & Sidewalk,Handgun,,C
196911723,177418872,2023-08-25,Winston-Salem,NC0340200,13A,B,B,N,F,51,R,N,RU,Residence/Home,Home,Firearm,,C
196911724,177418872,2023-08-25,Winston-Salem,NC0340200,13A,B,B,N,M,42,R,N,RU,Residence/Home,Home,Firearm,,C
196911742,177418884,2023-08-25,Winston-Salem,NC0340200,13A,W,W,N,F,11,R,N,,Residence/Home,Home,Blunt Object,Severe Laceration,C
204601993,184161638,2023-08-25,Winston-Salem,NC0340200,13A,B,B,N,F,31,R,N,,Highway/Road/Alley/Street/Sidewalk,Street & Sidewalk,Knife/Cutting Instrument,Other Major Injury,C
196911762,177418899,2023-08-26,Winston-Salem,NC0340200,13A,B,B,N,F,33,R,N,,Service/Gas Station,Gas Station,Blunt Object,Severe Laceration,C
196911786,177418916,2023-08-26,Winston-Salem,NC0340200,13A,W,W,N,M,46,R,N,,Residence/Home,Home,Firearm,,C
196911814,177418940,2023-08-26,Winston-Salem,NC0340200,13A,B,B,N,M,29,R,N,AQ,Highway/Road/Alley/Street/Sidewalk,Street & Sidewalk,Motor Vehicle/Vessel,,C
196911815,177418940,2023-08-26,Winston-Salem,NC0340200,13A,B,B,N,F,22,R,Y,BG,Highway/Road/Alley/Street/Sidewalk,Street & Sidewalk,Motor Vehicle/Vessel,Minor Injury,C
207152721,186382562,2023-08-26,Winston-Salem,NC0340200,13A,B,B,N,F,43,R,N,,Highway/Road/Alley/Street/Sidewalk,Street & Sidewalk,Handgun,,C
207152722,186382562,2023-08-26,Winston-Salem,NC0340200,13A,B,B,N,M,74,R,N,,Highway/Road/Alley/Street/Sidewalk,Street & Sidewalk,Handgun,,C
207152723,186382562,2023-08-26,Winston-Salem,NC0340200,13A,B,B,N,F,19,R,N,,Highway/Road/Alley/Street/Sidewalk,Street & Sidewalk,Handgun,,C
196911832,177418955,2023-08-27,Winston-Salem,NC0340200,13A,B,B,N,M,28,R,N,,Highway/Road/Alley/Street/Sidewalk,Street & Sidewalk,Firearm,Other Major Injury,C
196911837,177418960,2023-08-27,Winston-Salem,NC0340200,13A,H,W,H,M,27,R,Y,XR,Residence/Home,Home,Knife/Cutting Instrument,Minor Injury,C
196911849,177418972,2023-08-27,Winston-Salem,NC0340200,13A,H,W,H,M,47,R,N,AQ,Residence/Home,Home,Knife/Cutting Instrument,,C
196911872,177418990,2023-08-27,Winston-Salem,NC0340200,13A,B,B,N,M,21,R,N,RU,Parking/Drop Lot/Garage,Parking Lot,Motor Vehicle/Vessel,,C
207155059,186384530,2023-08-27,Winston-Salem,NC0340200,13A,B,B,N,F,18,R,N,AQ,Residence/Home,Home,Handgun,Other Major Injury,C
207155060,186384530,2023-08-27,Winston-Salem,NC0340200,13A,B,B,N,M,17,R,N,RU,Residence/Home,Home,Handgun,Other Major Injury,C
207152746,186382580,2023-08-28,Winston-Salem,NC0340200,13A,B,B,N,M,26,R,N,RU,Parking/Drop Lot/Garage,Parking Lot,Handgun,Other Major Injury,C
207152747,186382580,2023-08-28,Winston-Salem,NC0340200,13A,B,B,N,F,17,R,N,RU,Parking/Drop Lot/Garage,Parking Lot,Handgun,Other Major Injury,C
196911938,177419049,2023-08-29,Winston-Salem,NC0340200,13A,W,W,N,M,39,R,N,ST,Drug Store/Doctor's Office/Hospital,Hospital & Clinic,Personal Weapons,Severe Laceration;Unconscious,C
196912048,177419144,2023-08-30,Winston-Salem,NC0340200,13A,B,B,N,M,53,R,N,,Residence/Home,Home,Knife/Cutting Instrument,,C
196912056,177419152,2023-08-30,Winston-Salem,NC0340200,13A,W,W,N,M,46,R,Y,BG,Highway/Road/Alley/Street/Sidewalk,Street & Sidewalk,Motor Vehicle/Vessel,,C
196912082,177419172,2023-08-30,Winston-Salem,NC0340200,13A,B,B,N,M,52,R,N,GP,Residence/Home,Home,Blunt Object,Minor Injury,C
196912093,177419183,2023-08-30,Winston-Salem,NC0340200,13A,B,B,N,F,29,R,N,,Highway/Road/Alley/Street/Sidewalk,Street & Sidewalk,Blunt Object,,C
196912100,177419189,2023-08-31,Winston-Salem,NC0340200,13A,B,B,N,M,24,R,N,,Residence/Home,Home,Firearm,Other Major Injury,C
207152794,186382620,2023-09-01,Winston-Salem,NC0340200,13A,B,B,N,F,30,R,N,,Parking/Drop Lot/Garage,Parking Lot,Blunt Object,Minor Injury,C
207152819,186382641,2023-09-01,Winston-Salem,NC0340200,13A,B,B,N,F,26,R,N,CH,Residence/Home,Home,Knife/Cutting Instrument,,C
207152834,186382654,2023-09-01,Winston-Salem,NC0340200,13A,B,B,N,F,44,R,N,AQ;PA;ST,Highway/Road/Alley/Street/Sidewalk,Street & Sidewalk,Knife/Cutting Instrument,,C
207152835,186382654,2023-09-01,Winston-Salem,NC0340200,13A,B,B,N,F,27,R,N,AQ;OK;VO,Highway/Road/Alley/Street/Sidewalk,Street & Sidewalk,Knife/Cutting Instrument,,C
207152836,186382654,2023-09-01,Winston-Salem,NC0340200,13A,B,B,N,F,17,R,N,AQ;OK;VO,Highway/Road/Alley/Street/Sidewalk,Street & Sidewalk,Knife/Cutting Instrument,,C
207152845,186382662,2023-09-01,Winston-Salem,NC0340200,13A,B,B,N,M,69,R,N,,Highway/Road/Alley/Street/Sidewalk,Street & Sidewalk,Firearm,,C
207152846,186382662,2023-09-01,Winston-Salem,NC0340200,13A,B,B,N,M,53,R,N,,Highway/Road/Alley/Street/Sidewalk,Street & Sidewalk,Firearm,,C
207152847,186382662,2023-09-01,Winston-Salem,NC0340200,13A,B,B,N,M,52,R,N,,Highway/Road/Alley/Street/Sidewalk,Street & Sidewalk,Firearm,,C
207152848,186382662,2023-09-01,Winston-Salem,NC0340200,13A,B,B,N,F,35,R,N,,Highway/Road/Alley/Street/Sidewalk,Street & Sidewalk,Firearm,,C
207152851,186382665,2023-09-02,Winston-Salem,NC0340200,13A,B,B,N,M,47,R,N,,Residence/Home,Home,Handgun,,C
207152868,186382681,2023-09-02,Winston-Salem,NC0340200,13A,H,W,H,F,34,R,Y,BG;VO,Residence/Home,Home,Blunt Object,Minor Injury,C
207152869,186382681,2023-09-02,Winston-Salem,NC0340200,13A,H,W,H,M,39,R,Y,BG;VO,Residence/Home,Home,Blunt Object,Minor Injury,C
207152891,186382699,2023-09-02,Winston-Salem,NC0340200,13A,H,W,H,M,37,R,N,,Parking/Drop Lot/Garage,Parking Lot,Handgun,,C
207152895,186382703,2023-09-02,Winston-Salem,NC0340200,13A,B,B,N,M,37,R,N,,Highway/Road/Alley/Street/Sidewalk,Street & Sidewalk,,,C
207152910,186382718,2023-09-02,Winston-Salem,NC0340200,13A,H,W,H,F,41,R,N,,Highway/Road/Alley/Street/Sidewalk,Street & Sidewalk,Other,Minor Injury,C
207658476,186820260,2023-09-02,Winston-Salem,NC0340200,13A,W,W,N,F,24,R,N,,Residence/Home,Home,Firearm,,C
207152956,186382756,2023-09-03,Winston-Salem,NC0340200,13A,H,W,H,M,27,U,N,NE,Residence/Home,Home,Blunt Object,Minor Injury,C
207152972,186382769,2023-09-03,Winston-Salem,NC0340200,13A,B,B,N,M,62,R,N,AQ,Parking/Drop Lot/Garage,Parking Lot,Knife/Cutting Instrument,,C
207152973,186382769,2023-09-03,Winston-Salem,NC0340200,13A,H,W,H,F,20,R,Y,BG,Parking/Drop Lot/Garage,Parking Lot,Knife/Cutting Instrument,,C
207153029,186382820,2023-09-04,Winston-Salem,NC0340200,13A,B,B,N,F,53,R,N,,Residence/Home,Home,Firearm,,C
207153030,186382820,2023-09-04,Winston-Salem,NC0340200,13A,B,B,N,M,28,R,N,,Residence/Home,Home,Firearm,,C
207153049,186382838,2023-09-05,Winston-Salem,NC0340200,13A,H,W,H,F,33,R,N,,Highway/Road/Alley/Street/Sidewalk,Street & Sidewalk,Handgun,,C
207153050,186382838,2023-09-05,Winston-Salem,NC0340200,13A,H,W,H,M,37,R,N,,Highway/Road/Alley/Street/Sidewalk,Street & Sidewalk,Handgun,,C
207153070,186382857,2023-09-05,Winston-Salem,NC0340200,13A,B,B,N,M,47,N,N,ST,Highway/Road/Alley/Street/Sidewalk,Street & Sidewalk,Knife/Cutting Instrument,,C
207153328,186383054,2023-09-05,Winston-Salem,NC0340200,13A,H,W,H,M,25,R,N,,Highway/Road/Alley/Street/Sidewalk,Street & Sidewalk,Firearm,,C
207153329,186383054,2023-09-05,Winston-Salem,NC0340200,13A,H,W,H,M,25,R,N,,Highway/Road/Alley/Street/Sidewalk,Street & Sidewalk,Firearm,,C
207153330,186383054,2023-09-05,Winston-Salem,NC0340200,13A,H,W,H,M,33,R,N,,Highway/Road/Alley/Street/Sidewalk,Street & Sidewalk,Firearm,,C
207153106,186382887,2023-09-06,Winston-Salem,NC0340200,13A,B,B,N,F,31,R,N,OK,Residence/Home,Home,Handgun,,C
207153121,186382900,2023-09-06,Winston-Salem,NC0340200,13A,W,W,N,M,34,R,N,OK,Highway/Road/Alley/Street/Sidewalk,Street & Sidewalk,Motor Vehicle/Vessel,,C
207658492,186820272,2023-09-06,Winston-Salem,NC0340200,13A,B,B,N,M,25,R,N,,Highway/Road/Alley/Street/Sidewalk,Street & Sidewalk,Handgun,,C
207153171,186382949,2023-09-07,Winston-Salem,NC0340200,13A,W,W,N,M,27,R,N,ST,Restaurant,Restaurant,Blunt Object,,C
207153172,186382950,2023-09-07,Winston-Salem,NC0340200,13A,W,W,N,F,35,N,Y,XR,Highway/Road/Alley/Street/Sidewalk,Street & Sidewalk,Motor Vehicle/Vessel,,C
207153173,186382950,2023-09-07,Winston-Salem,NC0340200,13A,W,W,N,M,38,R,N,RU,Highway/Road/Alley/Street/Sidewalk,Street & Sidewalk,Motor Vehicle/Vessel,,C
207153182,186382959,2023-09-07,Winston-Salem,NC0340200,13A,B,B,N,F,51,R,N,ST,Highway/Road/Alley/Street/Sidewalk,Street & Sidewalk,Motor Vehicle/Vessel,,C
207153194,186382970,2023-09-07,Winston-Salem,NC0340200,13A,B,B,N,M,36,N,N,,Highway/Road/Alley/Street/Sidewalk,Street & Sidewalk,Knife/Cutting Instrument,Severe Laceration,C
207153264,186383011,2023-09-08,Winston-Salem,NC0340200,13A,B,B,N,M,43,R,N,,Highway/Road/Alley/Street/Sidewalk,Street & Sidewalk,Personal Weapons,Unconscious,C
207153470,186383174,2023-09-08,Winston-Salem,NC0340200,13A,W,W,N,M,74,R,N,,Bar/Nightclub,Bar & Nightclub,Personal Weapons,Apparent Broken Bones;Minor Injury,C
207154527,186384049,2023-09-08,Winston-Salem,NC0340200,13A,B,B,N,M,29,R,N,AQ,Parking/Drop Lot/Garage,Parking Lot,Motor Vehicle/Vessel,Apparent Broken Bones;Possible Internal Injury,C
207658498,186820277,2023-09-08,Winston-Salem,NC0340200,13A,B,B,N,M,25,R,N,AQ,Parking/Drop Lot/Garage,Parking Lot,Knife/Cutting Instrument,Severe Laceration,C
207153327,186383053,2023-09-09,Winston-Salem,NC0340200,13A,B,B,N,F,62,R,N,,Residence/Home,Home,Handgun,,C
207153341,186383060,2023-09-09,Winston-Salem,NC0340200,13A,B,B,N,M,46,N,N,,Park/Playground,Park & Playground,Blunt Object,Minor Injury,C
207153350,186383068,2023-09-09,Winston-Salem,NC0340200,13A,B,B,N,M,47,R,N,OF,Residence/Home,Home,Knife/Cutting Instrument,Severe Laceration,C
207153414,186383127,2023-09-09,Winston-Salem,NC0340200,13A,B,B,N,F,37,R,Y,XR,Highway/Road/Alley/Street/Sidewalk,Street & Sidewalk,Handgun,,C
207153415,186383127,2023-09-09,Winston-Salem,NC0340200,13A,B,B,N,F,36,R,N,RU,Highway/Road/Alley/Street/Sidewalk,Street & Sidewalk,Handgun,,C
207153419,186383131,2023-09-10,Winston-Salem,NC0340200,13A,W,W,N,F,54,R,N,AQ,Residence/Home,Home,Handgun,,C
207153423,186383135,2023-09-10,Winston-Salem,NC0340200,13A,B,B,N,M,12,R,N,AQ,Parking/Drop Lot/Garage,Parking Lot,Other Firearm,,C
207153429,186383141,2023-09-10,Winston-Salem,NC0340200,13A,B,B,N,F,60,R,Y,BG,Residence/Home,Home,Blunt Object,Minor Injury,C
207154633,186384139,2023-09-10,Winston-Salem,NC0340200,13A,B,B,N,M,63,R,N,IL,Highway/Road/Alley/Street/Sidewalk,Street & Sidewalk,Motor Vehicle/Vessel,Minor Injury,C
207153493,186383194,2023-09-11,Winston-Salem,NC0340200,13A,B,B,N,M,72,R,N,,Residence/Home,Home,Firearm,,C
207153494,186383194,2023-09-11,Winston-Salem,NC0340200,13A,B,B,N,F,75,R,N,,Residence/Home,Home,Firearm,,C
207155083,186384548,2023-09-11,Winston-Salem,NC0340200,13A,H,W,H,F,33,R,N,OK,Residence/Home,Home,Handgun,,C
207153552,186383243,2023-09-12,Winston-Salem,NC0340200,13A,B,B,N,M,25,R,N,OK,Highway/Road/Alley/Street/Sidewalk,Street & Sidewalk,Knife/Cutting Instrument,,C
207153590,186383276,2023-09-12,Winston-Salem,NC0340200,13A,B,B,N,F,23,R,Y,BG,Residence/Home,Home,Personal Weapons,Minor Injury,C
207153558,186383247,2023-09-13,Winston-Salem,NC0340200,13A,B,B,N,F,34,R,N,NE,Highway/Road/Alley/Street/Sidewalk,Street & Sidewalk,Other;Rifle,,C
207153592,186383278,2023-09-13,Winston-Salem,NC0340200,13A,B,B,N,M,43,N,N,,Highway/Road/Alley/Street/Sidewalk,Street & Sidewalk,Other Firearm,,C
207153594,186383280,2023-09-13,Winston-Salem,NC0340200,13A,B,B,N,M,16,R,N,NE,Highway/Road/Alley/Street/Sidewalk,Street & Sidewalk,Handgun,,C
207153609,186383293,2023-09-14,Winston-Salem,NC0340200,13A,W,W,N,M,21,R,N,ST,Highway/Road/Alley/Street/Sidewalk,Street & Sidewalk,Handgun,,C
207153610,186383293,2023-09-14,Winston-Salem,NC0340200,13A,W,W,N,M,23,N,N,ST,Highway/Road/Alley/Street/Sidewalk,Street & Sidewalk,Handgun,,C
207153611,186383293,2023-09-14,Winston-Salem,NC0340200,13A,W,W,N,M,24,N,N,ST,Highway/Road/Alley/Street/Sidewalk,Street & Sidewalk,Handgun,,C
207153674,186383351,2023-09-14,Winston-Salem,NC0340200,13A,B,B,N,M,61,R,N,AQ;VO,Residence/Home,Home,Handgun,,C
207153675,186383351,2023-09-14,Winston-Salem,NC0340200,13A,B,B,N,M,48,R,N,AQ;VO,Residence/Home,Home,Handgun,Minor Injury,C
207153678,186383354,2023-09-15,Winston-Salem,NC0340200,13A,W,W,N,F,42,R,N,,Residence/Home,Home,Firearm,,C
207153679,186383354,2023-09-15,Winston-Salem,NC0340200,13A,W,W,N,M,31,N,N,,Residence/Home,Home,Firearm,,C
207153680,186383354,2023-09-15,Winston-Salem,NC0340200,13A,W,W,N,F,9,R,N,,Residence/Home,Home,Firearm,,C
207153681,186383355,2023-09-15,Winston-Salem,NC0340200,13A,B,B,N,F,27,R,N,FR,Highway/Road/Alley/Street/Sidewalk,Street & Sidewalk,Handgun,,C
207153714,186383380,2023-09-15,Winston-Salem,NC0340200,13A,W,W,N,M,67,R,N,OK;VO,Residence/Home,Home,Knife/Cutting Instrument,,C
207153715,186383380,2023-09-15,Winston-Salem,NC0340200,13A,W,W,N,M,34,N,N,OK;VO,Residence/Home,Home,Knife/Cutting Instrument,,C
207154605,186384113,2023-09-15,Winston-Salem,NC0340200,13A,H,W,H,M,31,R,N,,Highway/Road/Alley/Street/Sidewalk,Street & Sidewalk,Firearm,,C
207154606,186384113,2023-09-15,Winston-Salem,NC0340200,13A,H,W,H,F,20,R,N,,Highway/Road/Alley/Street/Sidewalk,Street & Sidewalk,Firearm,Minor Injury,C
207154607,186384113,2023-09-15,Winston-Salem,NC0340200,13A,W,W,N,M,0,R,N,,Highway/Road/Alley/Street/Sidewalk,Street & Sidewalk,Firearm,,C
207153774,186383433,2023-09-16,Winston-Salem,NC0340200,13A,H,W,H,M,37,R,N,RU,Residence/Home,Home,Handgun,,C
207153778,186383437,2023-09-16,Winston-Salem,NC0340200,13A,B,B,N,M,24,R,N,OK,Residence/Home,Home,Handgun,,C
207153779,186383437,2023-09-16,Winston-Salem,NC0340200,13A,W,W,N,F,23,R,N,OK,Residence/Home,Home,Handgun,,C
207153780,186383438,2023-09-16,Winston-Salem,NC0340200,13A,W,W,N,M,34,R,N,OK,Parking/Drop Lot/Garage,Parking Lot,Motor Vehicle/Vessel,,C
207153801,186383454,2023-09-16,Winston-Salem,NC0340200,13A,B,B,N,F,47,R,N,,Residence/Home,Home,Handgun,,C
207153802,186383454,2023-09-16,Winston-Salem,NC0340200,13A,W,W,N,M,41,U,N,,Residence/Home,Home,Handgun,,C
207155089,186384554,2023-09-16,Winston-Salem,NC0340200,13A,B,B,N,F,34,R,N,RU,Residence/Home,Home,Firearm,,C
207155090,186384554,2023-09-16,Winston-Salem,NC0340200,13A,B,B,N,F,38,R,N,RU,Residence/Home,Home,Firearm,,C
207153819,186383470,2023-09-17,Winston-Salem,NC0340200,13A,B,B,N,F,53,R,N,,Highway/Road/Alley/Street/Sidewalk,Street & Sidewalk,Firearm,,C
207153845,186383488,2023-09-17,Winston-Salem,NC0340200,13A,H,W,H,M,57,R,N,,Grocery/Supermarket,Grocery Store,Handgun,,C
207153846,186383488,2023-09-17,Winston-Salem,NC0340200,13A,W,W,N,F,52,N,N,,Grocery/Supermarket,Grocery Store,Handgun,,C
207153847,186383488,2023-09-17,Winston-Salem,NC0340200,13A,H,W,H,F,32,R,N,,Grocery/Supermarket,Grocery Store,Handgun,,C
207153848,186383488,2023-09-17,Winston-Salem,NC0340200,13A,W,W,N,M,16,R,N,,Grocery/Supermarket,Grocery Store,Handgun,,C
207153853,186383493,2023-09-17,Winston-Salem,NC0340200,13A,B,B,N,F,32,R,Y,SE,Restaurant,Restaurant,Handgun,,C
207153902,186383535,2023-09-18,Winston-Salem,NC0340200,13A,B,B,N,M,50,R,N,PA,Residence/Home,Home,Other,Minor Injury,C
207153906,186383538,2023-09-18,Winston-Salem,NC0340200,13A,B,B,N,M,25,R,N,FR,Residence/Home,Home,Firearm;Personal Weapons,Minor Injury,C
207155097,186384557,2023-09-18,Winston-Salem,NC0340200,13A,B,B,N,M,17,R,N,SB,Residence/Home,Home,Blunt Object,Minor Injury,C
207153910,186383541,2023-09-19,Winston-Salem,NC0340200,13A,W,W,N,F,42,R,N,,Parking/Drop Lot/Garage,Parking Lot,Handgun,,C
207153911,186383541,2023-09-19,Winston-Salem,NC0340200,13A,W,W,N,M,31,N,N,,Parking/Drop Lot/Garage,Parking Lot,Handgun,,C
207153942,186383568,2023-09-19,Winston-Salem,NC0340200,13A,B,B,N,M,16,R,N,,Highway/Road/Alley/Street/Sidewalk,Street & Sidewalk,Handgun;Rifle,,C
207153943,186383568,2023-09-19,Winston-Salem,NC0340200,13A,B,B,N,M,16,R,N,,Highway/Road/Alley/Street/Sidewalk,Street & Sidewalk,Handgun;Rifle,,C
207154001,186383620,2023-09-20,Winston-Salem,NC0340200,13A,B,B,N,M,50,R,N,AQ,Residence/Home,Home,Handgun,,C
207154002,186383620,2023-09-20,Winston-Salem,NC0340200,13A,B,B,N,F,50,R,N,AQ,Residence/Home,Home,Handgun,,C
207154003,186383620,2023-09-20,Winston-Salem,NC0340200,13A,B,B,N,F,22,R,N,AQ,Residence/Home,Home,Handgun,,C
207154006,186383623,2023-09-20,Winston-Salem,NC0340200,13A,B,B,N,F,35,R,N,,Highway/Road/Alley/Street/Sidewalk,Street & Sidewalk,Firearm,,C
207154042,186383655,2023-09-21,Winston-Salem,NC0340200,13A,B,B,N,M,36,R,N,NE,Residence/Home,Home,Handgun,,C
207154092,186383696,2023-09-22,Winston-Salem,NC0340200,13A,B,B,N,M,46,N,N,ST,Dock/Wharf/Freight/Modal Terminal,Dock & Wharf,Handgun,,C
207154098,186383699,2023-09-22,Winston-Salem,NC0340200,13A,B,B,N,M,51,R,N,CF,Parking/Drop Lot/Garage,Parking Lot,Motor Vehicle/Vessel,Minor Injury,C
207154115,186383715,2023-09-22,Winston-Salem,NC0340200,13A,B,B,N,F,39,R,N,,Residence/Home,Home,Handgun,,C
207154116,186383715,2023-09-22,Winston-Salem,NC0340200,13A,B,B,N,M,9,R,N,,Residence/Home,Home,Handgun,Minor Injury,C
207154118,186383717,2023-09-22,Winston-Salem,NC0340200,13A,B,B,N,F,41,R,N,,Highway/Road/Alley/Street/Sidewalk,Street & Sidewalk,Handgun,,C
207154119,186383717,2023-09-22,Winston-Salem,NC0340200,13A,W,W,N,M,11,R,N,,Highway/Road/Alley/Street/Sidewalk,Street & Sidewalk,Handgun,,C
207154134,186383732,2023-09-23,Winston-Salem,NC0340200,13A,H,W,H,M,37,R,N,RU;ST,Bar/Nightclub,Bar & Nightclub,Blunt Object;Personal Weapons,Minor Injury,C
207154135,186383732,2023-09-23,Winston-Salem,NC0340200,13A,W,W,N,M,33,N,N,RU,Bar/Nightclub,Bar & Nightclub,Blunt Object;Personal Weapons,Minor Injury,C
207154138,186383735,2023-09-23,Winston-Salem,NC0340200,13A,B,B,N,M,25,R,N,,Residence/Home,Home,Firearm,,C
207154139,186383735,2023-09-23,Winston-Salem,NC0340200,13A,B,B,N,F,27,R,N,,Residence/Home,Home,Firearm,,C
207154140,186383736,2023-09-23,Winston-Salem,NC0340200,13A,B,B,N,M,49,R,Y,BG;VO,Residence/Home,Home,Knife/Cutting Instrument,,C
207154167,186383758,2023-09-23,Winston-Salem,NC0340200,13A,B,B,N,F,23,R,N,OK,Highway/Road/Alley/Street/Sidewalk,Street & Sidewalk,Motor Vehicle/Vessel,,C
207154203,186383787,2023-09-24,Winston-Salem,NC0340200,13A,W,W,N,M,38,R,Y,XR,Highway/Road/Alley/Street/Sidewalk,Street & Sidewalk,,Minor Injury,C
207154213,186383791,2023-09-24,Winston-Salem,NC0340200,13A,B,B,N,M,43,R,Y,XS,Service/Gas Station,Gas Station,Knife/Cutting Instrument;Personal Weapons,Minor Injury,C
207154217,186383795,2023-09-24,Winston-Salem,NC0340200,13A,B,B,N,F,21,R,N,RU,Highway/Road/Alley/Street/Sidewalk,Street & Sidewalk,Other,,C
207154218,186383795,2023-09-24,Winston-Salem,NC0340200,13A,B,B,N,F,25,R,N,RU,Highway/Road/Alley/Street/Sidewalk,Street & Sidewalk,Other,,C
207154240,186383814,2023-09-24,Winston-Salem,NC0340200,13A,W,W,N,M,55,R,N,AQ,Parking/Drop Lot/Garage,Parking Lot,Motor Vehicle/Vessel,Minor Injury,C
207154295,186383862,2023-09-25,Winston-Salem,NC0340200,13A,B,B,N,M,39,R,N,RU,Highway/Road/Alley/Street/Sidewalk,Street & Sidewalk,Blunt Object,Minor Injury,C
207155103,186384562,2023-09-25,Winston-Salem,NC0340200,13A,B,B,N,F,35,R,Y,BG,Highway/Road/Alley/Street/Sidewalk,Street & Sidewalk,Handgun,,C
207156011,186385290,2023-09-25,Winston-Salem,NC0340200,13A,B,B,N,M,28,N,Y,BG,Highway/Road/Alley/Street/Sidewalk,Street & Sidewalk,Other,,C
207156012,186385290,2023-09-25,Winston-Salem,NC0340200,13A,W,W,N,F,24,N,N,AQ,Highway/Road/Alley/Street/Sidewalk,Street & Sidewalk,Other,Minor Injury,C
207156013,186385290,2023-09-25,Winston-Salem,NC0340200,13A,H,W,H,F,25,N,N,AQ,Highway/Road/Alley/Street/Sidewalk,Street & Sidewalk,Other,,C
207658540,186820312,2023-09-25,Winston-Salem,NC0340200,13A,B,B,N,M,14,R,N,,Highway/Road/Alley/Street/Sidewalk,Street & Sidewalk,Blunt Object,Other Major Injury;Possible Internal Injury,C
207658541,186820312,2023-09-25,Winston-Salem,NC0340200,13A,B,B,N,M,16,R,N,,Highway/Road/Alley/Street/Sidewalk,Street & Sidewalk,Blunt Object,,C
207154325,186383891,2023-09-26,Winston-Salem,NC0340200,13A,W,W,N,F,61,R,N,OK,Highway/Road/Alley/Street/Sidewalk,Street & Sidewalk,Motor Vehicle/Vessel,,C
207154326,186383892,2023-09-26,Winston-Salem,NC0340200,13A,B,B,N,F,8,R,N,AQ,Residence/Home,Home,Handgun,,C
207154327,186383892,2023-09-26,Winston-Salem,NC0340200,13A,B,B,N,M,7,R,N,AQ,Residence/Home,Home,Handgun,,C
207154328,186383892,2023-09-26,Winston-Salem,NC0340200,13A,B,B,N,M,2,R,N,AQ,Residence/Home,Home,Handgun,,C
207154329,186383892,2023-09-26,Winston-Salem,NC0340200,13A,B,B,N,F,24,R,N,AQ,Residence/Home,Home,Handgun,,C
207154330,186383892,2023-09-26,Winston-Salem,NC0340200,13A,B,B,N,F,27,R,N,AQ,Residence/Home,Home,Handgun,,C
207154344,186383902,2023-09-26,Winston-Salem,NC0340200,13A,B,B,N,M,38,R,N,SB,Residence/Home,Home,Firearm,,C
207154348,186383906,2023-09-26,Winston-Salem,NC0340200,13A,B,B,N,F,23,R,N,RU,Residence/Home,Home,Firearm,,C
207154355,186383911,2023-09-26,Winston-Salem,NC0340200,13A,H,W,H,M,21,R,N,RU,Residence/Home,Home,Firearm,,C
207155105,186384564,2023-09-26,Winston-Salem,NC0340200,13A,B,B,N,M,52,R,N,ST,Highway/Road/Alley/Street/Sidewalk,Street & Sidewalk,Handgun,,C
207155106,186384564,2023-09-26,Winston-Salem,NC0340200,13A,B,B,N,M,31,R,N,RU,Highway/Road/Alley/Street/Sidewalk,Street & Sidewalk,Handgun,,C
207154384,186383936,2023-09-27,Winston-Salem,NC0340200,13A,B,B,N,M,26,R,N,NE,Highway/Road/Alley/Street/Sidewalk,Street & Sidewalk,Motor Vehicle/Vessel,,C
207154402,186383948,2023-09-27,Winston-Salem,NC0340200,13A,W,W,N,M,42,R,N,,Other/Unknown,Other & Unknown,Blunt Object,Minor Injury,C
207154413,186383957,2023-09-28,Winston-Salem,NC0340200,13A,B,B,N,M,47,R,N,,Highway/Road/Alley/Street/Sidewalk,Street & Sidewalk,Unknown,Minor Injury,C
207154439,186383980,2023-09-28,Winston-Salem,NC0340200,13A,B,B,N,F,16,R,N,RU,Residence/Home,Home,,,C
207154483,186384015,2023-09-29,Winston-Salem,NC0340200,13A,W,W,N,F,55,R,N,FR,Residence/Home,Home,Personal Weapons,Minor Injury,C
207154487,186384019,2023-09-29,Winston-Salem,NC0340200,13A,B,B,N,F,39,R,N,FR,Residence/Home,Home,Knife/Cutting Instrument,Minor Injury,C
207154488,186384020,2023-09-29,Winston-Salem,NC0340200,13A,B,B,N,M,56,R,N,NE;VO,Residence/Home,Home,Blunt Object;Knife/Cutting Instrument;Personal Weapons,,C
207154489,186384020,2023-09-29,Winston-Salem,NC0340200,13A,B,B,N,F,41,R,Y,BG;NE,Residence/Home,Home,Blunt Object;Knife/Cutting Instrument;Personal Weapons,,C
207154490,186384020,2023-09-29,Winston-Salem,NC0340200,13A,B,B,N,M,63,R,N,NE;VO,Residence/Home,Home,Blunt Object;Knife/Cutting Instrument;Personal Weapons,Minor Injury,C
207154491,186384021,2023-09-29,Winston-Salem,NC0340200,13A,W,W,N,M,26,R,N,RU,Highway/Road/Alley/Street/Sidewalk,Street & Sidewalk,Knife/Cutting Instrument,Minor Injury,C
207154508,186384034,2023-09-29,Winston-Salem,NC0340200,13A,W,W,N,M,38,N,N,ST,Highway/Road/Alley/Street/Sidewalk,Street & Sidewalk,Handgun,,C
207154515,186384040,2023-09-29,Winston-Salem,NC0340200,13A,B,B,N,F,38,R,N,AQ,Residence/Home,Home,Knife/Cutting Instrument,,C
207154516,186384040,2023-09-29,Winston-Salem,NC0340200,13A,B,B,N,F,10,R,N,OK,Residence/Home,Home,Knife/Cutting Instrument,,C
207154530,186384052,2023-09-30,Winston-Salem,NC0340200,13A,B,B,N,F,22,R,N,,Highway/Road/Alley/Street/Sidewalk,Street & Sidewalk,Firearm,Minor Injury,C
207154557,186384073,2023-09-30,Winston-Salem,NC0340200,13A,W,W,N,F,79,R,N,RU,Residence/Home,Home,Handgun,,C
207154558,186384073,2023-09-30,Winston-Salem,NC0340200,13A,W,W,N,F,54,R,N,RU,Residence/Home,Home,Handgun,,C
207154559,186384074,2023-09-30,Winston-Salem,NC0340200,13A,W,W,N,F,38,R,Y,BG,Field/Woods,Field & Woods,Personal Weapons,Minor Injury,C
207154576,186384091,2023-09-30,Winston-Salem,NC0340200,13A,B,B,N,F,23,N,N,ST,Highway/Road/Alley/Street/Sidewalk,Street & Sidewalk,Handgun,,C
207154577,186384091,2023-09-30,Winston-Salem,NC0340200,13A,B,B,N,M,6,N,N,ST,Highway/Road/Alley/Street/Sidewalk,Street & Sidewalk,Handgun,,C
207154586,186384099,2023-09-30,Winston-Salem,NC0340200,13A,B,B,N,F,22,R,N,RU,Highway/Road/Alley/Street/Sidewalk,Street & Sidewalk,Handgun,,C
207154587,186384099,2023-09-30,Winston-Salem,NC0340200,13A,B,B,N,M,17,R,N,RU,Highway/Road/Alley/Street/Sidewalk,Street & Sidewalk,Handgun,,C
207154588,186384099,2023-09-30,Winston-Salem,NC0340200,13A,B,B,N,M,4,R,N,RU,Highway/Road/Alley/Street/Sidewalk,Street & Sidewalk,Handgun,,C
207155116,186384573,2023-09-30,Winston-Salem,NC0340200,13A,B,B,N,M,42,R,N,OK,Residence/Home,Home,Handgun,,C
207155137,186384590,2023-10-01,Winston-Salem,NC0340200,13A,B,B,N,M,52,R,N,OF,Residence/Home,Home,Other,Minor Injury,C
207155150,186384600,2023-10-01,Winston-Salem,NC0340200,13A,B,B,N,F,71,R,N,,Highway/Road/Alley/Street/Sidewalk,Street & Sidewalk,Firearm,,C
207658560,186820326,2023-10-01,Winston-Salem,NC0340200,13A,W,W,N,M,56,R,N,RU,Residence/Home,Home,Firearm,,C
207658561,186820326,2023-10-01,Winston-Salem,NC0340200,13A,W,W,N,F,30,R,N,RU,Residence/Home,Home,Firearm,,C
207658562,186820326,2023-10-01,Winston-Salem,NC0340200,13A,W,W,N,F,54,R,N,RU,Residence/Home,Home,Firearm,,C
207658563,186820326,2023-10-01,Winston-Salem,NC0340200,13A,W,W,N,F,7,R,N,RU,Residence/Home,Home,Firearm,,C
207155185,186384626,2023-10-02,Winston-Salem,NC0340200,13A,B,B,N,M,54,R,N,OK,Service/Gas Station,Gas Station,Firearm,,C
207155193,186384632,2023-10-02,Winston-Salem,NC0340200,13A,H,W,H,M,57,R,N,,Parking/Drop Lot/Garage,Parking Lot,Blunt Object,,C
207155194,186384632,2023-10-02,Winston-Salem,NC0340200,13A,H,W,H,M,49,R,N,,Parking/Drop Lot/Garage,Parking Lot,Blunt Object,Minor Injury,C
207155195,186384632,2023-10-02,Winston-Salem,NC0340200,13A,W,W,N,M,63,R,N,,Parking/Drop Lot/Garage,Parking Lot,Blunt Object,Minor Injury,C
207155196,186384633,2023-10-02,Winston-Salem,NC0340200,13A,B,B,N,F,35,R,N,AQ,Residence/Home,Home,Motor Vehicle/Vessel,,C
207155205,186384641,2023-10-02,Winston-Salem,NC0340200,13A,B,B,N,M,26,R,Y,BG;VO,Residence/Home,Home,Personal Weapons,Minor Injury,C
207155206,186384641,2023-10-02,Winston-Salem,NC0340200,13A,B,B,N,F,25,N,Y,BG;VO,Residence/Home,Home,Personal Weapons,Minor Injury,C
207155210,186384645,2023-10-02,Winston-Salem,NC0340200,13A,B,B,N,F,41,R,N,,Residence/Home,Home,Firearm,,C
207155211,186384645,2023-10-02,Winston-Salem,NC0340200,13A,B,B,N,M,38,R,N,,Residence/Home,Home,Firearm,,C
207155212,186384645,2023-10-02,Winston-Salem,NC0340200,13A,B,B,N,F,27,R,N,,Residence/Home,Home,Firearm,,C
207155213,186384645,2023-10-02,Winston-Salem,NC0340200,13A,B,B,N,F,24,R,N,,Residence/Home,Home,Firearm,,C
207155228,186384660,2023-10-02,Winston-Salem,NC0340200,13A,B,B,N,F,6,R,N,,Residence/Home,Home,Firearm,,C
207155229,186384660,2023-10-02,Winston-Salem,NC0340200,13A,B,B,N,F,30,R,N,,Residence/Home,Home,Firearm,,C
207155230,186384660,2023-10-02,Winston-Salem,NC0340200,13A,B,B,N,M,10,R,N,,Residence/Home,Home,Firearm,,C
207155231,186384660,2023-10-02,Winston-Salem,NC0340200,13A,B,B,N,F,4,R,N,,Residence/Home,Home,Firearm,,C
207155232,186384660,2023-10-02,Winston-Salem,NC0340200,13A,B,B,N,F,0,R,N,,Residence/Home,Home,Firearm,,C
207155233,186384660,2023-10-02,Winston-Salem,NC0340200,13A,B,B,N,M,33,R,N,,Residence/Home,Home,Firearm,,C
207658566,186820329,2023-10-02,Winston-Salem,NC0340200,13A,W,W,N,M,56,R,N,RU,Residence/Home,Home,Firearm,,C
207658567,186820329,2023-10-02,Winston-Salem,NC0340200,13A,W,W,N,F,19,R,N,RU,Residence/Home,Home,Firearm,,C
207658568,186820329,2023-10-02,Winston-Salem,NC0340200,13A,W,W,N,F,54,R,N,RU,Residence/Home,Home,Firearm,,C
207155226,186384658,2023-10-03,Winston-Salem,NC0340200,13A,B,B,N,F,43,R,N,,Residence/Home,Home,Blunt Object,Minor Injury,C
207155234,186384661,2023-10-03,Winston-Salem,NC0340200,13A,B,B,N,F,28,R,N,,Residence/Home,Home,Firearm,Other Major Injury,C
207155237,186384664,2023-10-03,Winston-Salem,NC0340200,13A,B,B,N,M,52,R,Y,BG;VO,Residence/Home,Home,,Minor Injury,C
207155238,186384664,2023-10-03,Winston-Salem,NC0340200,13A,B,B,N,F,53,R,Y,BG;VO,Residence/Home,Home,,Minor Injury,C
207155241,186384667,2023-10-03,Winston-Salem,NC0340200,13A,B,B,N,F,26,R,N,,Residence/Home,Home,Firearm,,C
207155247,186384673,2023-10-03,Winston-Salem,NC0340200,13A,B,B,N,F,18,R,N,CH;VO,Residence/Home,Home,Knife/Cutting Instrument,,C
207155248,186384673,2023-10-03,Winston-Salem,NC0340200,13A,B,B,N,M,19,R,N,PA;VO,Residence/Home,Home,Knife/Cutting Instrument,,C
207155275,186384699,2023-10-03,Winston-Salem,NC0340200,13A,B,B,N,M,16,R,N,,Park/Playground,Park & Playground,Firearm,Other Major Injury,C
207155280,186384704,2023-10-03,Winston-Salem,NC0340200,13A,H,W,H,F,39,R,N,,Residence/Home,Home,Firearm,,C
207155281,186384704,2023-10-03,Winston-Salem,NC0340200,13A,H,W,H,M,23,R,N,,Residence/Home,Home,Firearm,,C
207155282,186384704,2023-10-03,Winston-Salem,NC0340200,13A,H,W,H,F,21,R,N,,Residence/Home,Home,Firearm,,C
207155283,186384704,2023-10-03,Winston-Salem,NC0340200,13A,H,W,H,M,8,R,N,,Residence/Home,Home,Firearm,,C
207155284,186384704,2023-10-03,Winston-Salem,NC0340200,13A,H,W,H,M,17,R,N,,Residence/Home,Home,Firearm,,C
207155286,186384706,2023-10-03,Winston-Salem,NC0340200,13A,H,W,H,M,39,R,Y,SE,Residence/Home,Home,Blunt Object,Minor Injury,C
207155315,186384730,2023-10-04,Winston-Salem,NC0340200,13A,B,B,N,M,13,R,N,,Parking/Drop Lot/Garage,Parking Lot,Handgun,,C
207155319,186384734,2023-10-04,Winston-Salem,NC0340200,13A,W,W,N,M,34,R,N,OK,Parking/Drop Lot/Garage,Parking Lot,Motor Vehicle/Vessel;Other,Minor Injury,C
207155348,186384758,2023-10-04,Winston-Salem,NC0340200,13A,B,B,N,M,53,R,Y,BG,Parking/Drop Lot/Garage,Parking Lot,Knife/Cutting Instrument,Minor Injury,C
207155375,186384782,2023-10-05,Winston-Salem,NC0340200,13A,W,W,N,M,38,N,N,AQ,Residence/Home,Home,Handgun,,C
207155376,186384782,2023-10-05,Winston-Salem,NC0340200,13A,B,B,N,F,32,R,N,AQ,Residence/Home,Home,Handgun,,C
207155379,186384785,2023-10-05,Winston-Salem,NC0340200,13A,H,W,H,M,23,R,N,CH,Residence/Home,Home,Blunt Object,Minor Injury,C
207155400,186384799,2023-10-06,Winston-Salem,NC0340200,13A,B,B,N,M,39,N,N,ST,Parking/Drop Lot/Garage,Parking Lot,Blunt Object,Minor Injury,C
207155415,186384810,2023-10-06,Winston-Salem,NC0340200,13A,W,W,N,F,39,R,N,OK,Highway/Road/Alley/Street/Sidewalk,Street & Sidewalk,Motor Vehicle/Vessel,,C
207155466,186384858,2023-10-07,Winston-Salem,NC0340200,13A,B,B,N,M,58,N,N,PA,Residence/Home,Home,Blunt Object,Minor Injury,C
207155481,186384868,2023-10-07,Winston-Salem,NC0340200,13A,B,B,N,M,36,R,N,RU,Residence/Home,Home,Firearm,Other Major Injury,C
207155482,186384868,2023-10-07,Winston-Salem,NC0340200,13A,B,B,N,M,31,R,N,RU,Residence/Home,Home,Firearm,,C
207155484,186384870,2023-10-07,Winston-Salem,NC0340200,13A,H,W,H,M,31,R,N,RU,Residence/Home,Home,Knife/Cutting Instrument;Personal Weapons,Minor Injury,C
207155485,186384871,2023-10-07,Winston-Salem,NC0340200,13A,B,B,N,F,68,R,N,GP,Residence/Home,Home,Handgun,,C
207155486,186384871,2023-10-07,Winston-Salem,NC0340200,13A,B,B,N,F,36,R,Y,SE,Residence/Home,Home,Handgun,Other Major Injury,C
207155487,186384871,2023-10-07,Winston-Salem,NC0340200,13A,B,B,N,M,21,R,N,OK,Residence/Home,Home,Handgun,,C
207155488,186384871,2023-10-07,Winston-Salem,NC0340200,13A,H,B,H,F,26,R,N,OK,Residence/Home,Home,Handgun,,C
207155489,186384872,2023-10-07,Winston-Salem,NC0340200,13A,B,B,N,M,46,R,N,RU,Grocery/Supermarket,Grocery Store,Knife/Cutting Instrument;Personal Weapons,Severe Laceration,C
207155490,186384873,2023-10-07,Winston-Salem,NC0340200,13A,B,B,N,M,33,R,Y,BG,Residence/Home,Home,Knife/Cutting Instrument,Minor Injury,C
207155492,186384875,2023-10-07,Winston-Salem,NC0340200,13A,B,B,N,M,47,R,N,OF;ST;VO,Convenience Store,Convenience Store,Handgun;Knife/Cutting Instrument,,C
207155493,186384875,2023-10-07,Winston-Salem,NC0340200,13A,B,B,N,F,22,R,N,SB;ST;VO,Convenience Store,Convenience Store,Handgun;Knife/Cutting Instrument,,C
207155494,186384875,2023-10-07,Winston-Salem,NC0340200,13A,B,B,N,M,20,R,N,SB;ST;VO,Convenience Store,Convenience Store,Handgun;Knife/Cutting Instrument,Minor Injury,C
207155495,186384875,2023-10-07,Winston-Salem,NC0340200,13A,B,B,N,M,40,R,N,OF;ST;VO,Convenience Store,Convenience Store,Handgun;Knife/Cutting Instrument,Minor Injury,C
207155535,186384910,2023-10-08,Winston-Salem,NC0340200,13A,B,B,N,F,12,R,N,GC,Residence/Home,Home,Personal Weapons,Minor Injury,C
207155573,186384946,2023-10-09,Winston-Salem,NC0340200,13A,B,B,N,F,35,N,N,,Commercial/Office Building,Office Building,,,C
207155593,186384964,2023-10-09,Winston-Salem,NC0340200,13A,B,B,N,F,18,R,N,OK;VO,Highway/Road/Alley/Street/Sidewalk,Street & Sidewalk,Blunt Object;Personal Weapons,Possible Internal Injury,C
207155612,186384979,2023-10-10,Winston-Salem,NC0340200,13A,B,B,N,M,45,R,N,OK,Residence/Home,Home,Knife/Cutting Instrument,,C
207155637,186384999,2023-10-10,Winston-Salem,NC0340200,13A,W,W,N,F,41,R,N,OK,Highway/Road/Alley/Street/Sidewalk,Street & Sidewalk,Blunt Object,Minor Injury,C
207155673,186385032,2023-10-10,Winston-Salem,NC0340200,13A,W,W,N,F,75,R,N,,Highway/Road/Alley/Street/Sidewalk,Street & Sidewalk,Motor Vehicle/Vessel,,C
207155674,186385032,2023-10-10,Winston-Salem,NC0340200,13A,W,W,N,M,48,R,N,,Highway/Road/Alley/Street/Sidewalk,Street & Sidewalk,Motor Vehicle/Vessel,,C
207155703,186385059,2023-10-12,Winston-Salem,NC0340200,13A,B,B,N,M,53,R,Y,BG;VO,Residence/Home,Home,Blunt Object,,C
207155704,186385059,2023-10-12,Winston-Salem,NC0340200,13A,B,B,N,F,46,R,Y,BG;VO,Residence/Home,Home,Blunt Object,,C
207155722,186385072,2023-10-12,Winston-Salem,NC0340200,13A,W,W,N,F,73,R,Y,XR,Highway/Road/Alley/Street/Sidewalk,Street & Sidewalk,Motor Vehicle/Vessel,,C
207155726,186385076,2023-10-12,Winston-Salem,NC0340200,13A,B,B,N,F,74,R,N,RU,Residence/Home,Home,Handgun;Rifle,,C
207155727,186385076,2023-10-12,Winston-Salem,NC0340200,13A,B,B,N,F,30,R,N,RU,Residence/Home,Home,Handgun;Rifle,,C
207155728,186385076,2023-10-12,Winston-Salem,NC0340200,13A,B,B,N,M,61,R,N,RU,Residence/Home,Home,Handgun;Rifle,,C
207155730,186385076,2023-10-12,Winston-Salem,NC0340200,13A,B,B,N,M,6,R,N,RU,Residence/Home,Home,Handgun;Rifle,,C
207155748,186385091,2023-10-12,Winston-Salem,NC0340200,13A,B,B,N,M,25,R,N,AQ,Bar/Nightclub,Bar & Nightclub,Handgun,,C
207155749,186385091,2023-10-12,Winston-Salem,NC0340200,13A,H,B,H,M,24,R,N,RU,Bar/Nightclub,Bar & Nightclub,Handgun,,C
207155756,186385098,2023-10-13,Winston-Salem,NC0340200,13A,H,B,H,M,24,R,N,,Residence/Home,Home,Firearm,Other Major Injury,C
207155758,186385100,2023-10-13,Winston-Salem,NC0340200,13A,B,B,N,M,33,R,N,AQ,Parking/Drop Lot/Garage,Parking Lot,Motor Vehicle/Vessel,,C
207155780,186385119,2023-10-13,Winston-Salem,NC0340200,13A,W,W,N,F,44,R,N,,Church/Synagogue/Temple/Mosque,Religious Building,Motor Vehicle/Vessel,,C
207658588,186820348,2023-10-13,Winston-Salem,NC0340200,13A,W,W,N,M,25,R,N,RU,Parking/Drop Lot/Garage,Parking Lot,Personal Weapons,Minor Injury,C
207155804,186385141,2023-10-14,Winston-Salem,NC0340200,13A,H,W,H,F,19,R,N,,Residence/Home,Home,Handgun,Other Major Injury,C
207155858,186385182,2023-10-14,Winston-Salem,NC0340200,13A,W,W,N,F,20,R,N,OK,Parking/Drop Lot/Garage,Parking Lot,Handgun,Minor Injury,C
207155859,186385182,2023-10-14,Winston-Salem,NC0340200,13A,W,W,N,M,13,R,N,OK,Parking/Drop Lot/Garage,Parking Lot,Handgun,,C
207155877,186385200,2023-10-15,Winston-Salem,NC0340200,13A,H,W,H,M,26,R,N,,Highway/Road/Alley/Street/Sidewalk,Street & Sidewalk,Handgun,,C
207155878,186385200,2023-10-15,Winston-Salem,NC0340200,13A,H,W,H,M,35,N,N,,Highway/Road/Alley/Street/Sidewalk,Street & Sidewalk,Handgun,,C
207155879,186385200,2023-10-15,Winston-Salem,NC0340200,13A,H,W,H,M,24,R,N,,Highway/Road/Alley/Street/Sidewalk,Street & Sidewalk,Handgun,Other Major Injury,C
207155900,186385220,2023-10-15,Winston-Salem,NC0340200,13A,B,B,U,F,25,U,Y,XR,Residence/Home,Home,Motor Vehicle/Vessel,Apparent Broken Bones,C
207155921,186385237,2023-10-15,Winston-Salem,NC0340200,13A,B,B,N,F,19,R,Y,BG,Residence/Home,Home,Personal Weapons,Minor Injury,C
207155930,186385245,2023-10-16,Winston-Salem,NC0340200,13A,W,W,N,M,30,N,N,,Highway/Road/Alley/Street/Sidewalk,Street & Sidewalk,Handgun,,C
207155931,186385245,2023-10-16,Winston-Salem,NC0340200,13A,W,W,N,M,23,N,N,,Highway/Road/Alley/Street/Sidewalk,Street & Sidewalk,Handgun,,C
207155991,186385275,2023-10-16,Winston-Salem,NC0340200,13A,W,W,N,F,33,R,Y,XR,Parking/Drop Lot/Garage,Parking Lot,Motor Vehicle/Vessel,,C
207155992,186385275,2023-10-16,Winston-Salem,NC0340200,13A,W,W,N,M,6,R,N,OK,Parking/Drop Lot/Garage,Parking Lot,Motor Vehicle/Vessel,,C
207155998,186385281,2023-10-16,Winston-Salem,NC0340200,13A,B,B,N,M,25,R,N,,Park/Playground,Park & Playground,Handgun,,C
207155999,186385281,2023-10-16,Winston-Salem,NC0340200,13A,B,B,N,M,22,R,N,,Park/Playground,Park & Playground,Handgun,,C
207156005,186385286,2023-10-16,Winston-Salem,NC0340200,13A,W,W,N,M,30,R,N,,Residence/Home,Home,Firearm,,C
207156006,186385286,2023-10-16,Winston-Salem,NC0340200,13A,H,W,H,F,30,R,N,,Residence/Home,Home,Firearm,,C
207156007,186385286,2023-10-16,Winston-Salem,NC0340200,13A,W,W,N,M,5,R,N,,Residence/Home,Home,Firearm,,C
207156030,186385303,2023-10-17,Winston-Salem,NC0340200,13A,W,W,N,M,40,R,N,AQ,Parking/Drop Lot/Garage,Parking Lot,Motor Vehicle/Vessel,,C
207156048,186385316,2023-10-17,Winston-Salem,NC0340200,13A,W,W,N,F,29,R,N,,Field/Woods,Field & Woods,Firearm,,C
207658593,186820350,2023-10-17,Winston-Salem,NC0340200,13A,B,B,N,M,41,R,N,OF;VO,Residence/Home,Home,Blunt Object,Minor Injury,C
207658594,186820350,2023-10-17,Winston-Salem,NC0340200,13A,B,B,N,M,47,R,N,OF;VO,Residence/Home,Home,Blunt Object,Severe Laceration,C
207156059,186385325,2023-10-18,Winston-Salem,NC0340200,13A,B,B,N,M,22,R,Y,BG,Highway/Road/Alley/Street/Sidewalk,Street & Sidewalk,Motor Vehicle/Vessel,,C
207156079,186385343,2023-10-18,Winston-Salem,NC0340200,13A,B,B,N,F,5,R,N,GC,Residence/Home,Home,Personal Weapons,,C
207156097,186385358,2023-10-18,Winston-Salem,NC0340200,13A,B,B,N,M,22,R,N,RU,Shelter-Mission/Homeless,Shelter,Personal Weapons,,C
207156104,186385365,2023-10-18,Winston-Salem,NC0340200,13A,B,B,N,M,22,R,N,SB,Residence/Home,Home,Knife/Cutting Instrument,Severe Laceration,C
207156132,186385389,2023-10-19,Winston-Salem,NC0340200,13A,W,W,N,M,33,N,N,,Highway/Road/Alley/Street/Sidewalk,Street & Sidewalk,Handgun,,C
207156133,186385389,2023-10-19,Winston-Salem,NC0340200,13A,W,W,N,F,13,R,N,,Highway/Road/Alley/Street/Sidewalk,Street & Sidewalk,Handgun,,C
207156134,186385389,2023-10-19,Winston-Salem,NC0340200,13A,W,W,N,M,8,R,N,,Highway/Road/Alley/Street/Sidewalk,Street & Sidewalk,Handgun,,C
207156148,186385402,2023-10-19,Winston-Salem,NC0340200,13A,W,W,N,M,41,N,N,NE,Residence/Home,Home,Shotgun,,C
207156391,186385588,2023-10-21,Winston-Salem,NC0340200,13A,B,B,N,M,40,R,N,AQ,Bar/Nightclub,Bar & Nightclub,Handgun,,C
207156312,186385526,2023-10-22,Winston-Salem,NC0340200,13A,W,W,N,F,22,R,Y,SE;VO,Residence/Home,Home,Knife/Cutting Instrument;Personal Weapons,,C
207156313,186385526,2023-10-22,Winston-Salem,NC0340200,13A,W,W,N,M,27,R,Y,SE;VO,Residence/Home,Home,Knife/Cutting Instrument;Personal Weapons,Minor Injury,C
207156314,186385527,2023-10-22,Winston-Salem,NC0340200,13A,W,W,N,F,68,R,Y,BG,Residence/Home,Home,Personal Weapons,,C
207156380,186385581,2023-10-23,Winston-Salem,NC0340200,13A,B,B,N,F,48,R,N,OK,Residence/Home,Home,Motor Vehicle/Vessel,Minor Injury,C
207156381,186385581,2023-10-23,Winston-Salem,NC0340200,13A,B,B,N,F,55,R,N,ST,Residence/Home,Home,Motor Vehicle/Vessel,,C
207156403,186385600,2023-10-23,Winston-Salem,NC0340200,13A,W,W,N,M,17,R,N,,Highway/Road/Alley/Street/Sidewalk,Street & Sidewalk,Handgun,,C
207156411,186385608,2023-10-24,Winston-Salem,NC0340200,13A,B,B,N,M,15,R,N,FR,Highway/Road/Alley/Street/Sidewalk,Street & Sidewalk,Handgun,,C
207156419,186385616,2023-10-24,Winston-Salem,NC0340200,13A,B,B,N,M,45,R,N,ST,Highway/Road/Alley/Street/Sidewalk,Street & Sidewalk,Blunt Object,,C
207156428,186385623,2023-10-24,Winston-Salem,NC0340200,13A,B,B,N,M,59,R,N,OK;VO,Residence/Home,Home,Blunt Object,Minor Injury,C
207156429,186385623,2023-10-24,Winston-Salem,NC0340200,13A,B,B,N,M,65,R,N,OK;VO,Residence/Home,Home,Blunt Object,Apparent Broken Bones,C
207156529,186385675,2023-10-25,Winston-Salem,NC0340200,13A,H,B,H,M,21,R,N,OK,Residence/Home,Home,Rifle,,C
207156542,186385686,2023-10-25,Winston-Salem,NC0340200,13A,B,B,N,M,18,R,N,,Highway/Road/Alley/Street/Sidewalk,Street & Sidewalk,Handgun,,C
207156609,186385742,2023-10-26,Winston-Salem,NC0340200,13A,B,B,N,M,56,R,N,,Highway/Road/Alley/Street/Sidewalk,Street & Sidewalk,Handgun,Minor Injury,C
207156612,186385745,2023-10-26,Winston-Salem,NC0340200,13A,B,B,N,F,40,R,N,OK,Bar/Nightclub,Bar & Nightclub,Knife/Cutting Instrument,,C
207156657,186385781,2023-10-27,Winston-Salem,NC0340200,13A,B,B,N,F,54,R,N,OK,School-Elementary/Secondary,K-12 School,Motor Vehicle/Vessel,,C
207156668,186385791,2023-10-27,Winston-Salem,NC0340200,13A,B,B,N,F,32,R,N,RU,Residence/Home,Home,Firearm,Possible Internal Injury,C
207156684,186385805,2023-10-28,Winston-Salem,NC0340200,13A,W,W,N,M,51,R,N,,Residence/Home,Home,Rifle,,C
207156685,186385805,2023-10-28,Winston-Salem,NC0340200,13A,W,W,N,M,17,R,N,,Residence/Home,Home,Rifle,,C
207156686,186385805,2023-10-28,Winston-Salem,NC0340200,13A,W,W,N,M,20,R,N,,Residence/Home,Home,Rifle,,C
207156691,186385810,2023-10-28,Winston-Salem,NC0340200,13A,H,W,H,M,29,R,N,,Residence/Home,Home,Firearm,,C
207156692,186385810,2023-10-28,Winston-Salem,NC0340200,13A,W,W,N,F,34,R,N,,Residence/Home,Home,Firearm,,C
207156693,186385810,2023-10-28,Winston-Salem,NC0340200,13A,W,W,N,F,16,R,N,,Residence/Home,Home,Firearm,,C
207156694,186385810,2023-10-28,Winston-Salem,NC0340200,13A,W,W,N,M,5,R,N,,Residence/Home,Home,Firearm,,C
207156695,186385810,2023-10-28,Winston-Salem,NC0340200,13A,W,W,N,F,14,R,N,,Residence/Home,Home,Firearm,,C
207156700,186385815,2023-10-28,Winston-Salem,NC0340200,13A,B,B,N,F,17,R,Y,BG,Residence/Home,Home,Blunt Object,Minor Injury,C
207156717,186385828,2023-10-28,Winston-Salem,NC0340200,13A,B,B,N,M,46,R,Y,BG,Residence/Home,Home,Knife/Cutting Instrument,Severe Laceration,C
207156718,186385829,2023-10-28,Winston-Salem,NC0340200,13A,W,W,N,M,54,R,N,,Parking/Drop Lot/Garage,Parking Lot,Blunt Object,,C
207156730,186385838,2023-10-28,Winston-Salem,NC0340200,13A,B,B,N,F,45,R,N,RU,Residence/Home,Home,Knife/Cutting Instrument,Severe Laceration,C
207156740,186385847,2023-10-29,Winston-Salem,NC0340200,13A,H,W,H,M,29,R,N,,Residence/Home,Home,Firearm,,C
207156741,186385847,2023-10-29,Winston-Salem,NC0340200,13A,W,W,N,F,34,R,N,,Residence/Home,Home,Firearm,,C
207156742,186385847,2023-10-29,Winston-Salem,NC0340200,13A,W,W,N,F,16,R,N,,Residence/Home,Home,Firearm,Minor Injury,C
207156743,186385847,2023-10-29,Winston-Salem,NC0340200,13A,W,W,N,M,5,R,N,,Residence/Home,Home,Firearm,,C
207156744,186385847,2023-10-29,Winston-Salem,NC0340200,13A,W,W,N,F,14,R,N,,Residence/Home,Home,Firearm,,C
207156769,186385869,2023-10-29,Winston-Salem,NC0340200,13A,B,B,N,F,42,R,Y,XR,Residence/Home,Home,Handgun,,C
207156789,186385884,2023-10-29,Winston-Salem,NC0340200,13A,B,B,N,F,34,R,N,,Residence/Home,Home,Handgun,,C
207156790,186385884,2023-10-29,Winston-Salem,NC0340200,13A,B,B,N,M,42,R,N,,Residence/Home,Home,Handgun,,C
207156791,186385884,2023-10-29,Winston-Salem,NC0340200,13A,B,B,N,M,14,R,N,,Residence/Home,Home,Handgun,,C
207156792,186385884,2023-10-29,Winston-Salem,NC0340200,13A,B,B,N,M,8,R,N,,Residence/Home,Home,Handgun,,C
207156793,186385884,2023-10-29,Winston-Salem,NC0340200,13A,B,B,N,M,4,R,N,,Residence/Home,Home,Handgun,,C
207156798,186385889,2023-10-29,Winston-Salem,NC0340200,13A,W,W,N,M,19,R,N,,Highway/Road/Alley/Street/Sidewalk,Street & Sidewalk,Handgun,,C
207156810,186385899,2023-10-30,Winston-Salem,NC0340200,13A,B,B,N,F,28,R,N,RU,Bar/Nightclub,Bar & Nightclub,Blunt Object,Minor Injury,C
207156841,186385926,2023-10-30,Winston-Salem,NC0340200,13A,B,B,N,F,34,R,N,ST,Highway/Road/Alley/Street/Sidewalk,Street & Sidewalk,Handgun,,C
207156842,186385926,2023-10-30,Winston-Salem,NC0340200,13A,B,B,N,F,17,R,N,ST,Highway/Road/Alley/Street/Sidewalk,Street & Sidewalk,Handgun,,C
207156843,186385926,2023-10-30,Winston-Salem,NC0340200,13A,B,B,N,M,16,R,N,ST,Highway/Road/Alley/Street/Sidewalk,Street & Sidewalk,Handgun,,C
207156844,186385926,2023-10-30,Winston-Salem,NC0340200,13A,B,B,N,M,17,R,N,ST,Highway/Road/Alley/Street/Sidewalk,Street & Sidewalk,Handgun,,C
207156852,186385934,2023-10-30,Winston-Salem,NC0340200,13A,B,B,N,M,44,R,N,OK,Residence/Home,Home,Other,,C
207156882,186385959,2023-10-31,Winston-Salem,NC0340200,13A,H,W,H,M,26,R,N,RU,Highway/Road/Alley/Street/Sidewalk,Street & Sidewalk,Handgun,Other Major Injury,C
207156883,186385960,2023-10-31,Winston-Salem,NC0340200,13A,B,B,N,F,21,R,N,,Residence/Home,Home,Rifle,,C
207156884,186385960,2023-10-31,Winston-Salem,NC0340200,13A,B,B,N,M,19,R,N,,Residence/Home,Home,Rifle,,C
207156885,186385960,2023-10-31,Winston-Salem,NC0340200,13A,B,B,N,F,19,R,N,,Residence/Home,Home,Rifle,,C
207156886,186385960,2023-10-31,Winston-Salem,NC0340200,13A,B,B,N,F,0,R,N,,Residence/Home,Home,Rifle,,C
207156887,186385960,2023-10-31,Winston-Salem,NC0340200,13A,B,B,N,F,21,R,N,,Residence/Home,Home,Rifle,,C
207156888,186385961,2023-10-31,Winston-Salem,NC0340200,13A,B,B,N,F,53,R,N,,Residence/Home,Home,Rifle,,C
207156889,186385961,2023-10-31,Winston-Salem,NC0340200,13A,B,B,N,F,19,R,N,,Residence/Home,Home,Rifle,,C
207156900,186385972,2023-10-31,Winston-Salem,NC0340200,13A,W,W,N,F,44,R,N,OK,Field/Woods,Field & Woods,Knife/Cutting Instrument,,C
207156910,186385977,2023-10-31,Winston-Salem,NC0340200,13A,W,W,N,F,44,R,N,OK;RU,Field/Woods,Field & Woods,Rifle,,C
207156914,186385981,2023-10-31,Winston-Salem,NC0340200,13A,B,B,N,M,70,R,N,AQ;VO,Specialty Store,Specialty Store,Knife/Cutting Instrument,Severe Laceration,C
207156915,186385981,2023-10-31,Winston-Salem,NC0340200,13A,B,B,N,M,49,R,N,AQ;VO,Specialty Store,Specialty Store,Knife/Cutting Instrument,Severe Laceration,C
204602715,184162198,2023-11-01,Winston-Salem,NC0340200,13A,B,B,N,F,39,R,N,NE,Residence/Home,Home,Blunt Object,Minor Injury,C
204602727,184162207,2023-11-01,Winston-Salem,NC0340200,13A,H,B,H,F,34,R,N,NE,Residence/Home,Home,Blunt Object,Minor Injury,C
204602728,184162207,2023-11-01,Winston-Salem,NC0340200,13A,B,B,N,M,15,R,N,NE,Residence/Home,Home,Blunt Object,Minor Injury,C
204602729,184162207,2023-11-01,Winston-Salem,NC0340200,13A,B,B,N,M,38,R,N,NE,Residence/Home,Home,Blunt Object,Minor Injury,C
204602816,184162274,2023-11-02,Winston-Salem,NC0340200,13A,B,B,N,M,26,R,N,AQ,Residence/Home,Home,Blunt Object,Minor Injury,C
204602879,184162331,2023-11-02,Winston-Salem,NC0340200,13A,W,W,N,M,30,R,Y,BG,Residence/Home,Home,Knife/Cutting Instrument,Minor Injury,C
207157310,186386313,2023-11-03,Winston-Salem,NC0340200,13A,W,W,N,M,16,N,N,RU,School-Elementary/Secondary,K-12 School,Personal Weapons,,C
204603083,184162520,2023-11-05,Winston-Salem,NC0340200,13A,B,B,N,F,34,R,N,,Residence/Home,Home,Firearm,,C
204603084,184162520,2023-11-05,Winston-Salem,NC0340200,13A,B,B,N,M,18,R,N,,Residence/Home,Home,Firearm,,C
204603085,184162520,2023-11-05,Winston-Salem,NC0340200,13A,B,B,N,M,17,R,N,,Residence/Home,Home,Firearm,,C
204603086,184162520,2023-11-05,Winston-Salem,NC0340200,13A,B,B,N,M,14,R,N,,Residence/Home,Home,Firearm,,C
204603087,184162520,2023-11-05,Winston-Salem,NC0340200,13A,B,B,N,M,4,R,N,,Residence/Home,Home,Firearm,,C
204603151,184162574,2023-11-05,Winston-Salem,NC0340200,13A,H,W,H,M,25,R,N,OK,Residence/Home,Home,Handgun,Other Major Injury,C
204603160,184162583,2023-11-05,Winston-Salem,NC0340200,13A,W,W,N,M,30,R,N,FR,Residence/Home,Home,Knife/Cutting Instrument,Minor Injury,C
204603161,184162583,2023-11-05,Winston-Salem,NC0340200,13A,H,U,H,F,28,R,N,FR,Residence/Home,Home,Knife/Cutting Instrument,,C
204603212,184162629,2023-11-06,Winston-Salem,NC0340200,13A,B,B,N,F,44,R,Y,XR,Residence/Home,Home,Knife/Cutting Instrument,Minor Injury,C
204603276,184162687,2023-11-06,Winston-Salem,NC0340200,13A,B,B,N,M,61,R,N,NE,Park/Playground,Park & Playground,Knife/Cutting Instrument,Minor Injury,C
207157312,186386315,2023-11-06,Winston-Salem,NC0340200,13A,W,W,N,M,31,R,N,RU,Highway/Road/Alley/Street/Sidewalk,Street & Sidewalk,,Minor Injury,C
204603331,184162732,2023-11-07,Winston-Salem,NC0340200,13A,B,B,N,F,25,R,Y,BG,Residence/Home,Home,Handgun;Personal Weapons,Minor Injury,C
204603436,184162826,2023-11-07,Winston-Salem,NC0340200,13A,B,B,N,M,34,R,N,RU,Residence/Home,Home,Handgun,Minor Injury,C
204603441,184162831,2023-11-07,Winston-Salem,NC0340200,13A,H,W,H,M,31,R,N,RU,Residence/Home,Home,Firearm,,C
204603460,184162850,2023-11-07,Winston-Salem,NC0340200,13A,B,B,N,M,50,R,Y,XR,Highway/Road/Alley/Street/Sidewalk,Street & Sidewalk,Knife/Cutting Instrument,Minor Injury,C
204603489,184162879,2023-11-08,Winston-Salem,NC0340200,13A,B,B,N,F,34,N,Y,BG,Residence/Home,Home,Knife/Cutting Instrument,,C
204603497,184162885,2023-11-08,Winston-Salem,NC0340200,13A,B,B,N,F,30,R,N,,Highway/Road/Alley/Street/Sidewalk,Street & Sidewalk,Handgun,,C
204603561,184162936,2023-11-08,Winston-Salem,NC0340200,13A,B,B,N,M,42,N,N,SP,Residence/Home,Home,Personal Weapons,Loss of Teeth,C
204603605,184162974,2023-11-08,Winston-Salem,NC0340200,13A,B,B,N,M,36,R,N,NE,Parking/Drop Lot/Garage,Parking Lot,Rifle,,C
204603606,184162974,2023-11-08,Winston-Salem,NC0340200,13A,W,W,N,M,29,R,N,NE,Parking/Drop Lot/Garage,Parking Lot,Rifle,,C
207157324,186386323,2023-11-08,Winston-Salem,NC0340200,13A,W,W,N,F,47,N,N,OK,Convenience Store,Convenience Store,Blunt Object,Minor Injury,C
204603612,184162979,2023-11-09,Winston-Salem,NC0340200,13A,H,W,H,M,27,R,N,NE,Residence/Home,Home,Handgun,,C
204603959,184163295,2023-11-10,Winston-Salem,NC0340200,13A,B,B,N,M,43,R,N,,Service/Gas Station,Gas Station,Handgun,,C
207157326,186386324,2023-11-10,Winston-Salem,NC0340200,13A,B,B,N,F,42,R,Y,BG,Residence/Home,Home,Personal Weapons,Minor Injury,C
207157330,186386326,2023-11-10,Winston-Salem,NC0340200,13A,W,W,N,F,39,N,N,,Parking/Drop Lot/Garage,Parking Lot,,Minor Injury,C
204603985,184163317,2023-11-11,Winston-Salem,NC0340200,13A,B,B,N,F,47,N,Y,XR,Residence/Home,Home,Asphyxiation,Minor Injury,C
204604018,184163346,2023-11-11,Winston-Salem,NC0340200,13A,W,W,N,F,30,N,Y,BG,Residence/Home,Home,Knife/Cutting Instrument,Minor Injury,C
204604062,184163385,2023-11-12,Winston-Salem,NC0340200,13A,B,B,N,M,76,R,N,,Residence/Home,Home,Firearm,,C
204604069,184163390,2023-11-12,Winston-Salem,NC0340200,13A,B,B,N,M,30,R,N,AQ,Highway/Road/Alley/Street/Sidewalk,Street & Sidewalk,Handgun,,C
204604085,184163405,2023-11-12,Winston-Salem,NC0340200,13A,H,W,H,M,32,N,N,ST,Restaurant,Restaurant,Blunt Object,Minor Injury,C
204604148,184163463,2023-11-13,Winston-Salem,NC0340200,13A,B,B,N,M,17,R,N,,Residence/Home,Home,Handgun,,C
204604149,184163463,2023-11-13,Winston-Salem,NC0340200,13A,B,B,N,M,17,R,N,,Residence/Home,Home,Handgun,,C
204604456,184163719,2023-11-15,Winston-Salem,NC0340200,13A,B,B,N,F,43,R,Y,BG,Residence/Home,Home,Motor Vehicle/Vessel,,C
204604476,184163738,2023-11-15,Winston-Salem,NC0340200,13A,B,B,N,M,33,R,N,AQ,Residence/Home,Home,Firearm,Other Major Injury,C
204604490,184163749,2023-11-16,Winston-Salem,NC0340200,13A,B,B,N,M,59,R,N,,Highway/Road/Alley/Street/Sidewalk,Street & Sidewalk,Other,Minor Injury,C
204604606,184163840,2023-11-16,Winston-Salem,NC0340200,13A,W,W,N,F,36,R,Y,BG,Residence/Home,Home,Blunt Object,Minor Injury,C
204604618,184163852,2023-11-16,Winston-Salem,NC0340200,13A,B,B,N,M,16,R,N,AQ,Residence/Home,Home,Knife/Cutting Instrument,,C
207658624,186820376,2023-11-16,Winston-Salem,NC0340200,13A,W,W,N,M,37,R,N,RU,Residence/Home,Home,Knife/Cutting Instrument,Severe Laceration,C
204604644,184163875,2023-11-17,Winston-Salem,NC0340200,13A,B,B,N,M,23,R,Y,BG,Field/Woods,Field & Woods,Knife/Cutting Instrument,Severe Laceration,C
204604660,184163889,2023-11-17,Winston-Salem,NC0340200,13A,B,B,N,M,41,R,N,,Air/Bus/Train Terminal,Transit Station,Personal Weapons,Severe Laceration,C
204604703,184163928,2023-11-18,Winston-Salem,NC0340200,13A,B,B,N,F,42,R,Y,BG,Residence/Home,Home,Other,Minor Injury,C
204604717,184163936,2023-11-18,Winston-Salem,NC0340200,13A,B,B,N,M,59,R,N,,Residence/Home,Home,Handgun,,C
204604718,184163936,2023-11-18,Winston-Salem,NC0340200,13A,B,B,N,F,64,R,N,,Residence/Home,Home,Handgun,,C
204604719,184163936,2023-11-18,Winston-Salem,NC0340200,13A,B,B,N,M,8,R,N,,Residence/Home,Home,Handgun,,C
204604891,184164084,2023-11-21,Winston-Salem,NC0340200,13A,B,B,N,M,28,R,Y,XR,Residence/Home,Home,Other,Minor Injury,C
204604907,184164099,2023-11-22,Winston-Salem,NC0340200,13A,B,B,N,F,38,R,N,AQ,Hotel/Motel/Etc.,Hotel & Motel,Firearm;Personal Weapons,,C
204604912,184164103,2023-11-22,Winston-Salem,NC0340200,13A,B,B,N,M,31,R,N,,Highway/Road/Alley/Street/Sidewalk,Street & Sidewalk,Handgun,,C
204604913,184164103,2023-11-22,Winston-Salem,NC0340200,13A,B,B,N,M,14,R,N,,Highway/Road/Alley/Street/Sidewalk,Street & Sidewalk,Handgun,,C
204604914,184164103,2023-11-22,Winston-Salem,NC0340200,13A,B,B,N,F,23,R,N,,Highway/Road/Alley/Street/Sidewalk,Street & Sidewalk,Handgun,,C
204604938,184164121,2023-11-22,Winston-Salem,NC0340200,13A,B,B,N,M,41,R,N,,Highway/Road/Alley/Street/Sidewalk,Street & Sidewalk,Handgun,Other Major Injury,C
204604944,184164127,2023-11-22,Winston-Salem,NC0340200,13A,W,W,N,M,11,R,N,ST,Highway/Road/Alley/Street/Sidewalk,Street & Sidewalk,Other Firearm,Minor Injury,C
204604945,184164127,2023-11-22,Winston-Salem,NC0340200,13A,W,W,N,F,39,R,N,ST,Highway/Road/Alley/Street/Sidewalk,Street & Sidewalk,Other Firearm,Minor Injury,C
204604946,184164127,2023-11-22,Winston-Salem,NC0340200,13A,W,W,N,M,9,R,N,ST,Highway/Road/Alley/Street/Sidewalk,Street & Sidewalk,Other Firearm,Minor Injury,C
207157350,186386340,2023-11-22,Winston-Salem,NC0340200,13A,B,B,N,F,43,R,N,,Residence/Home,Home,,,C
207157351,186386340,2023-11-22,Winston-Salem,NC0340200,13A,B,B,N,M,18,R,N,,Residence/Home,Home,,,C
207157352,186386340,2023-11-22,Winston-Salem,NC0340200,13A,B,B,N,M,24,R,N,,Residence/Home,Home,,,C
207157353,186386340,2023-11-22,Winston-Salem,NC0340200,13A,B,B,N,F,33,R,N,,Residence/Home,Home,,,C
207157354,186386340,2023-11-22,Winston-Salem,NC0340200,13A,B,B,N,M,16,R,N,,Residence/Home,Home,,,C
204604964,184164145,2023-11-23,Winston-Salem,NC0340200,13A,H,W,H,M,34,R,N,,Parking/Drop Lot/Garage,Parking Lot,Knife/Cutting Instrument,,C
204604985,184164161,2023-11-23,Winston-Salem,NC0340200,13A,B,B,N,F,32,R,Y,BG,Residence/Home,Home,Personal Weapons,Loss of Teeth;Minor Injury,C
204605005,184164178,2023-11-23,Winston-Salem,NC0340200,13A,H,W,H,M,21,R,N,,Highway/Road/Alley/Street/Sidewalk,Street & Sidewalk,Handgun,,C
204605030,184164196,2023-11-24,Winston-Salem,NC0340200,13A,B,B,N,F,32,R,Y,BG,Residence/Home,Home,Handgun,,C
204605031,184164196,2023-11-24,Winston-Salem,NC0340200,13A,B,B,N,M,4,R,N,CH,Residence/Home,Home,Handgun,,C
204605032,184164196,2023-11-24,Winston-Salem,NC0340200,13A,B,B,N,M,3,R,N,CH,Residence/Home,Home,Handgun,,C
204605040,184164203,2023-11-24,Winston-Salem,NC0340200,13A,W,W,N,F,50,N,N,OK,Drug Store/Doctor's Office/Hospital,Hospital & Clinic,Personal Weapons,Severe Laceration,C
204605072,184164229,2023-11-24,Winston-Salem,NC0340200,13A,B,B,N,M,36,R,N,OK,Residence/Home,Home,Rifle,,C
204605081,184164238,2023-11-24,Winston-Salem,NC0340200,13A,B,B,N,M,15,N,N,AQ,Highway/Road/Alley/Street/Sidewalk,Street & Sidewalk,Motor Vehicle/Vessel,,C
204605082,184164238,2023-11-24,Winston-Salem,NC0340200,13A,B,B,N,M,77,N,N,AQ,Highway/Road/Alley/Street/Sidewalk,Street & Sidewalk,Motor Vehicle/Vessel,,C
204605083,184164238,2023-11-24,Winston-Salem,NC0340200,13A,B,B,N,F,68,N,N,AQ,Highway/Road/Alley/Street/Sidewalk,Street & Sidewalk,Motor Vehicle/Vessel,,C
204605084,184164238,2023-11-24,Winston-Salem,NC0340200,13A,B,B,N,F,33,N,N,AQ,Highway/Road/Alley/Street/Sidewalk,Street & Sidewalk,Motor Vehicle/Vessel,,C
204605102,184164256,2023-11-25,Winston-Salem,NC0340200,13A,W,W,N,F,21,R,N,,Highway/Road/Alley/Street/Sidewalk,Street & Sidewalk,Firearm,,C
204605115,184164268,2023-11-26,Winston-Salem,NC0340200,13A,B,B,N,F,30,R,N,RU,Bar/Nightclub,Bar & Nightclub,Firearm,Other Major Injury,C
204605116,184164268,2023-11-26,Winston-Salem,NC0340200,13A,B,B,N,M,33,R,N,RU,Bar/Nightclub,Bar & Nightclub,Firearm,Other Major Injury,C
204605117,184164268,2023-11-26,Winston-Salem,NC0340200,13A,B,B,N,M,36,R,N,RU,Bar/Nightclub,Bar & Nightclub,Firearm,Other Major Injury,C
204605118,184164268,2023-11-26,Winston-Salem,NC0340200,13A,B,B,N,F,31,R,N,RU,Bar/Nightclub,Bar & Nightclub,Firearm,Other Major Injury,C
204605119,184164268,2023-11-26,Winston-Salem,NC0340200,13A,B,B,N,F,23,R,N,RU,Bar/Nightclub,Bar & Nightclub,Firearm,Other Major Injury,C
204605152,184164296,2023-11-27,Winston-Salem,NC0340200,13A,W,W,N,F,47,N,N,AQ,Residence/Home,Home,Knife/Cutting Instrument,,C
204605187,184164325,2023-11-27,Winston-Salem,NC0340200,13A,B,B,N,M,38,R,N,OF,Residence/Home,Home,Knife/Cutting Instrument,,C
204605240,184164369,2023-11-28,Winston-Salem,NC0340200,13A,B,B,N,M,27,R,Y,BG,Highway/Road/Alley/Street/Sidewalk,Street & Sidewalk,Knife/Cutting Instrument,Minor Injury,C
204605324,184164444,2023-11-28,Winston-Salem,NC0340200,13A,W,W,N,F,44,R,N,,Residence/Home,Home,Unknown,,C
204605285,184164412,2023-11-29,Winston-Salem,NC0340200,13A,B,B,N,F,3,R,N,,Residence/Home,Home,Handgun,Other Major Injury,C
204605286,184164412,2023-11-29,Winston-Salem,NC0340200,13A,B,B,N,F,2,R,N,,Residence/Home,Home,Handgun,Other Major Injury,C
204605313,184164436,2023-11-30,Winston-Salem,NC0340200,13A,W,W,N,M,66,R,N,OK,Residence/Home,Home,Handgun,Other Major Injury,C
204605363,184164479,2023-11-30,Winston-Salem,NC0340200,13A,B,B,N,M,72,R,N,,Residence/Home,Home,Handgun,,C
204917166,184433520,2023-12-01,Winston-Salem,NC0340200,13A,H,W,H,F,13,R,N,SB,Residence/Home,Home,Blunt Object,Other Major Injury,C
204917176,184433528,2023-12-01,Winston-Salem,NC0340200,13A,U,U,U,F,11,R,N,AQ,Residence/Home,Home,Knife/Cutting Instrument,,C
204917177,184433528,2023-12-01,Winston-Salem,NC0340200,13A,B,B,U,F,41,R,Y,BG,Residence/Home,Home,Knife/Cutting Instrument,,C
204917178,184433528,2023-12-01,Winston-Salem,NC0340200,13A,B,B,U,M,12,R,N,AQ,Residence/Home,Home,Knife/Cutting Instrument,,C
204917205,184433551,2023-12-02,Winston-Salem,NC0340200,13A,B,B,N,F,33,R,Y,XR,Residence/Home,Home,Handgun,,C
204917206,184433551,2023-12-02,Winston-Salem,NC0340200,13A,B,B,N,F,35,R,N,AQ,Residence/Home,Home,Handgun,,C
204917234,184433576,2023-12-02,Winston-Salem,NC0340200,13A,B,B,N,M,35,R,N,,Other/Unknown,Other & Unknown,Firearm,,C
204917268,184433607,2023-12-03,Winston-Salem,NC0340200,13A,H,W,H,M,26,N,N,ST,Parking/Drop Lot/Garage,Parking Lot,Handgun,,C
204917290,184433627,2023-12-03,Winston-Salem,NC0340200,13A,B,B,N,F,28,R,N,OK,Residence/Home,Home,Handgun;Personal Weapons,,C
204917371,184433696,2023-12-03,Winston-Salem,NC0340200,13A,W,W,N,M,15,R,N,CH,Residence/Home,Home,Handgun,Minor Injury,C
207658643,186820393,2023-12-03,Winston-Salem,NC0340200,13A,B,B,N,F,81,R,N,NE,Residence/Home,Home,Handgun,,C
204917318,184433650,2023-12-04,Winston-Salem,NC0340200,13A,B,B,N,M,38,R,N,OK,Residence/Home,Home,Handgun,,C
204917319,184433650,2023-12-04,Winston-Salem,NC0340200,13A,B,B,N,F,39,R,N,OK,Residence/Home,Home,Handgun,,C
204917320,184433650,2023-12-04,Winston-Salem,NC0340200,13A,B,B,N,F,18,R,Y,BG,Residence/Home,Home,Handgun,,C
204917321,184433650,2023-12-04,Winston-Salem,NC0340200,13A,B,B,N,F,0,R,N,CH,Residence/Home,Home,Handgun,,C
204917322,184433650,2023-12-04,Winston-Salem,NC0340200,13A,B,B,N,F,19,R,N,OK,Residence/Home,Home,Handgun,,C
204917323,184433650,2023-12-04,Winston-Salem,NC0340200,13A,B,B,N,M,2,R,N,OK,Residence/Home,Home,Handgun,,C
204917327,184433654,2023-12-04,Winston-Salem,NC0340200,13A,B,B,N,M,28,R,Y,XR,Residence/Home,Home,Blunt Object,,C
204917335,184433662,2023-12-04,Winston-Salem,NC0340200,13A,W,W,N,F,17,R,N,,Highway/Road/Alley/Street/Sidewalk,Street & Sidewalk,Firearm,,C
204917414,184433733,2023-12-06,Winston-Salem,NC0340200,13A,B,B,N,M,31,R,N,,Highway/Road/Alley/Street/Sidewalk,Street & Sidewalk,Knife/Cutting Instrument,Severe Laceration,C
207157368,186386353,2023-12-06,Winston-Salem,NC0340200,13A,B,B,N,F,47,R,N,FR,Residence/Home,Home,Personal Weapons,Minor Injury,C
204917513,184433809,2023-12-07,Winston-Salem,NC0340200,13A,W,W,N,M,60,R,N,ST,Highway/Road/Alley/Street/Sidewalk,Street & Sidewalk,Firearm,,C
204917537,184433830,2023-12-08,Winston-Salem,NC0340200,13A,B,B,N,M,19,R,N,,Residence/Home,Home,Firearm,,C
204917561,184433851,2023-12-08,Winston-Salem,NC0340200,13A,B,B,N,M,56,R,N,,Hotel/Motel/Etc.,Hotel & Motel,Handgun,,C
204917588,184433874,2023-12-08,Winston-Salem,NC0340200,13A,H,W,H,F,24,R,N,,Highway/Road/Alley/Street/Sidewalk,Street & Sidewalk,Firearm,,C
204917603,184433888,2023-12-08,Winston-Salem,NC0340200,13A,H,W,H,M,22,R,N,,Residence/Home,Home,Firearm,Other Major Injury,C
204917666,184433942,2023-12-09,Winston-Salem,NC0340200,13A,H,W,H,F,48,R,N,,Parking/Drop Lot/Garage,Parking Lot,Firearm,,C
204917667,184433942,2023-12-09,Winston-Salem,NC0340200,13A,B,B,N,F,22,R,N,,Parking/Drop Lot/Garage,Parking Lot,Firearm,,C
204917668,184433942,2023-12-09,Winston-Salem,NC0340200,13A,H,W,H,M,23,R,N,,Parking/Drop Lot/Garage,Parking Lot,Firearm,,C
204917669,184433942,2023-12-09,Winston-Salem,NC0340200,13A,H,W,H,M,22,R,N,,Parking/Drop Lot/Garage,Parking Lot,Firearm,Other Major Injury,C
204917670,184433942,2023-12-09,Winston-Salem,NC0340200,13A,H,W,H,F,3,R,N,,Parking/Drop Lot/Garage,Parking Lot,Firearm,,C
204917671,184433942,2023-12-09,Winston-Salem,NC0340200,13A,H,W,H,F,39,R,N,,Parking/Drop Lot/Garage,Parking Lot,Firearm,,C
204917700,184433963,2023-12-10,Winston-Salem,NC0340200,13A,H,W,H,F,47,R,N,,Specialty Store,Specialty Store,Firearm,Other Major Injury,C
204917726,184433987,2023-12-10,Winston-Salem,NC0340200,13A,B,B,N,F,35,R,N,AQ,Residence/Home,Home,Handgun,,C
204917727,184433987,2023-12-10,Winston-Salem,NC0340200,13A,B,B,N,F,17,R,Y,BG,Residence/Home,Home,Handgun,,C
204917748,184434004,2023-12-10,Winston-Salem,NC0340200,13A,B,B,N,M,64,R,N,,Service/Gas Station,Gas Station,Handgun,,C
204917951,184434171,2023-12-13,Winston-Salem,NC0340200,13A,B,B,N,M,27,R,Y,XR,Residence/Home,Home,Other,Minor Injury,C
204917958,184434178,2023-12-13,Winston-Salem,NC0340200,13A,B,B,N,F,19,R,N,OK,Grocery/Supermarket,Grocery Store,Other,,C
204918011,184434227,2023-12-14,Winston-Salem,NC0340200,13A,W,W,N,F,47,R,Y,SE,Restaurant,Restaurant,Knife/Cutting Instrument,,C
204918067,184434250,2023-12-15,Winston-Salem,NC0340200,13A,B,B,N,M,27,R,N,ST;VO,Restaurant,Restaurant,Other,,C
204918068,184434250,2023-12-15,Winston-Salem,NC0340200,13A,B,B,N,M,25,R,N,ST;VO,Restaurant,Restaurant,Other,,C
204918069,184434250,2023-12-15,Winston-Salem,NC0340200,13A,B,B,N,F,26,R,Y,BG;ST,Restaurant,Restaurant,Other,,C
204918108,184434285,2023-12-15,Winston-Salem,NC0340200,13A,B,B,N,F,35,R,Y,BG,Residence/Home,Home,Motor Vehicle/Vessel,Minor Injury,C
204918109,184434286,2023-12-15,Winston-Salem,NC0340200,13A,W,W,N,M,37,N,N,RU,Parking/Drop Lot/Garage,Parking Lot,Handgun,,C
204918117,184434294,2023-12-15,Winston-Salem,NC0340200,13A,H,W,H,M,23,R,Y,AQ;BG,Residence/Home,Home,Blunt Object;Motor Vehicle/Vessel,Minor Injury,C
207660930,186822302,2023-12-15,Winston-Salem,NC0340200,13A,B,B,N,M,27,R,N,RU,Restaurant,Restaurant,Other,,C
207660931,186822302,2023-12-15,Winston-Salem,NC0340200,13A,B,B,N,F,26,R,N,RU,Restaurant,Restaurant,Other,,C
204918170,184434336,2023-12-16,Winston-Salem,NC0340200,13A,W,W,N,F,33,R,N,AQ,Residence/Home,Home,Handgun,,C
204918179,184434344,2023-12-16,Winston-Salem,NC0340200,13A,B,B,N,F,20,R,N,OK,Highway/Road/Alley/Street/Sidewalk,Street & Sidewalk,Rifle,,C
204918180,184434344,2023-12-16,Winston-Salem,NC0340200,13A,B,B,N,F,24,R,N,OK,Highway/Road/Alley/Street/Sidewalk,Street & Sidewalk,Rifle,,C
204918181,184434344,2023-12-16,Winston-Salem,NC0340200,13A,B,B,N,F,17,R,N,OK,Highway/Road/Alley/Street/Sidewalk,Street & Sidewalk,Rifle,,C
204918209,184434371,2023-12-17,Winston-Salem,NC0340200,13A,H,W,H,F,14,R,N,AQ,Residence/Home,Home,Blunt Object,Minor Injury,C
204918215,184434376,2023-12-17,Winston-Salem,NC0340200,13A,B,B,N,M,29,R,Y,BG;VO,Residence/Home,Home,Handgun,,C
204918216,184434377,2023-12-17,Winston-Salem,NC0340200,13A,H,W,H,M,30,R,Y,SE,Residence/Home,Home,Blunt Object;Knife/Cutting Instrument,,C
204918243,184434400,2023-12-17,Winston-Salem,NC0340200,13A,H,W,H,M,20,R,N,,Parking/Drop Lot/Garage,Parking Lot,Handgun,,C
204918385,184434520,2023-12-19,Winston-Salem,NC0340200,13A,B,B,N,F,32,R,Y,BG;VO,Residence/Home,Home,Firearm;Knife/Cutting Instrument,Minor Injury,C
204918386,184434520,2023-12-19,Winston-Salem,NC0340200,13A,B,B,N,M,35,R,Y,BG;VO,Residence/Home,Home,Firearm;Knife/Cutting Instrument,Minor Injury,C
204918448,184434571,2023-12-20,Winston-Salem,NC0340200,13A,B,B,N,F,23,N,N,,Highway/Road/Alley/Street/Sidewalk,Street & Sidewalk,Handgun,,C
207658695,186820431,2023-12-20,Winston-Salem,NC0340200,13A,B,B,N,M,34,R,N,CF,Highway/Road/Alley/Street/Sidewalk,Street & Sidewalk,Knife/Cutting Instrument,Minor Injury,C
204918600,184434702,2023-12-23,Winston-Salem,NC0340200,13A,W,W,N,M,43,R,N,RU;VO,Bar/Nightclub,Bar & Nightclub,Blunt Object,,C
204918601,184434702,2023-12-23,Winston-Salem,NC0340200,13A,B,B,N,F,31,R,N,RU;VO,Bar/Nightclub,Bar & Nightclub,Blunt Object,,C
204918607,184434708,2023-12-23,Winston-Salem,NC0340200,13A,H,W,H,M,31,R,N,IL,Residence/Home,Home,Knife/Cutting Instrument,,C
204918626,184434724,2023-12-23,Winston-Salem,NC0340200,13A,W,W,N,M,36,N,N,ST,Residence/Home,Home,Handgun,,C
204918627,184434724,2023-12-23,Winston-Salem,NC0340200,13A,W,W,N,F,33,R,N,ST,Residence/Home,Home,Handgun,,C
207658701,186820437,2023-12-23,Winston-Salem,NC0340200,13A,H,W,H,M,45,R,N,,Residence/Home,Home,Firearm,,C
207658702,186820437,2023-12-23,Winston-Salem,NC0340200,13A,H,W,H,F,45,R,N,,Residence/Home,Home,Firearm,,C
204918680,184434767,2023-12-24,Winston-Salem,NC0340200,13A,W,W,N,F,53,R,N,,Residence/Home,Home,Rifle,,C
204918681,184434767,2023-12-24,Winston-Salem,NC0340200,13A,W,W,N,M,55,R,N,,Residence/Home,Home,Rifle,,C
204918723,184434804,2023-12-24,Winston-Salem,NC0340200,13A,B,B,N,M,70,R,N,ST,Residence/Home,Home,Personal Weapons,Other Major Injury;Possible Internal Injury,C
207658703,186820438,2023-12-24,Winston-Salem,NC0340200,13A,W,W,N,M,26,R,N,,Highway/Road/Alley/Street/Sidewalk,Street & Sidewalk,Firearm,Other Major Injury,C
207658704,186820438,2023-12-24,Winston-Salem,NC0340200,13A,W,W,N,M,37,R,N,,Highway/Road/Alley/Street/Sidewalk,Street & Sidewalk,Firearm,,C
207658705,186820438,2023-12-24,Winston-Salem,NC0340200,13A,B,B,N,F,28,R,N,,Highway/Road/Alley/Street/Sidewalk,Street & Sidewalk,Firearm,,C
207658706,186820438,2023-12-24,Winston-Salem,NC0340200,13A,H,W,H,F,23,R,N,,Highway/Road/Alley/Street/Sidewalk,Street & Sidewalk,Firearm,,C
207658707,186820438,2023-12-24,Winston-Salem,NC0340200,13A,W,W,N,M,35,R,N,,Highway/Road/Alley/Street/Sidewalk,Street & Sidewalk,Firearm,,C
204918781,184434853,2023-12-25,Winston-Salem,NC0340200,13A,B,B,N,M,43,R,Y,SE,Residence/Home,Home,Other,Minor Injury,C
204918791,184434859,2023-12-25,Winston-Salem,NC0340200,13A,W,W,N,M,42,R,N,SB,Residence/Home,Home,Other,,C
204918792,184434859,2023-12-25,Winston-Salem,NC0340200,13A,B,B,N,M,19,R,N,CH,Residence/Home,Home,Other,,C
204918830,184434888,2023-12-26,Winston-Salem,NC0340200,13A,B,B,N,M,31,R,Y,BG,Industrial Site,Industrial Site,Motor Vehicle/Vessel,Apparent Broken Bones,C
204918859,184434910,2023-12-26,Winston-Salem,NC0340200,13A,B,B,N,F,56,R,N,OK,Residence/Home,Home,Handgun;Rifle,,C
204918860,184434910,2023-12-26,Winston-Salem,NC0340200,13A,B,B,N,M,33,R,N,OK,Residence/Home,Home,Handgun;Rifle,,C
204918861,184434910,2023-12-26,Winston-Salem,NC0340200,13A,W,W,N,F,38,R,N,OK,Residence/Home,Home,Handgun;Rifle,,C
204918862,184434910,2023-12-26,Winston-Salem,NC0340200,13A,B,B,N,M,58,R,N,OK,Residence/Home,Home,Handgun;Rifle,,C
204918863,184434910,2023-12-26,Winston-Salem,NC0340200,13A,B,B,N,M,30,R,N,OK,Residence/Home,Home,Handgun;Rifle,,C
204918864,184434910,2023-12-26,Winston-Salem,NC0340200,13A,B,B,N,M,22,N,N,OK,Residence/Home,Home,Handgun;Rifle,,C
204918865,184434910,2023-12-26,Winston-Salem,NC0340200,13A,B,B,N,M,11,N,N,OK,Residence/Home,Home,Handgun;Rifle,,C
204918866,184434910,2023-12-26,Winston-Salem,NC0340200,13A,W,W,N,M,15,N,N,OK,Residence/Home,Home,Handgun;Rifle,,C
204918867,184434910,2023-12-26,Winston-Salem,NC0340200,13A,W,W,N,F,18,R,N,OK,Residence/Home,Home,Handgun;Rifle,,C
204918868,184434910,2023-12-26,Winston-Salem,NC0340200,13A,W,W,N,F,10,R,N,OK,Residence/Home,Home,Handgun;Rifle,,C
204918869,184434910,2023-12-26,Winston-Salem,NC0340200,13A,W,W,N,M,6,R,N,OK,Residence/Home,Home,Handgun;Rifle,,C
207157396,186386378,2023-12-26,Winston-Salem,NC0340200,13A,B,B,N,M,38,R,N,RU,Convenience Store,Convenience Store,,Minor Injury,C
204918885,184434925,2023-12-27,Winston-Salem,NC0340200,13A,B,B,N,M,17,R,N,,Drug Store/Doctor's Office/Hospital,Hospital & Clinic,Firearm,Other Major Injury,C
204918943,184434971,2023-12-27,Winston-Salem,NC0340200,13A,B,B,N,M,47,R,N,OK;VO,Residence/Home,Home,Blunt Object,Apparent Broken Bones,C
204918944,184434971,2023-12-27,Winston-Salem,NC0340200,13A,B,B,N,M,47,R,N,OK;VO,Residence/Home,Home,Blunt Object,,C
204918945,184434971,2023-12-27,Winston-Salem,NC0340200,13A,B,B,N,F,47,N,Y,BG;XR,Residence/Home,Home,Blunt Object,Minor Injury,C
207157399,186386381,2023-12-27,Winston-Salem,NC0340200,13A,W,W,N,F,47,N,N,RU,Convenience Store,Convenience Store,Blunt Object,,C
204918981,184435004,2023-12-28,Winston-Salem,NC0340200,13A,H,W,H,M,19,R,N,,Highway/Road/Alley/Street/Sidewalk,Street & Sidewalk,Unknown,,C
204918982,184435004,2023-12-28,Winston-Salem,NC0340200,13A,H,W,H,F,20,R,N,,Highway/Road/Alley/Street/Sidewalk,Street & Sidewalk,Unknown,,C
204918983,184435004,2023-12-28,Winston-Salem,NC0340200,13A,W,W,N,M,0,R,N,,Highway/Road/Alley/Street/Sidewalk,Street & Sidewalk,Unknown,,C
204918984,184435005,2023-12-28,Winston-Salem,NC0340200,13A,B,B,N,F,54,R,N,RU,Residence/Home,Home,Firearm,Minor Injury,C
204918985,184435005,2023-12-28,Winston-Salem,NC0340200,13A,H,W,H,F,42,R,N,RU,Residence/Home,Home,Firearm,Minor Injury,C
207658719,186820446,2023-12-28,Winston-Salem,NC0340200,13A,B,B,N,M,20,R,N,,Park/Playground,Park & Playground,Handgun,,C
207658720,186820446,2023-12-28,Winston-Salem,NC0340200,13A,B,B,N,F,28,R,N,,Park/Playground,Park & Playground,Handgun,,C
207658721,186820446,2023-12-28,Winston-Salem,NC0340200,13A,B,B,N,M,7,R,N,,Park/Playground,Park & Playground,Handgun,,C
207658722,186820446,2023-12-28,Winston-Salem,NC0340200,13A,B,B,N,M,6,R,N,,Park/Playground,Park & Playground,Handgun,,C
207658723,186820446,2023-12-28,Winston-Salem,NC0340200,13A,B,B,N,M,4,R,N,,Park/Playground,Park & Playground,Handgun,,C
207658724,186820446,2023-12-28,Winston-Salem,NC0340200,13A,B,B,N,F,3,R,N,,Park/Playground,Park & Playground,Handgun,,C
207658725,186820446,2023-12-28,Winston-Salem,NC0340200,13A,B,B,N,F,0,R,N,,Park/Playground,Park & Playground,Handgun,,C
204919018,184435034,2023-12-29,Winston-Salem,NC0340200,13A,B,B,N,M,59,N,N,,Residence/Home,Home,Blunt Object,,C
204919078,184435084,2023-12-29,Winston-Salem,NC0340200,13A,H,W,H,M,23,R,N,,Highway/Road/Alley/Street/Sidewalk,Street & Sidewalk,Firearm,,C
207658727,186820448,2023-12-29,Winston-Salem,NC0340200,13A,H,W,H,F,49,R,N,RU,Highway/Road/Alley/Street/Sidewalk,Street & Sidewalk,Firearm,,C
207658728,186820448,2023-12-29,Winston-Salem,NC0340200,13A,H,W,H,M,21,R,N,RU,Highway/Road/Alley/Street/Sidewalk,Street & Sidewalk,Firearm,Other Major Injury,C
204919093,184435097,2023-12-30,Winston-Salem,NC0340200,13A,B,B,N,M,68,R,N,,Residence/Home,Home,Firearm,,C
204919145,184435142,2023-12-30,Winston-Salem,NC0340200,13A,B,B,N,M,0,R,N,CH,Residence/Home,Home,Unknown,Apparent Broken Bones;Other Major Injury;Possible Internal Injury,C
204919191,184435186,2023-12-31,Winston-Salem,NC0340200,13A,W,W,N,M,59,R,N,,Air/Bus/Train Terminal,Transit Station,Blunt Object;Personal Weapons,Minor Injury;Possible Internal Injury;Severe Laceration,C
204919219,184435214,2023-12-31,Winston-Salem,NC0340200,13A,B,B,N,M,14,R,N,AQ,Highway/Road/Alley/Street/Sidewalk,Street & Sidewalk,Firearm,,C
204919221,184435215,2023-12-31,Winston-Salem,NC0340200,13A,W,W,N,F,23,R,N,,Residence/Home,Home,Firearm,,C
204919222,184435215,2023-12-31,Winston-Salem,NC0340200,13A,W,W,N,F,1,R,N,,Residence/Home,Home,Firearm,,C
204919603,184435579,2023-12-31,Winston-Salem,NC0340200,13A,B,B,N,F,57,R,N,,Residence/Home,Home,Firearm,,C
204919604,184435579,2023-12-31,Winston-Salem,NC0340200,13A,B,B,N,M,55,R,N,,Residence/Home,Home,Firearm,,C
204919615,184435590,2023-12-31,Winston-Salem,NC0340200,13A,B,B,N,F,31,N,N,,Residence/Home,Home,Blunt Object,Minor Injury,C
204919638,184435610,2023-12-31,Winston-Salem,NC0340200,13A,H,W,H,F,42,R,N,,Residence/Home,Home,Handgun,,C
204919639,184435610,2023-12-31,Winston-Salem,NC0340200,13A,W,W,N,M,17,R,N,,Residence/Home,Home,Handgun,,C
207658782,186820493,2024-01-01,Winston-Salem,NC0340200,13A,H,W,H,M,45,R,N,,Highway/Road/Alley/Street/Sidewalk,Street & Sidewalk,Firearm,,C
207658786,186820497,2024-01-01,Winston-Salem,NC0340200,13A,B,B,N,F,67,R,N,PA,Residence/Home,Home,Blunt Object,,C
207658797,186820507,2024-01-01,Winston-Salem,NC0340200,13A,B,B,N,M,65,R,N,OK,Residence/Home,Home,Blunt Object,Minor Injury,C
207658890,186820581,2024-01-01,Winston-Salem,NC0340200,13A,W,W,N,M,21,N,N,,Highway/Road/Alley/Street/Sidewalk,Street & Sidewalk,Motor Vehicle/Vessel,Minor Injury,C
207665596,186826459,2024-01-01,Winston-Salem,NC0340200,13A,B,B,N,F,69,R,N,,Residence/Home,Home,Firearm,,C
207658856,186820549,2024-01-02,Winston-Salem,NC0340200,13A,H,W,H,F,16,R,N,ST,Highway/Road/Alley/Street/Sidewalk,Street & Sidewalk,Other Firearm,,C
207658869,186820561,2024-01-02,Winston-Salem,NC0340200,13A,H,W,H,M,,R,N,,Specialty Store,Specialty Store,Blunt Object,Minor Injury,C
207658878,186820569,2024-01-02,Winston-Salem,NC0340200,13A,B,B,N,M,51,R,N,,Highway/Road/Alley/Street/Sidewalk,Street & Sidewalk,Firearm,,C
207658942,186820626,2024-01-04,Winston-Salem,NC0340200,13A,B,B,N,F,34,R,N,OK,Highway/Road/Alley/Street/Sidewalk,Street & Sidewalk,Handgun,,C
207658963,186820642,2024-01-04,Winston-Salem,NC0340200,13A,H,W,H,F,38,R,N,,Residence/Home,Home,Firearm,,C
207658964,186820642,2024-01-04,Winston-Salem,NC0340200,13A,H,W,H,F,10,R,N,,Residence/Home,Home,Firearm,,C
207658965,186820642,2024-01-04,Winston-Salem,NC0340200,13A,H,W,H,F,15,R,N,,Residence/Home,Home,Firearm,,C
207658997,186820671,2024-01-05,Winston-Salem,NC0340200,13A,W,W,N,F,26,N,Y,BG,Highway/Road/Alley/Street/Sidewalk,Street & Sidewalk,Motor Vehicle/Vessel,Minor Injury,C
207659004,186820676,2024-01-05,Winston-Salem,NC0340200,13A,B,B,N,M,12,R,N,SB,Residence/Home,Home,Handgun,Other Major Injury,C
207659005,186820677,2024-01-05,Winston-Salem,NC0340200,13A,B,B,N,M,59,R,N,,Residence/Home,Home,Knife/Cutting Instrument,,C
207659023,186820693,2024-01-06,Winston-Salem,NC0340200,13A,B,B,N,F,32,R,N,AQ,Residence/Home,Home,Knife/Cutting Instrument,Minor Injury,C
207659143,186820793,2024-01-07,Winston-Salem,NC0340200,13A,B,B,N,M,24,R,N,RU,Residence/Home,Home,Other,Minor Injury,C
207659148,186820798,2024-01-07,Winston-Salem,NC0340200,13A,W,W,N,M,59,R,N,,Highway/Road/Alley/Street/Sidewalk,Street & Sidewalk,Firearm,,C
217148788,195079689,2024-01-07,Winston-Salem,NC0340200,13A,H,W,H,M,59,R,N,,Residence/Home,Home,Firearm,,C
217148789,195079689,2024-01-07,Winston-Salem,NC0340200,13A,H,W,H,M,28,R,N,,Residence/Home,Home,Firearm,,C
217148790,195079689,2024-01-07,Winston-Salem,NC0340200,13A,W,W,N,M,19,R,N,,Residence/Home,Home,Firearm,,C
217148791,195079689,2024-01-07,Winston-Salem,NC0340200,13A,H,W,H,F,16,R,N,,Residence/Home,Home,Firearm,,C
217148792,195079689,2024-01-07,Winston-Salem,NC0340200,13A,H,W,H,M,25,R,N,,Residence/Home,Home,Firearm,,C
217148793,195079689,2024-01-07,Winston-Salem,NC0340200,13A,W,W,N,F,45,R,N,,Residence/Home,Home,Firearm,,C
217148794,195079689,2024-01-07,Winston-Salem,NC0340200,13A,H,W,H,M,14,R,N,,Residence/Home,Home,Firearm,,C
217148795,195079689,2024-01-07,Winston-Salem,NC0340200,13A,W,W,N,M,3,R,N,,Residence/Home,Home,Firearm,,C
207659181,186820817,2024-01-08,Winston-Salem,NC0340200,13A,H,W,H,M,26,R,N,RU,Residence/Home,Home,Knife/Cutting Instrument,,C
207659192,186820827,2024-01-08,Winston-Salem,NC0340200,13A,W,W,N,M,20,R,N,OF,Residence/Home,Home,Blunt Object,Severe Laceration,C
207659313,186820931,2024-01-09,Winston-Salem,NC0340200,13A,B,B,N,F,23,R,Y,XR,Residence/Home,Home,Knife/Cutting Instrument,,C
207659348,186820961,2024-01-09,Winston-Salem,NC0340200,13A,H,W,H,M,55,R,N,PA,Residence/Home,Home,Knife/Cutting Instrument,,C
207659474,186821057,2024-01-11,Winston-Salem,NC0340200,13A,B,B,N,M,18,R,N,,Highway/Road/Alley/Street/Sidewalk,Street & Sidewalk,Firearm,Minor Injury,C
207659541,186821115,2024-01-11,Winston-Salem,NC0340200,13A,W,W,N,F,55,R,N,,Highway/Road/Alley/Street/Sidewalk,Street & Sidewalk,Handgun,,C
207659542,186821115,2024-01-11,Winston-Salem,NC0340200,13A,W,W,N,M,28,N,N,,Highway/Road/Alley/Street/Sidewalk,Street & Sidewalk,Handgun,,C
207659673,186821230,2024-01-12,Winston-Salem,NC0340200,13A,B,B,N,F,30,N,N,,Highway/Road/Alley/Street/Sidewalk,Street & Sidewalk,Handgun,,C
207659876,186821395,2024-01-13,Winston-Salem,NC0340200,13A,H,W,H,F,24,R,N,RU,Residence/Home,Home,Firearm,,C
207659877,186821395,2024-01-13,Winston-Salem,NC0340200,13A,B,B,U,M,26,R,N,RU,Residence/Home,Home,Firearm,,C
207659878,186821395,2024-01-13,Winston-Salem,NC0340200,13A,W,W,N,F,1,R,N,RU,Residence/Home,Home,Firearm,,C
207659880,186821395,2024-01-13,Winston-Salem,NC0340200,13A,W,W,N,M,2,R,N,RU,Residence/Home,Home,Firearm,,C
207659881,186821395,2024-01-13,Winston-Salem,NC0340200,13A,W,W,N,M,32,R,N,RU,Residence/Home,Home,Firearm,,C
207659882,186821395,2024-01-13,Winston-Salem,NC0340200,13A,W,W,N,F,1,R,N,RU,Residence/Home,Home,Firearm,,C
207659883,186821395,2024-01-13,Winston-Salem,NC0340200,13A,W,W,N,F,4,R,N,RU,Residence/Home,Home,Firearm,,C
207659884,186821395,2024-01-13,Winston-Salem,NC0340200,13A,W,W,N,F,46,R,N,RU,Residence/Home,Home,Firearm,,C
207665664,186826518,2024-01-13,Winston-Salem,NC0340200,13A,H,W,H,M,20,N,N,AQ,Service/Gas Station,Gas Station,Blunt Object;Handgun;Rifle,Minor Injury,C
207660054,186821539,2024-01-14,Winston-Salem,NC0340200,13A,H,W,H,M,35,R,N,OK,Residence/Home,Home,Knife/Cutting Instrument,,C
207660055,186821539,2024-01-14,Winston-Salem,NC0340200,13A,B,B,N,F,30,R,N,OK,Residence/Home,Home,Knife/Cutting Instrument,Minor Injury,C
207660067,186821551,2024-01-14,Winston-Salem,NC0340200,13A,B,B,N,F,41,R,Y,BG,Residence/Home,Home,Blunt Object,Minor Injury,C
207660297,186821756,2024-01-14,Winston-Salem,NC0340200,13A,W,W,N,M,76,R,N,NE,Residence/Home,Home,Rifle,,C
217148799,195079692,2024-01-14,Winston-Salem,NC0340200,13A,H,W,H,M,47,R,N,,Residence/Home,Home,Handgun,,C
217148801,195079692,2024-01-14,Winston-Salem,NC0340200,13A,H,W,H,F,42,R,N,,Residence/Home,Home,Handgun,,C
217148802,195079692,2024-01-14,Winston-Salem,NC0340200,13A,H,W,H,F,13,R,N,,Residence/Home,Home,Handgun,,C
217148803,195079692,2024-01-14,Winston-Salem,NC0340200,13A,H,W,H,F,16,R,N,,Residence/Home,Home,Handgun,,C
217148804,195079692,2024-01-14,Winston-Salem,NC0340200,13A,H,W,H,M,22,R,N,,Residence/Home,Home,Handgun,,C
217148805,195079692,2024-01-14,Winston-Salem,NC0340200,13A,W,W,N,M,11,R,N,,Residence/Home,Home,Handgun,,C
217148806,195079692,2024-01-14,Winston-Salem,NC0340200,13A,W,W,N,M,7,R,N,,Residence/Home,Home,Handgun,,C
217148807,195079692,2024-01-14,Winston-Salem,NC0340200,13A,W,W,N,M,10,R,N,,Residence/Home,Home,Handgun,,C
207660105,186821583,2024-01-15,Winston-Salem,NC0340200,13A,W,W,N,M,25,R,N,RU,Convenience Store,Convenience Store,Handgun,,C
207660106,186821583,2024-01-15,Winston-Salem,NC0340200,13A,B,B,N,F,18,R,N,RU,Convenience Store,Convenience Store,Handgun,,C
207660190,186821661,2024-01-15,Winston-Salem,NC0340200,13A,B,B,N,M,18,R,N,CH,Residence/Home,Home,Knife/Cutting Instrument,,C
207660196,186821665,2024-01-15,Winston-Salem,NC0340200,13A,B,B,N,F,38,R,N,,Residence/Home,Home,Firearm,,C
207660199,186821668,2024-01-16,Winston-Salem,NC0340200,13A,B,B,N,M,46,R,N,RU,Field/Woods,Field & Woods,Handgun,Possible Internal Injury,C
207660208,186821676,2024-01-16,Winston-Salem,NC0340200,13A,B,B,N,F,23,N,Y,BG,Residence/Home,Home,Other;Personal Weapons,Other Major Injury;Severe Laceration,C
207660236,186821703,2024-01-16,Winston-Salem,NC0340200,13A,W,W,N,F,35,N,N,SB,Residence/Home,Home,Handgun,,C
207660261,186821724,2024-01-17,Winston-Salem,NC0340200,13A,B,B,N,M,52,R,N,,Highway/Road/Alley/Street/Sidewalk,Street & Sidewalk,Handgun,,C
207660349,186821798,2024-01-19,Winston-Salem,NC0340200,13A,B,B,N,M,30,R,Y,XR,Residence/Home,Home,Other,Minor Injury,C
207660369,186821816,2024-01-19,Winston-Salem,NC0340200,13A,W,W,N,M,42,N,N,,Residence/Home,Home,Knife/Cutting Instrument,,C
207660392,186821834,2024-01-19,Winston-Salem,NC0340200,13A,A,A,N,F,44,N,N,EE;ST,Convenience Store,Convenience Store,Blunt Object;Personal Weapons,,C
207660393,186821834,2024-01-19,Winston-Salem,NC0340200,13A,W,W,N,M,33,R,N,ST;VO,Convenience Store,Convenience Store,Blunt Object;Personal Weapons,,C
207660394,186821834,2024-01-19,Winston-Salem,NC0340200,13A,B,B,N,M,30,R,N,ST;VO,Convenience Store,Convenience Store,Blunt Object;Personal Weapons,Minor Injury,C
217148809,195079694,2024-01-19,Winston-Salem,NC0340200,13A,B,B,N,F,30,R,N,RU,Highway/Road/Alley/Street/Sidewalk,Street & Sidewalk,Handgun,Other Major Injury,C
207660408,186821845,2024-01-20,Winston-Salem,NC0340200,13A,H,W,H,M,33,R,N,RU,Bar/Nightclub,Bar & Nightclub,Handgun,,C
207660419,186821853,2024-01-20,Winston-Salem,NC0340200,13A,W,W,N,M,65,R,N,,Residence/Home,Home,Firearm,,C
207660420,186821853,2024-01-20,Winston-Salem,NC0340200,13A,W,W,N,F,64,R,N,,Residence/Home,Home,Firearm,,C
207660421,186821853,2024-01-20,Winston-Salem,NC0340200,13A,W,W,N,M,40,R,N,,Residence/Home,Home,Firearm,,C
223300494,200431020,2024-01-20,Winston-Salem,NC0340200,13A,B,B,N,M,49,R,N,AQ,Highway/Road/Alley/Street/Sidewalk,Street & Sidewalk,Firearm,Other Major Injury,C
207660475,186821900,2024-01-21,Winston-Salem,NC0340200,13A,B,B,N,M,17,R,N,,Highway/Road/Alley/Street/Sidewalk,Street & Sidewalk,Firearm,,C
207660491,186821914,2024-01-22,Winston-Salem,NC0340200,13A,B,B,N,F,48,R,N,RU,Residence/Home,Home,Firearm,,C
207660493,186821916,2024-01-22,Winston-Salem,NC0340200,13A,W,W,N,M,56,R,N,RU,Residence/Home,Home,Handgun,,C
207660494,186821916,2024-01-22,Winston-Salem,NC0340200,13A,W,W,N,F,30,R,N,RU,Residence/Home,Home,Handgun,,C
207660495,186821916,2024-01-22,Winston-Salem,NC0340200,13A,W,W,N,F,54,R,N,RU,Residence/Home,Home,Handgun,,C
207660496,186821916,2024-01-22,Winston-Salem,NC0340200,13A,W,W,N,F,7,R,N,RU,Residence/Home,Home,Handgun,,C
207660532,186821944,2024-01-22,Winston-Salem,NC0340200,13A,W,W,N,M,22,R,N,SB,Residence/Home,Home,Blunt Object,,C
207660533,186821945,2024-01-22,Winston-Salem,NC0340200,13A,W,W,N,M,51,R,N,,Highway/Road/Alley/Street/Sidewalk,Street & Sidewalk,Handgun,,C
207665700,186826547,2024-01-22,Winston-Salem,NC0340200,13A,H,W,H,F,19,R,Y,XR,Residence/Home,Home,Handgun,,C
207660660,186822058,2024-01-25,Winston-Salem,NC0340200,13A,A,A,N,F,31,R,N,,Highway/Road/Alley/Street/Sidewalk,Street & Sidewalk,Blunt Object,Minor Injury,C
207660683,186822080,2024-01-25,Winston-Salem,NC0340200,13A,B,B,N,F,38,R,N,PA,Residence/Home,Home,Handgun,,C
207660684,186822080,2024-01-25,Winston-Salem,NC0340200,13A,B,B,N,M,15,R,N,SB,Residence/Home,Home,Handgun,,C
207660685,186822080,2024-01-25,Winston-Salem,NC0340200,13A,B,B,N,F,9,R,N,SB,Residence/Home,Home,Handgun,,C
207660694,186822087,2024-01-26,Winston-Salem,NC0340200,13A,B,B,N,M,20,R,N,ST,Highway/Road/Alley/Street/Sidewalk,Street & Sidewalk,Firearm,,C
207660702,186822094,2024-01-26,Winston-Salem,NC0340200,13A,W,W,N,F,37,R,N,ST,Church/Synagogue/Temple/Mosque,Religious Building,Personal Weapons,,C
207660703,186822094,2024-01-26,Winston-Salem,NC0340200,13A,W,W,N,M,33,N,N,ST,Church/Synagogue/Temple/Mosque,Religious Building,Personal Weapons,Minor Injury,C
207660716,186822107,2024-01-26,Winston-Salem,NC0340200,13A,B,B,N,M,49,R,N,RU,Highway/Road/Alley/Street/Sidewalk,Street & Sidewalk,Knife/Cutting Instrument,Minor Injury,C
207660722,186822113,2024-01-26,Winston-Salem,NC0340200,13A,W,W,N,M,15,R,N,AQ,Residence/Home,Home,Other Firearm,,C
207660733,186822120,2024-01-26,Winston-Salem,NC0340200,13A,B,B,N,M,28,R,Y,BG;VO,Residence/Home,Home,Blunt Object,Minor Injury,C
207660734,186822120,2024-01-26,Winston-Salem,NC0340200,13A,H,W,H,F,29,R,Y,BG;VO,Residence/Home,Home,Blunt Object,Minor Injury,C
207660774,186822157,2024-01-26,Winston-Salem,NC0340200,13A,B,B,N,F,36,N,Y,BG;VO,Residence/Home,Home,Knife/Cutting Instrument,Minor Injury,C
207660775,186822157,2024-01-26,Winston-Salem,NC0340200,13A,W,W,N,M,33,N,Y,BG;VO,Residence/Home,Home,Knife/Cutting Instrument,Minor Injury,C
211185353,189890279,2024-01-26,Winston-Salem,NC0340200,13A,W,W,N,F,6,R,N,GC,Service/Gas Station,Gas Station,Personal Weapons,,C
207660748,186822133,2024-01-27,Winston-Salem,NC0340200,13A,B,B,N,F,26,R,Y,BG,Hotel/Motel/Etc.,Hotel & Motel,Personal Weapons,,C
207660758,186822143,2024-01-27,Winston-Salem,NC0340200,13A,B,B,N,M,46,R,N,OK,Residence/Home,Home,Firearm,Other Major Injury,C
207660772,186822155,2024-01-27,Winston-Salem,NC0340200,13A,B,B,N,M,38,R,N,OK,Parking/Drop Lot/Garage,Parking Lot,Handgun,,C
211754172,190386706,2024-01-27,Winston-Salem,NC0340200,13A,W,W,N,F,19,R,N,OK,Highway/Road/Alley/Street/Sidewalk,Street & Sidewalk,Motor Vehicle/Vessel,Minor Injury,C
207660799,186822179,2024-01-28,Winston-Salem,NC0340200,13A,H,W,H,F,30,R,Y,SE,Residence/Home,Home,Handgun,,C
207660805,186822185,2024-01-28,Winston-Salem,NC0340200,13A,W,W,N,F,51,R,N,AQ,Residence/Home,Home,Handgun,Minor Injury,C
207660936,186822307,2024-01-29,Winston-Salem,NC0340200,13A,B,B,N,F,22,N,Y,XR,Residence/Home,Home,Handgun,Minor Injury,C
207660872,186822251,2024-01-30,Winston-Salem,NC0340200,13A,H,W,H,M,33,R,N,OK,Residence/Home,Home,Handgun,,C
211185437,189890349,2024-02-02,Winston-Salem,NC0340200,13A,B,B,N,F,50,R,Y,BG,Residence/Home,Home,Knife/Cutting Instrument,Minor Injury,C
211185444,189890356,2024-02-02,Winston-Salem,NC0340200,13A,B,B,N,M,34,R,Y,BG;VO,Residence/Home,Home,Knife/Cutting Instrument,Minor Injury,C
211185445,189890356,2024-02-02,Winston-Salem,NC0340200,13A,B,B,N,F,33,R,Y,BG;VO,Residence/Home,Home,Knife/Cutting Instrument,,C
211185462,189890371,2024-02-02,Winston-Salem,NC0340200,13A,H,W,H,M,10,R,N,CH,Residence/Home,Home,Other,,C
211185483,189890392,2024-02-02,Winston-Salem,NC0340200,13A,W,W,N,M,20,R,N,,Parking/Drop Lot/Garage,Parking Lot,Handgun,Minor Injury,C
211186047,189890879,2024-02-02,Winston-Salem,NC0340200,13A,H,W,H,F,11,R,N,AQ,School-Elementary/Secondary,K-12 School,Personal Weapons,Possible Internal Injury,C
223300497,200431022,2024-02-02,Winston-Salem,NC0340200,13A,W,W,N,M,20,R,N,,Gambling Facility/Casino/Race Track,Casino & Race Track,,Other Major Injury,C
211185505,189890413,2024-02-03,Winston-Salem,NC0340200,13A,W,W,N,F,37,R,Y,BG,Residence/Home,Home,,Minor Injury,C
211185525,189890430,2024-02-03,Winston-Salem,NC0340200,13A,B,B,N,M,65,R,N,AQ;VO,Residence/Home,Home,Blunt Object,,C
211185526,189890430,2024-02-03,Winston-Salem,NC0340200,13A,B,B,N,M,57,R,N,AQ;VO,Residence/Home,Home,Blunt Object,,C
211754195,190386725,2024-02-03,Winston-Salem,NC0340200,13A,B,B,N,F,40,R,N,PA,Residence/Home,Home,Handgun,,C
211754197,190386725,2024-02-03,Winston-Salem,NC0340200,13A,B,B,N,F,18,R,Y,BG,Residence/Home,Home,Handgun,,C
211185565,189890463,2024-02-04,Winston-Salem,NC0340200,13A,B,B,N,M,28,R,N,,Residence/Home,Home,Handgun,,C
211185593,189890490,2024-02-04,Winston-Salem,NC0340200,13A,H,W,H,M,48,R,N,,Residence/Home,Home,Firearm,,C
211185594,189890490,2024-02-04,Winston-Salem,NC0340200,13A,H,W,H,F,46,R,N,,Residence/Home,Home,Firearm,,C
211185654,189890539,2024-02-05,Winston-Salem,NC0340200,13A,B,B,N,M,38,R,N,OK,Residence/Home,Home,Knife/Cutting Instrument,,C
211185655,189890539,2024-02-05,Winston-Salem,NC0340200,13A,B,B,N,M,21,R,N,OK,Residence/Home,Home,Knife/Cutting Instrument,,C
211185704,189890582,2024-02-06,Winston-Salem,NC0340200,13A,B,B,N,M,38,R,N,,Highway/Road/Alley/Street/Sidewalk,Street & Sidewalk,Motor Vehicle/Vessel,,C
211185724,189890600,2024-02-06,Winston-Salem,NC0340200,13A,H,W,H,M,29,R,N,SB,Residence/Home,Home,Handgun,,C
211185766,189890636,2024-02-06,Winston-Salem,NC0340200,13A,W,W,N,F,47,R,Y,SE,Hotel/Motel/Etc.,Hotel & Motel,Blunt Object;Knife/Cutting Instrument,Minor Injury,C
211185738,189890612,2024-02-07,Winston-Salem,NC0340200,13A,B,B,N,F,0,R,N,,Residence/Home,Home,Personal Weapons,Apparent Broken Bones;Other Major Injury,C
211185797,189890662,2024-02-08,Winston-Salem,NC0340200,13A,B,B,N,M,68,R,N,,Convenience Store,Convenience Store,Blunt Object,Possible Internal Injury,C
211185889,189890746,2024-02-09,Winston-Salem,NC0340200,13A,B,B,N,F,24,R,N,RU,Residence/Home,Home,Knife/Cutting Instrument,,C
211185908,189890765,2024-02-10,Winston-Salem,NC0340200,13A,W,W,N,F,36,R,Y,SE;VO,Residence/Home,Home,Blunt Object;Personal Weapons,Minor Injury,C
211185909,189890765,2024-02-10,Winston-Salem,NC0340200,13A,W,W,N,M,35,R,Y,SE;VO,Residence/Home,Home,Blunt Object;Personal Weapons,Minor Injury,C
211185910,189890765,2024-02-10,Winston-Salem,NC0340200,13A,W,W,N,F,14,R,N,CH,Residence/Home,Home,Blunt Object;Personal Weapons,,C
211185959,189890809,2024-02-10,Winston-Salem,NC0340200,13A,B,B,N,M,36,R,N,,Highway/Road/Alley/Street/Sidewalk,Street & Sidewalk,Other Firearm,,C
211185960,189890809,2024-02-10,Winston-Salem,NC0340200,13A,B,B,N,F,35,R,N,,Highway/Road/Alley/Street/Sidewalk,Street & Sidewalk,Other Firearm,,C
211185961,189890809,2024-02-10,Winston-Salem,NC0340200,13A,B,B,N,M,2,R,N,,Highway/Road/Alley/Street/Sidewalk,Street & Sidewalk,Other Firearm,,C
211185962,189890809,2024-02-10,Winston-Salem,NC0340200,13A,B,B,N,M,5,R,N,,Highway/Road/Alley/Street/Sidewalk,Street & Sidewalk,Other Firearm,,C
211185963,189890809,2024-02-10,Winston-Salem,NC0340200,13A,B,B,N,M,8,R,N,,Highway/Road/Alley/Street/Sidewalk,Street & Sidewalk,Other Firearm,,C
218582351,196321718,2024-02-10,Winston-Salem,NC0340200,13A,H,W,H,M,15,R,N,RU,Highway/Road/Alley/Street/Sidewalk,Street & Sidewalk,Knife/Cutting Instrument,Other Major Injury,C
218582352,196321718,2024-02-10,Winston-Salem,NC0340200,13A,H,W,H,M,14,R,N,RU,Highway/Road/Alley/Street/Sidewalk,Street & Sidewalk,Knife/Cutting Instrument,Other Major Injury,C
211185971,189890816,2024-02-11,Winston-Salem,NC0340200,13A,H,W,H,F,31,R,Y,BG,Residence/Home,Home,Knife/Cutting Instrument,Minor Injury,C
211186000,189890842,2024-02-11,Winston-Salem,NC0340200,13A,B,B,N,M,39,R,N,,Restaurant,Restaurant,Handgun,,C
211186033,189890869,2024-02-11,Winston-Salem,NC0340200,13A,H,W,H,F,29,R,Y,BG,Residence/Home,Home,Blunt Object;Knife/Cutting Instrument,Minor Injury,C
211186034,189890869,2024-02-11,Winston-Salem,NC0340200,13A,H,W,H,M,10,R,N,CH,Residence/Home,Home,Blunt Object;Knife/Cutting Instrument,,C
211186097,189890918,2024-02-11,Winston-Salem,NC0340200,13A,B,B,N,F,41,R,N,,Highway/Road/Alley/Street/Sidewalk,Street & Sidewalk,Firearm,,C
211186128,189890947,2024-02-11,Winston-Salem,NC0340200,13A,W,W,N,M,58,R,N,ST,Parking/Drop Lot/Garage,Parking Lot,Blunt Object,Minor Injury,C
211186039,189890873,2024-02-12,Winston-Salem,NC0340200,13A,W,W,N,M,39,R,N,FR,Parking/Drop Lot/Garage,Parking Lot,Motor Vehicle/Vessel,Minor Injury,C
211186040,189890874,2024-02-12,Winston-Salem,NC0340200,13A,W,W,N,F,57,R,N,PA,Residence/Home,Home,Knife/Cutting Instrument,Minor Injury,C
211186105,189890925,2024-02-13,Winston-Salem,NC0340200,13A,B,B,N,M,53,N,N,,Residence/Home,Home,Handgun,Minor Injury,C
211186138,189890955,2024-02-13,Winston-Salem,NC0340200,13A,B,B,N,F,54,R,N,ST,Shopping Mall,Shopping Mall,Blunt Object,Minor Injury,C
211186150,189890966,2024-02-13,Winston-Salem,NC0340200,13A,W,W,N,F,79,R,N,,Residence/Home,Home,Other Firearm,,C
211186216,189891025,2024-02-15,Winston-Salem,NC0340200,13A,B,B,N,M,9,R,N,SC,Residence/Home,Home,Blunt Object,Minor Injury,C
211186252,189891052,2024-02-15,Winston-Salem,NC0340200,13A,H,W,H,M,53,R,N,,Residence/Home,Home,Firearm,,C
211186253,189891052,2024-02-15,Winston-Salem,NC0340200,13A,H,W,H,M,39,R,N,,Residence/Home,Home,Firearm,,C
211186254,189891052,2024-02-15,Winston-Salem,NC0340200,13A,H,W,H,F,17,R,N,,Residence/Home,Home,Firearm,,C
211186255,189891052,2024-02-15,Winston-Salem,NC0340200,13A,H,W,H,M,10,R,N,,Residence/Home,Home,Firearm,,C
211186256,189891052,2024-02-15,Winston-Salem,NC0340200,13A,H,W,H,F,51,R,N,,Residence/Home,Home,Firearm,,C
211186257,189891052,2024-02-15,Winston-Salem,NC0340200,13A,H,W,H,F,22,R,N,,Residence/Home,Home,Firearm,,C
211186258,189891052,2024-02-15,Winston-Salem,NC0340200,13A,W,W,N,F,14,R,N,,Residence/Home,Home,Firearm,,C
211186259,189891052,2024-02-15,Winston-Salem,NC0340200,13A,H,W,H,F,4,R,N,,Residence/Home,Home,Firearm,,C
212860907,191352654,2024-02-15,Winston-Salem,NC0340200,13A,B,B,N,M,18,N,N,AQ,Highway/Road/Alley/Street/Sidewalk,Street & Sidewalk,Firearm,Other Major Injury,C
211186274,189891065,2024-02-16,Winston-Salem,NC0340200,13A,B,B,N,F,40,R,N,PA,Residence/Home,Home,Blunt Object,Minor Injury,C
211186481,189891242,2024-02-16,Winston-Salem,NC0340200,13A,B,B,N,F,35,R,N,OK,Residence/Home,Home,Knife/Cutting Instrument,Minor Injury,C
211186354,189891136,2024-02-17,Winston-Salem,NC0340200,13A,W,W,N,M,39,N,N,AQ,Bar/Nightclub,Bar & Nightclub,Blunt Object,Severe Laceration,C
211186365,189891146,2024-02-17,Winston-Salem,NC0340200,13A,B,B,N,M,57,R,N,,Residence/Home,Home,Unknown,,C
211186384,189891162,2024-02-17,Winston-Salem,NC0340200,13A,B,B,N,F,34,R,N,RU,Amusement Park,Amusement Park,Handgun,,C
211186388,189891165,2024-02-17,Winston-Salem,NC0340200,13A,B,B,N,F,24,R,N,AQ,Highway/Road/Alley/Street/Sidewalk,Street & Sidewalk,Firearm,,C
211186391,189891166,2024-02-17,Winston-Salem,NC0340200,13A,W,W,N,M,35,R,N,ST,Restaurant,Restaurant,Knife/Cutting Instrument,,C
211186407,189891179,2024-02-17,Winston-Salem,NC0340200,13A,H,W,H,F,43,R,Y,XR,Residence/Home,Home,,Minor Injury,C
211186415,189891186,2024-02-17,Winston-Salem,NC0340200,13A,B,B,N,F,47,R,N,AQ,Highway/Road/Alley/Street/Sidewalk,Street & Sidewalk,Knife/Cutting Instrument,Minor Injury,C
211186508,189891268,2024-02-19,Winston-Salem,NC0340200,13A,H,W,H,M,15,R,N,,Highway/Road/Alley/Street/Sidewalk,Street & Sidewalk,Firearm,Other Major Injury,C
211186509,189891269,2024-02-19,Winston-Salem,NC0340200,13A,W,W,N,M,22,R,N,,Residence/Home,Home,Firearm,,C
211186510,189891269,2024-02-19,Winston-Salem,NC0340200,13A,H,W,H,F,20,R,N,,Residence/Home,Home,Firearm,,C
211186511,189891269,2024-02-19,Winston-Salem,NC0340200,13A,H,W,H,F,37,R,N,,Residence/Home,Home,Firearm,,C
211186512,189891269,2024-02-19,Winston-Salem,NC0340200,13A,W,W,N,M,0,R,N,,Residence/Home,Home,Firearm,,C
211186513,189891269,2024-02-19,Winston-Salem,NC0340200,13A,W,W,N,M,31,R,N,,Residence/Home,Home,Firearm,,C
211186514,189891269,2024-02-19,Winston-Salem,NC0340200,13A,W,W,N,F,14,R,N,,Residence/Home,Home,Firearm,,C
211186515,189891269,2024-02-19,Winston-Salem,NC0340200,13A,W,W,N,F,14,R,N,,Residence/Home,Home,Firearm,,C
211186516,189891269,2024-02-19,Winston-Salem,NC0340200,13A,W,W,N,F,14,R,N,,Residence/Home,Home,Firearm,,C
211754217,190386744,2024-02-20,Winston-Salem,NC0340200,13A,B,B,N,F,23,R,N,OK;VO,Grocery/Supermarket,Grocery Store,Motor Vehicle/Vessel,,C
211754218,190386744,2024-02-20,Winston-Salem,NC0340200,13A,W,W,N,F,29,R,N,OK;VO,Grocery/Supermarket,Grocery Store,Motor Vehicle/Vessel,,C
211186738,189891453,2024-02-23,Winston-Salem,NC0340200,13A,H,A,H,M,23,R,N,ST,Highway/Road/Alley/Street/Sidewalk,Street & Sidewalk,Knife/Cutting Instrument,,C
211186769,189891481,2024-02-23,Winston-Salem,NC0340200,13A,W,W,N,M,41,R,N,ST,Highway/Road/Alley/Street/Sidewalk,Street & Sidewalk,Blunt Object,,C
211186770,189891481,2024-02-23,Winston-Salem,NC0340200,13A,W,W,N,M,12,R,N,ST,Highway/Road/Alley/Street/Sidewalk,Street & Sidewalk,Blunt Object,,C
211186758,189891471,2024-02-24,Winston-Salem,NC0340200,13A,B,B,N,M,48,R,Y,BG,Residence/Home,Home,Blunt Object,,C
211186792,189891502,2024-02-24,Winston-Salem,NC0340200,13A,B,B,N,M,63,R,N,AQ;VO,Residence/Home,Home,Blunt Object,Minor Injury,C
211186793,189891502,2024-02-24,Winston-Salem,NC0340200,13A,B,B,N,M,63,R,N,AQ;VO,Residence/Home,Home,Blunt Object,Minor Injury,C
211186804,189891511,2024-02-24,Winston-Salem,NC0340200,13A,W,W,N,M,18,R,N,ST,Highway/Road/Alley/Street/Sidewalk,Street & Sidewalk,Motor Vehicle/Vessel;Personal Weapons,Minor Injury,C
211186821,189891527,2024-02-25,Winston-Salem,NC0340200,13A,W,W,N,F,26,R,Y,SE,Residence/Home,Home,Knife/Cutting Instrument;Personal Weapons,,C
211186827,189891532,2024-02-25,Winston-Salem,NC0340200,13A,W,W,N,F,43,N,N,RU,Bar/Nightclub,Bar & Nightclub,Handgun,Minor Injury,C
211186842,189891546,2024-02-25,Winston-Salem,NC0340200,13A,H,W,H,M,30,R,N,,Residence/Home,Home,Firearm,,C
211186843,189891546,2024-02-25,Winston-Salem,NC0340200,13A,H,W,H,F,27,N,N,,Residence/Home,Home,Firearm,,C
211186844,189891546,2024-02-25,Winston-Salem,NC0340200,13A,B,B,N,F,70,R,N,,Residence/Home,Home,Firearm,,C
211186845,189891546,2024-02-25,Winston-Salem,NC0340200,13A,H,W,H,M,29,R,N,,Residence/Home,Home,Firearm,,C
211186929,189891619,2024-02-26,Winston-Salem,NC0340200,13A,W,W,N,F,19,R,N,RU,Drug Store/Doctor's Office/Hospital,Hospital & Clinic,Personal Weapons,,C
211186959,189891649,2024-02-27,Winston-Salem,NC0340200,13A,H,W,H,M,24,R,N,RU,Residence/Home,Home,Handgun,,C
211186963,189891652,2024-02-27,Winston-Salem,NC0340200,13A,B,B,N,M,7,R,N,NE,Highway/Road/Alley/Street/Sidewalk,Street & Sidewalk,Handgun,,C
211186978,189891666,2024-02-27,Winston-Salem,NC0340200,13A,W,W,N,M,39,N,N,ST,Bar/Nightclub,Bar & Nightclub,Personal Weapons,Severe Laceration,C
211186984,189891672,2024-02-28,Winston-Salem,NC0340200,13A,A,A,N,M,34,R,N,NE,Residence/Home,Home,Knife/Cutting Instrument,Severe Laceration,C
211187068,189891746,2024-02-29,Winston-Salem,NC0340200,13A,W,W,N,F,33,N,N,AQ,Residence/Home,Home,Handgun,,C
211754255,190386761,2024-03-01,Winston-Salem,NC0340200,13A,W,W,N,F,55,R,N,PA,Residence/Home,Home,Knife/Cutting Instrument,,C
211754265,190386771,2024-03-01,Winston-Salem,NC0340200,13A,B,B,N,M,31,R,Y,VO;XR,Highway/Road/Alley/Street/Sidewalk,Street & Sidewalk,Blunt Object;Knife/Cutting Instrument,Minor Injury,C
211754266,190386771,2024-03-01,Winston-Salem,NC0340200,13A,B,B,N,M,19,R,Y,VO;XR,Highway/Road/Alley/Street/Sidewalk,Street & Sidewalk,Blunt Object;Knife/Cutting Instrument,Minor Injury,C
211754274,190386777,2024-03-01,Winston-Salem,NC0340200,13A,B,B,N,M,67,R,N,OK,Residence/Home,Home,Other Firearm,,C
211754276,190386777,2024-03-01,Winston-Salem,NC0340200,13A,B,B,N,M,31,R,N,OK,Residence/Home,Home,Other Firearm,,C
211754277,190386777,2024-03-01,Winston-Salem,NC0340200,13A,B,B,N,F,25,R,N,OK,Residence/Home,Home,Other Firearm,,C
211754312,190386806,2024-03-02,Winston-Salem,NC0340200,13A,W,W,N,F,30,R,N,ST,Parking/Drop Lot/Garage,Parking Lot,Handgun,,C
211754353,190386839,2024-03-03,Winston-Salem,NC0340200,13A,H,W,H,M,58,R,N,RU,Highway/Road/Alley/Street/Sidewalk,Street & Sidewalk,Handgun,,C
211754354,190386839,2024-03-03,Winston-Salem,NC0340200,13A,W,W,N,M,44,R,N,RU,Highway/Road/Alley/Street/Sidewalk,Street & Sidewalk,Handgun,,C
211754355,190386839,2024-03-03,Winston-Salem,NC0340200,13A,B,B,N,M,53,R,N,RU,Highway/Road/Alley/Street/Sidewalk,Street & Sidewalk,Handgun,,C
211754372,190386852,2024-03-03,Winston-Salem,NC0340200,13A,B,B,N,F,41,R,N,,Residence/Home,Home,Handgun,,C
211754373,190386852,2024-03-03,Winston-Salem,NC0340200,13A,B,B,N,F,16,R,N,,Residence/Home,Home,Handgun,,C
211754374,190386852,2024-03-03,Winston-Salem,NC0340200,13A,B,B,N,F,2,R,N,,Residence/Home,Home,Handgun,,C
211754378,190386856,2024-03-03,Winston-Salem,NC0340200,13A,B,B,N,F,24,R,Y,BG;VO,Residence/Home,Home,Firearm;Knife/Cutting Instrument,,C
211754379,190386856,2024-03-03,Winston-Salem,NC0340200,13A,B,B,N,M,22,R,Y,BG;VO,Residence/Home,Home,Firearm;Knife/Cutting Instrument,,C
211754383,190386859,2024-03-03,Winston-Salem,NC0340200,13A,H,W,H,F,51,R,N,AQ,Residence/Home,Home,Knife/Cutting Instrument,,C
211754398,190386874,2024-03-03,Winston-Salem,NC0340200,13A,B,B,N,M,60,R,N,NE,Residence/Home,Home,Handgun,,C
211754399,190386874,2024-03-03,Winston-Salem,NC0340200,13A,B,B,N,F,27,R,N,NE,Residence/Home,Home,Handgun,,C
211754400,190386874,2024-03-03,Winston-Salem,NC0340200,13A,B,B,N,M,11,R,N,NE,Residence/Home,Home,Handgun,,C
211754401,190386874,2024-03-03,Winston-Salem,NC0340200,13A,B,B,N,M,5,R,N,NE,Residence/Home,Home,Handgun,,C
211754417,190386888,2024-03-03,Winston-Salem,NC0340200,13A,B,B,N,F,67,R,N,,Highway/Road/Alley/Street/Sidewalk,Street & Sidewalk,Firearm,,C
211754418,190386888,2024-03-03,Winston-Salem,NC0340200,13A,B,B,N,M,17,R,N,,Highway/Road/Alley/Street/Sidewalk,Street & Sidewalk,Firearm,,C
211754426,190386896,2024-03-04,Winston-Salem,NC0340200,13A,H,W,H,F,31,R,N,,Gambling Facility/Casino/Race Track,Casino & Race Track,Handgun,,C
211754429,190386899,2024-03-04,Winston-Salem,NC0340200,13A,B,B,N,M,42,R,N,,Bar/Nightclub,Bar & Nightclub,,Apparent Broken Bones,C
211754450,190386916,2024-03-04,Winston-Salem,NC0340200,13A,B,B,N,M,32,R,Y,BG,Residence/Home,Home,Handgun,Other Major Injury,C
211754498,190386961,2024-03-05,Winston-Salem,NC0340200,13A,W,W,N,M,40,N,N,,Highway/Road/Alley/Street/Sidewalk,Street & Sidewalk,Handgun,,C
211754545,190387003,2024-03-05,Winston-Salem,NC0340200,13A,B,B,N,F,56,R,N,NE,Residence/Home,Home,Blunt Object,Minor Injury,C
230306738,206546126,2024-03-05,Winston-Salem,NC0340200,13A,W,W,N,F,24,R,Y,BG,Residence/Home,Home,Handgun,,C
211770380,190400800,2024-03-06,Winston-Salem,NC0340200,13A,B,B,N,F,34,R,Y,BG,Residence/Home,Home,Motor Vehicle/Vessel,Minor Injury,C
211754704,190387149,2024-03-07,Winston-Salem,NC0340200,13A,B,B,N,M,28,R,N,,Highway/Road/Alley/Street/Sidewalk,Street & Sidewalk,Firearm,Minor Injury,C
211754718,190387163,2024-03-07,Winston-Salem,NC0340200,13A,W,W,N,F,57,R,N,,Residence/Home,Home,Firearm,,C
211754736,190387176,2024-03-08,Winston-Salem,NC0340200,13A,B,B,N,M,17,R,N,,Highway/Road/Alley/Street/Sidewalk,Street & Sidewalk,Handgun,Other Major Injury,C
211754738,190387178,2024-03-08,Winston-Salem,NC0340200,13A,B,B,N,M,51,R,N,OK,Residence/Home,Home,Firearm,,C
211754754,190387192,2024-03-08,Winston-Salem,NC0340200,13A,B,B,N,M,26,R,Y,BG;ST,Parking/Drop Lot/Garage,Parking Lot,Handgun,,C
211754759,190387197,2024-03-08,Winston-Salem,NC0340200,13A,W,W,N,F,47,N,N,OK,School-Elementary/Secondary,K-12 School,Blunt Object,Possible Internal Injury,C
211754768,190387204,2024-03-08,Winston-Salem,NC0340200,13A,B,B,N,M,38,R,Y,BG,Residence/Home,Home,Personal Weapons,Minor Injury,C
211754774,190387208,2024-03-08,Winston-Salem,NC0340200,13A,W,W,N,F,43,N,N,ST,Specialty Store,Specialty Store,Other Firearm,,C
211754775,190387208,2024-03-08,Winston-Salem,NC0340200,13A,W,W,N,M,31,N,N,ST,Specialty Store,Specialty Store,Other Firearm,,C
211754776,190387208,2024-03-08,Winston-Salem,NC0340200,13A,W,W,N,M,31,N,N,ST,Specialty Store,Specialty Store,Other Firearm,,C
211754807,190387232,2024-03-08,Winston-Salem,NC0340200,13A,B,B,N,M,27,R,N,,Highway/Road/Alley/Street/Sidewalk,Street & Sidewalk,Firearm,Other Major Injury,C
211754823,190387247,2024-03-09,Winston-Salem,NC0340200,13A,B,B,N,F,40,R,Y,BG,Residence/Home,Home,Personal Weapons,Apparent Broken Bones,C
211754834,190387256,2024-03-09,Winston-Salem,NC0340200,13A,H,W,H,M,26,R,N,,Highway/Road/Alley/Street/Sidewalk,Street & Sidewalk,Blunt Object,Minor Injury,C
211754849,190387271,2024-03-09,Winston-Salem,NC0340200,13A,H,W,H,M,20,R,N,SB,Residence/Home,Home,Handgun,,C
211754905,190387322,2024-03-09,Winston-Salem,NC0340200,13A,B,B,N,M,40,R,N,AQ;VO,Residence/Home,Home,Knife/Cutting Instrument,Minor Injury,C
211754906,190387322,2024-03-09,Winston-Salem,NC0340200,13A,B,B,N,M,19,R,N,AQ;VO,Residence/Home,Home,Knife/Cutting Instrument,Minor Injury,C
211755023,190387424,2024-03-09,Winston-Salem,NC0340200,13A,W,W,N,F,53,N,N,,Highway/Road/Alley/Street/Sidewalk,Street & Sidewalk,Handgun,,C
211755024,190387424,2024-03-09,Winston-Salem,NC0340200,13A,W,W,N,M,57,N,N,,Highway/Road/Alley/Street/Sidewalk,Street & Sidewalk,Handgun,,C
223300504,200431029,2024-03-09,Winston-Salem,NC0340200,13A,B,B,N,M,31,N,N,AQ,Gambling Facility/Casino/Race Track,Casino & Race Track,Handgun,Other Major Injury,C
211755989,190388291,2024-03-10,Winston-Salem,NC0340200,13A,W,W,N,M,23,N,N,RU,Residence/Home,Home,Handgun,Other Major Injury,C
211757054,190389220,2024-03-10,Winston-Salem,NC0340200,13A,W,W,N,M,2,R,N,,Residence/Home,Home,Firearm,,C
211757055,190389220,2024-03-10,Winston-Salem,NC0340200,13A,W,W,N,F,19,R,N,,Residence/Home,Home,Firearm,,C
211759401,190391293,2024-03-10,Winston-Salem,NC0340200,13A,H,W,H,F,56,R,N,NE,Residence/Home,Home,Blunt Object;Knife/Cutting Instrument,,C
217148826,195079709,2024-03-10,Winston-Salem,NC0340200,13A,H,W,H,M,33,R,N,AQ,Residence/Home,Home,Knife/Cutting Instrument,Minor Injury,C
211758749,190390710,2024-03-11,Winston-Salem,NC0340200,13A,B,B,N,M,68,R,N,OF,Residence/Home,Home,Knife/Cutting Instrument,Severe Laceration,C
211759305,190391208,2024-03-11,Winston-Salem,NC0340200,13A,B,B,N,M,33,R,Y,BG,Residence/Home,Home,Knife/Cutting Instrument,Minor Injury,C
211761610,190393180,2024-03-11,Winston-Salem,NC0340200,13A,B,B,N,M,48,R,Y,BG,Residence/Home,Home,Blunt Object,Minor Injury,C
211761682,190393242,2024-03-12,Winston-Salem,NC0340200,13A,B,B,N,M,56,R,N,,Residence/Home,Home,Rifle,,C
211763971,190395228,2024-03-12,Winston-Salem,NC0340200,13A,B,B,N,M,18,R,N,OK,Highway/Road/Alley/Street/Sidewalk,Street & Sidewalk,Firearm,,C
211763972,190395228,2024-03-12,Winston-Salem,NC0340200,13A,H,B,H,M,17,N,N,OK,Highway/Road/Alley/Street/Sidewalk,Street & Sidewalk,Firearm,,C
211763973,190395228,2024-03-12,Winston-Salem,NC0340200,13A,B,B,N,M,22,R,N,OK,Highway/Road/Alley/Street/Sidewalk,Street & Sidewalk,Firearm,,C
211769122,190399726,2024-03-13,Winston-Salem,NC0340200,13A,W,W,N,M,24,R,N,OK,Bar/Nightclub,Bar & Nightclub,Handgun,,C
211769123,190399726,2024-03-13,Winston-Salem,NC0340200,13A,W,W,N,F,25,N,N,OK,Bar/Nightclub,Bar & Nightclub,Handgun,,C
211769156,190399752,2024-03-13,Winston-Salem,NC0340200,13A,W,W,N,F,26,R,N,,Residence/Home,Home,Other,,C
211769157,190399752,2024-03-13,Winston-Salem,NC0340200,13A,B,B,N,F,44,R,N,,Residence/Home,Home,Other,,C
211769158,190399752,2024-03-13,Winston-Salem,NC0340200,13A,B,B,N,M,32,R,N,,Residence/Home,Home,Other,,C
211769159,190399752,2024-03-13,Winston-Salem,NC0340200,13A,B,B,N,F,39,R,N,,Residence/Home,Home,Other,,C
211769165,190399758,2024-03-13,Winston-Salem,NC0340200,13A,H,B,H,M,17,N,N,,Residence/Home,Home,Other Firearm,Other Major Injury,C
211769201,190399788,2024-03-14,Winston-Salem,NC0340200,13A,B,B,N,F,56,R,N,PA,Residence/Home,Home,Blunt Object,Minor Injury,C
211769213,190399799,2024-03-15,Winston-Salem,NC0340200,13A,B,B,N,M,27,R,Y,XR,Residence/Home,Home,Knife/Cutting Instrument,,C
211769215,190399801,2024-03-15,Winston-Salem,NC0340200,13A,W,W,N,M,37,R,N,FR,Residence/Home,Home,Knife/Cutting Instrument,Minor Injury,C
211769236,190399820,2024-03-15,Winston-Salem,NC0340200,13A,W,W,N,F,36,R,N,OK,Highway/Road/Alley/Street/Sidewalk,Street & Sidewalk,Motor Vehicle/Vessel,,C
211769237,190399820,2024-03-15,Winston-Salem,NC0340200,13A,W,W,N,F,13,R,N,OK,Highway/Road/Alley/Street/Sidewalk,Street & Sidewalk,Motor Vehicle/Vessel,,C
211769249,190399829,2024-03-15,Winston-Salem,NC0340200,13A,B,B,N,F,39,R,N,AQ,Residence/Home,Home,Motor Vehicle/Vessel,,C
211769252,190399832,2024-03-15,Winston-Salem,NC0340200,13A,H,B,H,F,22,R,Y,XR,Convenience Store,Convenience Store,Personal Weapons,Apparent Broken Bones,C
211769287,190399860,2024-03-16,Winston-Salem,NC0340200,13A,H,W,H,F,23,R,Y,BG,Residence/Home,Home,Personal Weapons,Minor Injury;Possible Internal Injury;Unconscious,C
211769298,190399869,2024-03-16,Winston-Salem,NC0340200,13A,B,B,N,F,47,R,N,OK,Parking/Drop Lot/Garage,Parking Lot,Other,,C
211769299,190399869,2024-03-16,Winston-Salem,NC0340200,13A,B,B,N,M,27,R,Y,BG,Parking/Drop Lot/Garage,Parking Lot,Other,,C
211769326,190399892,2024-03-16,Winston-Salem,NC0340200,13A,B,B,N,F,31,R,N,RU,Highway/Road/Alley/Street/Sidewalk,Street & Sidewalk,Knife/Cutting Instrument,Minor Injury,C
211769333,190399898,2024-03-16,Winston-Salem,NC0340200,13A,B,B,N,F,46,N,Y,BG,Highway/Road/Alley/Street/Sidewalk,Street & Sidewalk,Knife/Cutting Instrument,,C
212860926,191352669,2024-03-16,Winston-Salem,NC0340200,13A,B,B,N,M,52,R,N,,Highway/Road/Alley/Street/Sidewalk,Street & Sidewalk,Motor Vehicle/Vessel,Minor Injury,C
230306742,206546130,2024-03-16,Winston-Salem,NC0340200,13A,A,A,N,M,29,R,N,,Residence/Home,Home,Firearm,,C
211769356,190399920,2024-03-17,Winston-Salem,NC0340200,13A,W,W,N,M,37,R,N,RU,Highway/Road/Alley/Street/Sidewalk,Street & Sidewalk,Handgun,,C
211769365,190399928,2024-03-17,Winston-Salem,NC0340200,13A,H,W,H,M,38,R,N,,Residence/Home,Home,Knife/Cutting Instrument,,C
211769367,190399930,2024-03-17,Winston-Salem,NC0340200,13A,H,W,H,F,39,R,Y,BG,Residence/Home,Home,Knife/Cutting Instrument,Minor Injury,C
211769369,190399932,2024-03-17,Winston-Salem,NC0340200,13A,B,B,N,M,79,R,N,,Highway/Road/Alley/Street/Sidewalk,Street & Sidewalk,Handgun,,C
211769376,190399939,2024-03-17,Winston-Salem,NC0340200,13A,B,B,N,M,50,R,N,,Highway/Road/Alley/Street/Sidewalk,Street & Sidewalk,Blunt Object,Minor Injury,C
211769398,190399959,2024-03-18,Winston-Salem,NC0340200,13A,B,B,N,M,29,R,N,,Residence/Home,Home,Firearm,,C
211770198,190400634,2024-03-18,Winston-Salem,NC0340200,13A,B,B,N,F,0,R,N,,Residence/Home,Home,Unknown,Apparent Broken Bones,C
211769476,190400025,2024-03-20,Winston-Salem,NC0340200,13A,B,B,N,F,20,R,N,,Highway/Road/Alley/Street/Sidewalk,Street & Sidewalk,Firearm,,C
211769477,190400025,2024-03-20,Winston-Salem,NC0340200,13A,B,B,N,M,1,R,N,,Highway/Road/Alley/Street/Sidewalk,Street & Sidewalk,Firearm,,C
211769478,190400025,2024-03-20,Winston-Salem,NC0340200,13A,B,B,N,M,0,R,N,,Highway/Road/Alley/Street/Sidewalk,Street & Sidewalk,Firearm,,C
211769500,190400036,2024-03-20,Winston-Salem,NC0340200,13A,W,W,N,M,61,R,N,ST,Highway/Road/Alley/Street/Sidewalk,Street & Sidewalk,Firearm,,C
211769511,190400047,2024-03-20,Winston-Salem,NC0340200,13A,W,W,N,M,23,N,N,RU,Parking/Drop Lot/Garage,Parking Lot,Blunt Object;Handgun,Minor Injury,C
211769523,190400058,2024-03-20,Winston-Salem,NC0340200,13A,B,B,N,F,36,N,N,,Residence/Home,Home,Firearm,,C
211769568,190400097,2024-03-21,Winston-Salem,NC0340200,13A,B,B,N,F,36,R,Y,BG,Residence/Home,Home,Handgun;Personal Weapons,Minor Injury,C
211769609,190400125,2024-03-21,Winston-Salem,NC0340200,13A,W,W,N,M,47,R,Y,XR,Highway/Road/Alley/Street/Sidewalk,Street & Sidewalk,Handgun,,C
211769613,190400128,2024-03-21,Winston-Salem,NC0340200,13A,H,W,H,M,14,U,N,AQ,Arena/Stadium/Fairgrounds/Coliseum,Arena & Stadium,Knife/Cutting Instrument,Minor Injury,C
211769622,190400136,2024-03-21,Winston-Salem,NC0340200,13A,B,B,N,M,53,R,Y,SE;VO,Residence/Home,Home,Personal Weapons,,C
211769623,190400136,2024-03-21,Winston-Salem,NC0340200,13A,B,B,N,F,45,R,Y,SE;VO,Residence/Home,Home,Personal Weapons,,C
214835214,193070419,2024-03-22,Winston-Salem,NC0340200,13A,B,B,N,M,49,R,Y,BG,Residence/Home,Home,Knife/Cutting Instrument,Severe Laceration,C
211769731,190400225,2024-03-23,Winston-Salem,NC0340200,13A,B,B,N,F,17,R,N,,Highway/Road/Alley/Street/Sidewalk,Street & Sidewalk,Personal Weapons,Minor Injury,C
211769732,190400225,2024-03-23,Winston-Salem,NC0340200,13A,B,B,N,F,16,R,N,,Highway/Road/Alley/Street/Sidewalk,Street & Sidewalk,Personal Weapons,Minor Injury,C
211769741,190400233,2024-03-23,Winston-Salem,NC0340200,13A,B,B,N,M,53,R,Y,BG,Residence/Home,Home,Blunt Object,Minor Injury,C
211769746,190400238,2024-03-23,Winston-Salem,NC0340200,13A,B,B,N,M,37,R,Y,BG,Hotel/Motel/Etc.,Hotel & Motel,Blunt Object,Minor Injury,C
211769783,190400273,2024-03-23,Winston-Salem,NC0340200,13A,H,W,H,M,33,R,Y,BG,Residence/Home,Home,Other,Minor Injury,C
211769824,190400314,2024-03-23,Winston-Salem,NC0340200,13A,B,B,N,F,43,R,Y,BG,Highway/Road/Alley/Street/Sidewalk,Street & Sidewalk,Unknown,Minor Injury,C
211769834,190400324,2024-03-24,Winston-Salem,NC0340200,13A,H,W,H,M,22,N,N,,Highway/Road/Alley/Street/Sidewalk,Street & Sidewalk,Firearm,Other Major Injury,C
211769843,190400330,2024-03-24,Winston-Salem,NC0340200,13A,B,B,N,F,44,R,Y,BG,Residence/Home,Home,Blunt Object,,C
211769850,190400337,2024-03-24,Winston-Salem,NC0340200,13A,H,B,H,M,12,R,N,AQ,Highway/Road/Alley/Street/Sidewalk,Street & Sidewalk,Other Firearm,,C
211769851,190400337,2024-03-24,Winston-Salem,NC0340200,13A,B,B,N,M,13,R,N,AQ,Highway/Road/Alley/Street/Sidewalk,Street & Sidewalk,Other Firearm,,C
211769854,190400340,2024-03-24,Winston-Salem,NC0340200,13A,H,B,H,M,12,R,N,AQ,Highway/Road/Alley/Street/Sidewalk,Street & Sidewalk,Other Firearm,,C
211769855,190400340,2024-03-24,Winston-Salem,NC0340200,13A,B,B,N,M,13,R,N,AQ,Highway/Road/Alley/Street/Sidewalk,Street & Sidewalk,Other Firearm,,C
211769867,190400349,2024-03-24,Winston-Salem,NC0340200,13A,B,B,N,M,38,R,N,ST,Service/Gas Station,Gas Station,Blunt Object,Unconscious,C
230306745,206546133,2024-03-24,Winston-Salem,NC0340200,13A,B,B,N,F,41,R,N,OK,Parking/Drop Lot/Garage,Parking Lot,Firearm,,C
211769890,190400371,2024-03-25,Winston-Salem,NC0340200,13A,W,W,N,F,23,R,Y,SE,Residence/Home,Home,Motor Vehicle/Vessel,Minor Injury,C
214835219,193070424,2024-03-25,Winston-Salem,NC0340200,13A,B,B,N,F,29,R,N,RU,Residence/Home,Home,Rifle,,C
214835220,193070424,2024-03-25,Winston-Salem,NC0340200,13A,B,B,N,F,62,R,N,RU,Residence/Home,Home,Rifle,,C
211769940,190400412,2024-03-26,Winston-Salem,NC0340200,13A,B,B,N,F,33,R,N,OK,Residence/Home,Home,Rifle,,C
211769964,190400433,2024-03-26,Winston-Salem,NC0340200,13A,H,W,H,M,32,R,N,RU,Daycare Facility,Daycare Facility,,Other Major Injury,C
211769972,190400441,2024-03-26,Winston-Salem,NC0340200,13A,B,B,N,F,56,R,N,GP;PA,Residence/Home,Home,Blunt Object;Knife/Cutting Instrument,,C
211769973,190400441,2024-03-26,Winston-Salem,NC0340200,13A,B,B,N,F,35,R,N,PA;VO,Residence/Home,Home,Blunt Object;Knife/Cutting Instrument,,C
211769974,190400441,2024-03-26,Winston-Salem,NC0340200,13A,B,B,N,M,13,R,N,CH;VO,Residence/Home,Home,Blunt Object;Knife/Cutting Instrument,,C
211769975,190400441,2024-03-26,Winston-Salem,NC0340200,13A,B,B,N,F,12,R,N,CH;SB,Residence/Home,Home,Blunt Object;Knife/Cutting Instrument,,C
211770013,190400474,2024-03-27,Winston-Salem,NC0340200,13A,B,B,N,M,59,R,N,AQ,Residence/Home,Home,Knife/Cutting Instrument,Minor Injury,C
211770019,190400479,2024-03-28,Winston-Salem,NC0340200,13A,B,B,N,F,27,R,Y,BG,Residence/Home,Home,Firearm,,C
211770045,190400500,2024-03-28,Winston-Salem,NC0340200,13A,B,B,N,F,42,R,N,,Bank/Savings and Loan,Bank,Motor Vehicle/Vessel,,C
211770063,190400515,2024-03-28,Winston-Salem,NC0340200,13A,H,W,H,F,35,R,N,OK,Residence/Home,Home,Personal Weapons,,C
212860936,191352678,2024-03-29,Winston-Salem,NC0340200,13A,B,B,N,M,44,R,N,,Residence/Home,Home,Handgun,,C
212860937,191352678,2024-03-29,Winston-Salem,NC0340200,13A,B,B,N,F,36,R,N,,Residence/Home,Home,Handgun,,C
212860938,191352678,2024-03-29,Winston-Salem,NC0340200,13A,B,B,N,F,17,R,N,,Residence/Home,Home,Handgun,,C
212860939,191352678,2024-03-29,Winston-Salem,NC0340200,13A,B,B,N,M,16,R,N,,Residence/Home,Home,Handgun,,C
212860940,191352678,2024-03-29,Winston-Salem,NC0340200,13A,B,B,N,M,18,R,N,,Residence/Home,Home,Handgun,,C
217148837,195079720,2024-03-31,Winston-Salem,NC0340200,13A,B,B,N,F,50,R,Y,BG,Residence/Home,Home,Knife/Cutting Instrument,Severe Laceration,C
212860963,191352698,2024-04-01,Winston-Salem,NC0340200,13A,B,B,N,M,51,R,N,FR,Residence/Home,Home,Motor Vehicle/Vessel,Minor Injury,C
212860974,191352709,2024-04-01,Winston-Salem,NC0340200,13A,B,B,N,M,45,R,Y,CS,Residence/Home,Home,Blunt Object,Minor Injury,C
212860989,191352720,2024-04-01,Winston-Salem,NC0340200,13A,B,B,N,F,45,N,Y,BG;VO,Hotel/Motel/Etc.,Hotel & Motel,Personal Weapons,Other Major Injury,C
212860990,191352720,2024-04-01,Winston-Salem,NC0340200,13A,B,B,N,M,40,R,Y,BG;VO,Hotel/Motel/Etc.,Hotel & Motel,Personal Weapons,Severe Laceration,C
212860991,191352721,2024-04-01,Winston-Salem,NC0340200,13A,W,W,N,M,66,R,Y,SE,Parking/Drop Lot/Garage,Parking Lot,Motor Vehicle/Vessel,Minor Injury,C
212861013,191352738,2024-04-02,Winston-Salem,NC0340200,13A,B,B,N,M,60,R,Y,CS,Highway/Road/Alley/Street/Sidewalk,Street & Sidewalk,Knife/Cutting Instrument,Minor Injury,C
212861017,191352742,2024-04-02,Winston-Salem,NC0340200,13A,B,B,N,M,58,R,N,SB,Highway/Road/Alley/Street/Sidewalk,Street & Sidewalk,Blunt Object,Minor Injury,C
212861044,191352766,2024-04-02,Winston-Salem,NC0340200,13A,B,B,N,M,61,R,N,RU,Residence/Home,Home,Firearm,,C
214835232,193070434,2024-04-02,Winston-Salem,NC0340200,13A,W,W,N,M,38,R,N,ST,Service/Gas Station,Gas Station,Other,,C
214835233,193070434,2024-04-02,Winston-Salem,NC0340200,13A,H,W,H,M,58,N,N,ST,Service/Gas Station,Gas Station,Other,,C
212861067,191352786,2024-04-03,Winston-Salem,NC0340200,13A,B,B,N,M,39,R,Y,XR,Highway/Road/Alley/Street/Sidewalk,Street & Sidewalk,Motor Vehicle/Vessel,,C
223300537,200431056,2024-04-03,Winston-Salem,NC0340200,13A,B,B,U,F,39,U,N,RU,Residence/Home,Home,Other Firearm,,C
223300538,200431056,2024-04-03,Winston-Salem,NC0340200,13A,B,B,N,M,15,R,N,RU,Residence/Home,Home,Other Firearm,,C
223300539,200431056,2024-04-03,Winston-Salem,NC0340200,13A,B,B,N,F,17,R,N,RU,Residence/Home,Home,Other Firearm,,C
223300540,200431056,2024-04-03,Winston-Salem,NC0340200,13A,B,B,N,M,6,R,N,RU,Residence/Home,Home,Other Firearm,,C
223300542,200431058,2024-04-03,Winston-Salem,NC0340200,13A,B,B,N,F,47,R,N,RU,Residence/Home,Home,Firearm,,C
223300543,200431058,2024-04-03,Winston-Salem,NC0340200,13A,B,B,N,F,18,R,N,RU,Residence/Home,Home,Firearm,,C
223300544,200431058,2024-04-03,Winston-Salem,NC0340200,13A,B,B,N,F,21,R,N,RU,Residence/Home,Home,Firearm,,C
223300545,200431058,2024-04-03,Winston-Salem,NC0340200,13A,B,B,N,M,0,R,N,RU,Residence/Home,Home,Firearm,,C
212861114,191352819,2024-04-04,Winston-Salem,NC0340200,13A,B,B,N,M,20,R,N,OK,Parking/Drop Lot/Garage,Parking Lot,Knife/Cutting Instrument,Minor Injury,C
212861118,191352823,2024-04-04,Winston-Salem,NC0340200,13A,B,B,N,M,29,N,Y,CS,Residence/Home,Home,Handgun,Other Major Injury,C
212861122,191352826,2024-04-04,Winston-Salem,NC0340200,13A,B,B,N,M,32,R,N,,Highway/Road/Alley/Street/Sidewalk,Street & Sidewalk,Knife/Cutting Instrument,Minor Injury,C
212861199,191352894,2024-04-06,Winston-Salem,NC0340200,13A,B,B,N,F,32,R,Y,BG,Hotel/Motel/Etc.,Hotel & Motel,Handgun,,C
212861202,191352897,2024-04-06,Winston-Salem,NC0340200,13A,H,W,H,F,31,R,N,AQ,Highway/Road/Alley/Street/Sidewalk,Street & Sidewalk,Motor Vehicle/Vessel,Other Major Injury,C
212861204,191352899,2024-04-06,Winston-Salem,NC0340200,13A,H,W,H,F,29,R,Y,SE,Residence/Home,Home,Blunt Object,Severe Laceration,C
212861221,191352914,2024-04-06,Winston-Salem,NC0340200,13A,B,B,N,M,38,R,N,,Grocery/Supermarket,Grocery Store,Knife/Cutting Instrument,,C
212861248,191352934,2024-04-06,Winston-Salem,NC0340200,13A,H,W,H,M,43,R,N,,Residence/Home,Home,Firearm,,C
212861249,191352934,2024-04-06,Winston-Salem,NC0340200,13A,H,U,H,F,42,R,N,,Residence/Home,Home,Firearm,,C
214835244,193070445,2024-04-06,Winston-Salem,NC0340200,13A,B,B,N,F,21,R,N,RU,Residence/Home,Home,Handgun,Minor Injury,C
212861285,191352962,2024-04-07,Winston-Salem,NC0340200,13A,B,B,N,F,36,R,N,OK,Highway/Road/Alley/Street/Sidewalk,Street & Sidewalk,Motor Vehicle/Vessel,,C
212861299,191352972,2024-04-07,Winston-Salem,NC0340200,13A,H,W,H,M,40,R,N,FR,Residence/Home,Home,Firearm,,C
212861300,191352972,2024-04-07,Winston-Salem,NC0340200,13A,H,W,H,F,31,R,N,AQ,Residence/Home,Home,Firearm,,C
212861301,191352972,2024-04-07,Winston-Salem,NC0340200,13A,W,W,N,M,33,R,N,FR,Residence/Home,Home,Firearm,,C
212861302,191352972,2024-04-07,Winston-Salem,NC0340200,13A,W,W,N,M,32,R,N,FR,Residence/Home,Home,Firearm,,C
212861303,191352972,2024-04-07,Winston-Salem,NC0340200,13A,W,W,N,M,3,R,N,AQ,Residence/Home,Home,Firearm,,C
212861304,191352972,2024-04-07,Winston-Salem,NC0340200,13A,W,W,N,F,10,R,N,AQ,Residence/Home,Home,Firearm,,C
212861305,191352972,2024-04-07,Winston-Salem,NC0340200,13A,W,W,N,U,2,R,N,AQ,Residence/Home,Home,Firearm,,C
212861306,191352972,2024-04-07,Winston-Salem,NC0340200,13A,W,W,N,F,7,R,N,AQ,Residence/Home,Home,Firearm,,C
220527761,198019479,2024-04-07,Winston-Salem,NC0340200,13A,B,B,N,M,20,R,N,AQ,Residence/Home,Home,Handgun,,C
212861310,191352975,2024-04-08,Winston-Salem,NC0340200,13A,B,B,N,F,48,R,N,RU,Residence/Home,Home,Firearm,,C
212861311,191352975,2024-04-08,Winston-Salem,NC0340200,13A,B,B,N,F,41,R,N,RU,Residence/Home,Home,Firearm,,C
212861344,191353002,2024-04-08,Winston-Salem,NC0340200,13A,H,W,H,F,34,R,Y,XR,Residence/Home,Home,Motor Vehicle/Vessel,Possible Internal Injury,C
212861378,191353029,2024-04-09,Winston-Salem,NC0340200,13A,B,B,N,M,22,R,N,SB,Residence/Home,Home,Handgun,,C
214835254,193070450,2024-04-09,Winston-Salem,NC0340200,13A,B,B,N,M,18,R,N,,Highway/Road/Alley/Street/Sidewalk,Street & Sidewalk,Firearm,Other Major Injury,C
214835257,193070452,2024-04-09,Winston-Salem,NC0340200,13A,B,B,N,F,37,R,N,ST;VO,Parking/Drop Lot/Garage,Parking Lot,Other,,C
214835258,193070452,2024-04-09,Winston-Salem,NC0340200,13A,B,B,N,M,23,R,N,ST;VO,Parking/Drop Lot/Garage,Parking Lot,Other,Minor Injury,C
212861452,191353082,2024-04-10,Winston-Salem,NC0340200,13A,W,W,N,F,3,R,N,,Residence/Home,Home,Personal Weapons,Apparent Broken Bones,C
212861464,191353091,2024-04-10,Winston-Salem,NC0340200,13A,B,B,N,F,57,R,N,OK,Highway/Road/Alley/Street/Sidewalk,Street & Sidewalk,Motor Vehicle/Vessel,,C
212861468,191353094,2024-04-10,Winston-Salem,NC0340200,13A,W,W,N,M,27,R,N,ST,Grocery/Supermarket,Grocery Store,Handgun,,C
212861477,191353103,2024-04-10,Winston-Salem,NC0340200,13A,B,B,N,F,56,R,N,AQ,Parking/Drop Lot/Garage,Parking Lot,Blunt Object,Minor Injury,C
212861485,191353110,2024-04-10,Winston-Salem,NC0340200,13A,W,W,N,F,67,R,N,,Residence/Home,Home,Firearm,,C
212861486,191353110,2024-04-10,Winston-Salem,NC0340200,13A,W,W,N,F,27,R,N,,Residence/Home,Home,Firearm,,C
212861487,191353110,2024-04-10,Winston-Salem,NC0340200,13A,W,W,N,F,29,R,N,,Residence/Home,Home,Firearm,,C
212861488,191353111,2024-04-10,Winston-Salem,NC0340200,13A,W,W,N,M,30,R,N,AQ,Highway/Road/Alley/Street/Sidewalk,Street & Sidewalk,Firearm,,C
212861491,191353114,2024-04-11,Winston-Salem,NC0340200,13A,B,B,N,F,28,R,Y,BG,Highway/Road/Alley/Street/Sidewalk,Street & Sidewalk,Motor Vehicle/Vessel,,C
212861492,191353115,2024-04-11,Winston-Salem,NC0340200,13A,H,W,H,M,33,R,N,RU,Convenience Store,Convenience Store,Other,,C
212861539,191353156,2024-04-11,Winston-Salem,NC0340200,13A,W,W,N,M,34,R,N,NE,Residence/Home,Home,Knife/Cutting Instrument,Minor Injury,C
212861549,191353165,2024-04-12,Winston-Salem,NC0340200,13A,B,B,N,F,21,R,N,,Park/Playground,Park & Playground,,Minor Injury,C
212861595,191353208,2024-04-12,Winston-Salem,NC0340200,13A,B,B,N,F,12,R,N,,Parking/Drop Lot/Garage,Parking Lot,Blunt Object,,C
212861611,191353223,2024-04-12,Winston-Salem,NC0340200,13A,B,B,N,M,37,R,Y,VO;XR,Residence/Home,Home,Handgun,,C
212861616,191353227,2024-04-12,Winston-Salem,NC0340200,13A,H,W,H,F,38,R,N,,Residence/Home,Home,Other Firearm,,C
212861656,191353263,2024-04-13,Winston-Salem,NC0340200,13A,B,B,N,F,31,R,N,,Residence/Home,Home,Knife/Cutting Instrument,,C
212861676,191353281,2024-04-14,Winston-Salem,NC0340200,13A,H,W,H,M,45,R,N,RU,Residence/Home,Home,Firearm,,C
212861677,191353281,2024-04-14,Winston-Salem,NC0340200,13A,H,W,H,F,20,R,N,RU,Residence/Home,Home,Firearm,Other Major Injury,C
212861678,191353281,2024-04-14,Winston-Salem,NC0340200,13A,H,W,H,M,23,R,N,RU,Residence/Home,Home,Firearm,Other Major Injury,C
212861679,191353281,2024-04-14,Winston-Salem,NC0340200,13A,H,W,H,F,25,R,N,RU,Residence/Home,Home,Firearm,,C
212861680,191353281,2024-04-14,Winston-Salem,NC0340200,13A,W,W,N,M,10,R,N,RU,Residence/Home,Home,Firearm,,C
212861681,191353281,2024-04-14,Winston-Salem,NC0340200,13A,W,W,N,M,5,R,N,RU,Residence/Home,Home,Firearm,,C
212861683,191353283,2024-04-14,Winston-Salem,NC0340200,13A,B,B,N,F,33,R,Y,BG,Residence/Home,Home,Knife/Cutting Instrument,Minor Injury,C
212861705,191353303,2024-04-14,Winston-Salem,NC0340200,13A,H,W,H,M,16,R,N,RU,Restaurant,Restaurant,Firearm,Minor Injury,C
212861719,191353316,2024-04-15,Winston-Salem,NC0340200,13A,B,B,N,M,43,R,Y,XS,Service/Gas Station,Gas Station,Handgun,,C
212861746,191353339,2024-04-15,Winston-Salem,NC0340200,13A,B,B,N,F,33,R,N,OK,Highway/Road/Alley/Street/Sidewalk,Street & Sidewalk,Knife/Cutting Instrument;Personal Weapons,Minor Injury;Severe Laceration,C
214835284,193070476,2024-04-15,Winston-Salem,NC0340200,13A,H,B,H,M,22,R,N,RU,Highway/Road/Alley/Street/Sidewalk,Street & Sidewalk,Firearm,Other Major Injury,C
217148856,195079732,2024-04-15,Winston-Salem,NC0340200,13A,B,B,N,M,35,R,N,,Highway/Road/Alley/Street/Sidewalk,Street & Sidewalk,Knife/Cutting Instrument,Severe Laceration,C
212861788,191353376,2024-04-16,Winston-Salem,NC0340200,13A,B,B,N,F,65,R,N,AQ,Service/Gas Station,Gas Station,Firearm,,C
212861829,191353414,2024-04-16,Winston-Salem,NC0340200,13A,H,W,H,M,24,R,N,ST,Highway/Road/Alley/Street/Sidewalk,Street & Sidewalk,Rifle,,C
212861896,191353469,2024-04-18,Winston-Salem,NC0340200,13A,B,B,N,M,30,R,N,OK,Highway/Road/Alley/Street/Sidewalk,Street & Sidewalk,Rifle,,C
212861897,191353469,2024-04-18,Winston-Salem,NC0340200,13A,B,B,N,F,29,R,N,OK,Highway/Road/Alley/Street/Sidewalk,Street & Sidewalk,Rifle,,C
212861899,191353471,2024-04-18,Winston-Salem,NC0340200,13A,B,B,N,M,33,R,N,AQ,Residence/Home,Home,Handgun,,C
212861927,191353497,2024-04-18,Winston-Salem,NC0340200,13A,W,W,N,M,26,R,N,,School-Elementary/Secondary,K-12 School,Handgun,,C
214835291,193070482,2024-04-18,Winston-Salem,NC0340200,13A,B,B,N,M,26,R,N,OF,Residence/Home,Home,Other,,C
212861957,191353521,2024-04-19,Winston-Salem,NC0340200,13A,B,B,N,M,43,R,N,RU,Residence/Home,Home,Blunt Object,Other Major Injury,C
212862009,191353567,2024-04-20,Winston-Salem,NC0340200,13A,W,W,N,F,26,R,Y,BG,Residence/Home,Home,Handgun;Personal Weapons,Minor Injury,C
212862018,191353573,2024-04-20,Winston-Salem,NC0340200,13A,W,W,N,M,53,R,N,,Highway/Road/Alley/Street/Sidewalk,Street & Sidewalk,Handgun,,C
212862023,191353578,2024-04-20,Winston-Salem,NC0340200,13A,B,B,N,M,49,R,N,SB,Residence/Home,Home,Handgun,,C
212862048,191353598,2024-04-20,Winston-Salem,NC0340200,13A,B,B,N,M,16,R,N,GC,Residence/Home,Home,Blunt Object,Minor Injury,C
212862049,191353599,2024-04-20,Winston-Salem,NC0340200,13A,B,B,N,F,67,R,N,GP,Residence/Home,Home,Knife/Cutting Instrument,,C
214835296,193070487,2024-04-20,Winston-Salem,NC0340200,13A,W,W,N,F,73,R,N,IL,Residence/Home,Home,,Minor Injury,C
214835307,193070496,2024-04-23,Winston-Salem,NC0340200,13A,B,B,N,F,43,R,N,ST,Highway/Road/Alley/Street/Sidewalk,Street & Sidewalk,Knife/Cutting Instrument,Minor Injury,C
214835308,193070496,2024-04-23,Winston-Salem,NC0340200,13A,B,B,N,F,36,R,N,ST,Highway/Road/Alley/Street/Sidewalk,Street & Sidewalk,Knife/Cutting Instrument,Minor Injury;Severe Laceration,C
214835655,193070778,2024-04-23,Winston-Salem,NC0340200,13A,B,B,N,F,31,R,Y,SE,Residence/Home,Home,Personal Weapons,,C
212862227,191353756,2024-04-24,Winston-Salem,NC0340200,13A,B,B,N,F,24,R,Y,XR,Residence/Home,Home,Firearm,,C
212862228,191353756,2024-04-24,Winston-Salem,NC0340200,13A,B,B,N,F,19,R,N,OK,Residence/Home,Home,Firearm,,C
212862236,191353764,2024-04-24,Winston-Salem,NC0340200,13A,B,B,N,M,17,R,N,SB,Residence/Home,Home,Handgun;Personal Weapons,Minor Injury,C
214835309,193070497,2024-04-24,Winston-Salem,NC0340200,13A,W,W,N,F,41,N,Y,BG,Residence/Home,Home,Personal Weapons,Minor Injury,C
212862308,191353830,2024-04-25,Winston-Salem,NC0340200,13A,B,B,N,M,23,R,N,RU,Highway/Road/Alley/Street/Sidewalk,Street & Sidewalk,Handgun,,C
212862326,191353845,2024-04-25,Winston-Salem,NC0340200,13A,H,W,H,M,19,R,N,,Parking/Drop Lot/Garage,Parking Lot,Motor Vehicle/Vessel,,C
214835314,193070501,2024-04-26,Winston-Salem,NC0340200,13A,W,W,N,M,72,R,N,RU,Service/Gas Station,Gas Station,Handgun,Minor Injury,C
212862409,191353914,2024-04-27,Winston-Salem,NC0340200,13A,W,W,N,M,21,R,N,AQ,Residence/Home,Home,Personal Weapons,Other Major Injury,C
212862473,191353974,2024-04-27,Winston-Salem,NC0340200,13A,B,B,N,M,45,R,N,,Residence/Home,Home,Firearm,,C
212862474,191353974,2024-04-27,Winston-Salem,NC0340200,13A,B,B,N,F,40,R,N,,Residence/Home,Home,Firearm,,C
212862431,191353934,2024-04-28,Winston-Salem,NC0340200,13A,H,W,H,F,28,R,Y,BG,Residence/Home,Home,Personal Weapons,Unconscious,C
212862453,191353955,2024-04-28,Winston-Salem,NC0340200,13A,W,W,N,M,48,R,N,,Field/Woods,Field & Woods,Blunt Object,Minor Injury,C
212862478,191353977,2024-04-28,Winston-Salem,NC0340200,13A,B,B,N,F,23,N,Y,BG,Residence/Home,Home,Other,Minor Injury,C
214835321,193070508,2024-04-28,Winston-Salem,NC0340200,13A,W,W,N,F,36,R,Y,BG,Residence/Home,Home,Other,Minor Injury,C
212862488,191353987,2024-04-29,Winston-Salem,NC0340200,13A,W,W,N,M,39,R,Y,BG,Residence/Home,Home,Knife/Cutting Instrument,Minor Injury,C
212862505,191354004,2024-04-29,Winston-Salem,NC0340200,13A,B,B,N,M,34,R,Y,XS,Residence/Home,Home,Knife/Cutting Instrument,Minor Injury,C
217148867,195079743,2024-04-29,Winston-Salem,NC0340200,13A,B,B,N,M,39,R,N,,Residence/Home,Home,Firearm,,C
217148868,195079743,2024-04-29,Winston-Salem,NC0340200,13A,B,B,N,F,31,R,N,,Residence/Home,Home,Firearm,,C
217148869,195079743,2024-04-29,Winston-Salem,NC0340200,13A,B,B,N,F,41,R,N,,Residence/Home,Home,Firearm,,C
217148870,195079743,2024-04-29,Winston-Salem,NC0340200,13A,B,B,N,F,14,R,N,,Residence/Home,Home,Firearm,,C
217148871,195079743,2024-04-29,Winston-Salem,NC0340200,13A,B,B,N,F,33,R,N,,Residence/Home,Home,Firearm,,C
217148872,195079743,2024-04-29,Winston-Salem,NC0340200,13A,B,B,N,F,12,R,N,,Residence/Home,Home,Firearm,,C
217148873,195079743,2024-04-29,Winston-Salem,NC0340200,13A,B,B,N,M,7,R,N,,Residence/Home,Home,Firearm,,C
217148874,195079743,2024-04-29,Winston-Salem,NC0340200,13A,B,B,N,F,12,R,N,,Residence/Home,Home,Firearm,,C
217148875,195079743,2024-04-29,Winston-Salem,NC0340200,13A,B,B,N,M,10,R,N,,Residence/Home,Home,Firearm,,C
212862554,191354039,2024-04-30,Winston-Salem,NC0340200,13A,B,B,N,M,26,R,N,RU,Highway/Road/Alley/Street/Sidewalk,Street & Sidewalk,Knife/Cutting Instrument,Minor Injury,C
212862563,191354048,2024-04-30,Winston-Salem,NC0340200,13A,B,B,N,F,43,R,N,AQ,Residence/Home,Home,Blunt Object,Minor Injury,C
228037775,204564918,2024-04-30,Winston-Salem,NC0340200,13A,B,B,N,F,17,R,N,SC,Residence/Home,Home,Personal Weapons,,C
214835352,193070537,2024-05-01,Winston-Salem,NC0340200,13A,W,W,N,M,13,R,N,RU,Residence/Home,Home,Handgun,,C
214835368,193070552,2024-05-01,Winston-Salem,NC0340200,13A,B,B,N,M,47,R,N,AQ,Residence/Home,Home,Firearm,Other Major Injury,C
214835369,193070553,2024-05-01,Winston-Salem,NC0340200,13A,W,W,N,M,35,R,N,AQ,Department/Discount Store,Department Store,Knife/Cutting Instrument,,C
214835370,193070553,2024-05-01,Winston-Salem,NC0340200,13A,W,W,N,F,31,R,N,AQ,Department/Discount Store,Department Store,Knife/Cutting Instrument,,C
217148879,195079747,2024-05-01,Winston-Salem,NC0340200,13A,W,W,N,M,62,R,N,RU,Highway/Road/Alley/Street/Sidewalk,Street & Sidewalk,Motor Vehicle/Vessel,,C
214835387,193070568,2024-05-02,Winston-Salem,NC0340200,13A,B,B,N,M,28,R,N,ST,Residence/Home,Home,Handgun,,C
214835388,193070568,2024-05-02,Winston-Salem,NC0340200,13A,B,B,N,F,26,R,N,ST,Residence/Home,Home,Handgun,,C
214835481,193070628,2024-05-03,Winston-Salem,NC0340200,13A,B,B,N,F,22,R,Y,BG,Residence/Home,Home,Knife/Cutting Instrument,Minor Injury,C
214835485,193070631,2024-05-03,Winston-Salem,NC0340200,13A,W,W,N,F,40,R,Y,SE,Residence/Home,Home,Blunt Object,Minor Injury,C
214835516,193070656,2024-05-03,Winston-Salem,NC0340200,13A,B,B,N,F,24,R,N,AQ,Highway/Road/Alley/Street/Sidewalk,Street & Sidewalk,Firearm,,C
214835517,193070656,2024-05-03,Winston-Salem,NC0340200,13A,B,B,N,F,38,R,N,ST,Highway/Road/Alley/Street/Sidewalk,Street & Sidewalk,Firearm,,C
214835537,193070675,2024-05-03,Winston-Salem,NC0340200,13A,B,B,N,M,31,R,N,,Residence/Home,Home,Other,Minor Injury,C
214835568,193070704,2024-05-04,Winston-Salem,NC0340200,13A,B,B,N,M,54,R,N,RU,Residence/Home,Home,Knife/Cutting Instrument,,C
214835597,193070728,2024-05-05,Winston-Salem,NC0340200,13A,B,B,N,F,23,R,N,,Other/Unknown,Other & Unknown,Unknown,,C
214835627,193070756,2024-05-05,Winston-Salem,NC0340200,13A,W,W,N,M,67,R,N,NE,Highway/Road/Alley/Street/Sidewalk,Street & Sidewalk,Other Firearm,,C
214835812,193070909,2024-05-05,Winston-Salem,NC0340200,13A,W,W,N,F,46,N,N,,Hotel/Motel/Etc.,Hotel & Motel,Handgun,,C
214835661,193070783,2024-05-06,Winston-Salem,NC0340200,13A,B,B,N,M,54,R,N,,Highway/Road/Alley/Street/Sidewalk,Street & Sidewalk,Handgun,,C
214835662,193070783,2024-05-06,Winston-Salem,NC0340200,13A,B,B,U,M,25,R,N,,Highway/Road/Alley/Street/Sidewalk,Street & Sidewalk,Handgun,,C
214835663,193070783,2024-05-06,Winston-Salem,NC0340200,13A,W,W,N,F,24,R,N,,Highway/Road/Alley/Street/Sidewalk,Street & Sidewalk,Handgun,,C
214835686,193070803,2024-05-06,Winston-Salem,NC0340200,13A,B,B,N,F,22,R,Y,BG,Residence/Home,Home,Knife/Cutting Instrument,,C
214835723,193070833,2024-05-07,Winston-Salem,NC0340200,13A,B,B,N,F,38,R,N,ST,Parking/Drop Lot/Garage,Parking Lot,Other,Minor Injury,C
214835729,193070838,2024-05-07,Winston-Salem,NC0340200,13A,W,W,N,F,50,R,N,ST,Highway/Road/Alley/Street/Sidewalk,Street & Sidewalk,Handgun,,C
214835730,193070838,2024-05-07,Winston-Salem,NC0340200,13A,B,B,N,M,5,R,N,ST,Highway/Road/Alley/Street/Sidewalk,Street & Sidewalk,Handgun,,C
214835739,193070847,2024-05-07,Winston-Salem,NC0340200,13A,B,B,N,F,54,R,N,,Highway/Road/Alley/Street/Sidewalk,Street & Sidewalk,Handgun,,C
214835797,193070898,2024-05-08,Winston-Salem,NC0340200,13A,B,B,N,M,44,R,Y,BG;VO,Highway/Road/Alley/Street/Sidewalk,Street & Sidewalk,Other;Personal Weapons,,C
214835810,193070908,2024-05-08,Winston-Salem,NC0340200,13A,B,B,N,M,61,R,N,NE;VO,Residence/Home,Home,Blunt Object;Knife/Cutting Instrument,,C
214835811,193070908,2024-05-08,Winston-Salem,NC0340200,13A,B,B,N,F,65,R,N,NE;VO,Residence/Home,Home,Blunt Object;Knife/Cutting Instrument,,C
228264727,204762599,2024-05-08,Winston-Salem,NC0340200,13A,B,B,N,M,49,R,N,NE,Residence/Home,Home,Handgun,,C
228264728,204762599,2024-05-08,Winston-Salem,NC0340200,13A,B,B,N,M,48,R,N,AQ,Residence/Home,Home,Handgun,,C
214835821,193070917,2024-05-09,Winston-Salem,NC0340200,13A,W,W,N,F,32,R,N,ST,Highway/Road/Alley/Street/Sidewalk,Street & Sidewalk,Handgun,,C
214835875,193070958,2024-05-09,Winston-Salem,NC0340200,13A,B,B,N,F,36,R,Y,BG,Residence/Home,Home,Personal Weapons,Loss of Teeth;Minor Injury,C
214835882,193070965,2024-05-09,Winston-Salem,NC0340200,13A,B,B,N,F,46,N,N,CF;VO,Residence/Home,Home,Blunt Object;Firearm,,C
214835883,193070965,2024-05-09,Winston-Salem,NC0340200,13A,B,B,N,F,36,R,N,CF;VO,Residence/Home,Home,Blunt Object;Firearm,,C
220527861,198019565,2024-05-09,Winston-Salem,NC0340200,13A,B,B,N,M,20,R,N,AQ;RU,Highway/Road/Alley/Street/Sidewalk,Street & Sidewalk,Handgun,,C
220527862,198019565,2024-05-09,Winston-Salem,NC0340200,13A,W,W,N,F,19,R,N,RU,Highway/Road/Alley/Street/Sidewalk,Street & Sidewalk,Handgun,,C
214835916,193070996,2024-05-10,Winston-Salem,NC0340200,13A,W,W,N,F,56,R,N,OK,Residence/Home,Home,Other,Minor Injury,C
214835923,193071001,2024-05-10,Winston-Salem,NC0340200,13A,B,B,N,M,28,R,N,,Highway/Road/Alley/Street/Sidewalk,Street & Sidewalk,,Severe Laceration,C
214835936,193071012,2024-05-10,Winston-Salem,NC0340200,13A,W,W,N,M,35,R,N,,Highway/Road/Alley/Street/Sidewalk,Street & Sidewalk,Handgun,,C
214835937,193071012,2024-05-10,Winston-Salem,NC0340200,13A,W,W,N,M,40,N,N,,Highway/Road/Alley/Street/Sidewalk,Street & Sidewalk,Handgun,,C
214835947,193071020,2024-05-10,Winston-Salem,NC0340200,13A,B,B,N,F,27,R,Y,XS,Residence/Home,Home,Personal Weapons,,C
217148922,195079762,2024-05-10,Winston-Salem,NC0340200,13A,B,B,N,F,22,N,N,ST,Highway/Road/Alley/Street/Sidewalk,Street & Sidewalk,Motor Vehicle/Vessel,Other Major Injury,C
217148925,195079765,2024-05-10,Winston-Salem,NC0340200,13A,W,W,N,F,52,R,N,GP,Residence/Home,Home,Knife/Cutting Instrument,,C
214835954,193071027,2024-05-11,Winston-Salem,NC0340200,13A,B,B,N,M,48,R,N,RU;VO,Highway/Road/Alley/Street/Sidewalk,Street & Sidewalk,Blunt Object,Minor Injury,C
214835955,193071027,2024-05-11,Winston-Salem,NC0340200,13A,W,W,N,M,53,R,N,RU;VO,Highway/Road/Alley/Street/Sidewalk,Street & Sidewalk,Blunt Object,Apparent Broken Bones,C
214835984,193071051,2024-05-11,Winston-Salem,NC0340200,13A,H,W,H,M,19,N,Y,AQ;BG;VO,Residence/Home,Home,Other,Severe Laceration,C
214835987,193071054,2024-05-11,Winston-Salem,NC0340200,13A,H,W,H,F,42,R,N,FR,Residence/Home,Home,Knife/Cutting Instrument,,C
214836006,193071071,2024-05-11,Winston-Salem,NC0340200,13A,B,B,N,M,22,R,N,CH,Residence/Home,Home,Handgun,Minor Injury,C
217150928,195081395,2024-05-11,Winston-Salem,NC0340200,13A,H,W,H,F,15,R,N,,Parking/Drop Lot/Garage,Parking Lot,Firearm,,C
214836013,193071077,2024-05-12,Winston-Salem,NC0340200,13A,W,W,N,M,50,R,Y,BG,Residence/Home,Home,Knife/Cutting Instrument,Severe Laceration,C
214836018,193071082,2024-05-12,Winston-Salem,NC0340200,13A,B,B,N,M,14,R,N,FR;VO,Highway/Road/Alley/Street/Sidewalk,Street & Sidewalk,Handgun,Other Major Injury,C
214836019,193071082,2024-05-12,Winston-Salem,NC0340200,13A,B,B,N,M,16,R,N,FR;VO,Highway/Road/Alley/Street/Sidewalk,Street & Sidewalk,Handgun,Other Major Injury,C
214836020,193071082,2024-05-12,Winston-Salem,NC0340200,13A,B,B,N,M,35,R,N,RU,Highway/Road/Alley/Street/Sidewalk,Street & Sidewalk,Handgun,,C
214836072,193071125,2024-05-12,Winston-Salem,NC0340200,13A,W,W,N,F,19,U,N,SB,Residence/Home,Home,Knife/Cutting Instrument,,C
228267178,204764725,2024-05-12,Winston-Salem,NC0340200,13A,W,W,N,F,64,R,Y,BG,Residence/Home,Home,Knife/Cutting Instrument,,C
214836124,193071173,2024-05-13,Winston-Salem,NC0340200,13A,W,W,N,M,53,R,N,,Residence/Home,Home,Blunt Object,Minor Injury,C
214836127,193071176,2024-05-13,Winston-Salem,NC0340200,13A,B,B,N,M,16,R,N,OK,Residence/Home,Home,Other Firearm,Other Major Injury,C
214836145,193071193,2024-05-14,Winston-Salem,NC0340200,13A,H,W,H,M,26,R,N,ST,Residence/Home,Home,Firearm,,C
214836159,193071204,2024-05-14,Winston-Salem,NC0340200,13A,B,B,N,F,44,R,Y,BG,Highway/Road/Alley/Street/Sidewalk,Street & Sidewalk,,,C
214836181,193071222,2024-05-14,Winston-Salem,NC0340200,13A,A,A,N,M,23,R,N,,Convenience Store,Convenience Store,Firearm,,C
214836186,193071227,2024-05-14,Winston-Salem,NC0340200,13A,B,B,N,M,31,R,N,,Residence/Home,Home,Handgun,,C
214836187,193071228,2024-05-14,Winston-Salem,NC0340200,13A,B,B,N,F,15,R,N,RU,Highway/Road/Alley/Street/Sidewalk,Street & Sidewalk,Firearm,Other Major Injury,C
214836192,193071233,2024-05-15,Winston-Salem,NC0340200,13A,B,B,N,F,50,R,N,,Highway/Road/Alley/Street/Sidewalk,Street & Sidewalk,Knife/Cutting Instrument,Minor Injury,C
214836214,193071253,2024-05-15,Winston-Salem,NC0340200,13A,B,B,N,F,18,R,N,ST,Residence/Home,Home,Unknown,,C
214836215,193071253,2024-05-15,Winston-Salem,NC0340200,13A,B,B,N,F,34,N,N,ST,Residence/Home,Home,Unknown,,C
217148945,195079782,2024-05-15,Winston-Salem,NC0340200,13A,W,W,N,F,35,N,N,OK,Highway/Road/Alley/Street/Sidewalk,Street & Sidewalk,Motor Vehicle/Vessel,,C
217148946,195079782,2024-05-15,Winston-Salem,NC0340200,13A,W,W,N,M,26,R,N,OK,Highway/Road/Alley/Street/Sidewalk,Street & Sidewalk,Motor Vehicle/Vessel,,C
214836258,193071289,2024-05-16,Winston-Salem,NC0340200,13A,B,B,N,F,25,R,N,RU,Highway/Road/Alley/Street/Sidewalk,Street & Sidewalk,Firearm,,C
214836266,193071295,2024-05-16,Winston-Salem,NC0340200,13A,B,B,N,M,48,R,Y,BG,Residence/Home,Home,Blunt Object,Minor Injury,C
214836309,193071328,2024-05-16,Winston-Salem,NC0340200,13A,B,B,N,M,47,R,N,,Parking/Drop Lot/Garage,Parking Lot,Blunt Object,,C
214836316,193071334,2024-05-16,Winston-Salem,NC0340200,13A,B,B,N,M,61,R,N,FR;VO,Residence/Home,Home,Other,,C
214836317,193071334,2024-05-16,Winston-Salem,NC0340200,13A,B,B,N,M,55,R,N,FR;VO,Residence/Home,Home,Other,,C
214836330,193071346,2024-05-17,Winston-Salem,NC0340200,13A,W,W,N,F,28,R,N,RU,Parking/Drop Lot/Garage,Parking Lot,Handgun,,C
214836335,193071351,2024-05-17,Winston-Salem,NC0340200,13A,B,B,N,M,53,R,N,OK,Residence/Home,Home,Firearm,,C
214836378,193071386,2024-05-18,Winston-Salem,NC0340200,13A,H,W,H,F,29,R,Y,VO;XR,Residence/Home,Home,Knife/Cutting Instrument;Personal Weapons,,C
214836379,193071386,2024-05-18,Winston-Salem,NC0340200,13A,H,W,H,M,33,R,Y,VO;XR,Residence/Home,Home,Knife/Cutting Instrument;Personal Weapons,Minor Injury,C
214836415,193071417,2024-05-18,Winston-Salem,NC0340200,13A,H,W,H,M,21,N,N,,Highway/Road/Alley/Street/Sidewalk,Street & Sidewalk,Firearm,,C
214836416,193071417,2024-05-18,Winston-Salem,NC0340200,13A,H,W,H,F,23,R,N,,Highway/Road/Alley/Street/Sidewalk,Street & Sidewalk,Firearm,,C
214836417,193071417,2024-05-18,Winston-Salem,NC0340200,13A,H,W,H,F,21,N,N,,Highway/Road/Alley/Street/Sidewalk,Street & Sidewalk,Firearm,,C
214836455,193071445,2024-05-19,Winston-Salem,NC0340200,13A,B,B,N,F,28,R,Y,XR,Highway/Road/Alley/Street/Sidewalk,Street & Sidewalk,Motor Vehicle/Vessel,Minor Injury,C
214836483,193071471,2024-05-19,Winston-Salem,NC0340200,13A,B,B,N,F,37,R,N,OK,Highway/Road/Alley/Street/Sidewalk,Street & Sidewalk,Firearm,,C
214836494,193071482,2024-05-19,Winston-Salem,NC0340200,13A,B,B,N,M,39,R,N,OK,Highway/Road/Alley/Street/Sidewalk,Street & Sidewalk,Motor Vehicle/Vessel,Minor Injury,C
214836495,193071482,2024-05-19,Winston-Salem,NC0340200,13A,W,W,N,F,43,R,N,OK,Highway/Road/Alley/Street/Sidewalk,Street & Sidewalk,Motor Vehicle/Vessel,,C
214836496,193071483,2024-05-19,Winston-Salem,NC0340200,13A,W,W,N,M,35,N,N,AQ;VO,Highway/Road/Alley/Street/Sidewalk,Street & Sidewalk,Blunt Object;Knife/Cutting Instrument,Possible Internal Injury,C
214836497,193071483,2024-05-19,Winston-Salem,NC0340200,13A,W,W,N,M,35,R,N,AQ;VO,Highway/Road/Alley/Street/Sidewalk,Street & Sidewalk,Blunt Object;Knife/Cutting Instrument,Minor Injury,C
214836501,193071487,2024-05-19,Winston-Salem,NC0340200,13A,W,W,N,F,27,N,Y,VO;XR,Residence/Home,Home,Knife/Cutting Instrument;Personal Weapons,Minor Injury,C
214836502,193071487,2024-05-19,Winston-Salem,NC0340200,13A,H,W,H,M,25,U,Y,VO;XR,Residence/Home,Home,Knife/Cutting Instrument;Personal Weapons,Minor Injury,C
217148958,195079793,2024-05-19,Winston-Salem,NC0340200,13A,W,W,N,M,60,R,N,RU,Residence/Home,Home,Firearm,,C
217148959,195079793,2024-05-19,Winston-Salem,NC0340200,13A,W,W,N,M,18,R,N,RU,Residence/Home,Home,Firearm,,C
217148960,195079793,2024-05-19,Winston-Salem,NC0340200,13A,H,W,H,M,21,R,N,RU,Residence/Home,Home,Firearm,,C
217148961,195079794,2024-05-19,Winston-Salem,NC0340200,13A,B,B,N,M,21,N,N,ST,Bar/Nightclub,Bar & Nightclub,Knife/Cutting Instrument,Other Major Injury;Severe Laceration,C
217148962,195079795,2024-05-19,Winston-Salem,NC0340200,13A,W,W,N,M,22,R,N,,Convenience Store,Convenience Store,Firearm,,C
217148963,195079795,2024-05-19,Winston-Salem,NC0340200,13A,W,W,N,F,19,N,N,,Convenience Store,Convenience Store,Firearm,,C
220527894,198019590,2024-05-19,Winston-Salem,NC0340200,13A,B,B,N,M,77,R,N,ST,Residence/Home,Home,Firearm,,C
214836519,193071503,2024-05-20,Winston-Salem,NC0340200,13A,B,B,N,F,21,R,N,RU,Highway/Road/Alley/Street/Sidewalk,Street & Sidewalk,Firearm,,C
214836539,193071522,2024-05-20,Winston-Salem,NC0340200,13A,H,W,H,M,24,R,N,,Residence/Home,Home,Handgun,,C
214836540,193071522,2024-05-20,Winston-Salem,NC0340200,13A,W,W,N,M,20,R,N,,Residence/Home,Home,Handgun,,C
214836541,193071522,2024-05-20,Winston-Salem,NC0340200,13A,W,W,N,M,4,R,N,,Residence/Home,Home,Handgun,,C
214836558,193071538,2024-05-20,Winston-Salem,NC0340200,13A,B,B,N,M,27,R,N,OK,Residence/Home,Home,Handgun,Minor Injury,C
214836565,193071545,2024-05-20,Winston-Salem,NC0340200,13A,W,W,N,F,26,R,Y,BG,Residence/Home,Home,Personal Weapons,Minor Injury,C
214836571,193071551,2024-05-21,Winston-Salem,NC0340200,13A,B,B,N,M,31,R,Y,BG,Residence/Home,Home,Handgun,,C
214836578,193071556,2024-05-21,Winston-Salem,NC0340200,13A,B,B,N,M,49,R,N,AQ,Highway/Road/Alley/Street/Sidewalk,Street & Sidewalk,Handgun,,C
214836607,193071582,2024-05-21,Winston-Salem,NC0340200,13A,B,B,N,M,17,R,N,AQ;FR;VO,Highway/Road/Alley/Street/Sidewalk,Street & Sidewalk,Firearm,,C
214836608,193071582,2024-05-21,Winston-Salem,NC0340200,13A,B,B,N,M,18,R,N,AQ;FR;VO,Highway/Road/Alley/Street/Sidewalk,Street & Sidewalk,Firearm,,C
214836609,193071582,2024-05-21,Winston-Salem,NC0340200,13A,B,B,N,M,16,R,N,AQ;VO,Highway/Road/Alley/Street/Sidewalk,Street & Sidewalk,Firearm,,C
214836648,193071610,2024-05-22,Winston-Salem,NC0340200,13A,B,B,N,M,33,R,N,SB,Residence/Home,Home,Handgun,Other Major Injury,C
214836655,193071616,2024-05-22,Winston-Salem,NC0340200,13A,W,W,N,M,51,N,N,OK,Convenience Store,Convenience Store,Knife/Cutting Instrument;Other,Minor Injury,C
214836694,193071652,2024-05-23,Winston-Salem,NC0340200,13A,B,B,N,F,6,R,N,SS,Residence/Home,Home,Knife/Cutting Instrument;Personal Weapons,Minor Injury,C
214836710,193071668,2024-05-23,Winston-Salem,NC0340200,13A,B,B,N,F,26,R,N,,Highway/Road/Alley/Street/Sidewalk,Street & Sidewalk,Handgun,,C
214836716,193071674,2024-05-23,Winston-Salem,NC0340200,13A,B,B,N,F,11,R,N,,Residence/Home,Home,Knife/Cutting Instrument,Minor Injury,C
217148974,195079806,2024-05-23,Winston-Salem,NC0340200,13A,B,B,N,F,45,R,N,RU,Highway/Road/Alley/Street/Sidewalk,Street & Sidewalk,Handgun,,C
214836764,193071713,2024-05-24,Winston-Salem,NC0340200,13A,W,W,N,M,36,N,N,AQ;VO,Residence/Home,Home,Blunt Object,,C
214836783,193071730,2024-05-24,Winston-Salem,NC0340200,13A,B,B,N,F,38,R,Y,BG,Convenience Store,Convenience Store,Knife/Cutting Instrument,,C
214836784,193071731,2024-05-24,Winston-Salem,NC0340200,13A,W,W,N,M,51,N,N,RU,Highway/Road/Alley/Street/Sidewalk,Street & Sidewalk,Handgun,,C
214836792,193071739,2024-05-24,Winston-Salem,NC0340200,13A,B,B,N,M,24,R,N,AQ,Residence/Home,Home,Handgun,,C
214836814,193071760,2024-05-25,Winston-Salem,NC0340200,13A,B,B,N,M,40,R,N,,Bar/Nightclub,Bar & Nightclub,Firearm,Other Major Injury,C
214836822,193071767,2024-05-25,Winston-Salem,NC0340200,13A,B,B,N,M,31,R,Y,BG;VO,Residence/Home,Home,Knife/Cutting Instrument;Personal Weapons,Minor Injury,C
214836823,193071767,2024-05-25,Winston-Salem,NC0340200,13A,B,B,N,M,32,R,Y,BG;VO,Residence/Home,Home,Knife/Cutting Instrument;Personal Weapons,Minor Injury,C
214836857,193071798,2024-05-25,Winston-Salem,NC0340200,13A,H,W,H,M,21,R,N,ST,Other/Unknown,Other & Unknown,Motor Vehicle/Vessel,Possible Internal Injury,C
214836860,193071801,2024-05-25,Winston-Salem,NC0340200,13A,B,B,N,M,15,R,N,,Service/Gas Station,Gas Station,Firearm,,C
214836862,193071803,2024-05-26,Winston-Salem,NC0340200,13A,H,W,H,M,26,R,N,,Other/Unknown,Other & Unknown,Handgun,Minor Injury,C
214836863,193071803,2024-05-26,Winston-Salem,NC0340200,13A,H,W,H,M,22,N,N,,Other/Unknown,Other & Unknown,Handgun,Minor Injury,C
214836915,193071844,2024-05-27,Winston-Salem,NC0340200,13A,B,B,N,F,23,R,Y,BG,Residence/Home,Home,Knife/Cutting Instrument,Minor Injury,C
214836920,193071848,2024-05-27,Winston-Salem,NC0340200,13A,W,W,N,F,45,R,Y,BG,Residence/Home,Home,Blunt Object;Knife/Cutting Instrument,Minor Injury,C
214836921,193071849,2024-05-27,Winston-Salem,NC0340200,13A,W,W,N,M,46,N,N,PA;VO,Residence/Home,Home,Knife/Cutting Instrument,Severe Laceration,C
214836922,193071849,2024-05-27,Winston-Salem,NC0340200,13A,W,W,N,M,24,R,N,CH;VO,Residence/Home,Home,Knife/Cutting Instrument,Minor Injury,C
214836935,193071860,2024-05-27,Winston-Salem,NC0340200,13A,B,B,N,F,34,R,Y,XR,Other/Unknown,Other & Unknown,Blunt Object;Knife/Cutting Instrument,Minor Injury,C
214836974,193071896,2024-05-28,Winston-Salem,NC0340200,13A,H,W,H,M,22,R,Y,SE,Residence/Home,Home,Knife/Cutting Instrument,Minor Injury,C
214836980,193071902,2024-05-28,Winston-Salem,NC0340200,13A,B,B,N,F,29,R,Y,XR,Residence/Home,Home,Knife/Cutting Instrument,Minor Injury,C
214837021,193071936,2024-05-28,Winston-Salem,NC0340200,13A,B,B,N,F,53,R,Y,BG,Residence/Home,Home,,,C
214837087,193071998,2024-05-29,Winston-Salem,NC0340200,13A,W,W,N,M,64,N,N,PA,Residence/Home,Home,Other,Minor Injury,C
214837102,193072010,2024-05-30,Winston-Salem,NC0340200,13A,B,B,N,M,19,R,N,SB,Residence/Home,Home,Handgun,,C
214837109,193072017,2024-05-30,Winston-Salem,NC0340200,13A,B,B,N,F,18,R,N,RU,Highway/Road/Alley/Street/Sidewalk,Street & Sidewalk,Firearm,,C
214837110,193072017,2024-05-30,Winston-Salem,NC0340200,13A,B,B,N,M,9,R,N,RU,Highway/Road/Alley/Street/Sidewalk,Street & Sidewalk,Firearm,,C
214837111,193072017,2024-05-30,Winston-Salem,NC0340200,13A,B,B,N,F,12,R,N,RU,Highway/Road/Alley/Street/Sidewalk,Street & Sidewalk,Firearm,,C
214837112,193072017,2024-05-30,Winston-Salem,NC0340200,13A,B,B,N,F,8,R,N,RU,Highway/Road/Alley/Street/Sidewalk,Street & Sidewalk,Firearm,,C
214837113,193072017,2024-05-30,Winston-Salem,NC0340200,13A,B,B,N,F,7,R,N,RU,Highway/Road/Alley/Street/Sidewalk,Street & Sidewalk,Firearm,,C
214837158,193072055,2024-05-31,Winston-Salem,NC0340200,13A,W,W,N,M,75,R,N,AQ,Residence/Home,Home,Knife/Cutting Instrument,,C
214837165,193072062,2024-05-31,Winston-Salem,NC0340200,13A,B,B,N,M,31,R,N,AQ;VO,Residence/Home,Home,Handgun;Knife/Cutting Instrument,Minor Injury,C
214837166,193072062,2024-05-31,Winston-Salem,NC0340200,13A,W,W,N,F,23,R,N,AQ;VO,Residence/Home,Home,Handgun;Knife/Cutting Instrument,Minor Injury,C
217148994,195079823,2024-06-01,Winston-Salem,NC0340200,13A,H,W,H,M,34,R,N,,Highway/Road/Alley/Street/Sidewalk,Street & Sidewalk,Rifle,,C
217149006,195079832,2024-06-01,Winston-Salem,NC0340200,13A,B,B,N,F,12,R,N,CH,Residence/Home,Home,Blunt Object;Knife/Cutting Instrument;Personal Weapons,,C
217149047,195079858,2024-06-01,Winston-Salem,NC0340200,13A,B,B,N,M,45,N,N,,Highway/Road/Alley/Street/Sidewalk,Street & Sidewalk,Firearm,,C
217149118,195079915,2024-06-01,Winston-Salem,NC0340200,13A,H,W,H,M,48,R,N,,Residence/Home,Home,Firearm,,C
217149119,195079915,2024-06-01,Winston-Salem,NC0340200,13A,H,W,H,F,48,R,N,,Residence/Home,Home,Firearm,,C
217149077,195079883,2024-06-02,Winston-Salem,NC0340200,13A,B,B,N,M,30,R,N,,Highway/Road/Alley/Street/Sidewalk,Street & Sidewalk,Knife/Cutting Instrument,Minor Injury,C
217149087,195079892,2024-06-02,Winston-Salem,NC0340200,13A,H,W,H,F,15,R,N,CH,Residence/Home,Home,Other,Minor Injury,C
223300751,200431242,2024-06-02,Winston-Salem,NC0340200,13A,H,W,H,M,21,R,N,RU,Residence/Home,Home,Firearm,,C
223300752,200431242,2024-06-02,Winston-Salem,NC0340200,13A,H,W,H,F,22,R,N,RU,Residence/Home,Home,Firearm,,C
223300753,200431242,2024-06-02,Winston-Salem,NC0340200,13A,H,W,H,F,19,R,N,RU,Residence/Home,Home,Firearm,,C
223300754,200431242,2024-06-02,Winston-Salem,NC0340200,13A,H,W,H,F,2,R,N,RU,Residence/Home,Home,Firearm,,C
223300755,200431242,2024-06-02,Winston-Salem,NC0340200,13A,H,W,H,F,2,R,N,RU,Residence/Home,Home,Firearm,,C
217149200,195079983,2024-06-04,Winston-Salem,NC0340200,13A,W,W,N,F,35,R,N,,Highway/Road/Alley/Street/Sidewalk,Street & Sidewalk,Handgun,,C
217149216,195079996,2024-06-04,Winston-Salem,NC0340200,13A,W,W,N,F,24,R,Y,BG,Residence/Home,Home,Personal Weapons,,C
217149248,195080020,2024-06-05,Winston-Salem,NC0340200,13A,W,W,N,F,26,N,Y,BG,Other/Unknown,Other & Unknown,Handgun,,C
217149249,195080020,2024-06-05,Winston-Salem,NC0340200,13A,H,W,H,M,33,R,N,OK,Other/Unknown,Other & Unknown,Handgun,Minor Injury,C
217149260,195080028,2024-06-05,Winston-Salem,NC0340200,13A,B,B,N,F,39,R,Y,BG,Residence/Home,Home,Motor Vehicle/Vessel,,C
217149261,195080028,2024-06-05,Winston-Salem,NC0340200,13A,B,B,N,M,18,N,N,OK,Residence/Home,Home,Motor Vehicle/Vessel,,C
217149321,195080082,2024-06-06,Winston-Salem,NC0340200,13A,B,B,N,M,68,R,N,,Residence/Home,Home,Handgun,,C
217149368,195080122,2024-06-07,Winston-Salem,NC0340200,13A,H,W,H,M,39,R,N,FR,Residence/Home,Home,Handgun,,C
217149369,195080122,2024-06-07,Winston-Salem,NC0340200,13A,H,W,H,M,43,R,N,FR,Residence/Home,Home,Handgun,,C
217149370,195080122,2024-06-07,Winston-Salem,NC0340200,13A,H,W,H,M,24,N,N,FR,Residence/Home,Home,Handgun,,C
217149371,195080122,2024-06-07,Winston-Salem,NC0340200,13A,H,W,H,M,36,R,N,FR,Residence/Home,Home,Handgun,,C
217149372,195080122,2024-06-07,Winston-Salem,NC0340200,13A,H,W,H,M,40,R,N,FR,Residence/Home,Home,Handgun,,C
217149373,195080122,2024-06-07,Winston-Salem,NC0340200,13A,H,W,H,M,34,R,N,FR,Residence/Home,Home,Handgun,,C
217149377,195080126,2024-06-07,Winston-Salem,NC0340200,13A,B,B,N,F,19,R,N,,Highway/Road/Alley/Street/Sidewalk,Street & Sidewalk,Firearm,Other Major Injury,C
217149434,195080176,2024-06-08,Winston-Salem,NC0340200,13A,W,W,N,F,29,R,N,AQ;VO,Arena/Stadium/Fairgrounds/Coliseum,Arena & Stadium,Personal Weapons,Minor Injury,C
217149435,195080176,2024-06-08,Winston-Salem,NC0340200,13A,W,W,N,F,25,N,N,AQ;VO,Arena/Stadium/Fairgrounds/Coliseum,Arena & Stadium,Personal Weapons,Severe Laceration,C
218582531,196321881,2024-06-08,Winston-Salem,NC0340200,13A,B,B,N,F,29,R,N,OK,Liquor Store,Liquor Store,Knife/Cutting Instrument,Other Major Injury,C
217149466,195080205,2024-06-09,Winston-Salem,NC0340200,13A,H,W,H,M,43,R,N,,Residence/Home,Home,Handgun,,C
217149467,195080205,2024-06-09,Winston-Salem,NC0340200,13A,H,W,H,F,37,R,N,,Residence/Home,Home,Handgun,,C
217149468,195080205,2024-06-09,Winston-Salem,NC0340200,13A,H,W,H,F,15,R,N,,Residence/Home,Home,Handgun,,C
217149469,195080205,2024-06-09,Winston-Salem,NC0340200,13A,H,W,H,F,19,R,N,,Residence/Home,Home,Handgun,,C
217149470,195080205,2024-06-09,Winston-Salem,NC0340200,13A,H,W,H,F,6,R,N,,Residence/Home,Home,Handgun,,C
217149471,195080205,2024-06-09,Winston-Salem,NC0340200,13A,H,W,H,F,12,R,N,,Residence/Home,Home,Handgun,,C
217149472,195080205,2024-06-09,Winston-Salem,NC0340200,13A,H,W,H,F,33,R,N,,Residence/Home,Home,Handgun,,C
217149473,195080205,2024-06-09,Winston-Salem,NC0340200,13A,H,W,H,M,36,R,N,,Residence/Home,Home,Handgun,,C
217149474,195080205,2024-06-09,Winston-Salem,NC0340200,13A,H,W,H,F,17,R,N,,Residence/Home,Home,Handgun,,C
217149475,195080205,2024-06-09,Winston-Salem,NC0340200,13A,H,W,H,M,17,R,N,,Residence/Home,Home,Handgun,,C
217149476,195080205,2024-06-09,Winston-Salem,NC0340200,13A,H,W,H,F,14,R,N,,Residence/Home,Home,Handgun,,C
217149477,195080205,2024-06-09,Winston-Salem,NC0340200,13A,H,W,H,M,11,R,N,,Residence/Home,Home,Handgun,,C
217149478,195080205,2024-06-09,Winston-Salem,NC0340200,13A,H,W,H,F,4,R,N,,Residence/Home,Home,Handgun,,C
217149501,195080226,2024-06-09,Winston-Salem,NC0340200,13A,B,B,N,M,60,R,Y,BG,Residence/Home,Home,Blunt Object,,C
217149522,195080245,2024-06-09,Winston-Salem,NC0340200,13A,W,W,N,F,32,R,Y,BG,Residence/Home,Home,Knife/Cutting Instrument,Minor Injury,C
218582533,196321883,2024-06-09,Winston-Salem,NC0340200,13A,B,B,N,M,30,R,N,RU,Parking/Drop Lot/Garage,Parking Lot,Handgun,Other Major Injury,C
223300761,200431248,2024-06-09,Winston-Salem,NC0340200,13A,B,B,N,M,52,R,Y,BG;VO,Residence/Home,Home,Blunt Object,,C
223300762,200431248,2024-06-09,Winston-Salem,NC0340200,13A,B,B,N,F,39,R,Y,BG;VO,Residence/Home,Home,Blunt Object,,C
217149528,195080251,2024-06-10,Winston-Salem,NC0340200,13A,W,W,N,M,51,R,N,OK,Parking/Drop Lot/Garage,Parking Lot,Blunt Object,Minor Injury,C
217149536,195080258,2024-06-10,Winston-Salem,NC0340200,13A,W,W,U,F,26,R,N,,Parking/Drop Lot/Garage,Parking Lot,Knife/Cutting Instrument;Personal Weapons,Minor Injury,C
217149539,195080260,2024-06-10,Winston-Salem,NC0340200,13A,B,B,N,M,28,R,N,AQ,Residence/Home,Home,Handgun,Minor Injury,C
217149551,195080272,2024-06-10,Winston-Salem,NC0340200,13A,W,W,N,F,43,R,Y,BG,Residence/Home,Home,Knife/Cutting Instrument,,C
217149589,195080301,2024-06-10,Winston-Salem,NC0340200,13A,B,B,N,M,53,R,N,,Highway/Road/Alley/Street/Sidewalk,Street & Sidewalk,Knife/Cutting Instrument,Minor Injury,C
217149623,195080323,2024-06-11,Winston-Salem,NC0340200,13A,I,I,N,M,27,R,N,ST;VO,Specialty Store,Specialty Store,Handgun,,C
230307374,206546684,2024-06-11,Winston-Salem,NC0340200,13A,H,W,H,M,33,R,N,,Residence/Home,Home,Handgun,,C
230307375,206546684,2024-06-11,Winston-Salem,NC0340200,13A,W,W,X,F,0,R,N,,Residence/Home,Home,Handgun,,C
217149704,195080381,2024-06-12,Winston-Salem,NC0340200,13A,B,B,N,F,37,R,N,SB,Residence/Home,Home,Knife/Cutting Instrument,,C
217149797,195080463,2024-06-13,Winston-Salem,NC0340200,13A,B,B,N,M,28,R,N,SB,Residence/Home,Home,Knife/Cutting Instrument,Minor Injury,C
218582544,196321893,2024-06-13,Winston-Salem,NC0340200,13A,B,B,N,F,18,R,Y,BG,Residence/Home,Home,Knife/Cutting Instrument,Minor Injury,C
217149800,195080466,2024-06-14,Winston-Salem,NC0340200,13A,B,B,N,F,59,R,N,,Residence/Home,Home,Firearm,,C
217149860,195080519,2024-06-15,Winston-Salem,NC0340200,13A,B,B,N,M,20,R,N,,Highway/Road/Alley/Street/Sidewalk,Street & Sidewalk,Firearm,Other Major Injury,C
217149871,195080524,2024-06-15,Winston-Salem,NC0340200,13A,B,B,N,M,33,R,N,,Residence/Home,Home,Firearm,Other Major Injury,C
217149885,195080537,2024-06-15,Winston-Salem,NC0340200,13A,B,B,N,M,40,R,N,,Bar/Nightclub,Bar & Nightclub,Firearm,Other Major Injury,C
217149919,195080564,2024-06-15,Winston-Salem,NC0340200,13A,B,B,N,M,47,R,Y,VO;XR,Residence/Home,Home,Firearm,,C
217149920,195080564,2024-06-15,Winston-Salem,NC0340200,13A,B,B,N,F,44,R,Y,VO;XR,Residence/Home,Home,Firearm,Minor Injury,C
218582546,196321895,2024-06-15,Winston-Salem,NC0340200,13A,B,B,N,F,43,R,N,,Residence/Home,Home,Handgun,,C
218582547,196321895,2024-06-15,Winston-Salem,NC0340200,13A,B,B,N,M,18,R,N,,Residence/Home,Home,Handgun,,C
218582548,196321895,2024-06-15,Winston-Salem,NC0340200,13A,B,B,N,F,17,R,N,,Residence/Home,Home,Handgun,,C
218582549,196321895,2024-06-15,Winston-Salem,NC0340200,13A,B,B,N,F,10,R,N,,Residence/Home,Home,Handgun,,C
218582550,196321895,2024-06-15,Winston-Salem,NC0340200,13A,B,B,N,F,8,R,N,,Residence/Home,Home,Handgun,,C
218582552,196321895,2024-06-15,Winston-Salem,NC0340200,13A,B,B,N,M,2,R,N,,Residence/Home,Home,Handgun,,C
217149924,195080568,2024-06-16,Winston-Salem,NC0340200,13A,H,W,H,F,44,R,Y,BG,Highway/Road/Alley/Street/Sidewalk,Street & Sidewalk,Motor Vehicle/Vessel,,C
217149925,195080568,2024-06-16,Winston-Salem,NC0340200,13A,W,W,N,M,11,R,N,CH,Highway/Road/Alley/Street/Sidewalk,Street & Sidewalk,Motor Vehicle/Vessel,,C
217149927,195080570,2024-06-16,Winston-Salem,NC0340200,13A,B,B,N,F,36,R,N,,Residence/Home,Home,Firearm,Minor Injury,C
217149928,195080570,2024-06-16,Winston-Salem,NC0340200,13A,B,B,N,F,31,R,N,,Residence/Home,Home,Firearm,Minor Injury,C
217149941,195080582,2024-06-16,Winston-Salem,NC0340200,13A,B,B,N,F,24,R,Y,BG,Highway/Road/Alley/Street/Sidewalk,Street & Sidewalk,Handgun,,C
217149960,195080599,2024-06-16,Winston-Salem,NC0340200,13A,B,B,N,F,40,R,Y,BG,Residence/Home,Home,Shotgun,,C
217149989,195080612,2024-06-16,Winston-Salem,NC0340200,13A,W,W,N,F,20,R,Y,BG,Residence/Home,Home,Handgun,,C
217149986,195080610,2024-06-17,Winston-Salem,NC0340200,13A,B,B,N,F,56,R,Y,BG;VO,Residence/Home,Home,Knife/Cutting Instrument,,C
217149987,195080610,2024-06-17,Winston-Salem,NC0340200,13A,B,B,N,M,63,R,Y,BG;VO,Residence/Home,Home,Knife/Cutting Instrument,,C
217150039,195080658,2024-06-17,Winston-Salem,NC0340200,13A,B,B,N,F,54,R,N,OK;VO,Residence/Home,Home,Knife/Cutting Instrument,,C
217150040,195080658,2024-06-17,Winston-Salem,NC0340200,13A,B,B,N,F,50,R,N,OK;VO,Residence/Home,Home,Knife/Cutting Instrument,,C
217150047,195080664,2024-06-17,Winston-Salem,NC0340200,13A,B,B,N,F,56,R,N,,Highway/Road/Alley/Street/Sidewalk,Street & Sidewalk,Blunt Object,Severe Laceration,C
218582558,196321900,2024-06-17,Winston-Salem,NC0340200,13A,W,W,N,M,30,R,N,OF,Parking/Drop Lot/Garage,Parking Lot,Knife/Cutting Instrument,,C
218582559,196321900,2024-06-17,Winston-Salem,NC0340200,13A,W,W,N,F,21,R,N,AQ,Parking/Drop Lot/Garage,Parking Lot,Knife/Cutting Instrument,Minor Injury,C
217150052,195080668,2024-06-18,Winston-Salem,NC0340200,13A,W,W,N,M,45,R,N,,Highway/Road/Alley/Street/Sidewalk,Street & Sidewalk,Firearm,,C
217150072,195080684,2024-06-18,Winston-Salem,NC0340200,13A,B,B,N,M,27,R,N,SB,Residence/Home,Home,Knife/Cutting Instrument,Minor Injury,C
217150081,195080693,2024-06-18,Winston-Salem,NC0340200,13A,B,B,N,F,47,N,Y,BG,Highway/Road/Alley/Street/Sidewalk,Street & Sidewalk,Knife/Cutting Instrument,,C
223300783,200431266,2024-06-18,Winston-Salem,NC0340200,13A,B,B,N,M,49,R,N,FR,Residence/Home,Home,Handgun,,C
217150094,195080703,2024-06-19,Winston-Salem,NC0340200,13A,H,W,H,M,30,N,N,ST,Service/Gas Station,Gas Station,Blunt Object,,C
217150138,195080736,2024-06-20,Winston-Salem,NC0340200,13A,B,B,N,F,47,R,N,PA,Residence/Home,Home,Unknown,Minor Injury,C
217150175,195080772,2024-06-20,Winston-Salem,NC0340200,13A,B,B,N,F,27,R,Y,BG,Residence/Home,Home,Shotgun,,C
217150180,195080776,2024-06-20,Winston-Salem,NC0340200,13A,W,W,N,F,66,R,Y,BG;VO,Residence/Home,Home,Blunt Object,Minor Injury,C
217150181,195080776,2024-06-20,Winston-Salem,NC0340200,13A,W,W,N,M,70,R,Y,BG;VO,Residence/Home,Home,Blunt Object,Severe Laceration,C
217150217,195080811,2024-06-20,Winston-Salem,NC0340200,13A,B,B,N,M,25,R,Y,BG;VO,Residence/Home,Home,Knife/Cutting Instrument,Minor Injury,C
217150218,195080811,2024-06-20,Winston-Salem,NC0340200,13A,B,B,N,F,24,R,Y,BG;VO,Residence/Home,Home,Knife/Cutting Instrument,,C
217150232,195080824,2024-06-21,Winston-Salem,NC0340200,13A,W,W,N,F,23,N,N,RU,Highway/Road/Alley/Street/Sidewalk,Street & Sidewalk,Firearm,,C
217150233,195080824,2024-06-21,Winston-Salem,NC0340200,13A,W,W,N,F,23,R,N,RU,Highway/Road/Alley/Street/Sidewalk,Street & Sidewalk,Firearm,,C
217150349,195080916,2024-06-22,Winston-Salem,NC0340200,13A,W,W,N,M,79,N,N,,Highway/Road/Alley/Street/Sidewalk,Street & Sidewalk,Firearm,,C
217150350,195080916,2024-06-22,Winston-Salem,NC0340200,13A,W,W,N,F,14,N,N,,Highway/Road/Alley/Street/Sidewalk,Street & Sidewalk,Firearm,,C
217150351,195080916,2024-06-22,Winston-Salem,NC0340200,13A,W,W,N,M,17,N,N,,Highway/Road/Alley/Street/Sidewalk,Street & Sidewalk,Firearm,,C
217150352,195080916,2024-06-22,Winston-Salem,NC0340200,13A,W,W,N,M,50,N,N,,Highway/Road/Alley/Street/Sidewalk,Street & Sidewalk,Firearm,,C
220527957,198019636,2024-06-22,Winston-Salem,NC0340200,13A,H,W,H,M,26,R,N,RU,Highway/Road/Alley/Street/Sidewalk,Street & Sidewalk,Handgun,Other Major Injury,C
220527958,198019636,2024-06-22,Winston-Salem,NC0340200,13A,H,W,H,M,26,R,N,RU,Highway/Road/Alley/Street/Sidewalk,Street & Sidewalk,Handgun,,C
220527959,198019636,2024-06-22,Winston-Salem,NC0340200,13A,W,W,N,M,21,R,N,RU,Highway/Road/Alley/Street/Sidewalk,Street & Sidewalk,Handgun,,C
220527960,198019636,2024-06-22,Winston-Salem,NC0340200,13A,W,W,N,M,27,R,N,RU,Highway/Road/Alley/Street/Sidewalk,Street & Sidewalk,Handgun,,C
217150366,195080930,2024-06-23,Winston-Salem,NC0340200,13A,B,B,N,F,34,R,N,FR,Bar/Nightclub,Bar & Nightclub,Motor Vehicle/Vessel,,C
217150380,195080944,2024-06-23,Winston-Salem,NC0340200,13A,B,B,N,M,34,R,Y,BG;VO,Residence/Home,Home,Knife/Cutting Instrument,,C
217150381,195080944,2024-06-23,Winston-Salem,NC0340200,13A,B,B,N,F,30,R,Y,BG;VO,Residence/Home,Home,Knife/Cutting Instrument,,C
217150403,195080964,2024-06-23,Winston-Salem,NC0340200,13A,W,W,N,F,59,R,N,,Residence/Home,Home,Firearm,,C
217150404,195080964,2024-06-23,Winston-Salem,NC0340200,13A,H,W,H,M,17,R,N,,Residence/Home,Home,Firearm,,C
217150405,195080964,2024-06-23,Winston-Salem,NC0340200,13A,H,W,H,M,16,R,N,,Residence/Home,Home,Firearm,,C
217150406,195080964,2024-06-23,Winston-Salem,NC0340200,13A,H,W,H,M,22,R,N,,Residence/Home,Home,Firearm,,C
217150414,195080970,2024-06-23,Winston-Salem,NC0340200,13A,B,B,N,F,43,R,N,,Highway/Road/Alley/Street/Sidewalk,Street & Sidewalk,Handgun,,C
217150439,195080991,2024-06-24,Winston-Salem,NC0340200,13A,B,B,N,F,27,R,N,ST,Residence/Home,Home,Handgun,,C
217150440,195080991,2024-06-24,Winston-Salem,NC0340200,13A,B,B,N,F,10,R,N,ST,Residence/Home,Home,Handgun,,C
217150441,195080991,2024-06-24,Winston-Salem,NC0340200,13A,B,B,N,F,7,R,N,ST,Residence/Home,Home,Handgun,,C
217150442,195080991,2024-06-24,Winston-Salem,NC0340200,13A,B,B,N,F,6,R,N,ST,Residence/Home,Home,Handgun,,C
217150443,195080991,2024-06-24,Winston-Salem,NC0340200,13A,B,B,N,M,3,R,N,ST,Residence/Home,Home,Handgun,,C
217150444,195080991,2024-06-24,Winston-Salem,NC0340200,13A,B,B,N,F,1,R,N,ST,Residence/Home,Home,Handgun,,C
217150445,195080991,2024-06-24,Winston-Salem,NC0340200,13A,B,B,N,F,4,R,N,ST,Residence/Home,Home,Handgun,,C
217150476,195081015,2024-06-24,Winston-Salem,NC0340200,13A,H,W,H,F,20,R,Y,XR,Residence/Home,Home,Handgun,,C
220527962,198019638,2024-06-24,Winston-Salem,NC0340200,13A,B,B,N,F,72,R,N,RU,Residence/Home,Home,Handgun;Rifle,,C
220527963,198019638,2024-06-24,Winston-Salem,NC0340200,13A,H,W,H,F,25,R,N,RU,Residence/Home,Home,Handgun;Rifle,,C
217150509,195081043,2024-06-25,Winston-Salem,NC0340200,13A,W,W,N,F,34,R,N,ST,Residence/Home,Home,Shotgun,,C
217150510,195081043,2024-06-25,Winston-Salem,NC0340200,13A,W,W,N,F,6,R,N,ST,Residence/Home,Home,Shotgun,,C
217150530,195081058,2024-06-25,Winston-Salem,NC0340200,13A,W,W,N,M,30,R,N,ST,Department/Discount Store,Department Store,Handgun,,C
217150543,195081070,2024-06-25,Winston-Salem,NC0340200,13A,B,B,N,M,44,R,N,ST,Highway/Road/Alley/Street/Sidewalk,Street & Sidewalk,Handgun,,C
217150544,195081070,2024-06-25,Winston-Salem,NC0340200,13A,B,B,N,F,46,R,N,ST,Highway/Road/Alley/Street/Sidewalk,Street & Sidewalk,Handgun,,C
217150565,195081089,2024-06-25,Winston-Salem,NC0340200,13A,B,B,N,M,14,R,N,AQ,Highway/Road/Alley/Street/Sidewalk,Street & Sidewalk,Shotgun,,C
217150566,195081090,2024-06-25,Winston-Salem,NC0340200,13A,B,B,N,M,45,R,N,RU,Other/Unknown,Other & Unknown,Knife/Cutting Instrument,,C
217150573,195081097,2024-06-25,Winston-Salem,NC0340200,13A,W,W,N,F,34,R,N,NE,Residence/Home,Home,Handgun,,C
230307512,206546809,2024-06-25,Winston-Salem,NC0340200,13A,B,B,N,F,22,R,Y,BG;RU,Residence/Home,Home,Handgun,,C
230307513,206546809,2024-06-25,Winston-Salem,NC0340200,13A,B,B,N,F,19,R,N,AQ;RU,Residence/Home,Home,Handgun,,C
217150623,195081141,2024-06-26,Winston-Salem,NC0340200,13A,H,W,H,F,29,R,Y,BG,Residence/Home,Home,Knife/Cutting Instrument,Minor Injury,C
217150638,195081154,2024-06-26,Winston-Salem,NC0340200,13A,H,W,H,F,34,R,Y,XR,Residence/Home,Home,Blunt Object,Severe Laceration,C
217150646,195081161,2024-06-27,Winston-Salem,NC0340200,13A,B,B,N,F,53,R,N,PA;VO,Residence/Home,Home,Blunt Object;Knife/Cutting Instrument,Minor Injury,C
217150647,195081161,2024-06-27,Winston-Salem,NC0340200,13A,B,B,N,M,30,R,N,CH;VO,Residence/Home,Home,Blunt Object;Knife/Cutting Instrument,,C
217150676,195081177,2024-06-27,Winston-Salem,NC0340200,13A,B,B,N,F,33,R,N,,Highway/Road/Alley/Street/Sidewalk,Street & Sidewalk,Blunt Object,Minor Injury,C
217150714,195081211,2024-06-27,Winston-Salem,NC0340200,13A,H,W,H,M,27,N,N,RU,Residence/Home,Home,Handgun,,C
230307544,206546832,2024-06-27,Winston-Salem,NC0340200,13A,H,W,H,M,44,R,N,RU,Residence/Home,Home,Rifle,,C
230307545,206546832,2024-06-27,Winston-Salem,NC0340200,13A,H,W,H,M,43,R,N,RU,Residence/Home,Home,Rifle,,C
230307546,206546832,2024-06-27,Winston-Salem,NC0340200,13A,W,W,X,F,42,R,N,RU,Residence/Home,Home,Rifle,,C
230307547,206546832,2024-06-27,Winston-Salem,NC0340200,13A,H,W,H,F,14,R,N,RU,Residence/Home,Home,Rifle,,C
230307548,206546832,2024-06-27,Winston-Salem,NC0340200,13A,H,W,H,M,16,R,N,RU,Residence/Home,Home,Rifle,,C
230307549,206546832,2024-06-27,Winston-Salem,NC0340200,13A,H,W,H,M,36,R,N,RU,Residence/Home,Home,Rifle,Other Major Injury,C
230307550,206546832,2024-06-27,Winston-Salem,NC0340200,13A,H,W,H,F,31,R,N,RU,Residence/Home,Home,Rifle,,C
230307551,206546832,2024-06-27,Winston-Salem,NC0340200,13A,H,W,H,F,10,R,N,RU,Residence/Home,Home,Rifle,,C
230307552,206546832,2024-06-27,Winston-Salem,NC0340200,13A,H,W,H,F,5,R,N,RU,Residence/Home,Home,Rifle,,C
230307553,206546832,2024-06-27,Winston-Salem,NC0340200,13A,H,W,H,M,19,R,N,RU,Residence/Home,Home,Rifle,,C
230307554,206546832,2024-06-27,Winston-Salem,NC0340200,13A,H,W,H,F,14,R,N,RU,Residence/Home,Home,Rifle,,C
230307555,206546832,2024-06-27,Winston-Salem,NC0340200,13A,H,W,H,M,19,R,N,RU,Residence/Home,Home,Rifle,,C
217150773,195081267,2024-06-28,Winston-Salem,NC0340200,13A,W,W,N,F,45,R,N,NE,Residence/Home,Home,Firearm,Minor Injury,C
217150774,195081267,2024-06-28,Winston-Salem,NC0340200,13A,W,W,N,M,38,R,N,NE,Residence/Home,Home,Firearm,Minor Injury,C
217150941,195081407,2024-06-28,Winston-Salem,NC0340200,13A,W,W,N,M,30,N,N,OK,Parking/Drop Lot/Garage,Parking Lot,Handgun,,C
217150785,195081276,2024-06-29,Winston-Salem,NC0340200,13A,H,W,H,M,26,R,N,RU,Residence/Home,Home,Knife/Cutting Instrument,Possible Internal Injury,C
217150799,195081288,2024-06-29,Winston-Salem,NC0340200,13A,H,W,H,F,46,R,Y,BG,Parking/Drop Lot/Garage,Parking Lot,Motor Vehicle/Vessel,Minor Injury,C
217150803,195081291,2024-06-29,Winston-Salem,NC0340200,13A,B,B,N,M,44,R,N,AQ,Highway/Road/Alley/Street/Sidewalk,Street & Sidewalk,Handgun,,C
217150814,195081302,2024-06-29,Winston-Salem,NC0340200,13A,B,B,N,F,36,R,Y,VO;XR,Highway/Road/Alley/Street/Sidewalk,Street & Sidewalk,Motor Vehicle/Vessel,,C
217150815,195081302,2024-06-29,Winston-Salem,NC0340200,13A,B,B,N,M,31,R,Y,VO;XR,Highway/Road/Alley/Street/Sidewalk,Street & Sidewalk,Motor Vehicle/Vessel,,C
217150832,195081317,2024-06-29,Winston-Salem,NC0340200,13A,B,B,N,F,23,R,N,,Highway/Road/Alley/Street/Sidewalk,Street & Sidewalk,Handgun,Other Major Injury,C
217150836,195081321,2024-06-29,Winston-Salem,NC0340200,13A,B,B,N,M,41,R,N,,Highway/Road/Alley/Street/Sidewalk,Street & Sidewalk,Firearm,,C
217150845,195081326,2024-06-29,Winston-Salem,NC0340200,13A,W,W,N,F,34,R,N,RU,Residence/Home,Home,Firearm,,C
217150846,195081326,2024-06-29,Winston-Salem,NC0340200,13A,W,W,N,F,15,R,N,RU,Residence/Home,Home,Firearm,,C
217150847,195081326,2024-06-29,Winston-Salem,NC0340200,13A,W,W,N,M,12,R,N,RU,Residence/Home,Home,Firearm,,C
217150848,195081326,2024-06-29,Winston-Salem,NC0340200,13A,W,W,N,M,15,R,N,RU,Residence/Home,Home,Firearm,,C
217150849,195081326,2024-06-29,Winston-Salem,NC0340200,13A,W,W,N,M,13,R,N,RU,Residence/Home,Home,Firearm,,C
217150861,195081337,2024-06-30,Winston-Salem,NC0340200,13A,H,W,H,F,26,R,Y,BG,Residence/Home,Home,Firearm,,C
217150867,195081342,2024-06-30,Winston-Salem,NC0340200,13A,H,W,H,M,30,N,N,RU,Highway/Road/Alley/Street/Sidewalk,Street & Sidewalk,Firearm,,C
217150879,195081351,2024-06-30,Winston-Salem,NC0340200,13A,B,B,N,M,22,R,Y,BG,Residence/Home,Home,Knife/Cutting Instrument,Minor Injury,C
218582596,196321925,2024-06-30,Winston-Salem,NC0340200,13A,W,W,N,M,39,R,N,RU,Parking/Drop Lot/Garage,Parking Lot,Handgun,Other Major Injury,C
218582598,196321927,2024-06-30,Winston-Salem,NC0340200,13A,B,B,N,F,23,R,N,RU,Residence/Home,Home,Firearm,,C
218582599,196321927,2024-06-30,Winston-Salem,NC0340200,13A,B,B,N,M,10,R,N,RU,Residence/Home,Home,Firearm,,C
218582600,196321927,2024-06-30,Winston-Salem,NC0340200,13A,H,W,H,M,16,R,N,RU,Residence/Home,Home,Firearm,Other Major Injury,C
218582637,196321956,2024-07-01,Winston-Salem,NC0340200,13A,B,B,N,M,62,R,N,RU,Residence/Home,Home,Firearm,,C
223303990,200433974,2024-07-01,Winston-Salem,NC0340200,13A,H,W,H,F,15,R,Y,BG,Residence/Home,Home,Personal Weapons,Possible Internal Injury,C
218582664,196321981,2024-07-02,Winston-Salem,NC0340200,13A,B,B,N,M,65,R,N,,Residence/Home,Home,Firearm,Minor Injury,C
218582711,196322022,2024-07-03,Winston-Salem,NC0340200,13A,B,B,N,M,93,R,N,,Highway/Road/Alley/Street/Sidewalk,Street & Sidewalk,Handgun,,C
218582718,196322028,2024-07-03,Winston-Salem,NC0340200,13A,W,W,N,M,58,R,N,FR,Residence/Home,Home,Knife/Cutting Instrument,Minor Injury,C
218582743,196322051,2024-07-04,Winston-Salem,NC0340200,13A,B,B,N,M,49,R,Y,BG,Park/Playground,Park & Playground,Handgun,,C
218582756,196322060,2024-07-04,Winston-Salem,NC0340200,13A,B,B,N,M,61,R,N,AQ,Residence/Home,Home,Blunt Object;Knife/Cutting Instrument,Severe Laceration,C
218582767,196322070,2024-07-04,Winston-Salem,NC0340200,13A,H,W,H,F,44,R,N,,Residence/Home,Home,Firearm,,C
218582768,196322070,2024-07-04,Winston-Salem,NC0340200,13A,H,W,H,M,42,R,N,,Residence/Home,Home,Firearm,,C
218582791,196322085,2024-07-04,Winston-Salem,NC0340200,13A,W,W,N,M,18,R,N,OK,Highway/Road/Alley/Street/Sidewalk,Street & Sidewalk,Explosives,,C
218582784,196322084,2024-07-05,Winston-Salem,NC0340200,13A,B,B,N,F,62,R,N,,Residence/Home,Home,Firearm,,C
218582785,196322084,2024-07-05,Winston-Salem,NC0340200,13A,B,B,N,F,59,R,N,,Residence/Home,Home,Firearm,,C
218582786,196322084,2024-07-05,Winston-Salem,NC0340200,13A,B,B,N,M,58,R,N,,Residence/Home,Home,Firearm,,C
218582787,196322084,2024-07-05,Winston-Salem,NC0340200,13A,B,B,N,F,15,R,N,,Residence/Home,Home,Firearm,,C
218582788,196322084,2024-07-05,Winston-Salem,NC0340200,13A,B,B,N,F,9,R,N,,Residence/Home,Home,Firearm,,C
218582789,196322084,2024-07-05,Winston-Salem,NC0340200,13A,B,B,N,F,2,R,N,,Residence/Home,Home,Firearm,,C
218582790,196322084,2024-07-05,Winston-Salem,NC0340200,13A,B,B,N,F,37,R,N,,Residence/Home,Home,Firearm,,C
218582793,196322087,2024-07-05,Winston-Salem,NC0340200,13A,W,W,N,F,22,R,Y,XR,Residence/Home,Home,Knife/Cutting Instrument,,C
218582805,196322098,2024-07-05,Winston-Salem,NC0340200,13A,W,W,N,F,24,R,Y,BG,Residence/Home,Home,Personal Weapons,Other Major Injury;Unconscious,C
218582806,196322099,2024-07-05,Winston-Salem,NC0340200,13A,W,W,N,F,68,R,N,,Residence/Home,Home,Firearm,,C
218582807,196322099,2024-07-05,Winston-Salem,NC0340200,13A,B,B,N,M,60,R,N,,Residence/Home,Home,Firearm,,C
218582818,196322105,2024-07-05,Winston-Salem,NC0340200,13A,H,W,H,F,18,R,N,ST,Residence/Home,Home,Handgun,,C
218582819,196322105,2024-07-05,Winston-Salem,NC0340200,13A,H,W,H,M,15,R,N,ST,Residence/Home,Home,Handgun,,C
218582828,196322113,2024-07-05,Winston-Salem,NC0340200,13A,B,B,N,M,60,R,N,,Residence/Home,Home,Firearm,,C
218582841,196322125,2024-07-05,Winston-Salem,NC0340200,13A,H,W,H,F,27,R,Y,BG,Residence/Home,Home,Personal Weapons,Apparent Broken Bones,C
218582876,196322158,2024-07-06,Winston-Salem,NC0340200,13A,W,W,N,F,48,N,N,,Highway/Road/Alley/Street/Sidewalk,Street & Sidewalk,Blunt Object;Personal Weapons,Minor Injury,C
218582915,196322187,2024-07-06,Winston-Salem,NC0340200,13A,B,B,N,M,54,R,N,,Other/Unknown,Other & Unknown,Knife/Cutting Instrument,Severe Laceration,C
218582917,196322189,2024-07-06,Winston-Salem,NC0340200,13A,B,B,N,M,24,R,N,,Highway/Road/Alley/Street/Sidewalk,Street & Sidewalk,Firearm,,C
218582920,196322192,2024-07-06,Winston-Salem,NC0340200,13A,B,B,N,M,43,R,N,,Parking/Drop Lot/Garage,Parking Lot,Firearm,Minor Injury,C
228264751,204762619,2024-07-06,Winston-Salem,NC0340200,13A,B,B,N,M,41,R,N,RU,Parking/Drop Lot/Garage,Parking Lot,Handgun;Rifle,,C
218582933,196322205,2024-07-07,Winston-Salem,NC0340200,13A,W,W,N,M,0,R,N,,Residence/Home,Home,Personal Weapons,Apparent Broken Bones,C
218582937,196322208,2024-07-07,Winston-Salem,NC0340200,13A,B,B,N,F,26,R,N,ST,Highway/Road/Alley/Street/Sidewalk,Street & Sidewalk,Handgun,,C
218582938,196322208,2024-07-07,Winston-Salem,NC0340200,13A,B,B,N,F,21,R,N,ST,Highway/Road/Alley/Street/Sidewalk,Street & Sidewalk,Handgun,,C
218582939,196322208,2024-07-07,Winston-Salem,NC0340200,13A,B,B,N,F,23,R,N,ST,Highway/Road/Alley/Street/Sidewalk,Street & Sidewalk,Handgun,,C
218582940,196322208,2024-07-07,Winston-Salem,NC0340200,13A,B,B,N,F,22,R,N,ST,Highway/Road/Alley/Street/Sidewalk,Street & Sidewalk,Handgun,,C
218582969,196322231,2024-07-07,Winston-Salem,NC0340200,13A,H,W,H,F,26,R,Y,BG,Residence/Home,Home,Other,Minor Injury,C
230307666,206546935,2024-07-07,Winston-Salem,NC0340200,13A,B,B,N,M,19,R,N,,Highway/Road/Alley/Street/Sidewalk,Street & Sidewalk,Firearm,,C
230307667,206546935,2024-07-07,Winston-Salem,NC0340200,13A,B,B,N,M,16,R,N,,Highway/Road/Alley/Street/Sidewalk,Street & Sidewalk,Firearm,Other Major Injury,C
230307668,206546935,2024-07-07,Winston-Salem,NC0340200,13A,B,B,N,M,14,R,N,,Highway/Road/Alley/Street/Sidewalk,Street & Sidewalk,Firearm,Other Major Injury,C
230307669,206546935,2024-07-07,Winston-Salem,NC0340200,13A,B,B,N,M,19,R,N,,Highway/Road/Alley/Street/Sidewalk,Street & Sidewalk,Firearm,Other Major Injury,C
218583052,196322305,2024-07-09,Winston-Salem,NC0340200,13A,W,W,N,F,29,R,N,NE,Residence/Home,Home,Other Firearm,,C
218583063,196322314,2024-07-09,Winston-Salem,NC0340200,13A,B,B,N,M,74,R,Y,SE,Residence/Home,Home,Handgun,,C
218583089,196322339,2024-07-09,Winston-Salem,NC0340200,13A,B,B,N,M,23,R,N,,Highway/Road/Alley/Street/Sidewalk,Street & Sidewalk,Firearm,,C
218583090,196322340,2024-07-09,Winston-Salem,NC0340200,13A,B,B,N,F,35,R,Y,BG,Residence/Home,Home,Personal Weapons,Minor Injury,C
218583099,196322349,2024-07-09,Winston-Salem,NC0340200,13A,B,B,N,F,47,R,Y,BG,Residence/Home,Home,Blunt Object,Minor Injury,C
218583159,196322398,2024-07-10,Winston-Salem,NC0340200,13A,B,B,N,F,20,R,Y,RU;XR,Residence/Home,Home,Blunt Object,Minor Injury,C
218583160,196322398,2024-07-10,Winston-Salem,NC0340200,13A,B,B,N,F,15,R,N,RU,Residence/Home,Home,Blunt Object,Minor Injury,C
218583206,196322438,2024-07-11,Winston-Salem,NC0340200,13A,B,B,N,M,47,R,Y,BG,Residence/Home,Home,Handgun,Other Major Injury,C
218583209,196322441,2024-07-11,Winston-Salem,NC0340200,13A,W,W,N,F,70,R,N,GP,Residence/Home,Home,Blunt Object,,C
218583258,196322481,2024-07-11,Winston-Salem,NC0340200,13A,B,B,N,M,37,R,N,FR,Restaurant,Restaurant,Other,,C
218583269,196322491,2024-07-12,Winston-Salem,NC0340200,13A,B,B,N,F,35,N,N,AQ,Highway/Road/Alley/Street/Sidewalk,Street & Sidewalk,Handgun,,C
218583275,196322497,2024-07-12,Winston-Salem,NC0340200,13A,W,W,N,F,52,R,N,PA,Residence/Home,Home,Knife/Cutting Instrument,,C
218583318,196322533,2024-07-12,Winston-Salem,NC0340200,13A,B,B,N,F,39,R,N,PA,Highway/Road/Alley/Street/Sidewalk,Street & Sidewalk,Motor Vehicle/Vessel,,C
218583381,196322590,2024-07-13,Winston-Salem,NC0340200,13A,B,B,N,F,22,R,Y,BG,Residence/Home,Home,Handgun;Knife/Cutting Instrument,Minor Injury,C
218583434,196322636,2024-07-13,Winston-Salem,NC0340200,13A,W,W,N,F,42,R,N,,Park/Playground,Park & Playground,Handgun,,C
218583435,196322636,2024-07-13,Winston-Salem,NC0340200,13A,W,W,N,M,6,R,N,,Park/Playground,Park & Playground,Handgun,,C
218583436,196322636,2024-07-13,Winston-Salem,NC0340200,13A,W,W,N,M,37,R,N,,Park/Playground,Park & Playground,Handgun,,C
218583437,196322636,2024-07-13,Winston-Salem,NC0340200,13A,W,W,N,F,9,R,N,,Park/Playground,Park & Playground,Handgun,,C
218583463,196322661,2024-07-14,Winston-Salem,NC0340200,13A,H,W,H,M,50,R,N,,Highway/Road/Alley/Street/Sidewalk,Street & Sidewalk,Handgun,Other Major Injury,C
218583464,196322661,2024-07-14,Winston-Salem,NC0340200,13A,H,W,H,M,46,R,N,,Highway/Road/Alley/Street/Sidewalk,Street & Sidewalk,Handgun,Other Major Injury,C
218583465,196322661,2024-07-14,Winston-Salem,NC0340200,13A,H,W,H,F,24,R,N,,Highway/Road/Alley/Street/Sidewalk,Street & Sidewalk,Handgun,Other Major Injury,C
218583466,196322661,2024-07-14,Winston-Salem,NC0340200,13A,H,W,H,M,25,R,N,,Highway/Road/Alley/Street/Sidewalk,Street & Sidewalk,Handgun,Other Major Injury,C
218583480,196322671,2024-07-14,Winston-Salem,NC0340200,13A,B,B,N,M,53,R,N,AQ,Residence/Home,Home,Blunt Object,Minor Injury,C
218583497,196322688,2024-07-14,Winston-Salem,NC0340200,13A,B,B,N,M,69,R,N,NE,Residence/Home,Home,Handgun,Minor Injury,C
218583506,196322695,2024-07-14,Winston-Salem,NC0340200,13A,W,W,N,F,66,R,N,,Highway/Road/Alley/Street/Sidewalk,Street & Sidewalk,Handgun,,C
218583507,196322695,2024-07-14,Winston-Salem,NC0340200,13A,H,W,H,M,58,R,N,,Highway/Road/Alley/Street/Sidewalk,Street & Sidewalk,Handgun,,C
218583543,196322727,2024-07-14,Winston-Salem,NC0340200,13A,B,B,N,M,26,R,Y,XR,Highway/Road/Alley/Street/Sidewalk,Street & Sidewalk,Motor Vehicle/Vessel,Minor Injury,C
218583553,196322733,2024-07-14,Winston-Salem,NC0340200,13A,B,B,N,F,30,R,N,SB,Residence/Home,Home,Handgun,,C
218583554,196322734,2024-07-14,Winston-Salem,NC0340200,13A,W,W,N,F,27,R,N,,Highway/Road/Alley/Street/Sidewalk,Street & Sidewalk,Handgun,,C
218583555,196322734,2024-07-14,Winston-Salem,NC0340200,13A,W,W,N,F,2,R,N,,Highway/Road/Alley/Street/Sidewalk,Street & Sidewalk,Handgun,,C
230632529,206829695,2024-07-14,Winston-Salem,NC0340200,13A,B,B,N,M,63,R,N,RU,Residence/Home,Home,Handgun;Rifle,,C
230632530,206829695,2024-07-14,Winston-Salem,NC0340200,13A,B,B,N,M,60,R,N,RU,Residence/Home,Home,Handgun;Rifle,,C
218583656,196322818,2024-07-15,Winston-Salem,NC0340200,13A,W,W,N,M,45,R,N,RU,Highway/Road/Alley/Street/Sidewalk,Street & Sidewalk,Motor Vehicle/Vessel,,C
218583657,196322818,2024-07-15,Winston-Salem,NC0340200,13A,W,W,N,F,26,R,N,RU,Highway/Road/Alley/Street/Sidewalk,Street & Sidewalk,Motor Vehicle/Vessel,Minor Injury,C
218583728,196322879,2024-07-16,Winston-Salem,NC0340200,13A,B,B,N,F,42,R,Y,BG,Residence/Home,Home,Knife/Cutting Instrument,Minor Injury,C
218583737,196322887,2024-07-16,Winston-Salem,NC0340200,13A,B,B,N,M,50,R,N,,Parking/Drop Lot/Garage,Parking Lot,Motor Vehicle/Vessel,Minor Injury,C
218583739,196322889,2024-07-16,Winston-Salem,NC0340200,13A,H,W,H,M,25,R,N,OK,Highway/Road/Alley/Street/Sidewalk,Street & Sidewalk,Knife/Cutting Instrument,,C
218583772,196322917,2024-07-16,Winston-Salem,NC0340200,13A,W,W,N,F,25,R,N,OK,Other/Unknown,Other & Unknown,Knife/Cutting Instrument,,C
218583774,196322919,2024-07-16,Winston-Salem,NC0340200,13A,B,B,N,F,26,R,N,SB;VO,Residence/Home,Home,Blunt Object;Knife/Cutting Instrument,,C
218583775,196322919,2024-07-16,Winston-Salem,NC0340200,13A,B,B,N,F,21,R,N,SB;VO,Residence/Home,Home,Blunt Object;Knife/Cutting Instrument,Minor Injury,C
218583781,196322925,2024-07-16,Winston-Salem,NC0340200,13A,B,B,N,F,8,R,N,SB,Residence/Home,Home,Knife/Cutting Instrument,,C
218583782,196322925,2024-07-16,Winston-Salem,NC0340200,13A,B,B,N,F,13,R,N,SB,Residence/Home,Home,Knife/Cutting Instrument,,C
230307722,206546981,2024-07-16,Winston-Salem,NC0340200,13A,B,B,N,M,52,R,N,GP,Residence/Home,Home,Handgun,Minor Injury,C
230307723,206546981,2024-07-16,Winston-Salem,NC0340200,13A,B,B,N,F,61,R,N,GP,Residence/Home,Home,Handgun,Minor Injury,C
218583846,196322972,2024-07-17,Winston-Salem,NC0340200,13A,W,W,N,F,29,R,Y,BG,Residence/Home,Home,Fire/Incendiary Device;Knife/Cutting Instrument,Minor Injury,C
218583847,196322972,2024-07-17,Winston-Salem,NC0340200,13A,W,W,N,F,20,R,N,NE,Residence/Home,Home,Fire/Incendiary Device;Knife/Cutting Instrument,Severe Laceration,C
218583912,196323031,2024-07-18,Winston-Salem,NC0340200,13A,B,B,N,M,62,R,N,NE,Residence/Home,Home,Blunt Object,Severe Laceration,C
218583915,196323033,2024-07-18,Winston-Salem,NC0340200,13A,B,B,N,M,14,R,N,OK,Residence/Home,Home,Motor Vehicle/Vessel,,C
218584002,196323095,2024-07-19,Winston-Salem,NC0340200,13A,B,B,N,M,25,R,N,FR,Residence/Home,Home,Knife/Cutting Instrument,,C
218584003,196323096,2024-07-19,Winston-Salem,NC0340200,13A,W,W,N,M,20,R,N,,Highway/Road/Alley/Street/Sidewalk,Street & Sidewalk,Firearm,,C
218584032,196323123,2024-07-20,Winston-Salem,NC0340200,13A,B,B,N,F,39,R,N,ST,Highway/Road/Alley/Street/Sidewalk,Street & Sidewalk,Handgun,,C
218584033,196323123,2024-07-20,Winston-Salem,NC0340200,13A,B,B,N,M,18,R,N,ST,Highway/Road/Alley/Street/Sidewalk,Street & Sidewalk,Handgun,,C
218584034,196323124,2024-07-20,Winston-Salem,NC0340200,13A,B,B,N,F,53,R,N,ST,Service/Gas Station,Gas Station,Handgun,,C
218584058,196323142,2024-07-20,Winston-Salem,NC0340200,13A,B,B,N,F,54,R,N,OK,Highway/Road/Alley/Street/Sidewalk,Street & Sidewalk,Handgun,,C
220528014,198019679,2024-07-20,Winston-Salem,NC0340200,13A,B,B,N,F,38,R,Y,BG,Parking/Drop Lot/Garage,Parking Lot,Personal Weapons,,C
218584079,196323161,2024-07-21,Winston-Salem,NC0340200,13A,H,W,H,F,19,R,Y,BG,Residence/Home,Home,Personal Weapons,Minor Injury,C
218584080,196323162,2024-07-21,Winston-Salem,NC0340200,13A,B,B,N,M,30,R,Y,BG,Highway/Road/Alley/Street/Sidewalk,Street & Sidewalk,Motor Vehicle/Vessel,Minor Injury,C
218584105,196323184,2024-07-21,Winston-Salem,NC0340200,13A,W,W,N,M,30,R,N,,Residence/Home,Home,Blunt Object,,C
218584131,196323208,2024-07-21,Winston-Salem,NC0340200,13A,W,W,N,M,29,R,N,AQ,Parking/Drop Lot/Garage,Parking Lot,Blunt Object,Apparent Broken Bones,C
218584168,196323235,2024-07-21,Winston-Salem,NC0340200,13A,W,W,N,M,51,N,N,,Bank/Savings and Loan,Bank,Handgun,,C
223300843,200431313,2024-07-21,Winston-Salem,NC0340200,13A,W,W,N,M,38,N,N,ST,Residence/Home,Home,Motor Vehicle/Vessel,Minor Injury,C
228264762,204762626,2024-07-21,Winston-Salem,NC0340200,13A,B,B,N,F,34,R,N,ST,Highway/Road/Alley/Street/Sidewalk,Street & Sidewalk,Handgun,,C
218584177,196323242,2024-07-22,Winston-Salem,NC0340200,13A,W,W,N,M,12,R,N,,Highway/Road/Alley/Street/Sidewalk,Street & Sidewalk,Other,Minor Injury,C
220528017,198019681,2024-07-22,Winston-Salem,NC0340200,13A,B,B,N,M,21,R,N,RU,Residence/Home,Home,Handgun,,C
220528018,198019681,2024-07-22,Winston-Salem,NC0340200,13A,B,B,N,M,23,R,N,RU,Residence/Home,Home,Handgun,,C
223300846,200431316,2024-07-22,Winston-Salem,NC0340200,13A,W,W,N,M,72,R,N,AQ,Residence/Home,Home,Firearm,,C
223300847,200431316,2024-07-22,Winston-Salem,NC0340200,13A,W,W,N,F,17,R,Y,AQ;BG,Residence/Home,Home,Firearm,,C
218584254,196323308,2024-07-23,Winston-Salem,NC0340200,13A,W,W,N,M,40,N,N,,Parking/Drop Lot/Garage,Parking Lot,Motor Vehicle/Vessel,,C
218584262,196323315,2024-07-24,Winston-Salem,NC0340200,13A,B,B,N,M,29,R,N,SB,Residence/Home,Home,Handgun,,C
218584329,196323362,2024-07-24,Winston-Salem,NC0340200,13A,B,B,N,F,24,R,N,RU,Parking/Drop Lot/Garage,Parking Lot,Handgun,,C
218584347,196323377,2024-07-24,Winston-Salem,NC0340200,13A,B,B,N,M,40,R,N,,Residence/Home,Home,Handgun;Rifle,,C
218584348,196323377,2024-07-24,Winston-Salem,NC0340200,13A,B,B,N,F,34,R,N,,Residence/Home,Home,Handgun;Rifle,,C
218584349,196323377,2024-07-24,Winston-Salem,NC0340200,13A,B,B,N,F,13,R,N,,Residence/Home,Home,Handgun;Rifle,,C
218584350,196323377,2024-07-24,Winston-Salem,NC0340200,13A,B,B,N,M,10,N,N,,Residence/Home,Home,Handgun;Rifle,,C
218584351,196323377,2024-07-24,Winston-Salem,NC0340200,13A,B,B,N,F,47,N,N,,Residence/Home,Home,Handgun;Rifle,,C
218584352,196323377,2024-07-24,Winston-Salem,NC0340200,13A,B,B,N,M,7,R,N,,Residence/Home,Home,Handgun;Rifle,,C
218584398,196323420,2024-07-25,Winston-Salem,NC0340200,13A,B,B,N,F,27,R,Y,BG,Residence/Home,Home,Handgun,,C
218584409,196323431,2024-07-25,Winston-Salem,NC0340200,13A,B,B,N,F,38,R,N,AQ,Highway/Road/Alley/Street/Sidewalk,Street & Sidewalk,Other,,C
218584454,196323473,2024-07-26,Winston-Salem,NC0340200,13A,W,W,N,F,32,R,N,,Highway/Road/Alley/Street/Sidewalk,Street & Sidewalk,Blunt Object,Minor Injury,C
223300857,200431326,2024-07-26,Winston-Salem,NC0340200,13A,B,B,N,M,22,R,N,OK,Parking/Drop Lot/Garage,Parking Lot,Knife/Cutting Instrument;Personal Weapons,Severe Laceration,C
218584496,196323507,2024-07-27,Winston-Salem,NC0340200,13A,W,W,N,F,23,R,Y,BG,Residence/Home,Home,Handgun,Minor Injury,C
218584505,196323516,2024-07-27,Winston-Salem,NC0340200,13A,B,B,N,M,21,R,N,SB,Residence/Home,Home,Knife/Cutting Instrument;Other,Minor Injury,C
218584513,196323523,2024-07-27,Winston-Salem,NC0340200,13A,B,B,N,F,27,R,N,AQ,Residence/Home,Home,Handgun,Minor Injury,C
218584531,196323541,2024-07-27,Winston-Salem,NC0340200,13A,B,B,N,M,22,R,N,,Highway/Road/Alley/Street/Sidewalk,Street & Sidewalk,Handgun,,C
220528037,198019700,2024-07-27,Winston-Salem,NC0340200,13A,B,B,N,M,31,R,N,OK,Convenience Store,Convenience Store,Handgun,,C
218584580,196323580,2024-07-28,Winston-Salem,NC0340200,13A,B,B,N,F,36,R,Y,BG;VO,Residence/Home,Home,Knife/Cutting Instrument;Personal Weapons,,C
218584581,196323580,2024-07-28,Winston-Salem,NC0340200,13A,B,B,N,M,34,R,Y,BG;VO,Residence/Home,Home,Knife/Cutting Instrument;Personal Weapons,,C
218584588,196323586,2024-07-28,Winston-Salem,NC0340200,13A,B,B,N,M,20,R,N,ST,Highway/Road/Alley/Street/Sidewalk,Street & Sidewalk,Handgun,,C
218584626,196323621,2024-07-28,Winston-Salem,NC0340200,13A,H,W,H,M,22,R,N,RU,Convenience Store,Convenience Store,Firearm,,C
218584627,196323621,2024-07-28,Winston-Salem,NC0340200,13A,H,W,H,M,23,R,N,RU,Convenience Store,Convenience Store,Firearm,Other Major Injury,C
218584696,196323678,2024-07-29,Winston-Salem,NC0340200,13A,B,B,N,M,61,R,N,OF,Residence/Home,Home,Knife/Cutting Instrument,Minor Injury,C
218584720,196323698,2024-07-30,Winston-Salem,NC0340200,13A,W,W,N,F,50,R,Y,BG;VO,Residence/Home,Home,Blunt Object,,C
218584721,196323698,2024-07-30,Winston-Salem,NC0340200,13A,H,W,H,M,42,R,Y,BG;VO,Residence/Home,Home,Blunt Object,Minor Injury,C
218584763,196323731,2024-07-30,Winston-Salem,NC0340200,13A,B,B,N,M,19,N,Y,BG,Highway/Road/Alley/Street/Sidewalk,Street & Sidewalk,Motor Vehicle/Vessel,,C
218584773,196323739,2024-07-30,Winston-Salem,NC0340200,13A,H,W,H,M,33,N,N,ST,Commercial/Office Building,Office Building,Knife/Cutting Instrument,,C
218584774,196323739,2024-07-30,Winston-Salem,NC0340200,13A,B,B,N,F,41,R,N,ST,Commercial/Office Building,Office Building,Knife/Cutting Instrument,,C
218584783,196323747,2024-07-30,Winston-Salem,NC0340200,13A,B,B,N,F,34,R,N,ST,Drug Store/Doctor's Office/Hospital,Hospital & Clinic,Blunt Object,Minor Injury,C
218584805,196323768,2024-07-30,Winston-Salem,NC0340200,13A,B,B,N,F,21,R,Y,BG,Residence/Home,Home,Personal Weapons,Minor Injury,C
218584829,196323787,2024-07-30,Winston-Salem,NC0340200,13A,H,W,H,M,27,R,N,NE,Residence/Home,Home,Firearm,,C
223300861,200431330,2024-07-30,Winston-Salem,NC0340200,13A,B,B,N,M,36,R,N,OK;VO,Other/Unknown,Other & Unknown,Other,Minor Injury,C
223300862,200431330,2024-07-30,Winston-Salem,NC0340200,13A,W,W,N,M,51,R,N,OK;VO,Other/Unknown,Other & Unknown,Other,Minor Injury,C
218584817,196323779,2024-07-31,Winston-Salem,NC0340200,13A,B,B,N,F,19,R,N,AQ,Residence/Home,Home,Handgun,,C
218584818,196323779,2024-07-31,Winston-Salem,NC0340200,13A,B,B,N,F,0,R,N,OK,Residence/Home,Home,Handgun,,C
218584819,196323779,2024-07-31,Winston-Salem,NC0340200,13A,B,B,N,M,4,R,N,OK,Residence/Home,Home,Handgun,,C
218584820,196323779,2024-07-31,Winston-Salem,NC0340200,13A,B,B,N,M,28,R,N,SB,Residence/Home,Home,Handgun,,C
218584833,196323791,2024-07-31,Winston-Salem,NC0340200,13A,B,B,N,F,32,N,N,,Highway/Road/Alley/Street/Sidewalk,Street & Sidewalk,Handgun,,C
220528066,198019722,2024-08-01,Winston-Salem,NC0340200,13A,B,B,N,M,36,R,N,AQ,Highway/Road/Alley/Street/Sidewalk,Street & Sidewalk,Rifle,,C
220528067,198019723,2024-08-01,Winston-Salem,NC0340200,13A,W,W,N,F,32,R,N,ST,Jail/Prison/Penitentiary/Corrections Facility,Jail & Prison,Personal Weapons,,C
220528077,198019731,2024-08-01,Winston-Salem,NC0340200,13A,W,W,N,M,56,R,N,AQ,Residence/Home,Home,Knife/Cutting Instrument,,C
220528090,198019739,2024-08-01,Winston-Salem,NC0340200,13A,W,W,N,F,45,R,Y,XR,Residence/Home,Home,Other,,C
220528105,198019754,2024-08-01,Winston-Salem,NC0340200,13A,W,W,N,F,63,R,Y,BG,Residence/Home,Home,Knife/Cutting Instrument,Severe Laceration,C
220528124,198019770,2024-08-01,Winston-Salem,NC0340200,13A,W,W,N,M,47,R,N,OK,Parking/Drop Lot/Garage,Parking Lot,Other,Minor Injury,C
220528125,198019770,2024-08-01,Winston-Salem,NC0340200,13A,B,B,N,M,70,R,N,AQ,Parking/Drop Lot/Garage,Parking Lot,Other,Minor Injury,C
220528126,198019770,2024-08-01,Winston-Salem,NC0340200,13A,W,W,N,F,41,R,Y,SE,Parking/Drop Lot/Garage,Parking Lot,Other,,C
220528159,198019800,2024-08-02,Winston-Salem,NC0340200,13A,B,B,N,F,19,R,N,ST,Parking/Drop Lot/Garage,Parking Lot,Handgun,,C
220528160,198019800,2024-08-02,Winston-Salem,NC0340200,13A,B,B,N,F,40,R,N,ST,Parking/Drop Lot/Garage,Parking Lot,Handgun,,C
220528181,198019816,2024-08-02,Winston-Salem,NC0340200,13A,H,W,H,F,25,R,N,,Highway/Road/Alley/Street/Sidewalk,Street & Sidewalk,Handgun;Rifle,,C
220528182,198019816,2024-08-02,Winston-Salem,NC0340200,13A,B,B,N,M,31,R,N,,Highway/Road/Alley/Street/Sidewalk,Street & Sidewalk,Handgun;Rifle,,C
220528183,198019816,2024-08-02,Winston-Salem,NC0340200,13A,H,W,H,M,6,R,N,,Highway/Road/Alley/Street/Sidewalk,Street & Sidewalk,Handgun;Rifle,,C
220528184,198019816,2024-08-02,Winston-Salem,NC0340200,13A,B,B,N,M,4,R,N,,Highway/Road/Alley/Street/Sidewalk,Street & Sidewalk,Handgun;Rifle,,C
220528185,198019816,2024-08-02,Winston-Salem,NC0340200,13A,H,W,H,M,20,R,N,,Highway/Road/Alley/Street/Sidewalk,Street & Sidewalk,Handgun;Rifle,,C
220528226,198019855,2024-08-03,Winston-Salem,NC0340200,13A,W,W,N,M,18,R,N,,Residence/Home,Home,Blunt Object,Minor Injury,C
220528229,198019858,2024-08-03,Winston-Salem,NC0340200,13A,H,B,H,M,22,N,N,ST,Parking/Drop Lot/Garage,Parking Lot,Motor Vehicle/Vessel,Minor Injury,C
220528236,198019864,2024-08-03,Winston-Salem,NC0340200,13A,W,W,N,F,28,R,Y,XR,Residence/Home,Home,Handgun,,C
220528237,198019864,2024-08-03,Winston-Salem,NC0340200,13A,W,W,N,M,36,R,N,OK,Residence/Home,Home,Handgun,,C
220528238,198019864,2024-08-03,Winston-Salem,NC0340200,13A,B,B,N,M,38,R,N,OK,Residence/Home,Home,Handgun,,C
220528264,198019889,2024-08-03,Winston-Salem,NC0340200,13A,W,W,N,M,53,R,N,ST,Arena/Stadium/Fairgrounds/Coliseum,Arena & Stadium,Other,Severe Laceration,C
230307762,206547014,2024-08-03,Winston-Salem,NC0340200,13A,B,B,N,F,32,R,Y,BG,Parking/Drop Lot/Garage,Parking Lot,Handgun,,C
220528267,198019892,2024-08-04,Winston-Salem,NC0340200,13A,B,B,N,F,61,R,Y,VO;XR,Residence/Home,Home,Blunt Object,Minor Injury,C
220528268,198019892,2024-08-04,Winston-Salem,NC0340200,13A,B,B,N,M,53,R,Y,VO;XR,Residence/Home,Home,Blunt Object,,C
220528278,198019901,2024-08-04,Winston-Salem,NC0340200,13A,B,B,N,F,46,N,N,,Highway/Road/Alley/Street/Sidewalk,Street & Sidewalk,Shotgun,,C
220528281,198019904,2024-08-04,Winston-Salem,NC0340200,13A,B,B,N,M,25,R,N,,Service/Gas Station,Gas Station,Firearm,Other Major Injury,C
220528293,198019913,2024-08-04,Winston-Salem,NC0340200,13A,B,B,N,F,37,R,Y,BG,Residence/Home,Home,Knife/Cutting Instrument,Minor Injury,C
220528300,198019919,2024-08-04,Winston-Salem,NC0340200,13A,W,W,N,F,40,R,Y,SE;VO,Residence/Home,Home,Blunt Object,,C
220528301,198019919,2024-08-04,Winston-Salem,NC0340200,13A,B,B,N,M,30,R,Y,SE;VO,Residence/Home,Home,Blunt Object,,C
220528303,198019921,2024-08-04,Winston-Salem,NC0340200,13A,H,W,H,M,43,R,N,ER,Restaurant,Restaurant,Knife/Cutting Instrument,Severe Laceration,C
220528317,198019932,2024-08-04,Winston-Salem,NC0340200,13A,B,B,N,M,37,R,N,,Highway/Road/Alley/Street/Sidewalk,Street & Sidewalk,Handgun,,C
220528333,198019947,2024-08-04,Winston-Salem,NC0340200,13A,B,B,N,F,54,R,Y,SE,Residence/Home,Home,Blunt Object,Minor Injury,C
220528355,198019965,2024-08-04,Winston-Salem,NC0340200,13A,H,W,H,M,19,R,N,,Residence/Home,Home,Firearm,,C
220528383,198019988,2024-08-05,Winston-Salem,NC0340200,13A,W,W,N,M,61,R,N,,Highway/Road/Alley/Street/Sidewalk,Street & Sidewalk,Handgun,,C
220528389,198019993,2024-08-05,Winston-Salem,NC0340200,13A,B,B,N,F,15,R,N,,Residence/Home,Home,Handgun,Other Major Injury,C
228264782,204762644,2024-08-05,Winston-Salem,NC0340200,13A,H,W,H,M,46,R,Y,OK;PA;SE;VO,Residence/Home,Home,Blunt Object;Knife/Cutting Instrument,,C
228264783,204762644,2024-08-05,Winston-Salem,NC0340200,13A,H,W,H,F,49,R,Y,OK;PA;SE;VO,Residence/Home,Home,Blunt Object;Knife/Cutting Instrument,,C
228264784,204762644,2024-08-05,Winston-Salem,NC0340200,13A,H,W,H,M,24,R,Y,BG;OK;VO,Residence/Home,Home,Blunt Object;Knife/Cutting Instrument,,C
228264785,204762644,2024-08-05,Winston-Salem,NC0340200,13A,H,W,H,F,20,R,Y,BG;CH;VO,Residence/Home,Home,Blunt Object;Knife/Cutting Instrument,Minor Injury,C
220528433,198020031,2024-08-06,Winston-Salem,NC0340200,13A,W,W,N,F,67,R,N,,Highway/Road/Alley/Street/Sidewalk,Street & Sidewalk,Handgun,,C
220528455,198020048,2024-08-06,Winston-Salem,NC0340200,13A,B,B,N,M,37,N,N,CH,Residence/Home,Home,Blunt Object,Minor Injury,C
220528456,198020049,2024-08-06,Winston-Salem,NC0340200,13A,B,B,N,M,66,R,Y,SE,Residence/Home,Home,Knife/Cutting Instrument,Minor Injury,C
220528469,198020061,2024-08-06,Winston-Salem,NC0340200,13A,B,B,N,M,61,R,N,NE,Parking/Drop Lot/Garage,Parking Lot,Handgun,,C
230307763,206547015,2024-08-06,Winston-Salem,NC0340200,13A,B,B,N,M,17,R,N,,Highway/Road/Alley/Street/Sidewalk,Street & Sidewalk,Firearm,Other Major Injury,C
220528519,198020095,2024-08-07,Winston-Salem,NC0340200,13A,B,B,N,F,23,R,Y,XR,Residence/Home,Home,Personal Weapons,Unconscious,C
220528521,198020097,2024-08-07,Winston-Salem,NC0340200,13A,B,B,N,M,33,R,N,RU,Residence/Home,Home,Other,Minor Injury,C
220528527,198020103,2024-08-07,Winston-Salem,NC0340200,13A,W,W,N,F,24,R,Y,BG,Residence/Home,Home,Personal Weapons,Minor Injury,C
220528559,198020133,2024-08-07,Winston-Salem,NC0340200,13A,B,B,N,M,54,R,N,SB,Residence/Home,Home,Knife/Cutting Instrument,,C
223300877,200431339,2024-08-07,Winston-Salem,NC0340200,13A,B,B,U,F,28,R,N,RU,Residence/Home,Home,Firearm,,C
223300878,200431339,2024-08-07,Winston-Salem,NC0340200,13A,B,B,N,F,24,R,N,RU,Residence/Home,Home,Firearm,,C
223300879,200431339,2024-08-07,Winston-Salem,NC0340200,13A,B,B,N,F,16,R,N,RU,Residence/Home,Home,Firearm,,C
223300880,200431339,2024-08-07,Winston-Salem,NC0340200,13A,B,B,N,F,22,R,N,RU,Residence/Home,Home,Firearm,,C
220528771,198020310,2024-08-08,Winston-Salem,NC0340200,13A,B,B,N,M,55,R,N,OK,Residence/Home,Home,Handgun,,C
223300882,200431341,2024-08-08,Winston-Salem,NC0340200,13A,B,B,N,F,46,R,N,,Residence/Home,Home,Handgun,,C
223300883,200431341,2024-08-08,Winston-Salem,NC0340200,13A,B,B,N,M,24,R,N,,Residence/Home,Home,Handgun,,C
220528831,198020363,2024-08-09,Winston-Salem,NC0340200,13A,W,W,N,M,44,R,Y,BG;VO,Service/Gas Station,Gas Station,Knife/Cutting Instrument;Personal Weapons,Minor Injury,C
220528832,198020363,2024-08-09,Winston-Salem,NC0340200,13A,W,W,N,F,45,R,Y,BG;VO,Service/Gas Station,Gas Station,Knife/Cutting Instrument;Personal Weapons,Minor Injury,C
220528913,198020423,2024-08-09,Winston-Salem,NC0340200,13A,B,B,N,M,0,R,N,CH,Residence/Home,Home,Personal Weapons,Other Major Injury,C
220529213,198020685,2024-08-09,Winston-Salem,NC0340200,13A,B,B,N,F,58,R,N,,Residence/Home,Home,Firearm,,C
220528978,198020483,2024-08-10,Winston-Salem,NC0340200,13A,B,B,N,M,52,R,N,,Highway/Road/Alley/Street/Sidewalk,Street & Sidewalk,Blunt Object,Minor Injury,C
220529030,198020530,2024-08-10,Winston-Salem,NC0340200,13A,W,W,N,M,22,N,N,ST,Service/Gas Station,Gas Station,Other,,C
223300892,200431349,2024-08-10,Winston-Salem,NC0340200,13A,B,B,N,F,63,R,N,OK,Residence/Home,Home,Blunt Object,Minor Injury,C
228264788,204762647,2024-08-10,Winston-Salem,NC0340200,13A,B,B,N,F,51,R,Y,XR,Residence/Home,Home,Personal Weapons,Minor Injury,C
220529086,198020579,2024-08-11,Winston-Salem,NC0340200,13A,W,W,N,M,39,R,N,ST,Highway/Road/Alley/Street/Sidewalk,Street & Sidewalk,Handgun,,C
220529092,198020584,2024-08-11,Winston-Salem,NC0340200,13A,B,B,N,F,45,R,N,PA,Residence/Home,Home,Motor Vehicle/Vessel,Minor Injury,C
223300906,200431358,2024-08-12,Winston-Salem,NC0340200,13A,B,B,N,M,38,R,N,OK,Service/Gas Station,Gas Station,Knife/Cutting Instrument,,C
220529282,198020747,2024-08-13,Winston-Salem,NC0340200,13A,B,B,N,F,24,R,N,CF,Highway/Road/Alley/Street/Sidewalk,Street & Sidewalk,Handgun,,C
220529308,198020772,2024-08-14,Winston-Salem,NC0340200,13A,B,B,N,F,33,R,N,,Parking/Drop Lot/Garage,Parking Lot,Blunt Object,Minor Injury,C
220529313,198020777,2024-08-14,Winston-Salem,NC0340200,13A,B,B,N,M,42,R,N,OK,Department/Discount Store,Department Store,Handgun,Other Major Injury,C
220529387,198020840,2024-08-15,Winston-Salem,NC0340200,13A,B,B,N,F,37,R,N,RU,Residence/Home,Home,Handgun,,C
220529388,198020840,2024-08-15,Winston-Salem,NC0340200,13A,B,B,N,F,10,R,N,RU,Residence/Home,Home,Handgun,,C
220529389,198020840,2024-08-15,Winston-Salem,NC0340200,13A,B,B,N,F,4,R,N,RU,Residence/Home,Home,Handgun,,C
220529398,198020849,2024-08-15,Winston-Salem,NC0340200,13A,B,B,N,M,5,N,N,SC,Residence/Home,Home,Other,,C
231348183,207462614,2024-08-15,Winston-Salem,NC0340200,13A,W,W,N,F,37,R,Y,BG,Residence/Home,Home,Blunt Object,Minor Injury,C
220529452,198020899,2024-08-16,Winston-Salem,NC0340200,13A,B,B,N,M,51,R,N,FR,Highway/Road/Alley/Street/Sidewalk,Street & Sidewalk,Rifle,,C
220529499,198020939,2024-08-17,Winston-Salem,NC0340200,13A,B,B,N,M,23,R,N,,Highway/Road/Alley/Street/Sidewalk,Street & Sidewalk,Blunt Object,Minor Injury,C
220529506,198020944,2024-08-17,Winston-Salem,NC0340200,13A,W,W,N,M,46,R,Y,BG,Residence/Home,Home,Motor Vehicle/Vessel,,C
220529520,198020958,2024-08-17,Winston-Salem,NC0340200,13A,W,W,N,M,46,R,N,PA,Residence/Home,Home,Motor Vehicle/Vessel,,C
220529595,198021022,2024-08-18,Winston-Salem,NC0340200,13A,W,W,N,M,49,N,N,RU,Highway/Road/Alley/Street/Sidewalk,Street & Sidewalk,Motor Vehicle/Vessel,,C
220529596,198021022,2024-08-18,Winston-Salem,NC0340200,13A,A,A,N,F,43,N,N,RU,Highway/Road/Alley/Street/Sidewalk,Street & Sidewalk,Motor Vehicle/Vessel,,C
220529655,198021075,2024-08-19,Winston-Salem,NC0340200,13A,B,B,N,F,38,R,N,,Highway/Road/Alley/Street/Sidewalk,Street & Sidewalk,Handgun,,C
220529668,198021084,2024-08-19,Winston-Salem,NC0340200,13A,W,W,N,M,57,R,Y,BG,Residence/Home,Home,Other,Other Major Injury,C
220529790,198021189,2024-08-19,Winston-Salem,NC0340200,13A,B,B,N,M,13,R,N,ST,Highway/Road/Alley/Street/Sidewalk,Street & Sidewalk,Firearm,,C
228264795,204762654,2024-08-19,Winston-Salem,NC0340200,13A,W,W,N,F,30,N,N,ST,Highway/Road/Alley/Street/Sidewalk,Street & Sidewalk,Handgun,,C
220529673,198021089,2024-08-20,Winston-Salem,NC0340200,13A,B,B,N,F,44,R,Y,BG,Highway/Road/Alley/Street/Sidewalk,Street & Sidewalk,Blunt Object;Knife/Cutting Instrument;Personal Weapons,Minor Injury,C
220529728,198021132,2024-08-20,Winston-Salem,NC0340200,13A,W,W,N,M,54,R,N,IL,Residence/Home,Home,Handgun;Knife/Cutting Instrument,Minor Injury,C
220529766,198021168,2024-08-21,Winston-Salem,NC0340200,13A,H,W,H,M,36,R,Y,XR,Residence/Home,Home,Motor Vehicle/Vessel,,C
220530004,198021385,2024-08-22,Winston-Salem,NC0340200,13A,B,B,N,F,46,N,Y,XR,Parking/Drop Lot/Garage,Parking Lot,Knife/Cutting Instrument,Severe Laceration,C
220530194,198021546,2024-08-22,Winston-Salem,NC0340200,13A,B,B,N,F,27,R,N,OK,Highway/Road/Alley/Street/Sidewalk,Street & Sidewalk,Knife/Cutting Instrument,Minor Injury,C
220530247,198021596,2024-08-22,Winston-Salem,NC0340200,13A,H,W,H,M,26,R,N,,Residence/Home,Home,Firearm,,C
220530557,198021859,2024-08-23,Winston-Salem,NC0340200,13A,B,B,N,F,22,R,N,RU,Highway/Road/Alley/Street/Sidewalk,Street & Sidewalk,Motor Vehicle/Vessel,,C
220530558,198021859,2024-08-23,Winston-Salem,NC0340200,13A,B,B,N,M,23,R,N,RU,Highway/Road/Alley/Street/Sidewalk,Street & Sidewalk,Motor Vehicle/Vessel,,C
220530559,198021859,2024-08-23,Winston-Salem,NC0340200,13A,B,B,N,F,1,R,N,RU,Highway/Road/Alley/Street/Sidewalk,Street & Sidewalk,Motor Vehicle/Vessel,,C
220531378,198022588,2024-08-23,Winston-Salem,NC0340200,13A,B,B,N,M,43,R,N,ST,Residence/Home,Home,Handgun,,C
220532438,198023539,2024-08-24,Winston-Salem,NC0340200,13A,B,B,N,F,20,R,N,OK,Highway/Road/Alley/Street/Sidewalk,Street & Sidewalk,Handgun,,C
220533042,198024047,2024-08-24,Winston-Salem,NC0340200,13A,B,B,N,M,52,R,Y,SE,Highway/Road/Alley/Street/Sidewalk,Street & Sidewalk,Firearm,,C
220533065,198024067,2024-08-24,Winston-Salem,NC0340200,13A,H,W,H,F,36,R,N,ST,Highway/Road/Alley/Street/Sidewalk,Street & Sidewalk,Motor Vehicle/Vessel,,C
220533088,198024088,2024-08-24,Winston-Salem,NC0340200,13A,W,W,N,M,49,R,Y,SE,Residence/Home,Home,Other,,C
220533102,198024101,2024-08-24,Winston-Salem,NC0340200,13A,H,W,H,M,30,R,N,RU,Residence/Home,Home,Handgun,,C
220533104,198024103,2024-08-24,Winston-Salem,NC0340200,13A,B,B,N,F,54,R,N,OF,Residence/Home,Home,Blunt Object,Minor Injury,C
220533133,198024129,2024-08-24,Winston-Salem,NC0340200,13A,W,W,N,M,15,R,N,,Arena/Stadium/Fairgrounds/Coliseum,Arena & Stadium,,Minor Injury,C
220533670,198024599,2024-08-24,Winston-Salem,NC0340200,13A,B,B,N,F,30,N,Y,BG,Residence/Home,Home,Handgun,Minor Injury,C
223301043,200431476,2024-08-24,Winston-Salem,NC0340200,13A,B,B,N,F,31,R,Y,BG,Residence/Home,Home,,,C
220533159,198024151,2024-08-25,Winston-Salem,NC0340200,13A,B,B,N,F,32,R,Y,BG,Highway/Road/Alley/Street/Sidewalk,Street & Sidewalk,Handgun;Personal Weapons,Minor Injury,C
220533175,198024166,2024-08-25,Winston-Salem,NC0340200,13A,A,A,N,M,43,N,N,OK,Residence/Home,Home,Personal Weapons,Other Major Injury;Severe Laceration,C
220533182,198024173,2024-08-25,Winston-Salem,NC0340200,13A,W,W,N,M,41,R,Y,SE;VO,Residence/Home,Home,Other,,C
220533183,198024173,2024-08-25,Winston-Salem,NC0340200,13A,W,W,N,F,46,R,Y,SE;VO,Residence/Home,Home,Other,,C
220533191,198024181,2024-08-25,Winston-Salem,NC0340200,13A,B,B,N,M,18,R,N,RU,Residence/Home,Home,Blunt Object,,C
220533199,198024187,2024-08-25,Winston-Salem,NC0340200,13A,B,B,N,F,51,R,N,AQ;VO,Residence/Home,Home,Blunt Object,,C
220533200,198024187,2024-08-25,Winston-Salem,NC0340200,13A,B,B,N,M,54,R,N,AQ;VO,Residence/Home,Home,Blunt Object,,C
220533206,198024193,2024-08-25,Winston-Salem,NC0340200,13A,B,B,N,M,12,R,N,CH,Drug Store/Doctor's Office/Hospital,Hospital & Clinic,Personal Weapons,,C
220533224,198024211,2024-08-26,Winston-Salem,NC0340200,13A,H,W,H,M,19,R,N,ST,Residence/Home,Home,Handgun,,C
220533268,198024251,2024-08-26,Winston-Salem,NC0340200,13A,W,W,N,F,49,R,N,CH,Residence/Home,Home,Knife/Cutting Instrument,,C
220533299,198024277,2024-08-27,Winston-Salem,NC0340200,13A,B,B,N,F,40,R,N,OK,Highway/Road/Alley/Street/Sidewalk,Street & Sidewalk,Motor Vehicle/Vessel,,C
220533336,198024308,2024-08-27,Winston-Salem,NC0340200,13A,B,B,N,F,31,R,Y,XR,Residence/Home,Home,Knife/Cutting Instrument,,C
220533391,198024355,2024-08-28,Winston-Salem,NC0340200,13A,W,W,N,M,48,N,N,ST,Highway/Road/Alley/Street/Sidewalk,Street & Sidewalk,Blunt Object,,C
223301032,200431466,2024-08-28,Winston-Salem,NC0340200,13A,B,B,N,F,27,R,Y,BG,Residence/Home,Home,Knife/Cutting Instrument,Minor Injury,C
220533434,198024394,2024-08-29,Winston-Salem,NC0340200,13A,B,B,N,F,56,R,N,OK,Highway/Road/Alley/Street/Sidewalk,Street & Sidewalk,Knife/Cutting Instrument,Severe Laceration,C
220533435,198024394,2024-08-29,Winston-Salem,NC0340200,13A,B,B,N,F,32,R,N,OK,Highway/Road/Alley/Street/Sidewalk,Street & Sidewalk,Knife/Cutting Instrument,Severe Laceration,C
220533444,198024402,2024-08-29,Winston-Salem,NC0340200,13A,B,B,N,F,32,R,N,OK,Hotel/Motel/Etc.,Hotel & Motel,Knife/Cutting Instrument,,C
220533457,198024413,2024-08-29,Winston-Salem,NC0340200,13A,B,B,N,M,28,R,N,OK,Hotel/Motel/Etc.,Hotel & Motel,Handgun,Other Major Injury,C
220533458,198024413,2024-08-29,Winston-Salem,NC0340200,13A,B,B,N,M,27,R,N,OK,Hotel/Motel/Etc.,Hotel & Motel,Handgun,Other Major Injury,C
220533476,198024431,2024-08-29,Winston-Salem,NC0340200,13A,B,B,N,F,27,R,Y,XR,Residence/Home,Home,Handgun,,C
220533479,198024434,2024-08-29,Winston-Salem,NC0340200,13A,B,B,N,F,16,R,N,OK,Highway/Road/Alley/Street/Sidewalk,Street & Sidewalk,Handgun,,C
220533480,198024434,2024-08-29,Winston-Salem,NC0340200,13A,B,B,N,M,20,R,N,OK,Highway/Road/Alley/Street/Sidewalk,Street & Sidewalk,Handgun,,C
220533506,198024455,2024-08-30,Winston-Salem,NC0340200,13A,W,W,N,M,64,R,N,,Highway/Road/Alley/Street/Sidewalk,Street & Sidewalk,Rifle,,C
220533508,198024455,2024-08-30,Winston-Salem,NC0340200,13A,B,B,N,F,59,R,N,,Highway/Road/Alley/Street/Sidewalk,Street & Sidewalk,Rifle,,C
220533509,198024455,2024-08-30,Winston-Salem,NC0340200,13A,B,B,N,F,37,R,N,,Highway/Road/Alley/Street/Sidewalk,Street & Sidewalk,Rifle,,C
220533510,198024455,2024-08-30,Winston-Salem,NC0340200,13A,B,B,N,F,16,R,N,,Highway/Road/Alley/Street/Sidewalk,Street & Sidewalk,Rifle,,C
220533518,198024462,2024-08-30,Winston-Salem,NC0340200,13A,B,B,N,M,31,R,Y,BG,Highway/Road/Alley/Street/Sidewalk,Street & Sidewalk,Fire/Incendiary Device,Minor Injury,C
220533566,198024504,2024-08-30,Winston-Salem,NC0340200,13A,B,B,N,F,27,R,Y,BG,Highway/Road/Alley/Street/Sidewalk,Street & Sidewalk,Handgun,,C
223301055,200431485,2024-08-31,Winston-Salem,NC0340200,13A,B,B,N,M,39,N,N,,Parking/Drop Lot/Garage,Parking Lot,Firearm,Other Major Injury,C
223301056,200431485,2024-08-31,Winston-Salem,NC0340200,13A,B,B,N,M,53,N,N,,Parking/Drop Lot/Garage,Parking Lot,Firearm,Other Major Injury,C
223301090,200431516,2024-09-01,Winston-Salem,NC0340200,13A,W,W,N,M,41,R,N,RU,Service/Gas Station,Gas Station,Unknown,Severe Laceration,C
223301091,200431516,2024-09-01,Winston-Salem,NC0340200,13A,W,W,N,M,30,R,N,RU,Service/Gas Station,Gas Station,Unknown,Minor Injury,C
223301098,200431523,2024-09-01,Winston-Salem,NC0340200,13A,W,W,N,M,39,R,N,AQ;VO,Residence/Home,Home,Knife/Cutting Instrument,Severe Laceration,C
223301099,200431523,2024-09-01,Winston-Salem,NC0340200,13A,W,W,N,M,41,R,N,AQ;VO,Residence/Home,Home,Knife/Cutting Instrument,Minor Injury,C
223301149,200431564,2024-09-01,Winston-Salem,NC0340200,13A,B,B,N,F,26,R,N,NE,Residence/Home,Home,Handgun,,C
228264809,204762668,2024-09-01,Winston-Salem,NC0340200,13A,H,W,H,F,25,R,Y,BG,Residence/Home,Home,Blunt Object,Severe Laceration,C
223301266,200431664,2024-09-02,Winston-Salem,NC0340200,13A,B,B,U,F,23,R,Y,BG,Residence/Home,Home,Personal Weapons,Minor Injury,C
223301321,200431704,2024-09-03,Winston-Salem,NC0340200,13A,H,W,H,M,17,R,N,CH,Residence/Home,Home,Knife/Cutting Instrument,Minor Injury,C
223301328,200431711,2024-09-03,Winston-Salem,NC0340200,13A,B,B,N,F,25,R,Y,BG,Residence/Home,Home,Blunt Object,Minor Injury,C
223301375,200431747,2024-09-03,Winston-Salem,NC0340200,13A,B,B,N,F,71,R,Y,SE,Residence/Home,Home,Knife/Cutting Instrument,,C
223301376,200431747,2024-09-03,Winston-Salem,NC0340200,13A,B,B,N,M,51,R,N,CH,Residence/Home,Home,Knife/Cutting Instrument,,C
223301381,200431752,2024-09-03,Winston-Salem,NC0340200,13A,B,B,N,M,49,R,N,OK;VO,Residence/Home,Home,Blunt Object;Knife/Cutting Instrument,,C
223301382,200431752,2024-09-03,Winston-Salem,NC0340200,13A,W,W,N,M,21,R,N,OK;VO,Residence/Home,Home,Blunt Object;Knife/Cutting Instrument,,C
223301392,200431761,2024-09-04,Winston-Salem,NC0340200,13A,W,W,N,F,30,R,Y,BG,Residence/Home,Home,Knife/Cutting Instrument,Minor Injury,C
223301455,200431815,2024-09-04,Winston-Salem,NC0340200,13A,B,B,N,F,28,R,N,RU;VO,Parking/Drop Lot/Garage,Parking Lot,Knife/Cutting Instrument,,C
223301456,200431815,2024-09-04,Winston-Salem,NC0340200,13A,B,B,N,M,27,R,N,RU;VO,Parking/Drop Lot/Garage,Parking Lot,Knife/Cutting Instrument,Minor Injury,C
223301499,200431853,2024-09-05,Winston-Salem,NC0340200,13A,H,W,H,F,23,R,N,ST,Parking/Drop Lot/Garage,Parking Lot,Handgun,,C
223301545,200431895,2024-09-05,Winston-Salem,NC0340200,13A,H,W,H,M,40,R,N,SB,Residence/Home,Home,Knife/Cutting Instrument,,C
228264814,204762672,2024-09-05,Winston-Salem,NC0340200,13A,B,B,N,F,29,R,N,RU,Convenience Store,Convenience Store,Rifle,,C
223301576,200431923,2024-09-06,Winston-Salem,NC0340200,13A,H,W,H,F,20,R,N,ST,Parking/Drop Lot/Garage,Parking Lot,Motor Vehicle/Vessel,Minor Injury,C
223301596,200431941,2024-09-07,Winston-Salem,NC0340200,13A,B,B,N,M,27,R,Y,BG;VO,Residence/Home,Home,Firearm,,C
223301625,200431962,2024-09-07,Winston-Salem,NC0340200,13A,B,B,N,F,36,R,N,SB,Residence/Home,Home,Knife/Cutting Instrument,,C
223301626,200431962,2024-09-07,Winston-Salem,NC0340200,13A,B,B,N,F,16,R,N,OF,Residence/Home,Home,Knife/Cutting Instrument,,C
223301637,200431973,2024-09-07,Winston-Salem,NC0340200,13A,W,W,N,M,18,R,N,AQ,Convenience Store,Convenience Store,Other,Minor Injury,C
223301643,200431977,2024-09-07,Winston-Salem,NC0340200,13A,B,B,N,F,26,N,N,OF,Residence/Home,Home,Handgun,,C
223301700,200432031,2024-09-08,Winston-Salem,NC0340200,13A,B,B,N,F,25,R,N,AQ,Restaurant,Restaurant,Knife/Cutting Instrument,,C
223301708,200432039,2024-09-08,Winston-Salem,NC0340200,13A,H,W,H,M,21,R,N,,Highway/Road/Alley/Street/Sidewalk,Street & Sidewalk,Firearm,,C
223301709,200432039,2024-09-08,Winston-Salem,NC0340200,13A,H,W,H,F,24,R,N,,Highway/Road/Alley/Street/Sidewalk,Street & Sidewalk,Firearm,,C
223301852,200432160,2024-09-11,Winston-Salem,NC0340200,13A,W,W,N,M,43,R,N,ST,Highway/Road/Alley/Street/Sidewalk,Street & Sidewalk,Handgun,,C
223301880,200432186,2024-09-11,Winston-Salem,NC0340200,13A,B,B,N,M,30,R,Y,BG,Highway/Road/Alley/Street/Sidewalk,Street & Sidewalk,Knife/Cutting Instrument,Minor Injury,C
223301902,200432206,2024-09-11,Winston-Salem,NC0340200,13A,B,B,N,M,52,R,N,RU,Highway/Road/Alley/Street/Sidewalk,Street & Sidewalk,Personal Weapons,Minor Injury,C
223302091,200432374,2024-09-13,Winston-Salem,NC0340200,13A,H,W,H,F,52,R,N,,Residence/Home,Home,Firearm,,C
223302092,200432374,2024-09-13,Winston-Salem,NC0340200,13A,H,W,H,F,28,R,N,,Residence/Home,Home,Firearm,,C
223302093,200432374,2024-09-13,Winston-Salem,NC0340200,13A,W,W,N,M,46,R,N,,Residence/Home,Home,Firearm,,C
223302094,200432374,2024-09-13,Winston-Salem,NC0340200,13A,W,W,N,M,16,R,N,,Residence/Home,Home,Firearm,,C
223302135,200432406,2024-09-14,Winston-Salem,NC0340200,13A,B,B,N,F,29,R,N,RU,Parking/Drop Lot/Garage,Parking Lot,Firearm,Other Major Injury,C
223302136,200432406,2024-09-14,Winston-Salem,NC0340200,13A,B,B,N,M,31,R,N,RU,Parking/Drop Lot/Garage,Parking Lot,Firearm,Other Major Injury,C
223302137,200432406,2024-09-14,Winston-Salem,NC0340200,13A,B,B,N,M,25,R,N,RU,Parking/Drop Lot/Garage,Parking Lot,Firearm,Minor Injury,C
223302138,200432406,2024-09-14,Winston-Salem,NC0340200,13A,B,B,N,M,24,R,N,RU,Parking/Drop Lot/Garage,Parking Lot,Firearm,Other Major Injury,C
223302139,200432406,2024-09-14,Winston-Salem,NC0340200,13A,B,B,N,M,22,R,N,RU,Parking/Drop Lot/Garage,Parking Lot,Firearm,,C
223302143,200432410,2024-09-14,Winston-Salem,NC0340200,13A,B,B,N,F,30,R,N,,Highway/Road/Alley/Street/Sidewalk,Street & Sidewalk,Personal Weapons,Severe Laceration,C
223302236,200432497,2024-09-14,Winston-Salem,NC0340200,13A,H,W,H,M,49,R,N,PA,Residence/Home,Home,Blunt Object,,C
223302237,200432497,2024-09-14,Winston-Salem,NC0340200,13A,H,W,H,F,42,R,N,PA,Residence/Home,Home,Blunt Object,,C
223302253,200432510,2024-09-14,Winston-Salem,NC0340200,13A,B,B,N,F,48,R,N,AQ,Residence/Home,Home,Knife/Cutting Instrument,,C
223302254,200432510,2024-09-14,Winston-Salem,NC0340200,13A,B,B,N,F,31,R,N,AQ,Residence/Home,Home,Knife/Cutting Instrument,,C
223302263,200432517,2024-09-14,Winston-Salem,NC0340200,13A,H,W,H,F,53,R,N,,Residence/Home,Home,Knife/Cutting Instrument,Minor Injury,C
223302478,200432684,2024-09-14,Winston-Salem,NC0340200,13A,B,B,N,M,72,R,N,NE,Residence/Home,Home,Knife/Cutting Instrument,Severe Laceration,C
228264835,204762687,2024-09-14,Winston-Salem,NC0340200,13A,H,W,H,M,30,R,N,RU;ST,Highway/Road/Alley/Street/Sidewalk,Street & Sidewalk,Handgun,Other Major Injury,C
228264836,204762687,2024-09-14,Winston-Salem,NC0340200,13A,H,W,H,F,25,R,N,RU;ST,Highway/Road/Alley/Street/Sidewalk,Street & Sidewalk,Handgun,,C
228264837,204762687,2024-09-14,Winston-Salem,NC0340200,13A,H,W,H,M,31,R,N,RU;ST,Highway/Road/Alley/Street/Sidewalk,Street & Sidewalk,Handgun,,C
223302281,200432528,2024-09-15,Winston-Salem,NC0340200,13A,H,W,H,M,27,R,N,,Parking/Drop Lot/Garage,Parking Lot,Handgun;Rifle,Minor Injury,C
223302282,200432528,2024-09-15,Winston-Salem,NC0340200,13A,W,W,N,M,37,N,N,,Parking/Drop Lot/Garage,Parking Lot,Handgun;Rifle,,C
223302339,200432574,2024-09-15,Winston-Salem,NC0340200,13A,B,B,N,F,40,R,N,,Residence/Home,Home,Handgun,,C
223302340,200432574,2024-09-15,Winston-Salem,NC0340200,13A,B,B,N,F,14,R,N,,Residence/Home,Home,Handgun,,C
223302341,200432574,2024-09-15,Winston-Salem,NC0340200,13A,B,B,N,F,21,R,N,,Residence/Home,Home,Handgun,,C
223302342,200432574,2024-09-15,Winston-Salem,NC0340200,13A,B,B,N,M,21,N,N,,Residence/Home,Home,Handgun,,C
223302343,200432574,2024-09-15,Winston-Salem,NC0340200,13A,B,B,N,M,14,R,N,,Residence/Home,Home,Handgun,,C
223302344,200432574,2024-09-15,Winston-Salem,NC0340200,13A,B,B,N,F,13,R,N,,Residence/Home,Home,Handgun,,C
223302345,200432574,2024-09-15,Winston-Salem,NC0340200,13A,B,B,N,M,23,N,N,,Residence/Home,Home,Handgun,,C
223302346,200432574,2024-09-15,Winston-Salem,NC0340200,13A,B,B,N,F,4,R,N,,Residence/Home,Home,Handgun,,C
223302347,200432574,2024-09-15,Winston-Salem,NC0340200,13A,B,B,N,F,7,R,N,,Residence/Home,Home,Handgun,,C
223303217,200433331,2024-09-15,Winston-Salem,NC0340200,13A,B,B,N,M,21,R,Y,BG,Residence/Home,Home,Blunt Object,Minor Injury,C
228264843,204762691,2024-09-15,Winston-Salem,NC0340200,13A,B,B,N,M,53,R,N,,Highway/Road/Alley/Street/Sidewalk,Street & Sidewalk,Handgun,,C
230307794,206547041,2024-09-15,Winston-Salem,NC0340200,13A,W,W,X,M,41,U,N,,Residence/Home,Home,Firearm,,C
223302423,200432638,2024-09-16,Winston-Salem,NC0340200,13A,W,W,N,M,26,R,N,OK,Residence/Home,Home,Blunt Object,Minor Injury,C
223302978,200433122,2024-09-19,Winston-Salem,NC0340200,13A,H,W,H,F,44,R,Y,SE,Residence/Home,Home,Knife/Cutting Instrument,,C
223302942,200433089,2024-09-20,Winston-Salem,NC0340200,13A,W,W,N,M,70,R,N,,Convenience Store,Convenience Store,Handgun,,C
223303023,200433162,2024-09-20,Winston-Salem,NC0340200,13A,W,W,N,M,25,R,N,OF,Residence/Home,Home,Firearm,,C
223303043,200433182,2024-09-21,Winston-Salem,NC0340200,13A,B,B,N,M,21,R,N,,Highway/Road/Alley/Street/Sidewalk,Street & Sidewalk,Firearm,,C
223303064,200433201,2024-09-21,Winston-Salem,NC0340200,13A,B,B,N,F,63,R,N,GP;VO,Residence/Home,Home,Knife/Cutting Instrument,,C
223303065,200433201,2024-09-21,Winston-Salem,NC0340200,13A,B,B,N,M,20,R,N,GC;VO,Residence/Home,Home,Knife/Cutting Instrument,,C
223303105,200433238,2024-09-21,Winston-Salem,NC0340200,13A,B,B,N,M,48,N,N,OK,Residence/Home,Home,Blunt Object,Minor Injury,C
223303432,200433516,2024-09-21,Winston-Salem,NC0340200,13A,H,W,H,F,15,R,Y,BG,Residence/Home,Home,Handgun,Minor Injury,C
223303183,200433305,2024-09-22,Winston-Salem,NC0340200,13A,B,B,N,M,62,R,Y,VO;XR,Highway/Road/Alley/Street/Sidewalk,Street & Sidewalk,Blunt Object;Other,Minor Injury,C
223303184,200433305,2024-09-22,Winston-Salem,NC0340200,13A,B,B,N,F,43,R,Y,VO;XR,Highway/Road/Alley/Street/Sidewalk,Street & Sidewalk,Blunt Object;Other,Minor Injury,C
223303309,200433413,2024-09-22,Winston-Salem,NC0340200,13A,B,B,N,F,34,R,N,,Residence/Home,Home,Firearm,,C
223303340,200433440,2024-09-23,Winston-Salem,NC0340200,13A,B,B,N,M,18,R,N,,Highway/Road/Alley/Street/Sidewalk,Street & Sidewalk,Rifle,Minor Injury,C
223303399,200433486,2024-09-23,Winston-Salem,NC0340200,13A,B,B,N,M,30,R,N,,Drug Store/Doctor's Office/Hospital,Hospital & Clinic,Knife/Cutting Instrument,Other Major Injury,C
223303444,200433526,2024-09-23,Winston-Salem,NC0340200,13A,W,W,N,M,70,R,N,,Highway/Road/Alley/Street/Sidewalk,Street & Sidewalk,Handgun,,C
223303477,200433551,2024-09-23,Winston-Salem,NC0340200,13A,B,B,N,F,34,R,N,OK,Residence/Home,Home,Motor Vehicle/Vessel,,C
223303482,200433556,2024-09-23,Winston-Salem,NC0340200,13A,B,B,N,M,30,R,N,OK,Highway/Road/Alley/Street/Sidewalk,Street & Sidewalk,Knife/Cutting Instrument,Severe Laceration,C
223304095,200434058,2024-09-23,Winston-Salem,NC0340200,13A,W,W,N,F,15,N,N,OK,Residence/Home,Home,Personal Weapons,,C
223303494,200433568,2024-09-24,Winston-Salem,NC0340200,13A,B,B,N,M,61,R,N,OF,Residence/Home,Home,Handgun,,C
223303581,200433645,2024-09-25,Winston-Salem,NC0340200,13A,W,W,N,M,68,R,N,,Parking/Drop Lot/Garage,Parking Lot,Motor Vehicle/Vessel,Minor Injury,C
223303587,200433651,2024-09-25,Winston-Salem,NC0340200,13A,W,W,N,F,35,R,N,PA,Residence/Home,Home,Knife/Cutting Instrument,,C
223303598,200433659,2024-09-25,Winston-Salem,NC0340200,13A,B,B,N,F,20,R,Y,BG,Residence/Home,Home,Personal Weapons,Minor Injury,C
223303604,200433664,2024-09-25,Winston-Salem,NC0340200,13A,B,B,N,F,27,R,N,,Field/Woods,Field & Woods,Firearm,Other Major Injury,C
228264866,204762714,2024-09-25,Winston-Salem,NC0340200,13A,W,W,N,M,38,R,N,AQ,Parking/Drop Lot/Garage,Parking Lot,Knife/Cutting Instrument,Minor Injury,C
230307814,206547054,2024-09-25,Winston-Salem,NC0340200,13A,B,B,N,F,56,R,N,SB,Commercial/Office Building,Office Building,Personal Weapons,Minor Injury,C
223303612,200433670,2024-09-26,Winston-Salem,NC0340200,13A,B,B,N,F,25,R,N,,Residence/Home,Home,Handgun;Rifle,,C
223303613,200433670,2024-09-26,Winston-Salem,NC0340200,13A,B,B,N,M,20,R,N,,Residence/Home,Home,Handgun;Rifle,,C
223303614,200433670,2024-09-26,Winston-Salem,NC0340200,13A,B,B,N,F,23,R,N,,Residence/Home,Home,Handgun;Rifle,,C
223303616,200433670,2024-09-26,Winston-Salem,NC0340200,13A,B,B,N,M,19,N,N,,Residence/Home,Home,Handgun;Rifle,,C
223303618,200433671,2024-09-26,Winston-Salem,NC0340200,13A,W,W,N,F,38,R,N,,Residence/Home,Home,Firearm,,C
223303619,200433671,2024-09-26,Winston-Salem,NC0340200,13A,W,W,N,M,41,R,N,,Residence/Home,Home,Firearm,,C
223303636,200433684,2024-09-26,Winston-Salem,NC0340200,13A,B,B,N,F,27,R,N,NE,Highway/Road/Alley/Street/Sidewalk,Street & Sidewalk,Handgun,,C
223303637,200433684,2024-09-26,Winston-Salem,NC0340200,13A,B,B,N,F,34,R,N,NE,Highway/Road/Alley/Street/Sidewalk,Street & Sidewalk,Handgun,Minor Injury,C
223303670,200433714,2024-09-26,Winston-Salem,NC0340200,13A,W,W,N,M,58,R,N,FR,Residence/Home,Home,Knife/Cutting Instrument,Minor Injury,C
223303679,200433723,2024-09-26,Winston-Salem,NC0340200,13A,H,W,H,F,25,N,Y,XR,Restaurant,Restaurant,Personal Weapons,Minor Injury,C
223303685,200433727,2024-09-27,Winston-Salem,NC0340200,13A,B,B,N,F,50,R,Y,XR,Residence/Home,Home,Other,Minor Injury,C
223303730,200433761,2024-09-27,Winston-Salem,NC0340200,13A,W,W,N,M,43,R,N,NE,Highway/Road/Alley/Street/Sidewalk,Street & Sidewalk,Handgun,Minor Injury,C
223303798,200433823,2024-09-28,Winston-Salem,NC0340200,13A,W,W,N,M,42,N,N,,Parking/Drop Lot/Garage,Parking Lot,Firearm,,C
223303802,200433826,2024-09-28,Winston-Salem,NC0340200,13A,W,W,N,M,24,R,Y,SE,Highway/Road/Alley/Street/Sidewalk,Street & Sidewalk,Motor Vehicle/Vessel,Minor Injury,C
223303806,200433830,2024-09-28,Winston-Salem,NC0340200,13A,H,W,H,M,16,R,N,,Residence/Home,Home,Handgun,Other Major Injury,C
223303838,200433856,2024-09-28,Winston-Salem,NC0340200,13A,W,W,N,F,55,R,N,,Highway/Road/Alley/Street/Sidewalk,Street & Sidewalk,Blunt Object,Minor Injury,C
223303851,200433865,2024-09-28,Winston-Salem,NC0340200,13A,W,W,N,F,33,R,Y,BG,Hotel/Motel/Etc.,Hotel & Motel,Firearm,Minor Injury,C
223303868,200433881,2024-09-28,Winston-Salem,NC0340200,13A,B,B,N,M,51,U,N,RU,Parking/Drop Lot/Garage,Parking Lot,Motor Vehicle/Vessel,Other Major Injury,C
228264869,204762716,2024-09-28,Winston-Salem,NC0340200,13A,B,B,N,F,23,R,Y,XR,Parking/Drop Lot/Garage,Parking Lot,Handgun,,C
228264870,204762716,2024-09-28,Winston-Salem,NC0340200,13A,B,B,N,M,23,R,N,RU,Parking/Drop Lot/Garage,Parking Lot,Handgun,,C
223303896,200433902,2024-09-29,Winston-Salem,NC0340200,13A,H,W,H,F,20,R,Y,BG,Residence/Home,Home,Knife/Cutting Instrument,Minor Injury,C
223303906,200433909,2024-09-29,Winston-Salem,NC0340200,13A,B,B,N,F,25,R,N,RU,Highway/Road/Alley/Street/Sidewalk,Street & Sidewalk,Firearm,Other Major Injury,C
223303907,200433909,2024-09-29,Winston-Salem,NC0340200,13A,B,B,N,M,26,R,N,RU,Highway/Road/Alley/Street/Sidewalk,Street & Sidewalk,Firearm,,C
223303936,200433933,2024-09-29,Winston-Salem,NC0340200,13A,H,W,H,M,21,R,N,,Highway/Road/Alley/Street/Sidewalk,Street & Sidewalk,Handgun,,C
223303946,200433942,2024-09-29,Winston-Salem,NC0340200,13A,B,B,N,F,18,R,Y,BG,Residence/Home,Home,Knife/Cutting Instrument,Minor Injury,C
223303950,200433946,2024-09-29,Winston-Salem,NC0340200,13A,H,W,H,M,38,N,N,,Highway/Road/Alley/Street/Sidewalk,Street & Sidewalk,Firearm,Other Major Injury,C
223303969,200433960,2024-09-29,Winston-Salem,NC0340200,13A,W,W,N,F,45,R,Y,BG,Other/Unknown,Other & Unknown,Personal Weapons,,C
223304070,200434034,2024-09-29,Winston-Salem,NC0340200,13A,B,B,N,M,24,N,Y,BG,Highway/Road/Alley/Street/Sidewalk,Street & Sidewalk,Knife/Cutting Instrument,Minor Injury,C
223304010,200433981,2024-09-30,Winston-Salem,NC0340200,13A,B,B,N,F,27,N,N,RU,Highway/Road/Alley/Street/Sidewalk,Street & Sidewalk,Handgun,,C
223304034,200434001,2024-09-30,Winston-Salem,NC0340200,13A,B,B,N,M,72,R,N,,Residence/Home,Home,Firearm,,C
223304035,200434001,2024-09-30,Winston-Salem,NC0340200,13A,B,B,N,F,64,R,N,,Residence/Home,Home,Firearm,,C
223304044,200434010,2024-09-30,Winston-Salem,NC0340200,13A,W,W,N,M,39,R,N,RU,Auto Dealership New/Used,Auto Dealership,Motor Vehicle/Vessel,,C
223574670,200670649,2024-10-01,Winston-Salem,NC0340200,13A,W,W,N,M,46,R,N,,Residence/Home,Home,Personal Weapons,Other Major Injury,C
223574671,200670650,2024-10-01,Winston-Salem,NC0340200,13A,B,B,N,F,31,R,N,,Residence/Home,Home,Knife/Cutting Instrument,,C
223574672,200670651,2024-10-01,Winston-Salem,NC0340200,13A,B,B,N,F,36,R,N,AQ;ST,Residence/Home,Home,Handgun,Minor Injury,C
223574673,200670651,2024-10-01,Winston-Salem,NC0340200,13A,B,B,N,F,37,R,N,AQ;OK,Residence/Home,Home,Handgun,,C
223574679,200670656,2024-10-01,Winston-Salem,NC0340200,13A,B,B,N,F,0,N,N,,Residence/Home,Home,Unknown,Other Major Injury,C
223574710,200670683,2024-10-01,Winston-Salem,NC0340200,13A,B,B,N,M,53,R,N,AQ,Highway/Road/Alley/Street/Sidewalk,Street & Sidewalk,Knife/Cutting Instrument,Minor Injury,C
228264884,204762727,2024-10-01,Winston-Salem,NC0340200,13A,W,W,N,M,55,R,N,PA,Residence/Home,Home,Knife/Cutting Instrument,Minor Injury,C
228266866,204764418,2024-10-01,Winston-Salem,NC0340200,13A,H,B,H,F,53,R,Y,BG,Residence/Home,Home,Unknown,Minor Injury,C
230310607,206549366,2024-10-01,Winston-Salem,NC0340200,13A,W,W,X,M,60,N,N,,Construction Site,Construction Site,Other,Minor Injury,C
223574755,200670716,2024-10-02,Winston-Salem,NC0340200,13A,W,W,N,F,8,R,N,,Residence/Home,Home,Unknown,Minor Injury,C
228264886,204762729,2024-10-02,Winston-Salem,NC0340200,13A,H,W,H,F,41,R,N,ST,Drug Store/Doctor's Office/Hospital,Hospital & Clinic,Blunt Object,,C
228264887,204762729,2024-10-02,Winston-Salem,NC0340200,13A,H,W,H,F,15,R,N,ST,Drug Store/Doctor's Office/Hospital,Hospital & Clinic,Blunt Object,,C
223574786,200670740,2024-10-03,Winston-Salem,NC0340200,13A,B,B,N,F,40,R,Y,BG,Parking/Drop Lot/Garage,Parking Lot,Blunt Object,Severe Laceration,C
223574833,200670784,2024-10-03,Winston-Salem,NC0340200,13A,B,B,N,F,42,R,Y,BG,Residence/Home,Home,Firearm,,C
223574834,200670785,2024-10-03,Winston-Salem,NC0340200,13A,W,W,N,M,20,R,N,,Residence/Home,Home,Handgun,,C
223574835,200670785,2024-10-03,Winston-Salem,NC0340200,13A,W,W,N,M,24,U,N,,Residence/Home,Home,Handgun,,C
223574836,200670785,2024-10-03,Winston-Salem,NC0340200,13A,B,B,N,M,30,N,N,,Residence/Home,Home,Handgun,,C
223574837,200670785,2024-10-03,Winston-Salem,NC0340200,13A,B,B,N,M,28,N,N,,Residence/Home,Home,Handgun,,C
223574851,200670796,2024-10-04,Winston-Salem,NC0340200,13A,H,W,H,F,18,R,N,,Residence/Home,Home,Handgun,,C
223574852,200670796,2024-10-04,Winston-Salem,NC0340200,13A,H,W,H,M,16,R,N,,Residence/Home,Home,Handgun,,C
223574853,200670796,2024-10-04,Winston-Salem,NC0340200,13A,H,W,H,F,12,R,N,,Residence/Home,Home,Handgun,,C
223574876,200670811,2024-10-04,Winston-Salem,NC0340200,13A,W,W,N,F,40,N,Y,BG,Residence/Home,Home,Blunt Object,Minor Injury;Severe Laceration,C
223574880,200670815,2024-10-04,Winston-Salem,NC0340200,13A,W,W,N,F,0,R,N,CH,Residence/Home,Home,Unknown,Apparent Broken Bones,C
223574916,200670845,2024-10-05,Winston-Salem,NC0340200,13A,B,B,N,F,27,R,N,RU,Highway/Road/Alley/Street/Sidewalk,Street & Sidewalk,Knife/Cutting Instrument,Severe Laceration,C
223574924,200670852,2024-10-05,Winston-Salem,NC0340200,13A,B,B,N,M,24,R,N,RU;VO,Hotel/Motel/Etc.,Hotel & Motel,Handgun,Other Major Injury,C
223574925,200670852,2024-10-05,Winston-Salem,NC0340200,13A,B,B,N,M,18,N,N,RU;VO,Hotel/Motel/Etc.,Hotel & Motel,Handgun,Other Major Injury,C
223574928,200670854,2024-10-05,Winston-Salem,NC0340200,13A,B,B,N,F,21,R,Y,BG,Highway/Road/Alley/Street/Sidewalk,Street & Sidewalk,Firearm,,C
223574933,200670859,2024-10-05,Winston-Salem,NC0340200,13A,W,W,N,F,21,N,Y,BG,Residence/Home,Home,Handgun,,C
223574939,200670865,2024-10-05,Winston-Salem,NC0340200,13A,B,B,N,M,36,R,N,,Residence/Home,Home,Knife/Cutting Instrument,,C
223574944,200670869,2024-10-05,Winston-Salem,NC0340200,13A,B,B,N,F,38,R,N,OF,Residence/Home,Home,Knife/Cutting Instrument,Minor Injury,C
223574957,200670881,2024-10-05,Winston-Salem,NC0340200,13A,B,B,N,M,36,N,N,NE,Residence/Home,Home,Handgun,,C
223574959,200670883,2024-10-05,Winston-Salem,NC0340200,13A,B,B,N,M,39,R,Y,BG,Residence/Home,Home,Knife/Cutting Instrument,,C
223574971,200670893,2024-10-05,Winston-Salem,NC0340200,13A,W,W,N,M,20,N,N,RU,Arena/Stadium/Fairgrounds/Coliseum,Arena & Stadium,Blunt Object,,C
223574992,200670912,2024-10-06,Winston-Salem,NC0340200,13A,H,W,H,F,30,R,Y,SE,Residence/Home,Home,Personal Weapons,Minor Injury,C
223575019,200670936,2024-10-06,Winston-Salem,NC0340200,13A,B,B,N,M,21,R,Y,BG,Residence/Home,Home,Blunt Object,Minor Injury,C
223575054,200670956,2024-10-06,Winston-Salem,NC0340200,13A,H,W,H,F,30,R,Y,BG,Residence/Home,Home,Personal Weapons,,C
228264896,204762737,2024-10-06,Winston-Salem,NC0340200,13A,H,W,H,M,17,R,N,,Arena/Stadium/Fairgrounds/Coliseum,Arena & Stadium,Handgun,Other Major Injury,C
228264897,204762737,2024-10-06,Winston-Salem,NC0340200,13A,H,W,H,M,20,R,N,,Arena/Stadium/Fairgrounds/Coliseum,Arena & Stadium,Handgun,Other Major Injury,C
228264898,204762737,2024-10-06,Winston-Salem,NC0340200,13A,H,W,H,M,18,R,N,,Arena/Stadium/Fairgrounds/Coliseum,Arena & Stadium,Handgun,,C
228264899,204762737,2024-10-06,Winston-Salem,NC0340200,13A,W,W,N,F,19,N,N,,Arena/Stadium/Fairgrounds/Coliseum,Arena & Stadium,Handgun,,C
228264900,204762737,2024-10-06,Winston-Salem,NC0340200,13A,H,W,H,M,22,R,N,,Arena/Stadium/Fairgrounds/Coliseum,Arena & Stadium,Handgun,,C
228264902,204762737,2024-10-06,Winston-Salem,NC0340200,13A,H,W,H,M,16,R,N,,Arena/Stadium/Fairgrounds/Coliseum,Arena & Stadium,Handgun,,C
223575056,200670958,2024-10-07,Winston-Salem,NC0340200,13A,W,W,N,F,51,R,N,RU,Residence/Home,Home,Firearm,,C
223575057,200670958,2024-10-07,Winston-Salem,NC0340200,13A,B,B,N,F,12,R,N,RU,Residence/Home,Home,Firearm,,C
223575058,200670958,2024-10-07,Winston-Salem,NC0340200,13A,B,B,N,M,6,R,N,RU,Residence/Home,Home,Firearm,,C
223575059,200670958,2024-10-07,Winston-Salem,NC0340200,13A,B,B,N,M,4,R,N,RU,Residence/Home,Home,Firearm,,C
223575060,200670958,2024-10-07,Winston-Salem,NC0340200,13A,B,B,N,F,7,R,N,RU,Residence/Home,Home,Firearm,,C
223575061,200670958,2024-10-07,Winston-Salem,NC0340200,13A,H,W,H,M,24,R,N,RU,Residence/Home,Home,Firearm,,C
223575130,200671015,2024-10-07,Winston-Salem,NC0340200,13A,B,B,N,M,51,R,N,AQ,Grocery/Supermarket,Grocery Store,Motor Vehicle/Vessel,,C
223575146,200671029,2024-10-08,Winston-Salem,NC0340200,13A,B,B,N,M,20,R,N,,Restaurant,Restaurant,Handgun,,C
223575162,200671044,2024-10-08,Winston-Salem,NC0340200,13A,W,W,N,M,18,R,N,,Highway/Road/Alley/Street/Sidewalk,Street & Sidewalk,Firearm,,C
223575168,200671050,2024-10-08,Winston-Salem,NC0340200,13A,B,B,N,F,19,R,Y,BG,Residence/Home,Home,Knife/Cutting Instrument,Minor Injury,C
223575172,200671052,2024-10-08,Winston-Salem,NC0340200,13A,U,U,N,M,48,R,N,,Residence/Home,Home,Handgun,,C
223575187,200671064,2024-10-08,Winston-Salem,NC0340200,13A,B,B,N,F,48,R,N,EE,Drug Store/Doctor's Office/Hospital,Hospital & Clinic,Other,Minor Injury,C
223575198,200671073,2024-10-08,Winston-Salem,NC0340200,13A,W,W,N,F,20,R,N,,Highway/Road/Alley/Street/Sidewalk,Street & Sidewalk,Unknown,,C
223575199,200671073,2024-10-08,Winston-Salem,NC0340200,13A,B,B,N,F,8,R,N,,Highway/Road/Alley/Street/Sidewalk,Street & Sidewalk,Unknown,,C
228267191,204764738,2024-10-08,Winston-Salem,NC0340200,13A,B,B,N,M,62,R,N,AQ,Residence/Home,Home,Knife/Cutting Instrument,,C
230307881,206547120,2024-10-08,Winston-Salem,NC0340200,13A,W,W,N,F,52,N,N,RU,Residence/Home,Home,Firearm,,C
230307882,206547120,2024-10-08,Winston-Salem,NC0340200,13A,W,W,X,F,60,R,N,RU,Residence/Home,Home,Firearm,,C
230307883,206547120,2024-10-08,Winston-Salem,NC0340200,13A,W,W,N,M,74,R,N,RU,Residence/Home,Home,Firearm,,C
230307884,206547120,2024-10-08,Winston-Salem,NC0340200,13A,W,W,N,M,35,R,N,RU,Residence/Home,Home,Firearm,Other Major Injury,C
230307885,206547120,2024-10-08,Winston-Salem,NC0340200,13A,W,W,X,F,36,R,N,RU,Residence/Home,Home,Firearm,,C
230307886,206547120,2024-10-08,Winston-Salem,NC0340200,13A,W,W,X,M,39,R,N,RU,Residence/Home,Home,Firearm,,C
230307887,206547120,2024-10-08,Winston-Salem,NC0340200,13A,H,W,H,M,18,R,N,RU,Residence/Home,Home,Firearm,Other Major Injury,C
231348190,207462621,2024-10-09,Winston-Salem,NC0340200,13A,B,B,N,F,12,R,N,AQ,Church/Synagogue/Temple/Mosque,Religious Building,Other,Minor Injury,C
223575282,200671141,2024-10-10,Winston-Salem,NC0340200,13A,W,W,N,F,40,R,N,ST,Parking/Drop Lot/Garage,Parking Lot,Handgun,,C
223575300,200671156,2024-10-10,Winston-Salem,NC0340200,13A,B,B,N,F,68,R,N,PA,Residence/Home,Home,Handgun,,C
223575301,200671156,2024-10-10,Winston-Salem,NC0340200,13A,B,B,N,M,35,R,N,PA,Residence/Home,Home,Handgun,,C
223575314,200671166,2024-10-10,Winston-Salem,NC0340200,13A,W,W,N,F,28,R,Y,XR,Residence/Home,Home,Knife/Cutting Instrument,,C
223575549,200671369,2024-10-11,Winston-Salem,NC0340200,13A,W,W,N,F,14,R,N,OK,Residence/Home,Home,Personal Weapons,,C
223575400,200671238,2024-10-12,Winston-Salem,NC0340200,13A,W,W,N,M,23,R,N,,Residence/Home,Home,Personal Weapons,Loss of Teeth;Minor Injury,C
223575447,200671280,2024-10-12,Winston-Salem,NC0340200,13A,W,W,N,M,47,R,N,,Parking/Drop Lot/Garage,Parking Lot,Personal Weapons,Severe Laceration,C
223575459,200671292,2024-10-13,Winston-Salem,NC0340200,13A,W,W,N,F,40,R,N,,Residence/Home,Home,Firearm,,C
223575460,200671292,2024-10-13,Winston-Salem,NC0340200,13A,W,W,N,M,23,R,N,,Residence/Home,Home,Firearm,,C
223575467,200671299,2024-10-13,Winston-Salem,NC0340200,13A,H,W,H,M,43,R,N,RU,Highway/Road/Alley/Street/Sidewalk,Street & Sidewalk,Firearm,Other Major Injury,C
223575468,200671299,2024-10-13,Winston-Salem,NC0340200,13A,H,W,H,M,38,R,N,RU,Highway/Road/Alley/Street/Sidewalk,Street & Sidewalk,Firearm,Minor Injury,C
223575469,200671299,2024-10-13,Winston-Salem,NC0340200,13A,H,W,H,M,29,R,N,RU,Highway/Road/Alley/Street/Sidewalk,Street & Sidewalk,Firearm,Minor Injury,C
223575470,200671299,2024-10-13,Winston-Salem,NC0340200,13A,H,W,H,F,31,R,N,RU,Highway/Road/Alley/Street/Sidewalk,Street & Sidewalk,Firearm,Minor Injury,C
223575475,200671304,2024-10-13,Winston-Salem,NC0340200,13A,B,B,N,M,28,R,N,ST,Convenience Store,Convenience Store,Other Firearm,Other Major Injury,C
223575482,200671310,2024-10-13,Winston-Salem,NC0340200,13A,B,B,N,M,25,R,Y,BG;VO,Residence/Home,Home,Knife/Cutting Instrument,Minor Injury,C
223575483,200671310,2024-10-13,Winston-Salem,NC0340200,13A,B,B,N,F,24,R,Y,BG;VO,Residence/Home,Home,Knife/Cutting Instrument,,C
223575486,200671313,2024-10-13,Winston-Salem,NC0340200,13A,B,B,N,F,29,R,N,SB,Residence/Home,Home,Knife/Cutting Instrument,,C
223575502,200671324,2024-10-13,Winston-Salem,NC0340200,13A,B,B,N,M,37,R,N,OK,Highway/Road/Alley/Street/Sidewalk,Street & Sidewalk,Knife/Cutting Instrument,Minor Injury,C
223575518,200671339,2024-10-13,Winston-Salem,NC0340200,13A,B,B,N,F,32,R,N,FR,Residence/Home,Home,,Other Major Injury,C
223575572,200671386,2024-10-14,Winston-Salem,NC0340200,13A,W,W,N,F,65,R,N,NE,Residence/Home,Home,Rifle,,C
223575579,200671392,2024-10-14,Winston-Salem,NC0340200,13A,B,B,N,M,25,R,Y,BG;VO,Residence/Home,Home,Blunt Object,Minor Injury,C
223575580,200671392,2024-10-14,Winston-Salem,NC0340200,13A,B,B,N,F,24,R,Y,BG;VO,Residence/Home,Home,Blunt Object,,C
223575663,200671465,2024-10-16,Winston-Salem,NC0340200,13A,W,W,N,F,45,R,N,AQ,Residence/Home,Home,Handgun,,C
223575684,200671486,2024-10-16,Winston-Salem,NC0340200,13A,B,B,N,F,27,R,N,,Residence/Home,Home,Handgun,,C
223575692,200671493,2024-10-16,Winston-Salem,NC0340200,13A,W,W,N,F,39,R,Y,BG,Residence/Home,Home,Other,Minor Injury,C
223575779,200671571,2024-10-16,Winston-Salem,NC0340200,13A,W,W,N,F,21,R,N,,Highway/Road/Alley/Street/Sidewalk,Street & Sidewalk,Firearm,,C
223635463,200723111,2024-10-16,Winston-Salem,NC0340200,13A,B,B,N,M,32,R,Y,BG,Highway/Road/Alley/Street/Sidewalk,Street & Sidewalk,Knife/Cutting Instrument,,C
223575725,200671523,2024-10-17,Winston-Salem,NC0340200,13A,B,B,N,M,25,R,N,OK,Residence/Home,Home,Knife/Cutting Instrument,Minor Injury,C
228264937,204762770,2024-10-17,Winston-Salem,NC0340200,13A,B,B,N,M,27,R,N,,Highway/Road/Alley/Street/Sidewalk,Street & Sidewalk,Handgun,,C
223635446,200723100,2024-10-18,Winston-Salem,NC0340200,13A,B,B,N,F,21,R,Y,BG,Residence/Home,Home,Personal Weapons,Minor Injury;Possible Internal Injury,C
223635829,200723418,2024-10-18,Winston-Salem,NC0340200,13A,B,B,N,M,62,R,Y,SE,Residence/Home,Home,Knife/Cutting Instrument,Severe Laceration,C
223635455,200723107,2024-10-19,Winston-Salem,NC0340200,13A,W,W,N,F,72,R,N,GP,Residence/Home,Home,,,C
223635456,200723107,2024-10-19,Winston-Salem,NC0340200,13A,H,W,H,F,25,R,Y,BG,Residence/Home,Home,,Minor Injury,C
223635458,200723109,2024-10-19,Winston-Salem,NC0340200,13A,B,B,N,M,38,N,N,OK,Residence/Home,Home,Blunt Object,Minor Injury,C
223635480,200723127,2024-10-19,Winston-Salem,NC0340200,13A,B,B,N,M,70,R,N,IL,Highway/Road/Alley/Street/Sidewalk,Street & Sidewalk,Other,Minor Injury,C
223635486,200723132,2024-10-19,Winston-Salem,NC0340200,13A,B,B,N,M,58,R,N,NE,Residence/Home,Home,Rifle,,C
223635510,200723150,2024-10-19,Winston-Salem,NC0340200,13A,B,B,N,F,42,R,N,,Highway/Road/Alley/Street/Sidewalk,Street & Sidewalk,Other,Minor Injury,C
223635516,200723155,2024-10-20,Winston-Salem,NC0340200,13A,B,B,N,F,59,R,N,,Residence/Home,Home,Firearm,,C
223635517,200723155,2024-10-20,Winston-Salem,NC0340200,13A,B,B,N,F,31,R,N,,Residence/Home,Home,Firearm,,C
223635518,200723155,2024-10-20,Winston-Salem,NC0340200,13A,B,B,N,M,31,R,N,,Residence/Home,Home,Firearm,Other Major Injury,C
223635537,200723173,2024-10-20,Winston-Salem,NC0340200,13A,B,B,N,F,41,R,N,PA,Residence/Home,Home,Knife/Cutting Instrument,Minor Injury,C
230307893,206547126,2024-10-20,Winston-Salem,NC0340200,13A,B,B,N,F,12,R,N,RU,Parking/Drop Lot/Garage,Parking Lot,Handgun,,C
230307894,206547126,2024-10-20,Winston-Salem,NC0340200,13A,B,B,N,F,12,R,N,RU,Parking/Drop Lot/Garage,Parking Lot,Handgun,,C
230307895,206547126,2024-10-20,Winston-Salem,NC0340200,13A,B,B,X,F,10,R,N,RU,Parking/Drop Lot/Garage,Parking Lot,Handgun,,C
223635596,200723221,2024-10-21,Winston-Salem,NC0340200,13A,B,B,N,F,22,R,Y,BG,Residence/Home,Home,Handgun,,C
231348194,207462625,2024-10-21,Winston-Salem,NC0340200,13A,B,B,N,M,48,R,N,RU,Highway/Road/Alley/Street/Sidewalk,Street & Sidewalk,Firearm,Other Major Injury,C
223635638,200723261,2024-10-22,Winston-Salem,NC0340200,13A,B,B,N,M,62,R,Y,SE,Residence/Home,Home,Knife/Cutting Instrument,,C
223635655,200723275,2024-10-22,Winston-Salem,NC0340200,13A,B,B,N,F,26,R,N,FR,Residence/Home,Home,Handgun,,C
223635656,200723275,2024-10-22,Winston-Salem,NC0340200,13A,B,B,N,M,33,R,N,FR,Residence/Home,Home,Handgun,,C
223635657,200723275,2024-10-22,Winston-Salem,NC0340200,13A,B,B,N,M,0,R,N,FR,Residence/Home,Home,Handgun,,C
223635678,200723292,2024-10-22,Winston-Salem,NC0340200,13A,W,W,N,M,35,R,N,,Service/Gas Station,Gas Station,Handgun,,C
223635701,200723313,2024-10-23,Winston-Salem,NC0340200,13A,B,B,N,F,32,R,Y,BG,Hotel/Motel/Etc.,Hotel & Motel,Personal Weapons,Other Major Injury,C
223635782,200723380,2024-10-24,Winston-Salem,NC0340200,13A,B,B,N,F,42,R,Y,BG,Residence/Home,Home,Handgun,,C
223635810,200723403,2024-10-24,Winston-Salem,NC0340200,13A,B,B,N,F,20,R,Y,BG,Residence/Home,Home,Personal Weapons,,C
223635818,200723409,2024-10-24,Winston-Salem,NC0340200,13A,B,B,N,F,11,R,N,CH,Residence/Home,Home,Knife/Cutting Instrument,Minor Injury,C
223635821,200723412,2024-10-24,Winston-Salem,NC0340200,13A,W,W,N,F,37,N,N,,Grocery/Supermarket,Grocery Store,,Minor Injury,C
228264958,204762790,2024-10-24,Winston-Salem,NC0340200,13A,H,W,H,F,75,R,N,RU,Residence/Home,Home,Handgun,,C
228264959,204762790,2024-10-24,Winston-Salem,NC0340200,13A,H,W,H,F,60,R,N,RU,Residence/Home,Home,Handgun,,C
228264960,204762790,2024-10-24,Winston-Salem,NC0340200,13A,H,W,H,F,44,R,N,RU,Residence/Home,Home,Handgun,,C
228264961,204762790,2024-10-24,Winston-Salem,NC0340200,13A,H,U,H,F,39,R,N,RU,Residence/Home,Home,Handgun,,C
228264962,204762790,2024-10-24,Winston-Salem,NC0340200,13A,H,W,H,F,66,R,N,RU,Residence/Home,Home,Handgun,,C
228264963,204762790,2024-10-24,Winston-Salem,NC0340200,13A,H,A,H,F,15,R,N,RU,Residence/Home,Home,Handgun,,C
228264964,204762790,2024-10-24,Winston-Salem,NC0340200,13A,H,W,H,F,68,R,N,RU,Residence/Home,Home,Handgun,,C
228264965,204762790,2024-10-24,Winston-Salem,NC0340200,13A,H,W,H,F,44,R,N,RU,Residence/Home,Home,Handgun,,C
228264966,204762790,2024-10-24,Winston-Salem,NC0340200,13A,W,W,N,M,65,R,N,RU,Residence/Home,Home,Handgun,,C
228264967,204762790,2024-10-24,Winston-Salem,NC0340200,13A,W,W,N,F,51,R,N,RU,Residence/Home,Home,Handgun,,C
223635837,200723425,2024-10-25,Winston-Salem,NC0340200,13A,B,B,N,F,36,N,Y,BG;OK,Highway/Road/Alley/Street/Sidewalk,Street & Sidewalk,Handgun,,C
223635864,200723450,2024-10-25,Winston-Salem,NC0340200,13A,W,W,N,F,39,N,N,,Highway/Road/Alley/Street/Sidewalk,Street & Sidewalk,Handgun,,C
223635879,200723463,2024-10-25,Winston-Salem,NC0340200,13A,W,W,N,F,6,R,N,OF,Residence/Home,Home,,,C
223635893,200723474,2024-10-26,Winston-Salem,NC0340200,13A,W,W,N,F,20,R,N,FR,Bar/Nightclub,Bar & Nightclub,Firearm,,C
223635922,200723502,2024-10-26,Winston-Salem,NC0340200,13A,B,B,N,M,42,R,Y,BG,Residence/Home,Home,Handgun;Personal Weapons,Minor Injury,C
223635932,200723512,2024-10-26,Winston-Salem,NC0340200,13A,H,W,H,M,37,R,N,RU;SB,Residence/Home,Home,Knife/Cutting Instrument,,C
228264973,204762795,2024-10-26,Winston-Salem,NC0340200,13A,H,W,H,F,28,R,N,,Restaurant,Restaurant,,Minor Injury,C
228264974,204762795,2024-10-26,Winston-Salem,NC0340200,13A,W,W,N,M,33,R,N,,Restaurant,Restaurant,,Minor Injury,C
230307903,206547133,2024-10-26,Winston-Salem,NC0340200,13A,B,B,N,M,21,R,N,,Highway/Road/Alley/Street/Sidewalk,Street & Sidewalk,Other Firearm,Other Major Injury,C
223635949,200723527,2024-10-27,Winston-Salem,NC0340200,13A,B,B,N,F,16,R,N,,Residence/Home,Home,Firearm,Other Major Injury,C
223635950,200723527,2024-10-27,Winston-Salem,NC0340200,13A,B,B,N,F,15,R,N,,Residence/Home,Home,Firearm,Other Major Injury,C
223635969,200723545,2024-10-27,Winston-Salem,NC0340200,13A,H,W,H,F,33,R,Y,SE,Residence/Home,Home,Knife/Cutting Instrument,Minor Injury,C
223635976,200723551,2024-10-27,Winston-Salem,NC0340200,13A,B,B,N,M,46,R,Y,BG,Residence/Home,Home,Knife/Cutting Instrument,,C
223635993,200723566,2024-10-27,Winston-Salem,NC0340200,13A,H,W,H,M,49,R,N,NE,Residence/Home,Home,Handgun,,C
228264979,204762800,2024-10-27,Winston-Salem,NC0340200,13A,B,B,N,F,28,R,N,,Highway/Road/Alley/Street/Sidewalk,Street & Sidewalk,Handgun,,C
228264980,204762800,2024-10-27,Winston-Salem,NC0340200,13A,B,B,N,F,39,N,N,,Highway/Road/Alley/Street/Sidewalk,Street & Sidewalk,Handgun,,C
223636030,200723594,2024-10-28,Winston-Salem,NC0340200,13A,B,B,N,F,33,R,N,OK,Parking/Drop Lot/Garage,Parking Lot,Motor Vehicle/Vessel,,C
223636055,200723616,2024-10-28,Winston-Salem,NC0340200,13A,H,W,H,M,42,R,N,OK,Residence/Home,Home,Blunt Object,Severe Laceration,C
223636108,200723656,2024-10-29,Winston-Salem,NC0340200,13A,B,B,N,M,29,R,N,,Highway/Road/Alley/Street/Sidewalk,Street & Sidewalk,Handgun,,C
230307908,206547137,2024-10-29,Winston-Salem,NC0340200,13A,B,B,N,M,36,R,N,ST,Service/Gas Station,Gas Station,Other Firearm,Possible Internal Injury,C
223636152,200723691,2024-10-30,Winston-Salem,NC0340200,13A,B,B,N,F,14,R,N,CH,Residence/Home,Home,Other,Minor Injury,C
228264995,204762811,2024-10-30,Winston-Salem,NC0340200,13A,B,B,N,M,38,R,N,,Hotel/Motel/Etc.,Hotel & Motel,,Minor Injury,C
228264998,204762814,2024-10-30,Winston-Salem,NC0340200,13A,B,B,N,F,31,R,Y,BG,Residence/Home,Home,Handgun,,C
223636206,200723728,2024-10-31,Winston-Salem,NC0340200,13A,B,B,N,M,57,R,N,,Highway/Road/Alley/Street/Sidewalk,Street & Sidewalk,Unknown,Severe Laceration,C
228265006,204762817,2024-10-31,Winston-Salem,NC0340200,13A,H,W,H,M,19,R,N,,Residence/Home,Home,Firearm,,C
228265007,204762817,2024-10-31,Winston-Salem,NC0340200,13A,H,W,H,F,14,R,N,,Residence/Home,Home,Firearm,,C
228265008,204762817,2024-10-31,Winston-Salem,NC0340200,13A,H,W,H,F,37,R,N,,Residence/Home,Home,Firearm,,C
228265009,204762817,2024-10-31,Winston-Salem,NC0340200,13A,H,W,H,M,27,R,N,,Residence/Home,Home,Firearm,,C
228265010,204762817,2024-10-31,Winston-Salem,NC0340200,13A,H,W,H,F,10,R,N,,Residence/Home,Home,Firearm,,C
228265016,204762822,2024-11-01,Winston-Salem,NC0340200,13A,W,W,N,M,34,R,N,OK,Bar/Nightclub,Bar & Nightclub,Other,Minor Injury,C
228265017,204762822,2024-11-01,Winston-Salem,NC0340200,13A,W,W,N,M,29,N,N,OK,Bar/Nightclub,Bar & Nightclub,Other,,C
228265034,204762835,2024-11-01,Winston-Salem,NC0340200,13A,W,W,N,F,39,R,N,NE,Residence/Home,Home,Personal Weapons,Loss of Teeth;Minor Injury,C
228265056,204762856,2024-11-01,Winston-Salem,NC0340200,13A,W,W,N,M,29,R,N,,Highway/Road/Alley/Street/Sidewalk,Street & Sidewalk,Handgun,,C
228265071,204762870,2024-11-02,Winston-Salem,NC0340200,13A,B,B,N,M,38,R,N,OK,Residence/Home,Home,Handgun,,C
228265072,204762871,2024-11-02,Winston-Salem,NC0340200,13A,B,B,N,M,37,R,N,SP,Residence/Home,Home,Knife/Cutting Instrument,,C
228265075,204762873,2024-11-02,Winston-Salem,NC0340200,13A,W,W,N,F,37,R,N,NE,Residence/Home,Home,Knife/Cutting Instrument,,C
228265076,204762873,2024-11-02,Winston-Salem,NC0340200,13A,B,B,N,M,20,R,N,NE,Residence/Home,Home,Knife/Cutting Instrument,,C
228265077,204762874,2024-11-02,Winston-Salem,NC0340200,13A,B,B,U,M,21,R,N,,Highway/Road/Alley/Street/Sidewalk,Street & Sidewalk,Firearm,,C
228265082,204762879,2024-11-02,Winston-Salem,NC0340200,13A,H,W,H,F,20,R,N,,Highway/Road/Alley/Street/Sidewalk,Street & Sidewalk,Firearm,,C
228265083,204762879,2024-11-02,Winston-Salem,NC0340200,13A,W,W,N,M,20,R,N,,Highway/Road/Alley/Street/Sidewalk,Street & Sidewalk,Firearm,,C
228265084,204762879,2024-11-02,Winston-Salem,NC0340200,13A,W,W,N,F,2,R,N,,Highway/Road/Alley/Street/Sidewalk,Street & Sidewalk,Firearm,,C
228265088,204762883,2024-11-02,Winston-Salem,NC0340200,13A,B,B,N,F,69,R,N,OK,Residence/Home,Home,Knife/Cutting Instrument;Personal Weapons,,C
228265089,204762883,2024-11-02,Winston-Salem,NC0340200,13A,B,B,N,F,38,R,Y,BG,Residence/Home,Home,Knife/Cutting Instrument;Personal Weapons,Minor Injury,C
228265143,204762932,2024-11-03,Winston-Salem,NC0340200,13A,B,B,N,M,30,N,N,,Residence/Home,Home,Firearm,Other Major Injury,C
228265147,204762936,2024-11-03,Winston-Salem,NC0340200,13A,B,B,N,M,28,R,N,OK,Highway/Road/Alley/Street/Sidewalk,Street & Sidewalk,Blunt Object,Minor Injury,C
228265173,204762960,2024-11-03,Winston-Salem,NC0340200,13A,B,B,N,F,21,R,Y,BG,Residence/Home,Home,Other,Loss of Teeth;Minor Injury,C
228265179,204762966,2024-11-03,Winston-Salem,NC0340200,13A,B,B,N,M,57,R,N,ST,Parking/Drop Lot/Garage,Parking Lot,Motor Vehicle/Vessel,,C
228265198,204762980,2024-11-03,Winston-Salem,NC0340200,13A,W,W,N,M,40,R,N,FR,Residence/Home,Home,Knife/Cutting Instrument,,C
228265244,204763017,2024-11-04,Winston-Salem,NC0340200,13A,B,B,N,M,39,R,N,OK,Highway/Road/Alley/Street/Sidewalk,Street & Sidewalk,Handgun,Minor Injury,C
228265276,204763045,2024-11-04,Winston-Salem,NC0340200,13A,W,W,N,M,27,R,N,AQ,Residence/Home,Home,Blunt Object;Personal Weapons,Minor Injury,C
230307921,206547147,2024-11-04,Winston-Salem,NC0340200,13A,B,B,N,F,47,R,N,RU,Residence/Home,Home,Firearm,,C
230307922,206547147,2024-11-04,Winston-Salem,NC0340200,13A,B,B,N,F,17,R,N,RU,Residence/Home,Home,Firearm,,C
230307923,206547147,2024-11-04,Winston-Salem,NC0340200,13A,B,B,X,M,5,R,N,RU,Residence/Home,Home,Firearm,,C
228265282,204763051,2024-11-05,Winston-Salem,NC0340200,13A,B,B,N,M,38,R,Y,BG,Hotel/Motel/Etc.,Hotel & Motel,Knife/Cutting Instrument,Minor Injury,C
228265284,204763053,2024-11-05,Winston-Salem,NC0340200,13A,B,B,N,M,41,R,Y,BG,Residence/Home,Home,Knife/Cutting Instrument,Minor Injury,C
228265533,204763274,2024-11-05,Winston-Salem,NC0340200,13A,H,W,H,F,27,R,Y,BG,Highway/Road/Alley/Street/Sidewalk,Street & Sidewalk,Other,Minor Injury,C
228265429,204763182,2024-11-06,Winston-Salem,NC0340200,13A,W,W,N,M,0,R,N,,Residence/Home,Home,Unknown,Apparent Broken Bones,C
228265473,204763222,2024-11-07,Winston-Salem,NC0340200,13A,W,W,N,M,40,R,N,FR,Residence/Home,Home,Handgun,,C
228265476,204763225,2024-11-07,Winston-Salem,NC0340200,13A,W,W,N,F,30,R,N,FR,Residence/Home,Home,Handgun,Other Major Injury,C
228265480,204763229,2024-11-08,Winston-Salem,NC0340200,13A,B,B,N,F,54,R,Y,XR,Residence/Home,Home,Knife/Cutting Instrument,,C
228265484,204763232,2024-11-08,Winston-Salem,NC0340200,13A,B,B,N,F,36,R,N,AQ,Residence/Home,Home,Blunt Object,Minor Injury,C
228265491,204763239,2024-11-08,Winston-Salem,NC0340200,13A,B,B,N,F,17,R,N,CH,Residence/Home,Home,,,C
228265503,204763251,2024-11-08,Winston-Salem,NC0340200,13A,W,W,N,M,25,R,N,ST,Highway/Road/Alley/Street/Sidewalk,Street & Sidewalk,Handgun,,C
228265511,204763259,2024-11-08,Winston-Salem,NC0340200,13A,W,W,N,M,57,N,N,RU,Restaurant,Restaurant,Blunt Object,Minor Injury,C
228265517,204763264,2024-11-08,Winston-Salem,NC0340200,13A,H,W,H,F,14,R,N,RU,Restaurant,Restaurant,Firearm,,C
228265518,204763264,2024-11-08,Winston-Salem,NC0340200,13A,H,W,H,F,15,R,N,RU,Restaurant,Restaurant,Firearm,,C
228265519,204763264,2024-11-08,Winston-Salem,NC0340200,13A,H,W,H,M,13,R,N,RU,Restaurant,Restaurant,Firearm,,C
228265541,204763282,2024-11-08,Winston-Salem,NC0340200,13A,W,W,N,F,29,R,Y,SE,Residence/Home,Home,Knife/Cutting Instrument,Minor Injury,C
230307931,206547155,2024-11-08,Winston-Salem,NC0340200,13A,B,B,N,M,46,R,N,AQ,Grocery/Supermarket,Grocery Store,Personal Weapons,Apparent Broken Bones,C
228265556,204763296,2024-11-09,Winston-Salem,NC0340200,13A,W,W,N,F,49,R,N,,Highway/Road/Alley/Street/Sidewalk,Street & Sidewalk,Motor Vehicle/Vessel,Minor Injury,C
228266602,204764203,2024-11-09,Winston-Salem,NC0340200,13A,B,B,N,M,23,R,N,RU,Parking/Drop Lot/Garage,Parking Lot,Motor Vehicle/Vessel,Minor Injury,C
228265617,204763348,2024-11-10,Winston-Salem,NC0340200,13A,B,B,N,M,16,R,N,OF,Residence/Home,Home,Other Firearm,Other Major Injury,C
228265636,204763364,2024-11-10,Winston-Salem,NC0340200,13A,H,W,H,M,36,R,N,ST,Highway/Road/Alley/Street/Sidewalk,Street & Sidewalk,Knife/Cutting Instrument,,C
228265801,204763519,2024-11-10,Winston-Salem,NC0340200,13A,B,B,N,F,29,R,N,AQ,Residence/Home,Home,Handgun,,C
228265839,204763550,2024-11-10,Winston-Salem,NC0340200,13A,W,W,N,F,38,R,N,,Residence/Home,Home,Handgun,,C
228265841,204763550,2024-11-10,Winston-Salem,NC0340200,13A,W,W,N,M,37,R,N,,Residence/Home,Home,Handgun,,C
228265842,204763550,2024-11-10,Winston-Salem,NC0340200,13A,W,W,N,F,13,R,N,,Residence/Home,Home,Handgun,,C
228265732,204763453,2024-11-11,Winston-Salem,NC0340200,13A,B,B,N,F,48,R,N,FR,Park/Playground,Park & Playground,Handgun,Minor Injury,C
228265726,204763447,2024-11-12,Winston-Salem,NC0340200,13A,B,B,N,M,22,R,N,OK,Residence/Home,Home,Handgun,,C
228265740,204763461,2024-11-12,Winston-Salem,NC0340200,13A,H,W,H,M,47,R,N,NE,Residence/Home,Home,Motor Vehicle/Vessel,,C
230307941,206547164,2024-11-14,Winston-Salem,NC0340200,13A,W,W,X,F,37,R,Y,BG,Residence/Home,Home,Personal Weapons,Minor Injury,C
228265890,204763593,2024-11-15,Winston-Salem,NC0340200,13A,B,B,N,M,35,R,N,RU,Shelter-Mission/Homeless,Shelter,Knife/Cutting Instrument,Minor Injury,C
228265891,204763594,2024-11-15,Winston-Salem,NC0340200,13A,B,B,N,M,64,R,N,AQ,Residence/Home,Home,Knife/Cutting Instrument,Minor Injury,C
228265898,204763601,2024-11-15,Winston-Salem,NC0340200,13A,B,B,N,F,31,R,N,RU,Residence/Home,Home,Other,,C
228265924,204763625,2024-11-16,Winston-Salem,NC0340200,13A,B,B,N,M,55,R,Y,BG,Parking/Drop Lot/Garage,Parking Lot,Motor Vehicle/Vessel,Minor Injury,C
228265928,204763628,2024-11-16,Winston-Salem,NC0340200,13A,B,B,N,F,44,N,Y,SE,Residence/Home,Home,Handgun,,C
228265930,204763630,2024-11-16,Winston-Salem,NC0340200,13A,W,W,N,M,41,R,N,,Residence/Home,Home,Other,Minor Injury,C
228265948,204763648,2024-11-16,Winston-Salem,NC0340200,13A,H,W,H,M,37,R,N,,Residence/Home,Home,Firearm,Other Major Injury,C
231348205,207462635,2024-11-16,Winston-Salem,NC0340200,13A,B,B,N,M,36,R,N,,Highway/Road/Alley/Street/Sidewalk,Street & Sidewalk,Unknown,Other Major Injury;Severe Laceration;Unconscious,C
228265955,204763654,2024-11-17,Winston-Salem,NC0340200,13A,B,B,N,M,24,N,Y,BG,Residence/Home,Home,Knife/Cutting Instrument,,C
228265992,204763685,2024-11-17,Winston-Salem,NC0340200,13A,B,B,N,M,57,R,N,SP,Residence/Home,Home,Knife/Cutting Instrument,Severe Laceration,C
228265996,204763688,2024-11-17,Winston-Salem,NC0340200,13A,H,W,H,F,28,R,Y,BG,Residence/Home,Home,Personal Weapons,Possible Internal Injury,C
228266045,204763725,2024-11-18,Winston-Salem,NC0340200,13A,B,B,N,F,36,R,N,,Highway/Road/Alley/Street/Sidewalk,Street & Sidewalk,Handgun,,C
228266065,204763741,2024-11-18,Winston-Salem,NC0340200,13A,B,B,N,F,38,R,N,RU,Residence/Home,Home,Handgun,,C
228266073,204763749,2024-11-18,Winston-Salem,NC0340200,13A,B,B,N,F,54,R,N,RU,Residence/Home,Home,Rifle,Other Major Injury,C
228266182,204763845,2024-11-18,Winston-Salem,NC0340200,13A,W,W,N,F,37,R,Y,XR,Highway/Road/Alley/Street/Sidewalk,Street & Sidewalk,Motor Vehicle/Vessel,Minor Injury,C
228266187,204763850,2024-11-21,Winston-Salem,NC0340200,13A,B,B,N,M,29,R,N,,Restaurant,Restaurant,Handgun,,C
228266225,204763884,2024-11-21,Winston-Salem,NC0340200,13A,W,W,N,F,55,N,N,ST,Highway/Road/Alley/Street/Sidewalk,Street & Sidewalk,Motor Vehicle/Vessel,,C
228266253,204763909,2024-11-22,Winston-Salem,NC0340200,13A,B,B,N,M,15,R,N,SB,Residence/Home,Home,Knife/Cutting Instrument,,C
228266277,204763932,2024-11-22,Winston-Salem,NC0340200,13A,B,B,N,M,29,R,Y,BG;VO,Residence/Home,Home,Personal Weapons,,C
228266278,204763932,2024-11-22,Winston-Salem,NC0340200,13A,B,B,N,F,30,R,Y,BG;VO,Residence/Home,Home,Personal Weapons,,C
228266284,204763938,2024-11-22,Winston-Salem,NC0340200,13A,B,B,N,F,9,R,N,CH,Residence/Home,Home,Blunt Object;Knife/Cutting Instrument,Minor Injury,C
228266292,204763946,2024-11-22,Winston-Salem,NC0340200,13A,B,B,N,M,30,R,N,CH,Residence/Home,Home,Blunt Object,,C
228266848,204764400,2024-11-22,Winston-Salem,NC0340200,13A,B,B,N,M,37,R,N,OK,Park/Playground,Park & Playground,Knife/Cutting Instrument,Severe Laceration,C
230307963,206547180,2024-11-23,Winston-Salem,NC0340200,13A,B,B,X,M,32,R,N,OK,Hotel/Motel/Etc.,Hotel & Motel,Knife/Cutting Instrument,Minor Injury,C
230307964,206547181,2024-11-23,Winston-Salem,NC0340200,13A,B,B,N,F,58,R,N,RU,Residence/Home,Home,Handgun,,C
230307965,206547181,2024-11-23,Winston-Salem,NC0340200,13A,B,B,N,M,50,R,N,RU,Residence/Home,Home,Handgun,,C
230307966,206547181,2024-11-23,Winston-Salem,NC0340200,13A,B,B,X,M,37,R,N,RU,Residence/Home,Home,Handgun,,C
228266359,204764008,2024-11-24,Winston-Salem,NC0340200,13A,B,B,N,M,50,R,Y,VO;XR,Residence/Home,Home,,,C
228266360,204764008,2024-11-24,Winston-Salem,NC0340200,13A,B,B,N,F,31,R,Y,VO;XR,Residence/Home,Home,,Minor Injury,C
228266371,204764016,2024-11-24,Winston-Salem,NC0340200,13A,B,B,N,M,21,R,N,,Bar/Nightclub,Bar & Nightclub,Handgun,Other Major Injury,C
228266395,204764034,2024-11-24,Winston-Salem,NC0340200,13A,H,W,H,F,16,R,Y,BG,Residence/Home,Home,Blunt Object,Minor Injury,C
228266414,204764048,2024-11-24,Winston-Salem,NC0340200,13A,B,B,N,F,27,N,Y,XR,Residence/Home,Home,Personal Weapons,,C
228266425,204764058,2024-11-24,Winston-Salem,NC0340200,13A,H,W,H,M,30,R,N,RU;VO,Residence/Home,Home,Personal Weapons,Severe Laceration,C
228266426,204764058,2024-11-24,Winston-Salem,NC0340200,13A,W,W,N,M,49,N,N,RU;VO,Residence/Home,Home,Personal Weapons,Severe Laceration,C
228266435,204764066,2024-11-25,Winston-Salem,NC0340200,13A,B,B,N,M,36,R,Y,BG,Residence/Home,Home,Blunt Object,Minor Injury,C
228266511,204764123,2024-11-25,Winston-Salem,NC0340200,13A,B,B,N,M,35,R,Y,XR,Residence/Home,Home,Handgun,,C
228266512,204764123,2024-11-25,Winston-Salem,NC0340200,13A,B,B,N,F,29,R,N,OK,Residence/Home,Home,Handgun,,C
230307970,206547183,2024-11-25,Winston-Salem,NC0340200,13A,B,B,N,M,41,R,N,RU,Highway/Road/Alley/Street/Sidewalk,Street & Sidewalk,Firearm,Other Major Injury,C
228266529,204764138,2024-11-26,Winston-Salem,NC0340200,13A,B,B,N,M,62,R,N,PA,Residence/Home,Home,Knife/Cutting Instrument,Minor Injury,C
228266558,204764166,2024-11-26,Winston-Salem,NC0340200,13A,B,B,N,M,29,R,N,,Parking/Drop Lot/Garage,Parking Lot,Handgun,,C
228266607,204764207,2024-11-27,Winston-Salem,NC0340200,13A,H,W,H,F,34,R,Y,BG,Residence/Home,Home,Blunt Object,Minor Injury,C
228266638,204764234,2024-11-28,Winston-Salem,NC0340200,13A,B,B,N,M,27,R,N,,Residence/Home,Home,Firearm,,C
228266639,204764234,2024-11-28,Winston-Salem,NC0340200,13A,B,B,N,M,46,R,N,,Residence/Home,Home,Firearm,,C
228266640,204764234,2024-11-28,Winston-Salem,NC0340200,13A,B,B,N,M,44,R,N,,Residence/Home,Home,Firearm,,C
228266644,204764238,2024-11-28,Winston-Salem,NC0340200,13A,B,B,N,F,51,N,N,AQ,Residence/Home,Home,Blunt Object,Minor Injury,C
228266676,204764261,2024-11-28,Winston-Salem,NC0340200,13A,B,B,N,F,51,R,N,,Residence/Home,Home,Firearm,,C
228266677,204764261,2024-11-28,Winston-Salem,NC0340200,13A,B,B,N,M,10,R,N,,Residence/Home,Home,Firearm,,C
228266678,204764261,2024-11-28,Winston-Salem,NC0340200,13A,B,B,N,M,79,N,N,,Residence/Home,Home,Firearm,,C
228266679,204764261,2024-11-28,Winston-Salem,NC0340200,13A,B,B,N,F,73,N,N,,Residence/Home,Home,Firearm,,C
228266680,204764261,2024-11-28,Winston-Salem,NC0340200,13A,B,B,N,M,11,R,N,,Residence/Home,Home,Firearm,,C
228266685,204764264,2024-11-29,Winston-Salem,NC0340200,13A,B,B,N,M,27,R,Y,BG,Highway/Road/Alley/Street/Sidewalk,Street & Sidewalk,Motor Vehicle/Vessel,,C
228266686,204764264,2024-11-29,Winston-Salem,NC0340200,13A,W,W,N,F,19,N,N,RU,Highway/Road/Alley/Street/Sidewalk,Street & Sidewalk,Motor Vehicle/Vessel,,C
228266697,204764273,2024-11-29,Winston-Salem,NC0340200,13A,B,B,N,F,45,R,N,,Residence/Home,Home,Firearm,,C
228266698,204764273,2024-11-29,Winston-Salem,NC0340200,13A,B,B,N,F,43,R,N,,Residence/Home,Home,Firearm,,C
228266699,204764273,2024-11-29,Winston-Salem,NC0340200,13A,B,B,N,F,32,R,N,,Residence/Home,Home,Firearm,,C
228266700,204764273,2024-11-29,Winston-Salem,NC0340200,13A,B,B,N,M,23,R,N,,Residence/Home,Home,Firearm,,C
228266701,204764273,2024-11-29,Winston-Salem,NC0340200,13A,B,B,N,F,16,R,N,,Residence/Home,Home,Firearm,,C
228266702,204764273,2024-11-29,Winston-Salem,NC0340200,13A,B,B,N,F,22,R,N,,Residence/Home,Home,Firearm,,C
228266703,204764273,2024-11-29,Winston-Salem,NC0340200,13A,B,B,N,M,29,R,N,,Residence/Home,Home,Firearm,,C
228266704,204764273,2024-11-29,Winston-Salem,NC0340200,13A,B,B,N,M,19,R,N,,Residence/Home,Home,Firearm,,C
228266705,204764273,2024-11-29,Winston-Salem,NC0340200,13A,B,B,N,F,10,R,N,,Residence/Home,Home,Firearm,,C
228266706,204764273,2024-11-29,Winston-Salem,NC0340200,13A,B,B,N,F,8,R,N,,Residence/Home,Home,Firearm,,C
228266707,204764273,2024-11-29,Winston-Salem,NC0340200,13A,B,B,N,M,29,R,N,,Residence/Home,Home,Firearm,,C
228266708,204764273,2024-11-29,Winston-Salem,NC0340200,13A,B,B,N,U,4,R,N,,Residence/Home,Home,Firearm,,C
228266742,204764303,2024-11-29,Winston-Salem,NC0340200,13A,W,W,N,M,54,R,N,RU,Highway/Road/Alley/Street/Sidewalk,Street & Sidewalk,Handgun,,C
228266745,204764306,2024-11-29,Winston-Salem,NC0340200,13A,W,W,N,F,56,R,N,AQ,Residence/Home,Home,Blunt Object,,C
228266758,204764318,2024-11-29,Winston-Salem,NC0340200,13A,B,B,N,M,37,R,N,ST,Highway/Road/Alley/Street/Sidewalk,Street & Sidewalk,Handgun,,C
228266759,204764318,2024-11-29,Winston-Salem,NC0340200,13A,B,B,N,M,16,N,N,ST,Highway/Road/Alley/Street/Sidewalk,Street & Sidewalk,Handgun,,C
228266760,204764318,2024-11-29,Winston-Salem,NC0340200,13A,H,W,H,F,14,R,N,ST,Highway/Road/Alley/Street/Sidewalk,Street & Sidewalk,Handgun,,C
228266763,204764321,2024-11-29,Winston-Salem,NC0340200,13A,B,B,N,F,44,R,N,RU;VO,Convenience Store,Convenience Store,Blunt Object,Minor Injury,C
228266764,204764321,2024-11-29,Winston-Salem,NC0340200,13A,B,B,N,F,50,R,N,OK;VO,Convenience Store,Convenience Store,Blunt Object,Minor Injury,C
228266774,204764330,2024-11-30,Winston-Salem,NC0340200,13A,B,B,N,F,20,R,Y,BG,Residence/Home,Home,Blunt Object,Severe Laceration,C
228266803,204764358,2024-11-30,Winston-Salem,NC0340200,13A,W,W,N,M,26,R,N,OK,Residence/Home,Home,Knife/Cutting Instrument;Personal Weapons,Other Major Injury,C
228266810,204764365,2024-11-30,Winston-Salem,NC0340200,13A,W,W,N,M,44,R,N,RU,Highway/Road/Alley/Street/Sidewalk,Street & Sidewalk,Handgun,,C
230307983,206547195,2024-12-01,Winston-Salem,NC0340200,13A,B,B,N,M,34,R,N,,Residence/Home,Home,Handgun,,C
230307984,206547195,2024-12-01,Winston-Salem,NC0340200,13A,B,B,N,F,27,R,N,,Residence/Home,Home,Handgun,,C
230307985,206547195,2024-12-01,Winston-Salem,NC0340200,13A,B,B,X,M,7,R,N,,Residence/Home,Home,Handgun,,C
230307986,206547195,2024-12-01,Winston-Salem,NC0340200,13A,B,B,N,F,12,R,N,,Residence/Home,Home,Handgun,,C
230307987,206547195,2024-12-01,Winston-Salem,NC0340200,13A,B,B,X,M,1,R,N,,Residence/Home,Home,Handgun,,C
230307994,206547201,2024-12-01,Winston-Salem,NC0340200,13A,B,B,N,F,27,N,N,AQ,Residence/Home,Home,Personal Weapons,,C
230308009,206547214,2024-12-01,Winston-Salem,NC0340200,13A,B,B,N,M,43,R,Y,XS,Residence/Home,Home,Other,,C
230308025,206547230,2024-12-01,Winston-Salem,NC0340200,13A,B,B,X,F,25,N,Y,BG,Residence/Home,Home,Personal Weapons,Minor Injury,C
230308035,206547239,2024-12-01,Winston-Salem,NC0340200,13A,B,B,X,F,40,R,Y,SE,Residence/Home,Home,Firearm,,C
231348210,207462640,2024-12-01,Winston-Salem,NC0340200,13A,B,B,N,F,28,R,N,OK,Highway/Road/Alley/Street/Sidewalk,Street & Sidewalk,Motor Vehicle/Vessel,,C
230308044,206547246,2024-12-02,Winston-Salem,NC0340200,13A,W,W,N,M,41,N,N,ST,Highway/Road/Alley/Street/Sidewalk,Street & Sidewalk,Motor Vehicle/Vessel,,C
230308056,206547256,2024-12-02,Winston-Salem,NC0340200,13A,W,W,X,F,19,N,N,RU,Highway/Road/Alley/Street/Sidewalk,Street & Sidewalk,Handgun,,C
230308057,206547256,2024-12-02,Winston-Salem,NC0340200,13A,B,B,X,M,23,N,N,RU,Highway/Road/Alley/Street/Sidewalk,Street & Sidewalk,Handgun,,C
230308065,206547262,2024-12-02,Winston-Salem,NC0340200,13A,B,B,N,F,37,R,N,RU,Parking/Drop Lot/Garage,Parking Lot,Handgun,,C
230308066,206547262,2024-12-02,Winston-Salem,NC0340200,13A,B,B,N,F,16,R,N,RU,Parking/Drop Lot/Garage,Parking Lot,Handgun,,C
230308091,206547281,2024-12-03,Winston-Salem,NC0340200,13A,B,B,N,M,31,N,N,,Residence/Home,Home,Handgun,,C
230308125,206547311,2024-12-04,Winston-Salem,NC0340200,13A,B,B,N,M,13,R,N,,Residence/Home,Home,Handgun,Other Major Injury,C
230308153,206547336,2024-12-04,Winston-Salem,NC0340200,13A,B,B,N,F,20,R,N,ST,Specialty Store,Specialty Store,Knife/Cutting Instrument,,C
230308204,206547372,2024-12-04,Winston-Salem,NC0340200,13A,H,W,H,F,30,R,Y,BG,Hotel/Motel/Etc.,Hotel & Motel,Personal Weapons,Other Major Injury,C
230308179,206547356,2024-12-05,Winston-Salem,NC0340200,13A,B,B,N,M,66,R,N,,Residence/Home,Home,Firearm,,C
230308180,206547356,2024-12-05,Winston-Salem,NC0340200,13A,B,B,N,M,56,R,N,,Residence/Home,Home,Firearm,,C
230308181,206547356,2024-12-05,Winston-Salem,NC0340200,13A,B,B,X,M,58,R,N,,Residence/Home,Home,Firearm,Other Major Injury,C
230308182,206547356,2024-12-05,Winston-Salem,NC0340200,13A,B,B,X,F,64,N,N,,Residence/Home,Home,Firearm,,C
230308183,206547357,2024-12-05,Winston-Salem,NC0340200,13A,H,B,H,F,22,R,Y,BG,Residence/Home,Home,Personal Weapons,Minor Injury,C
230308186,206547360,2024-12-05,Winston-Salem,NC0340200,13A,W,W,N,F,59,N,N,,Other/Unknown,Other & Unknown,Unknown,,C
230308194,206547363,2024-12-05,Winston-Salem,NC0340200,13A,B,B,N,M,35,R,N,,Convenience Store,Convenience Store,Personal Weapons,Other Major Injury,C
230308201,206547369,2024-12-05,Winston-Salem,NC0340200,13A,B,B,N,M,85,R,N,OF,Residence/Home,Home,Personal Weapons,Possible Internal Injury,C
230308203,206547371,2024-12-05,Winston-Salem,NC0340200,13A,B,B,N,F,14,R,N,CH,Residence/Home,Home,Handgun,Minor Injury,C
230308230,206547398,2024-12-05,Winston-Salem,NC0340200,13A,W,W,N,M,58,R,N,ST;VO,Highway/Road/Alley/Street/Sidewalk,Street & Sidewalk,Handgun,,C
230308232,206547398,2024-12-05,Winston-Salem,NC0340200,13A,B,B,N,F,70,R,N,ST,Highway/Road/Alley/Street/Sidewalk,Street & Sidewalk,Handgun,,C
230308233,206547398,2024-12-05,Winston-Salem,NC0340200,13A,W,W,N,M,21,N,N,ST;VO,Highway/Road/Alley/Street/Sidewalk,Street & Sidewalk,Handgun,Other Major Injury,C
230308234,206547398,2024-12-05,Winston-Salem,NC0340200,13A,I,I,U,M,34,R,N,ST,Highway/Road/Alley/Street/Sidewalk,Street & Sidewalk,Handgun,Other Major Injury,C
230308235,206547398,2024-12-05,Winston-Salem,NC0340200,13A,B,B,X,M,12,R,N,ST,Highway/Road/Alley/Street/Sidewalk,Street & Sidewalk,Handgun,,C
230308237,206547400,2024-12-05,Winston-Salem,NC0340200,13A,W,W,X,F,49,R,N,,Residence/Home,Home,Personal Weapons,Apparent Broken Bones,C
230308304,206547455,2024-12-06,Winston-Salem,NC0340200,13A,B,B,N,F,24,R,N,AQ,Residence/Home,Home,Handgun,Minor Injury,C
230308330,206547470,2024-12-07,Winston-Salem,NC0340200,13A,B,B,N,M,30,N,N,ST,Highway/Road/Alley/Street/Sidewalk,Street & Sidewalk,Motor Vehicle/Vessel,,C
230308349,206547483,2024-12-08,Winston-Salem,NC0340200,13A,B,B,X,F,73,R,N,,Residence/Home,Home,Firearm,,C
230308350,206547483,2024-12-08,Winston-Salem,NC0340200,13A,B,B,N,M,53,R,N,,Residence/Home,Home,Firearm,,C
230308356,206547488,2024-12-08,Winston-Salem,NC0340200,13A,H,W,H,M,37,R,Y,SE,Residence/Home,Home,Knife/Cutting Instrument,Severe Laceration,C
230308358,206547490,2024-12-08,Winston-Salem,NC0340200,13A,W,W,X,F,16,N,N,,Residence/Home,Home,Handgun,Minor Injury,C
230308370,206547502,2024-12-08,Winston-Salem,NC0340200,13A,H,W,H,F,26,R,Y,BG,Residence/Home,Home,Handgun,,C
230308394,206547523,2024-12-09,Winston-Salem,NC0340200,13A,B,B,N,F,45,R,N,PA,Residence/Home,Home,Knife/Cutting Instrument,Minor Injury,C
230308398,206547527,2024-12-09,Winston-Salem,NC0340200,13A,B,B,N,M,24,R,N,AQ;VO,Residence/Home,Home,Handgun,Minor Injury,C
230308399,206547527,2024-12-09,Winston-Salem,NC0340200,13A,B,B,N,M,34,R,N,AQ;VO,Residence/Home,Home,Handgun,,C
230308404,206547531,2024-12-09,Winston-Salem,NC0340200,13A,H,W,H,F,27,R,Y,BG,Residence/Home,Home,Other;Personal Weapons,Severe Laceration,C
230308405,206547531,2024-12-09,Winston-Salem,NC0340200,13A,H,W,H,F,45,R,N,FR,Residence/Home,Home,Other;Personal Weapons,,C
230308445,206547569,2024-12-09,Winston-Salem,NC0340200,13A,B,B,X,M,18,R,N,,Other/Unknown,Other & Unknown,Firearm,,C
230308455,206547579,2024-12-09,Winston-Salem,NC0340200,13A,B,B,X,F,45,R,N,,Residence/Home,Home,Knife/Cutting Instrument,,C
230308462,206547585,2024-12-10,Winston-Salem,NC0340200,13A,H,W,H,M,41,R,N,,Residence/Home,Home,Firearm,,C
230308494,206547610,2024-12-10,Winston-Salem,NC0340200,13A,B,B,N,F,58,R,Y,XR,Specialty Store,Specialty Store,Knife/Cutting Instrument,Minor Injury,C
230309489,206548401,2024-12-11,Winston-Salem,NC0340200,13A,B,B,N,F,25,R,N,FR,Parking/Drop Lot/Garage,Parking Lot,Handgun,,C
230308636,206547700,2024-12-12,Winston-Salem,NC0340200,13A,W,W,N,M,39,R,Y,BG,Grocery/Supermarket,Grocery Store,Motor Vehicle/Vessel,Minor Injury,C
230308645,206547707,2024-12-12,Winston-Salem,NC0340200,13A,B,B,N,F,37,R,N,OK,Residence/Home,Home,Handgun,,C
230308729,206547779,2024-12-13,Winston-Salem,NC0340200,13A,B,B,N,F,25,R,N,OK,Residence/Home,Home,Handgun,,C
230308746,206547796,2024-12-13,Winston-Salem,NC0340200,13A,H,W,H,M,43,R,N,,Residence/Home,Home,Other Firearm,,C
230308747,206547796,2024-12-13,Winston-Salem,NC0340200,13A,H,W,H,F,86,R,N,,Residence/Home,Home,Other Firearm,,C
230308750,206547796,2024-12-13,Winston-Salem,NC0340200,13A,B,B,X,M,35,R,N,,Residence/Home,Home,Other Firearm,,C
230308751,206547796,2024-12-13,Winston-Salem,NC0340200,13A,B,B,X,M,31,R,N,,Residence/Home,Home,Other Firearm,,C
230308778,206547819,2024-12-13,Winston-Salem,NC0340200,13A,B,B,X,M,17,R,N,FR;SB;VO,Highway/Road/Alley/Street/Sidewalk,Street & Sidewalk,Knife/Cutting Instrument,Severe Laceration,C
230308779,206547819,2024-12-13,Winston-Salem,NC0340200,13A,B,B,N,M,17,R,N,FR;VO,Highway/Road/Alley/Street/Sidewalk,Street & Sidewalk,Knife/Cutting Instrument,Minor Injury,C
230308780,206547819,2024-12-13,Winston-Salem,NC0340200,13A,B,B,N,M,18,R,N,FR;VO,Highway/Road/Alley/Street/Sidewalk,Street & Sidewalk,Knife/Cutting Instrument,,C
230308781,206547819,2024-12-13,Winston-Salem,NC0340200,13A,B,B,N,M,18,R,N,FR;SB;VO,Highway/Road/Alley/Street/Sidewalk,Street & Sidewalk,Knife/Cutting Instrument,,C
230308799,206547836,2024-12-14,Winston-Salem,NC0340200,13A,W,W,N,F,48,R,N,,Highway/Road/Alley/Street/Sidewalk,Street & Sidewalk,Firearm,,C
230308800,206547836,2024-12-14,Winston-Salem,NC0340200,13A,W,W,N,M,44,R,N,,Highway/Road/Alley/Street/Sidewalk,Street & Sidewalk,Firearm,,C
230308834,206547865,2024-12-14,Winston-Salem,NC0340200,13A,B,B,N,M,53,R,N,OK,Hotel/Motel/Etc.,Hotel & Motel,Knife/Cutting Instrument,,C
230308866,206547892,2024-12-14,Winston-Salem,NC0340200,13A,B,B,N,M,38,N,Y,XR,Highway/Road/Alley/Street/Sidewalk,Street & Sidewalk,Motor Vehicle/Vessel,,C
230308895,206547915,2024-12-14,Winston-Salem,NC0340200,13A,W,W,N,M,30,N,N,,Field/Woods,Field & Woods,Knife/Cutting Instrument,Other Major Injury,C
230308927,206547944,2024-12-14,Winston-Salem,NC0340200,13A,H,W,H,M,19,R,N,OK,Highway/Road/Alley/Street/Sidewalk,Street & Sidewalk,Handgun,,C
230309033,206548036,2024-12-15,Winston-Salem,NC0340200,13A,B,B,N,M,14,R,N,GC;OK,Highway/Road/Alley/Street/Sidewalk,Street & Sidewalk,Handgun,,C
230309072,206548069,2024-12-16,Winston-Salem,NC0340200,13A,B,B,N,M,18,R,N,,Residence/Home,Home,Firearm,,C
230309073,206548069,2024-12-16,Winston-Salem,NC0340200,13A,B,B,X,F,20,R,N,,Residence/Home,Home,Firearm,,C
230309074,206548069,2024-12-16,Winston-Salem,NC0340200,13A,B,B,X,M,15,R,N,,Residence/Home,Home,Firearm,,C
230309112,206548105,2024-12-16,Winston-Salem,NC0340200,13A,W,W,X,M,34,R,N,,Highway/Road/Alley/Street/Sidewalk,Street & Sidewalk,Handgun;Motor Vehicle/Vessel,,C
230309116,206548109,2024-12-16,Winston-Salem,NC0340200,13A,W,W,N,M,64,R,N,,Residence/Home,Home,Handgun,,C
230309117,206548109,2024-12-16,Winston-Salem,NC0340200,13A,B,B,N,F,25,N,N,,Residence/Home,Home,Handgun,,C
230309118,206548109,2024-12-16,Winston-Salem,NC0340200,13A,W,W,N,M,31,N,N,,Residence/Home,Home,Handgun,,C
230309119,206548109,2024-12-16,Winston-Salem,NC0340200,13A,W,W,N,F,42,R,N,,Residence/Home,Home,Handgun,,C
230309124,206548114,2024-12-16,Winston-Salem,NC0340200,13A,W,W,N,M,22,R,N,OK,Residence/Home,Home,Handgun,,C
230309141,206548126,2024-12-17,Winston-Salem,NC0340200,13A,W,W,N,F,30,R,Y,BG,Residence/Home,Home,Handgun,,C
230309174,206548140,2024-12-17,Winston-Salem,NC0340200,13A,H,W,H,F,40,R,N,,Highway/Road/Alley/Street/Sidewalk,Street & Sidewalk,Motor Vehicle/Vessel,,C
230309187,206548152,2024-12-17,Winston-Salem,NC0340200,13A,B,B,N,M,37,R,N,OK,Residence/Home,Home,Knife/Cutting Instrument,Minor Injury,C
230309215,206548178,2024-12-17,Winston-Salem,NC0340200,13A,W,W,N,F,48,R,N,RU,Grocery/Supermarket,Grocery Store,Firearm,,C
230309218,206548181,2024-12-17,Winston-Salem,NC0340200,13A,W,W,N,F,42,R,Y,BG,Residence/Home,Home,Handgun,,C
230309230,206548190,2024-12-17,Winston-Salem,NC0340200,13A,H,W,H,F,39,R,Y,SE,Residence/Home,Home,Handgun,Unconscious,C
230309231,206548190,2024-12-17,Winston-Salem,NC0340200,13A,H,W,H,F,8,R,N,CH,Residence/Home,Home,Handgun,,C
230309232,206548190,2024-12-17,Winston-Salem,NC0340200,13A,H,W,H,M,1,R,N,CH,Residence/Home,Home,Handgun,,C
230309307,206548245,2024-12-18,Winston-Salem,NC0340200,13A,W,W,N,F,49,R,N,RU,Highway/Road/Alley/Street/Sidewalk,Street & Sidewalk,Personal Weapons,Possible Internal Injury,C
230309326,206548260,2024-12-18,Winston-Salem,NC0340200,13A,W,W,X,M,47,R,N,,Residence/Home,Home,Firearm,,C
230309327,206548260,2024-12-18,Winston-Salem,NC0340200,13A,H,W,H,M,51,R,N,,Residence/Home,Home,Firearm,,C
230309328,206548260,2024-12-18,Winston-Salem,NC0340200,13A,H,W,H,M,30,R,N,,Residence/Home,Home,Firearm,,C
230309359,206548287,2024-12-19,Winston-Salem,NC0340200,13A,W,W,N,M,67,R,N,ER,Highway/Road/Alley/Street/Sidewalk,Street & Sidewalk,Handgun,,C
230309360,206548287,2024-12-19,Winston-Salem,NC0340200,13A,W,W,X,M,46,R,N,AQ,Highway/Road/Alley/Street/Sidewalk,Street & Sidewalk,Handgun,,C
230309427,206548348,2024-12-20,Winston-Salem,NC0340200,13A,B,B,X,F,9,R,N,AQ,Residence/Home,Home,Other,Minor Injury,C
230309443,206548363,2024-12-20,Winston-Salem,NC0340200,13A,W,W,N,F,19,R,Y,BG,Residence/Home,Home,Blunt Object,Minor Injury,C
230309447,206548367,2024-12-20,Winston-Salem,NC0340200,13A,B,B,N,F,44,R,N,PA,Highway/Road/Alley/Street/Sidewalk,Street & Sidewalk,Rifle,,C
230309448,206548367,2024-12-20,Winston-Salem,NC0340200,13A,B,B,X,M,21,R,N,OK,Highway/Road/Alley/Street/Sidewalk,Street & Sidewalk,Rifle,,C
230309453,206548371,2024-12-21,Winston-Salem,NC0340200,13A,B,B,N,M,50,N,N,,Residence/Home,Home,Firearm,,C
230309460,206548377,2024-12-21,Winston-Salem,NC0340200,13A,H,W,H,M,25,R,N,,Highway/Road/Alley/Street/Sidewalk,Street & Sidewalk,Firearm,,C
230309496,206548407,2024-12-21,Winston-Salem,NC0340200,13A,H,W,H,M,20,R,N,FR,Residence/Home,Home,Handgun,Other Major Injury,C
230309497,206548408,2024-12-21,Winston-Salem,NC0340200,13A,H,W,H,M,35,R,N,,Highway/Road/Alley/Street/Sidewalk,Street & Sidewalk,Firearm,Other Major Injury,C
230309502,206548412,2024-12-21,Winston-Salem,NC0340200,13A,B,B,X,M,52,R,N,,Residence/Home,Home,Firearm,,C
230309503,206548412,2024-12-21,Winston-Salem,NC0340200,13A,B,B,N,F,73,R,N,,Residence/Home,Home,Firearm,,C
230309509,206548417,2024-12-21,Winston-Salem,NC0340200,13A,W,W,N,F,29,R,Y,SE,Residence/Home,Home,Blunt Object,Minor Injury;Severe Laceration,C
230309928,206548770,2024-12-21,Winston-Salem,NC0340200,13A,H,W,H,F,25,R,Y,XR,Residence/Home,Home,Blunt Object;Personal Weapons,,C
230309523,206548429,2024-12-22,Winston-Salem,NC0340200,13A,H,W,H,M,62,R,N,,Residence/Home,Home,Firearm,,C
230309524,206548429,2024-12-22,Winston-Salem,NC0340200,13A,H,W,H,M,21,N,N,,Residence/Home,Home,Firearm,,C
230309525,206548429,2024-12-22,Winston-Salem,NC0340200,13A,H,W,H,F,55,R,N,,Residence/Home,Home,Firearm,,C
230309526,206548429,2024-12-22,Winston-Salem,NC0340200,13A,W,W,X,F,35,R,N,,Residence/Home,Home,Firearm,,C
230309527,206548429,2024-12-22,Winston-Salem,NC0340200,13A,W,W,X,M,38,R,N,,Residence/Home,Home,Firearm,,C
230309530,206548432,2024-12-22,Winston-Salem,NC0340200,13A,H,W,H,M,46,R,N,,Residence/Home,Home,Firearm,,C
230309531,206548432,2024-12-22,Winston-Salem,NC0340200,13A,H,W,H,M,32,R,N,,Residence/Home,Home,Firearm,,C
230309532,206548432,2024-12-22,Winston-Salem,NC0340200,13A,W,W,X,F,57,R,N,,Residence/Home,Home,Firearm,,C
230309533,206548432,2024-12-22,Winston-Salem,NC0340200,13A,W,W,X,M,66,R,N,,Residence/Home,Home,Firearm,,C
230309534,206548432,2024-12-22,Winston-Salem,NC0340200,13A,H,W,H,M,13,R,N,,Residence/Home,Home,Firearm,,C
230309535,206548432,2024-12-22,Winston-Salem,NC0340200,13A,H,W,H,M,41,R,N,,Residence/Home,Home,Firearm,,C
230309536,206548432,2024-12-22,Winston-Salem,NC0340200,13A,H,W,H,F,7,R,N,,Residence/Home,Home,Firearm,,C
230309537,206548432,2024-12-22,Winston-Salem,NC0340200,13A,W,W,X,M,29,N,N,,Residence/Home,Home,Firearm,,C
230309552,206548444,2024-12-22,Winston-Salem,NC0340200,13A,B,B,X,F,69,R,N,,Highway/Road/Alley/Street/Sidewalk,Street & Sidewalk,Handgun,,C
230309553,206548444,2024-12-22,Winston-Salem,NC0340200,13A,B,B,N,F,22,R,N,,Highway/Road/Alley/Street/Sidewalk,Street & Sidewalk,Handgun,,C
230309554,206548444,2024-12-22,Winston-Salem,NC0340200,13A,B,B,X,F,43,R,N,,Highway/Road/Alley/Street/Sidewalk,Street & Sidewalk,Handgun,,C
230309560,206548450,2024-12-22,Winston-Salem,NC0340200,13A,B,B,N,M,60,R,N,OF,Residence/Home,Home,Other,,C
230309582,206548468,2024-12-22,Winston-Salem,NC0340200,13A,B,B,N,M,65,R,Y,BG;VO,Residence/Home,Home,Blunt Object;Knife/Cutting Instrument,,C
230309583,206548468,2024-12-22,Winston-Salem,NC0340200,13A,B,B,N,F,52,R,Y,BG;VO,Residence/Home,Home,Blunt Object;Knife/Cutting Instrument,,C
230309641,206548523,2024-12-23,Winston-Salem,NC0340200,13A,H,W,H,M,2,R,N,,Highway/Road/Alley/Street/Sidewalk,Street & Sidewalk,Rifle,Other Major Injury,C
230309642,206548523,2024-12-23,Winston-Salem,NC0340200,13A,H,W,H,M,21,R,N,,Highway/Road/Alley/Street/Sidewalk,Street & Sidewalk,Rifle,Other Major Injury,C
230309706,206548577,2024-12-24,Winston-Salem,NC0340200,13A,H,W,H,M,22,R,N,,Residence/Home,Home,Firearm,,C
230309793,206548655,2024-12-24,Winston-Salem,NC0340200,13A,B,B,N,F,38,R,N,AQ,Residence/Home,Home,Blunt Object,Minor Injury,C
230309743,206548611,2024-12-25,Winston-Salem,NC0340200,13A,B,B,N,M,53,R,Y,BG;VO,Residence/Home,Home,Blunt Object,Severe Laceration,C
230309744,206548611,2024-12-25,Winston-Salem,NC0340200,13A,B,B,N,F,40,R,Y,BG;VO,Residence/Home,Home,Blunt Object,,C
230309745,206548612,2024-12-25,Winston-Salem,NC0340200,13A,W,W,N,F,53,N,N,,Other/Unknown,Other & Unknown,Personal Weapons,Minor Injury,C
230309758,206548623,2024-12-25,Winston-Salem,NC0340200,13A,B,B,N,M,60,R,Y,SE;VO,Residence/Home,Home,Personal Weapons,Severe Laceration,C
230309759,206548623,2024-12-25,Winston-Salem,NC0340200,13A,B,B,N,F,61,R,Y,SE;VO,Residence/Home,Home,Personal Weapons,,C
230309773,206548637,2024-12-26,Winston-Salem,NC0340200,13A,H,W,H,F,28,R,Y,SE,Residence/Home,Home,Handgun,,C
230309776,206548640,2024-12-26,Winston-Salem,NC0340200,13A,I,I,N,F,23,N,N,OK,Residence/Home,Home,Handgun,,C
230309777,206548640,2024-12-26,Winston-Salem,NC0340200,13A,B,B,N,F,21,R,Y,BG,Residence/Home,Home,Handgun,,C
230309820,206548679,2024-12-26,Winston-Salem,NC0340200,13A,B,B,N,F,18,R,Y,OK;XR,Residence/Home,Home,Handgun,,C
230309830,206548687,2024-12-26,Winston-Salem,NC0340200,13A,W,W,N,F,49,R,Y,BG,Residence/Home,Home,Blunt Object,Apparent Broken Bones,C
230309853,206548706,2024-12-27,Winston-Salem,NC0340200,13A,B,B,N,F,19,R,Y,BG,Residence/Home,Home,Other,Minor Injury,C
230309868,206548717,2024-12-27,Winston-Salem,NC0340200,13A,W,W,N,M,30,R,N,,Specialty Store,Specialty Store,Knife/Cutting Instrument;Personal Weapons,Minor Injury,C
230309887,206548734,2024-12-27,Winston-Salem,NC0340200,13A,B,B,N,F,64,R,Y,SE,Residence/Home,Home,Knife/Cutting Instrument;Personal Weapons,Minor Injury,C
230309892,206548738,2024-12-28,Winston-Salem,NC0340200,13A,B,B,N,M,33,R,N,RU,Residence/Home,Home,Handgun,Other Major Injury,C
230309916,206548759,2024-12-28,Winston-Salem,NC0340200,13A,B,B,X,M,24,N,N,RU,Parking/Drop Lot/Garage,Parking Lot,Motor Vehicle/Vessel,Minor Injury,C
230309941,206548782,2024-12-29,Winston-Salem,NC0340200,13A,H,W,H,F,23,R,Y,BG;VO,Residence/Home,Home,Other,Minor Injury,C
230309942,206548782,2024-12-29,Winston-Salem,NC0340200,13A,W,W,X,M,24,R,Y,BG;VO,Residence/Home,Home,Other,Minor Injury,C
230309950,206548790,2024-12-29,Winston-Salem,NC0340200,13A,H,W,H,F,31,R,N,,Residence/Home,Home,Firearm,,C
230309951,206548790,2024-12-29,Winston-Salem,NC0340200,13A,H,W,H,M,29,R,N,,Residence/Home,Home,Firearm,,C
230309957,206548795,2024-12-29,Winston-Salem,NC0340200,13A,W,W,X,M,23,N,N,SB,Residence/Home,Home,Handgun,,C
230309978,206548813,2024-12-29,Winston-Salem,NC0340200,13A,B,B,N,M,23,R,Y,BG,Residence/Home,Home,Knife/Cutting Instrument,Minor Injury,C
230309991,206548824,2024-12-29,Winston-Salem,NC0340200,13A,W,W,N,M,31,R,N,CH,Residence/Home,Home,Personal Weapons,Minor Injury,C
230310554,206549316,2024-12-29,Winston-Salem,NC0340200,13A,W,W,N,M,45,N,N,,Residence/Home,Home,Firearm,,C
230310590,206549351,2024-12-29,Winston-Salem,NC0340200,13A,B,B,N,M,20,R,N,,Other/Unknown,Other & Unknown,Other Firearm,Other Major Injury,C
230310003,206548835,2024-12-30,Winston-Salem,NC0340200,13A,B,B,N,M,18,R,N,RU,Residence/Home,Home,Firearm,Other Major Injury,C
230310004,206548835,2024-12-30,Winston-Salem,NC0340200,13A,B,B,N,F,32,R,N,RU,Residence/Home,Home,Firearm,,C
230310005,206548835,2024-12-30,Winston-Salem,NC0340200,13A,B,B,X,F,0,R,N,RU,Residence/Home,Home,Firearm,,C
230310006,206548835,2024-12-30,Winston-Salem,NC0340200,13A,B,B,X,M,3,R,N,RU,Residence/Home,Home,Firearm,,C
230310007,206548835,2024-12-30,Winston-Salem,NC0340200,13A,B,B,X,F,14,R,N,RU,Residence/Home,Home,Firearm,,C
230310008,206548835,2024-12-30,Winston-Salem,NC0340200,13A,B,B,X,F,4,R,N,RU,Residence/Home,Home,Firearm,,C
230310020,206548840,2024-12-30,Winston-Salem,NC0340200,13A,B,B,N,F,27,R,N,RU,Residence/Home,Home,Firearm,,C
230310074,206548885,2024-12-30,Winston-Salem,NC0340200,13A,B,B,N,F,52,R,N,,Residence/Home,Home,Firearm,,C
230310075,206548885,2024-12-30,Winston-Salem,NC0340200,13A,B,B,N,M,42,R,N,,Residence/Home,Home,Firearm,,C
230310077,206548886,2024-12-30,Winston-Salem,NC0340200,13A,B,B,N,M,37,R,N,,Convenience Store,Convenience Store,Firearm,,C
230310079,206548886,2024-12-30,Winston-Salem,NC0340200,13A,A,A,X,M,27,N,N,,Convenience Store,Convenience Store,Firearm,,C
230310085,206548890,2024-12-30,Winston-Salem,NC0340200,13A,B,B,N,M,22,R,N,,Residence/Home,Home,Firearm,,C
230310086,206548891,2024-12-30,Winston-Salem,NC0340200,13A,W,W,X,F,27,R,Y,XR,Residence/Home,Home,Handgun,Minor Injury,C
230310088,206548893,2024-12-30,Winston-Salem,NC0340200,13A,H,W,H,F,47,R,N,,Residence/Home,Home,Firearm,,C
230310101,206548904,2024-12-30,Winston-Salem,NC0340200,13A,B,B,N,F,18,R,N,,Highway/Road/Alley/Street/Sidewalk,Street & Sidewalk,Firearm,,C
230310094,206548898,2024-12-31,Winston-Salem,NC0340200,13A,B,B,N,M,35,N,N,AQ,Residence/Home,Home,Firearm,Other Major Injury,C
230310098,206548901,2024-12-31,Winston-Salem,NC0340200,13A,B,B,N,M,32,R,N,,Highway/Road/Alley/Street/Sidewalk,Street & Sidewalk,Firearm,Minor Injury,C
230310127,206548928,2024-12-31,Winston-Salem,NC0340200,13A,H,B,H,F,37,R,N,OK;RU,Residence/Home,Home,Firearm,,C
230310128,206548928,2024-12-31,Winston-Salem,NC0340200,13A,B,B,N,F,18,R,N,RU,Residence/Home,Home,Firearm,,C
230310129,206548928,2024-12-31,Winston-Salem,NC0340200,13A,H,W,H,F,17,R,N,RU,Residence/Home,Home,Firearm,,C
230310130,206548928,2024-12-31,Winston-Salem,NC0340200,13A,H,W,H,M,43,R,N,RU,Residence/Home,Home,Firearm,,C
230310131,206548928,2024-12-31,Winston-Salem,NC0340200,13A,H,B,H,F,20,R,N,RU,Residence/Home,Home,Firearm,,C
230310132,206548928,2024-12-31,Winston-Salem,NC0340200,13A,H,W,H,M,37,R,N,RU,Residence/Home,Home,Firearm,,C
230310133,206548928,2024-12-31,Winston-Salem,NC0340200,13A,W,W,X,F,11,R,N,RU,Residence/Home,Home,Firearm,,C
230310134,206548928,2024-12-31,Winston-Salem,NC0340200,13A,W,W,X,M,13,R,N,RU,Residence/Home,Home,Firearm,,C
230310150,206548941,2024-12-31,Winston-Salem,NC0340200,13A,W,W,X,M,31,N,N,ST,Hotel/Motel/Etc.,Hotel & Motel,Handgun,,C
230310155,206548946,2024-12-31,Winston-Salem,NC0340200,13A,B,B,N,M,25,R,N,RU,Hotel/Motel/Etc.,Hotel & Motel,Firearm,Other Major Injury,C
230310158,206548948,2024-12-31,Winston-Salem,NC0340200,13A,H,W,H,M,42,R,N,RU,Highway/Road/Alley/Street/Sidewalk,Street & Sidewalk,Handgun,,C
230310164,206548954,2024-12-31,Winston-Salem,NC0340200,13A,B,B,X,M,37,R,N,OK,Residence/Home,Home,Handgun,,C
230310513,206549285,2024-12-31,Winston-Salem,NC0340200,13A,W,W,N,M,50,R,Y,SE,Hotel/Motel/Etc.,Hotel & Motel,Drugs/Narcotics/Sleeping Pills,,C
230632643,206829795,2024-12-31,Winston-Salem,NC0340200,13A,W,W,N,M,62,R,N,RU,Liquor Store,Liquor Store,Personal Weapons,Apparent Broken Bones,C
230632648,206829799,2025-01-01,Winston-Salem,NC0340200,13A,B,B,X,F,46,N,N,,Parking/Drop Lot/Garage,Parking Lot,Firearm,Other Major Injury,C
230632649,206829800,2025-01-01,Winston-Salem,NC0340200,13A,B,B,X,F,59,R,N,,Residence/Home,Home,Handgun,,C
230632650,206829800,2025-01-01,Winston-Salem,NC0340200,13A,B,B,X,F,59,R,N,,Residence/Home,Home,Handgun,,C
230632662,206829812,2025-01-01,Winston-Salem,NC0340200,13A,B,B,N,F,45,R,N,,Residence/Home,Home,Firearm,,C
230632663,206829812,2025-01-01,Winston-Salem,NC0340200,13A,B,B,N,M,55,R,N,,Residence/Home,Home,Firearm,,C
230632664,206829812,2025-01-01,Winston-Salem,NC0340200,13A,B,B,N,M,58,R,N,,Residence/Home,Home,Firearm,,C
230632665,206829812,2025-01-01,Winston-Salem,NC0340200,13A,B,B,N,M,29,R,N,,Residence/Home,Home,Firearm,,C
230632666,206829812,2025-01-01,Winston-Salem,NC0340200,13A,B,B,X,M,20,R,N,,Residence/Home,Home,Firearm,,C
230632667,206829812,2025-01-01,Winston-Salem,NC0340200,13A,B,B,X,F,22,R,N,,Residence/Home,Home,Firearm,,C
230632677,206829819,2025-01-01,Winston-Salem,NC0340200,13A,B,B,N,M,28,R,N,RU,Residence/Home,Home,Handgun,Other Major Injury,C
230632681,206829823,2025-01-01,Winston-Salem,NC0340200,13A,B,B,N,F,50,R,N,,Residence/Home,Home,Firearm,,C
230632692,206829833,2025-01-01,Winston-Salem,NC0340200,13A,B,B,N,M,57,N,N,,Highway/Road/Alley/Street/Sidewalk,Street & Sidewalk,Firearm,,C
230632715,206829855,2025-01-01,Winston-Salem,NC0340200,13A,B,B,N,M,46,R,Y,BG;VO,Residence/Home,Home,Blunt Object,Minor Injury,C
230632716,206829855,2025-01-01,Winston-Salem,NC0340200,13A,B,B,N,F,35,R,Y,BG;VO,Residence/Home,Home,Blunt Object,Minor Injury,C
230632794,206829922,2025-01-01,Winston-Salem,NC0340200,13A,W,W,N,M,55,R,N,,Residence/Home,Home,Firearm,,C
230632833,206829953,2025-01-01,Winston-Salem,NC0340200,13A,B,B,X,F,72,R,N,,Residence/Home,Home,Firearm,,C
230632834,206829953,2025-01-01,Winston-Salem,NC0340200,13A,B,B,X,M,15,N,N,,Residence/Home,Home,Firearm,,C
243020614,217648337,2025-01-01,Winston-Salem,NC0340200,13A,B,B,N,M,69,R,N,RU,Residence/Home,Home,Firearm,,C
243020616,217648337,2025-01-01,Winston-Salem,NC0340200,13A,B,B,N,F,30,R,N,RU,Residence/Home,Home,Firearm,,C
243020617,217648337,2025-01-01,Winston-Salem,NC0340200,13A,B,B,N,F,2,R,N,RU,Residence/Home,Home,Firearm,,C
243020618,217648337,2025-01-01,Winston-Salem,NC0340200,13A,B,B,N,M,1,R,N,RU,Residence/Home,Home,Firearm,,C
243020619,217648337,2025-01-01,Winston-Salem,NC0340200,13A,B,B,N,F,0,R,N,RU,Residence/Home,Home,Firearm,,C
243020620,217648337,2025-01-01,Winston-Salem,NC0340200,13A,B,B,N,M,4,R,N,RU,Residence/Home,Home,Firearm,Other Major Injury,C
231348216,207462645,2025-01-02,Winston-Salem,NC0340200,13A,W,W,N,M,57,R,N,AQ,Residence/Home,Home,Handgun,,C
231348217,207462645,2025-01-02,Winston-Salem,NC0340200,13A,H,W,H,M,59,R,N,OK,Residence/Home,Home,Handgun,,C
231348218,207462645,2025-01-02,Winston-Salem,NC0340200,13A,W,W,N,F,52,R,N,AQ,Residence/Home,Home,Handgun,,C
231348219,207462645,2025-01-02,Winston-Salem,NC0340200,13A,B,B,N,M,34,R,N,OK,Residence/Home,Home,Handgun,,C
231348220,207462645,2025-01-02,Winston-Salem,NC0340200,13A,H,W,H,M,19,N,N,RU,Residence/Home,Home,Handgun,,C
239117600,214239639,2025-01-02,Winston-Salem,NC0340200,13A,B,B,N,M,13,R,N,,Highway/Road/Alley/Street/Sidewalk,Street & Sidewalk,Firearm,Other Major Injury,C
230632860,206829976,2025-01-03,Winston-Salem,NC0340200,13A,B,B,N,F,22,R,Y,BG,Residence/Home,Home,Firearm,,C
230632878,206829992,2025-01-03,Winston-Salem,NC0340200,13A,W,W,N,M,54,R,N,FR,Residence/Home,Home,Unknown,,C
236847543,212261777,2025-01-03,Winston-Salem,NC0340200,13A,B,B,N,M,24,R,N,OK,Residence/Home,Home,Firearm,,C
230632908,206830020,2025-01-04,Winston-Salem,NC0340200,13A,W,W,X,F,21,R,Y,BG,Residence/Home,Home,,Minor Injury,C
230632956,206830064,2025-01-04,Winston-Salem,NC0340200,13A,B,B,N,M,53,R,N,RU,Residence/Home,Home,Knife/Cutting Instrument;Personal Weapons,Severe Laceration,C
230632961,206830068,2025-01-04,Winston-Salem,NC0340200,13A,B,B,N,F,21,N,N,CH,Residence/Home,Home,Knife/Cutting Instrument,,C
230632962,206830068,2025-01-04,Winston-Salem,NC0340200,13A,B,B,X,F,59,R,Y,SE,Residence/Home,Home,Knife/Cutting Instrument,,C
230632963,206830068,2025-01-04,Winston-Salem,NC0340200,13A,B,B,N,F,59,R,N,RU,Residence/Home,Home,Knife/Cutting Instrument,,C
230632975,206830077,2025-01-05,Winston-Salem,NC0340200,13A,B,B,N,M,50,R,N,OK,Residence/Home,Home,Blunt Object,Minor Injury,C
230632994,206830094,2025-01-05,Winston-Salem,NC0340200,13A,B,B,N,M,39,R,Y,VO;XR,Residence/Home,Home,Personal Weapons,Minor Injury,C
230632995,206830094,2025-01-05,Winston-Salem,NC0340200,13A,W,W,N,F,33,R,Y,VO;XR,Residence/Home,Home,Personal Weapons,Minor Injury,C
230632999,206830098,2025-01-05,Winston-Salem,NC0340200,13A,B,B,N,M,30,R,Y,XR,Highway/Road/Alley/Street/Sidewalk,Street & Sidewalk,Motor Vehicle/Vessel,Minor Injury,C
230633073,206830158,2025-01-06,Winston-Salem,NC0340200,13A,B,B,X,F,38,R,Y,XR,Residence/Home,Home,Handgun,,C
230633099,206830181,2025-01-07,Winston-Salem,NC0340200,13A,B,B,N,M,30,R,N,RU,Park/Playground,Park & Playground,Blunt Object,Minor Injury,C
230633100,206830181,2025-01-07,Winston-Salem,NC0340200,13A,B,B,N,F,26,R,N,RU,Park/Playground,Park & Playground,Blunt Object,Minor Injury,C
230633120,206830193,2025-01-07,Winston-Salem,NC0340200,13A,W,W,N,F,50,R,N,AQ,Residence/Home,Home,Knife/Cutting Instrument,Minor Injury,C
230633132,206830203,2025-01-08,Winston-Salem,NC0340200,13A,B,B,U,F,50,R,N,RU,Residence/Home,Home,Rifle,,C
230633133,206830203,2025-01-08,Winston-Salem,NC0340200,13A,B,B,N,M,19,R,N,RU,Residence/Home,Home,Rifle,,C
230633180,206830245,2025-01-08,Winston-Salem,NC0340200,13A,B,B,N,M,32,R,N,ST,Residence/Home,Home,Blunt Object,Minor Injury,C
230633223,206830279,2025-01-09,Winston-Salem,NC0340200,13A,W,W,X,M,38,R,N,ST,Highway/Road/Alley/Street/Sidewalk,Street & Sidewalk,Motor Vehicle/Vessel,,C
230633266,206830313,2025-01-10,Winston-Salem,NC0340200,13A,B,B,N,M,45,R,Y,XR,Residence/Home,Home,Knife/Cutting Instrument,Severe Laceration,C
230633281,206830327,2025-01-11,Winston-Salem,NC0340200,13A,B,B,N,M,38,R,N,NE,Residence/Home,Home,Blunt Object,,C
230633297,206830341,2025-01-11,Winston-Salem,NC0340200,13A,B,B,N,M,21,R,N,RU,Residence/Home,Home,Handgun,Other Major Injury,C
230633298,206830341,2025-01-11,Winston-Salem,NC0340200,13A,B,B,N,F,21,R,N,RU,Residence/Home,Home,Handgun,Other Major Injury,C
230633299,206830341,2025-01-11,Winston-Salem,NC0340200,13A,B,B,N,F,18,R,N,RU,Residence/Home,Home,Handgun,Other Major Injury,C
230633300,206830341,2025-01-11,Winston-Salem,NC0340200,13A,B,B,X,M,11,R,N,RU,Residence/Home,Home,Handgun,Minor Injury,C
230633301,206830341,2025-01-11,Winston-Salem,NC0340200,13A,B,B,X,F,49,R,N,RU,Residence/Home,Home,Handgun,,C
230633302,206830341,2025-01-11,Winston-Salem,NC0340200,13A,B,B,X,M,11,R,N,RU,Residence/Home,Home,Handgun,,C
230633303,206830341,2025-01-11,Winston-Salem,NC0340200,13A,B,B,X,F,19,R,N,RU,Residence/Home,Home,Handgun,,C
230633304,206830341,2025-01-11,Winston-Salem,NC0340200,13A,B,B,X,M,1,R,N,RU,Residence/Home,Home,Handgun,,C
230633305,206830341,2025-01-11,Winston-Salem,NC0340200,13A,W,W,X,F,37,R,N,RU,Residence/Home,Home,Handgun,,C
230633306,206830341,2025-01-11,Winston-Salem,NC0340200,13A,W,W,X,M,9,R,N,RU,Residence/Home,Home,Handgun,,C
230633307,206830341,2025-01-11,Winston-Salem,NC0340200,13A,H,W,H,F,16,R,N,RU,Residence/Home,Home,Handgun,,C
230633308,206830341,2025-01-11,Winston-Salem,NC0340200,13A,W,W,X,M,11,R,N,RU,Residence/Home,Home,Handgun,,C
230633309,206830341,2025-01-11,Winston-Salem,NC0340200,13A,W,W,X,M,4,R,N,RU,Residence/Home,Home,Handgun,,C
230633316,206830348,2025-01-12,Winston-Salem,NC0340200,13A,W,W,X,M,1,R,N,SC,Residence/Home,Home,Unknown,Minor Injury,C
230633372,206830394,2025-01-13,Winston-Salem,NC0340200,13A,B,B,N,M,65,R,Y,SE,Residence/Home,Home,Knife/Cutting Instrument,Severe Laceration,C
230633384,206830404,2025-01-13,Winston-Salem,NC0340200,13A,B,B,N,F,37,R,Y,BG,Residence/Home,Home,Blunt Object,Minor Injury,C
230633400,206830417,2025-01-14,Winston-Salem,NC0340200,13A,B,B,N,M,50,R,Y,BG,Hotel/Motel/Etc.,Hotel & Motel,Knife/Cutting Instrument,Minor Injury,C
235553726,211123728,2025-01-14,Winston-Salem,NC0340200,13A,B,B,N,M,24,R,N,RU;VO,Highway/Road/Alley/Street/Sidewalk,Street & Sidewalk,Handgun,Other Major Injury,C
235553727,211123728,2025-01-14,Winston-Salem,NC0340200,13A,B,B,N,M,27,N,N,RU;VO,Highway/Road/Alley/Street/Sidewalk,Street & Sidewalk,Handgun,Other Major Injury,C
230633471,206830484,2025-01-15,Winston-Salem,NC0340200,13A,W,W,X,M,56,N,N,,Highway/Road/Alley/Street/Sidewalk,Street & Sidewalk,Firearm,Other Major Injury,C
230633472,206830485,2025-01-15,Winston-Salem,NC0340200,13A,W,W,X,M,48,R,N,PA,Residence/Home,Home,Blunt Object;Knife/Cutting Instrument,Minor Injury,C
230633475,206830487,2025-01-15,Winston-Salem,NC0340200,13A,B,B,N,F,25,R,N,,Residence/Home,Home,Handgun,,C
230633513,206830520,2025-01-16,Winston-Salem,NC0340200,13A,B,B,N,M,37,R,N,OF;VO,Highway/Road/Alley/Street/Sidewalk,Street & Sidewalk,Handgun,Minor Injury,C
230633514,206830520,2025-01-16,Winston-Salem,NC0340200,13A,B,B,N,M,50,R,N,OF;VO,Highway/Road/Alley/Street/Sidewalk,Street & Sidewalk,Handgun,,C
230633571,206830570,2025-01-17,Winston-Salem,NC0340200,13A,W,W,N,M,40,R,N,ST,Residence/Home,Home,Blunt Object,Minor Injury,C
230633581,206830580,2025-01-17,Winston-Salem,NC0340200,13A,W,W,X,M,41,N,N,RU,Highway/Road/Alley/Street/Sidewalk,Street & Sidewalk,Handgun,,C
230633591,206830589,2025-01-17,Winston-Salem,NC0340200,13A,B,B,N,M,45,R,Y,BG,Residence/Home,Home,Other,Minor Injury,C
230633634,206830623,2025-01-18,Winston-Salem,NC0340200,13A,B,B,N,F,41,R,N,PA,Residence/Home,Home,Handgun,,C
230633635,206830623,2025-01-18,Winston-Salem,NC0340200,13A,B,B,N,F,16,R,N,SB,Residence/Home,Home,Handgun,,C
243020624,217648341,2025-01-18,Winston-Salem,NC0340200,13A,B,B,N,M,16,R,N,,Highway/Road/Alley/Street/Sidewalk,Street & Sidewalk,Firearm,Other Major Injury,C
230633668,206830647,2025-01-19,Winston-Salem,NC0340200,13A,B,B,N,F,25,R,N,OK,Residence/Home,Home,Motor Vehicle/Vessel,,C
230633669,206830648,2025-01-19,Winston-Salem,NC0340200,13A,W,W,X,F,27,R,Y,BG,Residence/Home,Home,Personal Weapons,Other Major Injury,C
230633700,206830677,2025-01-19,Winston-Salem,NC0340200,13A,B,B,N,F,40,R,N,,Residence/Home,Home,Handgun,,C
230633701,206830677,2025-01-19,Winston-Salem,NC0340200,13A,B,B,N,M,15,R,N,,Residence/Home,Home,Handgun,,C
230633702,206830678,2025-01-19,Winston-Salem,NC0340200,13A,H,W,H,F,42,N,N,PA,Residence/Home,Home,Firearm,,C
230633834,206830797,2025-01-19,Winston-Salem,NC0340200,13A,W,W,N,F,21,N,Y,XR,Restaurant,Restaurant,Personal Weapons,Minor Injury,C
231348229,207462654,2025-01-19,Winston-Salem,NC0340200,13A,B,B,N,F,59,R,N,RU,Residence/Home,Home,Rifle,,C
230633740,206830713,2025-01-20,Winston-Salem,NC0340200,13A,W,W,N,M,18,R,N,CF,Residence/Home,Home,Knife/Cutting Instrument,,C
230633742,206830715,2025-01-20,Winston-Salem,NC0340200,13A,W,W,N,F,60,R,Y,BG,Residence/Home,Home,Personal Weapons,Possible Internal Injury,C
230633802,206830770,2025-01-20,Winston-Salem,NC0340200,13A,W,W,N,F,60,R,Y,BG,Residence/Home,Home,Personal Weapons,Minor Injury,C
230633758,206830729,2025-01-21,Winston-Salem,NC0340200,13A,B,B,N,M,16,R,N,,Highway/Road/Alley/Street/Sidewalk,Street & Sidewalk,Other Firearm,Other Major Injury,C
234065416,209829115,2025-01-21,Winston-Salem,NC0340200,13A,B,B,N,M,18,R,N,OK,Highway/Road/Alley/Street/Sidewalk,Street & Sidewalk,Blunt Object,Other Major Injury,C
234065417,209829115,2025-01-21,Winston-Salem,NC0340200,13A,B,B,N,M,16,R,N,OK,Highway/Road/Alley/Street/Sidewalk,Street & Sidewalk,Blunt Object,Minor Injury,C
230633813,206830780,2025-01-22,Winston-Salem,NC0340200,13A,B,B,N,M,30,R,N,OK,Residence/Home,Home,Firearm,,C
230633902,206830859,2025-01-24,Winston-Salem,NC0340200,13A,B,B,N,M,37,R,N,,Residence/Home,Home,Knife/Cutting Instrument,Severe Laceration,C
230633931,206830884,2025-01-24,Winston-Salem,NC0340200,13A,W,W,N,M,72,R,N,,Residence/Home,Home,Blunt Object,Minor Injury,C
230633936,206830888,2025-01-24,Winston-Salem,NC0340200,13A,B,B,N,F,41,R,Y,SE,Residence/Home,Home,Firearm,,C
230633953,206830903,2025-01-24,Winston-Salem,NC0340200,13A,B,B,N,M,60,R,N,PA,Residence/Home,Home,Blunt Object;Personal Weapons,Possible Internal Injury;Severe Laceration,C
230633957,206830906,2025-01-24,Winston-Salem,NC0340200,13A,W,W,N,M,34,R,N,ST,Highway/Road/Alley/Street/Sidewalk,Street & Sidewalk,Motor Vehicle/Vessel,,C
230633958,206830906,2025-01-24,Winston-Salem,NC0340200,13A,B,B,N,M,31,R,N,ST,Highway/Road/Alley/Street/Sidewalk,Street & Sidewalk,Motor Vehicle/Vessel,,C
230634013,206830955,2025-01-25,Winston-Salem,NC0340200,13A,B,B,N,F,66,R,N,OK,Highway/Road/Alley/Street/Sidewalk,Street & Sidewalk,Firearm,,C
231348235,207462659,2025-01-25,Winston-Salem,NC0340200,13A,B,B,N,F,35,R,Y,BG,Residence/Home,Home,Personal Weapons,Severe Laceration,C
230634026,206830967,2025-01-26,Winston-Salem,NC0340200,13A,B,B,X,M,58,R,N,RU,Highway/Road/Alley/Street/Sidewalk,Street & Sidewalk,Handgun,,C
230634027,206830967,2025-01-26,Winston-Salem,NC0340200,13A,B,B,N,F,33,R,N,AQ,Highway/Road/Alley/Street/Sidewalk,Street & Sidewalk,Handgun,Other Major Injury,C
230634028,206830967,2025-01-26,Winston-Salem,NC0340200,13A,B,B,N,F,58,R,N,RU,Highway/Road/Alley/Street/Sidewalk,Street & Sidewalk,Handgun,,C
230634029,206830967,2025-01-26,Winston-Salem,NC0340200,13A,B,B,N,M,28,R,N,AQ,Highway/Road/Alley/Street/Sidewalk,Street & Sidewalk,Handgun,Other Major Injury,C
230634050,206830985,2025-01-26,Winston-Salem,NC0340200,13A,B,B,N,M,61,R,N,PA,Residence/Home,Home,Firearm,Minor Injury,C
230634058,206830991,2025-01-26,Winston-Salem,NC0340200,13A,B,B,N,F,24,R,Y,XR,Highway/Road/Alley/Street/Sidewalk,Street & Sidewalk,Motor Vehicle/Vessel,Minor Injury,C
230634065,206830997,2025-01-26,Winston-Salem,NC0340200,13A,B,B,N,M,48,R,N,RU,Shelter-Mission/Homeless,Shelter,Other,,C
230634068,206831000,2025-01-26,Winston-Salem,NC0340200,13A,B,B,N,F,24,R,N,,Highway/Road/Alley/Street/Sidewalk,Street & Sidewalk,Knife/Cutting Instrument,Severe Laceration,C
230634070,206831002,2025-01-26,Winston-Salem,NC0340200,13A,H,W,H,M,41,R,N,PA,Residence/Home,Home,Knife/Cutting Instrument;Personal Weapons,,C
230634123,206831051,2025-01-26,Winston-Salem,NC0340200,13A,W,W,N,F,47,R,N,FR,Residence/Home,Home,Shotgun,,C
230634082,206831014,2025-01-27,Winston-Salem,NC0340200,13A,W,W,X,F,31,R,Y,SE,Residence/Home,Home,Handgun,,C
239117607,214239644,2025-01-27,Winston-Salem,NC0340200,13A,W,W,N,F,34,N,Y,BG,Residence/Home,Home,Knife/Cutting Instrument,Minor Injury,C
244091234,218579004,2025-01-27,Winston-Salem,NC0340200,13A,W,W,N,M,35,N,N,ST,Highway/Road/Alley/Street/Sidewalk,Street & Sidewalk,Handgun,,C
239117712,214239717,2025-01-28,Winston-Salem,NC0340200,13A,H,W,H,M,17,R,N,AQ,School-Elementary/Secondary,K-12 School,Blunt Object;Handgun,Minor Injury,C
230634232,206831141,2025-01-29,Winston-Salem,NC0340200,13A,B,B,N,M,27,R,N,OF,Residence/Home,Home,Firearm,,C
253887272,227154409,2025-01-29,Winston-Salem,NC0340200,13A,W,W,N,M,51,R,N,,Highway/Road/Alley/Street/Sidewalk,Street & Sidewalk,Knife/Cutting Instrument,,C
230634287,206831183,2025-01-30,Winston-Salem,NC0340200,13A,B,B,N,F,22,R,Y,XR,Residence/Home,Home,Firearm,,C
230634300,206831194,2025-01-31,Winston-Salem,NC0340200,13A,H,B,H,M,19,R,N,FR,Residence/Home,Home,Handgun,,C
230634321,206831213,2025-01-31,Winston-Salem,NC0340200,13A,B,B,N,F,12,R,N,CH,Residence/Home,Home,,,C
230634327,206831219,2025-01-31,Winston-Salem,NC0340200,13A,B,B,N,F,35,R,N,OK,Residence/Home,Home,Handgun,,C
234065471,209829156,2025-01-31,Winston-Salem,NC0340200,13A,B,B,N,M,19,R,N,RU,Residence/Home,Home,Handgun,Other Major Injury,C
234065472,209829156,2025-01-31,Winston-Salem,NC0340200,13A,B,B,N,M,18,R,N,RU,Residence/Home,Home,Handgun,Other Major Injury,C
234065473,209829156,2025-01-31,Winston-Salem,NC0340200,13A,H,W,H,F,25,R,N,RU,Residence/Home,Home,Handgun,Other Major Injury,C
231348240,207462664,2025-02-01,Winston-Salem,NC0340200,13A,B,B,N,M,38,R,Y,XR,Residence/Home,Home,Knife/Cutting Instrument,Minor Injury,C
231348254,207462678,2025-02-01,Winston-Salem,NC0340200,13A,W,W,N,F,27,R,N,RU,Bar/Nightclub,Bar & Nightclub,Firearm,Minor Injury,C
231348255,207462678,2025-02-01,Winston-Salem,NC0340200,13A,W,W,X,F,19,N,N,RU,Bar/Nightclub,Bar & Nightclub,Firearm,,C
231348256,207462678,2025-02-01,Winston-Salem,NC0340200,13A,B,B,X,M,19,R,N,RU,Bar/Nightclub,Bar & Nightclub,Firearm,Minor Injury,C
231348263,207462684,2025-02-01,Winston-Salem,NC0340200,13A,B,B,N,F,45,N,Y,BG,Parking/Drop Lot/Garage,Parking Lot,Motor Vehicle/Vessel,,C
231348269,207462690,2025-02-01,Winston-Salem,NC0340200,13A,W,W,N,F,39,R,N,,Residence/Home,Home,Firearm,,C
231348270,207462690,2025-02-01,Winston-Salem,NC0340200,13A,W,W,N,F,7,R,N,,Residence/Home,Home,Firearm,,C
231348281,207462700,2025-02-01,Winston-Salem,NC0340200,13A,B,B,X,F,29,R,Y,BG,Residence/Home,Home,Personal Weapons,Possible Internal Injury,C
231348420,207462821,2025-02-01,Winston-Salem,NC0340200,13A,B,B,N,F,35,R,Y,BG,Residence/Home,Home,Handgun,Minor Injury,C
236847551,212261783,2025-02-01,Winston-Salem,NC0340200,13A,B,B,N,M,59,R,N,AQ,Residence/Home,Home,Handgun,,C
236847552,212261783,2025-02-01,Winston-Salem,NC0340200,13A,B,B,N,F,49,N,N,AQ,Residence/Home,Home,Handgun,,C
231348396,207462800,2025-02-02,Winston-Salem,NC0340200,13A,B,B,N,M,18,R,N,RU,Parking/Drop Lot/Garage,Parking Lot,Handgun,Other Major Injury,C
231348447,207462845,2025-02-02,Winston-Salem,NC0340200,13A,B,B,N,M,62,R,N,,Highway/Road/Alley/Street/Sidewalk,Street & Sidewalk,Firearm,Minor Injury,C
231348450,207462848,2025-02-03,Winston-Salem,NC0340200,13A,B,B,X,M,66,R,N,GP,Residence/Home,Home,Firearm,,C
231348472,207462869,2025-02-03,Winston-Salem,NC0340200,13A,B,B,N,F,30,R,Y,VO;XR,Parking/Drop Lot/Garage,Parking Lot,Handgun,,C
231348473,207462869,2025-02-03,Winston-Salem,NC0340200,13A,B,B,X,M,31,R,Y,VO;XR,Parking/Drop Lot/Garage,Parking Lot,Handgun,,C
231348641,207463011,2025-02-03,Winston-Salem,NC0340200,13A,W,W,N,F,42,R,Y,SE,Residence/Home,Home,Knife/Cutting Instrument,Minor Injury,C
234065488,209829167,2025-02-03,Winston-Salem,NC0340200,13A,B,B,N,M,21,R,N,RU,Highway/Road/Alley/Street/Sidewalk,Street & Sidewalk,Firearm,Other Major Injury,C
235553744,211123743,2025-02-03,Winston-Salem,NC0340200,13A,B,B,X,F,7,R,N,CH,Residence/Home,Home,Other,Minor Injury,C
231348529,207462917,2025-02-04,Winston-Salem,NC0340200,13A,B,B,N,F,38,R,Y,BG,Residence/Home,Home,Personal Weapons,Minor Injury,C
231348583,207462962,2025-02-04,Winston-Salem,NC0340200,13A,H,B,H,F,22,R,Y,XR,Residence/Home,Home,Handgun,Minor Injury,C
231348714,207463067,2025-02-06,Winston-Salem,NC0340200,13A,B,B,U,F,45,R,N,ST,Restaurant,Restaurant,Knife/Cutting Instrument,,C
231348716,207463069,2025-02-06,Winston-Salem,NC0340200,13A,B,B,N,M,21,R,N,ST,Specialty Store,Specialty Store,Handgun,,C
231348771,207463118,2025-02-06,Winston-Salem,NC0340200,13A,B,B,N,M,25,R,Y,BG,Residence/Home,Home,Knife/Cutting Instrument,Minor Injury,C
231348799,207463141,2025-02-07,Winston-Salem,NC0340200,13A,W,W,N,M,37,R,N,AQ,Residence/Home,Home,Handgun,,C
231348816,207463158,2025-02-07,Winston-Salem,NC0340200,13A,B,B,N,M,71,R,Y,BG,Residence/Home,Home,Knife/Cutting Instrument,Minor Injury,C
231348827,207463167,2025-02-07,Winston-Salem,NC0340200,13A,B,B,N,F,18,R,N,SB,Residence/Home,Home,Blunt Object,,C
231348839,207463179,2025-02-07,Winston-Salem,NC0340200,13A,W,W,N,F,55,R,N,PA,Residence/Home,Home,Blunt Object,Minor Injury,C
234065510,209829185,2025-02-07,Winston-Salem,NC0340200,13A,H,W,H,M,40,N,N,OK,Commercial/Office Building,Office Building,Knife/Cutting Instrument,Severe Laceration,C
243020630,217648347,2025-02-07,Winston-Salem,NC0340200,13A,B,B,N,F,32,R,Y,XR,Residence/Home,Home,Blunt Object,Minor Injury,C
231349003,207463324,2025-02-09,Winston-Salem,NC0340200,13A,U,U,N,F,30,R,N,,Residence/Home,Home,Handgun,,C
231349004,207463324,2025-02-09,Winston-Salem,NC0340200,13A,B,B,X,M,9,R,N,,Residence/Home,Home,Handgun,,C
231349005,207463324,2025-02-09,Winston-Salem,NC0340200,13A,B,B,X,M,8,R,N,,Residence/Home,Home,Handgun,,C
231349063,207463374,2025-02-10,Winston-Salem,NC0340200,13A,B,B,X,F,26,R,N,,Highway/Road/Alley/Street/Sidewalk,Street & Sidewalk,Motor Vehicle/Vessel,,C
231349222,207463514,2025-02-10,Winston-Salem,NC0340200,13A,B,B,N,F,20,R,N,OK,Service/Gas Station,Gas Station,Personal Weapons,Possible Internal Injury,C
231349195,207463491,2025-02-12,Winston-Salem,NC0340200,13A,B,B,N,F,25,R,N,OF;VO,Residence/Home,Home,Blunt Object,,C
231349196,207463491,2025-02-12,Winston-Salem,NC0340200,13A,B,B,N,M,28,R,N,OF;VO,Residence/Home,Home,Blunt Object,Minor Injury,C
231349211,207463503,2025-02-12,Winston-Salem,NC0340200,13A,W,W,N,F,31,R,N,,Highway/Road/Alley/Street/Sidewalk,Street & Sidewalk,Motor Vehicle/Vessel,,C
231349310,207463595,2025-02-13,Winston-Salem,NC0340200,13A,W,W,X,M,22,R,N,ST,Highway/Road/Alley/Street/Sidewalk,Street & Sidewalk,Handgun,,C
231349342,207463624,2025-02-13,Winston-Salem,NC0340200,13A,H,W,H,M,18,R,N,,Other/Unknown,Other & Unknown,Firearm,Other Major Injury,C
231349364,207463644,2025-02-13,Winston-Salem,NC0340200,13A,W,W,X,F,54,N,Y,XR,Residence/Home,Home,Handgun,,C
231349366,207463646,2025-02-13,Winston-Salem,NC0340200,13A,H,W,H,F,25,R,Y,SE;VO,Residence/Home,Home,Knife/Cutting Instrument,Minor Injury,C
231349367,207463646,2025-02-13,Winston-Salem,NC0340200,13A,H,W,H,M,27,R,Y,SE;VO,Residence/Home,Home,Knife/Cutting Instrument,,C
234065547,209829219,2025-02-13,Winston-Salem,NC0340200,13A,B,B,X,M,8,R,N,SC,Residence/Home,Home,Blunt Object;Personal Weapons,Minor Injury,C
231349405,207463663,2025-02-14,Winston-Salem,NC0340200,13A,B,B,N,F,36,R,N,AQ,Residence/Home,Home,Handgun,,C
231349463,207463716,2025-02-14,Winston-Salem,NC0340200,13A,B,B,N,M,13,R,N,,Residence/Home,Home,Handgun,,C
231349464,207463716,2025-02-14,Winston-Salem,NC0340200,13A,B,B,N,M,13,R,N,,Residence/Home,Home,Handgun,,C
231349465,207463716,2025-02-14,Winston-Salem,NC0340200,13A,H,W,H,F,47,R,N,,Residence/Home,Home,Handgun,,C
231349466,207463716,2025-02-14,Winston-Salem,NC0340200,13A,W,W,N,M,17,R,N,,Residence/Home,Home,Handgun,,C
231349467,207463716,2025-02-14,Winston-Salem,NC0340200,13A,B,B,X,M,6,R,N,,Residence/Home,Home,Handgun,,C
231349468,207463716,2025-02-14,Winston-Salem,NC0340200,13A,H,W,H,M,11,R,N,,Residence/Home,Home,Handgun,,C
234065555,209829227,2025-02-14,Winston-Salem,NC0340200,13A,W,W,X,M,10,R,N,CH,Residence/Home,Home,Personal Weapons,Other Major Injury,C
234068218,209831506,2025-02-14,Winston-Salem,NC0340200,13A,W,W,X,F,18,R,N,FR,School-College/University,College,Personal Weapons,,C
231349548,207463787,2025-02-16,Winston-Salem,NC0340200,13A,B,B,N,M,50,R,N,ST,Highway/Road/Alley/Street/Sidewalk,Street & Sidewalk,Knife/Cutting Instrument,,C
231349553,207463792,2025-02-16,Winston-Salem,NC0340200,13A,B,B,N,M,30,R,N,,Highway/Road/Alley/Street/Sidewalk,Street & Sidewalk,Firearm,,C
231349554,207463792,2025-02-16,Winston-Salem,NC0340200,13A,B,B,N,M,25,R,N,,Highway/Road/Alley/Street/Sidewalk,Street & Sidewalk,Firearm,,C
244091239,218579009,2025-02-16,Winston-Salem,NC0340200,13A,W,W,X,F,22,R,N,RU,Residence/Home,Home,Firearm,Other Major Injury,C
244091240,218579009,2025-02-16,Winston-Salem,NC0340200,13A,B,B,N,F,31,R,N,RU,Residence/Home,Home,Firearm,Other Major Injury,C
244091241,218579009,2025-02-16,Winston-Salem,NC0340200,13A,H,W,H,M,23,R,N,RU,Residence/Home,Home,Firearm,Minor Injury,C
244091245,218579009,2025-02-16,Winston-Salem,NC0340200,13A,H,W,H,F,22,R,N,RU,Residence/Home,Home,Firearm,Other Major Injury,C
231349652,207463873,2025-02-17,Winston-Salem,NC0340200,13A,B,B,N,F,24,R,N,OK,Convenience Store,Convenience Store,Other,Minor Injury,C
231349688,207463906,2025-02-17,Winston-Salem,NC0340200,13A,H,W,H,M,43,R,N,SB,Residence/Home,Home,Blunt Object,,C
231349690,207463908,2025-02-17,Winston-Salem,NC0340200,13A,B,B,X,F,24,R,N,OK,Convenience Store,Convenience Store,Other,Minor Injury,C
231349691,207463909,2025-02-17,Winston-Salem,NC0340200,13A,B,B,N,F,18,R,N,AQ,Residence/Home,Home,Knife/Cutting Instrument,,C
231349692,207463909,2025-02-17,Winston-Salem,NC0340200,13A,B,B,N,M,18,R,N,AQ,Residence/Home,Home,Knife/Cutting Instrument,,C
231349693,207463909,2025-02-17,Winston-Salem,NC0340200,13A,B,B,N,F,18,R,N,AQ,Residence/Home,Home,Knife/Cutting Instrument,,C
231349694,207463909,2025-02-17,Winston-Salem,NC0340200,13A,B,B,X,M,16,R,N,AQ,Residence/Home,Home,Knife/Cutting Instrument,,C
231349731,207463944,2025-02-18,Winston-Salem,NC0340200,13A,B,B,N,M,18,R,N,OF,Residence/Home,Home,Blunt Object,Minor Injury,C
239117617,214239654,2025-02-18,Winston-Salem,NC0340200,13A,B,B,N,M,33,R,Y,BG,Residence/Home,Home,Other,Other Major Injury,C
231349800,207464010,2025-02-19,Winston-Salem,NC0340200,13A,B,B,N,M,47,N,N,,Highway/Road/Alley/Street/Sidewalk,Street & Sidewalk,Handgun,,C
231349810,207464019,2025-02-19,Winston-Salem,NC0340200,13A,B,B,N,M,44,R,N,,Gambling Facility/Casino/Race Track,Casino & Race Track,Knife/Cutting Instrument,Minor Injury,C
231349849,207464058,2025-02-20,Winston-Salem,NC0340200,13A,B,B,N,F,45,R,N,PA,Residence/Home,Home,Knife/Cutting Instrument,,C
231349855,207464063,2025-02-20,Winston-Salem,NC0340200,13A,B,B,N,M,49,R,Y,BG;VO,Residence/Home,Home,Blunt Object;Personal Weapons,,C
231349856,207464063,2025-02-20,Winston-Salem,NC0340200,13A,B,B,N,F,48,R,Y,BG;VO,Residence/Home,Home,Blunt Object;Personal Weapons,Apparent Broken Bones,C
231349886,207464091,2025-02-21,Winston-Salem,NC0340200,13A,W,W,N,M,36,R,N,RU,Highway/Road/Alley/Street/Sidewalk,Street & Sidewalk,Handgun,,C
231349905,207464110,2025-02-21,Winston-Salem,NC0340200,13A,B,B,N,M,48,R,N,AQ,Parking/Drop Lot/Garage,Parking Lot,Firearm,,C
231349908,207464113,2025-02-21,Winston-Salem,NC0340200,13A,B,B,N,F,30,R,N,OK,Highway/Road/Alley/Street/Sidewalk,Street & Sidewalk,Other,Minor Injury,C
231349965,207464164,2025-02-22,Winston-Salem,NC0340200,13A,B,B,N,M,14,R,N,,Highway/Road/Alley/Street/Sidewalk,Street & Sidewalk,Other,Possible Internal Injury,C
234065634,209829301,2025-02-22,Winston-Salem,NC0340200,13A,B,B,X,F,26,R,N,SB,Residence/Home,Home,Personal Weapons,Minor Injury,C
231349991,207464187,2025-02-23,Winston-Salem,NC0340200,13A,B,B,N,F,85,R,N,RU,Parking/Drop Lot/Garage,Parking Lot,Personal Weapons,Apparent Broken Bones,C
239117618,214239655,2025-02-23,Winston-Salem,NC0340200,13A,B,B,N,M,24,R,N,SB,Highway/Road/Alley/Street/Sidewalk,Street & Sidewalk,Knife/Cutting Instrument,,C
243020638,217648352,2025-02-23,Winston-Salem,NC0340200,13A,B,B,N,F,76,R,N,RU,Residence/Home,Home,Handgun,,C
231350126,207464291,2025-02-24,Winston-Salem,NC0340200,13A,W,W,N,M,67,R,N,PA,Residence/Home,Home,Blunt Object,,C
234065659,209829314,2025-02-24,Winston-Salem,NC0340200,13A,H,W,H,M,19,R,N,,Drug Store/Doctor's Office/Hospital,Hospital & Clinic,Firearm,Other Major Injury,C
253882873,227150556,2025-02-24,Winston-Salem,NC0340200,13A,H,W,H,F,38,R,N,,Residence/Home,Home,Handgun;Rifle,,C
253882874,227150556,2025-02-24,Winston-Salem,NC0340200,13A,H,W,H,M,21,R,N,,Residence/Home,Home,Handgun;Rifle,,C
253882877,227150556,2025-02-24,Winston-Salem,NC0340200,13A,H,W,H,M,50,R,N,,Residence/Home,Home,Handgun;Rifle,,C
253882878,227150556,2025-02-24,Winston-Salem,NC0340200,13A,H,W,H,M,18,R,N,,Residence/Home,Home,Handgun;Rifle,,C
253882879,227150556,2025-02-24,Winston-Salem,NC0340200,13A,H,W,H,M,13,R,N,,Residence/Home,Home,Handgun;Rifle,,C
253882880,227150556,2025-02-24,Winston-Salem,NC0340200,13A,H,W,H,F,12,R,N,,Residence/Home,Home,Handgun;Rifle,,C
253882881,227150556,2025-02-24,Winston-Salem,NC0340200,13A,H,W,H,F,8,R,N,,Residence/Home,Home,Handgun;Rifle,,C
253882882,227150556,2025-02-24,Winston-Salem,NC0340200,13A,H,W,H,F,4,R,N,,Residence/Home,Home,Handgun;Rifle,,C
253882883,227150556,2025-02-24,Winston-Salem,NC0340200,13A,H,W,H,F,3,R,N,,Residence/Home,Home,Handgun;Rifle,,C
231350227,207464369,2025-02-25,Winston-Salem,NC0340200,13A,B,B,N,F,50,R,Y,BG,Residence/Home,Home,Personal Weapons,Severe Laceration,C
231350253,207464391,2025-02-26,Winston-Salem,NC0340200,13A,H,W,H,M,21,R,N,CH,Residence/Home,Home,Blunt Object,,C
231350311,207464442,2025-02-26,Winston-Salem,NC0340200,13A,B,B,N,F,37,R,N,RU,Hotel/Motel/Etc.,Hotel & Motel,Blunt Object;Knife/Cutting Instrument,Severe Laceration,C
231350317,207464448,2025-02-26,Winston-Salem,NC0340200,13A,B,B,X,M,16,R,N,RU,Residence/Home,Home,Firearm,,C
231350391,207464512,2025-02-27,Winston-Salem,NC0340200,13A,B,B,N,F,30,R,N,,Field/Woods,Field & Woods,Blunt Object,,C
231350533,207464640,2025-02-28,Winston-Salem,NC0340200,13A,W,W,X,M,28,R,N,,Residence/Home,Home,Other Firearm,,C
234065731,209829379,2025-02-28,Winston-Salem,NC0340200,13A,W,W,N,F,31,N,Y,XR,Highway/Road/Alley/Street/Sidewalk,Street & Sidewalk,Motor Vehicle/Vessel,,C
234065732,209829379,2025-02-28,Winston-Salem,NC0340200,13A,B,B,X,M,4,R,N,RU,Highway/Road/Alley/Street/Sidewalk,Street & Sidewalk,Motor Vehicle/Vessel,,C
234065733,209829379,2025-02-28,Winston-Salem,NC0340200,13A,W,W,X,M,5,,N,RU,Highway/Road/Alley/Street/Sidewalk,Street & Sidewalk,Motor Vehicle/Vessel,,C
234065750,209829395,2025-02-28,Winston-Salem,NC0340200,13A,W,W,X,F,9,R,N,CH,Residence/Home,Home,Other,Minor Injury,C
234065873,209829505,2025-03-01,Winston-Salem,NC0340200,13A,W,W,X,M,20,N,N,,Highway/Road/Alley/Street/Sidewalk,Street & Sidewalk,Handgun,,C
234065903,209829533,2025-03-02,Winston-Salem,NC0340200,13A,B,B,N,M,35,R,N,,Field/Woods,Field & Woods,Knife/Cutting Instrument,Severe Laceration,C
234066100,209829713,2025-03-03,Winston-Salem,NC0340200,13A,B,B,N,F,16,R,N,,Highway/Road/Alley/Street/Sidewalk,Street & Sidewalk,Other,Minor Injury;Possible Internal Injury,C
234066109,209829722,2025-03-03,Winston-Salem,NC0340200,13A,B,B,N,F,74,R,N,,Residence/Home,Home,Firearm,,C
234066110,209829722,2025-03-03,Winston-Salem,NC0340200,13A,B,B,N,M,37,R,N,,Residence/Home,Home,Firearm,,C
234066253,209829853,2025-03-04,Winston-Salem,NC0340200,13A,W,W,X,F,34,N,Y,BG,Residence/Home,Home,,Other Major Injury,C
234066265,209829865,2025-03-04,Winston-Salem,NC0340200,13A,W,W,N,F,26,N,Y,BG,Residence/Home,Home,Knife/Cutting Instrument,Severe Laceration,C
234066346,209829942,2025-03-05,Winston-Salem,NC0340200,13A,B,B,N,F,21,N,N,,Highway/Road/Alley/Street/Sidewalk,Street & Sidewalk,Handgun,,C
234066398,209829989,2025-03-06,Winston-Salem,NC0340200,13A,B,B,X,F,36,R,N,,Residence/Home,Home,Blunt Object,Severe Laceration,C
234066494,209830044,2025-03-06,Winston-Salem,NC0340200,13A,W,W,X,F,52,N,N,AQ,Residence/Home,Home,Handgun,,C
234066507,209830055,2025-03-06,Winston-Salem,NC0340200,13A,B,B,N,F,39,R,N,PA;VO,Residence/Home,Home,Blunt Object,Minor Injury,C
234066508,209830055,2025-03-06,Winston-Salem,NC0340200,13A,B,B,N,M,14,R,N,CH;VO,Residence/Home,Home,Blunt Object,,C
234066556,209830101,2025-03-07,Winston-Salem,NC0340200,13A,W,W,N,M,23,R,N,OK,Service/Gas Station,Gas Station,Knife/Cutting Instrument,,C
234066563,209830108,2025-03-07,Winston-Salem,NC0340200,13A,B,B,N,F,33,R,N,NE,Highway/Road/Alley/Street/Sidewalk,Street & Sidewalk,Handgun,,C
234066564,209830109,2025-03-07,Winston-Salem,NC0340200,13A,W,W,N,M,44,R,N,RU,Parking/Drop Lot/Garage,Parking Lot,Knife/Cutting Instrument,,C
234066567,209830112,2025-03-07,Winston-Salem,NC0340200,13A,H,W,H,M,18,R,Y,XR,Residence/Home,Home,Knife/Cutting Instrument,,C
234066682,209830215,2025-03-08,Winston-Salem,NC0340200,13A,B,B,N,M,35,R,N,AQ,Parking/Drop Lot/Garage,Parking Lot,Knife/Cutting Instrument,,C
234066638,209830176,2025-03-09,Winston-Salem,NC0340200,13A,H,W,H,M,30,R,Y,BG,Residence/Home,Home,Knife/Cutting Instrument,Severe Laceration,C
234066660,209830197,2025-03-09,Winston-Salem,NC0340200,13A,W,W,N,F,26,R,Y,XR,Residence/Home,Home,Motor Vehicle/Vessel,,C
234066674,209830208,2025-03-10,Winston-Salem,NC0340200,13A,H,W,H,F,30,R,Y,XR,Highway/Road/Alley/Street/Sidewalk,Street & Sidewalk,Handgun,,C
234066675,209830208,2025-03-10,Winston-Salem,NC0340200,13A,W,W,X,F,38,R,N,ST,Highway/Road/Alley/Street/Sidewalk,Street & Sidewalk,Handgun,,C
234066714,209830246,2025-03-10,Winston-Salem,NC0340200,13A,H,W,H,M,33,R,N,,Gambling Facility/Casino/Race Track,Casino & Race Track,Knife/Cutting Instrument,Minor Injury,C
234066718,209830250,2025-03-10,Winston-Salem,NC0340200,13A,B,B,N,M,15,R,N,,Highway/Road/Alley/Street/Sidewalk,Street & Sidewalk,Handgun,Minor Injury,C
234066725,209830257,2025-03-11,Winston-Salem,NC0340200,13A,W,W,N,M,38,N,N,ST,Bar/Nightclub,Bar & Nightclub,Knife/Cutting Instrument,,C
234066732,209830262,2025-03-11,Winston-Salem,NC0340200,13A,B,B,N,M,37,R,Y,BG,Residence/Home,Home,Knife/Cutting Instrument,Minor Injury,C
234066869,209830374,2025-03-13,Winston-Salem,NC0340200,13A,B,B,N,M,22,R,N,OK,Residence/Home,Home,Knife/Cutting Instrument,,C
234066916,209830416,2025-03-13,Winston-Salem,NC0340200,13A,B,B,X,M,24,R,N,AQ,Highway/Road/Alley/Street/Sidewalk,Street & Sidewalk,Handgun,,C
234066939,209830437,2025-03-13,Winston-Salem,NC0340200,13A,W,W,X,M,60,R,N,,Highway/Road/Alley/Street/Sidewalk,Street & Sidewalk,Handgun,,C
234067001,209830493,2025-03-13,Winston-Salem,NC0340200,13A,W,W,N,F,23,R,Y,BG,Park/Playground,Park & Playground,Other;Personal Weapons,Minor Injury,C
234067070,209830541,2025-03-14,Winston-Salem,NC0340200,13A,B,B,N,F,48,R,N,,Residence/Home,Home,Firearm,,C
234067071,209830541,2025-03-14,Winston-Salem,NC0340200,13A,B,B,X,F,23,R,N,,Residence/Home,Home,Firearm,,C
234067072,209830541,2025-03-14,Winston-Salem,NC0340200,13A,B,B,N,M,20,R,N,,Residence/Home,Home,Firearm,,C
234067073,209830541,2025-03-14,Winston-Salem,NC0340200,13A,B,B,N,F,28,R,N,,Residence/Home,Home,Firearm,,C
234067074,209830541,2025-03-14,Winston-Salem,NC0340200,13A,B,B,N,M,19,R,N,,Residence/Home,Home,Firearm,,C
234067075,209830541,2025-03-14,Winston-Salem,NC0340200,13A,W,W,N,M,48,R,N,,Residence/Home,Home,Firearm,,C
234067076,209830541,2025-03-14,Winston-Salem,NC0340200,13A,B,B,X,F,5,R,N,,Residence/Home,Home,Firearm,,C
234067077,209830541,2025-03-14,Winston-Salem,NC0340200,13A,B,B,X,F,8,R,N,,Residence/Home,Home,Firearm,,C
234067083,209830547,2025-03-14,Winston-Salem,NC0340200,13A,B,B,N,F,12,R,N,SB,Residence/Home,Home,Blunt Object,,C
234067095,209830558,2025-03-15,Winston-Salem,NC0340200,13A,H,W,H,F,24,R,Y,BG,Residence/Home,Home,Firearm,,C
234067097,209830560,2025-03-15,Winston-Salem,NC0340200,13A,W,W,N,F,27,R,Y,SE,Residence/Home,Home,Knife/Cutting Instrument,Possible Internal Injury,C
234067118,209830579,2025-03-15,Winston-Salem,NC0340200,13A,B,B,N,F,29,R,Y,AQ;XR,Residence/Home,Home,Personal Weapons,Apparent Broken Bones,C
234067127,209830585,2025-03-15,Winston-Salem,NC0340200,13A,B,B,N,M,20,R,N,CH,Residence/Home,Home,Motor Vehicle/Vessel,,C
234067142,209830599,2025-03-15,Winston-Salem,NC0340200,13A,B,B,N,F,33,N,N,AQ,Parking/Drop Lot/Garage,Parking Lot,Other,,C
234067169,209830623,2025-03-16,Winston-Salem,NC0340200,13A,B,B,N,M,54,R,Y,BG,Residence/Home,Home,Knife/Cutting Instrument,,C
234067174,209830628,2025-03-16,Winston-Salem,NC0340200,13A,H,W,H,M,32,R,N,ST,Highway/Road/Alley/Street/Sidewalk,Street & Sidewalk,,Minor Injury,C
234067206,209830654,2025-03-16,Winston-Salem,NC0340200,13A,H,W,H,M,54,R,N,,Residence/Home,Home,Handgun;Rifle,,C
234067207,209830654,2025-03-16,Winston-Salem,NC0340200,13A,H,W,H,M,49,R,N,,Residence/Home,Home,Handgun;Rifle,,C
234067208,209830654,2025-03-16,Winston-Salem,NC0340200,13A,H,W,H,F,22,R,N,,Residence/Home,Home,Handgun;Rifle,,C
234067209,209830654,2025-03-16,Winston-Salem,NC0340200,13A,H,W,H,M,18,R,N,,Residence/Home,Home,Handgun;Rifle,,C
234067210,209830654,2025-03-16,Winston-Salem,NC0340200,13A,H,W,H,F,0,R,N,,Residence/Home,Home,Handgun;Rifle,,C
234067211,209830654,2025-03-16,Winston-Salem,NC0340200,13A,H,W,H,F,10,R,N,,Residence/Home,Home,Handgun;Rifle,,C
234067240,209830682,2025-03-17,Winston-Salem,NC0340200,13A,B,B,X,F,38,N,Y,XR,Residence/Home,Home,Handgun,,C
234067250,209830687,2025-03-17,Winston-Salem,NC0340200,13A,W,W,N,M,53,N,N,AQ,Industrial Site,Industrial Site,Blunt Object;Handgun,Other Major Injury,C
234067251,209830687,2025-03-17,Winston-Salem,NC0340200,13A,W,W,N,F,52,N,N,AQ,Industrial Site,Industrial Site,Blunt Object;Handgun,Other Major Injury,C
234067280,209830715,2025-03-17,Winston-Salem,NC0340200,13A,W,W,N,F,46,R,Y,SE,Residence/Home,Home,Other,,C
234067286,209830721,2025-03-17,Winston-Salem,NC0340200,13A,H,W,H,M,31,R,N,,Highway/Road/Alley/Street/Sidewalk,Street & Sidewalk,Handgun,,C
234067344,209830763,2025-03-18,Winston-Salem,NC0340200,13A,B,B,N,M,33,R,N,OK,Convenience Store,Convenience Store,Blunt Object,Minor Injury,C
234067369,209830786,2025-03-18,Winston-Salem,NC0340200,13A,B,B,N,M,63,R,N,,Highway/Road/Alley/Street/Sidewalk,Street & Sidewalk,Blunt Object,Minor Injury,C
234067404,209830814,2025-03-19,Winston-Salem,NC0340200,13A,W,W,N,F,39,N,Y,BG,Field/Woods,Field & Woods,Knife/Cutting Instrument,Minor Injury,C
234067426,209830835,2025-03-19,Winston-Salem,NC0340200,13A,W,W,X,F,31,R,Y,XR,Residence/Home,Home,Personal Weapons,Minor Injury,C
234067485,209830882,2025-03-20,Winston-Salem,NC0340200,13A,B,B,X,M,32,R,N,NE,Residence/Home,Home,Handgun,,C
239117647,214239676,2025-03-20,Winston-Salem,NC0340200,13A,B,B,N,M,69,R,N,RU,Residence/Home,Home,Handgun,,C
239117648,214239676,2025-03-20,Winston-Salem,NC0340200,13A,B,B,N,F,68,R,N,RU,Residence/Home,Home,Handgun,,C
239117649,214239676,2025-03-20,Winston-Salem,NC0340200,13A,H,W,H,F,19,R,N,RU,Residence/Home,Home,Handgun,,C
239117650,214239676,2025-03-20,Winston-Salem,NC0340200,13A,H,W,H,M,40,R,N,RU,Residence/Home,Home,Handgun,,C
234067509,209830897,2025-03-21,Winston-Salem,NC0340200,13A,B,B,N,F,34,N,N,,Highway/Road/Alley/Street/Sidewalk,Street & Sidewalk,Personal Weapons,Other Major Injury,C
234067536,209830921,2025-03-21,Winston-Salem,NC0340200,13A,H,W,H,M,25,R,N,,Highway/Road/Alley/Street/Sidewalk,Street & Sidewalk,Handgun,,C
234067587,209830963,2025-03-22,Winston-Salem,NC0340200,13A,B,B,N,F,65,R,N,,Residence/Home,Home,Firearm,,C
234067588,209830963,2025-03-22,Winston-Salem,NC0340200,13A,H,W,H,F,37,R,N,,Residence/Home,Home,Firearm,,C
234067589,209830963,2025-03-22,Winston-Salem,NC0340200,13A,H,W,H,M,37,R,N,,Residence/Home,Home,Firearm,,C
234067590,209830963,2025-03-22,Winston-Salem,NC0340200,13A,H,W,H,M,21,R,N,,Residence/Home,Home,Firearm,,C
234067593,209830966,2025-03-22,Winston-Salem,NC0340200,13A,B,B,N,F,42,R,N,FR,Residence/Home,Home,Handgun,,C
234067596,209830969,2025-03-22,Winston-Salem,NC0340200,13A,H,W,H,F,60,R,Y,SE;VO,Residence/Home,Home,Knife/Cutting Instrument,,C
234067597,209830969,2025-03-22,Winston-Salem,NC0340200,13A,H,W,H,M,62,R,Y,SE;VO,Residence/Home,Home,Knife/Cutting Instrument,Minor Injury,C
234067601,209830973,2025-03-22,Winston-Salem,NC0340200,13A,W,W,N,M,49,R,N,,Other/Unknown,Other & Unknown,Motor Vehicle/Vessel,,C
234067602,209830973,2025-03-22,Winston-Salem,NC0340200,13A,W,W,N,M,4,R,N,,Other/Unknown,Other & Unknown,Motor Vehicle/Vessel,,C
234067613,209830984,2025-03-22,Winston-Salem,NC0340200,13A,W,W,N,M,44,N,N,RU,Service/Gas Station,Gas Station,Motor Vehicle/Vessel,Minor Injury,C
234067716,209831076,2025-03-23,Winston-Salem,NC0340200,13A,B,B,N,M,45,R,N,OK;VO,Residence/Home,Home,Blunt Object,Severe Laceration,C
234067717,209831076,2025-03-23,Winston-Salem,NC0340200,13A,B,B,N,F,17,R,N,CF;VO,Residence/Home,Home,Blunt Object,,C
239117652,214239677,2025-03-23,Winston-Salem,NC0340200,13A,B,B,X,M,45,R,N,ST,Convenience Store,Convenience Store,Blunt Object,Minor Injury,C
243020659,217648366,2025-03-23,Winston-Salem,NC0340200,13A,H,W,H,M,18,R,N,RU,Residence/Home,Home,Handgun,,C
234067781,209831133,2025-03-24,Winston-Salem,NC0340200,13A,B,B,N,F,30,R,Y,BG,Residence/Home,Home,Handgun,,C
234067787,209831137,2025-03-25,Winston-Salem,NC0340200,13A,B,B,N,M,56,R,N,,Highway/Road/Alley/Street/Sidewalk,Street & Sidewalk,Handgun,,C
234067812,209831160,2025-03-25,Winston-Salem,NC0340200,13A,H,W,H,M,48,N,N,,Highway/Road/Alley/Street/Sidewalk,Street & Sidewalk,Handgun,,C
234067837,209831180,2025-03-25,Winston-Salem,NC0340200,13A,W,W,X,M,62,R,N,RU,Parking/Drop Lot/Garage,Parking Lot,Handgun,,C
244091253,218579016,2025-03-25,Winston-Salem,NC0340200,13A,B,B,X,M,38,R,N,AQ;VO,Highway/Road/Alley/Street/Sidewalk,Street & Sidewalk,Firearm,Minor Injury,C
234067841,209831184,2025-03-26,Winston-Salem,NC0340200,13A,B,B,N,F,61,R,Y,SE,Residence/Home,Home,Personal Weapons,Other Major Injury,C
234067842,209831184,2025-03-26,Winston-Salem,NC0340200,13A,B,B,N,M,45,R,N,SC,Residence/Home,Home,Personal Weapons,Loss of Teeth;Other Major Injury;Severe Laceration,C
234067844,209831186,2025-03-26,Winston-Salem,NC0340200,13A,H,W,H,F,18,R,N,AQ,Residence/Home,Home,Blunt Object,,C
234067847,209831189,2025-03-26,Winston-Salem,NC0340200,13A,B,B,N,M,27,R,Y,BG,Parking/Drop Lot/Garage,Parking Lot,Motor Vehicle/Vessel,,C
234067886,209831222,2025-03-26,Winston-Salem,NC0340200,13A,B,B,N,M,20,R,N,OK,Restaurant,Restaurant,Handgun,Other Major Injury,C
235553820,211123805,2025-03-26,Winston-Salem,NC0340200,13A,W,W,N,F,39,R,N,ST,Highway/Road/Alley/Street/Sidewalk,Street & Sidewalk,Handgun,,C
235553821,211123805,2025-03-26,Winston-Salem,NC0340200,13A,B,B,X,M,16,R,N,ST,Highway/Road/Alley/Street/Sidewalk,Street & Sidewalk,Handgun,,C
235554019,211123971,2025-03-26,Winston-Salem,NC0340200,13A,U,U,U,M,3,R,N,CH,Residence/Home,Home,Personal Weapons,Other Major Injury;Possible Internal Injury,C
248176447,222156543,2025-03-26,Winston-Salem,NC0340200,13A,H,W,H,F,16,R,N,CH,Residence/Home,Home,,,C
234067913,209831246,2025-03-27,Winston-Salem,NC0340200,13A,H,W,H,F,27,R,N,OF;OK;VO,Residence/Home,Home,Knife/Cutting Instrument;Personal Weapons,Severe Laceration,C
234067914,209831246,2025-03-27,Winston-Salem,NC0340200,13A,H,W,H,F,23,N,N,FR;OF;VO,Residence/Home,Home,Knife/Cutting Instrument;Personal Weapons,Minor Injury,C
234067969,209831295,2025-03-27,Winston-Salem,NC0340200,13A,H,W,H,M,48,R,N,,Residence/Home,Home,Firearm,,C
234067982,209831306,2025-03-28,Winston-Salem,NC0340200,13A,W,W,N,M,38,R,N,ST,Highway/Road/Alley/Street/Sidewalk,Street & Sidewalk,Handgun,,C
234067983,209831306,2025-03-28,Winston-Salem,NC0340200,13A,W,W,X,F,28,R,N,ST,Highway/Road/Alley/Street/Sidewalk,Street & Sidewalk,Handgun,,C
234068005,209831325,2025-03-28,Winston-Salem,NC0340200,13A,B,B,N,M,30,R,N,SB,Residence/Home,Home,Blunt Object,Severe Laceration,C
234068021,209831340,2025-03-28,Winston-Salem,NC0340200,13A,B,B,N,F,45,R,N,,Residence/Home,Home,Firearm,,C
234068024,209831343,2025-03-29,Winston-Salem,NC0340200,13A,B,B,N,F,22,R,N,SB,Highway/Road/Alley/Street/Sidewalk,Street & Sidewalk,Other,,C
234068036,209831355,2025-03-29,Winston-Salem,NC0340200,13A,H,W,H,F,37,R,Y,XR,Residence/Home,Home,Knife/Cutting Instrument,Minor Injury,C
234068037,209831355,2025-03-29,Winston-Salem,NC0340200,13A,H,W,H,F,18,R,N,RU,Residence/Home,Home,Knife/Cutting Instrument,Minor Injury,C
234068055,209831369,2025-03-29,Winston-Salem,NC0340200,13A,B,B,N,F,33,N,Y,SE,Parking/Drop Lot/Garage,Parking Lot,Handgun,,C
234068056,209831369,2025-03-29,Winston-Salem,NC0340200,13A,B,B,N,M,35,N,N,AQ,Parking/Drop Lot/Garage,Parking Lot,Handgun,,C
234068072,209831383,2025-03-29,Winston-Salem,NC0340200,13A,B,B,N,M,29,R,N,,Residence/Home,Home,Firearm,,C
234068073,209831383,2025-03-29,Winston-Salem,NC0340200,13A,H,W,H,F,30,R,N,,Residence/Home,Home,Firearm,,C
234068074,209831383,2025-03-29,Winston-Salem,NC0340200,13A,B,B,X,M,0,R,N,,Residence/Home,Home,Firearm,,C
234068098,209831405,2025-03-30,Winston-Salem,NC0340200,13A,B,B,N,F,26,R,N,SB,Residence/Home,Home,Handgun,Minor Injury,C
234068099,209831406,2025-03-30,Winston-Salem,NC0340200,13A,B,B,N,F,33,R,Y,BG;VO,Residence/Home,Home,Knife/Cutting Instrument,,C
234068100,209831406,2025-03-30,Winston-Salem,NC0340200,13A,B,B,X,F,31,N,Y,BG;VO,Residence/Home,Home,Knife/Cutting Instrument,,C
234068107,209831413,2025-03-30,Winston-Salem,NC0340200,13A,W,W,N,F,24,N,Y,BG,Residence/Home,Home,Handgun,Minor Injury,C
234068109,209831415,2025-03-30,Winston-Salem,NC0340200,13A,B,B,N,F,34,R,N,FR,Parking/Drop Lot/Garage,Parking Lot,Motor Vehicle/Vessel,,C
234068114,209831419,2025-03-30,Winston-Salem,NC0340200,13A,H,W,H,M,34,R,N,AQ,Other/Unknown,Other & Unknown,Handgun;Personal Weapons,Minor Injury,C
234068127,209831430,2025-03-30,Winston-Salem,NC0340200,13A,B,B,N,M,34,R,Y,XR,Residence/Home,Home,Knife/Cutting Instrument,Minor Injury,C
234068130,209831433,2025-03-30,Winston-Salem,NC0340200,13A,B,B,N,F,29,R,Y,BG,Residence/Home,Home,Personal Weapons,Minor Injury,C
234068136,209831437,2025-03-30,Winston-Salem,NC0340200,13A,H,W,H,M,39,R,N,NE,Residence/Home,Home,Handgun,,C
234068144,209831442,2025-03-30,Winston-Salem,NC0340200,13A,B,B,N,M,17,R,N,,Highway/Road/Alley/Street/Sidewalk,Street & Sidewalk,Firearm,Other Major Injury,C
234068139,209831440,2025-03-31,Winston-Salem,NC0340200,13A,H,W,H,M,17,R,N,,Highway/Road/Alley/Street/Sidewalk,Street & Sidewalk,Handgun,Other Major Injury,C
234068187,209831476,2025-03-31,Winston-Salem,NC0340200,13A,H,W,H,F,22,R,Y,BG,Parking/Drop Lot/Garage,Parking Lot,Motor Vehicle/Vessel,Minor Injury,C
235553841,211123820,2025-03-31,Winston-Salem,NC0340200,13A,B,B,N,M,22,R,N,RU,Residence/Home,Home,Personal Weapons;Poison,,C
236847592,212261802,2025-03-31,Winston-Salem,NC0340200,13A,W,W,X,F,32,R,Y,XR,Highway/Road/Alley/Street/Sidewalk,Street & Sidewalk,Handgun,Other Major Injury,C
243020663,217648370,2025-03-31,Winston-Salem,NC0340200,13A,B,B,N,F,37,R,N,,Residence/Home,Home,Handgun,,C
243020664,217648370,2025-03-31,Winston-Salem,NC0340200,13A,B,B,N,M,38,R,N,,Residence/Home,Home,Handgun,,C
243020665,217648370,2025-03-31,Winston-Salem,NC0340200,13A,B,B,X,M,10,R,N,,Residence/Home,Home,Handgun,,C
243020666,217648370,2025-03-31,Winston-Salem,NC0340200,13A,B,B,X,M,0,R,N,,Residence/Home,Home,Handgun,,C
235553842,211123821,2025-04-01,Winston-Salem,NC0340200,13A,B,B,N,M,54,R,Y,BG;VO,Residence/Home,Home,Knife/Cutting Instrument,,C
235553843,211123821,2025-04-01,Winston-Salem,NC0340200,13A,B,B,N,F,47,R,Y,BG;VO,Residence/Home,Home,Knife/Cutting Instrument,,C
235553844,211123822,2025-04-01,Winston-Salem,NC0340200,13A,B,B,N,F,47,R,N,AQ,Residence/Home,Home,Handgun,,C
235553871,211123847,2025-04-01,Winston-Salem,NC0340200,13A,W,W,X,M,20,N,N,,Highway/Road/Alley/Street/Sidewalk,Street & Sidewalk,Handgun,,C
235553890,211123864,2025-04-01,Winston-Salem,NC0340200,13A,B,B,N,M,63,R,N,SB,Residence/Home,Home,Blunt Object,,C
239117657,214239682,2025-04-01,Winston-Salem,NC0340200,13A,B,B,N,M,26,R,N,RU,Parking/Drop Lot/Garage,Parking Lot,Handgun,Other Major Injury,C
239117658,214239682,2025-04-01,Winston-Salem,NC0340200,13A,B,B,N,M,25,R,N,RU,Parking/Drop Lot/Garage,Parking Lot,Handgun,Other Major Injury,C
235553901,211123873,2025-04-02,Winston-Salem,NC0340200,13A,W,W,N,F,62,R,N,AQ,Residence/Home,Home,Blunt Object,Minor Injury,C
235553925,211123892,2025-04-02,Winston-Salem,NC0340200,13A,W,W,X,M,49,R,N,RU,Specialty Store,Specialty Store,Handgun,,C
235553951,211123915,2025-04-02,Winston-Salem,NC0340200,13A,W,W,X,M,23,N,N,,Highway/Road/Alley/Street/Sidewalk,Street & Sidewalk,Handgun,,C
235554044,211123992,2025-04-04,Winston-Salem,NC0340200,13A,W,W,N,M,30,N,N,,Highway/Road/Alley/Street/Sidewalk,Street & Sidewalk,Handgun,,C
235554045,211123993,2025-04-04,Winston-Salem,NC0340200,13A,B,B,N,M,34,R,N,RU,Highway/Road/Alley/Street/Sidewalk,Street & Sidewalk,Knife/Cutting Instrument,Minor Injury,C
235554052,211124000,2025-04-04,Winston-Salem,NC0340200,13A,B,B,X,M,31,R,N,,Convenience Store,Convenience Store,Knife/Cutting Instrument,,C
235554088,211124030,2025-04-04,Winston-Salem,NC0340200,13A,B,B,N,M,25,R,N,,Residence/Home,Home,Knife/Cutting Instrument,Minor Injury,C
235554154,211124081,2025-04-05,Winston-Salem,NC0340200,13A,B,B,N,M,55,R,N,,Highway/Road/Alley/Street/Sidewalk,Street & Sidewalk,Rifle,,C
235554178,211124101,2025-04-05,Winston-Salem,NC0340200,13A,W,W,N,M,24,R,N,,Parking/Drop Lot/Garage,Parking Lot,Firearm,,C
235554179,211124102,2025-04-05,Winston-Salem,NC0340200,13A,B,B,N,F,44,R,N,,Hotel/Motel/Etc.,Hotel & Motel,Personal Weapons,,C
235554205,211124124,2025-04-06,Winston-Salem,NC0340200,13A,B,B,N,M,44,R,N,RU,Bar/Nightclub,Bar & Nightclub,Knife/Cutting Instrument,Other Major Injury,C
235554218,211124131,2025-04-06,Winston-Salem,NC0340200,13A,H,W,H,F,27,R,Y,BG,Residence/Home,Home,Knife/Cutting Instrument,Other Major Injury,C
235554244,211124150,2025-04-06,Winston-Salem,NC0340200,13A,B,B,N,F,20,R,Y,BG,Parking/Drop Lot/Garage,Parking Lot,Handgun,,C
235554264,211124168,2025-04-06,Winston-Salem,NC0340200,13A,B,B,N,F,66,R,N,AQ,Residence/Home,Home,Knife/Cutting Instrument,,C
235554321,211124216,2025-04-07,Winston-Salem,NC0340200,13A,H,W,H,M,29,R,N,,Highway/Road/Alley/Street/Sidewalk,Street & Sidewalk,Handgun,Minor Injury,C
235554347,211124240,2025-04-08,Winston-Salem,NC0340200,13A,B,B,N,M,41,R,N,,Highway/Road/Alley/Street/Sidewalk,Street & Sidewalk,Handgun,,C
235554390,211124278,2025-04-09,Winston-Salem,NC0340200,13A,W,W,X,F,15,R,N,CH,Residence/Home,Home,Personal Weapons,Minor Injury,C
235554406,211124293,2025-04-09,Winston-Salem,NC0340200,13A,B,B,N,M,43,N,N,SP,Residence/Home,Home,Handgun;Knife/Cutting Instrument,,C
235554407,211124294,2025-04-09,Winston-Salem,NC0340200,13A,W,W,N,M,60,R,N,OK,Highway/Road/Alley/Street/Sidewalk,Street & Sidewalk,Motor Vehicle/Vessel,,C
235554409,211124295,2025-04-09,Winston-Salem,NC0340200,13A,H,W,H,F,19,R,N,ST,Highway/Road/Alley/Street/Sidewalk,Street & Sidewalk,Other Firearm,,C
235554464,211124341,2025-04-10,Winston-Salem,NC0340200,13A,H,W,H,M,34,N,N,ST,Parking/Drop Lot/Garage,Parking Lot,Personal Weapons,Apparent Broken Bones,C
235554477,211124352,2025-04-10,Winston-Salem,NC0340200,13A,B,B,N,M,41,R,Y,BG,Residence/Home,Home,Knife/Cutting Instrument,,C
235554522,211124396,2025-04-11,Winston-Salem,NC0340200,13A,W,W,N,M,47,R,N,ST,Highway/Road/Alley/Street/Sidewalk,Street & Sidewalk,Handgun,,C
235554537,211124409,2025-04-11,Winston-Salem,NC0340200,13A,W,W,N,M,47,N,N,ST,Restaurant,Restaurant,Handgun,,C
235554538,211124409,2025-04-11,Winston-Salem,NC0340200,13A,W,W,N,M,23,R,N,ST,Restaurant,Restaurant,Handgun,,C
235554560,211124423,2025-04-11,Winston-Salem,NC0340200,13A,B,B,N,M,22,N,N,RU,School-College/University,College,Firearm,Other Major Injury,C
235554591,211124452,2025-04-12,Winston-Salem,NC0340200,13A,B,B,N,M,27,R,N,OK,Residence/Home,Home,Other,,C
235554619,211124476,2025-04-12,Winston-Salem,NC0340200,13A,H,W,H,M,18,R,N,RU,Parking/Drop Lot/Garage,Parking Lot,Knife/Cutting Instrument;Personal Weapons,Minor Injury,C
235554641,211124493,2025-04-13,Winston-Salem,NC0340200,13A,B,B,X,F,19,R,Y,BG,Residence/Home,Home,Personal Weapons,Minor Injury,C
235554672,211124522,2025-04-13,Winston-Salem,NC0340200,13A,W,W,X,M,22,N,N,ST,Highway/Road/Alley/Street/Sidewalk,Street & Sidewalk,Handgun,Other Major Injury,C
235554713,211124560,2025-04-13,Winston-Salem,NC0340200,13A,B,B,N,F,39,R,Y,XR,Residence/Home,Home,Handgun,,C
235554720,211124567,2025-04-14,Winston-Salem,NC0340200,13A,B,B,N,M,40,R,N,OK,Highway/Road/Alley/Street/Sidewalk,Street & Sidewalk,Knife/Cutting Instrument,,C
235554721,211124567,2025-04-14,Winston-Salem,NC0340200,13A,H,W,H,M,27,R,N,OK,Highway/Road/Alley/Street/Sidewalk,Street & Sidewalk,Knife/Cutting Instrument,Minor Injury,C
235554723,211124569,2025-04-14,Winston-Salem,NC0340200,13A,B,B,N,M,52,R,Y,BG;VO,Residence/Home,Home,Blunt Object;Personal Weapons,,C
235554724,211124569,2025-04-14,Winston-Salem,NC0340200,13A,B,B,N,F,27,R,Y,BG;VO,Residence/Home,Home,Blunt Object;Personal Weapons,,C
235554807,211124639,2025-04-15,Winston-Salem,NC0340200,13A,B,B,N,F,28,R,Y,XS,Highway/Road/Alley/Street/Sidewalk,Street & Sidewalk,Other,,C
235555152,211124924,2025-04-15,Winston-Salem,NC0340200,13A,B,B,N,F,35,R,N,,Residence/Home,Home,Unknown,,C
235555153,211124924,2025-04-15,Winston-Salem,NC0340200,13A,B,B,X,M,12,R,N,,Residence/Home,Home,Unknown,,C
235555154,211124924,2025-04-15,Winston-Salem,NC0340200,13A,B,B,N,M,12,R,N,,Residence/Home,Home,Unknown,,C
235555155,211124924,2025-04-15,Winston-Salem,NC0340200,13A,B,B,N,M,15,R,N,,Residence/Home,Home,Unknown,,C
235555156,211124924,2025-04-15,Winston-Salem,NC0340200,13A,B,B,X,F,5,U,N,,Residence/Home,Home,Unknown,,C
235555157,211124924,2025-04-15,Winston-Salem,NC0340200,13A,B,B,X,M,8,R,N,,Residence/Home,Home,Unknown,,C
235555158,211124924,2025-04-15,Winston-Salem,NC0340200,13A,B,B,N,F,15,R,N,,Residence/Home,Home,Unknown,,C
249361552,223190554,2025-04-15,Winston-Salem,NC0340200,13A,B,B,N,F,44,R,N,RU,Highway/Road/Alley/Street/Sidewalk,Street & Sidewalk,Rifle,Other Major Injury,C
249361553,223190554,2025-04-15,Winston-Salem,NC0340200,13A,W,W,X,F,23,R,N,RU,Highway/Road/Alley/Street/Sidewalk,Street & Sidewalk,Rifle,Other Major Injury,C
249361554,223190554,2025-04-15,Winston-Salem,NC0340200,13A,B,B,N,M,22,N,N,RU,Highway/Road/Alley/Street/Sidewalk,Street & Sidewalk,Rifle,,C
235554863,211124687,2025-04-16,Winston-Salem,NC0340200,13A,B,B,N,F,25,R,Y,BG;VO,Residence/Home,Home,Knife/Cutting Instrument;Personal Weapons,,C
235554864,211124687,2025-04-16,Winston-Salem,NC0340200,13A,B,B,N,M,26,N,Y,BG;VO,Residence/Home,Home,Knife/Cutting Instrument;Personal Weapons,Minor Injury,C
235554868,211124691,2025-04-16,Winston-Salem,NC0340200,13A,H,W,H,F,48,R,Y,BG,Highway/Road/Alley/Street/Sidewalk,Street & Sidewalk,Personal Weapons,Other Major Injury,C
235554869,211124692,2025-04-16,Winston-Salem,NC0340200,13A,B,B,X,M,56,R,N,,Highway/Road/Alley/Street/Sidewalk,Street & Sidewalk,Firearm,,C
235554902,211124719,2025-04-16,Winston-Salem,NC0340200,13A,B,B,N,M,29,R,N,FR;VO,Drug Store/Doctor's Office/Hospital,Hospital & Clinic,Motor Vehicle/Vessel;Personal Weapons,,C
235554903,211124719,2025-04-16,Winston-Salem,NC0340200,13A,B,B,N,F,26,R,N,FR;VO,Drug Store/Doctor's Office/Hospital,Hospital & Clinic,Motor Vehicle/Vessel;Personal Weapons,Minor Injury,C
235554906,211124722,2025-04-16,Winston-Salem,NC0340200,13A,W,W,N,M,58,N,N,,Highway/Road/Alley/Street/Sidewalk,Street & Sidewalk,Firearm,,C
235554957,211124764,2025-04-17,Winston-Salem,NC0340200,13A,B,B,N,F,31,R,Y,BG,Residence/Home,Home,Blunt Object;Handgun;Personal Weapons,Minor Injury,C
235554962,211124769,2025-04-17,Winston-Salem,NC0340200,13A,W,W,X,M,40,R,N,AQ,Camp/Campground,Campground,Blunt Object;Knife/Cutting Instrument,Minor Injury,C
235554963,211124770,2025-04-17,Winston-Salem,NC0340200,13A,W,W,X,M,5,R,N,CH,Residence/Home,Home,Personal Weapons,Minor Injury,C
235554975,211124780,2025-04-17,Winston-Salem,NC0340200,13A,B,B,N,M,9,R,N,RU,Highway/Road/Alley/Street/Sidewalk,Street & Sidewalk,Blunt Object,Minor Injury,C
235554976,211124780,2025-04-17,Winston-Salem,NC0340200,13A,B,B,X,F,14,R,N,RU,Highway/Road/Alley/Street/Sidewalk,Street & Sidewalk,Blunt Object,Minor Injury,C
235555005,211124805,2025-04-18,Winston-Salem,NC0340200,13A,W,W,N,F,31,R,Y,SE,Residence/Home,Home,Handgun,,C
235555035,211124831,2025-04-18,Winston-Salem,NC0340200,13A,W,W,X,M,44,N,N,RU,Other/Unknown,Other & Unknown,Blunt Object,Minor Injury,C
235555049,211124844,2025-04-19,Winston-Salem,NC0340200,13A,B,B,N,M,62,R,N,,Service/Gas Station,Gas Station,Firearm,,C
235555050,211124844,2025-04-19,Winston-Salem,NC0340200,13A,B,B,X,M,67,R,N,,Service/Gas Station,Gas Station,Firearm,,C
235555051,211124844,2025-04-19,Winston-Salem,NC0340200,13A,B,B,N,M,56,R,N,,Service/Gas Station,Gas Station,Firearm,,C
235555052,211124844,2025-04-19,Winston-Salem,NC0340200,13A,B,B,U,M,57,R,N,,Service/Gas Station,Gas Station,Firearm,,C
235555053,211124844,2025-04-19,Winston-Salem,NC0340200,13A,B,B,N,M,23,R,N,,Service/Gas Station,Gas Station,Firearm,,C
235555054,211124844,2025-04-19,Winston-Salem,NC0340200,13A,B,B,X,M,70,R,N,,Service/Gas Station,Gas Station,Firearm,,C
235555067,211124856,2025-04-19,Winston-Salem,NC0340200,13A,B,B,N,M,51,R,N,RU,Residence/Home,Home,Knife/Cutting Instrument,Minor Injury,C
235555126,211124903,2025-04-20,Winston-Salem,NC0340200,13A,B,B,N,F,20,R,N,,Parking/Drop Lot/Garage,Parking Lot,Other,,C
235555207,211124967,2025-04-20,Winston-Salem,NC0340200,13A,B,B,N,F,27,R,Y,XR,Residence/Home,Home,Personal Weapons,,C
243020683,217648385,2025-04-20,Winston-Salem,NC0340200,13A,W,W,N,F,24,N,N,,Hotel/Motel/Etc.,Hotel & Motel,Personal Weapons,Minor Injury,C
248176454,222156548,2025-04-20,Winston-Salem,NC0340200,13A,W,W,X,F,18,R,N,RU,Highway/Road/Alley/Street/Sidewalk,Street & Sidewalk,Handgun,,C
235555223,211124981,2025-04-21,Winston-Salem,NC0340200,13A,W,W,N,M,38,N,N,,Commercial/Office Building,Office Building,Motor Vehicle/Vessel,Minor Injury,C
235555241,211124997,2025-04-21,Winston-Salem,NC0340200,13A,B,B,N,M,31,R,N,,Residence/Home,Home,Firearm,Minor Injury,C
236847625,212261826,2025-04-21,Winston-Salem,NC0340200,13A,B,B,X,M,3,R,N,CH,Residence/Home,Home,Personal Weapons,Minor Injury,C
235555271,211125020,2025-04-22,Winston-Salem,NC0340200,13A,W,W,N,M,36,R,N,AQ;VO,Highway/Road/Alley/Street/Sidewalk,Street & Sidewalk,Knife/Cutting Instrument,,C
235555272,211125020,2025-04-22,Winston-Salem,NC0340200,13A,W,W,N,M,36,R,N,AQ;VO,Highway/Road/Alley/Street/Sidewalk,Street & Sidewalk,Knife/Cutting Instrument,,C
235555325,211125065,2025-04-22,Winston-Salem,NC0340200,13A,B,B,N,F,33,R,N,NE,Residence/Home,Home,Handgun,,C
235555326,211125065,2025-04-22,Winston-Salem,NC0340200,13A,B,B,N,M,37,R,N,NE,Residence/Home,Home,Handgun,,C
235555335,211125072,2025-04-23,Winston-Salem,NC0340200,13A,B,B,N,M,48,N,Y,BG,Residence/Home,Home,Knife/Cutting Instrument,Minor Injury,C
235555373,211125103,2025-04-23,Winston-Salem,NC0340200,13A,B,B,N,M,70,R,N,AQ;VO,Highway/Road/Alley/Street/Sidewalk,Street & Sidewalk,Personal Weapons,Minor Injury,C
235555374,211125103,2025-04-23,Winston-Salem,NC0340200,13A,B,B,N,M,38,R,N,AQ;VO,Highway/Road/Alley/Street/Sidewalk,Street & Sidewalk,Personal Weapons,Minor Injury,C
243020689,217648389,2025-04-23,Winston-Salem,NC0340200,13A,W,W,N,M,36,R,N,RU,Parking/Drop Lot/Garage,Parking Lot,Handgun,,C
235555405,211125130,2025-04-24,Winston-Salem,NC0340200,13A,H,W,H,F,22,R,Y,XR,Highway/Road/Alley/Street/Sidewalk,Street & Sidewalk,Handgun,Minor Injury,C
235555408,211125133,2025-04-24,Winston-Salem,NC0340200,13A,B,B,N,F,47,R,N,AQ;VO,Residence/Home,Home,Knife/Cutting Instrument,,C
235555409,211125133,2025-04-24,Winston-Salem,NC0340200,13A,B,B,N,M,64,R,N,AQ;VO,Residence/Home,Home,Knife/Cutting Instrument,,C
235555443,211125158,2025-04-24,Winston-Salem,NC0340200,13A,B,B,N,F,45,R,N,OF,Residence/Home,Home,Knife/Cutting Instrument,,C
236847636,212261836,2025-04-24,Winston-Salem,NC0340200,13A,W,W,N,M,29,N,N,,Drug Store/Doctor's Office/Hospital,Hospital & Clinic,Unknown,Other Major Injury,C
235555471,211125183,2025-04-25,Winston-Salem,NC0340200,13A,B,B,N,F,25,R,Y,BG,Parking/Drop Lot/Garage,Parking Lot,Firearm,Minor Injury,C
235555523,211125221,2025-04-25,Winston-Salem,NC0340200,13A,H,W,H,F,21,R,N,,Highway/Road/Alley/Street/Sidewalk,Street & Sidewalk,Firearm,,C
235555538,211125236,2025-04-25,Winston-Salem,NC0340200,13A,B,B,X,M,34,R,N,NE,Residence/Home,Home,Firearm,,C
235555576,211125266,2025-04-26,Winston-Salem,NC0340200,13A,B,B,N,M,62,R,N,AQ,Parking/Drop Lot/Garage,Parking Lot,Firearm,,C
235555582,211125272,2025-04-26,Winston-Salem,NC0340200,13A,W,W,N,F,39,R,Y,SE,Residence/Home,Home,Blunt Object,Minor Injury,C
235555608,211125295,2025-04-27,Winston-Salem,NC0340200,13A,H,W,H,M,26,N,N,RU,Community Center,Community Center,Handgun,Minor Injury,C
235555610,211125297,2025-04-27,Winston-Salem,NC0340200,13A,W,W,X,M,28,N,N,,Park/Playground,Park & Playground,Personal Weapons,Minor Injury,C
235555613,211125300,2025-04-27,Winston-Salem,NC0340200,13A,B,B,N,M,50,R,N,,Specialty Store,Specialty Store,Knife/Cutting Instrument,Minor Injury,C
235555624,211125310,2025-04-27,Winston-Salem,NC0340200,13A,W,W,X,M,39,R,N,OK,Residence/Home,Home,Firearm,,C
235555635,211125319,2025-04-27,Winston-Salem,NC0340200,13A,B,B,N,F,38,R,N,OK,Highway/Road/Alley/Street/Sidewalk,Street & Sidewalk,Handgun;Knife/Cutting Instrument,,C
235555641,211125325,2025-04-27,Winston-Salem,NC0340200,13A,H,W,H,M,27,R,N,OK,Highway/Road/Alley/Street/Sidewalk,Street & Sidewalk,Shotgun,,C
236847643,212261842,2025-04-27,Winston-Salem,NC0340200,13A,B,B,N,M,47,R,N,FR,Residence/Home,Home,Blunt Object,Severe Laceration,C
239117711,214239716,2025-04-27,Winston-Salem,NC0340200,13A,H,W,H,F,26,R,N,,Parking/Drop Lot/Garage,Parking Lot,Personal Weapons,Minor Injury,C
253882913,227150582,2025-04-27,Winston-Salem,NC0340200,13A,W,W,N,F,48,R,N,AQ,Residence/Home,Home,Handgun,,C
235555737,211125403,2025-04-28,Winston-Salem,NC0340200,13A,B,B,N,M,15,R,N,,Highway/Road/Alley/Street/Sidewalk,Street & Sidewalk,Firearm,Other Major Injury,C
248176457,222156551,2025-04-28,Winston-Salem,NC0340200,13A,B,B,N,F,29,R,N,OK,Residence/Home,Home,Handgun,,C
253882917,227150585,2025-04-28,Winston-Salem,NC0340200,13A,W,W,X,F,6,R,N,CH,Residence/Home,Home,Unknown,Minor Injury,C
235555807,211125430,2025-04-29,Winston-Salem,NC0340200,13A,H,B,H,M,19,R,Y,BG,Residence/Home,Home,Motor Vehicle/Vessel,Apparent Broken Bones,C
235555832,211125453,2025-04-29,Winston-Salem,NC0340200,13A,B,B,N,F,30,R,Y,BG,Residence/Home,Home,Personal Weapons,,C
243020698,217648396,2025-04-29,Winston-Salem,NC0340200,13A,B,B,N,F,14,R,N,CH,Residence/Home,Home,Personal Weapons,Minor Injury,C
245875328,220147182,2025-04-29,Winston-Salem,NC0340200,13A,W,W,X,F,58,R,N,RU,Residence/Home,Home,Handgun,,C
245875329,220147182,2025-04-29,Winston-Salem,NC0340200,13A,H,W,H,M,22,R,N,RU,Residence/Home,Home,Handgun,,C
245875330,220147182,2025-04-29,Winston-Salem,NC0340200,13A,H,W,H,F,25,R,N,RU,Residence/Home,Home,Handgun,,C
235555841,211125461,2025-04-30,Winston-Salem,NC0340200,13A,B,B,N,F,36,R,N,PA,Residence/Home,Home,Handgun,,C
235555856,211125475,2025-04-30,Winston-Salem,NC0340200,13A,W,W,X,F,71,R,N,ST,Parking/Drop Lot/Garage,Parking Lot,Motor Vehicle/Vessel,,C
235555860,211125479,2025-04-30,Winston-Salem,NC0340200,13A,B,B,N,M,21,R,N,SB,Residence/Home,Home,Knife/Cutting Instrument,Severe Laceration,C
235555874,211125493,2025-04-30,Winston-Salem,NC0340200,13A,B,B,N,M,26,R,Y,BG,Residence/Home,Home,Knife/Cutting Instrument,Severe Laceration,C
236847695,212261886,2025-05-01,Winston-Salem,NC0340200,13A,B,B,N,F,31,R,N,FR,Parking/Drop Lot/Garage,Parking Lot,Motor Vehicle/Vessel,,C
236847704,212261895,2025-05-01,Winston-Salem,NC0340200,13A,W,W,N,M,58,R,Y,BG,Residence/Home,Home,Blunt Object,Minor Injury,C
236847706,212261897,2025-05-01,Winston-Salem,NC0340200,13A,W,W,N,M,45,R,Y,SE,Residence/Home,Home,Other,Minor Injury,C
236847714,212261904,2025-05-02,Winston-Salem,NC0340200,13A,W,W,N,F,49,N,N,AQ;VO,Bar/Nightclub,Bar & Nightclub,Blunt Object,Other Major Injury;Severe Laceration,C
236847715,212261904,2025-05-02,Winston-Salem,NC0340200,13A,W,W,N,F,47,N,N,AQ;VO,Bar/Nightclub,Bar & Nightclub,Blunt Object,Other Major Injury,C
236847736,212261923,2025-05-02,Winston-Salem,NC0340200,13A,B,B,X,F,26,R,Y,SE,Residence/Home,Home,Rifle,,C
236847743,212261930,2025-05-02,Winston-Salem,NC0340200,13A,W,W,X,F,47,R,N,PA,Residence/Home,Home,Knife/Cutting Instrument,,C
236847744,212261930,2025-05-02,Winston-Salem,NC0340200,13A,W,W,X,M,12,R,N,SB,Residence/Home,Home,Knife/Cutting Instrument,,C
236847751,212261936,2025-05-02,Winston-Salem,NC0340200,13A,B,B,N,M,54,R,N,SB;VO,Residence/Home,Home,Knife/Cutting Instrument,,C
236847752,212261936,2025-05-02,Winston-Salem,NC0340200,13A,B,B,N,M,62,R,N,SB;VO,Residence/Home,Home,Knife/Cutting Instrument,,C
236847759,212261943,2025-05-03,Winston-Salem,NC0340200,13A,B,B,N,F,38,R,N,OF;VO,Highway/Road/Alley/Street/Sidewalk,Street & Sidewalk,Motor Vehicle/Vessel,Minor Injury,C
236847760,212261943,2025-05-03,Winston-Salem,NC0340200,13A,B,B,N,M,23,R,N,OF;VO,Highway/Road/Alley/Street/Sidewalk,Street & Sidewalk,Motor Vehicle/Vessel,Minor Injury,C
236847771,212261950,2025-05-03,Winston-Salem,NC0340200,13A,W,W,U,M,21,N,N,,Highway/Road/Alley/Street/Sidewalk,Street & Sidewalk,Handgun,,C
236847801,212261974,2025-05-03,Winston-Salem,NC0340200,13A,B,B,N,M,27,R,N,OK;VO,Highway/Road/Alley/Street/Sidewalk,Street & Sidewalk,Handgun,Other Major Injury,C
236847802,212261974,2025-05-03,Winston-Salem,NC0340200,13A,B,B,N,M,24,N,N,OK;VO,Highway/Road/Alley/Street/Sidewalk,Street & Sidewalk,Handgun,,C
236847827,212261998,2025-05-03,Winston-Salem,NC0340200,13A,H,W,H,M,47,R,N,ST,Residence/Home,Home,Firearm,Other Major Injury,C
236847835,212262006,2025-05-04,Winston-Salem,NC0340200,13A,B,B,X,M,25,N,Y,BG;VO,Residence/Home,Home,Blunt Object,Minor Injury,C
236847836,212262006,2025-05-04,Winston-Salem,NC0340200,13A,B,B,X,F,25,R,Y,BG;VO,Residence/Home,Home,Blunt Object,Minor Injury,C
236847839,212262008,2025-05-04,Winston-Salem,NC0340200,13A,B,B,X,F,47,N,N,,Parking/Drop Lot/Garage,Parking Lot,Handgun,,C
236847841,212262010,2025-05-04,Winston-Salem,NC0340200,13A,H,W,H,M,25,N,Y,BG;VO,Residence/Home,Home,Personal Weapons,,C
236847842,212262010,2025-05-04,Winston-Salem,NC0340200,13A,B,B,N,F,20,N,Y,BG;VO,Residence/Home,Home,Personal Weapons,,C
236847849,212262017,2025-05-04,Winston-Salem,NC0340200,13A,B,B,N,M,33,R,Y,VO;XR,Residence/Home,Home,Knife/Cutting Instrument;Personal Weapons,Minor Injury,C
236847850,212262017,2025-05-04,Winston-Salem,NC0340200,13A,B,B,N,F,34,R,Y,VO;XR,Residence/Home,Home,Knife/Cutting Instrument;Personal Weapons,Minor Injury,C
236847875,212262040,2025-05-04,Winston-Salem,NC0340200,13A,B,B,N,M,45,R,N,AQ,Residence/Home,Home,Knife/Cutting Instrument,Severe Laceration,C
236847876,212262041,2025-05-04,Winston-Salem,NC0340200,13A,B,B,N,F,34,R,N,,Residence/Home,Home,Firearm,,C
236847877,212262041,2025-05-04,Winston-Salem,NC0340200,13A,B,B,N,M,9,R,N,,Residence/Home,Home,Firearm,,C
236847878,212262041,2025-05-04,Winston-Salem,NC0340200,13A,B,B,N,F,10,R,N,,Residence/Home,Home,Firearm,,C
236847879,212262041,2025-05-04,Winston-Salem,NC0340200,13A,B,B,X,F,11,R,N,,Residence/Home,Home,Firearm,,C
236847880,212262041,2025-05-04,Winston-Salem,NC0340200,13A,B,B,X,M,3,R,N,,Residence/Home,Home,Firearm,,C
236847881,212262041,2025-05-04,Winston-Salem,NC0340200,13A,B,B,X,M,1,R,N,,Residence/Home,Home,Firearm,,C
236847920,212262075,2025-05-05,Winston-Salem,NC0340200,13A,B,B,N,M,71,R,N,AQ,Residence/Home,Home,Handgun,,C
236847921,212262075,2025-05-05,Winston-Salem,NC0340200,13A,B,B,N,F,36,R,N,AQ,Residence/Home,Home,Handgun,,C
236847922,212262075,2025-05-05,Winston-Salem,NC0340200,13A,B,B,N,F,36,R,Y,XR,Residence/Home,Home,Handgun,,C
239117732,214239733,2025-05-05,Winston-Salem,NC0340200,13A,B,B,N,M,20,R,N,RU,Parking/Drop Lot/Garage,Parking Lot,Handgun,Other Major Injury,C
239117733,214239733,2025-05-05,Winston-Salem,NC0340200,13A,B,B,N,M,19,R,N,RU,Parking/Drop Lot/Garage,Parking Lot,Handgun,,C
239117734,214239733,2025-05-05,Winston-Salem,NC0340200,13A,B,B,N,F,44,R,N,RU,Parking/Drop Lot/Garage,Parking Lot,Handgun,,C
244091265,218579026,2025-05-06,Winston-Salem,NC0340200,13A,B,B,N,M,57,R,N,FR,Highway/Road/Alley/Street/Sidewalk,Street & Sidewalk,Blunt Object,Minor Injury,C
236848024,212262165,2025-05-07,Winston-Salem,NC0340200,13A,H,W,H,M,32,R,Y,SE,Residence/Home,Home,Knife/Cutting Instrument,Minor Injury,C
236848025,212262166,2025-05-07,Winston-Salem,NC0340200,13A,W,W,N,M,56,R,N,,Drug Store/Doctor's Office/Hospital,Hospital & Clinic,Firearm,,C
239117738,214239737,2025-05-07,Winston-Salem,NC0340200,13A,B,B,N,M,41,R,N,RU,Other/Unknown,Other & Unknown,Knife/Cutting Instrument,Severe Laceration,C
236848052,212262186,2025-05-08,Winston-Salem,NC0340200,13A,W,W,N,F,21,R,Y,SE,Service/Gas Station,Gas Station,Motor Vehicle/Vessel,Minor Injury,C
236848084,212262216,2025-05-08,Winston-Salem,NC0340200,13A,B,B,N,M,56,R,N,,Highway/Road/Alley/Street/Sidewalk,Street & Sidewalk,Personal Weapons,Minor Injury,C
236848087,212262219,2025-05-08,Winston-Salem,NC0340200,13A,H,W,H,M,17,R,N,,Residence/Home,Home,Firearm,,C
236848088,212262219,2025-05-08,Winston-Salem,NC0340200,13A,H,W,H,F,24,R,N,,Residence/Home,Home,Firearm,,C
236848135,212262251,2025-05-09,Winston-Salem,NC0340200,13A,W,W,N,M,52,R,Y,BG,Residence/Home,Home,Personal Weapons,Minor Injury,C
236848141,212262256,2025-05-09,Winston-Salem,NC0340200,13A,B,B,N,M,58,R,Y,BG,Residence/Home,Home,Knife/Cutting Instrument,,C
236848151,212262266,2025-05-09,Winston-Salem,NC0340200,13A,H,W,H,F,26,R,N,OK,Residence/Home,Home,Handgun,,C
236848158,212262269,2025-05-09,Winston-Salem,NC0340200,13A,H,W,H,M,20,R,N,,Residence/Home,Home,Handgun,Other Major Injury,C
236848162,212262269,2025-05-09,Winston-Salem,NC0340200,13A,H,W,H,M,6,R,N,,Residence/Home,Home,Handgun,,C
236848163,212262269,2025-05-09,Winston-Salem,NC0340200,13A,W,W,X,F,37,R,N,,Residence/Home,Home,Handgun,,C
236848165,212262271,2025-05-10,Winston-Salem,NC0340200,13A,B,B,N,M,50,R,Y,SE,Residence/Home,Home,Blunt Object,,C
236848178,212262282,2025-05-10,Winston-Salem,NC0340200,13A,W,W,N,F,51,R,Y,BG;VO,Residence/Home,Home,Blunt Object;Other,,C
236848179,212262282,2025-05-10,Winston-Salem,NC0340200,13A,H,W,H,M,42,R,Y,BG;VO,Residence/Home,Home,Blunt Object;Other,,C
236848235,212262333,2025-05-11,Winston-Salem,NC0340200,13A,W,W,N,F,59,R,Y,SE;VO,Residence/Home,Home,Other,Minor Injury,C
236848236,212262333,2025-05-11,Winston-Salem,NC0340200,13A,W,W,N,M,70,R,Y,SE;VO,Residence/Home,Home,Other,,C
236848252,212262349,2025-05-11,Winston-Salem,NC0340200,13A,B,B,X,M,40,R,N,AQ,Residence/Home,Home,Handgun,,C
236848271,212262368,2025-05-11,Winston-Salem,NC0340200,13A,B,B,N,F,35,R,N,OK,Highway/Road/Alley/Street/Sidewalk,Street & Sidewalk,Handgun,,C
236848319,212262402,2025-05-12,Winston-Salem,NC0340200,13A,B,B,N,M,59,R,N,OK,Residence/Home,Home,Handgun,,C
236848339,212262421,2025-05-12,Winston-Salem,NC0340200,13A,W,W,N,M,33,N,N,FR,Residence/Home,Home,Handgun,,C
236848381,212262456,2025-05-12,Winston-Salem,NC0340200,13A,B,B,N,F,14,R,N,ST,Highway/Road/Alley/Street/Sidewalk,Street & Sidewalk,Handgun,,C
239117748,214239745,2025-05-12,Winston-Salem,NC0340200,13A,B,B,N,F,26,R,Y,ST;XR,Residence/Home,Home,Firearm,,C
236848425,212262493,2025-05-14,Winston-Salem,NC0340200,13A,B,B,N,M,4,R,N,CH,Residence/Home,Home,Drugs/Narcotics/Sleeping Pills;Other,Minor Injury,C
236848443,212262510,2025-05-14,Winston-Salem,NC0340200,13A,H,W,H,M,35,R,N,,Residence/Home,Home,Blunt Object,Minor Injury,C
236848459,212262521,2025-05-15,Winston-Salem,NC0340200,13A,W,W,N,M,54,R,N,,Highway/Road/Alley/Street/Sidewalk,Street & Sidewalk,Handgun,,C
243020723,217648417,2025-05-15,Winston-Salem,NC0340200,13A,B,B,X,M,28,N,N,,Highway/Road/Alley/Street/Sidewalk,Street & Sidewalk,Handgun,,C
236848539,212262584,2025-05-16,Winston-Salem,NC0340200,13A,W,W,N,F,38,R,N,RU,Hotel/Motel/Etc.,Hotel & Motel,Motor Vehicle/Vessel,,C
236848552,212262597,2025-05-16,Winston-Salem,NC0340200,13A,B,B,N,F,40,R,N,PA,Residence/Home,Home,Knife/Cutting Instrument,Minor Injury,C
236848557,212262601,2025-05-16,Winston-Salem,NC0340200,13A,B,B,N,M,62,R,N,,Residence/Home,Home,Handgun,,C
236848561,212262605,2025-05-16,Winston-Salem,NC0340200,13A,W,W,N,M,59,R,N,OK,Residence/Home,Home,Blunt Object,Minor Injury,C
236848586,212262627,2025-05-16,Winston-Salem,NC0340200,13A,B,B,X,M,26,R,N,,Highway/Road/Alley/Street/Sidewalk,Street & Sidewalk,Knife/Cutting Instrument,,C
239117757,214239753,2025-05-16,Winston-Salem,NC0340200,13A,H,W,H,M,4,R,N,,School-Elementary/Secondary,K-12 School,,Minor Injury,C
236848592,212262633,2025-05-17,Winston-Salem,NC0340200,13A,B,B,N,M,46,R,N,PA;VO,Residence/Home,Home,Personal Weapons,Severe Laceration,C
236848593,212262633,2025-05-17,Winston-Salem,NC0340200,13A,B,B,N,M,25,R,N,CH;VO,Residence/Home,Home,Personal Weapons,Minor Injury,C
236848629,212262666,2025-05-17,Winston-Salem,NC0340200,13A,B,B,X,F,7,R,N,CH,Residence/Home,Home,Blunt Object,Minor Injury,C
236848663,212262694,2025-05-17,Winston-Salem,NC0340200,13A,B,B,N,M,29,R,N,RU,Residence/Home,Home,Handgun,,C
236848664,212262694,2025-05-17,Winston-Salem,NC0340200,13A,B,B,N,F,29,R,N,SB,Residence/Home,Home,Handgun,Minor Injury,C
236848669,212262698,2025-05-18,Winston-Salem,NC0340200,13A,W,W,X,M,46,R,N,RU,Service/Gas Station,Gas Station,Handgun,,C
236848682,212262708,2025-05-18,Winston-Salem,NC0340200,13A,B,B,N,M,30,R,N,,Highway/Road/Alley/Street/Sidewalk,Street & Sidewalk,Knife/Cutting Instrument,Severe Laceration,C
236848705,212262728,2025-05-18,Winston-Salem,NC0340200,13A,B,B,N,F,47,R,N,PA;VO,Residence/Home,Home,Handgun,,C
236848706,212262728,2025-05-18,Winston-Salem,NC0340200,13A,B,B,N,M,18,R,N,CH;SB;VO,Residence/Home,Home,Handgun,,C
236848707,212262728,2025-05-18,Winston-Salem,NC0340200,13A,B,B,N,F,18,R,N,CH;SB;VO,Residence/Home,Home,Handgun,,C
236848719,212262740,2025-05-18,Winston-Salem,NC0340200,13A,W,W,N,M,30,N,N,,Highway/Road/Alley/Street/Sidewalk,Street & Sidewalk,Motor Vehicle/Vessel,Minor Injury,C
236848737,212262755,2025-05-18,Winston-Salem,NC0340200,13A,H,W,H,F,55,R,N,,Residence/Home,Home,Firearm,,C
236848738,212262755,2025-05-18,Winston-Salem,NC0340200,13A,W,W,X,M,38,R,N,,Residence/Home,Home,Firearm,,C
236848739,212262755,2025-05-18,Winston-Salem,NC0340200,13A,W,W,X,F,35,R,N,,Residence/Home,Home,Firearm,,C
236848835,212262837,2025-05-20,Winston-Salem,NC0340200,13A,B,B,N,M,32,R,N,FR,Other/Unknown,Other & Unknown,Blunt Object,Minor Injury,C
236848874,212262868,2025-05-21,Winston-Salem,NC0340200,13A,W,W,N,M,42,R,N,,Highway/Road/Alley/Street/Sidewalk,Street & Sidewalk,Blunt Object;Knife/Cutting Instrument,Apparent Broken Bones;Severe Laceration,C
236848904,212262892,2025-05-21,Winston-Salem,NC0340200,13A,B,B,N,M,27,R,N,,Field/Woods,Field & Woods,Other Firearm,Other Major Injury,C
236848914,212262901,2025-05-22,Winston-Salem,NC0340200,13A,B,B,N,F,20,R,N,RU,Residence/Home,Home,Handgun,,C
236848915,212262901,2025-05-22,Winston-Salem,NC0340200,13A,W,W,N,F,18,N,N,RU,Residence/Home,Home,Handgun,,C
236848916,212262901,2025-05-22,Winston-Salem,NC0340200,13A,B,B,N,M,17,R,N,RU,Residence/Home,Home,Handgun,,C
236848931,212262915,2025-05-22,Winston-Salem,NC0340200,13A,W,W,N,M,38,R,Y,VO;XR,Residence/Home,Home,Knife/Cutting Instrument;Personal Weapons,Minor Injury,C
236848932,212262915,2025-05-22,Winston-Salem,NC0340200,13A,W,W,X,F,26,R,Y,VO;XR,Residence/Home,Home,Knife/Cutting Instrument;Personal Weapons,,C
236848942,212262923,2025-05-22,Winston-Salem,NC0340200,13A,B,B,N,F,61,R,N,,Residence/Home,Home,Firearm,,C
236848980,212262957,2025-05-22,Winston-Salem,NC0340200,13A,W,W,X,F,13,R,N,,Highway/Road/Alley/Street/Sidewalk,Street & Sidewalk,Other,,C
236848981,212262957,2025-05-22,Winston-Salem,NC0340200,13A,W,W,X,F,11,R,N,,Highway/Road/Alley/Street/Sidewalk,Street & Sidewalk,Other,Minor Injury,C
236848982,212262957,2025-05-22,Winston-Salem,NC0340200,13A,W,W,X,F,14,R,N,,Highway/Road/Alley/Street/Sidewalk,Street & Sidewalk,Other,Minor Injury,C
236848983,212262957,2025-05-22,Winston-Salem,NC0340200,13A,W,W,X,F,14,R,N,,Highway/Road/Alley/Street/Sidewalk,Street & Sidewalk,Other,,C
253882941,227150604,2025-05-22,Winston-Salem,NC0340200,13A,H,W,H,F,34,R,N,OF,Highway/Road/Alley/Street/Sidewalk,Street & Sidewalk,Motor Vehicle/Vessel,,C
253882942,227150604,2025-05-22,Winston-Salem,NC0340200,13A,W,W,N,F,34,R,Y,XR,Highway/Road/Alley/Street/Sidewalk,Street & Sidewalk,Motor Vehicle/Vessel,,C
236848998,212262967,2025-05-23,Winston-Salem,NC0340200,13A,B,B,N,F,68,R,N,,Residence/Home,Home,Rifle,,C
236849054,212263016,2025-05-23,Winston-Salem,NC0340200,13A,B,B,N,M,25,R,N,RU,Residence/Home,Home,Handgun,,C
236849052,212263014,2025-05-24,Winston-Salem,NC0340200,13A,W,W,X,M,65,N,N,RU,Hotel/Motel/Etc.,Hotel & Motel,Knife/Cutting Instrument,Severe Laceration,C
236849059,212263021,2025-05-24,Winston-Salem,NC0340200,13A,B,B,N,F,21,R,N,,Highway/Road/Alley/Street/Sidewalk,Street & Sidewalk,Motor Vehicle/Vessel,,C
236849096,212263052,2025-05-24,Winston-Salem,NC0340200,13A,B,B,N,M,35,R,Y,XR,Highway/Road/Alley/Street/Sidewalk,Street & Sidewalk,Motor Vehicle/Vessel,Minor Injury,C
236849103,212263057,2025-05-24,Winston-Salem,NC0340200,13A,B,B,X,M,39,N,N,ST,Highway/Road/Alley/Street/Sidewalk,Street & Sidewalk,Handgun,,C
236849106,212263059,2025-05-24,Winston-Salem,NC0340200,13A,W,W,N,F,40,R,Y,XR,Highway/Road/Alley/Street/Sidewalk,Street & Sidewalk,Motor Vehicle/Vessel,Minor Injury,C
243020746,217648436,2025-05-24,Winston-Salem,NC0340200,13A,B,B,N,M,18,R,N,RU,Highway/Road/Alley/Street/Sidewalk,Street & Sidewalk,Firearm,Other Major Injury,C
236849140,212263084,2025-05-25,Winston-Salem,NC0340200,13A,B,B,N,M,46,N,N,OK,Highway/Road/Alley/Street/Sidewalk,Street & Sidewalk,Handgun,,C
236849144,212263087,2025-05-25,Winston-Salem,NC0340200,13A,B,B,N,M,66,R,N,OK,Residence/Home,Home,Knife/Cutting Instrument,Minor Injury,C
236849152,212263095,2025-05-25,Winston-Salem,NC0340200,13A,W,W,X,F,15,R,N,,Highway/Road/Alley/Street/Sidewalk,Street & Sidewalk,Rifle,,C
236849153,212263095,2025-05-25,Winston-Salem,NC0340200,13A,W,W,X,M,10,R,N,,Highway/Road/Alley/Street/Sidewalk,Street & Sidewalk,Rifle,,C
239117787,214239776,2025-05-25,Winston-Salem,NC0340200,13A,B,B,N,M,29,R,N,OK,Residence/Home,Home,Handgun,,C
239117788,214239776,2025-05-25,Winston-Salem,NC0340200,13A,B,B,N,F,33,R,Y,XR,Residence/Home,Home,Handgun,,C
236849208,212263142,2025-05-26,Winston-Salem,NC0340200,13A,H,W,H,M,24,R,N,RU,Residence/Home,Home,Handgun,Minor Injury,C
236849234,212263165,2025-05-27,Winston-Salem,NC0340200,13A,B,B,N,M,45,R,N,NE,Residence/Home,Home,Handgun,,C
236849252,212263181,2025-05-27,Winston-Salem,NC0340200,13A,B,B,N,F,42,R,Y,BG,Highway/Road/Alley/Street/Sidewalk,Street & Sidewalk,Handgun,,C
236849257,212263186,2025-05-27,Winston-Salem,NC0340200,13A,W,W,N,F,52,R,N,AQ,Highway/Road/Alley/Street/Sidewalk,Street & Sidewalk,Blunt Object,,C
236849258,212263186,2025-05-27,Winston-Salem,NC0340200,13A,W,W,N,M,11,R,N,OK,Highway/Road/Alley/Street/Sidewalk,Street & Sidewalk,Blunt Object,,C
236849309,212263232,2025-05-28,Winston-Salem,NC0340200,13A,B,B,X,M,31,R,N,RU,Parking/Drop Lot/Garage,Parking Lot,Handgun,,C
239117798,214239785,2025-05-28,Winston-Salem,NC0340200,13A,B,B,N,F,26,R,Y,BG,Residence/Home,Home,Personal Weapons,Minor Injury,C
239117801,214239788,2025-05-28,Winston-Salem,NC0340200,13A,W,W,X,M,34,R,N,ST,Highway/Road/Alley/Street/Sidewalk,Street & Sidewalk,Blunt Object,Minor Injury,C
236849350,212263269,2025-05-29,Winston-Salem,NC0340200,13A,B,B,N,F,52,R,N,PA,Residence/Home,Home,Blunt Object,Minor Injury,C
236849353,212263272,2025-05-29,Winston-Salem,NC0340200,13A,B,B,N,F,31,R,N,OK,Residence/Home,Home,Handgun,,C
236849355,212263274,2025-05-29,Winston-Salem,NC0340200,13A,W,W,X,F,29,N,Y,SE,Highway/Road/Alley/Street/Sidewalk,Street & Sidewalk,Motor Vehicle/Vessel,,C
236849356,212263275,2025-05-29,Winston-Salem,NC0340200,13A,B,B,N,F,17,R,N,SC,Residence/Home,Home,Handgun,,C
236849357,212263275,2025-05-29,Winston-Salem,NC0340200,13A,B,B,N,F,35,R,Y,XR,Residence/Home,Home,Handgun,,C
236849380,212263295,2025-05-30,Winston-Salem,NC0340200,13A,B,B,N,M,34,R,N,OF,Highway/Road/Alley/Street/Sidewalk,Street & Sidewalk,Motor Vehicle/Vessel,Minor Injury,C
236849381,212263295,2025-05-30,Winston-Salem,NC0340200,13A,B,B,N,F,31,R,N,AQ,Highway/Road/Alley/Street/Sidewalk,Street & Sidewalk,Motor Vehicle/Vessel,,C
236849382,212263295,2025-05-30,Winston-Salem,NC0340200,13A,B,B,X,M,7,R,N,AQ,Highway/Road/Alley/Street/Sidewalk,Street & Sidewalk,Motor Vehicle/Vessel,,C
236849383,212263295,2025-05-30,Winston-Salem,NC0340200,13A,B,B,X,M,9,R,N,AQ,Highway/Road/Alley/Street/Sidewalk,Street & Sidewalk,Motor Vehicle/Vessel,,C
236849404,212263314,2025-05-30,Winston-Salem,NC0340200,13A,W,W,N,F,31,R,Y,SE,Residence/Home,Home,Knife/Cutting Instrument,Minor Injury,C
236849405,212263314,2025-05-30,Winston-Salem,NC0340200,13A,W,W,N,F,32,R,N,AQ,Residence/Home,Home,Knife/Cutting Instrument,Minor Injury,C
236849407,212263316,2025-05-30,Winston-Salem,NC0340200,13A,B,B,N,M,31,R,N,AQ,Parking/Drop Lot/Garage,Parking Lot,Handgun,,C
239117803,214239790,2025-05-30,Winston-Salem,NC0340200,13A,B,B,N,F,40,R,N,RU,Residence/Home,Home,Rifle,Other Major Injury,C
236849417,212263326,2025-05-31,Winston-Salem,NC0340200,13A,B,B,N,M,22,R,Y,BG,Residence/Home,Home,Handgun,,C
236849418,212263327,2025-05-31,Winston-Salem,NC0340200,13A,B,B,N,M,32,R,N,,Field/Woods,Field & Woods,Firearm,Other Major Injury,C
236849449,212263357,2025-05-31,Winston-Salem,NC0340200,13A,B,B,X,F,30,R,N,FR,Residence/Home,Home,Blunt Object,,C
239117837,214239820,2025-06-01,Winston-Salem,NC0340200,13A,H,W,H,F,30,R,Y,BG,Highway/Road/Alley/Street/Sidewalk,Street & Sidewalk,Motor Vehicle/Vessel,,C
239117838,214239820,2025-06-01,Winston-Salem,NC0340200,13A,W,W,X,F,11,R,N,SC,Highway/Road/Alley/Street/Sidewalk,Street & Sidewalk,Motor Vehicle/Vessel,,C
239117839,214239820,2025-06-01,Winston-Salem,NC0340200,13A,W,W,X,F,8,R,N,SC,Highway/Road/Alley/Street/Sidewalk,Street & Sidewalk,Motor Vehicle/Vessel,,C
239117840,214239820,2025-06-01,Winston-Salem,NC0340200,13A,W,W,X,M,12,R,N,SC,Highway/Road/Alley/Street/Sidewalk,Street & Sidewalk,Motor Vehicle/Vessel,,C
239117841,214239820,2025-06-01,Winston-Salem,NC0340200,13A,W,W,X,F,0,R,N,CF,Highway/Road/Alley/Street/Sidewalk,Street & Sidewalk,Motor Vehicle/Vessel,,C
239117855,214239833,2025-06-01,Winston-Salem,NC0340200,13A,B,B,N,F,63,R,N,,Residence/Home,Home,Firearm,,C
239117883,214239851,2025-06-02,Winston-Salem,NC0340200,13A,H,W,H,F,42,R,N,,Residence/Home,Home,Handgun,,C
239117884,214239851,2025-06-02,Winston-Salem,NC0340200,13A,B,B,N,M,15,R,N,,Residence/Home,Home,Handgun,,C
239117885,214239851,2025-06-02,Winston-Salem,NC0340200,13A,H,B,H,F,20,R,N,,Residence/Home,Home,Handgun,,C
239117886,214239851,2025-06-02,Winston-Salem,NC0340200,13A,W,W,X,M,63,R,N,,Residence/Home,Home,Handgun,,C
239117887,214239851,2025-06-02,Winston-Salem,NC0340200,13A,U,U,X,F,10,R,N,,Residence/Home,Home,Handgun,,C
239117888,214239851,2025-06-02,Winston-Salem,NC0340200,13A,B,B,X,F,24,R,N,,Residence/Home,Home,Handgun,,C
239117889,214239851,2025-06-02,Winston-Salem,NC0340200,13A,B,B,X,M,43,R,N,,Residence/Home,Home,Handgun,,C
239117934,214239884,2025-06-02,Winston-Salem,NC0340200,13A,B,B,N,M,33,R,N,,Highway/Road/Alley/Street/Sidewalk,Street & Sidewalk,Knife/Cutting Instrument,Minor Injury,C
249361564,223190562,2025-06-02,Winston-Salem,NC0340200,13A,W,W,X,F,54,R,Y,SE,Residence/Home,Home,Firearm;Personal Weapons,Minor Injury,C
239117969,214239915,2025-06-03,Winston-Salem,NC0340200,13A,B,B,N,F,17,R,N,SB,Residence/Home,Home,Other,,C
239118026,214239963,2025-06-04,Winston-Salem,NC0340200,13A,B,B,N,F,25,R,Y,BG,Residence/Home,Home,Handgun,,C
239118062,214239995,2025-06-04,Winston-Salem,NC0340200,13A,B,B,N,F,26,R,Y,BG,Residence/Home,Home,Other,Minor Injury,C
239118099,214240030,2025-06-05,Winston-Salem,NC0340200,13A,W,W,X,M,47,N,N,OK,Highway/Road/Alley/Street/Sidewalk,Street & Sidewalk,Knife/Cutting Instrument,Severe Laceration,C
239118104,214240035,2025-06-05,Winston-Salem,NC0340200,13A,B,B,N,F,66,R,N,ST,Parking/Drop Lot/Garage,Parking Lot,Handgun,,C
239118105,214240035,2025-06-05,Winston-Salem,NC0340200,13A,W,W,N,M,33,R,N,ST,Parking/Drop Lot/Garage,Parking Lot,Handgun,,C
239118133,214240060,2025-06-05,Winston-Salem,NC0340200,13A,B,B,N,F,25,R,N,,Park/Playground,Park & Playground,Firearm,,C
239118160,214240085,2025-06-06,Winston-Salem,NC0340200,13A,W,W,X,M,55,N,N,,Specialty Store,Specialty Store,Firearm,,C
239118161,214240085,2025-06-06,Winston-Salem,NC0340200,13A,W,W,X,M,58,N,N,,Specialty Store,Specialty Store,Firearm,,C
239118170,214240094,2025-06-06,Winston-Salem,NC0340200,13A,B,B,N,M,41,R,N,,Highway/Road/Alley/Street/Sidewalk,Street & Sidewalk,Other,,C
239118195,214240117,2025-06-07,Winston-Salem,NC0340200,13A,B,B,N,M,30,R,Y,BG,Residence/Home,Home,Blunt Object;Knife/Cutting Instrument,,C
239118233,214240144,2025-06-07,Winston-Salem,NC0340200,13A,B,B,N,F,16,R,N,,Residence/Home,Home,Blunt Object,,C
239118241,214240152,2025-06-07,Winston-Salem,NC0340200,13A,B,B,N,M,32,R,Y,BG,Residence/Home,Home,Knife/Cutting Instrument,Severe Laceration,C
239118690,214240518,2025-06-07,Winston-Salem,NC0340200,13A,W,W,X,F,29,R,N,,Residence/Home,Home,Unknown,,C
243020767,217648453,2025-06-07,Winston-Salem,NC0340200,13A,B,B,N,M,14,R,N,RU;VO,Highway/Road/Alley/Street/Sidewalk,Street & Sidewalk,Firearm,Other Major Injury,C
243020768,217648453,2025-06-07,Winston-Salem,NC0340200,13A,B,B,N,M,17,R,N,RU;VO,Highway/Road/Alley/Street/Sidewalk,Street & Sidewalk,Firearm,Other Major Injury,C
239118249,214240160,2025-06-08,Winston-Salem,NC0340200,13A,B,B,N,F,35,R,Y,BG,Residence/Home,Home,Handgun,,C
239118269,214240176,2025-06-08,Winston-Salem,NC0340200,13A,B,B,X,M,0,R,N,OF,Residence/Home,Home,Other,Unconscious,C
239118285,214240191,2025-06-08,Winston-Salem,NC0340200,13A,W,W,N,M,16,R,N,,Highway/Road/Alley/Street/Sidewalk,Street & Sidewalk,Handgun,,C
239118286,214240191,2025-06-08,Winston-Salem,NC0340200,13A,W,W,X,M,16,R,N,,Highway/Road/Alley/Street/Sidewalk,Street & Sidewalk,Handgun,,C
239118311,214240212,2025-06-09,Winston-Salem,NC0340200,13A,B,B,N,F,20,R,N,AQ;VO,Parking/Drop Lot/Garage,Parking Lot,Handgun,,C
239118351,214240248,2025-06-09,Winston-Salem,NC0340200,13A,W,W,N,M,57,R,N,,Highway/Road/Alley/Street/Sidewalk,Street & Sidewalk,Firearm,,C
239118357,214240254,2025-06-09,Winston-Salem,NC0340200,13A,B,B,N,F,37,R,N,CH,Residence/Home,Home,Knife/Cutting Instrument,,C
239118358,214240254,2025-06-09,Winston-Salem,NC0340200,13A,B,B,X,M,11,R,N,GC,Residence/Home,Home,Knife/Cutting Instrument,,C
243020773,217648457,2025-06-09,Winston-Salem,NC0340200,13A,B,B,N,F,67,R,N,RU,Residence/Home,Home,Handgun,,C
243020774,217648457,2025-06-09,Winston-Salem,NC0340200,13A,H,B,H,F,37,R,N,RU,Residence/Home,Home,Handgun,,C
239118374,214240268,2025-06-10,Winston-Salem,NC0340200,13A,B,B,X,F,28,R,N,OK,Parking/Drop Lot/Garage,Parking Lot,Firearm,,C
239118432,214240312,2025-06-11,Winston-Salem,NC0340200,13A,B,B,N,M,35,R,N,RU,Residence/Home,Home,Handgun,Other Major Injury,C
239118449,214240326,2025-06-11,Winston-Salem,NC0340200,13A,W,W,N,M,46,N,N,ST,Highway/Road/Alley/Street/Sidewalk,Street & Sidewalk,Handgun,,C
239118450,214240326,2025-06-11,Winston-Salem,NC0340200,13A,B,B,X,M,29,N,N,ST,Highway/Road/Alley/Street/Sidewalk,Street & Sidewalk,Handgun,,C
239118471,214240344,2025-06-11,Winston-Salem,NC0340200,13A,B,B,N,F,38,R,N,PA,Highway/Road/Alley/Street/Sidewalk,Street & Sidewalk,Knife/Cutting Instrument,,C
239118472,214240344,2025-06-11,Winston-Salem,NC0340200,13A,B,B,X,M,5,R,N,SB,Highway/Road/Alley/Street/Sidewalk,Street & Sidewalk,Knife/Cutting Instrument,,C
239118473,214240344,2025-06-11,Winston-Salem,NC0340200,13A,B,B,X,F,1,R,N,SB,Highway/Road/Alley/Street/Sidewalk,Street & Sidewalk,Knife/Cutting Instrument,,C
239118474,214240344,2025-06-11,Winston-Salem,NC0340200,13A,B,B,X,M,12,R,N,SB,Highway/Road/Alley/Street/Sidewalk,Street & Sidewalk,Knife/Cutting Instrument,,C
239118484,214240353,2025-06-11,Winston-Salem,NC0340200,13A,B,B,N,M,58,R,Y,SE,Residence/Home,Home,Knife/Cutting Instrument,,C
239118512,214240376,2025-06-12,Winston-Salem,NC0340200,13A,W,W,N,M,48,N,N,FR,Highway/Road/Alley/Street/Sidewalk,Street & Sidewalk,Blunt Object,Minor Injury,C
239118534,214240395,2025-06-12,Winston-Salem,NC0340200,13A,W,W,X,M,34,R,N,PA,Residence/Home,Home,Knife/Cutting Instrument,,C
243022698,217650097,2025-06-12,Winston-Salem,NC0340200,13A,W,W,N,F,39,R,Y,BG,Residence/Home,Home,Personal Weapons,Unconscious,C
239118540,214240401,2025-06-13,Winston-Salem,NC0340200,13A,B,B,N,M,45,R,N,,Residence/Home,Home,Blunt Object,Minor Injury,C
239118545,214240405,2025-06-13,Winston-Salem,NC0340200,13A,B,B,N,M,20,R,N,,Highway/Road/Alley/Street/Sidewalk,Street & Sidewalk,Handgun,Apparent Broken Bones,C
239118576,214240431,2025-06-13,Winston-Salem,NC0340200,13A,B,B,X,M,38,R,N,RU,Residence/Home,Home,Other Firearm,,C
239118577,214240431,2025-06-13,Winston-Salem,NC0340200,13A,B,B,N,F,24,R,N,RU,Residence/Home,Home,Other Firearm,,C
239118578,214240431,2025-06-13,Winston-Salem,NC0340200,13A,B,B,N,F,59,R,N,RU,Residence/Home,Home,Other Firearm,Other Major Injury,C
239118580,214240431,2025-06-13,Winston-Salem,NC0340200,13A,B,B,X,F,8,R,N,RU,Residence/Home,Home,Other Firearm,,C
239118581,214240431,2025-06-13,Winston-Salem,NC0340200,13A,B,B,N,M,7,R,N,RU,Residence/Home,Home,Other Firearm,,C
239118582,214240431,2025-06-13,Winston-Salem,NC0340200,13A,B,B,X,M,3,R,N,RU,Residence/Home,Home,Other Firearm,,C
239118583,214240431,2025-06-13,Winston-Salem,NC0340200,13A,B,B,X,M,1,R,N,RU,Residence/Home,Home,Other Firearm,,C
239118584,214240431,2025-06-13,Winston-Salem,NC0340200,13A,B,B,X,F,1,R,N,RU,Residence/Home,Home,Other Firearm,,C
239118600,214240445,2025-06-14,Winston-Salem,NC0340200,13A,B,B,N,F,59,R,N,,Residence/Home,Home,Handgun,,C
239118601,214240445,2025-06-14,Winston-Salem,NC0340200,13A,B,B,N,M,33,R,N,,Residence/Home,Home,Handgun,,C
239118602,214240445,2025-06-14,Winston-Salem,NC0340200,13A,B,B,X,F,7,N,N,,Residence/Home,Home,Handgun,,C
239118603,214240445,2025-06-14,Winston-Salem,NC0340200,13A,B,B,X,F,12,R,N,,Residence/Home,Home,Handgun,,C
239118604,214240445,2025-06-14,Winston-Salem,NC0340200,13A,B,B,N,M,8,R,N,,Residence/Home,Home,Handgun,,C
239118633,214240471,2025-06-14,Winston-Salem,NC0340200,13A,B,B,N,M,30,R,N,ST,Restaurant,Restaurant,Knife/Cutting Instrument,Severe Laceration,C
239118648,214240485,2025-06-14,Winston-Salem,NC0340200,13A,B,B,N,F,32,R,Y,BG,Highway/Road/Alley/Street/Sidewalk,Street & Sidewalk,Personal Weapons,Minor Injury;Unconscious,C
239118655,214240492,2025-06-14,Winston-Salem,NC0340200,13A,B,B,N,F,17,R,Y,BG;VO,Residence/Home,Home,Knife/Cutting Instrument,Minor Injury,C
239118656,214240492,2025-06-14,Winston-Salem,NC0340200,13A,B,B,N,M,16,R,Y,BG;VO,Residence/Home,Home,Knife/Cutting Instrument,,C
239118672,214240507,2025-06-15,Winston-Salem,NC0340200,13A,H,W,H,M,20,N,N,,Residence/Home,Home,Handgun,Minor Injury,C
239118679,214240513,2025-06-15,Winston-Salem,NC0340200,13A,W,W,N,M,63,R,N,,Highway/Road/Alley/Street/Sidewalk,Street & Sidewalk,Firearm,,C
239118680,214240513,2025-06-15,Winston-Salem,NC0340200,13A,W,W,N,M,41,R,N,,Highway/Road/Alley/Street/Sidewalk,Street & Sidewalk,Firearm,,C
239118681,214240513,2025-06-15,Winston-Salem,NC0340200,13A,W,W,U,F,63,N,N,,Highway/Road/Alley/Street/Sidewalk,Street & Sidewalk,Firearm,,C
239118682,214240513,2025-06-15,Winston-Salem,NC0340200,13A,W,W,X,M,16,N,N,,Highway/Road/Alley/Street/Sidewalk,Street & Sidewalk,Firearm,,C
239118683,214240513,2025-06-15,Winston-Salem,NC0340200,13A,W,W,X,F,15,R,N,,Highway/Road/Alley/Street/Sidewalk,Street & Sidewalk,Firearm,,C
239118684,214240513,2025-06-15,Winston-Salem,NC0340200,13A,H,W,H,M,36,R,N,,Highway/Road/Alley/Street/Sidewalk,Street & Sidewalk,Firearm,,C
239118696,214240523,2025-06-15,Winston-Salem,NC0340200,13A,W,W,X,M,67,N,N,,Highway/Road/Alley/Street/Sidewalk,Street & Sidewalk,Handgun,,C
239118697,214240523,2025-06-15,Winston-Salem,NC0340200,13A,W,W,X,F,52,N,N,,Highway/Road/Alley/Street/Sidewalk,Street & Sidewalk,Handgun,,C
239118700,214240526,2025-06-15,Winston-Salem,NC0340200,13A,B,B,N,M,20,R,N,CH,Residence/Home,Home,Other,Minor Injury,C
239118732,214240554,2025-06-16,Winston-Salem,NC0340200,13A,B,B,N,M,25,R,N,,Highway/Road/Alley/Street/Sidewalk,Street & Sidewalk,Handgun,,C
239118748,214240569,2025-06-16,Winston-Salem,NC0340200,13A,B,B,X,F,32,R,N,ST,Highway/Road/Alley/Street/Sidewalk,Street & Sidewalk,Motor Vehicle/Vessel,Other Major Injury,C
239118758,214240579,2025-06-16,Winston-Salem,NC0340200,13A,W,W,X,M,16,R,N,SB,Residence/Home,Home,Knife/Cutting Instrument,,C
239118807,214240621,2025-06-17,Winston-Salem,NC0340200,13A,H,W,H,F,29,R,Y,BG,Residence/Home,Home,Knife/Cutting Instrument,,C
239118843,214240651,2025-06-17,Winston-Salem,NC0340200,13A,W,W,N,F,45,R,N,,Highway/Road/Alley/Street/Sidewalk,Street & Sidewalk,Firearm,,C
239119748,214241412,2025-06-17,Winston-Salem,NC0340200,13A,W,W,X,F,41,N,Y,BG,Residence/Home,Home,Handgun,,C
244091284,218579043,2025-06-17,Winston-Salem,NC0340200,13A,W,W,N,F,47,R,N,,Residence/Home,Home,Handgun,,C
244091285,218579043,2025-06-17,Winston-Salem,NC0340200,13A,W,W,N,M,44,R,N,,Residence/Home,Home,Handgun,,C
244091286,218579043,2025-06-17,Winston-Salem,NC0340200,13A,W,W,N,F,40,R,N,,Residence/Home,Home,Handgun,,C
248176468,222156561,2025-06-17,Winston-Salem,NC0340200,13A,W,W,N,F,23,R,Y,BG,Residence/Home,Home,Knife/Cutting Instrument,Minor Injury;Possible Internal Injury,C
239118891,214240672,2025-06-18,Winston-Salem,NC0340200,13A,B,B,N,M,25,R,N,OK,Residence/Home,Home,Blunt Object,Minor Injury,C
239118904,214240684,2025-06-18,Winston-Salem,NC0340200,13A,B,B,N,F,32,R,N,,Highway/Road/Alley/Street/Sidewalk,Street & Sidewalk,,,C
239118916,214240695,2025-06-18,Winston-Salem,NC0340200,13A,B,B,X,M,66,R,N,,Other/Unknown,Other & Unknown,Handgun,,C
239118917,214240695,2025-06-18,Winston-Salem,NC0340200,13A,B,B,N,F,69,R,N,,Other/Unknown,Other & Unknown,Handgun,,C
239118936,214240713,2025-06-18,Winston-Salem,NC0340200,13A,B,B,N,M,31,R,N,OK,Convenience Store,Convenience Store,Handgun,,C
239118949,214240725,2025-06-18,Winston-Salem,NC0340200,13A,B,B,N,F,20,R,N,CH,Residence/Home,Home,Other,Minor Injury,C
239118952,214240728,2025-06-18,Winston-Salem,NC0340200,13A,B,B,N,M,18,R,N,,Residence/Home,Home,Other Firearm,,C
239118954,214240730,2025-06-19,Winston-Salem,NC0340200,13A,B,B,N,F,22,R,Y,BG,Residence/Home,Home,Handgun;Personal Weapons,Minor Injury,C
239118966,214240742,2025-06-19,Winston-Salem,NC0340200,13A,B,B,N,F,58,R,N,RU,Community Center,Community Center,Knife/Cutting Instrument,,C
239118967,214240742,2025-06-19,Winston-Salem,NC0340200,13A,W,W,N,M,35,R,N,RU,Community Center,Community Center,Knife/Cutting Instrument,,C
239118968,214240742,2025-06-19,Winston-Salem,NC0340200,13A,H,W,H,M,30,R,N,OK,Community Center,Community Center,Knife/Cutting Instrument,,C
239118984,214240757,2025-06-19,Winston-Salem,NC0340200,13A,W,W,N,F,46,R,Y,BG,Highway/Road/Alley/Street/Sidewalk,Street & Sidewalk,Motor Vehicle/Vessel;Other,,C
239118985,214240758,2025-06-19,Winston-Salem,NC0340200,13A,B,B,N,F,50,R,N,OK;VO,Service/Gas Station,Gas Station,Handgun,Minor Injury,C
239118986,214240758,2025-06-19,Winston-Salem,NC0340200,13A,B,B,N,F,40,R,N,OK;VO,Service/Gas Station,Gas Station,Handgun,Minor Injury,C
239119001,214240772,2025-06-20,Winston-Salem,NC0340200,13A,B,B,X,F,20,R,N,SB,Residence/Home,Home,Knife/Cutting Instrument,,C
239119007,214240778,2025-06-20,Winston-Salem,NC0340200,13A,W,W,X,M,33,R,N,OK,Residence/Home,Home,Personal Weapons,Possible Internal Injury,C
239119013,214240784,2025-06-20,Winston-Salem,NC0340200,13A,W,W,N,M,23,R,N,OK,Parking/Drop Lot/Garage,Parking Lot,Knife/Cutting Instrument,Severe Laceration,C
239119023,214240792,2025-06-20,Winston-Salem,NC0340200,13A,W,W,N,M,63,N,N,AQ;VO,Parking/Drop Lot/Garage,Parking Lot,Blunt Object;Knife/Cutting Instrument,Minor Injury,C
239119024,214240792,2025-06-20,Winston-Salem,NC0340200,13A,B,B,N,M,33,R,N,AQ;VO,Parking/Drop Lot/Garage,Parking Lot,Blunt Object;Knife/Cutting Instrument,,C
239119047,214240813,2025-06-20,Winston-Salem,NC0340200,13A,W,W,N,F,27,R,Y,SE,Field/Woods,Field & Woods,Personal Weapons,Minor Injury,C
239119048,214240814,2025-06-20,Winston-Salem,NC0340200,13A,B,B,N,M,49,R,N,RU,Parking/Drop Lot/Garage,Parking Lot,Knife/Cutting Instrument,Minor Injury,C
239119071,214240835,2025-06-20,Winston-Salem,NC0340200,13A,H,W,H,M,28,R,N,NE,Residence/Home,Home,Blunt Object,Minor Injury,C
243020804,217648477,2025-06-20,Winston-Salem,NC0340200,13A,H,W,H,M,35,R,N,,Highway/Road/Alley/Street/Sidewalk,Street & Sidewalk,Firearm,,C
245875350,220147200,2025-06-20,Winston-Salem,NC0340200,13A,W,W,N,M,32,R,N,RU,Highway/Road/Alley/Street/Sidewalk,Street & Sidewalk,Firearm,Other Major Injury,C
239119075,214240839,2025-06-21,Winston-Salem,NC0340200,13A,W,W,N,F,46,R,N,,Residence/Home,Home,Personal Weapons,Minor Injury,C
239119076,214240840,2025-06-21,Winston-Salem,NC0340200,13A,B,B,X,M,22,R,N,NE;VO,Parking/Drop Lot/Garage,Parking Lot,Handgun,Minor Injury,C
239119077,214240840,2025-06-21,Winston-Salem,NC0340200,13A,W,W,X,M,33,R,N,NE;VO,Parking/Drop Lot/Garage,Parking Lot,Handgun,Severe Laceration,C
239119096,214240856,2025-06-21,Winston-Salem,NC0340200,13A,B,B,N,F,20,R,Y,BG,Parking/Drop Lot/Garage,Parking Lot,Personal Weapons,Minor Injury,C
239119171,214240925,2025-06-21,Winston-Salem,NC0340200,13A,B,B,N,F,33,R,N,AQ;FR,Hotel/Motel/Etc.,Hotel & Motel,Personal Weapons,Apparent Broken Bones;Other Major Injury;Possible Internal Injury,C
239119279,214241022,2025-06-21,Winston-Salem,NC0340200,13A,W,W,X,F,41,R,Y,XR,Residence/Home,Home,Personal Weapons,Minor Injury,C
245875351,220147201,2025-06-21,Winston-Salem,NC0340200,13A,W,W,X,F,24,R,Y,XS,Parking/Drop Lot/Garage,Parking Lot,Motor Vehicle/Vessel,,C
245875352,220147201,2025-06-21,Winston-Salem,NC0340200,13A,W,W,X,F,21,R,N,AQ,Parking/Drop Lot/Garage,Parking Lot,Motor Vehicle/Vessel,,C
245875353,220147201,2025-06-21,Winston-Salem,NC0340200,13A,B,B,X,M,0,R,N,CH,Parking/Drop Lot/Garage,Parking Lot,Motor Vehicle/Vessel,,C
239119162,214240917,2025-06-22,Winston-Salem,NC0340200,13A,B,B,N,F,15,R,N,CH;OF,Residence/Home,Home,Personal Weapons,Minor Injury,C
239119166,214240921,2025-06-22,Winston-Salem,NC0340200,13A,B,B,N,M,62,R,N,NE,Parking/Drop Lot/Garage,Parking Lot,Handgun,,C
239119168,214240923,2025-06-22,Winston-Salem,NC0340200,13A,B,B,N,M,15,R,N,OF,Residence/Home,Home,Knife/Cutting Instrument,,C
248176469,222156562,2025-06-22,Winston-Salem,NC0340200,13A,W,W,X,F,41,R,Y,BG,Residence/Home,Home,Blunt Object,Minor Injury,C
239119244,214240989,2025-06-23,Winston-Salem,NC0340200,13A,W,W,X,F,49,N,N,AQ,Residence/Home,Home,Knife/Cutting Instrument,Other Major Injury;Severe Laceration,C
239119260,214241005,2025-06-24,Winston-Salem,NC0340200,13A,B,B,N,F,26,R,Y,BG,Highway/Road/Alley/Street/Sidewalk,Street & Sidewalk,Motor Vehicle/Vessel,,C
239119266,214241010,2025-06-24,Winston-Salem,NC0340200,13A,B,B,N,M,25,R,Y,BG;VO,Residence/Home,Home,Blunt Object,,C
239119267,214241010,2025-06-24,Winston-Salem,NC0340200,13A,B,B,N,F,24,R,Y,BG;VO,Residence/Home,Home,Blunt Object,Minor Injury,C
239119304,214241045,2025-06-24,Winston-Salem,NC0340200,13A,W,W,N,M,17,N,N,ST,Highway/Road/Alley/Street/Sidewalk,Street & Sidewalk,Motor Vehicle/Vessel,,C
239119305,214241045,2025-06-24,Winston-Salem,NC0340200,13A,W,W,N,F,61,N,N,ST,Highway/Road/Alley/Street/Sidewalk,Street & Sidewalk,Motor Vehicle/Vessel,,C
239119306,214241045,2025-06-24,Winston-Salem,NC0340200,13A,W,W,N,F,38,N,N,ST,Highway/Road/Alley/Street/Sidewalk,Street & Sidewalk,Motor Vehicle/Vessel,,C
239119307,214241045,2025-06-24,Winston-Salem,NC0340200,13A,W,W,N,F,34,N,N,ST,Highway/Road/Alley/Street/Sidewalk,Street & Sidewalk,Motor Vehicle/Vessel,,C
243020811,217648484,2025-06-24,Winston-Salem,NC0340200,13A,B,B,N,F,37,R,Y,BG,Residence/Home,Home,Personal Weapons,Minor Injury,C
239119348,214241079,2025-06-25,Winston-Salem,NC0340200,13A,B,B,X,F,27,R,N,,Highway/Road/Alley/Street/Sidewalk,Street & Sidewalk,Firearm,,C
239119386,214241110,2025-06-26,Winston-Salem,NC0340200,13A,B,B,N,F,38,R,N,AQ,Residence/Home,Home,Handgun,,C
239119387,214241110,2025-06-26,Winston-Salem,NC0340200,13A,B,B,N,F,13,R,N,OK,Residence/Home,Home,Handgun,,C
239119434,214241152,2025-06-26,Winston-Salem,NC0340200,13A,B,B,N,M,44,N,Y,BG,Residence/Home,Home,Blunt Object,Apparent Broken Bones;Minor Injury,C
239119439,214241157,2025-06-26,Winston-Salem,NC0340200,13A,B,B,N,M,48,R,N,NE,Residence/Home,Home,Firearm,,C
239119440,214241157,2025-06-26,Winston-Salem,NC0340200,13A,B,B,N,M,25,R,N,ST,Residence/Home,Home,Firearm,Other Major Injury,C
239119441,214241157,2025-06-26,Winston-Salem,NC0340200,13A,B,B,N,F,3,R,N,ST,Residence/Home,Home,Firearm,,C
239119442,214241157,2025-06-26,Winston-Salem,NC0340200,13A,B,B,N,F,1,R,N,ST,Residence/Home,Home,Firearm,,C
239119443,214241157,2025-06-26,Winston-Salem,NC0340200,13A,B,B,N,F,0,R,N,ST,Residence/Home,Home,Firearm,,C
239119444,214241157,2025-06-26,Winston-Salem,NC0340200,13A,B,B,N,F,13,R,N,ST,Residence/Home,Home,Firearm,,C
239119445,214241157,2025-06-26,Winston-Salem,NC0340200,13A,B,B,N,F,15,R,N,ST,Residence/Home,Home,Firearm,,C
239119459,214241169,2025-06-26,Winston-Salem,NC0340200,13A,B,B,N,M,35,R,N,SB;VO,Residence/Home,Home,Firearm,Minor Injury,C
239119460,214241169,2025-06-26,Winston-Salem,NC0340200,13A,B,B,N,M,34,R,N,SB;VO,Residence/Home,Home,Firearm,,C
239119721,214241387,2025-06-26,Winston-Salem,NC0340200,13A,W,W,N,F,13,R,N,CH,Residence/Home,Home,Blunt Object,,C
239119480,214241189,2025-06-27,Winston-Salem,NC0340200,13A,B,B,N,M,60,R,N,ST,Specialty Store,Specialty Store,Knife/Cutting Instrument,,C
243022606,217650014,2025-06-27,Winston-Salem,NC0340200,13A,B,B,N,M,16,R,N,,Field/Woods,Field & Woods,Handgun;Personal Weapons,Minor Injury,C
244091296,218579051,2025-06-27,Winston-Salem,NC0340200,13A,B,B,X,M,21,R,Y,BG,Parking/Drop Lot/Garage,Parking Lot,Knife/Cutting Instrument;Personal Weapons,Severe Laceration,C
239119529,214241229,2025-06-28,Winston-Salem,NC0340200,13A,B,B,N,F,44,R,N,,Residence/Home,Home,Firearm,Other Major Injury,C
239119530,214241229,2025-06-28,Winston-Salem,NC0340200,13A,B,B,X,F,4,R,N,,Residence/Home,Home,Firearm,Other Major Injury,C
239119531,214241230,2025-06-28,Winston-Salem,NC0340200,13A,B,B,N,F,26,R,N,OK,Highway/Road/Alley/Street/Sidewalk,Street & Sidewalk,Knife/Cutting Instrument,Severe Laceration,C
239119551,214241247,2025-06-28,Winston-Salem,NC0340200,13A,B,B,N,F,48,R,Y,XR,Highway/Road/Alley/Street/Sidewalk,Street & Sidewalk,Knife/Cutting Instrument,,C
239119558,214241254,2025-06-28,Winston-Salem,NC0340200,13A,W,W,X,M,40,U,N,,Highway/Road/Alley/Street/Sidewalk,Street & Sidewalk,Handgun,,C
239119567,214241261,2025-06-28,Winston-Salem,NC0340200,13A,B,B,N,F,33,R,N,,Highway/Road/Alley/Street/Sidewalk,Street & Sidewalk,Handgun,,C
239119572,214241266,2025-06-28,Winston-Salem,NC0340200,13A,B,B,N,M,36,R,N,,Park/Playground,Park & Playground,Handgun,,C
248176473,222156566,2025-06-28,Winston-Salem,NC0340200,13A,B,B,N,M,46,R,N,AQ,Residence/Home,Home,Blunt Object,Minor Injury;Possible Internal Injury,C
248176475,222156568,2025-06-28,Winston-Salem,NC0340200,13A,B,B,N,M,41,R,Y,XR,Highway/Road/Alley/Street/Sidewalk,Street & Sidewalk,Handgun,,C
239119594,214241282,2025-06-29,Winston-Salem,NC0340200,13A,W,W,N,F,41,R,N,,Highway/Road/Alley/Street/Sidewalk,Street & Sidewalk,Other,,C
239119595,214241282,2025-06-29,Winston-Salem,NC0340200,13A,W,W,N,M,34,R,N,,Highway/Road/Alley/Street/Sidewalk,Street & Sidewalk,Other,,C
239119599,214241285,2025-06-29,Winston-Salem,NC0340200,13A,H,W,H,M,23,R,Y,XR,Residence/Home,Home,Knife/Cutting Instrument,Severe Laceration,C
239119606,214241291,2025-06-29,Winston-Salem,NC0340200,13A,B,B,N,M,30,R,Y,BG;VO,Residence/Home,Home,Blunt Object,,C
239119607,214241291,2025-06-29,Winston-Salem,NC0340200,13A,B,B,N,F,28,R,Y,BG;VO,Residence/Home,Home,Blunt Object,,C
239119625,214241307,2025-06-29,Winston-Salem,NC0340200,13A,B,B,N,F,53,R,N,AQ;VO,Residence/Home,Home,Blunt Object,Minor Injury,C
239119627,214241307,2025-06-29,Winston-Salem,NC0340200,13A,B,B,N,M,23,R,N,AQ;VO,Residence/Home,Home,Blunt Object,Minor Injury,C
239119643,214241317,2025-06-29,Winston-Salem,NC0340200,13A,B,B,N,F,18,R,N,RU,Highway/Road/Alley/Street/Sidewalk,Street & Sidewalk,Motor Vehicle/Vessel,,C
239119644,214241317,2025-06-29,Winston-Salem,NC0340200,13A,B,B,N,M,19,R,N,RU,Highway/Road/Alley/Street/Sidewalk,Street & Sidewalk,Motor Vehicle/Vessel,,C
253882979,227150635,2025-06-29,Winston-Salem,NC0340200,13A,B,B,N,F,26,R,N,RU,Highway/Road/Alley/Street/Sidewalk,Street & Sidewalk,Handgun,Severe Laceration,C
253882980,227150635,2025-06-29,Winston-Salem,NC0340200,13A,B,B,N,F,24,R,N,RU,Highway/Road/Alley/Street/Sidewalk,Street & Sidewalk,Handgun,,C
253882981,227150635,2025-06-29,Winston-Salem,NC0340200,13A,B,B,N,F,25,R,N,RU,Highway/Road/Alley/Street/Sidewalk,Street & Sidewalk,Handgun,,C
253882982,227150635,2025-06-29,Winston-Salem,NC0340200,13A,B,B,X,M,0,R,N,RU,Highway/Road/Alley/Street/Sidewalk,Street & Sidewalk,Handgun,,C
239119669,214241340,2025-06-30,Winston-Salem,NC0340200,13A,B,B,N,F,16,R,N,AQ,Residence/Home,Home,Handgun,,C
239119670,214241340,2025-06-30,Winston-Salem,NC0340200,13A,H,W,H,M,23,R,N,AQ,Residence/Home,Home,Handgun,,C
239119703,214241369,2025-06-30,Winston-Salem,NC0340200,13A,B,B,N,F,24,R,N,OF,Highway/Road/Alley/Street/Sidewalk,Street & Sidewalk,Knife/Cutting Instrument,Minor Injury,C
239119710,214241376,2025-06-30,Winston-Salem,NC0340200,13A,H,W,H,M,42,R,N,ST,Residence/Home,Home,Handgun,,C
243020852,217648515,2025-07-01,Winston-Salem,NC0340200,13A,W,W,X,F,45,N,N,AQ,Field/Woods,Field & Woods,Blunt Object,Minor Injury,C
243020909,217648569,2025-07-02,Winston-Salem,NC0340200,13A,B,B,X,F,20,R,Y,BG,Residence/Home,Home,Handgun,Minor Injury,C
243020919,217648579,2025-07-02,Winston-Salem,NC0340200,13A,B,B,N,M,26,R,Y,XR,Service/Gas Station,Gas Station,Handgun;Personal Weapons,,C
243020962,217648619,2025-07-03,Winston-Salem,NC0340200,13A,B,B,N,M,56,R,N,ST;VO,Highway/Road/Alley/Street/Sidewalk,Street & Sidewalk,Knife/Cutting Instrument,Severe Laceration,C
243020963,217648619,2025-07-03,Winston-Salem,NC0340200,13A,B,B,N,M,42,R,N,ST;VO,Highway/Road/Alley/Street/Sidewalk,Street & Sidewalk,Knife/Cutting Instrument,,C
243020964,217648619,2025-07-03,Winston-Salem,NC0340200,13A,W,W,N,M,47,R,N,ST;VO,Highway/Road/Alley/Street/Sidewalk,Street & Sidewalk,Knife/Cutting Instrument,Severe Laceration,C
243021007,217648653,2025-07-04,Winston-Salem,NC0340200,13A,B,B,N,F,24,R,N,,Parking/Drop Lot/Garage,Parking Lot,Motor Vehicle/Vessel,Minor Injury,C
243021026,217648667,2025-07-04,Winston-Salem,NC0340200,13A,H,W,H,M,36,R,N,RU,Restaurant,Restaurant,Knife/Cutting Instrument,,C
243021036,217648676,2025-07-04,Winston-Salem,NC0340200,13A,W,W,N,M,71,R,N,RU,Parking/Drop Lot/Garage,Parking Lot,Handgun,,C
243021037,217648676,2025-07-04,Winston-Salem,NC0340200,13A,B,B,N,M,16,R,N,OK,Parking/Drop Lot/Garage,Parking Lot,Handgun,Other Major Injury,C
243021038,217648676,2025-07-04,Winston-Salem,NC0340200,13A,W,W,X,F,62,R,N,RU,Parking/Drop Lot/Garage,Parking Lot,Handgun,,C
243021039,217648676,2025-07-04,Winston-Salem,NC0340200,13A,W,W,X,F,15,R,N,RU,Parking/Drop Lot/Garage,Parking Lot,Handgun,,C
243021044,217648679,2025-07-04,Winston-Salem,NC0340200,13A,B,B,N,M,65,R,N,,Residence/Home,Home,Firearm,,C
243021045,217648679,2025-07-04,Winston-Salem,NC0340200,13A,B,B,N,F,91,R,N,,Residence/Home,Home,Firearm,,C
243021046,217648680,2025-07-04,Winston-Salem,NC0340200,13A,B,B,N,F,43,R,N,,Residence/Home,Home,Firearm,,C
243021047,217648680,2025-07-04,Winston-Salem,NC0340200,13A,B,B,X,F,17,R,N,,Residence/Home,Home,Firearm,,C
243021048,217648680,2025-07-04,Winston-Salem,NC0340200,13A,B,B,X,M,12,R,N,,Residence/Home,Home,Firearm,,C
243021050,217648682,2025-07-04,Winston-Salem,NC0340200,13A,B,B,N,M,40,R,N,RU,Residence/Home,Home,Handgun,,C
243021059,217648691,2025-07-05,Winston-Salem,NC0340200,13A,B,B,N,M,28,N,N,AQ,Residence/Home,Home,Knife/Cutting Instrument,,C
243021085,217648714,2025-07-05,Winston-Salem,NC0340200,13A,B,B,N,M,16,N,N,,Residence/Home,Home,Firearm,Other Major Injury,C
243021086,217648715,2025-07-05,Winston-Salem,NC0340200,13A,W,W,N,M,26,R,N,,Highway/Road/Alley/Street/Sidewalk,Street & Sidewalk,Handgun,,C
243021112,217648732,2025-07-06,Winston-Salem,NC0340200,13A,W,W,N,M,47,R,N,,Residence/Home,Home,Blunt Object;Other,Other Major Injury;Severe Laceration,C
243021114,217648732,2025-07-06,Winston-Salem,NC0340200,13A,W,W,N,M,32,R,N,,Residence/Home,Home,Blunt Object;Other,Minor Injury,C
243021118,217648734,2025-07-06,Winston-Salem,NC0340200,13A,H,W,H,M,43,N,Y,SE,Residence/Home,Home,Knife/Cutting Instrument,,C
243021121,217648737,2025-07-06,Winston-Salem,NC0340200,13A,H,W,H,M,22,R,N,,Parking/Drop Lot/Garage,Parking Lot,Firearm,Other Major Injury,C
243021122,217648737,2025-07-06,Winston-Salem,NC0340200,13A,H,W,H,M,24,R,N,,Parking/Drop Lot/Garage,Parking Lot,Firearm,Other Major Injury,C
243021123,217648737,2025-07-06,Winston-Salem,NC0340200,13A,H,W,H,M,17,R,N,,Parking/Drop Lot/Garage,Parking Lot,Firearm,Other Major Injury,C
243021167,217648775,2025-07-07,Winston-Salem,NC0340200,13A,A,A,X,M,49,R,N,,Highway/Road/Alley/Street/Sidewalk,Street & Sidewalk,Handgun,,C
243021197,217648800,2025-07-07,Winston-Salem,NC0340200,13A,B,B,N,F,21,R,Y,VO;XR,Parking/Drop Lot/Garage,Parking Lot,Motor Vehicle/Vessel,Minor Injury,C
243021198,217648800,2025-07-07,Winston-Salem,NC0340200,13A,B,B,N,M,36,N,Y,VO;XR,Parking/Drop Lot/Garage,Parking Lot,Motor Vehicle/Vessel,Minor Injury,C
243021199,217648801,2025-07-07,Winston-Salem,NC0340200,13A,B,B,N,M,28,R,N,RU,Highway/Road/Alley/Street/Sidewalk,Street & Sidewalk,Firearm,Other Major Injury,C
243021204,217648806,2025-07-07,Winston-Salem,NC0340200,13A,B,B,N,M,18,R,N,RU,Highway/Road/Alley/Street/Sidewalk,Street & Sidewalk,Handgun,Minor Injury,C
244091301,218579056,2025-07-07,Winston-Salem,NC0340200,13A,B,B,N,F,39,R,N,,Highway/Road/Alley/Street/Sidewalk,Street & Sidewalk,Firearm,,C
243021213,217648813,2025-07-08,Winston-Salem,NC0340200,13A,B,B,N,F,40,R,N,NE,Residence/Home,Home,Knife/Cutting Instrument,Minor Injury,C
243021236,217648834,2025-07-08,Winston-Salem,NC0340200,13A,B,B,N,F,24,R,Y,BG,Parking/Drop Lot/Garage,Parking Lot,Handgun,,C
243021237,217648834,2025-07-08,Winston-Salem,NC0340200,13A,B,B,X,M,0,R,N,CH,Parking/Drop Lot/Garage,Parking Lot,Handgun,,C
243021238,217648834,2025-07-08,Winston-Salem,NC0340200,13A,B,B,N,F,38,R,N,RU,Parking/Drop Lot/Garage,Parking Lot,Handgun,,C
243021239,217648834,2025-07-08,Winston-Salem,NC0340200,13A,B,B,N,F,33,R,N,RU,Parking/Drop Lot/Garage,Parking Lot,Handgun,,C
243021240,217648834,2025-07-08,Winston-Salem,NC0340200,13A,B,B,X,M,13,R,N,RU,Parking/Drop Lot/Garage,Parking Lot,Handgun,,C
243021241,217648834,2025-07-08,Winston-Salem,NC0340200,13A,B,B,X,M,12,R,N,RU,Parking/Drop Lot/Garage,Parking Lot,Handgun,,C
243021242,217648834,2025-07-08,Winston-Salem,NC0340200,13A,B,B,X,M,3,R,N,RU,Parking/Drop Lot/Garage,Parking Lot,Handgun,,C
243021255,217648845,2025-07-08,Winston-Salem,NC0340200,13A,B,B,N,F,32,R,N,IL,Residence/Home,Home,Shotgun,,C
243021271,217648858,2025-07-09,Winston-Salem,NC0340200,13A,B,B,N,F,41,N,Y,BG,Residence/Home,Home,Personal Weapons,Minor Injury,C
243021278,217648865,2025-07-09,Winston-Salem,NC0340200,13A,W,W,N,M,25,R,N,AQ,Highway/Road/Alley/Street/Sidewalk,Street & Sidewalk,Handgun,,C
243021320,217648898,2025-07-10,Winston-Salem,NC0340200,13A,B,B,N,F,27,R,N,FR,Highway/Road/Alley/Street/Sidewalk,Street & Sidewalk,Knife/Cutting Instrument,Severe Laceration,C
243021340,217648915,2025-07-10,Winston-Salem,NC0340200,13A,B,B,N,M,35,R,N,,Residence/Home,Home,Firearm,,C
243021341,217648915,2025-07-10,Winston-Salem,NC0340200,13A,B,B,X,M,21,R,N,,Residence/Home,Home,Firearm,,C
243021342,217648915,2025-07-10,Winston-Salem,NC0340200,13A,B,B,X,F,13,R,N,,Residence/Home,Home,Firearm,,C
243021343,217648915,2025-07-10,Winston-Salem,NC0340200,13A,B,B,N,F,34,R,N,,Residence/Home,Home,Firearm,,C
243021346,217648918,2025-07-10,Winston-Salem,NC0340200,13A,W,W,N,M,34,R,N,RU,Residence/Home,Home,Handgun,,C
243021371,217648943,2025-07-10,Winston-Salem,NC0340200,13A,B,B,N,F,25,R,Y,XR,Residence/Home,Home,Personal Weapons,Minor Injury,C
243021375,217648947,2025-07-11,Winston-Salem,NC0340200,13A,B,B,N,M,47,R,N,,Residence/Home,Home,Handgun,,C
243021379,217648950,2025-07-11,Winston-Salem,NC0340200,13A,H,W,H,M,45,R,N,OK,Convenience Store,Convenience Store,Blunt Object,Unconscious,C
245875366,220147213,2025-07-11,Winston-Salem,NC0340200,13A,W,W,X,M,41,R,N,OK,Residence/Home,Home,Handgun;Knife/Cutting Instrument,Minor Injury,C
243021425,217648994,2025-07-12,Winston-Salem,NC0340200,13A,B,B,N,F,40,R,N,OK,Residence/Home,Home,Handgun,,C
243021426,217648994,2025-07-12,Winston-Salem,NC0340200,13A,B,B,N,M,16,R,N,OK,Residence/Home,Home,Handgun,,C
243021427,217648994,2025-07-12,Winston-Salem,NC0340200,13A,B,B,N,M,17,R,N,RU,Residence/Home,Home,Handgun,,C
243021441,217649006,2025-07-12,Winston-Salem,NC0340200,13A,W,W,N,M,24,R,N,IL,Residence/Home,Home,Knife/Cutting Instrument,,C
243021476,217649039,2025-07-13,Winston-Salem,NC0340200,13A,H,W,H,F,27,R,N,,Bar/Nightclub,Bar & Nightclub,Firearm,Other Major Injury,C
243021477,217649039,2025-07-13,Winston-Salem,NC0340200,13A,B,B,N,M,28,R,N,,Bar/Nightclub,Bar & Nightclub,Firearm,Other Major Injury,C
243021479,217649039,2025-07-13,Winston-Salem,NC0340200,13A,B,B,N,F,33,R,N,,Bar/Nightclub,Bar & Nightclub,Firearm,,C
243021487,217649044,2025-07-13,Winston-Salem,NC0340200,13A,B,B,N,F,33,R,N,OK,Parking/Drop Lot/Garage,Parking Lot,Handgun,Minor Injury,C
243021488,217649044,2025-07-13,Winston-Salem,NC0340200,13A,B,B,N,F,30,R,N,OK,Parking/Drop Lot/Garage,Parking Lot,Handgun,Minor Injury,C
243021494,217649050,2025-07-13,Winston-Salem,NC0340200,13A,B,B,N,F,23,R,Y,ST;XR,Residence/Home,Home,Handgun;Personal Weapons,Minor Injury,C
243021542,217649092,2025-07-14,Winston-Salem,NC0340200,13A,H,W,H,M,31,R,N,,Parking/Drop Lot/Garage,Parking Lot,Motor Vehicle/Vessel,Minor Injury,C
243021558,217649104,2025-07-14,Winston-Salem,NC0340200,13A,B,B,X,M,41,R,N,,Parking/Drop Lot/Garage,Parking Lot,Motor Vehicle/Vessel,Minor Injury,C
243021572,217649116,2025-07-14,Winston-Salem,NC0340200,13A,B,B,N,F,21,R,Y,BG,Residence/Home,Home,Handgun,,C
243021573,217649116,2025-07-14,Winston-Salem,NC0340200,13A,B,B,X,F,17,R,N,AQ,Residence/Home,Home,Handgun,Minor Injury,C
243021575,217649118,2025-07-14,Winston-Salem,NC0340200,13A,H,W,H,F,25,R,N,RU,Highway/Road/Alley/Street/Sidewalk,Street & Sidewalk,Handgun,,C
243021576,217649118,2025-07-14,Winston-Salem,NC0340200,13A,B,B,N,M,15,R,N,RU,Highway/Road/Alley/Street/Sidewalk,Street & Sidewalk,Handgun,Severe Laceration,C
243021596,217649136,2025-07-15,Winston-Salem,NC0340200,13A,B,B,N,M,60,R,N,RU,Gambling Facility/Casino/Race Track,Casino & Race Track,Other Firearm,,C
243021597,217649136,2025-07-15,Winston-Salem,NC0340200,13A,H,W,H,F,28,R,N,RU,Gambling Facility/Casino/Race Track,Casino & Race Track,Other Firearm,,C
243021609,217649147,2025-07-15,Winston-Salem,NC0340200,13A,B,B,N,F,33,R,Y,XR,Residence/Home,Home,Personal Weapons,Minor Injury,C
243021626,217649163,2025-07-15,Winston-Salem,NC0340200,13A,B,B,N,M,15,R,N,CH,Residence/Home,Home,Blunt Object,Minor Injury,C
243021637,217649173,2025-07-15,Winston-Salem,NC0340200,13A,W,W,N,F,44,R,Y,BG,Residence/Home,Home,Other,Minor Injury,C
243021667,217649197,2025-07-16,Winston-Salem,NC0340200,13A,B,B,X,M,62,R,N,ST,Grocery/Supermarket,Grocery Store,Blunt Object,,C
243021712,217649237,2025-07-17,Winston-Salem,NC0340200,13A,B,B,N,F,33,R,Y,XR,Residence/Home,Home,Handgun,,C
243021726,217649251,2025-07-17,Winston-Salem,NC0340200,13A,H,W,H,M,31,R,N,OK;VO,Residence/Home,Home,Blunt Object,Minor Injury,C
243021727,217649251,2025-07-17,Winston-Salem,NC0340200,13A,H,W,H,M,27,N,N,OK;VO,Residence/Home,Home,Blunt Object,,C
243021750,217649269,2025-07-17,Winston-Salem,NC0340200,13A,B,B,X,F,28,R,Y,BG,Residence/Home,Home,Other,,C
243022012,217649497,2025-07-17,Winston-Salem,NC0340200,13A,W,W,X,M,59,N,N,RU,Bar/Nightclub,Bar & Nightclub,Personal Weapons,Possible Internal Injury,C
243021798,217649310,2025-07-18,Winston-Salem,NC0340200,13A,B,B,N,F,16,R,N,OK,Residence/Home,Home,Handgun,,C
243021802,217649314,2025-07-18,Winston-Salem,NC0340200,13A,B,B,N,M,28,R,N,FR,Highway/Road/Alley/Street/Sidewalk,Street & Sidewalk,Handgun,,C
243021809,217649321,2025-07-18,Winston-Salem,NC0340200,13A,W,W,N,F,28,U,N,,Specialty Store,Specialty Store,Handgun,,C
243021810,217649321,2025-07-18,Winston-Salem,NC0340200,13A,W,W,X,F,29,U,N,,Specialty Store,Specialty Store,Handgun,,C
243021822,217649332,2025-07-19,Winston-Salem,NC0340200,13A,B,B,N,F,30,R,N,,Highway/Road/Alley/Street/Sidewalk,Street & Sidewalk,Firearm,,C
243021823,217649332,2025-07-19,Winston-Salem,NC0340200,13A,B,B,X,M,24,R,N,,Highway/Road/Alley/Street/Sidewalk,Street & Sidewalk,Firearm,,C
243021829,217649337,2025-07-19,Winston-Salem,NC0340200,13A,B,B,X,M,55,R,N,,Residence/Home,Home,Rifle,,C
243021865,217649369,2025-07-19,Winston-Salem,NC0340200,13A,W,W,N,M,25,R,Y,BG,Service/Gas Station,Gas Station,Knife/Cutting Instrument,,C
243021874,217649378,2025-07-19,Winston-Salem,NC0340200,13A,B,B,N,M,57,R,Y,XR,Residence/Home,Home,Blunt Object,,C
243021956,217649452,2025-07-20,Winston-Salem,NC0340200,13A,H,W,H,F,21,R,N,,Residence/Home,Home,Handgun,,C
243021971,217649465,2025-07-21,Winston-Salem,NC0340200,13A,B,B,N,M,27,R,Y,XR,Highway/Road/Alley/Street/Sidewalk,Street & Sidewalk,Motor Vehicle/Vessel,,C
245875375,220147222,2025-07-21,Winston-Salem,NC0340200,13A,W,W,N,F,12,R,N,CH,Other/Unknown,Other & Unknown,Other,Minor Injury,C
245875376,220147222,2025-07-21,Winston-Salem,NC0340200,13A,W,W,N,F,10,R,N,CH,Other/Unknown,Other & Unknown,Other,Minor Injury,C
243022021,217649504,2025-07-22,Winston-Salem,NC0340200,13A,B,B,N,F,34,R,Y,BG,Residence/Home,Home,Firearm,Other Major Injury,C
243022022,217649504,2025-07-22,Winston-Salem,NC0340200,13A,B,B,X,M,5,R,N,CH,Residence/Home,Home,Firearm,,C
243022023,217649504,2025-07-22,Winston-Salem,NC0340200,13A,B,B,X,M,0,R,N,CH,Residence/Home,Home,Firearm,,C
243022051,217649531,2025-07-22,Winston-Salem,NC0340200,13A,W,W,X,M,25,R,N,AQ,Residence/Home,Home,Handgun,,C
243022053,217649533,2025-07-22,Winston-Salem,NC0340200,13A,B,B,N,M,20,R,N,SB,Residence/Home,Home,Handgun,Other Major Injury,C
243022060,217649539,2025-07-22,Winston-Salem,NC0340200,13A,B,B,N,M,32,R,Y,XR,Highway/Road/Alley/Street/Sidewalk,Street & Sidewalk,Motor Vehicle/Vessel,Minor Injury,C
243022107,217649581,2025-07-23,Winston-Salem,NC0340200,13A,B,B,X,M,28,N,N,AQ,Residence/Home,Home,Handgun,,C
248176485,222156577,2025-07-23,Winston-Salem,NC0340200,13A,W,W,N,M,1,R,N,CH,Residence/Home,Home,,Possible Internal Injury,C
243022146,217649618,2025-07-24,Winston-Salem,NC0340200,13A,B,B,N,M,62,R,N,PA,Residence/Home,Home,Blunt Object,,C
243022182,217649650,2025-07-24,Winston-Salem,NC0340200,13A,B,B,N,M,57,R,N,AQ,Residence/Home,Home,Handgun,,C
243022187,217649655,2025-07-24,Winston-Salem,NC0340200,13A,B,B,N,F,27,R,N,OK,Residence/Home,Home,Other,Minor Injury,C
243022215,217649682,2025-07-25,Winston-Salem,NC0340200,13A,W,W,N,M,76,R,N,OK,Parking/Drop Lot/Garage,Parking Lot,Blunt Object,Minor Injury,C
243022245,217649710,2025-07-25,Winston-Salem,NC0340200,13A,B,B,N,F,18,R,N,,Highway/Road/Alley/Street/Sidewalk,Street & Sidewalk,Handgun,,C
243022276,217649737,2025-07-26,Winston-Salem,NC0340200,13A,B,B,N,M,33,R,Y,XR,Residence/Home,Home,Knife/Cutting Instrument,,C
243022327,217649785,2025-07-27,Winston-Salem,NC0340200,13A,B,B,N,F,23,R,N,,Residence/Home,Home,Firearm,,C
243022328,217649785,2025-07-27,Winston-Salem,NC0340200,13A,B,B,X,F,3,R,N,,Residence/Home,Home,Firearm,,C
243022329,217649785,2025-07-27,Winston-Salem,NC0340200,13A,B,B,X,F,34,R,N,,Residence/Home,Home,Firearm,,C
243022330,217649785,2025-07-27,Winston-Salem,NC0340200,13A,B,B,X,M,0,R,N,,Residence/Home,Home,Firearm,,C
243022343,217649798,2025-07-27,Winston-Salem,NC0340200,13A,H,W,H,F,23,R,Y,BG,Highway/Road/Alley/Street/Sidewalk,Street & Sidewalk,Handgun,,C
243022355,217649808,2025-07-27,Winston-Salem,NC0340200,13A,B,B,N,M,72,R,Y,SE,Residence/Home,Home,Knife/Cutting Instrument,Minor Injury,C
243022409,217649856,2025-07-28,Winston-Salem,NC0340200,13A,B,B,N,M,41,R,Y,XS,Residence/Home,Home,Blunt Object,Minor Injury,C
243022435,217649880,2025-07-28,Winston-Salem,NC0340200,13A,B,B,N,M,31,R,N,OK,Specialty Store,Specialty Store,Blunt Object;Handgun,,C
243022528,217649946,2025-07-29,Winston-Salem,NC0340200,13A,B,B,N,M,42,R,N,,Residence/Home,Home,Firearm,,C
244091325,218579071,2025-07-29,Winston-Salem,NC0340200,13A,B,B,N,M,53,R,N,,Highway/Road/Alley/Street/Sidewalk,Street & Sidewalk,,Minor Injury,C
243022598,217650007,2025-07-30,Winston-Salem,NC0340200,13A,B,B,N,F,39,R,N,,Grocery/Supermarket,Grocery Store,Blunt Object,,C
243022619,217650026,2025-07-30,Winston-Salem,NC0340200,13A,B,B,N,F,50,R,N,AQ,Residence/Home,Home,Firearm,,C
243022620,217650026,2025-07-30,Winston-Salem,NC0340200,13A,B,B,N,F,67,R,N,AQ,Residence/Home,Home,Firearm,,C
243022624,217650030,2025-07-31,Winston-Salem,NC0340200,13A,W,W,X,F,37,R,Y,CS,Residence/Home,Home,Firearm,,C
243022656,217650059,2025-07-31,Winston-Salem,NC0340200,13A,H,W,H,M,50,N,N,FR,Highway/Road/Alley/Street/Sidewalk,Street & Sidewalk,Motor Vehicle/Vessel,,C
243022657,217650059,2025-07-31,Winston-Salem,NC0340200,13A,W,W,X,F,40,R,N,FR,Highway/Road/Alley/Street/Sidewalk,Street & Sidewalk,Motor Vehicle/Vessel,,C
243022681,217650080,2025-07-31,Winston-Salem,NC0340200,13A,B,B,N,M,51,R,N,,Parking/Drop Lot/Garage,Parking Lot,Knife/Cutting Instrument,Minor Injury,C
244091335,218579080,2025-08-01,Winston-Salem,NC0340200,13A,W,W,N,M,59,R,N,OK,Highway/Road/Alley/Street/Sidewalk,Street & Sidewalk,Motor Vehicle/Vessel,,C
244091336,218579080,2025-08-01,Winston-Salem,NC0340200,13A,B,B,N,M,33,R,N,AQ,Highway/Road/Alley/Street/Sidewalk,Street & Sidewalk,Motor Vehicle/Vessel,,C
244091377,218579117,2025-08-01,Winston-Salem,NC0340200,13A,H,W,H,M,24,R,N,,Highway/Road/Alley/Street/Sidewalk,Street & Sidewalk,Firearm,Other Major Injury,C
248176492,222156583,2025-08-01,Winston-Salem,NC0340200,13A,B,B,N,F,1,R,N,CH,Residence/Home,Home,Handgun,,C
244091408,218579139,2025-08-02,Winston-Salem,NC0340200,13A,B,B,N,F,37,R,N,NE,Residence/Home,Home,Blunt Object,Minor Injury,C
244091456,218579178,2025-08-03,Winston-Salem,NC0340200,13A,B,B,N,M,38,R,N,AQ,Residence/Home,Home,Handgun,,C
244091537,218579240,2025-08-04,Winston-Salem,NC0340200,13A,W,W,X,M,34,N,N,,Highway/Road/Alley/Street/Sidewalk,Street & Sidewalk,Motor Vehicle/Vessel,Minor Injury,C
244091560,218579261,2025-08-04,Winston-Salem,NC0340200,13A,B,B,N,F,45,R,Y,SE,Residence/Home,Home,Blunt Object,Minor Injury,C
244091585,218579282,2025-08-05,Winston-Salem,NC0340200,13A,B,B,X,F,44,R,N,AQ,Residence/Home,Home,,,C
244091623,218579314,2025-08-05,Winston-Salem,NC0340200,13A,B,B,N,F,31,R,N,PA,Residence/Home,Home,Knife/Cutting Instrument,Minor Injury,C
244091624,218579314,2025-08-05,Winston-Salem,NC0340200,13A,B,B,N,F,7,R,N,SB,Residence/Home,Home,Knife/Cutting Instrument,,C
244091626,218579316,2025-08-05,Winston-Salem,NC0340200,13A,B,B,N,M,59,N,N,PA,Residence/Home,Home,Knife/Cutting Instrument,Severe Laceration,C
244091627,218579316,2025-08-05,Winston-Salem,NC0340200,13A,B,B,N,F,31,R,N,SB,Residence/Home,Home,Knife/Cutting Instrument,,C
244091628,218579316,2025-08-05,Winston-Salem,NC0340200,13A,B,B,N,M,22,R,N,SB,Residence/Home,Home,Knife/Cutting Instrument,,C
244091629,218579316,2025-08-05,Winston-Salem,NC0340200,13A,B,B,N,F,0,R,N,OF,Residence/Home,Home,Knife/Cutting Instrument,,C
244091637,218579324,2025-08-05,Winston-Salem,NC0340200,13A,B,B,X,F,41,R,N,CF,Residence/Home,Home,Other,,C
244091969,218579610,2025-08-06,Winston-Salem,NC0340200,13A,W,W,X,F,51,R,N,OK,Residence/Home,Home,Handgun,,C
244091970,218579610,2025-08-06,Winston-Salem,NC0340200,13A,W,W,N,M,51,R,N,OK,Residence/Home,Home,Handgun,,C
244091971,218579610,2025-08-06,Winston-Salem,NC0340200,13A,W,W,X,M,15,R,N,OK,Residence/Home,Home,Handgun,,C
245875390,220147235,2025-08-06,Winston-Salem,NC0340200,13A,B,B,N,M,55,R,N,OK,Highway/Road/Alley/Street/Sidewalk,Street & Sidewalk,Other,,C
244091763,218579431,2025-08-08,Winston-Salem,NC0340200,13A,B,B,N,F,24,R,N,RU,Service/Gas Station,Gas Station,Knife/Cutting Instrument,Severe Laceration,C
244091819,218579478,2025-08-08,Winston-Salem,NC0340200,13A,B,B,N,M,63,N,N,RU,Highway/Road/Alley/Street/Sidewalk,Street & Sidewalk,Firearm,,C
248178833,222158623,2025-08-08,Winston-Salem,NC0340200,13A,W,W,N,M,39,R,Y,SE,Residence/Home,Home,Knife/Cutting Instrument,,C
244091873,218579527,2025-08-09,Winston-Salem,NC0340200,13A,W,W,X,F,41,R,Y,BG,Residence/Home,Home,Explosives;Fire/Incendiary Device,,C
244091912,218579561,2025-08-09,Winston-Salem,NC0340200,13A,W,W,X,F,26,N,Y,BG,Residence/Home,Home,Handgun,Minor Injury,C
253883090,227150733,2025-08-09,Winston-Salem,NC0340200,13A,B,B,N,F,26,N,N,RU,Residence/Home,Home,Handgun,Minor Injury,C
244091906,218579557,2025-08-10,Winston-Salem,NC0340200,13A,H,W,H,M,27,R,N,OK,Highway/Road/Alley/Street/Sidewalk,Street & Sidewalk,Handgun,,C
244091907,218579557,2025-08-10,Winston-Salem,NC0340200,13A,H,W,H,F,23,R,N,CH,Highway/Road/Alley/Street/Sidewalk,Street & Sidewalk,Handgun,,C
244091918,218579567,2025-08-10,Winston-Salem,NC0340200,13A,W,W,N,F,25,R,N,RU,Highway/Road/Alley/Street/Sidewalk,Street & Sidewalk,Rifle,,C
244091953,218579597,2025-08-10,Winston-Salem,NC0340200,13A,W,W,X,F,1,R,N,,Residence/Home,Home,Firearm,,C
244091954,218579597,2025-08-10,Winston-Salem,NC0340200,13A,W,W,N,F,27,R,N,,Residence/Home,Home,Firearm,,C
244091985,218579624,2025-08-11,Winston-Salem,NC0340200,13A,B,B,N,M,78,R,N,ER,Highway/Road/Alley/Street/Sidewalk,Street & Sidewalk,Motor Vehicle/Vessel;Other,Minor Injury,C
244092004,218579640,2025-08-11,Winston-Salem,NC0340200,13A,B,B,N,F,13,R,N,CH,Residence/Home,Home,Other,,C
244092023,218579655,2025-08-12,Winston-Salem,NC0340200,13A,B,B,N,F,30,R,Y,BG;VO,Residence/Home,Home,Knife/Cutting Instrument;Personal Weapons,,C
244092024,218579655,2025-08-12,Winston-Salem,NC0340200,13A,B,B,N,M,30,R,Y,BG;VO,Residence/Home,Home,Knife/Cutting Instrument;Personal Weapons,,C
244092060,218579682,2025-08-12,Winston-Salem,NC0340200,13A,B,B,X,F,23,R,Y,BG,Residence/Home,Home,Other,Minor Injury,C
244092074,218579696,2025-08-12,Winston-Salem,NC0340200,13A,B,B,N,M,38,R,N,RU,Highway/Road/Alley/Street/Sidewalk,Street & Sidewalk,Firearm,,C
244092075,218579696,2025-08-12,Winston-Salem,NC0340200,13A,H,W,H,M,18,N,N,RU,Highway/Road/Alley/Street/Sidewalk,Street & Sidewalk,Firearm,Other Major Injury,C
244092135,218579746,2025-08-13,Winston-Salem,NC0340200,13A,B,B,N,M,30,R,Y,BG,Highway/Road/Alley/Street/Sidewalk,Street & Sidewalk,Motor Vehicle/Vessel,Minor Injury,C
244092136,218579747,2025-08-13,Winston-Salem,NC0340200,13A,B,B,N,F,74,N,N,,Residence/Home,Home,Motor Vehicle/Vessel,,C
244092155,218579764,2025-08-14,Winston-Salem,NC0340200,13A,B,B,N,M,25,R,N,RU,Highway/Road/Alley/Street/Sidewalk,Street & Sidewalk,Handgun,,C
244092176,218579779,2025-08-14,Winston-Salem,NC0340200,13A,B,B,N,F,35,R,Y,SE,Residence/Home,Home,Other,,C
244092237,218579832,2025-08-15,Winston-Salem,NC0340200,13A,B,B,X,M,42,R,Y,SE,Residence/Home,Home,Handgun,Other Major Injury,C
244092243,218579837,2025-08-15,Winston-Salem,NC0340200,13A,B,B,N,M,54,N,N,RU,Highway/Road/Alley/Street/Sidewalk,Street & Sidewalk,Handgun,,C
244092248,218579842,2025-08-15,Winston-Salem,NC0340200,13A,B,B,N,F,19,R,N,OK,Residence/Home,Home,Handgun,,C
244092258,218579852,2025-08-15,Winston-Salem,NC0340200,13A,B,B,N,M,50,R,N,RU,Residence/Home,Home,Other,Minor Injury,C
244092275,218579867,2025-08-15,Winston-Salem,NC0340200,13A,W,W,X,F,32,R,Y,SE,Residence/Home,Home,Motor Vehicle/Vessel,,C
244092323,218579907,2025-08-15,Winston-Salem,NC0340200,13A,B,B,N,M,20,R,N,,Highway/Road/Alley/Street/Sidewalk,Street & Sidewalk,Firearm,Other Major Injury,C
244092358,218579938,2025-08-17,Winston-Salem,NC0340200,13A,B,B,N,M,57,R,N,NE,Parking/Drop Lot/Garage,Parking Lot,Handgun,Other Major Injury,C
244092402,218579972,2025-08-17,Winston-Salem,NC0340200,13A,B,B,N,M,43,R,N,,Residence/Home,Home,Knife/Cutting Instrument,Minor Injury,C
244092421,218579986,2025-08-17,Winston-Salem,NC0340200,13A,H,W,H,M,31,R,N,,Highway/Road/Alley/Street/Sidewalk,Street & Sidewalk,Firearm,,C
244092422,218579986,2025-08-17,Winston-Salem,NC0340200,13A,H,W,H,F,30,R,N,,Highway/Road/Alley/Street/Sidewalk,Street & Sidewalk,Firearm,,C
244092433,218579996,2025-08-18,Winston-Salem,NC0340200,13A,B,B,N,F,35,R,N,OK,Residence/Home,Home,Handgun;Personal Weapons,Minor Injury,C
244092495,218580052,2025-08-18,Winston-Salem,NC0340200,13A,H,W,H,M,45,R,N,,Parking/Drop Lot/Garage,Parking Lot,Personal Weapons,Apparent Broken Bones,C
244092540,218580092,2025-08-18,Winston-Salem,NC0340200,13A,B,B,X,F,31,R,Y,XR,Residence/Home,Home,Personal Weapons,Minor Injury,C
249361571,223190569,2025-08-18,Winston-Salem,NC0340200,13A,B,B,X,M,3,R,N,OF,Residence/Home,Home,Personal Weapons,,C
245875404,220147246,2025-08-19,Winston-Salem,NC0340200,13A,B,B,N,F,36,R,N,AQ,Bar/Nightclub,Bar & Nightclub,Other,Possible Internal Injury,C
248176520,222156595,2025-08-19,Winston-Salem,NC0340200,13A,B,B,X,M,31,R,N,AQ,Highway/Road/Alley/Street/Sidewalk,Street & Sidewalk,Motor Vehicle/Vessel,,C
244092578,218580127,2025-08-20,Winston-Salem,NC0340200,13A,B,B,N,M,51,R,N,,Residence/Home,Home,Firearm,,C
244092579,218580127,2025-08-20,Winston-Salem,NC0340200,13A,B,B,X,F,20,R,N,,Residence/Home,Home,Firearm,,C
244092580,218580127,2025-08-20,Winston-Salem,NC0340200,13A,B,B,X,M,1,R,N,,Residence/Home,Home,Firearm,,C
244092587,218580132,2025-08-20,Winston-Salem,NC0340200,13A,W,W,X,M,66,R,N,,Residence/Home,Home,Handgun,,C
244092617,218580154,2025-08-20,Winston-Salem,NC0340200,13A,B,B,N,M,48,R,N,SP,Residence/Home,Home,Knife/Cutting Instrument,,C
248176521,222156596,2025-08-20,Winston-Salem,NC0340200,13A,B,B,N,F,52,R,N,OF;RU,Residence/Home,Home,Blunt Object,Minor Injury,C
244092619,218580155,2025-08-21,Winston-Salem,NC0340200,13A,W,W,N,M,38,R,N,,Parking/Drop Lot/Garage,Parking Lot,Blunt Object,Minor Injury,C
244092623,218580158,2025-08-21,Winston-Salem,NC0340200,13A,W,W,N,M,25,N,N,OK,Residence/Home,Home,Handgun,Minor Injury,C
244092637,218580168,2025-08-21,Winston-Salem,NC0340200,13A,W,W,X,M,65,N,N,ST,Drug Store/Doctor's Office/Hospital,Hospital & Clinic,Firearm,,C
244092651,218580181,2025-08-21,Winston-Salem,NC0340200,13A,B,B,N,F,19,R,N,CH,Residence/Home,Home,Other,Minor Injury,C
244092690,218580212,2025-08-21,Winston-Salem,NC0340200,13A,H,W,H,F,21,R,Y,BG,Residence/Home,Home,Handgun,Minor Injury,C
244092691,218580213,2025-08-21,Winston-Salem,NC0340200,13A,B,B,N,F,31,R,Y,XR,Residence/Home,Home,Handgun;Personal Weapons,,C
244092699,218580219,2025-08-22,Winston-Salem,NC0340200,13A,B,B,N,F,38,R,N,,Residence/Home,Home,Handgun,Other Major Injury,C
244092708,218580227,2025-08-22,Winston-Salem,NC0340200,13A,B,B,N,F,41,R,N,PA,Residence/Home,Home,Blunt Object,Minor Injury,C
244092736,218580253,2025-08-22,Winston-Salem,NC0340200,13A,B,B,N,M,19,R,N,,Hotel/Motel/Etc.,Hotel & Motel,Handgun,,C
244092762,218580278,2025-08-23,Winston-Salem,NC0340200,13A,B,B,N,F,40,R,N,RU;VO,Residence/Home,Home,Blunt Object;Fire/Incendiary Device,,C
244092763,218580278,2025-08-23,Winston-Salem,NC0340200,13A,B,B,N,F,35,R,N,RU;VO,Residence/Home,Home,Blunt Object;Fire/Incendiary Device,,C
244092768,218580282,2025-08-23,Winston-Salem,NC0340200,13A,B,B,N,F,29,N,Y,OK;XR,Bar/Nightclub,Bar & Nightclub,Handgun;Other,Minor Injury,C
244092772,218580286,2025-08-23,Winston-Salem,NC0340200,13A,B,B,N,F,40,R,Y,SE,Highway/Road/Alley/Street/Sidewalk,Street & Sidewalk,Other,,C
244092773,218580286,2025-08-23,Winston-Salem,NC0340200,13A,B,B,N,M,35,R,N,ST,Highway/Road/Alley/Street/Sidewalk,Street & Sidewalk,Other,Minor Injury,C
244092785,218580294,2025-08-23,Winston-Salem,NC0340200,13A,B,B,N,M,24,R,N,RU,Hotel/Motel/Etc.,Hotel & Motel,Handgun,,C
244092786,218580294,2025-08-23,Winston-Salem,NC0340200,13A,I,I,U,M,33,N,N,RU,Hotel/Motel/Etc.,Hotel & Motel,Handgun,,C
244092834,218580339,2025-08-23,Winston-Salem,NC0340200,13A,B,B,N,M,19,R,N,OF,Residence/Home,Home,Knife/Cutting Instrument,,C
244092835,218580340,2025-08-23,Winston-Salem,NC0340200,13A,B,B,N,F,22,R,Y,BG,Residence/Home,Home,,Minor Injury,C
244092846,218580348,2025-08-24,Winston-Salem,NC0340200,13A,B,B,N,F,23,R,Y,BG,Parking/Drop Lot/Garage,Parking Lot,Motor Vehicle/Vessel,Minor Injury,C
244092853,218580355,2025-08-24,Winston-Salem,NC0340200,13A,B,B,N,M,53,R,N,,Field/Woods,Field & Woods,Personal Weapons,Minor Injury,C
244092856,218580358,2025-08-24,Winston-Salem,NC0340200,13A,B,B,N,M,46,R,Y,BG,Residence/Home,Home,Blunt Object,Minor Injury,C
244092861,218580363,2025-08-24,Winston-Salem,NC0340200,13A,W,W,N,M,51,R,Y,XR,Residence/Home,Home,Knife/Cutting Instrument,,C
244092914,218580410,2025-08-25,Winston-Salem,NC0340200,13A,W,W,N,F,26,R,N,OK;VO,Residence/Home,Home,Knife/Cutting Instrument,,C
244092915,218580410,2025-08-25,Winston-Salem,NC0340200,13A,B,B,N,M,56,R,N,OK;VO,Residence/Home,Home,Knife/Cutting Instrument,,C
244092969,218580459,2025-08-26,Winston-Salem,NC0340200,13A,W,W,N,M,32,R,N,AQ,Highway/Road/Alley/Street/Sidewalk,Street & Sidewalk,Rifle,,C
244092971,218580461,2025-08-26,Winston-Salem,NC0340200,13A,B,B,N,M,54,R,Y,BG;VO,Residence/Home,Home,Personal Weapons,Severe Laceration,C
244092972,218580461,2025-08-26,Winston-Salem,NC0340200,13A,B,B,N,F,37,R,Y,BG;VO,Residence/Home,Home,Personal Weapons,,C
244093014,218580499,2025-08-26,Winston-Salem,NC0340200,13A,W,W,N,M,63,R,N,,Highway/Road/Alley/Street/Sidewalk,Street & Sidewalk,Firearm,,C
244093023,218580507,2025-08-27,Winston-Salem,NC0340200,13A,B,B,N,M,59,R,Y,BG;VO,Residence/Home,Home,Knife/Cutting Instrument,Minor Injury,C
244093064,218580542,2025-08-27,Winston-Salem,NC0340200,13A,B,B,N,M,22,R,N,CH,Residence/Home,Home,Handgun,,C
244093077,218580553,2025-08-27,Winston-Salem,NC0340200,13A,B,B,N,M,60,R,N,PA,Residence/Home,Home,Other,,C
244093078,218580553,2025-08-27,Winston-Salem,NC0340200,13A,B,B,N,M,32,R,N,SB;VO,Residence/Home,Home,Other,,C
244093079,218580553,2025-08-27,Winston-Salem,NC0340200,13A,B,B,N,M,29,R,N,SB;VO,Residence/Home,Home,Other,Minor Injury,C
244093082,218580556,2025-08-27,Winston-Salem,NC0340200,13A,W,W,X,M,54,R,N,RU,Highway/Road/Alley/Street/Sidewalk,Street & Sidewalk,Unknown,,C
244093083,218580556,2025-08-27,Winston-Salem,NC0340200,13A,W,W,N,M,51,R,N,RU,Highway/Road/Alley/Street/Sidewalk,Street & Sidewalk,Unknown,,C
244093084,218580556,2025-08-27,Winston-Salem,NC0340200,13A,W,W,N,F,49,N,N,RU,Highway/Road/Alley/Street/Sidewalk,Street & Sidewalk,Unknown,,C
244093085,218580557,2025-08-27,Winston-Salem,NC0340200,13A,B,B,N,M,45,R,N,,Residence/Home,Home,Knife/Cutting Instrument,Minor Injury,C
244093088,218580560,2025-08-27,Winston-Salem,NC0340200,13A,B,B,N,M,19,R,N,OK,Residence/Home,Home,Handgun,Other Major Injury,C
244093089,218580561,2025-08-27,Winston-Salem,NC0340200,13A,W,W,N,M,31,N,Y,XR,Bar/Nightclub,Bar & Nightclub,Other,,C
244093108,218580578,2025-08-28,Winston-Salem,NC0340200,13A,B,B,N,M,45,R,Y,XR,Parking/Drop Lot/Garage,Parking Lot,Motor Vehicle/Vessel,,C
244093147,218580613,2025-08-28,Winston-Salem,NC0340200,13A,W,W,X,M,44,N,N,,Highway/Road/Alley/Street/Sidewalk,Street & Sidewalk,Handgun,,C
244093186,218580648,2025-08-29,Winston-Salem,NC0340200,13A,W,W,N,F,51,R,N,RU,Grocery/Supermarket,Grocery Store,Handgun,,C
244093225,218580681,2025-08-29,Winston-Salem,NC0340200,13A,B,B,N,M,31,R,N,RU,Service/Gas Station,Gas Station,Blunt Object,Severe Laceration,C
244093245,218580697,2025-08-30,Winston-Salem,NC0340200,13A,W,W,N,F,34,R,Y,XR,Hotel/Motel/Etc.,Hotel & Motel,Knife/Cutting Instrument;Personal Weapons,Severe Laceration,C
244093271,218580718,2025-08-30,Winston-Salem,NC0340200,13A,B,B,N,F,62,R,N,SB,Residence/Home,Home,Blunt Object,Minor Injury,C
244093299,218580739,2025-08-30,Winston-Salem,NC0340200,13A,B,B,N,M,72,R,Y,VO;XR,ATM Separate from Bank,Cash Machine,Knife/Cutting Instrument,,C
244093300,218580739,2025-08-30,Winston-Salem,NC0340200,13A,B,B,N,F,38,R,Y,VO;XR,ATM Separate from Bank,Cash Machine,Knife/Cutting Instrument,,C
253883143,227150781,2025-08-30,Winston-Salem,NC0340200,13A,B,B,X,F,34,R,Y,BG,Residence/Home,Home,Knife/Cutting Instrument,Minor Injury,C
253883144,227150782,2025-08-30,Winston-Salem,NC0340200,13A,B,B,N,F,23,R,Y,BG;RU,Residence/Home,Home,Personal Weapons,Minor Injury,C
244093306,218580745,2025-08-31,Winston-Salem,NC0340200,13A,B,B,X,M,25,N,N,NE,Residence/Home,Home,Handgun,,C
244093307,218580745,2025-08-31,Winston-Salem,NC0340200,13A,W,W,X,F,21,R,N,NE,Residence/Home,Home,Handgun,,C
245875444,220147281,2025-09-01,Winston-Salem,NC0340200,13A,B,B,N,M,28,R,Y,BG,Residence/Home,Home,Motor Vehicle/Vessel,Minor Injury,C
245875476,220147306,2025-09-01,Winston-Salem,NC0340200,13A,H,B,H,F,26,R,Y,BG;VO,Highway/Road/Alley/Street/Sidewalk,Street & Sidewalk,Motor Vehicle/Vessel,,C
253883145,227150783,2025-09-01,Winston-Salem,NC0340200,13A,H,W,H,M,41,R,N,,Residence/Home,Home,Firearm,,C
253883146,227150783,2025-09-01,Winston-Salem,NC0340200,13A,W,W,X,M,14,R,N,,Residence/Home,Home,Firearm,,C
253883147,227150783,2025-09-01,Winston-Salem,NC0340200,13A,W,W,X,M,9,R,N,,Residence/Home,Home,Firearm,,C
253883148,227150783,2025-09-01,Winston-Salem,NC0340200,13A,W,W,X,F,34,R,N,,Residence/Home,Home,Firearm,,C
253883149,227150783,2025-09-01,Winston-Salem,NC0340200,13A,W,W,X,M,6,R,N,,Residence/Home,Home,Firearm,,C
253883150,227150783,2025-09-01,Winston-Salem,NC0340200,13A,W,W,X,F,4,R,N,,Residence/Home,Home,Firearm,,C
245875502,220147327,2025-09-02,Winston-Salem,NC0340200,13A,B,B,X,M,74,R,Y,SE;VO,Residence/Home,Home,Handgun,,C
245875503,220147327,2025-09-02,Winston-Salem,NC0340200,13A,B,B,N,F,50,R,Y,SE;VO,Residence/Home,Home,Handgun,,C
245875514,220147338,2025-09-02,Winston-Salem,NC0340200,13A,B,B,N,F,26,R,Y,XR,Highway/Road/Alley/Street/Sidewalk,Street & Sidewalk,Motor Vehicle/Vessel,,C
245875519,220147343,2025-09-02,Winston-Salem,NC0340200,13A,B,B,N,F,35,N,N,AQ,Highway/Road/Alley/Street/Sidewalk,Street & Sidewalk,Handgun,,C
245875529,220147351,2025-09-02,Winston-Salem,NC0340200,13A,B,B,X,M,10,R,N,CH,Residence/Home,Home,Personal Weapons,Minor Injury,C
245875541,220147363,2025-09-02,Winston-Salem,NC0340200,13A,B,B,N,F,21,R,N,OK,Residence/Home,Home,Unknown,,C
245875542,220147363,2025-09-02,Winston-Salem,NC0340200,13A,B,B,N,F,23,R,Y,XR,Residence/Home,Home,Unknown,,C
245875574,220147393,2025-09-02,Winston-Salem,NC0340200,13A,B,B,N,F,13,R,N,CH,Residence/Home,Home,Blunt Object,Minor Injury,C
245875889,220147671,2025-09-02,Winston-Salem,NC0340200,13A,B,B,N,F,33,R,N,RU,Residence/Home,Home,Handgun,,C
245875890,220147671,2025-09-02,Winston-Salem,NC0340200,13A,B,B,N,F,28,R,N,RU,Residence/Home,Home,Handgun,,C
245875599,220147417,2025-09-03,Winston-Salem,NC0340200,13A,W,W,N,M,24,R,Y,BG;VO,Residence/Home,Home,Blunt Object,Minor Injury,C
245875600,220147417,2025-09-03,Winston-Salem,NC0340200,13A,W,W,N,M,29,N,Y,BG;VO,Residence/Home,Home,Blunt Object,Minor Injury,C
245875666,220147476,2025-09-05,Winston-Salem,NC0340200,13A,B,B,N,M,49,R,N,,Highway/Road/Alley/Street/Sidewalk,Street & Sidewalk,Motor Vehicle/Vessel,,C
245875707,220147514,2025-09-05,Winston-Salem,NC0340200,13A,W,W,X,M,67,R,N,RU,Residence/Home,Home,Handgun,,C
245875717,220147524,2025-09-06,Winston-Salem,NC0340200,13A,B,B,N,M,33,R,N,RU;VO,Highway/Road/Alley/Street/Sidewalk,Street & Sidewalk,Firearm,,C
245875718,220147524,2025-09-06,Winston-Salem,NC0340200,13A,B,B,X,F,33,R,N,RU;VO,Highway/Road/Alley/Street/Sidewalk,Street & Sidewalk,Firearm,,C
245875735,220147537,2025-09-06,Winston-Salem,NC0340200,13A,B,B,N,F,27,R,N,ST,Highway/Road/Alley/Street/Sidewalk,Street & Sidewalk,Firearm,Other Major Injury,C
245875737,220147537,2025-09-06,Winston-Salem,NC0340200,13A,B,B,N,F,36,R,N,RU,Highway/Road/Alley/Street/Sidewalk,Street & Sidewalk,Firearm,,C
245875738,220147537,2025-09-06,Winston-Salem,NC0340200,13A,B,B,X,F,10,,N,RU,Highway/Road/Alley/Street/Sidewalk,Street & Sidewalk,Firearm,,C
245875739,220147537,2025-09-06,Winston-Salem,NC0340200,13A,B,B,N,F,7,N,N,RU,Highway/Road/Alley/Street/Sidewalk,Street & Sidewalk,Firearm,,C
245875751,220147549,2025-09-06,Winston-Salem,NC0340200,13A,H,W,H,F,29,R,N,ST,Highway/Road/Alley/Street/Sidewalk,Street & Sidewalk,Handgun,,C
245875752,220147549,2025-09-06,Winston-Salem,NC0340200,13A,H,W,H,M,34,R,N,ST,Highway/Road/Alley/Street/Sidewalk,Street & Sidewalk,Handgun,,C
245875759,220147555,2025-09-06,Winston-Salem,NC0340200,13A,B,B,N,F,45,R,Y,VO;XR,Residence/Home,Home,Knife/Cutting Instrument;Motor Vehicle/Vessel,Minor Injury,C
245875760,220147555,2025-09-06,Winston-Salem,NC0340200,13A,B,B,N,M,51,R,Y,VO;XR,Residence/Home,Home,Knife/Cutting Instrument;Motor Vehicle/Vessel,Minor Injury,C
245875808,220147596,2025-09-07,Winston-Salem,NC0340200,13A,B,B,N,F,24,R,Y,BG,Highway/Road/Alley/Street/Sidewalk,Street & Sidewalk,Handgun,,C
245875809,220147597,2025-09-07,Winston-Salem,NC0340200,13A,B,B,N,F,38,R,N,,Highway/Road/Alley/Street/Sidewalk,Street & Sidewalk,Handgun,,C
245875821,220147607,2025-09-07,Winston-Salem,NC0340200,13A,B,B,N,M,60,R,N,RU,Residence/Home,Home,Blunt Object,Minor Injury,C
245875829,220147615,2025-09-07,Winston-Salem,NC0340200,13A,W,W,N,F,22,N,Y,SE,Highway/Road/Alley/Street/Sidewalk,Street & Sidewalk,Handgun,,C
245875848,220147632,2025-09-08,Winston-Salem,NC0340200,13A,B,B,N,M,31,R,N,OK,Residence/Home,Home,Blunt Object,Possible Internal Injury,C
245876164,220147908,2025-09-08,Winston-Salem,NC0340200,13A,B,B,N,F,64,R,N,,Residence/Home,Home,Firearm,,C
249361578,223190576,2025-09-08,Winston-Salem,NC0340200,13A,B,B,N,M,22,R,N,RU,Highway/Road/Alley/Street/Sidewalk,Street & Sidewalk,Rifle,Other Major Injury,C
245875935,220147709,2025-09-10,Winston-Salem,NC0340200,13A,H,W,H,M,27,U,N,,Residence/Home,Home,Handgun,Minor Injury,C
245875952,220147723,2025-09-10,Winston-Salem,NC0340200,13A,W,W,N,M,24,R,Y,XR,Residence/Home,Home,Motor Vehicle/Vessel,,C
245875953,220147723,2025-09-10,Winston-Salem,NC0340200,13A,B,B,N,F,28,R,N,RU,Residence/Home,Home,Motor Vehicle/Vessel,,C
245875987,220147755,2025-09-10,Winston-Salem,NC0340200,13A,B,B,N,F,39,R,Y,XS,Residence/Home,Home,Motor Vehicle/Vessel,,C
245875995,220147762,2025-09-10,Winston-Salem,NC0340200,13A,H,W,H,M,18,R,N,ST,Highway/Road/Alley/Street/Sidewalk,Street & Sidewalk,Knife/Cutting Instrument,,C
245876021,220147784,2025-09-11,Winston-Salem,NC0340200,13A,B,B,N,M,56,R,N,SS,Highway/Road/Alley/Street/Sidewalk,Street & Sidewalk,Handgun,,C
245876056,220147815,2025-09-11,Winston-Salem,NC0340200,13A,H,W,H,M,48,N,N,OK,Residence/Home,Home,Personal Weapons,Loss of Teeth,C
248176543,222156616,2025-09-11,Winston-Salem,NC0340200,13A,B,B,N,M,36,R,Y,BG,Auto Dealership New/Used,Auto Dealership,Motor Vehicle/Vessel,,C
245876075,220147833,2025-09-12,Winston-Salem,NC0340200,13A,B,B,N,F,38,R,N,ST,Residence/Home,Home,Firearm,,C
245876076,220147833,2025-09-12,Winston-Salem,NC0340200,13A,B,B,N,M,17,R,N,AQ,Residence/Home,Home,Firearm,,C
245876077,220147833,2025-09-12,Winston-Salem,NC0340200,13A,B,B,N,M,15,R,N,AQ,Residence/Home,Home,Firearm,,C
248176548,222156618,2025-09-12,Winston-Salem,NC0340200,13A,B,B,N,M,41,R,N,AQ,Residence/Home,Home,Other,Minor Injury,C
245876186,220147926,2025-09-14,Winston-Salem,NC0340200,13A,H,W,H,F,34,R,Y,SE,Residence/Home,Home,Personal Weapons,Unconscious,C
245876240,220147973,2025-09-14,Winston-Salem,NC0340200,13A,W,W,X,M,30,R,N,,Highway/Road/Alley/Street/Sidewalk,Street & Sidewalk,Other,Minor Injury,C
248176552,222156621,2025-09-14,Winston-Salem,NC0340200,13A,W,W,N,F,38,R,N,,Hotel/Motel/Etc.,Hotel & Motel,,,C
249361580,223190577,2025-09-14,Winston-Salem,NC0340200,13A,B,B,N,M,17,R,N,OK,Highway/Road/Alley/Street/Sidewalk,Street & Sidewalk,Handgun,Other Major Injury,C
245876248,220147980,2025-09-15,Winston-Salem,NC0340200,13A,H,W,H,M,64,R,N,,Residence/Home,Home,Firearm,,C
245876249,220147980,2025-09-15,Winston-Salem,NC0340200,13A,H,W,H,F,66,R,N,,Residence/Home,Home,Firearm,,C
245876250,220147980,2025-09-15,Winston-Salem,NC0340200,13A,B,B,X,M,33,R,N,,Residence/Home,Home,Firearm,,C
245876251,220147980,2025-09-15,Winston-Salem,NC0340200,13A,B,B,X,M,2,R,N,,Residence/Home,Home,Firearm,,C
245876252,220147980,2025-09-15,Winston-Salem,NC0340200,13A,B,B,X,F,32,R,N,,Residence/Home,Home,Firearm,,C
245876253,220147980,2025-09-15,Winston-Salem,NC0340200,13A,B,B,X,M,49,R,N,,Residence/Home,Home,Firearm,,C
245876254,220147980,2025-09-15,Winston-Salem,NC0340200,13A,B,B,X,F,32,R,N,,Residence/Home,Home,Firearm,,C
245876255,220147980,2025-09-15,Winston-Salem,NC0340200,13A,H,W,H,M,26,R,N,,Residence/Home,Home,Firearm,,C
245876256,220147980,2025-09-15,Winston-Salem,NC0340200,13A,H,W,H,F,23,R,N,,Residence/Home,Home,Firearm,,C
245876257,220147980,2025-09-15,Winston-Salem,NC0340200,13A,B,B,X,M,5,R,N,,Residence/Home,Home,Firearm,,C
245876258,220147980,2025-09-15,Winston-Salem,NC0340200,13A,B,B,X,M,7,R,N,,Residence/Home,Home,Firearm,,C
245876262,220147984,2025-09-15,Winston-Salem,NC0340200,13A,B,B,N,F,44,R,N,,Residence/Home,Home,Shotgun,,C
245876322,220148029,2025-09-15,Winston-Salem,NC0340200,13A,B,B,N,F,33,R,N,,Residence/Home,Home,Other,Minor Injury,C
245876323,220148029,2025-09-15,Winston-Salem,NC0340200,13A,B,B,N,M,16,R,N,,Residence/Home,Home,Other,Minor Injury,C
245876324,220148029,2025-09-15,Winston-Salem,NC0340200,13A,B,B,N,F,31,R,N,,Residence/Home,Home,Other,,C
245876326,220148031,2025-09-15,Winston-Salem,NC0340200,13A,W,W,X,F,0,U,N,,Other/Unknown,Other & Unknown,Unknown,Minor Injury,C
253883161,227150793,2025-09-15,Winston-Salem,NC0340200,13A,H,W,H,F,21,R,N,ST,Highway/Road/Alley/Street/Sidewalk,Street & Sidewalk,Handgun,,C
253883162,227150793,2025-09-15,Winston-Salem,NC0340200,13A,H,W,H,F,21,R,N,ST,Highway/Road/Alley/Street/Sidewalk,Street & Sidewalk,Handgun,,C
253883163,227150793,2025-09-15,Winston-Salem,NC0340200,13A,H,W,H,F,17,R,N,ST,Highway/Road/Alley/Street/Sidewalk,Street & Sidewalk,Handgun,,C
245876332,220148036,2025-09-16,Winston-Salem,NC0340200,13A,W,W,X,M,71,R,N,,Residence/Home,Home,Firearm,,C
245876333,220148036,2025-09-16,Winston-Salem,NC0340200,13A,W,W,N,F,56,R,N,,Residence/Home,Home,Firearm,,C
245876348,220148050,2025-09-16,Winston-Salem,NC0340200,13A,W,W,X,F,32,N,N,,Highway/Road/Alley/Street/Sidewalk,Street & Sidewalk,Handgun,,C
245876353,220148053,2025-09-16,Winston-Salem,NC0340200,13A,B,B,N,F,41,R,N,NE,Residence/Home,Home,Firearm,,C
245876354,220148053,2025-09-16,Winston-Salem,NC0340200,13A,B,B,X,F,16,R,N,NE,Residence/Home,Home,Firearm,,C
245876376,220148073,2025-09-16,Winston-Salem,NC0340200,13A,W,W,N,F,19,R,N,,Highway/Road/Alley/Street/Sidewalk,Street & Sidewalk,Handgun,,C
245876379,220148075,2025-09-16,Winston-Salem,NC0340200,13A,B,B,N,F,20,R,Y,BG,Hotel/Motel/Etc.,Hotel & Motel,Personal Weapons,Minor Injury,C
245876441,220148127,2025-09-17,Winston-Salem,NC0340200,13A,B,B,N,M,43,R,Y,XR,School-Elementary/Secondary,K-12 School,Handgun,,C
248176555,222156623,2025-09-17,Winston-Salem,NC0340200,13A,B,B,N,F,40,R,Y,XR,Convenience Store,Convenience Store,Handgun,,C
245876456,220148142,2025-09-18,Winston-Salem,NC0340200,13A,B,B,N,F,36,R,N,ST,Parking/Drop Lot/Garage,Parking Lot,Handgun,,C
245876472,220148157,2025-09-18,Winston-Salem,NC0340200,13A,H,W,H,F,51,R,N,,Residence/Home,Home,Motor Vehicle/Vessel,Minor Injury;Possible Internal Injury,C
245876484,220148167,2025-09-18,Winston-Salem,NC0340200,13A,B,B,N,F,12,R,N,NE,Parking/Drop Lot/Garage,Parking Lot,Handgun,,C
245876485,220148167,2025-09-18,Winston-Salem,NC0340200,13A,B,B,N,M,10,R,N,NE,Parking/Drop Lot/Garage,Parking Lot,Handgun,,C
245876508,220148187,2025-09-19,Winston-Salem,NC0340200,13A,W,W,N,F,50,R,Y,BG,Residence/Home,Home,Handgun,,C
245876547,220148222,2025-09-19,Winston-Salem,NC0340200,13A,B,B,N,F,71,R,N,PA,Residence/Home,Home,Personal Weapons,,C
245876555,220148230,2025-09-19,Winston-Salem,NC0340200,13A,H,W,H,M,39,R,N,FR,Residence/Home,Home,Blunt Object,Minor Injury,C
245876560,220148235,2025-09-19,Winston-Salem,NC0340200,13A,B,B,N,F,21,R,N,AQ,Residence/Home,Home,Knife/Cutting Instrument,,C
245876564,220148239,2025-09-19,Winston-Salem,NC0340200,13A,W,W,N,F,35,R,N,ST,Bar/Nightclub,Bar & Nightclub,Other,Minor Injury,C
245877325,220148895,2025-09-19,Winston-Salem,NC0340200,13A,H,W,H,M,42,R,N,,Bar/Nightclub,Bar & Nightclub,Other,,C
245877326,220148895,2025-09-19,Winston-Salem,NC0340200,13A,H,W,H,M,40,R,N,,Bar/Nightclub,Bar & Nightclub,Other,,C
245876610,220148281,2025-09-20,Winston-Salem,NC0340200,13A,B,B,N,M,52,R,N,OK,Highway/Road/Alley/Street/Sidewalk,Street & Sidewalk,Motor Vehicle/Vessel,Minor Injury,C
245876620,220148289,2025-09-20,Winston-Salem,NC0340200,13A,W,W,N,M,66,R,N,,Residence/Home,Home,Firearm,,C
245876621,220148289,2025-09-20,Winston-Salem,NC0340200,13A,W,W,X,F,60,N,N,,Residence/Home,Home,Firearm,,C
245876622,220148290,2025-09-20,Winston-Salem,NC0340200,13A,W,W,N,M,38,R,N,RU,Shelter-Mission/Homeless,Shelter,,Other Major Injury,C
245876931,220148553,2025-09-20,Winston-Salem,NC0340200,13A,B,B,N,F,31,R,Y,XR,Residence/Home,Home,Personal Weapons,Minor Injury,C
245876651,220148314,2025-09-21,Winston-Salem,NC0340200,13A,H,W,H,M,37,R,Y,XR,Residence/Home,Home,Knife/Cutting Instrument,Severe Laceration,C
245876653,220148316,2025-09-21,Winston-Salem,NC0340200,13A,B,B,N,F,48,R,Y,BG,Residence/Home,Home,Handgun,,C
245876657,220148320,2025-09-21,Winston-Salem,NC0340200,13A,W,W,N,M,34,N,Y,SE,Residence/Home,Home,Other,,C
245876683,220148342,2025-09-21,Winston-Salem,NC0340200,13A,B,B,N,M,16,R,N,,Residence/Home,Home,Handgun,,C
245876689,220148347,2025-09-21,Winston-Salem,NC0340200,13A,B,B,N,F,14,R,N,CH,Residence/Home,Home,Personal Weapons,Minor Injury,C
245876693,220148351,2025-09-21,Winston-Salem,NC0340200,13A,B,B,N,F,48,R,N,PA,Residence/Home,Home,Other,Minor Injury,C
245876718,220148370,2025-09-21,Winston-Salem,NC0340200,13A,H,W,H,M,25,R,Y,BG;VO,Residence/Home,Home,Blunt Object;Knife/Cutting Instrument;Personal Weapons,Minor Injury,C
245876719,220148370,2025-09-21,Winston-Salem,NC0340200,13A,H,W,H,F,19,R,Y,BG;VO,Residence/Home,Home,Blunt Object;Knife/Cutting Instrument;Personal Weapons,Minor Injury,C
245876747,220148394,2025-09-22,Winston-Salem,NC0340200,13A,B,B,N,F,63,R,N,PA;VO,Residence/Home,Home,Blunt Object,,C
245876748,220148394,2025-09-22,Winston-Salem,NC0340200,13A,B,B,N,F,40,R,N,CH;VO,Residence/Home,Home,Blunt Object,,C
245876762,220148406,2025-09-22,Winston-Salem,NC0340200,13A,W,W,N,F,51,R,Y,BG,Field/Woods,Field & Woods,Knife/Cutting Instrument,,C
245876765,220148409,2025-09-22,Winston-Salem,NC0340200,13A,W,W,N,M,41,R,N,,Highway/Road/Alley/Street/Sidewalk,Street & Sidewalk,Other,,C
245876792,220148434,2025-09-23,Winston-Salem,NC0340200,13A,H,W,H,M,49,R,N,OK;ST,Residence/Home,Home,Personal Weapons,Minor Injury,C
245876833,220148470,2025-09-23,Winston-Salem,NC0340200,13A,W,W,N,M,43,R,N,,Highway/Road/Alley/Street/Sidewalk,Street & Sidewalk,Firearm,Other Major Injury,C
245876865,220148495,2025-09-24,Winston-Salem,NC0340200,13A,B,B,N,M,51,R,N,PA;VO,Residence/Home,Home,Knife/Cutting Instrument;Other Firearm,,C
245876866,220148495,2025-09-24,Winston-Salem,NC0340200,13A,B,B,N,M,27,R,N,CH;VO,Residence/Home,Home,Knife/Cutting Instrument;Other Firearm,Minor Injury,C
245876868,220148497,2025-09-24,Winston-Salem,NC0340200,13A,W,W,N,M,54,R,N,FR,Residence/Home,Home,Knife/Cutting Instrument,,C
245876918,220148542,2025-09-24,Winston-Salem,NC0340200,13A,W,W,X,F,42,R,Y,XS,Residence/Home,Home,Knife/Cutting Instrument,,C
245876939,220148560,2025-09-25,Winston-Salem,NC0340200,13A,B,B,N,F,33,R,Y,BG,Highway/Road/Alley/Street/Sidewalk,Street & Sidewalk,Handgun,Other Major Injury,C
248176561,222156629,2025-09-25,Winston-Salem,NC0340200,13A,B,B,N,F,33,N,Y,BG,Residence/Home,Home,Handgun,Other Major Injury,C
245876999,220148612,2025-09-26,Winston-Salem,NC0340200,13A,B,B,N,M,77,R,N,NE;VO,Residence/Home,Home,Blunt Object;Shotgun,,C
245877000,220148612,2025-09-26,Winston-Salem,NC0340200,13A,B,B,N,F,25,R,N,NE;VO,Residence/Home,Home,Blunt Object;Shotgun,,C
245877033,220148639,2025-09-26,Winston-Salem,NC0340200,13A,B,B,N,M,55,R,N,ST,Highway/Road/Alley/Street/Sidewalk,Street & Sidewalk,Motor Vehicle/Vessel,,C
245877172,220148759,2025-09-26,Winston-Salem,NC0340200,13A,W,W,N,F,34,R,Y,XR,Residence/Home,Home,Personal Weapons,Other Major Injury,C
245877059,220148662,2025-09-27,Winston-Salem,NC0340200,13A,B,B,N,M,75,R,N,OK,Parking/Drop Lot/Garage,Parking Lot,Motor Vehicle/Vessel,,C
245877064,220148667,2025-09-27,Winston-Salem,NC0340200,13A,W,W,X,F,32,N,N,,Hotel/Motel/Etc.,Hotel & Motel,Handgun,,C
245877067,220148670,2025-09-27,Winston-Salem,NC0340200,13A,H,W,H,M,28,R,N,ST,Highway/Road/Alley/Street/Sidewalk,Street & Sidewalk,Firearm,,C
245877073,220148676,2025-09-27,Winston-Salem,NC0340200,13A,B,B,N,M,17,R,N,,Highway/Road/Alley/Street/Sidewalk,Street & Sidewalk,Firearm,Other Major Injury,C
245877074,220148677,2025-09-27,Winston-Salem,NC0340200,13A,W,W,X,F,41,R,Y,SE,Residence/Home,Home,Knife/Cutting Instrument,,C
245877203,220148787,2025-09-29,Winston-Salem,NC0340200,13A,B,B,N,M,53,R,N,,Field/Woods,Field & Woods,Blunt Object,Severe Laceration,C
248176565,222156633,2025-09-29,Winston-Salem,NC0340200,13A,H,W,H,F,20,R,N,,Parking/Drop Lot/Garage,Parking Lot,Handgun,Other Major Injury,C
248176566,222156633,2025-09-29,Winston-Salem,NC0340200,13A,H,W,H,M,21,R,N,,Parking/Drop Lot/Garage,Parking Lot,Handgun,Other Major Injury,C
245877245,220148822,2025-09-30,Winston-Salem,NC0340200,13A,B,B,N,F,29,R,N,NE,Residence/Home,Home,Other,,C
245877246,220148822,2025-09-30,Winston-Salem,NC0340200,13A,B,B,N,M,35,R,N,NE,Residence/Home,Home,Other,,C
245877272,220148847,2025-09-30,Winston-Salem,NC0340200,13A,B,B,N,M,37,R,N,OK,Hotel/Motel/Etc.,Hotel & Motel,Blunt Object,Minor Injury,C
245877276,220148851,2025-09-30,Winston-Salem,NC0340200,13A,W,W,N,M,24,R,N,,Residence/Home,Home,Firearm,,C
245877277,220148851,2025-09-30,Winston-Salem,NC0340200,13A,W,W,X,F,22,R,N,,Residence/Home,Home,Firearm,,C
245877278,220148851,2025-09-30,Winston-Salem,NC0340200,13A,W,W,X,M,0,R,N,,Residence/Home,Home,Firearm,,C
245877285,220148858,2025-09-30,Winston-Salem,NC0340200,13A,B,B,N,M,47,R,N,,Highway/Road/Alley/Street/Sidewalk,Street & Sidewalk,Handgun,,C
248176571,222156637,2025-10-01,Winston-Salem,NC0340200,13A,B,B,N,M,18,R,N,,Residence/Home,Home,Handgun,Minor Injury,C
248176576,222156640,2025-10-01,Winston-Salem,NC0340200,13A,B,B,N,M,32,R,Y,VO;XR,Residence/Home,Home,Personal Weapons,Minor Injury,C
248176577,222156640,2025-10-01,Winston-Salem,NC0340200,13A,H,W,H,F,40,R,Y,VO;XR,Residence/Home,Home,Personal Weapons,Severe Laceration,C
248176581,222156644,2025-10-01,Winston-Salem,NC0340200,13A,B,B,N,F,21,R,Y,XR,Parking/Drop Lot/Garage,Parking Lot,Firearm,,C
248176623,222156683,2025-10-01,Winston-Salem,NC0340200,13A,B,B,N,F,38,R,N,AQ,Parking/Drop Lot/Garage,Parking Lot,Handgun,,C
248176628,222156688,2025-10-01,Winston-Salem,NC0340200,13A,B,B,X,M,0,R,N,CH,Residence/Home,Home,,Apparent Broken Bones,C
248176659,222156716,2025-10-02,Winston-Salem,NC0340200,13A,B,B,N,M,12,R,N,AQ;RU,Highway/Road/Alley/Street/Sidewalk,Street & Sidewalk,Handgun,,C
248176664,222156720,2025-10-02,Winston-Salem,NC0340200,13A,W,W,N,M,26,R,N,,Residence/Home,Home,Rifle,,C
248176665,222156720,2025-10-02,Winston-Salem,NC0340200,13A,H,W,H,F,44,R,N,,Residence/Home,Home,Rifle,,C
248176666,222156720,2025-10-02,Winston-Salem,NC0340200,13A,W,W,X,F,26,R,N,,Residence/Home,Home,Rifle,,C
248176667,222156720,2025-10-02,Winston-Salem,NC0340200,13A,B,B,X,M,35,R,N,,Residence/Home,Home,Rifle,,C
248176718,222156761,2025-10-03,Winston-Salem,NC0340200,13A,H,W,H,M,49,R,N,PA;VO,Residence/Home,Home,Other;Personal Weapons,Apparent Broken Bones,C
248176719,222156761,2025-10-03,Winston-Salem,NC0340200,13A,H,W,H,M,20,R,N,CH;VO,Residence/Home,Home,Other;Personal Weapons,,C
248176727,222156767,2025-10-03,Winston-Salem,NC0340200,13A,H,W,H,M,44,R,N,,Highway/Road/Alley/Street/Sidewalk,Street & Sidewalk,Handgun,,C
248176728,222156767,2025-10-03,Winston-Salem,NC0340200,13A,H,W,H,M,39,R,N,,Highway/Road/Alley/Street/Sidewalk,Street & Sidewalk,Handgun,,C
248176729,222156767,2025-10-03,Winston-Salem,NC0340200,13A,H,W,H,F,49,R,N,,Highway/Road/Alley/Street/Sidewalk,Street & Sidewalk,Handgun,,C
248176730,222156767,2025-10-03,Winston-Salem,NC0340200,13A,H,W,H,F,24,R,N,,Highway/Road/Alley/Street/Sidewalk,Street & Sidewalk,Handgun,,C
248176731,222156767,2025-10-03,Winston-Salem,NC0340200,13A,H,W,H,F,20,R,N,,Highway/Road/Alley/Street/Sidewalk,Street & Sidewalk,Handgun,,C
248176732,222156767,2025-10-03,Winston-Salem,NC0340200,13A,H,W,H,F,0,R,N,,Highway/Road/Alley/Street/Sidewalk,Street & Sidewalk,Handgun,,C
248176733,222156767,2025-10-03,Winston-Salem,NC0340200,13A,H,W,H,M,6,R,N,,Highway/Road/Alley/Street/Sidewalk,Street & Sidewalk,Handgun,,C
248176734,222156767,2025-10-03,Winston-Salem,NC0340200,13A,H,W,H,F,4,R,N,,Highway/Road/Alley/Street/Sidewalk,Street & Sidewalk,Handgun,,C
248176740,222156772,2025-10-03,Winston-Salem,NC0340200,13A,B,B,N,M,54,R,N,,Highway/Road/Alley/Street/Sidewalk,Street & Sidewalk,Knife/Cutting Instrument,Minor Injury,C
253883185,227150810,2025-10-03,Winston-Salem,NC0340200,13A,H,W,H,M,0,R,N,,Residence/Home,Home,Unknown,Possible Internal Injury,C
248176784,222156813,2025-10-04,Winston-Salem,NC0340200,13A,B,B,N,M,35,R,Y,BG,Parking/Drop Lot/Garage,Parking Lot,Motor Vehicle/Vessel,,C
248176798,222156824,2025-10-05,Winston-Salem,NC0340200,13A,B,B,N,M,59,R,Y,BG,Residence/Home,Home,Knife/Cutting Instrument,Minor Injury,C
248176805,222156831,2025-10-05,Winston-Salem,NC0340200,13A,W,W,N,F,38,R,N,,Residence/Home,Home,Firearm,,C
248176806,222156831,2025-10-05,Winston-Salem,NC0340200,13A,H,W,H,F,21,R,N,,Residence/Home,Home,Firearm,,C
248176807,222156831,2025-10-05,Winston-Salem,NC0340200,13A,B,B,N,F,19,R,N,,Residence/Home,Home,Firearm,,C
248176808,222156831,2025-10-05,Winston-Salem,NC0340200,13A,W,W,N,F,20,R,N,,Residence/Home,Home,Firearm,,C
248176809,222156831,2025-10-05,Winston-Salem,NC0340200,13A,H,W,H,M,23,R,N,,Residence/Home,Home,Firearm,,C
248176810,222156831,2025-10-05,Winston-Salem,NC0340200,13A,H,W,H,M,24,R,N,,Residence/Home,Home,Firearm,,C
248176811,222156831,2025-10-05,Winston-Salem,NC0340200,13A,H,W,H,F,21,R,N,,Residence/Home,Home,Firearm,,C
248176839,222156856,2025-10-05,Winston-Salem,NC0340200,13A,B,B,N,M,15,R,N,,Highway/Road/Alley/Street/Sidewalk,Street & Sidewalk,Handgun,,C
248176851,222156864,2025-10-06,Winston-Salem,NC0340200,13A,B,B,N,M,33,R,Y,XR,Other/Unknown,Other & Unknown,Handgun,,C
248176883,222156892,2025-10-06,Winston-Salem,NC0340200,13A,B,B,N,F,30,R,Y,BG,Residence/Home,Home,Personal Weapons,Minor Injury,C
248176902,222156906,2025-10-06,Winston-Salem,NC0340200,13A,B,B,N,M,30,R,N,ST,Highway/Road/Alley/Street/Sidewalk,Street & Sidewalk,Unknown,,C
248176903,222156906,2025-10-06,Winston-Salem,NC0340200,13A,W,W,X,M,42,N,N,ST,Highway/Road/Alley/Street/Sidewalk,Street & Sidewalk,Unknown,,C
248176904,222156907,2025-10-06,Winston-Salem,NC0340200,13A,B,B,N,M,16,R,N,OF;VO,Highway/Road/Alley/Street/Sidewalk,Street & Sidewalk,Blunt Object;Firearm;Knife/Cutting Instrument,,C
248176905,222156907,2025-10-06,Winston-Salem,NC0340200,13A,B,B,N,F,15,R,N,OF;VO,Highway/Road/Alley/Street/Sidewalk,Street & Sidewalk,Blunt Object;Firearm;Knife/Cutting Instrument,Minor Injury,C
248176906,222156908,2025-10-06,Winston-Salem,NC0340200,13A,B,B,N,M,53,R,N,OK,Service/Gas Station,Gas Station,Blunt Object,Minor Injury,C
248176907,222156908,2025-10-06,Winston-Salem,NC0340200,13A,H,W,H,F,37,R,N,RU,Service/Gas Station,Gas Station,Blunt Object,,C
248176919,222156916,2025-10-06,Winston-Salem,NC0340200,13A,H,W,H,F,39,R,N,PA,Residence/Home,Home,Knife/Cutting Instrument,Minor Injury,C
248176941,222156935,2025-10-07,Winston-Salem,NC0340200,13A,B,B,N,M,15,R,N,GC,Residence/Home,Home,Firearm,Other Major Injury,C
248177036,222157014,2025-10-07,Winston-Salem,NC0340200,13A,W,W,N,M,25,R,Y,SE,Residence/Home,Home,Handgun;Personal Weapons,,C
248177058,222157033,2025-10-08,Winston-Salem,NC0340200,13A,W,W,X,F,17,R,Y,BG,Highway/Road/Alley/Street/Sidewalk,Street & Sidewalk,Handgun,Minor Injury,C
248177059,222157033,2025-10-08,Winston-Salem,NC0340200,13A,H,W,H,M,17,R,N,OK,Highway/Road/Alley/Street/Sidewalk,Street & Sidewalk,Handgun,,C
248177075,222157047,2025-10-08,Winston-Salem,NC0340200,13A,B,B,N,F,30,R,Y,BG,Residence/Home,Home,Handgun;Personal Weapons,,C
248177113,222157081,2025-10-08,Winston-Salem,NC0340200,13A,B,B,N,F,23,R,Y,BG,Residence/Home,Home,Personal Weapons,,C
248177120,222157088,2025-10-08,Winston-Salem,NC0340200,13A,W,W,X,M,36,N,N,ST,Restaurant,Restaurant,Knife/Cutting Instrument,,C
248177137,222157105,2025-10-08,Winston-Salem,NC0340200,13A,B,B,N,F,40,N,N,IL,Residence/Home,Home,Handgun,,C
248177233,222157193,2025-10-09,Winston-Salem,NC0340200,13A,B,B,X,F,20,R,N,,Highway/Road/Alley/Street/Sidewalk,Street & Sidewalk,Blunt Object,Minor Injury,C
248177408,222157358,2025-10-09,Winston-Salem,NC0340200,13A,H,W,H,F,19,R,N,AQ,Residence/Home,Home,Handgun,Minor Injury,C
248177341,222157296,2025-10-10,Winston-Salem,NC0340200,13A,W,W,N,M,35,N,N,RU,Highway/Road/Alley/Street/Sidewalk,Street & Sidewalk,Firearm,,C
248177403,222157354,2025-10-10,Winston-Salem,NC0340200,13A,B,B,N,F,66,R,N,ST,Residence/Home,Home,Shotgun,Other Major Injury,C
248177404,222157354,2025-10-10,Winston-Salem,NC0340200,13A,B,B,N,M,44,R,N,OK,Residence/Home,Home,Shotgun,Other Major Injury,C
248177417,222157367,2025-10-10,Winston-Salem,NC0340200,13A,B,B,N,M,38,R,N,OK,Highway/Road/Alley/Street/Sidewalk,Street & Sidewalk,Blunt Object,Possible Internal Injury;Severe Laceration,C
248177434,222157382,2025-10-10,Winston-Salem,NC0340200,13A,B,B,X,M,5,R,N,CH,Residence/Home,Home,Blunt Object,Minor Injury,C
253883187,227150812,2025-10-10,Winston-Salem,NC0340200,13A,B,B,N,M,6,R,N,OK,Drug Store/Doctor's Office/Hospital,Hospital & Clinic,Personal Weapons,Possible Internal Injury,C
248177475,222157421,2025-10-11,Winston-Salem,NC0340200,13A,W,W,N,M,26,R,N,RU,Bar/Nightclub,Bar & Nightclub,Personal Weapons,Possible Internal Injury,C
248177492,222157433,2025-10-11,Winston-Salem,NC0340200,13A,B,B,N,M,25,R,N,SB,Residence/Home,Home,,Minor Injury,C
248177494,222157434,2025-10-11,Winston-Salem,NC0340200,13A,W,W,N,F,1,R,N,CH,Residence/Home,Home,Personal Weapons,Minor Injury,C
248177579,222157506,2025-10-13,Winston-Salem,NC0340200,13A,W,W,N,F,30,R,N,OK,Residence/Home,Home,Motor Vehicle/Vessel,Minor Injury,C
248177603,222157530,2025-10-13,Winston-Salem,NC0340200,13A,B,B,N,F,23,R,N,,Parking/Drop Lot/Garage,Parking Lot,Firearm,,C
248177639,222157563,2025-10-13,Winston-Salem,NC0340200,13A,B,B,N,F,43,R,Y,BG,Residence/Home,Home,Knife/Cutting Instrument,Minor Injury,C
248177642,222157566,2025-10-13,Winston-Salem,NC0340200,13A,B,B,N,F,24,R,Y,XR,Highway/Road/Alley/Street/Sidewalk,Street & Sidewalk,Knife/Cutting Instrument,Minor Injury,C
248177804,222157710,2025-10-13,Winston-Salem,NC0340200,13A,W,W,X,F,34,R,Y,SE,Residence/Home,Home,Handgun,,C
248177805,222157710,2025-10-13,Winston-Salem,NC0340200,13A,W,W,X,F,11,R,N,CH,Residence/Home,Home,Handgun,,C
248177806,222157710,2025-10-13,Winston-Salem,NC0340200,13A,W,W,X,M,10,R,N,CH,Residence/Home,Home,Handgun,,C
248177681,222157600,2025-10-14,Winston-Salem,NC0340200,13A,B,B,N,F,26,R,N,,Highway/Road/Alley/Street/Sidewalk,Street & Sidewalk,Handgun,,C
248177704,222157621,2025-10-15,Winston-Salem,NC0340200,13A,B,B,N,M,31,R,N,AQ,Residence/Home,Home,Knife/Cutting Instrument,Other Major Injury,C
248177713,222157629,2025-10-15,Winston-Salem,NC0340200,13A,B,B,N,F,28,R,N,RU,Parking/Drop Lot/Garage,Parking Lot,Handgun,Minor Injury,C
248177768,222157680,2025-10-15,Winston-Salem,NC0340200,13A,W,W,N,F,46,R,N,AQ,Residence/Home,Home,Personal Weapons,Loss of Teeth,C
248178166,222158014,2025-10-15,Winston-Salem,NC0340200,13A,B,B,N,F,41,R,N,,Shopping Mall,Shopping Mall,Handgun,,C
248177795,222157701,2025-10-16,Winston-Salem,NC0340200,13A,B,B,N,M,45,R,N,OK,Highway/Road/Alley/Street/Sidewalk,Street & Sidewalk,Knife/Cutting Instrument,Other Major Injury,C
248177843,222157740,2025-10-16,Winston-Salem,NC0340200,13A,B,B,N,M,19,R,N,,Highway/Road/Alley/Street/Sidewalk,Street & Sidewalk,Handgun,Other Major Injury,C
248178136,222157985,2025-10-16,Winston-Salem,NC0340200,13A,B,B,N,F,33,R,N,AQ,Residence/Home,Home,Knife/Cutting Instrument,Severe Laceration,C
248177850,222157747,2025-10-17,Winston-Salem,NC0340200,13A,B,B,X,M,0,R,N,CH,Residence/Home,Home,Unknown,Other Major Injury,C
248177934,222157815,2025-10-18,Winston-Salem,NC0340200,13A,W,W,N,F,35,R,N,FR;VO,Residence/Home,Home,Handgun,Minor Injury,C
248177935,222157815,2025-10-18,Winston-Salem,NC0340200,13A,B,B,N,M,58,R,N,FR;VO,Residence/Home,Home,Handgun,,C
248177939,222157818,2025-10-18,Winston-Salem,NC0340200,13A,W,W,X,F,24,R,N,ST,Highway/Road/Alley/Street/Sidewalk,Street & Sidewalk,Handgun,,C
248177948,222157827,2025-10-18,Winston-Salem,NC0340200,13A,B,B,X,F,20,R,Y,BG,Residence/Home,Home,Personal Weapons,Minor Injury,C
248177958,222157836,2025-10-18,Winston-Salem,NC0340200,13A,W,W,N,M,46,R,N,ST,Highway/Road/Alley/Street/Sidewalk,Street & Sidewalk,Handgun,,C
248177959,222157836,2025-10-18,Winston-Salem,NC0340200,13A,W,W,X,M,28,R,N,ST,Highway/Road/Alley/Street/Sidewalk,Street & Sidewalk,Handgun,,C
248177985,222157857,2025-10-19,Winston-Salem,NC0340200,13A,H,W,H,M,20,R,N,RU,Highway/Road/Alley/Street/Sidewalk,Street & Sidewalk,Firearm,Other Major Injury,C
248177986,222157857,2025-10-19,Winston-Salem,NC0340200,13A,H,W,H,M,20,R,N,RU,Highway/Road/Alley/Street/Sidewalk,Street & Sidewalk,Firearm,Other Major Injury,C
248177991,222157862,2025-10-19,Winston-Salem,NC0340200,13A,W,W,N,M,44,R,N,AQ,Residence/Home,Home,Handgun,,C
248178039,222157902,2025-10-19,Winston-Salem,NC0340200,13A,B,B,N,M,53,R,Y,BG,Residence/Home,Home,Knife/Cutting Instrument,,C
248178079,222157934,2025-10-20,Winston-Salem,NC0340200,13A,B,B,N,F,22,N,N,FR,Other/Unknown,Other & Unknown,Motor Vehicle/Vessel,,C
248178080,222157935,2025-10-20,Winston-Salem,NC0340200,13A,W,W,N,M,49,N,Y,BG,Highway/Road/Alley/Street/Sidewalk,Street & Sidewalk,Other,,C
253883193,227150818,2025-10-20,Winston-Salem,NC0340200,13A,B,B,N,F,65,R,N,RU,Highway/Road/Alley/Street/Sidewalk,Street & Sidewalk,Personal Weapons,Apparent Broken Bones,C
253883194,227150818,2025-10-20,Winston-Salem,NC0340200,13A,B,B,N,M,63,R,N,RU,Highway/Road/Alley/Street/Sidewalk,Street & Sidewalk,Personal Weapons,,C
248178112,222157962,2025-10-21,Winston-Salem,NC0340200,13A,B,B,N,F,55,R,Y,XR,Residence/Home,Home,Blunt Object,Minor Injury,C
248178151,222157999,2025-10-22,Winston-Salem,NC0340200,13A,H,W,H,M,20,R,N,RU,Highway/Road/Alley/Street/Sidewalk,Street & Sidewalk,Fire/Incendiary Device,,C
248178171,222158019,2025-10-22,Winston-Salem,NC0340200,13A,W,W,N,F,43,N,N,,Rental Storage Facility,Storage Facility,Handgun,,C
248178172,222158019,2025-10-22,Winston-Salem,NC0340200,13A,W,W,X,F,40,N,N,,Rental Storage Facility,Storage Facility,Handgun,,C
248178247,222158083,2025-10-23,Winston-Salem,NC0340200,13A,B,B,N,M,36,R,N,OK,Residence/Home,Home,Knife/Cutting Instrument,Severe Laceration,C
248178781,222158576,2025-10-23,Winston-Salem,NC0340200,13A,W,W,X,F,23,N,N,ST,Parking/Drop Lot/Garage,Parking Lot,Other,,C
248178782,222158576,2025-10-23,Winston-Salem,NC0340200,13A,W,W,X,M,24,N,N,ST,Parking/Drop Lot/Garage,Parking Lot,Other,,C
248178279,222158115,2025-10-24,Winston-Salem,NC0340200,13A,B,B,N,F,44,R,N,,Residence/Home,Home,Other,Minor Injury,C
248178280,222158115,2025-10-24,Winston-Salem,NC0340200,13A,B,B,N,F,25,R,N,,Residence/Home,Home,Other,Minor Injury,C
248178282,222158117,2025-10-24,Winston-Salem,NC0340200,13A,B,B,N,F,20,R,Y,BG,Residence/Home,Home,Handgun,,C
248178316,222158148,2025-10-25,Winston-Salem,NC0340200,13A,B,B,U,F,27,U,Y,BG,Highway/Road/Alley/Street/Sidewalk,Street & Sidewalk,Personal Weapons,Unconscious,C
248178376,222158203,2025-10-25,Winston-Salem,NC0340200,13A,B,B,N,F,30,R,N,AQ,Residence/Home,Home,Knife/Cutting Instrument,,C
248178743,222158539,2025-10-25,Winston-Salem,NC0340200,13A,H,W,H,M,34,R,N,RU,Highway/Road/Alley/Street/Sidewalk,Street & Sidewalk,Handgun,Minor Injury,C
248178389,222158213,2025-10-26,Winston-Salem,NC0340200,13A,H,W,H,F,25,R,Y,BG,Residence/Home,Home,Personal Weapons,Minor Injury,C
248178407,222158230,2025-10-26,Winston-Salem,NC0340200,13A,B,B,N,F,32,R,N,OK,Residence/Home,Home,Blunt Object,,C
248178435,222158253,2025-10-26,Winston-Salem,NC0340200,13A,B,B,N,M,58,R,N,OF,Residence/Home,Home,Blunt Object,,C
248178481,222158295,2025-10-28,Winston-Salem,NC0340200,13A,W,W,N,F,33,N,N,ST,Restaurant,Restaurant,Other,,C
248178511,222158325,2025-10-28,Winston-Salem,NC0340200,13A,B,B,N,F,46,R,N,OK,Residence/Home,Home,Knife/Cutting Instrument,Minor Injury,C
248178625,222158425,2025-10-31,Winston-Salem,NC0340200,13A,B,B,N,M,63,R,N,,Residence/Home,Home,Blunt Object,Minor Injury,C
248178646,222158445,2025-10-31,Winston-Salem,NC0340200,13A,H,W,H,F,24,R,Y,SE,Residence/Home,Home,Knife/Cutting Instrument,,C
248178668,222158465,2025-10-31,Winston-Salem,NC0340200,13A,I,I,X,M,32,N,N,ST,Highway/Road/Alley/Street/Sidewalk,Street & Sidewalk,Handgun,,C
248178680,222158477,2025-10-31,Winston-Salem,NC0340200,13A,B,B,N,M,34,N,Y,SE,Residence/Home,Home,Personal Weapons,,C
248178698,222158495,2025-10-31,Winston-Salem,NC0340200,13A,W,W,N,M,46,R,N,PA,Other/Unknown,Other & Unknown,Knife/Cutting Instrument,,C
248178703,222158500,2025-10-31,Winston-Salem,NC0340200,13A,H,W,H,F,69,R,N,PA,Residence/Home,Home,Knife/Cutting Instrument,,C
248178706,222158503,2025-10-31,Winston-Salem,NC0340200,13A,B,B,N,M,37,R,N,,Residence/Home,Home,Firearm,,C
249361633,223190616,2025-11-01,Winston-Salem,NC0340200,13A,H,W,H,M,19,R,N,RU,Highway/Road/Alley/Street/Sidewalk,Street & Sidewalk,,,C
249361634,223190616,2025-11-01,Winston-Salem,NC0340200,13A,H,W,H,M,16,R,N,RU,Highway/Road/Alley/Street/Sidewalk,Street & Sidewalk,,,C
249361646,223190626,2025-11-01,Winston-Salem,NC0340200,13A,B,B,N,F,15,R,N,RU,Residence/Home,Home,Firearm,Other Major Injury,C
249361652,223190632,2025-11-01,Winston-Salem,NC0340200,13A,B,B,N,M,55,R,Y,BG;VO,Residence/Home,Home,Knife/Cutting Instrument,Minor Injury,C
249361653,223190632,2025-11-01,Winston-Salem,NC0340200,13A,W,W,N,F,65,R,N,NE,Residence/Home,Home,Knife/Cutting Instrument,,C
249361654,223190632,2025-11-01,Winston-Salem,NC0340200,13A,B,B,N,F,48,R,Y,BG;VO,Residence/Home,Home,Knife/Cutting Instrument,,C
249361671,223190646,2025-11-01,Winston-Salem,NC0340200,13A,W,W,X,M,20,R,N,ST,Parking/Drop Lot/Garage,Parking Lot,Handgun,,C
249361672,223190646,2025-11-01,Winston-Salem,NC0340200,13A,W,W,X,M,29,R,N,ST,Parking/Drop Lot/Garage,Parking Lot,Handgun,,C
249361677,223190651,2025-11-01,Winston-Salem,NC0340200,13A,W,W,X,M,32,R,Y,SE,Residence/Home,Home,Knife/Cutting Instrument,Severe Laceration,C
249361712,223190680,2025-11-01,Winston-Salem,NC0340200,13A,B,B,N,M,32,N,N,,Other/Unknown,Other & Unknown,Unknown,Severe Laceration,C
253883209,227150831,2025-11-01,Winston-Salem,NC0340200,13A,H,W,H,M,23,N,N,RU,Parking/Drop Lot/Garage,Parking Lot,Handgun,Other Major Injury,C
253883210,227150831,2025-11-01,Winston-Salem,NC0340200,13A,H,W,H,M,20,R,N,RU,Parking/Drop Lot/Garage,Parking Lot,Handgun,Other Major Injury,C
249361684,223190658,2025-11-02,Winston-Salem,NC0340200,13A,B,B,N,M,28,R,N,AQ,Park/Playground,Park & Playground,Unknown,Severe Laceration,C
249361692,223190664,2025-11-02,Winston-Salem,NC0340200,13A,B,B,N,F,15,R,N,,Highway/Road/Alley/Street/Sidewalk,Street & Sidewalk,Firearm,Other Major Injury,C
249361700,223190671,2025-11-02,Winston-Salem,NC0340200,13A,B,B,N,F,35,R,N,OF,Residence/Home,Home,Personal Weapons,Minor Injury,C
249361768,223190732,2025-11-03,Winston-Salem,NC0340200,13A,W,W,N,F,59,R,N,RU,Rental Storage Facility,Storage Facility,Knife/Cutting Instrument,,C
249361779,223190742,2025-11-03,Winston-Salem,NC0340200,13A,B,B,N,M,50,R,N,SB,Residence/Home,Home,Knife/Cutting Instrument,Minor Injury,C
249361786,223190747,2025-11-03,Winston-Salem,NC0340200,13A,W,W,X,M,31,R,N,,Bar/Nightclub,Bar & Nightclub,Knife/Cutting Instrument,,C
249361814,223190770,2025-11-04,Winston-Salem,NC0340200,13A,B,B,N,M,28,R,Y,BG,Residence/Home,Home,Other,Minor Injury,C
249361832,223190787,2025-11-04,Winston-Salem,NC0340200,13A,W,W,N,M,57,R,N,,Parking/Drop Lot/Garage,Parking Lot,Blunt Object,Severe Laceration,C
249361837,223190792,2025-11-04,Winston-Salem,NC0340200,13A,W,W,N,F,57,R,N,PA,Residence/Home,Home,Handgun,,C
249361842,223190795,2025-11-04,Winston-Salem,NC0340200,13A,B,B,N,M,48,R,N,,Residence/Home,Home,Firearm,,C
249361843,223190795,2025-11-04,Winston-Salem,NC0340200,13A,B,B,X,F,23,R,N,,Residence/Home,Home,Firearm,,C
249361844,223190795,2025-11-04,Winston-Salem,NC0340200,13A,B,B,N,M,42,R,N,,Residence/Home,Home,Firearm,,C
249361851,223190800,2025-11-04,Winston-Salem,NC0340200,13A,B,B,N,F,15,R,N,CH,Residence/Home,Home,,Minor Injury,C
249361874,223190821,2025-11-05,Winston-Salem,NC0340200,13A,B,B,N,M,12,R,N,SC,Residence/Home,Home,Personal Weapons,,C
249361875,223190822,2025-11-05,Winston-Salem,NC0340200,13A,W,W,N,M,50,R,N,AQ,Residence/Home,Home,Firearm,,C
249361876,223190822,2025-11-05,Winston-Salem,NC0340200,13A,W,W,N,F,41,R,N,AQ,Residence/Home,Home,Firearm,,C
249361916,223190855,2025-11-06,Winston-Salem,NC0340200,13A,B,B,N,M,63,R,N,,Highway/Road/Alley/Street/Sidewalk,Street & Sidewalk,Firearm,Other Major Injury,C
249361954,223190889,2025-11-06,Winston-Salem,NC0340200,13A,B,B,X,F,19,N,N,AQ,Residence/Home,Home,Other,Minor Injury,C
249361967,223190900,2025-11-07,Winston-Salem,NC0340200,13A,B,B,N,F,10,R,N,SB,Residence/Home,Home,Knife/Cutting Instrument,,C
249361968,223190900,2025-11-07,Winston-Salem,NC0340200,13A,B,B,N,M,8,R,N,SB,Residence/Home,Home,Knife/Cutting Instrument,,C
249361992,223190923,2025-11-07,Winston-Salem,NC0340200,13A,B,B,N,F,46,R,N,PA,Residence/Home,Home,Blunt Object,,C
249362258,223191142,2025-11-07,Winston-Salem,NC0340200,13A,B,B,X,M,68,R,N,SB,Residence/Home,Home,Shotgun,Possible Internal Injury,C
249362769,223191572,2025-11-07,Winston-Salem,NC0340200,13A,H,W,H,F,17,R,N,CH,Residence/Home,Home,Other,Minor Injury,C
249362054,223190981,2025-11-08,Winston-Salem,NC0340200,13A,H,W,H,F,15,R,Y,BG,Residence/Home,Home,Knife/Cutting Instrument;Personal Weapons,Minor Injury,C
249362068,223190994,2025-11-08,Winston-Salem,NC0340200,13A,H,W,H,M,29,R,N,RU,Residence/Home,Home,Shotgun,,C
249362069,223190994,2025-11-08,Winston-Salem,NC0340200,13A,W,W,X,M,57,R,N,RU,Residence/Home,Home,Shotgun,,C
249362070,223190994,2025-11-08,Winston-Salem,NC0340200,13A,W,W,N,M,29,R,N,RU,Residence/Home,Home,Shotgun,,C
249362071,223190994,2025-11-08,Winston-Salem,NC0340200,13A,H,W,H,F,24,R,N,RU,Residence/Home,Home,Shotgun,,C
249362072,223190994,2025-11-08,Winston-Salem,NC0340200,13A,W,W,X,M,21,R,N,RU,Residence/Home,Home,Shotgun,,C
249362073,223190994,2025-11-08,Winston-Salem,NC0340200,13A,W,W,X,F,15,R,N,RU,Residence/Home,Home,Shotgun,,C
249362074,223190994,2025-11-08,Winston-Salem,NC0340200,13A,W,W,X,F,52,R,N,RU,Residence/Home,Home,Shotgun,,C
249362075,223190994,2025-11-08,Winston-Salem,NC0340200,13A,W,W,N,M,22,N,N,RU,Residence/Home,Home,Shotgun,,C
249362081,223190999,2025-11-09,Winston-Salem,NC0340200,13A,B,B,N,F,34,R,N,ST,Residence/Home,Home,Firearm,,C
249362082,223190999,2025-11-09,Winston-Salem,NC0340200,13A,B,B,X,F,9,R,N,ST,Residence/Home,Home,Firearm,,C
249362083,223190999,2025-11-09,Winston-Salem,NC0340200,13A,B,B,X,F,7,R,N,ST,Residence/Home,Home,Firearm,,C
249362084,223190999,2025-11-09,Winston-Salem,NC0340200,13A,B,B,X,M,5,R,N,ST,Residence/Home,Home,Firearm,,C
249362106,223191016,2025-11-09,Winston-Salem,NC0340200,13A,W,W,N,M,46,R,N,OK;VO,Highway/Road/Alley/Street/Sidewalk,Street & Sidewalk,Blunt Object,Minor Injury,C
249362107,223191016,2025-11-09,Winston-Salem,NC0340200,13A,W,W,N,M,36,R,N,OK;VO,Highway/Road/Alley/Street/Sidewalk,Street & Sidewalk,Blunt Object,Minor Injury,C
249362167,223191063,2025-11-10,Winston-Salem,NC0340200,13A,B,B,N,M,27,R,N,AQ,Residence/Home,Home,Handgun,,C
249362228,223191122,2025-11-11,Winston-Salem,NC0340200,13A,B,B,N,M,48,N,N,OF,Residence/Home,Home,Firearm,,C
249362241,223191127,2025-11-11,Winston-Salem,NC0340200,13A,B,B,X,F,43,R,Y,BG,Residence/Home,Home,Personal Weapons,Minor Injury;Possible Internal Injury,C
249362299,223191181,2025-11-13,Winston-Salem,NC0340200,13A,B,B,N,M,36,R,N,ST,Parking/Drop Lot/Garage,Parking Lot,Handgun,,C
249362300,223191181,2025-11-13,Winston-Salem,NC0340200,13A,B,B,N,F,36,R,N,ST,Parking/Drop Lot/Garage,Parking Lot,Handgun,,C
249362301,223191181,2025-11-13,Winston-Salem,NC0340200,13A,B,B,N,M,19,R,N,ST,Parking/Drop Lot/Garage,Parking Lot,Handgun,,C
249362353,223191226,2025-11-14,Winston-Salem,NC0340200,13A,W,W,N,F,36,R,N,NE,Highway/Road/Alley/Street/Sidewalk,Street & Sidewalk,Knife/Cutting Instrument,,C
249362354,223191226,2025-11-14,Winston-Salem,NC0340200,13A,W,W,N,F,59,R,N,NE,Highway/Road/Alley/Street/Sidewalk,Street & Sidewalk,Knife/Cutting Instrument,,C
249362373,223191244,2025-11-14,Winston-Salem,NC0340200,13A,W,W,X,F,21,N,N,NE,Residence/Home,Home,Knife/Cutting Instrument,,C
249362385,223191255,2025-11-14,Winston-Salem,NC0340200,13A,W,W,X,M,25,R,N,,Residence/Home,Home,Firearm,,C
249362614,223191460,2025-11-14,Winston-Salem,NC0340200,13A,B,B,N,F,25,R,N,AQ,Bar/Nightclub,Bar & Nightclub,Personal Weapons,Apparent Broken Bones;Minor Injury,C
249362408,223191276,2025-11-15,Winston-Salem,NC0340200,13A,B,B,N,M,53,R,N,,Highway/Road/Alley/Street/Sidewalk,Street & Sidewalk,Firearm,Other Major Injury,C
249362428,223191294,2025-11-15,Winston-Salem,NC0340200,13A,B,B,N,F,37,R,Y,BG,Residence/Home,Home,Personal Weapons,,C
249362429,223191295,2025-11-15,Winston-Salem,NC0340200,13A,B,B,N,M,39,R,N,SP,Residence/Home,Home,Knife/Cutting Instrument,Minor Injury,C
249362450,223191315,2025-11-15,Winston-Salem,NC0340200,13A,B,B,N,M,56,R,Y,SE;VO,Residence/Home,Home,Blunt Object;Personal Weapons,,C
249362451,223191315,2025-11-15,Winston-Salem,NC0340200,13A,B,B,N,F,51,R,Y,SE;VO,Residence/Home,Home,Blunt Object;Personal Weapons,Minor Injury,C
249362454,223191318,2025-11-15,Winston-Salem,NC0340200,13A,H,W,H,M,33,R,N,,Residence/Home,Home,Firearm,Minor Injury,C
253883232,227150844,2025-11-15,Winston-Salem,NC0340200,13A,H,W,H,M,51,R,N,ST,Residence/Home,Home,Handgun,,C
253883233,227150844,2025-11-15,Winston-Salem,NC0340200,13A,H,W,H,M,17,R,N,FR,Residence/Home,Home,Handgun,,C
249362471,223191332,2025-11-16,Winston-Salem,NC0340200,13A,B,B,N,F,29,R,Y,XR,Highway/Road/Alley/Street/Sidewalk,Street & Sidewalk,Motor Vehicle/Vessel,,C
249362472,223191332,2025-11-16,Winston-Salem,NC0340200,13A,B,B,X,F,24,R,N,AQ,Highway/Road/Alley/Street/Sidewalk,Street & Sidewalk,Motor Vehicle/Vessel,,C
249362475,223191335,2025-11-16,Winston-Salem,NC0340200,13A,B,B,X,F,33,R,N,,Highway/Road/Alley/Street/Sidewalk,Street & Sidewalk,Handgun,,C
249362488,223191348,2025-11-16,Winston-Salem,NC0340200,13A,B,B,N,F,31,R,Y,BG,Residence/Home,Home,Handgun,,C
249362491,223191350,2025-11-16,Winston-Salem,NC0340200,13A,B,B,N,F,42,R,N,PA;VO,Residence/Home,Home,Knife/Cutting Instrument;Other,,C
249362492,223191350,2025-11-16,Winston-Salem,NC0340200,13A,B,B,N,F,18,R,N,CH;VO,Residence/Home,Home,Knife/Cutting Instrument;Other,,C
249362509,223191364,2025-11-16,Winston-Salem,NC0340200,13A,B,B,N,M,21,R,N,,Highway/Road/Alley/Street/Sidewalk,Street & Sidewalk,Handgun,Other Major Injury,C
249362513,223191367,2025-11-16,Winston-Salem,NC0340200,13A,B,B,N,F,55,R,N,GP,Residence/Home,Home,Knife/Cutting Instrument;Personal Weapons,,C
249362530,223191383,2025-11-17,Winston-Salem,NC0340200,13A,B,B,N,F,45,R,N,RU,Parking/Drop Lot/Garage,Parking Lot,Handgun,,C
249362546,223191398,2025-11-17,Winston-Salem,NC0340200,13A,B,B,N,M,59,R,N,RU,Residence/Home,Home,Personal Weapons,Minor Injury,C
249362551,223191402,2025-11-17,Winston-Salem,NC0340200,13A,W,W,N,M,67,R,N,,Highway/Road/Alley/Street/Sidewalk,Street & Sidewalk,Motor Vehicle/Vessel,,C
249362563,223191414,2025-11-17,Winston-Salem,NC0340200,13A,B,B,N,M,69,R,N,,Residence/Home,Home,Knife/Cutting Instrument,Minor Injury,C
249362586,223191435,2025-11-18,Winston-Salem,NC0340200,13A,B,B,N,F,51,R,N,,Residence/Home,Home,Blunt Object,Minor Injury,C
249362598,223191446,2025-11-18,Winston-Salem,NC0340200,13A,B,B,N,F,19,R,Y,XR,Parking/Drop Lot/Garage,Parking Lot,Handgun,Minor Injury,C
249362606,223191453,2025-11-18,Winston-Salem,NC0340200,13A,B,B,X,M,11,R,N,RU,Community Center,Community Center,Knife/Cutting Instrument,,C
249362624,223191468,2025-11-18,Winston-Salem,NC0340200,13A,W,W,X,M,32,R,N,SB,Residence/Home,Home,Handgun,,C
249362684,223191513,2025-11-19,Winston-Salem,NC0340200,13A,B,B,X,M,32,R,Y,SE;VO,Residence/Home,Home,Blunt Object;Knife/Cutting Instrument;Personal Weapons,Minor Injury,C
249362685,223191513,2025-11-19,Winston-Salem,NC0340200,13A,B,B,X,F,29,R,Y,SE;VO,Residence/Home,Home,Blunt Object;Knife/Cutting Instrument;Personal Weapons,Minor Injury,C
249362751,223191557,2025-11-20,Winston-Salem,NC0340200,13A,W,W,X,F,43,R,N,,Highway/Road/Alley/Street/Sidewalk,Street & Sidewalk,Other Firearm,,C
249362774,223191577,2025-11-20,Winston-Salem,NC0340200,13A,B,B,N,F,62,R,N,OK,Residence/Home,Home,Knife/Cutting Instrument;Personal Weapons,Minor Injury,C
249362784,223191585,2025-11-20,Winston-Salem,NC0340200,13A,B,B,X,M,65,R,N,,Highway/Road/Alley/Street/Sidewalk,Street & Sidewalk,Other,Minor Injury,C
249362815,223191613,2025-11-21,Winston-Salem,NC0340200,13A,B,B,N,F,17,R,Y,BG,Residence/Home,Home,Handgun,Other Major Injury,C
249362828,223191624,2025-11-21,Winston-Salem,NC0340200,13A,B,B,X,M,60,R,N,ST,Service/Gas Station,Gas Station,Handgun,,C
249362843,223191635,2025-11-21,Winston-Salem,NC0340200,13A,B,B,N,F,41,R,N,PA,Residence/Home,Home,Knife/Cutting Instrument,,C
249362877,223191663,2025-11-22,Winston-Salem,NC0340200,13A,B,B,N,F,34,R,N,OK,Parking/Drop Lot/Garage,Parking Lot,Handgun,,C
249362918,223191700,2025-11-22,Winston-Salem,NC0340200,13A,B,B,N,M,52,R,N,SB,Residence/Home,Home,Other,Minor Injury,C
249362929,223191710,2025-11-22,Winston-Salem,NC0340200,13A,H,B,H,M,18,R,N,ST,Parking/Drop Lot/Garage,Parking Lot,Handgun,,C
249362930,223191710,2025-11-22,Winston-Salem,NC0340200,13A,H,W,H,M,18,R,N,ST,Parking/Drop Lot/Garage,Parking Lot,Handgun,,C
249362961,223191737,2025-11-23,Winston-Salem,NC0340200,13A,B,B,N,M,20,N,N,NE,Residence/Home,Home,Handgun,Minor Injury,C
249362980,223191752,2025-11-23,Winston-Salem,NC0340200,13A,B,B,N,M,42,N,N,,Highway/Road/Alley/Street/Sidewalk,Street & Sidewalk,Firearm,,C
249363014,223191781,2025-11-24,Winston-Salem,NC0340200,13A,B,B,N,M,18,R,N,CH,Residence/Home,Home,Knife/Cutting Instrument,,C
249363019,223191786,2025-11-24,Winston-Salem,NC0340200,13A,B,B,N,M,58,R,N,FR,Highway/Road/Alley/Street/Sidewalk,Street & Sidewalk,Handgun,,C
249363024,223191791,2025-11-24,Winston-Salem,NC0340200,13A,B,B,X,M,44,R,Y,XR,Highway/Road/Alley/Street/Sidewalk,Street & Sidewalk,Motor Vehicle/Vessel,,C
249363033,223191799,2025-11-24,Winston-Salem,NC0340200,13A,B,B,N,M,19,R,N,,Residence/Home,Home,Knife/Cutting Instrument,Severe Laceration,C
249363046,223191809,2025-11-24,Winston-Salem,NC0340200,13A,B,B,N,F,41,R,N,,Parking/Drop Lot/Garage,Parking Lot,Knife/Cutting Instrument,Severe Laceration,C
249363055,223191818,2025-11-24,Winston-Salem,NC0340200,13A,W,W,N,M,32,R,N,RU,Restaurant,Restaurant,Handgun,,C
249363080,223191843,2025-11-25,Winston-Salem,NC0340200,13A,W,W,X,M,50,R,N,,Residence/Home,Home,Handgun,,C
249363081,223191843,2025-11-25,Winston-Salem,NC0340200,13A,W,W,X,F,14,R,N,,Residence/Home,Home,Handgun,,C
249363082,223191843,2025-11-25,Winston-Salem,NC0340200,13A,W,W,X,F,49,R,N,,Residence/Home,Home,Handgun,,C
249363083,223191843,2025-11-25,Winston-Salem,NC0340200,13A,H,W,H,M,45,R,N,,Residence/Home,Home,Handgun,,C
249363094,223191854,2025-11-25,Winston-Salem,NC0340200,13A,B,B,X,F,42,R,N,NE,Residence/Home,Home,Personal Weapons,Minor Injury,C
249363109,223191868,2025-11-25,Winston-Salem,NC0340200,13A,B,B,N,F,23,R,Y,BG,Residence/Home,Home,Personal Weapons,Minor Injury,C
249363119,223191876,2025-11-26,Winston-Salem,NC0340200,13A,B,B,N,F,61,R,N,AQ,Residence/Home,Home,Knife/Cutting Instrument,,C
249363145,223191897,2025-11-26,Winston-Salem,NC0340200,13A,B,B,N,F,13,R,N,CH,Residence/Home,Home,Blunt Object,Minor Injury,C
249363172,223191919,2025-11-26,Winston-Salem,NC0340200,13A,B,B,N,M,23,R,Y,XR,Highway/Road/Alley/Street/Sidewalk,Street & Sidewalk,Motor Vehicle/Vessel,,C
249363173,223191919,2025-11-26,Winston-Salem,NC0340200,13A,H,W,H,F,24,R,N,RU,Highway/Road/Alley/Street/Sidewalk,Street & Sidewalk,Motor Vehicle/Vessel,,C
249363181,223191925,2025-11-26,Winston-Salem,NC0340200,13A,B,B,N,F,22,R,N,AQ,Residence/Home,Home,Personal Weapons,Minor Injury,C
249363232,223191968,2025-11-27,Winston-Salem,NC0340200,13A,B,B,N,F,39,R,N,PA,Residence/Home,Home,Handgun,,C
249363233,223191968,2025-11-27,Winston-Salem,NC0340200,13A,B,B,N,M,54,R,N,PA,Residence/Home,Home,Handgun,,C
249363234,223191969,2025-11-27,Winston-Salem,NC0340200,13A,B,B,N,M,37,R,Y,XS,Parking/Drop Lot/Garage,Parking Lot,Motor Vehicle/Vessel,,C
249363417,223192122,2025-11-27,Winston-Salem,NC0340200,13A,B,B,N,F,33,R,N,RU,Highway/Road/Alley/Street/Sidewalk,Street & Sidewalk,,Apparent Broken Bones;Other Major Injury,C
249363245,223191980,2025-11-28,Winston-Salem,NC0340200,13A,W,W,N,M,28,R,N,RU,Restaurant,Restaurant,Motor Vehicle/Vessel,,C
249363298,223192028,2025-11-29,Winston-Salem,NC0340200,13A,B,B,N,F,33,R,N,RU,Highway/Road/Alley/Street/Sidewalk,Street & Sidewalk,Handgun,,C
249363311,223192040,2025-11-29,Winston-Salem,NC0340200,13A,B,B,N,F,29,N,N,,Highway/Road/Alley/Street/Sidewalk,Street & Sidewalk,Handgun,,C
249363340,223192065,2025-11-30,Winston-Salem,NC0340200,13A,H,W,H,M,69,R,N,,Residence/Home,Home,Firearm,,C
249363341,223192065,2025-11-30,Winston-Salem,NC0340200,13A,H,W,H,M,24,R,N,,Residence/Home,Home,Firearm,,C
249363342,223192065,2025-11-30,Winston-Salem,NC0340200,13A,H,W,H,M,32,R,N,,Residence/Home,Home,Firearm,,C
249363343,223192065,2025-11-30,Winston-Salem,NC0340200,13A,W,W,X,M,34,R,N,,Residence/Home,Home,Firearm,,C
249363344,223192065,2025-11-30,Winston-Salem,NC0340200,13A,W,W,X,F,47,R,N,,Residence/Home,Home,Firearm,,C
249363345,223192065,2025-11-30,Winston-Salem,NC0340200,13A,H,W,H,M,22,R,N,,Residence/Home,Home,Firearm,,C
249363346,223192065,2025-11-30,Winston-Salem,NC0340200,13A,W,W,X,M,5,R,N,,Residence/Home,Home,Firearm,,C
253883258,227150865,2025-12-01,Winston-Salem,NC0340200,13A,B,B,N,F,42,R,N,SB,Residence/Home,Home,Knife/Cutting Instrument,Severe Laceration,C
253883259,227150865,2025-12-01,Winston-Salem,NC0340200,13A,B,B,N,F,61,R,N,PA,Residence/Home,Home,Knife/Cutting Instrument,Minor Injury,C
253883260,227150865,2025-12-01,Winston-Salem,NC0340200,13A,B,B,N,M,22,R,N,OF,Residence/Home,Home,Knife/Cutting Instrument,Minor Injury,C
253883392,227150981,2025-12-02,Winston-Salem,NC0340200,13A,B,B,N,M,17,R,N,SB;VO,Residence/Home,Home,Knife/Cutting Instrument,,C
253883393,227150981,2025-12-02,Winston-Salem,NC0340200,13A,B,B,N,F,15,N,N,SB;VO,Residence/Home,Home,Knife/Cutting Instrument,,C
253883490,227151056,2025-12-03,Winston-Salem,NC0340200,13A,W,W,N,F,50,R,N,,Park/Playground,Park & Playground,Blunt Object,Severe Laceration,C
253883503,227151064,2025-12-03,Winston-Salem,NC0340200,13A,B,B,N,F,39,N,Y,BG,Hotel/Motel/Etc.,Hotel & Motel,Handgun,,C
253883520,227151078,2025-12-03,Winston-Salem,NC0340200,13A,B,B,N,F,43,R,N,AQ,Parking/Drop Lot/Garage,Parking Lot,Handgun,,C
253883624,227151167,2025-12-04,Winston-Salem,NC0340200,13A,B,B,N,M,41,R,N,,Highway/Road/Alley/Street/Sidewalk,Street & Sidewalk,Knife/Cutting Instrument,Severe Laceration,C
253883662,227151201,2025-12-04,Winston-Salem,NC0340200,13A,B,B,N,F,62,R,N,SB,Residence/Home,Home,Personal Weapons,Minor Injury,C
253883677,227151214,2025-12-04,Winston-Salem,NC0340200,13A,B,B,N,M,7,R,N,SB,Residence/Home,Home,Personal Weapons,Minor Injury,C
253883752,227151278,2025-12-05,Winston-Salem,NC0340200,13A,B,B,N,F,34,R,N,PA,Residence/Home,Home,Blunt Object,,C
253883842,227151358,2025-12-05,Winston-Salem,NC0340200,13A,B,B,N,F,17,N,Y,BG,Residence/Home,Home,Firearm;Personal Weapons,Possible Internal Injury,C
253883877,227151388,2025-12-05,Winston-Salem,NC0340200,13A,B,B,N,M,57,R,N,,Highway/Road/Alley/Street/Sidewalk,Street & Sidewalk,Handgun,Minor Injury;Severe Laceration,C
253883883,227151394,2025-12-05,Winston-Salem,NC0340200,13A,B,B,N,M,55,R,N,SP,Parking/Drop Lot/Garage,Parking Lot,Handgun,,C
253883902,227151410,2025-12-05,Winston-Salem,NC0340200,13A,A,A,N,F,30,R,N,,Residence/Home,Home,Firearm,,C
253883903,227151410,2025-12-05,Winston-Salem,NC0340200,13A,A,A,X,M,20,R,N,,Residence/Home,Home,Firearm,,C
253883904,227151410,2025-12-05,Winston-Salem,NC0340200,13A,A,A,X,M,36,R,N,,Residence/Home,Home,Firearm,,C
253883928,227151432,2025-12-06,Winston-Salem,NC0340200,13A,H,W,H,M,40,R,N,,Residence/Home,Home,Handgun,,C
253883937,227151441,2025-12-06,Winston-Salem,NC0340200,13A,B,B,N,M,39,R,Y,XS,Parking/Drop Lot/Garage,Parking Lot,Knife/Cutting Instrument,Severe Laceration,C
253884054,227151533,2025-12-06,Winston-Salem,NC0340200,13A,B,B,N,M,34,R,Y,XR,Residence/Home,Home,Handgun,,C
253884097,227151574,2025-12-06,Winston-Salem,NC0340200,13A,W,W,N,M,47,R,N,,Abandoned/Condemned Structure,Abandoned Building,Firearm,Other Major Injury,C
253885473,227152792,2025-12-06,Winston-Salem,NC0340200,13A,B,B,N,F,11,R,N,CH,Residence/Home,Home,Personal Weapons,Other Major Injury,C
253884120,227151595,2025-12-07,Winston-Salem,NC0340200,13A,B,B,N,M,50,R,N,,Residence/Home,Home,Firearm,,C
253884121,227151595,2025-12-07,Winston-Salem,NC0340200,13A,B,B,N,F,39,R,N,,Residence/Home,Home,Firearm,,C
253884122,227151595,2025-12-07,Winston-Salem,NC0340200,13A,B,B,N,M,29,R,N,,Residence/Home,Home,Firearm,,C
253884139,227151611,2025-12-07,Winston-Salem,NC0340200,13A,B,B,N,M,36,R,Y,XR,Highway/Road/Alley/Street/Sidewalk,Street & Sidewalk,Knife/Cutting Instrument,Minor Injury,C
253884157,227151626,2025-12-07,Winston-Salem,NC0340200,13A,B,B,N,F,57,R,N,AQ,Residence/Home,Home,Handgun,,C
253884208,227151669,2025-12-07,Winston-Salem,NC0340200,13A,B,B,X,F,19,R,Y,BG,Residence/Home,Home,Asphyxiation;Personal Weapons,Possible Internal Injury,C
253884240,227151699,2025-12-07,Winston-Salem,NC0340200,13A,B,B,N,M,53,R,N,,Highway/Road/Alley/Street/Sidewalk,Street & Sidewalk,Handgun;Rifle,,C
253884241,227151699,2025-12-07,Winston-Salem,NC0340200,13A,B,B,N,M,27,R,N,,Highway/Road/Alley/Street/Sidewalk,Street & Sidewalk,Handgun;Rifle,,C
253884363,227151803,2025-12-08,Winston-Salem,NC0340200,13A,B,B,N,F,22,R,Y,XR,Residence/Home,Home,Handgun,,C
253884418,227151851,2025-12-08,Winston-Salem,NC0340200,13A,W,W,N,M,48,N,N,ST,Highway/Road/Alley/Street/Sidewalk,Street & Sidewalk,Handgun,,C
253884578,227151994,2025-12-10,Winston-Salem,NC0340200,13A,H,W,H,M,16,R,N,SB,Residence/Home,Home,Knife/Cutting Instrument,,C
253884656,227152062,2025-12-10,Winston-Salem,NC0340200,13A,B,B,X,M,7,R,N,SP,Residence/Home,Home,Other,Minor Injury,C
253884792,227152181,2025-12-11,Winston-Salem,NC0340200,13A,B,B,N,M,14,N,N,CH,Residence/Home,Home,Other;Personal Weapons,Minor Injury,C
253885037,227152398,2025-12-12,Winston-Salem,NC0340200,13A,B,B,N,M,57,R,N,AQ,Parking/Drop Lot/Garage,Parking Lot,Knife/Cutting Instrument,,C
253885059,227152419,2025-12-12,Winston-Salem,NC0340200,13A,W,W,N,M,38,R,N,NE,Parking/Drop Lot/Garage,Parking Lot,Handgun,Other Major Injury,C
253885060,227152419,2025-12-12,Winston-Salem,NC0340200,13A,W,W,X,M,59,R,N,NE,Parking/Drop Lot/Garage,Parking Lot,Handgun,,C
253885061,227152419,2025-12-12,Winston-Salem,NC0340200,13A,W,W,X,F,30,R,N,NE,Parking/Drop Lot/Garage,Parking Lot,Handgun,,C
253885062,227152419,2025-12-12,Winston-Salem,NC0340200,13A,W,W,X,M,44,R,N,NE,Parking/Drop Lot/Garage,Parking Lot,Handgun,,C
253885076,227152431,2025-12-12,Winston-Salem,NC0340200,13A,H,W,H,M,66,R,N,,Service/Gas Station,Gas Station,Handgun,,C
253885114,227152469,2025-12-13,Winston-Salem,NC0340200,13A,W,W,N,M,50,R,Y,SE,Residence/Home,Home,Handgun,,C
253885129,227152481,2025-12-13,Winston-Salem,NC0340200,13A,H,W,H,F,30,R,Y,XR,Residence/Home,Home,Handgun,,C
253885130,227152481,2025-12-13,Winston-Salem,NC0340200,13A,H,W,H,M,30,R,N,AQ,Residence/Home,Home,Handgun,,C
253885159,227152508,2025-12-13,Winston-Salem,NC0340200,13A,W,W,N,M,42,R,Y,SE;VO,Residence/Home,Home,Unknown,Minor Injury,C
253885160,227152508,2025-12-13,Winston-Salem,NC0340200,13A,W,W,N,F,31,R,Y,SE;VO,Residence/Home,Home,Unknown,,C
253885241,227152583,2025-12-13,Winston-Salem,NC0340200,13A,B,B,N,F,46,R,N,PA,Residence/Home,Home,Other,Loss of Teeth,C
253885369,227152699,2025-12-14,Winston-Salem,NC0340200,13A,H,W,H,F,55,R,N,OF,Residence/Home,Home,Knife/Cutting Instrument,,C
253885444,227152767,2025-12-15,Winston-Salem,NC0340200,13A,B,B,N,F,61,R,Y,XR,Residence/Home,Home,Handgun,,C
253885448,227152771,2025-12-15,Winston-Salem,NC0340200,13A,W,W,X,F,51,N,N,,Highway/Road/Alley/Street/Sidewalk,Street & Sidewalk,Other,,C
253885541,227152845,2025-12-17,Winston-Salem,NC0340200,13A,B,B,N,M,32,R,N,OK,Parking/Drop Lot/Garage,Parking Lot,Handgun,Other Major Injury,C
253885542,227152845,2025-12-17,Winston-Salem,NC0340200,13A,B,B,N,M,3,R,N,RU,Parking/Drop Lot/Garage,Parking Lot,Handgun,Other Major Injury,C
253885615,227152904,2025-12-17,Winston-Salem,NC0340200,13A,B,B,N,M,32,R,N,OK,Residence/Home,Home,Handgun,,C
253885616,227152904,2025-12-17,Winston-Salem,NC0340200,13A,B,B,N,F,26,R,N,RU,Residence/Home,Home,Handgun,,C
253885617,227152904,2025-12-17,Winston-Salem,NC0340200,13A,B,B,N,M,3,R,N,RU,Residence/Home,Home,Handgun,,C
253885618,227152905,2025-12-17,Winston-Salem,NC0340200,13A,B,B,N,F,29,R,Y,RU;XR,Residence/Home,Home,Handgun,,C
253885619,227152905,2025-12-17,Winston-Salem,NC0340200,13A,B,B,N,M,29,R,N,RU,Residence/Home,Home,Handgun,,C
253885589,227152883,2025-12-18,Winston-Salem,NC0340200,13A,W,W,N,M,50,R,N,,Highway/Road/Alley/Street/Sidewalk,Street & Sidewalk,Handgun,,C
253885641,227152922,2025-12-19,Winston-Salem,NC0340200,13A,W,W,N,M,42,R,N,AQ,Parking/Drop Lot/Garage,Parking Lot,Knife/Cutting Instrument,Minor Injury,C
253885654,227152933,2025-12-19,Winston-Salem,NC0340200,13A,B,B,N,F,30,R,N,ST,Highway/Road/Alley/Street/Sidewalk,Street & Sidewalk,Handgun,,C
253885666,227152945,2025-12-19,Winston-Salem,NC0340200,13A,B,B,X,F,8,R,N,AQ,School-Elementary/Secondary,K-12 School,,Minor Injury,C
253885688,227152964,2025-12-19,Winston-Salem,NC0340200,13A,B,B,N,M,31,R,N,ST,Highway/Road/Alley/Street/Sidewalk,Street & Sidewalk,Handgun,,C
253885696,227152972,2025-12-19,Winston-Salem,NC0340200,13A,W,W,N,F,43,N,N,,Residence/Home,Home,Other,Severe Laceration,C
253885697,227152972,2025-12-19,Winston-Salem,NC0340200,13A,B,B,N,F,38,R,N,,Residence/Home,Home,Other,,C
253885719,227152993,2025-12-20,Winston-Salem,NC0340200,13A,B,B,N,M,45,R,N,RU,Drug Store/Doctor's Office/Hospital,Hospital & Clinic,Firearm,Other Major Injury,C
253885728,227153001,2025-12-20,Winston-Salem,NC0340200,13A,W,W,N,M,35,R,N,,Parking/Drop Lot/Garage,Parking Lot,Handgun,,C
253885789,227153054,2025-12-20,Winston-Salem,NC0340200,13A,W,W,X,M,49,R,N,RU,Specialty Store,Specialty Store,Handgun,,C
253885817,227153077,2025-12-21,Winston-Salem,NC0340200,13A,W,W,X,M,29,N,N,ST,Shelter-Mission/Homeless,Shelter,Handgun,Minor Injury,C
253885850,227153106,2025-12-22,Winston-Salem,NC0340200,13A,W,W,X,F,36,R,Y,XR,Residence/Home,Home,Personal Weapons,Minor Injury,C
253885889,227153140,2025-12-22,Winston-Salem,NC0340200,13A,B,B,N,F,25,N,N,SB,Residence/Home,Home,Knife/Cutting Instrument,,C
253885936,227153185,2025-12-23,Winston-Salem,NC0340200,13A,B,B,N,M,63,R,N,,Residence/Home,Home,Blunt Object,Minor Injury,C
253885946,227153194,2025-12-23,Winston-Salem,NC0340200,13A,W,W,X,F,16,R,N,OF,Residence/Home,Home,Knife/Cutting Instrument,Minor Injury,C
253885959,227153205,2025-12-23,Winston-Salem,NC0340200,13A,B,B,N,F,11,N,N,CH,Residence/Home,Home,Personal Weapons,Minor Injury,C
253885965,227153211,2025-12-23,Winston-Salem,NC0340200,13A,W,W,N,M,39,N,Y,SE,Residence/Home,Home,Firearm;Knife/Cutting Instrument,Minor Injury,C
253885966,227153211,2025-12-23,Winston-Salem,NC0340200,13A,H,W,H,M,8,R,N,CH,Residence/Home,Home,Firearm;Knife/Cutting Instrument,,C
253885975,227153219,2025-12-24,Winston-Salem,NC0340200,13A,B,B,N,F,37,R,Y,BG,Residence/Home,Home,Handgun,Minor Injury,C
253886014,227153251,2025-12-24,Winston-Salem,NC0340200,13A,H,W,H,M,35,R,N,RU,Other/Unknown,Other & Unknown,Firearm,Minor Injury,C
253886032,227153268,2025-12-24,Winston-Salem,NC0340200,13A,B,B,N,M,24,R,N,,Residence/Home,Home,Handgun,Other Major Injury,C
253886033,227153268,2025-12-24,Winston-Salem,NC0340200,13A,B,B,N,M,46,R,N,,Residence/Home,Home,Handgun,Other Major Injury,C
253886042,227153275,2025-12-24,Winston-Salem,NC0340200,13A,B,B,N,F,27,R,Y,SE,Highway/Road/Alley/Street/Sidewalk,Street & Sidewalk,Personal Weapons,Minor Injury,C
253886217,227153410,2025-12-26,Winston-Salem,NC0340200,13A,B,B,N,F,42,N,N,PA,Residence/Home,Home,Rifle,,C
253886227,227153420,2025-12-26,Winston-Salem,NC0340200,13A,B,B,N,M,33,R,N,,Government/Public Building,Government Building,Handgun,,C
253886228,227153421,2025-12-26,Winston-Salem,NC0340200,13A,W,W,N,M,48,N,N,ER,Parking/Drop Lot/Garage,Parking Lot,Handgun,,C
253886233,227153426,2025-12-26,Winston-Salem,NC0340200,13A,W,W,X,F,48,R,N,OK,Shelter-Mission/Homeless,Shelter,Knife/Cutting Instrument,,C
253886244,227153437,2025-12-27,Winston-Salem,NC0340200,13A,B,B,N,M,85,R,N,,Residence/Home,Home,Firearm,,C
253886245,227153437,2025-12-27,Winston-Salem,NC0340200,13A,B,B,N,M,50,R,N,,Residence/Home,Home,Firearm,,C
253886246,227153437,2025-12-27,Winston-Salem,NC0340200,13A,B,B,N,F,15,R,N,,Residence/Home,Home,Firearm,,C
253886247,227153437,2025-12-27,Winston-Salem,NC0340200,13A,B,B,X,M,13,R,N,,Residence/Home,Home,Firearm,,C
253886248,227153437,2025-12-27,Winston-Salem,NC0340200,13A,B,B,X,M,12,R,N,,Residence/Home,Home,Firearm,,C
253886249,227153437,2025-12-27,Winston-Salem,NC0340200,13A,B,B,X,M,0,R,N,,Residence/Home,Home,Firearm,,C
253886250,227153437,2025-12-27,Winston-Salem,NC0340200,13A,B,B,X,M,0,R,N,,Residence/Home,Home,Firearm,,C
253886254,227153441,2025-12-27,Winston-Salem,NC0340200,13A,B,B,N,M,26,R,Y,XR,Residence/Home,Home,Handgun,,C
253886255,227153441,2025-12-27,Winston-Salem,NC0340200,13A,B,B,X,F,29,R,N,AQ,Residence/Home,Home,Handgun,,C
253886260,227153446,2025-12-27,Winston-Salem,NC0340200,13A,B,B,N,M,44,R,N,,Highway/Road/Alley/Street/Sidewalk,Street & Sidewalk,Handgun,,C
253886262,227153446,2025-12-27,Winston-Salem,NC0340200,13A,B,B,X,M,21,R,N,,Highway/Road/Alley/Street/Sidewalk,Street & Sidewalk,Handgun,,C
253886263,227153446,2025-12-27,Winston-Salem,NC0340200,13A,B,B,X,M,23,R,N,,Highway/Road/Alley/Street/Sidewalk,Street & Sidewalk,Handgun,,C
253886264,227153446,2025-12-27,Winston-Salem,NC0340200,13A,B,B,X,F,56,R,N,,Highway/Road/Alley/Street/Sidewalk,Street & Sidewalk,Handgun,,C
253886283,227153458,2025-12-27,Winston-Salem,NC0340200,13A,B,B,N,F,32,R,Y,BG,Residence/Home,Home,Personal Weapons,Minor Injury,C
253886299,227153473,2025-12-27,Winston-Salem,NC0340200,13A,W,W,N,M,17,R,N,,Highway/Road/Alley/Street/Sidewalk,Street & Sidewalk,Motor Vehicle/Vessel,,C
253886300,227153473,2025-12-27,Winston-Salem,NC0340200,13A,W,W,X,M,17,R,N,,Highway/Road/Alley/Street/Sidewalk,Street & Sidewalk,Motor Vehicle/Vessel,,C
253886307,227153480,2025-12-27,Winston-Salem,NC0340200,13A,W,W,N,M,57,R,N,AQ,Residence/Home,Home,Blunt Object,Minor Injury,C
253886310,227153483,2025-12-27,Winston-Salem,NC0340200,13A,H,W,H,M,30,U,N,,Residence/Home,Home,Handgun,Other Major Injury,C
253886314,227153486,2025-12-28,Winston-Salem,NC0340200,13A,W,W,N,F,69,R,N,,Residence/Home,Home,Shotgun,,C
253886315,227153486,2025-12-28,Winston-Salem,NC0340200,13A,B,B,N,F,51,R,N,,Residence/Home,Home,Shotgun,,C
253886316,227153486,2025-12-28,Winston-Salem,NC0340200,13A,B,B,X,F,52,R,N,,Residence/Home,Home,Shotgun,,C
253886317,227153486,2025-12-28,Winston-Salem,NC0340200,13A,B,B,N,M,19,R,N,,Residence/Home,Home,Shotgun,,C
253886318,227153486,2025-12-28,Winston-Salem,NC0340200,13A,B,B,N,F,14,R,N,,Residence/Home,Home,Shotgun,,C
253886319,227153486,2025-12-28,Winston-Salem,NC0340200,13A,B,B,N,F,20,R,N,,Residence/Home,Home,Shotgun,,C
253886321,227153488,2025-12-28,Winston-Salem,NC0340200,13A,B,B,N,F,37,R,Y,BG,Residence/Home,Home,Knife/Cutting Instrument,Severe Laceration,C
253886395,227153557,2025-12-29,Winston-Salem,NC0340200,13A,W,W,N,F,46,R,N,AQ,Residence/Home,Home,Knife/Cutting Instrument,Other Major Injury,C
253886401,227153563,2025-12-29,Winston-Salem,NC0340200,13A,W,W,N,M,19,R,N,,Field/Woods,Field & Woods,Blunt Object,Possible Internal Injury,C
253886410,227153571,2025-12-29,Winston-Salem,NC0340200,13A,B,B,N,F,21,R,N,RU,Residence/Home,Home,Knife/Cutting Instrument,,C
253886427,227153586,2025-12-30,Winston-Salem,NC0340200,13A,B,B,N,F,17,R,N,,Hotel/Motel/Etc.,Hotel & Motel,Handgun,Minor Injury,C
253886480,227153636,2025-12-30,Winston-Salem,NC0340200,13A,B,B,N,M,50,R,N,,Residence/Home,Home,Firearm,,C
253887206,227154349,2025-12-31,Winston-Salem,NC0340200,13A,B,B,N,M,52,R,N,OK,Highway/Road/Alley/Street/Sidewalk,Street & Sidewalk,Unknown,,C
253887207,227154349,2025-12-31,Winston-Salem,NC0340200,13A,B,B,N,F,42,R,N,OK,Highway/Road/Alley/Street/Sidewalk,Street & Sidewalk,Unknown,,C
253887208,227154349,2025-12-31,Winston-Salem,NC0340200,13A,B,B,N,M,25,R,N,OK,Highway/Road/Alley/Street/Sidewalk,Street & Sidewalk,Unknown,,C
253887209,227154349,2025-12-31,Winston-Salem,NC0340200,13A,B,B,X,F,0,R,N,OK,Highway/Road/Alley/Street/Sidewalk,Street & Sidewalk,Unknown,,C
